ts_code,trade_date,open,high,low,close,pre_close,change,pct_chg,vol,amount,vwap
000001.SZ,20260608,10.97,11.1,10.96,11.03,10.98,0.05,0.4554,1090926,1203946.3434,11.036003756441774
000002.SZ,20260608,3.2,3.25,3.12,3.14,3.25,-0.11,-3.3846,1524905,485328.51583,3.1826803363488216
000006.SZ,20260608,8.25,8.3,7.92,7.96,8.51,-0.55,-6.463,390590,316738.99178,8.1092447779001
000007.SZ,20260608,12.32,12.58,12.0,12.24,12.31,-0.07,-0.5686,111474,137020.375,12.291689093420889
000008.SZ,20260608,2.56,2.58,2.5,2.55,2.59,-0.04,-1.5444,372653,94670.365,2.5404428516609285
000009.SZ,20260608,7.06,7.14,6.86,6.95,7.19,-0.24,-3.338,259584,181894.73618,7.007162852101825
000010.SZ,20260608,2.22,2.37,2.17,2.31,2.26,0.05,2.2124,564837,131661.27636,2.330960548972535
000011.SZ,20260608,7.4,7.44,7.04,7.17,7.58,-0.41,-5.409,58115,42004.206,7.22777355243913
000012.SZ,20260608,4.2,4.49,4.2,4.31,4.38,-0.07,-1.5982,828113,358907.16944,4.334036169459965
000014.SZ,20260608,10.5,10.7,10.19,10.35,10.67,-0.32,-2.9991,52948,55276.594,10.439788849437184
000016.SZ,20260608,3.08,3.15,3.03,3.06,3.18,-0.12,-3.7736,287541,88694.12944,3.0845733109365274
000017.SZ,20260608,5.28,5.31,5.0,5.05,5.32,-0.27,-5.0752,97345,50067.25,5.143279059016899
000019.SZ,20260608,6.42,6.45,6.25,6.34,6.42,-0.08,-1.2461,92742,58897.4033,6.35067211188027
000020.SZ,20260608,12.3,12.36,11.68,11.87,12.46,-0.59,-4.7352,36994,44378.866,11.99623344326107
000021.SZ,20260608,35.7,37.03,34.85,35.37,38.13,-2.76,-7.2384,1186883,4271846.46708,35.992144693958885
000025.SZ,20260608,14.9,15.26,14.28,14.44,15.28,-0.84,-5.4974,78588,115435.56339,14.688700996335317
000026.SZ,20260608,21.99,22.14,21.08,21.35,22.56,-1.21,-5.3635,135198,292152.0,21.60919540229885
000027.SZ,20260608,7.08,7.32,7.04,7.08,7.29,-0.21,-2.8807,598492,428570.01888,7.1608312037587805
000028.SZ,20260608,22.75,22.79,22.26,22.39,22.79,-0.4,-1.7552,24917,56102.31265,22.515677107998556
000029.SZ,20260608,23.01,23.09,21.9,22.31,23.09,-0.78,-3.3781,67281,150510.83385,22.37048109421679
000030.SZ,20260608,4.48,4.54,4.4,4.47,4.52,-0.05,-1.1062,115708,51725.49945,4.4703477244442915
000031.SZ,20260608,2.64,2.7,2.57,2.64,2.65,-0.01,-0.3774,730612,193724.78301,2.6515412148992903
000032.SZ,20260608,15.49,15.73,14.96,15.1,15.9,-0.8,-5.0314,200907,307471.99724,15.304195336150556
000034.SZ,20260608,23.5,23.95,22.8,23.06,24.44,-1.38,-5.6465,332389,777777.92049,23.39962876298554
000035.SZ,20260608,5.47,5.51,5.16,5.21,5.51,-0.3,-5.4446,580383,307666.57889,5.301095636674403
000036.SZ,20260608,4.99,5.08,4.91,4.97,5.11,-0.14,-2.7397,299159,149293.33465,4.990434339264405
000037.SZ,20260608,10.5,10.96,10.14,10.35,10.95,-0.6,-5.4795,306632,321545.13307,10.48635279651178
000039.SZ,20260608,9.67,9.8,9.31,9.43,9.87,-0.44,-4.458,416138,396711.1955,9.533164370953866
000042.SZ,20260608,9.89,10.0,9.61,9.63,9.97,-0.34,-3.4102,70924,69458.21992,9.793330878123061
001914.SZ,20260608,9.52,9.67,9.32,9.37,9.58,-0.21,-2.1921,73524,69480.5811,9.450054553615146
000045.SZ,20260608,11.42,11.51,10.8,10.99,11.54,-0.55,-4.766,90707,101426.357,11.181756314286659
000048.SZ,20260608,14.0,15.15,13.88,14.74,14.1,0.64,4.539,216827,319222.40454,14.722447137118532
000049.SZ,20260608,23.71,23.97,23.08,23.43,24.46,-1.03,-4.211,91196,214805.5831,23.5542768432826
000050.SZ,20260608,8.38,8.85,8.2,8.22,8.61,-0.39,-4.5296,724935,611390.7027,8.43373133729231
000055.SZ,20260608,3.62,3.81,3.51,3.57,3.67,-0.1,-2.7248,480220,174688.82227,3.6376831924951065
000056.SZ,20260608,1.85,1.93,1.77,1.92,1.84,0.08,4.3478,970090,181267.37102,1.8685624119411601
000058.SZ,20260608,7.0,7.17,6.84,6.93,7.07,-0.14,-1.9802,81253,56929.72058,7.006476139957909
000059.SZ,20260608,4.64,4.66,4.4,4.44,4.63,-0.19,-4.1037,262998,118356.53861,4.500282839032996
000060.SZ,20260608,7.06,7.37,6.88,6.95,7.45,-0.5,-6.7114,2507789,1770200.99484,7.0588115461069485
000061.SZ,20260608,6.18,6.28,5.99,6.06,6.21,-0.15,-2.4155,179670,109996.59944,6.122146125674849
000062.SZ,20260608,32.0,33.24,30.29,30.7,33.66,-2.96,-8.7938,599006,1893332.80257,31.607910481197187
000063.SZ,20260608,38.02,39.0,36.5,36.81,39.13,-2.32,-5.929,3023492,11393949.9291,37.68473648714797
000065.SZ,20260608,12.01,12.18,11.78,11.83,12.4,-0.57,-4.5968,240516,287809.92135,11.966352398593026
000066.SZ,20260608,16.13,16.7,15.68,15.85,17.05,-1.2,-7.0381,1503850,2432624.03969,16.175975261429
000068.SZ,20260608,3.5,3.92,3.48,3.92,3.56,0.36,10.1124,588017,224189.09796,3.8126295321393773
000069.SZ,20260608,1.9,1.98,1.88,1.9,1.93,-0.03,-1.5544,671511,129728.10938,1.9318836084591318
000070.SZ,20260608,17.93,19.49,17.93,18.46,19.92,-1.46,-7.3293,1411132,2636143.10852,18.68105257707996
000078.SZ,20260608,1.68,1.75,1.68,1.68,1.77,-0.09,-5.0847,1186708,201272.9564,1.6960613428071605
000088.SZ,20260608,4.36,4.37,4.21,4.27,4.39,-0.12,-2.7335,417426,178890.92161,4.2855720920594305
000089.SZ,20260608,6.56,6.58,6.39,6.45,6.58,-0.13,-1.9757,126332,81646.58758,6.462858783206156
000090.SZ,20260608,3.42,3.5,3.33,3.36,3.51,-0.15,-4.2735,542426,185319.45704,3.416492886402938
000096.SZ,20260608,8.01,8.15,7.82,7.91,8.1,-0.19,-2.3457,61526,48986.1961,7.961869144751812
000099.SZ,20260608,15.26,16.2,15.2,16.03,15.2,0.83,5.4605,253975,398908.16035,15.706591607441677
000100.SZ,20260608,4.74,4.89,4.61,4.65,4.89,-0.24,-4.908,13012086,6146159.93862,4.7234240064352475
000151.SZ,20260608,13.54,14.22,13.45,13.54,13.91,-0.37,-2.66,143507,197627.3266,13.77126736674866
000153.SZ,20260608,5.55,5.61,5.41,5.49,5.6,-0.11,-1.9643,60479,33335.114,5.511849402271864
000155.SZ,20260608,13.06,13.37,12.66,12.93,13.37,-0.44,-3.2909,390196,507541.90302,13.007357918071945
000156.SZ,20260608,6.6,6.73,6.42,6.51,6.7,-0.19,-2.8358,119471,78110.24467,6.53800877786241
000157.SZ,20260608,7.55,7.86,7.52,7.69,7.52,0.17,2.2606,1580683,1216961.57695,7.698960366816117
000158.SZ,20260608,14.11,14.41,13.74,13.94,14.55,-0.61,-4.1924,262980,369648.09407,14.056129518214313
000159.SZ,20260608,6.7,7.05,6.43,6.54,7.0,-0.46,-6.5714,341669,229359.14555,6.712904757235804
000166.SZ,20260608,4.3,4.32,4.24,4.26,4.33,-0.07,-1.6166,1008655,430989.76113,4.272915527410264
000301.SZ,20260608,12.0,12.06,11.36,11.43,11.85,-0.42,-3.5443,181245,210491.05961,11.613620216281827
000333.SZ,20260608,81.39,83.75,80.88,82.85,81.69,1.16,1.42,367031,3034363.53543,82.67322202838454
000338.SZ,20260608,29.51,30.47,29.29,29.98,31.12,-1.14,-3.6632,1474577,4412892.13773,29.92649510829207
000400.SZ,20260608,22.5,22.98,21.91,22.07,23.19,-1.12,-4.8297,261459,584862.42667,22.369183186273943
000401.SZ,20260608,3.93,3.94,3.82,3.85,3.95,-0.1,-2.5316,98362,38054.032,3.8687737134259166
000402.SZ,20260608,2.85,2.94,2.8,2.87,2.93,-0.06,-2.0478,741752,213031.82926,2.8720088285572536
000403.SZ,20260608,12.65,12.65,12.15,12.27,12.73,-0.46,-3.6135,105608,130314.78589,12.339480521362018
000404.SZ,20260608,8.01,8.22,7.98,8.03,8.22,-0.19,-2.3114,136679,110648.61904,8.095509847160136
000407.SZ,20260608,4.13,4.18,4.04,4.07,4.18,-0.11,-2.6316,129360,52970.709,4.094829081632653
000408.SZ,20260608,73.0,74.15,71.5,73.05,76.08,-3.03,-3.9826,148368,1084530.50721,73.0973327948075
000409.SZ,20260608,9.33,9.73,9.21,9.44,9.55,-0.11,-1.1518,72124,68061.14112,9.436684199434307
000410.SZ,20260608,5.19,5.48,5.16,5.31,5.27,0.04,0.759,394971,211360.50858,5.351291831045824
000411.SZ,20260608,11.1,11.15,10.58,10.88,11.39,-0.51,-4.4776,153055,166654.50135,10.88853688870014
000415.SZ,20260608,3.81,3.85,3.65,3.69,3.89,-0.2,-5.1414,739506,276981.55525,3.745494360424391
000417.SZ,20260608,7.21,7.56,7.11,7.19,7.5,-0.31,-4.1333,460332,335788.041,7.29447531346941
000419.SZ,20260608,5.05,5.14,4.91,5.01,5.11,-0.1,-1.9569,77707,39174.2586,5.041277954367046
000420.SZ,20260608,4.33,4.49,4.27,4.29,4.48,-0.19,-4.2411,1012180,442417.56932,4.370937672350768
000421.SZ,20260608,5.67,5.75,5.56,5.63,5.76,-0.13,-2.2569,66723,37709.97,5.651719796771728
000422.SZ,20260608,13.0,13.15,12.72,12.82,13.23,-0.41,-3.099,239550,309328.41988,12.912895841369235
000423.SZ,20260608,50.97,50.97,48.7,49.1,49.6,-0.5,-1.0081,65436,321980.36104,49.20538557369032
000425.SZ,20260608,9.67,10.21,9.6,9.93,9.52,0.41,4.3067,2490369,2478837.32139,9.953694899791959
000426.SZ,20260608,35.11,36.44,34.49,35.06,38.08,-3.02,-7.9307,761187,2703844.68605,35.521424906757474
000428.SZ,20260608,3.48,3.59,3.39,3.44,3.55,-0.11,-3.0986,136828,47539.08068,3.4743678691495896
000429.SZ,20260608,13.85,13.97,13.69,13.86,13.78,0.08,0.5806,59512,82338.72056,13.835650047049334
000430.SZ,20260608,8.13,8.75,8.12,8.21,8.35,-0.14,-1.6766,193325,162262.09368,8.393228691581534
000488.SZ,20260608,2.1,2.14,2.06,2.08,2.15,-0.07,-3.2558,155586,32614.506,2.096236550846477
000498.SZ,20260608,5.13,5.16,5.03,5.08,5.16,-0.08,-1.5504,93647,47591.609,5.082021741219687
000501.SZ,20260608,7.2,7.4,7.16,7.22,7.27,-0.05,-0.6878,92025,66983.067,7.2787902200489
000503.SZ,20260608,7.05,7.23,6.9,7.01,7.09,-0.08,-1.1283,146150,103209.30182,7.061874910708176
000504.SZ,20260608,8.24,8.34,8.09,8.25,8.52,-0.27,-3.169,65741,53810.46412,8.185221417380324
000505.SZ,20260608,5.62,5.76,5.51,5.59,5.76,-0.17,-2.9514,85703,48158.979,5.619287422844009
000506.SZ,20260608,13.49,13.8,13.08,13.31,14.2,-0.89,-6.2676,334041,448658.17087,13.43123062348634
000507.SZ,20260608,5.02,5.08,4.86,4.93,5.12,-0.19,-3.7109,216417,107518.0897,4.968098148481866
000509.SZ,20260608,4.6,4.86,4.31,4.36,4.76,-0.4,-8.4034,1251706,567195.82932,4.531382204127807
000510.SZ,20260608,17.3,17.65,16.65,16.78,18.5,-1.72,-9.2973,520703,888408.13092,17.061705634882074
000513.SZ,20260608,30.44,30.9,29.71,29.88,30.66,-0.78,-2.544,54702,164700.92121,30.108756756608535
000514.SZ,20260608,4.37,4.47,4.26,4.35,4.39,-0.04,-0.9112,125633,55029.46816,4.380176240319024
000516.SZ,20260608,4.1,4.12,3.99,4.01,4.13,-0.12,-2.9056,191391,77320.40137,4.039918354050086
000517.SZ,20260608,2.12,2.33,2.12,2.33,2.12,0.21,9.9057,592702,132389.3781,2.233658366261629
000518.SZ,20260608,3.35,3.46,3.21,3.23,3.5,-0.27,-7.7143,967510,321840.59724,3.326483418672675
000519.SZ,20260608,18.46,19.17,18.26,18.51,19.26,-0.75,-3.8941,585741,1095961.52544,18.71068484944711
000520.SZ,20260608,4.8,5.0,4.47,4.76,4.6,0.16,3.4783,1687139,799924.3271,4.741306597144633
000521.SZ,20260608,5.64,5.71,5.48,5.5,5.74,-0.24,-4.1812,122508,68381.24491,5.581777917360498
000523.SZ,20260608,3.04,3.05,2.9,2.93,3.07,-0.14,-4.5603,246605,73326.66298,2.9734459147219234
000524.SZ,20260608,8.94,9.37,8.88,9.04,9.17,-0.13,-1.4177,93427,84758.86571,9.072202437196955
000525.SZ,20260608,4.4,4.55,4.29,4.4,4.54,-0.14,-3.0837,213960,93965.08227,4.391712575715087
000526.SZ,20260608,27.02,27.12,25.6,26.01,27.31,-1.3,-4.7602,28257,74163.08372,26.245915603213362
000528.SZ,20260608,8.59,8.9,8.51,8.61,8.53,0.08,0.9379,600463,522069.82124,8.694454466636579
000529.SZ,20260608,4.96,5.03,4.86,4.91,5.0,-0.09,-1.8,43626,21518.57275,4.932511059918397
000530.SZ,20260608,6.15,6.64,6.13,6.49,6.31,0.18,2.8526,769009,493725.35656,6.420280602177607
000531.SZ,20260608,6.98,7.2,6.75,6.78,7.19,-0.41,-5.7024,308880,214553.52897,6.9461774465811965
000532.SZ,20260608,12.74,13.17,12.25,12.41,12.98,-0.57,-4.3914,140193,177623.9038,12.669955261674977
000533.SZ,20260608,10.95,11.26,10.7,10.85,11.31,-0.46,-4.0672,268769,295208.09981,10.983710911972736
000534.SZ,20260608,31.88,32.5,31.17,31.36,32.5,-1.14,-3.5077,154056,489742.45302,31.789898025393363
000536.SZ,20260608,3.97,4.14,3.93,3.96,4.13,-0.17,-4.1162,1233117,497252.58815,4.032485061433749
000537.SZ,20260608,9.88,10.09,9.21,9.31,10.12,-0.81,-8.004,593368,571717.46326,9.635124631931618
000538.SZ,20260608,48.9,49.76,48.72,49.5,48.81,0.69,1.4136,109996,542515.05612,49.32134405978399
000539.SZ,20260608,7.74,8.49,7.71,7.78,8.25,-0.47,-5.697,2098857,1687125.02987,8.038303847618012
000541.SZ,20260608,4.95,4.96,4.8,4.83,5.01,-0.18,-3.5928,124870,60994.68858,4.884655127732842
000543.SZ,20260608,8.8,9.1,8.66,8.7,9.02,-0.32,-3.5477,643571,568743.95576,8.837314853528206
000544.SZ,20260608,7.82,7.99,7.7,7.79,7.89,-0.1,-1.2674,50262,39428.05663,7.844506113962835
000545.SZ,20260608,2.4,2.48,2.32,2.35,2.45,-0.1,-4.0816,371347,88805.579,2.39144463264817
000546.SZ,20260608,5.13,5.26,4.96,5.02,5.26,-0.24,-4.5627,262719,134278.84,5.111120246346857
000547.SZ,20260608,19.86,21.49,19.8,20.07,20.47,-0.4,-1.9541,1440614,2968178.79707,20.60356762512373
000548.SZ,20260608,4.68,4.76,4.55,4.63,4.77,-0.14,-2.935,83402,38887.95036,4.662711968537925
000550.SZ,20260608,16.96,17.0,16.44,16.63,17.09,-0.46,-2.6916,37647,62824.41438,16.687761144314287
000551.SZ,20260608,14.55,14.96,14.2,14.45,15.12,-0.67,-4.4312,117052,170188.3139,14.539547713836587
000552.SZ,20260608,2.86,2.92,2.76,2.8,2.89,-0.09,-3.1142,1109706,312166.73001,2.8130579631902504
000553.SZ,20260608,5.95,6.03,5.68,5.72,6.02,-0.3,-4.9834,107524,62592.984,5.821303522934414
000554.SZ,20260608,6.66,6.86,6.63,6.74,6.73,0.01,0.1486,160402,107948.221,6.729855051682647
000555.SZ,20260608,11.72,11.93,11.41,11.54,12.12,-0.58,-4.7855,218842,255630.52394,11.68105409107941
000557.SZ,20260608,4.13,4.18,4.03,4.05,4.15,-0.1,-2.4096,95294,38970.83676,4.089537301404076
000558.SZ,20260608,3.56,3.66,3.47,3.53,3.61,-0.08,-2.2161,270526,96161.3015,3.5546047884491694
000559.SZ,20260608,14.47,15.21,14.38,14.73,15.06,-0.33,-2.1912,593937,883337.38528,14.872577146734418
000560.SZ,20260608,2.49,2.54,2.43,2.46,2.56,-0.1,-3.9063,591246,146909.532,2.48474462406511
000561.SZ,20260608,7.98,8.22,7.75,7.84,8.24,-0.4,-4.8544,155764,123921.75764,7.955738016486479
000563.SZ,20260608,2.94,2.95,2.89,2.91,2.96,-0.05,-1.6892,305467,89185.2388,2.9196357969928015
000564.SZ,20260608,1.59,1.63,1.56,1.56,1.63,-0.07,-4.2945,3057853,486561.86678,1.591187891569673
000565.SZ,20260608,6.41,6.59,6.25,6.39,6.66,-0.27,-4.0541,113138,72746.4085,6.429882842192721
000566.SZ,20260608,3.92,4.03,3.82,3.88,3.99,-0.11,-2.7569,236296,92411.59405,3.910840388749704
000567.SZ,20260608,5.67,5.76,5.47,5.55,5.78,-0.23,-3.9792,203613,114124.79005,5.604985440517059
000568.SZ,20260608,86.6,87.4,84.51,84.56,86.88,-2.32,-2.6703,105980,904597.47706,85.35548943762974
000570.SZ,20260608,5.43,5.54,5.26,5.35,5.52,-0.17,-3.0797,112109,60595.895,5.405087459525997
000571.SZ,20260608,5.25,5.46,5.02,5.21,5.44,-0.23,-4.2279,225333,117711.90898,5.22390901377073
000572.SZ,20260608,4.39,4.49,4.23,4.29,4.44,-0.15,-3.3784,416197,180826.6716,4.344737506517347
000573.SZ,20260608,4.26,4.36,4.15,4.23,4.36,-0.13,-2.9817,226046,96520.93212,4.269968595772542
000576.SZ,20260608,7.28,7.38,6.93,7.07,7.43,-0.36,-4.8452,98161,70190.563,7.150555006570837
000581.SZ,20260608,18.5,18.55,17.97,18.1,18.67,-0.57,-3.053,99985,182190.01081,18.221734341151173
000582.SZ,20260608,12.26,12.58,11.96,12.1,12.52,-0.42,-3.3546,786127,957846.62715,12.184375134679255
000586.SZ,20260608,16.0,16.39,15.46,15.6,16.31,-0.71,-4.3532,113718,180431.13,15.866540917005223
000589.SZ,20260608,4.51,4.54,4.44,4.48,4.57,-0.09,-1.9694,324066,145853.47735,4.500733719365808
000590.SZ,20260608,10.0,10.0,9.18,9.43,9.79,-0.36,-3.6772,48022,45698.4331,9.516145329224106
000591.SZ,20260608,5.14,5.25,5.03,5.06,5.26,-0.2,-3.8023,939167,481455.44147,5.126409269810375
000592.SZ,20260608,7.88,8.22,7.69,7.8,8.06,-0.26,-3.2258,1310246,1039493.37216,7.933574093414519
000593.SZ,20260608,19.8,20.64,19.54,19.99,20.23,-0.24,-1.1864,93550,187894.186,20.08489428113308
000595.SZ,20260608,6.8,7.1,6.72,6.91,7.07,-0.16,-2.2631,151060,104598.381,6.92429372434794
000596.SZ,20260608,87.9,89.49,85.78,86.45,88.22,-1.77,-2.0063,27875,242701.84737,87.06792730762332
000597.SZ,20260608,4.42,4.45,4.31,4.38,4.44,-0.06,-1.3514,104758,45850.8539,4.376835554325207
000598.SZ,20260608,6.85,6.87,6.68,6.75,6.87,-0.12,-1.7467,294758,199340.21752,6.762843333175011
000599.SZ,20260608,4.98,5.31,4.9,4.98,5.1,-0.12,-2.3529,279622,142489.10113,5.095775766212959
000600.SZ,20260608,11.13,11.56,10.68,10.75,11.48,-0.73,-6.3589,714159,789695.03189,11.057692081035174
000601.SZ,20260608,7.65,8.07,7.48,7.56,7.97,-0.41,-5.1443,1089436,839161.16955,7.70271194957758
000603.SZ,20260608,28.12,28.8,27.0,27.59,29.71,-2.12,-7.1356,193401,540608.49002,27.95272465085496
000605.SZ,20260608,6.13,6.33,6.0,6.13,6.25,-0.12,-1.92,52766,32503.0302,6.1598434977068575
000607.SZ,20260608,3.49,3.59,3.41,3.46,3.55,-0.09,-2.5352,117910,41159.95057,3.490793874141294
000608.SZ,20260608,5.44,6.0,5.3,5.82,5.52,0.3,5.4348,962549,551943.48236,5.734185816618167
000609.SZ,20260608,13.26,13.68,12.6,12.73,13.03,-0.3,-2.3024,203699,270390.375,13.274015827274557
000610.SZ,20260608,7.2,7.42,7.07,7.21,7.42,-0.21,-2.8302,32559,23574.669,7.2405998341472415
000612.SZ,20260608,10.76,10.95,10.32,10.43,11.16,-0.73,-6.5412,390345,413803.20564,10.600960833109172
000615.SZ,20260608,3.51,3.55,3.41,3.42,3.59,-0.17,-4.7354,119442,41395.08327,3.4657058044908826
000617.SZ,20260608,7.2,7.42,7.16,7.26,7.33,-0.07,-0.955,851254,622247.8148,7.3097784539044754
000619.SZ,20260608,5.34,5.5,5.19,5.28,5.45,-0.17,-3.1193,77096,41148.968,5.337367437999378
000620.SZ,20260608,2.88,3.17,2.88,3.17,2.88,0.29,10.0694,5209772,1628822.26523,3.1264751417720396
000623.SZ,20260608,16.8,16.96,16.41,16.52,16.97,-0.45,-2.6517,128815,214380.9534,16.64254577494857
000625.SZ,20260608,7.88,7.96,7.77,7.8,8.0,-0.2,-2.5,757627,594518.49181,7.847113313147499
000626.SZ,20260608,7.88,8.04,7.31,7.41,8.08,-0.67,-8.2921,213178,163592.87648,7.6740037189578665
000628.SZ,20260608,50.74,51.82,49.7,50.17,52.75,-2.58,-4.891,96619,488805.83282,50.59106726627269
000629.SZ,20260608,3.22,3.27,3.11,3.15,3.3,-0.15,-4.5455,1304627,416421.80178,3.1918839774127012
000630.SZ,20260608,6.04,6.23,5.9,5.93,6.44,-0.51,-7.9193,4411175,2664349.78302,6.040000188203823
000631.SZ,20260608,3.18,3.28,3.16,3.19,3.24,-0.05,-1.5432,241067,77512.73542,3.215402167032402
000632.SZ,20260608,3.92,4.0,3.76,3.93,3.96,-0.03,-0.7576,163896,63780.766,3.891538902718797
000633.SZ,20260608,5.39,5.55,5.21,5.31,5.55,-0.24,-4.3243,98591,52836.69591,5.359180443448185
000635.SZ,20260608,6.81,6.97,6.6,6.74,6.98,-0.24,-3.4384,65376,44335.7114,6.781649443220754
000636.SZ,20260608,58.76,60.0,54.55,55.53,59.65,-4.12,-6.907,1699828,9627602.23903,56.63868484946712
000637.SZ,20260608,4.2,4.29,4.07,4.12,4.25,-0.13,-3.0588,103997,43301.64953,4.163740255007356
000639.SZ,20260608,1.53,1.56,1.51,1.52,1.59,-0.07,-4.4025,408718,62569.01788,1.5308603457640722
000650.SZ,20260608,5.26,5.29,5.15,5.21,5.28,-0.07,-1.3258,133998,69809.08975,5.209711320318213
000651.SZ,20260608,38.21,38.59,37.93,38.11,38.46,-0.35,-0.91,342635,1310397.16756,38.24469676361142
000652.SZ,20260608,3.59,3.64,3.51,3.55,3.63,-0.08,-2.2039,157984,56468.45718,3.574314942019445
000655.SZ,20260608,7.06,7.11,6.82,6.92,7.11,-0.19,-2.6723,75023,52201.64267,6.958085209868974
000656.SZ,20260608,1.39,1.4,1.37,1.38,1.4,-0.02,-1.4286,756904,104617.3505,1.3821746284865717
000657.SZ,20260608,66.0,72.24,64.57,67.92,70.1,-2.18,-3.1098,935596,6368677.10681,68.07080306895284
000659.SZ,20260608,3.66,3.74,3.54,3.57,3.69,-0.12,-3.252,237021,85836.93498,3.6214907109496632
000661.SZ,20260608,67.77,68.2,65.58,66.13,68.43,-2.3,-3.3611,67191,448343.46413,66.7267140137816
000663.SZ,20260608,5.8,5.93,5.56,5.71,5.85,-0.14,-2.3932,73787,42389.299,5.744819412633662
000665.SZ,20260608,4.18,4.45,4.13,4.27,4.23,0.04,0.9456,220902,94976.93138,4.2995052729264565
000668.SZ,20260608,20.39,22.48,19.46,22.08,20.59,1.49,7.2365,90870,190806.86701,20.99778441839991
000669.SZ,20260608,4.18,4.26,4.12,4.15,4.24,-0.09,-2.1226,77424,32433.739,4.1891066077702
000670.SZ,20260608,9.12,9.57,8.94,9.13,9.42,-0.29,-3.0786,892157,823869.19123,9.234576327148696
000672.SZ,20260608,15.57,15.98,15.55,15.66,16.23,-0.57,-3.512,206651,324744.75488,15.714647152929334
000676.SZ,20260608,5.61,5.81,5.58,5.67,5.77,-0.1,-1.7331,244992,139309.93139,5.686305323847309
000677.SZ,20260608,1.99,2.13,1.97,2.07,2.03,0.04,1.9704,430322,88240.3828,2.050566385172034
000678.SZ,20260608,11.36,11.77,11.36,11.48,11.83,-0.35,-2.9586,102541,118548.98425,11.561130108932037
000679.SZ,20260608,6.31,6.47,6.08,6.16,6.36,-0.2,-3.1447,61325,38399.901,6.261704198940073
000680.SZ,20260608,11.1,11.68,10.96,11.12,10.9,0.22,2.0183,451062,508259.5627,11.268064317100531
000681.SZ,20260608,23.1,23.96,22.5,22.5,24.31,-1.81,-7.4455,823465,1912006.40562,23.219036700041897
000682.SZ,20260608,12.46,12.68,12.11,12.23,12.85,-0.62,-4.8249,281623,348575.75499,12.377389452921104
000683.SZ,20260608,6.72,6.79,6.39,6.46,6.87,-0.41,-5.968,800579,523783.13194,6.542553975810007
000685.SZ,20260608,10.61,10.65,10.3,10.36,10.77,-0.41,-3.8069,254689,266478.96216,10.462916033279804
000686.SZ,20260608,7.63,7.68,7.37,7.45,7.7,-0.25,-3.2468,263761,198527.47293,7.526794064702514
000688.SZ,20260608,38.37,40.3,37.56,38.54,39.06,-0.52,-1.3313,183055,711635.9239,38.87552505531125
000690.SZ,20260608,5.17,5.39,5.12,5.19,5.33,-0.14,-2.6266,1153498,604601.43137,5.241460595250274
000691.SZ,20260608,8.8,8.89,8.56,8.7,9.01,-0.31,-3.4406,89671,78317.0966,8.733826610609897
000692.SZ,20260608,4.75,5.06,4.6,4.64,4.86,-0.22,-4.5267,353779,170108.761,4.8083340447002225
000695.SZ,20260608,13.7,13.7,12.7,13.13,14.01,-0.88,-6.2812,137959,182276.26614,13.212350491087932
000697.SZ,20260608,10.8,11.45,10.63,10.71,11.13,-0.42,-3.7736,150893,165293.75132,10.954368414704462
000698.SZ,20260608,3.41,3.45,3.32,3.35,3.45,-0.1,-2.8986,39688,13419.463,3.3812394174561575
000700.SZ,20260608,15.99,17.08,15.99,16.51,17.29,-0.78,-4.5113,982321,1630204.90115,16.59543979157526
000701.SZ,20260608,5.6,5.79,5.29,5.38,5.68,-0.3,-5.2817,241399,132572.58014,5.491844628188186
000702.SZ,20260608,5.69,5.97,5.63,5.72,5.89,-0.17,-2.8862,70728,40930.49592,5.787028605361385
000703.SZ,20260608,13.16,13.43,12.84,12.99,13.34,-0.35,-2.6237,475490,618334.71697,13.004158173042544
000705.SZ,20260608,6.71,6.98,6.6,6.7,6.85,-0.15,-2.1898,55863,37685.717,6.746096163829368
000707.SZ,20260608,4.82,4.9,4.66,4.71,4.9,-0.19,-3.8776,89834,42895.259,4.774947013380235
000708.SZ,20260608,13.53,13.6,13.14,13.29,13.57,-0.28,-2.0634,123569,164689.84232,13.327763623562543
000709.SZ,20260608,2.16,2.27,2.12,2.22,2.18,0.04,1.8349,2019967,443218.90027,2.19418881729256
000710.SZ,20260608,8.18,8.41,8.03,8.19,8.32,-0.13,-1.5625,75858,62485.989,8.237231274222891
000711.SZ,20260608,5.46,5.63,5.46,5.46,5.75,-0.29,-5.0435,683063,374809.8062,5.487192340970013
000712.SZ,20260608,8.76,8.96,8.36,8.44,8.98,-0.54,-6.0134,359364,309803.5528,8.620884473681281
000713.SZ,20260608,5.86,5.97,5.74,5.81,5.96,-0.15,-2.5168,53858,31507.40134,5.850087515318059
000715.SZ,20260608,5.08,5.24,4.98,5.01,5.18,-0.17,-3.2819,119680,60915.46204,5.089861467245989
000716.SZ,20260608,5.18,5.3,5.0,5.1,5.33,-0.23,-4.3152,353362,180266.41937,5.1014659009740715
000717.SZ,20260608,2.16,2.19,2.11,2.13,2.18,-0.05,-2.2936,163521,35188.75416,2.1519409837268606
000718.SZ,20260608,2.24,2.3,2.12,2.15,2.3,-0.15,-6.5217,1900184,418850.27155,2.2042616480825012
000719.SZ,20260608,13.09,13.25,12.75,12.9,13.26,-0.36,-2.7149,44775,57888.319,12.928714461194863
000720.SZ,20260608,4.8,4.95,4.65,4.76,5.16,-0.4,-7.7519,988661,473920.74527,4.7935616482292716
000721.SZ,20260608,6.27,6.45,6.15,6.23,6.35,-0.12,-1.8898,100500,63206.61918,6.289215838805971
000722.SZ,20260608,14.45,15.18,14.14,14.39,15.1,-0.71,-4.702,293920,428755.09585,14.587476042800763
000723.SZ,20260608,4.37,4.44,4.16,4.22,4.35,-0.13,-2.9885,971966,415292.42233,4.2727052420557925
000725.SZ,20260608,6.48,6.74,6.22,6.29,6.43,-0.14,-2.1773,45998759,29701641.8887,6.457052871513338
000726.SZ,20260608,5.89,5.95,5.8,5.86,5.95,-0.09,-1.5126,53552,31429.861,5.869035890349567
000727.SZ,20260608,2.92,3.07,2.88,2.9,3.0,-0.1,-3.3333,3060995,911406.106,2.9774831582540973
000728.SZ,20260608,6.8,6.87,6.7,6.76,6.9,-0.14,-2.029,351077,238006.73198,6.779331371180682
000729.SZ,20260608,11.86,11.95,11.4,11.46,11.91,-0.45,-3.7783,375731,437458.47084,11.642863400677612
000731.SZ,20260608,5.88,6.09,5.83,5.99,5.94,0.05,0.8418,88603,52825.9192,5.9620914867442405
000733.SZ,20260608,53.0,54.5,50.46,50.46,56.07,-5.61,-10.0054,573943,2984139.57818,51.993657526618506
000735.SZ,20260608,5.09,5.32,5.0,5.06,5.21,-0.15,-2.8791,222575,114303.94424,5.135524845108391
000736.SZ,20260608,4.56,4.79,4.48,4.54,4.74,-0.2,-4.2194,176141,81165.064,4.607959759510846
000737.SZ,20260608,13.17,13.37,12.8,12.9,13.86,-0.96,-6.9264,652571,854104.44507,13.088299128677185
000738.SZ,20260608,18.7,19.16,18.25,18.49,18.81,-0.32,-1.7012,219305,411083.64162,18.74483671690112
000739.SZ,20260608,15.95,16.15,15.44,15.85,16.13,-0.28,-1.7359,96857,152379.73234,15.732443947262457
000750.SZ,20260608,3.55,3.58,3.47,3.5,3.59,-0.09,-2.507,475657,167836.83822,3.5285266109822837
000751.SZ,20260608,4.84,4.89,4.55,4.57,5.03,-0.46,-9.1451,770453,362238.82836,4.701634341874196
000752.SZ,20260608,8.85,9.02,8.81,8.89,9.01,-0.12,-1.3319,20507,18267.99459,8.908175057297507
000753.SZ,20260608,5.08,5.2,4.98,5.06,5.23,-0.17,-3.2505,193043,98236.55793,5.08884331107577
000755.SZ,20260608,4.92,4.97,4.6,4.73,4.99,-0.26,-5.2104,159321,76132.75904,4.778576524124253
000756.SZ,20260608,12.73,12.8,12.35,12.48,12.77,-0.29,-2.2709,50923,63875.0146,12.543450817901538
000757.SZ,20260608,3.91,4.0,3.85,3.9,3.99,-0.09,-2.2556,160905,63149.505,3.924645287592057
000758.SZ,20260608,6.52,6.54,6.15,6.27,6.72,-0.45,-6.6964,567285,361308.49948,6.369082550746098
000759.SZ,20260608,5.98,6.27,5.9,6.27,5.7,0.57,10.0,1058458,656631.929,6.203665417050086
000761.SZ,20260608,2.4,2.53,2.39,2.48,2.44,0.04,1.6393,262386,64809.40146,2.470002266127004
000762.SZ,20260608,27.45,28.16,26.11,26.61,27.99,-1.38,-4.9303,209303,564732.83276,26.98159284673416
000766.SZ,20260608,24.46,24.95,24.31,24.91,24.7,0.21,0.8502,188762,466652.37666,24.721733010881426
000767.SZ,20260608,5.03,5.35,4.9,4.93,5.34,-0.41,-7.6779,3152258,1598756.19552,5.07178091234918
000768.SZ,20260608,20.6,20.95,20.13,20.25,21.03,-0.78,-3.709,304898,624380.18675,20.478330023483263
000776.SZ,20260608,18.5,19.05,18.5,18.65,18.81,-0.16,-0.8506,682673,1278532.86835,18.728335064518443
000777.SZ,20260608,16.83,17.12,16.35,16.62,17.22,-0.6,-3.4843,82258,137671.03221,16.736491552189456
000778.SZ,20260608,4.16,4.19,4.1,4.13,4.22,-0.09,-2.1327,550094,227350.449,4.132938170567212
000779.SZ,20260608,7.43,7.6,7.3,7.52,7.52,0.0,0.0,73996,55377.40697,7.483837906103032
000782.SZ,20260608,7.15,7.47,7.12,7.22,7.32,-0.1,-1.3661,222187,162323.916,7.30573417886735
000783.SZ,20260608,7.32,7.49,7.23,7.31,7.5,-0.19,-2.5333,832878,613471.24397,7.365679534937889
000785.SZ,20260608,2.55,2.72,2.44,2.72,2.47,0.25,10.1215,2843269,749633.68342,2.6365204397473474
000786.SZ,20260608,21.78,22.03,21.36,21.9,21.94,-0.04,-0.1823,117080,254360.87612,21.725390854116846
000788.SZ,20260608,5.11,5.53,5.05,5.34,5.18,0.16,3.0888,289618,154012.25013,5.3177720352326165
000789.SZ,20260608,4.47,4.47,4.35,4.39,4.46,-0.07,-1.5695,33740,14859.1146,4.404005512744517
000790.SZ,20260608,3.71,3.88,3.67,3.71,3.83,-0.12,-3.1332,194799,73252.95904,3.7604381459863756
000791.SZ,20260608,8.83,9.26,8.7,8.71,9.2,-0.49,-5.3261,612556,545526.63306,8.905743035085772
000792.SZ,20260608,29.0,29.57,27.72,28.12,29.45,-1.33,-4.5161,911610,2594328.59349,28.458755317405465
000793.SZ,20260608,2.5,2.65,2.49,2.59,2.55,0.04,1.5686,205762,53171.83138,2.5841424257151466
000795.SZ,20260608,9.08,9.27,8.82,8.9,9.2,-0.3,-3.2609,239577,216268.99759,9.027118529324602
000796.SZ,20260608,4.47,4.6,4.34,4.41,4.54,-0.13,-2.8634,460948,205625.79044,4.460932479151661
000797.SZ,20260608,2.5,2.58,2.45,2.49,2.53,-0.04,-1.581,279871,70618.60622,2.5232555791775497
000798.SZ,20260608,8.11,8.21,7.8,7.89,8.05,-0.16,-1.9876,82817,66290.697,8.004479394327252
000799.SZ,20260608,44.54,46.6,42.03,42.21,44.51,-2.3,-5.1674,229189,1019352.63897,44.47650798991226
000800.SZ,20260608,6.05,6.06,5.94,5.97,6.11,-0.14,-2.2913,149462,89562.30949,5.99231306218303
000801.SZ,20260608,12.24,12.7,12.14,12.35,12.44,-0.09,-0.7235,180155,223370.65925,12.398804321278899
000802.SZ,20260608,4.8,5.0,4.52,4.58,4.87,-0.29,-5.9548,513818,242196.132,4.713656041633419
000803.SZ,20260608,7.33,8.05,7.2,7.75,7.47,0.28,3.7483,253095,196093.0408,7.747803820699737
000807.SZ,20260608,26.6,27.49,26.4,26.8,27.64,-0.84,-3.0391,589327,1584254.26055,26.88243132505383
000809.SZ,20260608,3.89,4.01,3.76,3.81,3.98,-0.17,-4.2714,282044,109003.0155,3.8647521486009273
000810.SZ,20260608,11.0,11.18,10.7,10.89,11.1,-0.21,-1.8919,173133,189237.98285,10.930208732592863
000811.SZ,20260608,29.6,30.8,28.61,29.22,31.04,-1.82,-5.8634,337240,994486.31656,29.48897866682481
000812.SZ,20260608,3.59,3.66,3.53,3.56,3.66,-0.1,-2.7322,102751,36933.98547,3.5945134811340034
000813.SZ,20260608,3.06,3.1,2.96,3.02,3.1,-0.08,-2.5806,306249,92807.27676,3.0304515854745646
000815.SZ,20260608,15.12,15.59,14.78,15.07,15.69,-0.62,-3.9516,362271,548886.21485,15.1512601022439
000816.SZ,20260608,2.62,2.69,2.52,2.54,2.67,-0.13,-4.8689,323769,83869.6935,2.590417658886428
000818.SZ,20260608,13.2,13.46,12.75,12.92,13.7,-0.78,-5.6934,227470,298243.81872,13.111347374159228
000819.SZ,20260608,14.15,14.43,13.48,13.6,14.43,-0.83,-5.7519,80600,111765.06043,13.866632807692307
000820.SZ,20260608,3.27,3.38,3.27,3.27,3.44,-0.17,-4.9419,156022,51283.05856,3.286912009844765
000821.SZ,20260608,9.2,9.88,9.08,9.75,9.56,0.19,1.9874,196962,184968.94053,9.391097802114114
000822.SZ,20260608,4.75,4.83,4.47,4.55,4.82,-0.27,-5.6017,284417,131094.99291,4.6092530653934185
000823.SZ,20260608,16.6,17.8,16.28,17.09,17.61,-0.52,-2.9529,675158,1151067.42164,17.04885999484565
000825.SZ,20260608,3.81,3.81,3.67,3.71,3.85,-0.14,-3.6364,350010,130840.15212,3.738183255335562
000826.SZ,20260608,2.25,2.32,2.23,2.26,2.3,-0.04,-1.7391,255625,57975.2018,2.2679785545232276
000828.SZ,20260608,9.92,9.94,9.72,9.85,9.95,-0.1,-1.005,67871,66627.191,9.816739255352067
000829.SZ,20260608,8.98,9.19,8.63,8.77,9.16,-0.39,-4.2576,241279,214514.7528,8.890734494091902
000830.SZ,20260608,12.3,12.5,11.85,12.07,12.49,-0.42,-3.3627,384258,466220.08285,12.132996134107813
000831.SZ,20260608,52.0,54.97,51.36,51.73,54.32,-2.59,-4.768,483191,2550067.34694,52.77555556581145
000833.SZ,20260608,23.1,23.68,22.72,23.68,21.53,2.15,9.9861,239689,562008.03662,23.447385429452332
000837.SZ,20260608,11.91,13.02,11.83,12.67,12.02,0.65,5.4077,699536,880896.83661,12.592587609644106
000838.SZ,20260608,1.66,1.74,1.65,1.71,1.72,-0.01,-0.5814,212205,35941.049,1.693694729153413
000839.SZ,20260608,2.72,2.81,2.7,2.73,2.85,-0.12,-4.2105,557712,153689.60934,2.7557163794216373
000848.SZ,20260608,7.94,8.02,7.66,7.76,7.93,-0.17,-2.1438,142599,111155.51163,7.79497132728841
000850.SZ,20260608,3.89,3.97,3.78,3.8,3.96,-0.16,-4.0404,115184,44448.37482,3.858901828378941
000852.SZ,20260608,5.7,5.8,5.6,5.67,5.76,-0.09,-1.5625,140444,79974.88978,5.69443264076785
000856.SZ,20260608,8.61,8.85,8.39,8.54,8.71,-0.17,-1.9518,77158,66679.36646,8.641925200238473
000858.SZ,20260608,81.01,81.69,79.56,79.96,81.08,-1.12,-1.3814,275252,2207910.6764,80.21415562466395
000859.SZ,20260608,10.33,10.68,10.27,10.47,10.75,-0.28,-2.6047,532213,557337.95845,10.47208464374226
000860.SZ,20260608,10.7,10.9,10.48,10.59,10.76,-0.17,-1.5799,72001,76767.1451,10.661955403397174
000862.SZ,20260608,6.48,6.72,6.19,6.21,6.75,-0.54,-8.0,468375,300805.94179,6.422331289885241
000863.SZ,20260608,4.62,4.86,4.53,4.62,4.72,-0.1,-2.1186,212164,99083.091,4.670117974774231
000868.SZ,20260608,3.72,3.8,3.63,3.7,3.78,-0.08,-2.1164,123989,46011.84582,3.7109619256546953
000869.SZ,20260608,17.81,17.95,17.4,17.52,17.86,-0.34,-1.9037,9841,17317.224,17.597016563357382
000875.SZ,20260608,6.26,6.66,6.24,6.49,6.4,0.09,1.4063,727871,472251.15689,6.4881161207136975
000876.SZ,20260608,7.25,7.39,7.07,7.12,7.32,-0.2,-2.7322,269004,193797.47577,7.204260002453495
000877.SZ,20260608,4.2,4.29,4.07,4.1,4.23,-0.13,-3.0733,152746,63176.59053,4.136055316014822
000878.SZ,20260608,16.52,16.6,15.91,15.97,17.32,-1.35,-7.7945,657987,1069421.93133,16.252934044745565
000880.SZ,20260608,25.9,26.85,25.49,25.79,26.9,-1.11,-4.1264,201096,524304.18041,26.0723326376457
000881.SZ,20260608,7.68,7.75,7.26,7.37,7.86,-0.49,-6.2341,352914,264003.46511,7.480674190029299
000882.SZ,20260608,1.46,1.51,1.44,1.44,1.49,-0.05,-3.3557,708178,104477.551,1.4753007153568736
000883.SZ,20260608,4.9,5.02,4.82,4.86,5.0,-0.14,-2.8,595453,292206.87453,4.907303759154794
000885.SZ,20260608,12.79,12.85,12.5,12.77,12.91,-0.14,-1.0844,52825,67053.1066,12.693441855182206
000886.SZ,20260608,4.51,4.56,4.34,4.41,4.56,-0.15,-3.2895,168795,75082.27835,4.448134029444
000887.SZ,20260608,21.6,22.56,21.5,21.77,21.99,-0.22,-1.0005,1030912,2265885.17143,21.97942376682006
000888.SZ,20260608,9.9,10.09,9.66,9.75,10.02,-0.27,-2.6946,80333,79077.914,9.843764579936018
000889.SZ,20260608,3.65,3.78,3.55,3.62,3.76,-0.14,-3.7234,440987,162126.864,3.6764544986586905
000890.SZ,20260608,10.1,10.62,9.94,10.01,10.26,-0.25,-2.4366,333581,341648.312,10.24183967312287
000892.SZ,20260608,3.82,3.97,3.68,3.78,3.92,-0.14,-3.5714,363578,138669.33328,3.814018815219842
000893.SZ,20260608,47.52,48.9,46.03,47.15,47.99,-0.84,-1.7504,168282,798821.55715,47.469221731973704
000895.SZ,20260608,24.29,24.76,23.94,24.15,24.76,-0.61,-2.4637,149361,361668.51149,24.214387389613083
000897.SZ,20260608,1.91,1.97,1.9,1.94,1.94,0.0,0.0,357431,69417.98608,1.9421366943549945
000898.SZ,20260608,2.03,2.04,1.96,1.99,2.04,-0.05,-2.451,537078,107313.23459,1.9980940308484054
000899.SZ,20260608,13.23,13.83,12.71,12.76,13.73,-0.97,-7.0648,333036,438539.43264,13.167928771664325
000900.SZ,20260608,3.75,3.75,3.66,3.68,3.77,-0.09,-2.3873,111460,41192.14874,3.6956889233805845
000901.SZ,20260608,18.7,19.28,18.0,18.28,18.86,-0.58,-3.0753,285147,532347.0803,18.669215537950603
000902.SZ,20260608,12.28,12.41,11.76,11.87,12.38,-0.51,-4.1195,159940,192149.1386,12.013826347380267
000903.SZ,20260608,1.77,1.82,1.75,1.79,1.83,-0.04,-2.1858,212194,37960.0186,1.788929875491296
000905.SZ,20260608,8.88,9.02,8.6,8.7,9.0,-0.3,-3.3333,115319,101359.75466,8.789510372098267
000906.SZ,20260608,5.81,5.88,5.59,5.65,5.9,-0.25,-4.2373,98263,56098.17645,5.708982674048217
000908.SZ,20260608,7.05,7.05,6.81,6.81,7.1,-0.29,-4.0845,124484,86363.924,6.937752964236368
000909.SZ,20260608,4.45,4.5,4.31,4.35,4.54,-0.19,-4.185,68930,30147.068,4.373577252284926
000910.SZ,20260608,6.18,6.27,6.01,6.08,6.32,-0.24,-3.7975,48167,29587.378,6.14266572549671
000911.SZ,20260608,5.4,5.56,5.3,5.39,5.54,-0.15,-2.7076,61377,33270.45695,5.420671741857699
000912.SZ,20260608,3.65,3.75,3.6,3.65,3.69,-0.04,-1.084,254371,93381.36694,3.6710696950517163
000913.SZ,20260608,11.21,11.28,10.94,11.04,11.27,-0.23,-2.0408,35064,38950.9626,11.108533709787816
000915.SZ,20260608,27.09,27.28,26.51,26.68,27.28,-0.6,-2.1994,23378,62745.60904,26.83959664641971
000917.SZ,20260608,7.3,7.44,7.11,7.19,7.44,-0.25,-3.3602,296570,215715.91235,7.273692967933371
000919.SZ,20260608,6.1,6.26,6.05,6.13,6.22,-0.09,-1.4469,96376,59278.013,6.150702768324065
000920.SZ,20260608,11.88,12.49,11.62,11.8,12.36,-0.56,-4.5307,149830,180128.797,12.022211639858506
000921.SZ,20260608,26.33,27.5,26.23,26.79,26.73,0.06,0.2245,162780,437653.15549,26.88617492873817
000922.SZ,20260608,12.31,12.44,11.72,11.84,12.53,-0.69,-5.5068,161363,195082.75456,12.08968317148293
000923.SZ,20260608,14.27,14.43,13.68,13.99,14.72,-0.73,-4.9592,219910,309198.31636,14.060220833977537
000925.SZ,20260608,8.3,8.65,8.03,8.18,8.64,-0.46,-5.3241,587624,487082.214,8.289011578832723
000926.SZ,20260608,2.22,2.31,2.16,2.21,2.28,-0.07,-3.0702,582927,130318.5342,2.235589262463396
000927.SZ,20260608,2.55,2.58,2.49,2.51,2.58,-0.07,-2.7132,602669,152474.86,2.5299934126361237
000928.SZ,20260608,5.74,5.81,5.7,5.78,5.84,-0.06,-1.0274,141920,81686.05624,5.755781865839911
000929.SZ,20260608,9.5,9.7,9.32,9.44,9.7,-0.26,-2.6804,17149,16270.543,9.487750306140299
000930.SZ,20260608,5.02,5.06,4.87,4.92,5.05,-0.13,-2.5743,178800,88575.27872,4.953874648769575
000931.SZ,20260608,4.16,4.19,3.99,4.07,4.18,-0.11,-2.6316,74854,30550.63056,4.081362460255965
000932.SZ,20260608,3.88,3.91,3.72,3.77,3.92,-0.15,-3.8265,971255,369638.99639,3.805787320425635
000933.SZ,20260608,26.6,27.45,26.31,26.76,27.8,-1.04,-3.741,537969,1442469.58403,26.81324730662919
000935.SZ,20260608,25.93,26.78,24.63,25.22,26.26,-1.04,-3.9604,91505,231468.49427,25.29572091907546
000936.SZ,20260608,6.2,6.27,5.88,5.94,6.32,-0.38,-6.0127,244875,147998.3804,6.043833809086268
000937.SZ,20260608,5.81,5.85,5.66,5.7,5.85,-0.15,-2.5641,338733,194057.31626,5.728916765121792
000938.SZ,20260608,26.91,27.3,25.6,25.91,27.87,-1.96,-7.0327,1764756,4669746.78442,26.461146948473335
000948.SZ,20260608,12.85,13.13,12.59,12.78,13.11,-0.33,-2.5172,40280,51757.06934,12.849322080436941
000949.SZ,20260608,6.53,6.9,6.45,6.57,6.72,-0.15,-2.2321,473504,317575.37036,6.706920540481178
000950.SZ,20260608,5.39,5.47,5.27,5.32,5.49,-0.17,-3.0965,260961,140042.98755,5.366433587777484
000951.SZ,20260608,21.93,23.45,21.9,23.26,22.16,1.1,4.9639,189423,437424.34902,23.09246232083749
000952.SZ,20260608,6.32,6.54,6.17,6.27,6.46,-0.19,-2.9412,56813,36136.8144,6.360659426539701
000953.SZ,20260608,5.89,6.07,5.79,5.84,5.99,-0.15,-2.5042,71393,42265.166,5.920071435574917
000955.SZ,20260608,4.05,4.22,3.98,4.07,4.17,-0.1,-2.3981,145395,59504.182,4.092587915677981
000957.SZ,20260608,9.78,10.02,9.63,9.83,9.97,-0.14,-1.4042,110885,108974.52262,9.827706418361366
000958.SZ,20260608,6.05,6.11,5.76,5.81,6.18,-0.37,-5.9871,823824,486881.10203,5.910013571223951
000959.SZ,20260608,3.42,3.47,3.31,3.36,3.46,-0.1,-2.8902,369475,124939.7466,3.381548050612355
000960.SZ,20260608,36.01,36.97,35.01,35.01,38.9,-3.89,-10.0,1118947,3993407.21753,35.68897559518011
000962.SZ,20260608,53.14,54.18,50.4,50.76,55.85,-5.09,-9.1137,243079,1268274.17056,52.17539032824719
000963.SZ,20260608,28.3,28.71,27.52,27.69,28.42,-0.73,-2.5686,137052,382788.16976,27.93014109680997
000965.SZ,20260608,3.37,3.52,3.32,3.4,3.42,-0.02,-0.5848,254240,87477.59775,3.4407488101793584
000966.SZ,20260608,5.46,5.7,5.33,5.47,5.42,0.05,0.9225,2499626,1376147.10772,5.505412040521262
000967.SZ,20260608,10.08,10.66,10.01,10.17,10.6,-0.43,-4.0566,919251,944349.29341,10.273029818950427
000968.SZ,20260608,7.33,7.54,7.28,7.38,7.36,0.02,0.2717,331816,246024.76503,7.414493726342311
000969.SZ,20260608,21.32,22.1,20.85,21.06,22.14,-1.08,-4.878,463463,992628.53153,21.41764351264287
000970.SZ,20260608,12.5,12.63,12.11,12.63,11.48,1.15,10.0174,405820,509939.79603,12.565664482529202
000972.SZ,20260608,3.48,3.54,3.38,3.45,3.55,-0.1,-2.8169,73773,25610.566,3.471536469982243
000973.SZ,20260608,13.58,14.15,13.51,13.71,13.91,-0.2,-1.4378,440792,610586.53566,13.852033060037387
000975.SZ,20260608,20.54,20.88,19.82,20.3,21.84,-1.54,-7.0513,577253,1178926.46195,20.42304608118104
000977.SZ,20260608,60.0,60.7,57.4,57.89,62.14,-4.25,-6.8394,728961,4308222.5614,59.10086494887929
000978.SZ,20260608,6.51,6.69,6.27,6.38,6.63,-0.25,-3.7707,171672,111136.14814,6.473749250897059
000980.SZ,20260608,2.45,2.58,2.38,2.43,2.54,-0.11,-4.3307,1559365,383191.79563,2.4573579349927694
000981.SZ,20260608,3.45,3.5,3.38,3.39,3.56,-0.17,-4.7753,1955945,672640.6294,3.4389547221419825
000983.SZ,20260608,7.75,8.07,7.49,7.53,7.79,-0.26,-3.3376,1444315,1109548.35085,7.6821770240563865
000985.SZ,20260608,16.56,17.05,16.39,16.64,17.01,-0.37,-2.1752,18853,31552.031,16.735814459237258
000987.SZ,20260608,7.46,7.54,7.27,7.34,7.61,-0.27,-3.548,343082,254063.12117,7.405317713258055
000988.SZ,20260608,146.0,154.78,146.0,148.85,157.2,-8.35,-5.3117,687510,10296122.7006,149.75960641445215
000989.SZ,20260608,7.95,8.03,7.76,7.82,7.98,-0.16,-2.005,79245,62408.43438,7.875378179064924
000990.SZ,20260608,9.07,9.36,8.93,9.07,9.25,-0.18,-1.9459,283289,258395.58043,9.121271225850634
000993.SZ,20260608,12.95,13.39,12.25,12.31,13.51,-1.2,-8.8823,262801,335519.14146,12.76704203789179
000995.SZ,20260608,11.93,12.28,11.25,11.32,12.06,-0.74,-6.136,149060,174347.92269,11.69649286797263
000997.SZ,20260608,19.2,19.23,17.85,18.01,19.76,-1.75,-8.8563,368137,683147.63747,18.55688609050435
000998.SZ,20260608,8.28,8.45,8.02,8.21,8.38,-0.17,-2.0286,178775,146854.04685,8.21446213676409
000999.SZ,20260608,23.9,24.29,23.87,24.07,24.21,-0.14,-0.5783,74147,178689.62491,24.099373529610098
001201.SZ,20260608,11.09,11.4,10.89,11.0,11.26,-0.26,-2.3091,31533,34928.6628,11.076860051374751
001202.SZ,20260608,15.01,15.17,14.4,14.59,15.14,-0.55,-3.6328,15698,23206.06005,14.782813129061028
001203.SZ,20260608,37.05,38.2,35.92,36.96,37.73,-0.77,-2.0408,230428,853416.12884,37.03612967347718
001205.SZ,20260608,14.11,14.11,13.56,13.97,14.11,-0.14,-0.9922,28111,38983.10848,13.867563757959518
001206.SZ,20260608,15.9,16.3,15.7,15.91,16.02,-0.11,-0.6866,26544,42442.767,15.989589737793853
001207.SZ,20260608,18.11,18.28,17.5,17.91,18.65,-0.74,-3.9678,66548,119365.8412,17.936803690569214
001208.SZ,20260608,16.0,16.55,15.4,15.53,16.34,-0.81,-4.9572,176935,281669.848,15.919396840647694
001209.SZ,20260608,19.73,20.1,19.0,19.44,20.0,-0.56,-2.8,22991,45164.327,19.644350832934624
001210.SZ,20260608,23.62,25.49,22.88,23.01,24.93,-1.92,-7.7016,136805,326031.95516,23.831874212199846
001211.SZ,20260608,31.79,33.63,31.79,33.11,32.9,0.21,0.6383,64919,212936.59164,32.80034991912999
001212.SZ,20260608,51.0,52.11,48.5,48.85,52.99,-4.14,-7.8128,88731,444968.58189,50.1480409203097
001213.SZ,20260608,3.74,3.75,3.66,3.69,3.77,-0.08,-2.122,103649,38343.263,3.6993374755183357
001215.SZ,20260608,37.72,40.25,37.07,38.47,38.21,0.26,0.6805,50629,197612.85,39.031553062474075
001216.SZ,20260608,16.0,16.48,15.45,15.68,16.14,-0.46,-2.8501,26899,42723.376,15.882886352652514
001217.SZ,20260608,9.61,9.79,9.27,9.43,9.76,-0.33,-3.3811,33502,31845.769,9.505632201062625
001218.SZ,20260608,24.04,25.8,24.04,24.55,24.76,-0.21,-0.8481,32804,81829.93635,24.945109239726865
001219.SZ,20260608,13.26,13.45,13.01,13.14,13.51,-0.37,-2.7387,31399,41455.48473,13.202804143444059
001220.SZ,20260608,31.64,31.93,30.22,30.48,31.67,-1.19,-3.7575,10547,32749.70597,31.051205053569735
001221.SZ,20260608,44.39,45.15,42.71,42.99,45.43,-2.44,-5.3709,16838,73682.43803,43.75961398622165
001222.SZ,20260608,14.93,15.3,14.6,14.72,15.01,-0.29,-1.932,28841,43103.72866,14.945296161714225
001223.SZ,20260608,44.0,46.77,43.58,45.16,46.46,-1.3,-2.7981,41798,189933.34977,45.440774623187714
001225.SZ,20260608,45.0,46.3,43.5,44.46,46.6,-2.14,-4.5923,14642,65716.209,44.88198948231116
001226.SZ,20260608,49.78,51.16,47.81,51.0,50.22,0.78,1.5532,15050,74889.118,49.76021129568107
001227.SZ,20260608,2.1,2.12,2.08,2.1,2.11,-0.01,-0.4739,451599,94682.93144,2.0966151705384646
001228.SZ,20260608,26.46,27.85,25.6,25.95,26.69,-0.74,-2.7726,21352,56909.468,26.65299175721244
001229.SZ,20260608,37.2,38.59,37.04,37.66,38.17,-0.51,-1.3361,19880,75184.67916,37.81925511066398
001230.SZ,20260608,25.0,25.93,24.61,25.0,25.68,-0.68,-2.648,26657,67329.82303,25.257839603106124
001231.SZ,20260608,21.09,21.5,20.0,20.42,21.11,-0.69,-3.2686,15482,32049.568,20.701180726004395
001233.SZ,20260608,48.66,49.35,46.99,47.69,50.05,-2.36,-4.7153,15160,72879.18833,48.07334322559367
001234.SZ,20260608,23.0,23.53,22.25,22.64,23.39,-0.75,-3.2065,18431,42103.602,22.843905376810806
001236.SZ,20260608,7.66,7.83,7.44,7.5,7.83,-0.33,-4.2146,111046,84536.64,7.612758676584478
001237.SZ,20260608,64.52,66.09,61.33,62.3,65.95,-3.65,-5.5345,49312,313852.04134,63.64617970068138
001238.SZ,20260608,28.04,31.12,27.5,31.12,28.29,2.83,10.0035,14985,44914.2882,29.972831631631635
001239.SZ,20260608,13.05,13.25,12.71,12.9,13.2,-0.3,-2.2727,18933,24574.339,12.979632916072465
001255.SZ,20260608,29.58,30.0,28.31,28.99,30.18,-1.19,-3.943,13259,38598.177,29.110926163360737
001256.SZ,20260608,24.73,25.8,23.64,24.64,24.82,-0.18,-0.7252,81241,200117.32006,24.632552536280944
001257.SZ,20260608,23.21,24.07,22.8,23.33,24.15,-0.82,-3.3954,178729,418452.50712,23.412681048962398
001258.SZ,20260608,9.28,9.65,8.94,8.94,9.93,-0.99,-9.9698,480937,441006.389,9.169733021164935
001259.SZ,20260608,69.29,70.54,66.68,68.45,70.54,-2.09,-2.9629,47964,326743.93884,68.12274598448836
001260.SZ,20260608,18.6,18.85,17.77,18.16,18.65,-0.49,-2.6273,14258,26157.90233,18.346123109833076
001266.SZ,20260608,44.26,46.5,43.56,45.15,46.58,-1.43,-3.07,35583,161338.90223,45.34156822921058
001267.SZ,20260608,50.09,51.89,49.04,49.04,54.49,-5.45,-10.0018,406649,2044005.1144,50.264604472161494
001268.SZ,20260608,39.29,40.5,37.05,38.09,39.0,-0.91,-2.3333,27986,109332.631,39.06690166511827
001269.SZ,20260608,27.06,28.2,25.83,25.83,27.2,-1.37,-5.0368,110054,295882.75737,26.885234282261436
001270.SZ,20260608,128.01,140.75,128.01,132.61,137.61,-5.0,-3.6335,91000,1229543.2394,135.1146416923077
001277.SZ,20260608,31.17,31.91,30.43,31.03,31.37,-0.34,-1.0838,10122,31581.481,31.20083086346572
001278.SZ,20260608,17.93,18.68,17.16,17.23,18.13,-0.9,-4.9641,56899,101455.08702,17.830732881069967
001279.SZ,20260608,27.45,27.47,26.17,26.2,27.76,-1.56,-5.6196,10654,28496.045,26.746804017270506
001280.SZ,20260608,67.0,69.0,66.39,66.97,69.68,-2.71,-3.8892,88329,597632.74712,67.65985657258658
001282.SZ,20260608,17.62,18.1,17.3,17.55,17.9,-0.35,-1.9553,24620,43587.97489,17.704295243704305
001283.SZ,20260608,52.43,53.4,49.43,49.85,54.42,-4.57,-8.3976,73332,374918.5001,51.12617958053783
001285.SZ,20260608,44.53,45.01,43.27,43.8,45.56,-1.76,-3.863,13505,59762.76859,44.252327723065534
001286.SZ,20260608,12.1,12.35,11.89,11.99,12.34,-0.35,-2.8363,359186,432841.14545,12.050612926171954
001287.SZ,20260608,26.1,26.88,25.15,25.42,27.68,-2.26,-8.1647,378226,985283.98,26.050138805899117
001288.SZ,20260608,24.03,24.74,23.74,24.13,24.48,-0.35,-1.4297,35865,86625.5588,24.153229834100095
001289.SZ,20260608,17.85,19.84,17.85,18.51,18.38,0.13,0.7073,167356,314348.05113,18.78319577009489
001296.SZ,20260608,19.3,19.63,18.68,19.0,19.77,-0.77,-3.8948,19250,36800.04607,19.116907049350647
001298.SZ,20260608,20.7,21.22,19.92,20.1,21.62,-1.52,-7.0305,120668,247705.96485,20.527891806444124
001299.SZ,20260608,11.3,11.46,10.69,10.93,11.87,-0.94,-7.9191,119748,131525.65639,10.98353679309884
001300.SZ,20260608,16.2,16.81,15.6,15.77,16.53,-0.76,-4.5977,56992,92065.344,16.154081976417743
001301.SZ,20260608,85.0,88.66,82.1,88.66,88.39,0.27,0.3055,67069,575343.8415,85.78387056613337
001306.SZ,20260608,61.0,66.21,61.0,64.41,63.9,0.51,0.7981,20569,132213.526,64.27805240896495
001308.SZ,20260608,20.88,21.46,20.23,20.46,21.39,-0.93,-4.3478,65410,135680.34649,20.743058628650054
001309.SZ,20260608,568.18,609.0,568.18,588.1,630.5,-42.4,-6.7248,112052,6633702.61336,592.0200097597544
001311.SZ,20260608,19.99,20.43,19.42,19.76,20.48,-0.72,-3.5156,41391,82552.81747,19.94462986398009
001312.SZ,20260608,20.05,20.29,19.35,19.7,20.29,-0.59,-2.9078,31081,61564.05656,19.807617695698337
001313.SZ,20260608,7.2,7.24,6.84,7.06,7.33,-0.27,-3.6835,150700,106069.588,7.0384597213005975
001314.SZ,20260608,53.57,55.74,52.82,53.28,56.39,-3.11,-5.5152,51783,280139.94797,54.0988254774733
001316.SZ,20260608,34.05,34.82,32.51,32.74,35.28,-2.54,-7.1995,30056,101169.96984,33.660490364652645
001317.SZ,20260608,51.02,56.86,51.02,56.86,51.69,5.17,10.0019,53787,295482.13286,54.93560393031774
001318.SZ,20260608,11.29,11.62,11.09,11.25,11.51,-0.26,-2.2589,22921,26003.5,11.344836612713232
001319.SZ,20260608,23.6,24.26,23.34,23.69,24.06,-0.37,-1.5378,30967,73752.3991,23.81644947847709
001322.SZ,20260608,6.26,6.43,6.13,6.26,6.36,-0.1,-1.5723,32375,20245.92318,6.253567005405406
001323.SZ,20260608,20.17,20.6,19.02,19.03,21.13,-2.1,-9.9385,28150,55006.56741,19.540521282415632
001324.SZ,20260608,18.5,18.54,17.34,17.57,18.37,-0.8,-4.3549,33759,60467.67414,17.91157147427353
001325.SZ,20260608,39.91,40.29,38.21,38.75,40.39,-1.64,-4.0604,14591,57219.55185,39.215647899390035
001326.SZ,20260608,67.8,71.67,66.85,67.83,69.48,-1.65,-2.3748,21287,147232.17,69.16529806924414
001328.SZ,20260608,27.97,28.65,27.52,28.1,28.9,-0.8,-2.7682,12537,35198.35167,28.075577626226366
001330.SZ,20260608,7.42,7.89,6.99,6.99,7.77,-0.78,-10.0386,1050830,762839.30286,7.259397836567285
001332.SZ,20260608,45.11,49.14,43.1,44.18,47.5,-3.32,-6.9895,47462,216719.87236,45.66176569887489
001333.SZ,20260608,21.73,22.01,20.7,21.21,22.17,-0.96,-4.3302,21246,45710.257,21.514759013461354
001335.SZ,20260608,48.16,49.0,45.6,46.36,48.32,-1.96,-4.0563,12834,60231.0371,46.930837696743026
001336.SZ,20260608,26.18,26.98,24.81,25.25,25.76,-0.51,-1.9798,21238,54914.15599,25.856557109897356
001337.SZ,20260608,44.91,46.68,42.98,43.67,47.76,-4.09,-8.5637,124493,552397.69244,44.371787364751434
001338.SZ,20260608,10.4,10.53,10.14,10.21,10.56,-0.35,-3.3144,54499,56171.27644,10.306845343951265
001339.SZ,20260608,97.0,105.16,97.0,101.85,101.89,-0.04,-0.0393,99775,1016392.7637,101.86848045101478
001356.SZ,20260608,9.4,9.57,9.2,9.28,9.54,-0.26,-2.7254,28296,26527.86266,9.375128166525304
001358.SZ,20260608,24.95,25.14,23.5,23.88,25.26,-1.38,-5.4632,15786,38241.845,24.225164702901306
001359.SZ,20260608,89.0,95.49,88.52,93.22,92.64,0.58,0.6261,21312,195924.53367,91.93155671452702
001360.SZ,20260608,18.49,18.94,17.83,18.1,19.29,-1.19,-6.169,38943,71542.10789,18.370980122229923
001365.SZ,20260608,42.07,44.0,41.63,42.4,43.72,-1.32,-3.0192,61208,261512.67103,42.725243600509735
001366.SZ,20260608,13.57,14.55,13.15,13.46,13.87,-0.41,-2.956,60089,82543.988,13.73695485030538
001367.SZ,20260608,19.37,19.51,18.6,18.94,19.48,-0.54,-2.7721,15579,29608.41611,19.00533802554721
001368.SZ,20260608,24.08,25.21,23.77,24.17,24.54,-0.37,-1.5077,25730,63126.987,24.534390594636612
001369.SZ,20260608,13.8,13.99,13.44,13.53,14.24,-0.71,-4.986,137323,188180.17446,13.703470974272335
001373.SZ,20260608,35.51,36.03,33.22,34.01,36.26,-2.25,-6.2052,17718,61535.685,34.73060447003048
001376.SZ,20260608,13.47,13.8,12.56,12.67,13.71,-1.04,-7.5857,230209,301586.265,13.10054189888319
001378.SZ,20260608,20.38,20.6,19.12,19.36,20.5,-1.14,-5.561,60401,120492.86609,19.948819736428206
001379.SZ,20260608,18.0,18.29,17.31,17.63,18.26,-0.63,-3.4502,21325,38002.162,17.820474560375146
001380.SZ,20260608,17.12,17.37,16.64,16.87,17.42,-0.55,-3.1573,17795,30232.79975,16.989491289688115
001382.SZ,20260608,19.99,20.44,19.96,20.21,20.46,-0.25,-1.2219,31534,63598.34798,20.16818290733811
001386.SZ,20260608,15.42,15.72,15.01,15.23,15.78,-0.55,-3.4854,31613,48605.94598,15.375303191724923
001387.SZ,20260608,11.91,12.46,11.85,12.0,12.26,-0.26,-2.1207,42981,52252.636,12.157147576836277
001388.SZ,20260608,31.18,31.8,30.3,30.61,31.6,-0.99,-3.1329,8898,27696.33451,31.126471690267476
001389.SZ,20260608,167.12,179.66,164.0,175.6,174.02,1.58,0.9079,80112,1396076.06562,174.26553645146794
001390.SZ,20260608,16.75,17.1,16.4,16.66,17.15,-0.49,-2.8571,15712,26325.34188,16.754927367617107
001391.SZ,20260608,5.03,5.03,4.91,4.92,5.06,-0.14,-2.7668,152810,75908.064,4.967480138734376
001393.SZ,20260608,62.22,66.16,61.01,61.57,65.02,-3.45,-5.3061,62155,391579.22916,63.00043908937334
001395.SZ,20260608,35.16,36.15,34.81,35.89,35.8,0.09,0.2514,5535,19706.58925,35.60359394760614
001396.SZ,20260608,40.6,42.0,40.52,40.97,41.4,-0.43,-1.0386,15696,64685.31384,41.211336544342515
001400.SZ,20260608,114.07,123.86,112.12,123.81,116.22,7.59,6.5307,60969,727635.35891,119.34513587396873
001696.SZ,20260608,14.3,15.95,14.29,15.95,14.5,1.45,10.0,401347,628554.64889,15.661127375811951
001872.SZ,20260608,21.63,21.63,21.03,21.18,21.84,-0.66,-3.022,18936,40304.679,21.284684727503166
001896.SZ,20260608,19.87,21.5,19.0,19.6,19.88,-0.28,-1.4085,2654679,5422822.78856,20.42741434486053
001965.SZ,20260608,9.37,9.58,9.36,9.54,9.5,0.04,0.4211,120927,114363.12137,9.457203219297591
001979.SZ,20260608,8.38,8.5,8.12,8.24,8.45,-0.21,-2.4852,544479,452027.94698,8.30202720362034
002001.SZ,20260608,31.45,31.89,30.6,30.85,31.74,-0.89,-2.804,382599,1188656.68891,31.067950750263332
002003.SZ,20260608,9.09,9.25,8.93,9.12,9.09,0.03,0.33,83291,75892.35582,9.111711447815491
002004.SZ,20260608,4.49,4.49,4.29,4.36,4.46,-0.1,-2.2422,235660,103074.558,4.373867351268777
002005.SZ,20260608,2.74,2.83,2.7,2.81,2.81,0.0,0.0,111204,30923.028,2.7807478148268046
002006.SZ,20260608,15.89,16.37,15.67,15.85,16.32,-0.47,-2.8799,88779,142250.34604,16.022972329041778
002007.SZ,20260608,13.37,13.51,13.12,13.19,13.45,-0.26,-1.9331,86264,114653.42905,13.290993815496616
002008.SZ,20260608,122.22,127.04,120.35,120.86,127.87,-7.01,-5.4821,578765,7152025.88722,123.5739183817266
002009.SZ,20260608,21.5,24.03,21.45,23.74,21.92,1.82,8.3029,520461,1183042.71053,22.730669743362135
002010.SZ,20260608,4.96,5.1,4.81,4.89,5.1,-0.21,-4.1176,310809,152894.76717,4.919251603718039
002011.SZ,20260608,11.1,11.22,10.68,10.84,11.33,-0.49,-4.3248,233920,256245.63426,10.954413229309166
002012.SZ,20260608,7.36,7.65,7.15,7.2,7.62,-0.42,-5.5118,280409,205296.86,7.321336333712541
002014.SZ,20260608,10.18,10.32,10.04,10.25,10.18,0.07,0.6876,27121,27674.8708,10.204222115703699
002015.SZ,20260608,21.27,22.2,20.09,20.09,22.32,-2.23,-9.991,1259127,2638340.90304,20.953731458701146
002016.SZ,20260608,4.79,5.06,4.75,4.85,4.88,-0.03,-0.6148,175496,85865.92116,4.892756596161735
002017.SZ,20260608,16.08,16.28,15.4,15.76,16.48,-0.72,-4.3689,121677,193450.35779,15.898679108623652
002019.SZ,20260608,10.04,10.05,9.85,9.93,10.04,-0.11,-1.0956,88518,88050.2775,9.947160746966718
002020.SZ,20260608,12.5,12.77,12.09,12.3,12.68,-0.38,-2.9968,128091,158289.6316,12.357591993192338
002021.SZ,20260608,2.56,2.66,2.48,2.56,2.67,-0.11,-4.1199,344864,88651.03889,2.570608671534286
002022.SZ,20260608,5.22,5.27,5.06,5.14,5.27,-0.13,-2.4668,64970,33567.06294,5.166548089887641
002023.SZ,20260608,11.47,11.76,10.95,11.05,11.86,-0.81,-6.8297,438709,497019.83945,11.329146186880141
002024.SZ,20260608,1.24,1.25,1.22,1.23,1.26,-0.03,-2.381,304609,37631.602,1.2354067673640634
002025.SZ,20260608,62.11,64.03,59.35,59.68,64.8,-5.12,-7.9012,228225,1393350.24713,61.05160465023552
002026.SZ,20260608,12.1,12.42,12.02,12.2,12.41,-0.21,-1.6922,58047,70805.39235,12.197941728254689
002027.SZ,20260608,5.36,5.44,5.26,5.29,5.39,-0.1,-1.8553,1327843,707567.19213,5.328696179668832
002028.SZ,20260608,170.0,183.48,170.0,177.59,177.49,0.1,0.0563,143939,2543030.20617,176.674161010567
002029.SZ,20260608,8.06,8.82,8.01,8.37,8.13,0.24,2.952,312190,264636.62386,8.47678093020276
002030.SZ,20260608,5.9,6.0,5.81,5.82,6.09,-0.27,-4.4335,426808,251589.48835,5.8946760217709135
002031.SZ,20260608,6.36,6.92,6.36,6.85,6.67,0.18,2.6987,2545209,1706199.29148,6.703572443284617
002032.SZ,20260608,44.15,44.45,43.33,43.64,44.16,-0.52,-1.1775,18838,82533.184,43.81207346852107
002033.SZ,20260608,8.7,8.85,8.48,8.63,8.8,-0.17,-1.9318,249036,215526.69991,8.654439515170498
002034.SZ,20260608,17.91,18.76,17.8,18.07,18.42,-0.35,-1.9001,109728,200812.70267,18.300953509587345
002035.SZ,20260608,4.98,5.01,4.86,4.9,5.02,-0.12,-2.3904,77509,38225.07,4.931694383878002
002036.SZ,20260608,8.71,8.98,8.57,8.62,9.09,-0.47,-5.1705,557325,489315.92789,8.77972328336249
002037.SZ,20260608,7.01,7.21,6.84,6.95,7.17,-0.22,-3.0683,67529,47310.079,7.005890654385523
002038.SZ,20260608,5.61,5.67,5.4,5.46,5.6,-0.14,-2.5,204629,113322.6188,5.537954972169144
002039.SZ,20260608,20.02,22.18,19.75,20.83,20.51,0.32,1.5602,212071,440447.58854,20.768874034639346
002040.SZ,20260608,8.81,8.88,8.45,8.54,8.94,-0.4,-4.4743,88001,76222.752,8.661577936614357
002041.SZ,20260608,8.35,8.52,8.14,8.24,8.47,-0.23,-2.7155,133257,110580.207,8.2982662824467
002042.SZ,20260608,3.78,3.88,3.67,3.72,3.88,-0.16,-4.1237,331082,124566.19087,3.7623969551349816
002043.SZ,20260608,12.37,12.45,11.98,12.29,12.39,-0.1,-0.8071,100586,123188.54504,12.247086576660768
002044.SZ,20260608,5.21,5.33,5.11,5.17,5.33,-0.16,-3.0019,1021638,532561.71412,5.212822096672207
002045.SZ,20260608,8.94,9.1,8.6,8.77,9.12,-0.35,-3.8377,144474,127805.984,8.84629649625538
002046.SZ,20260608,52.4,60.37,52.2,60.37,54.88,5.49,10.0036,432559,2530874.85351,58.50935603027564
002047.SZ,20260608,4.68,4.68,4.3,4.36,4.76,-0.4,-8.4034,449804,198855.2385,4.420930860997235
002048.SZ,20260608,25.18,27.33,25.07,26.59,25.85,0.74,2.8627,280162,744965.59403,26.590529551830727
002049.SZ,20260608,72.3,73.39,69.61,69.98,75.14,-5.16,-6.8672,339540,2429782.29737,71.56100304441303
002050.SZ,20260608,45.5,48.63,45.5,47.38,47.51,-0.13,-0.2736,1599774,7617251.44983,47.614547116217665
002051.SZ,20260608,11.55,11.6,10.89,11.12,11.77,-0.65,-5.5225,674989,751862.57955,11.138886404815487
002052.SZ,20260608,9.08,9.43,8.9,9.09,9.42,-0.33,-3.5032,179811,164525.45967,9.14991072125732
002053.SZ,20260608,11.06,11.42,10.71,10.76,11.44,-0.68,-5.9441,180467,198114.74686,10.977893291294254
002054.SZ,20260608,7.4,7.63,7.23,7.33,7.6,-0.27,-3.5526,101751,75549.20798,7.424910613163508
002055.SZ,20260608,6.16,6.45,6.12,6.28,6.43,-0.15,-2.3328,326645,204450.27131,6.25909691897932
002056.SZ,20260608,27.59,28.19,26.34,26.5,29.16,-2.66,-9.1221,809897,2204578.26576,27.220476995963683
002057.SZ,20260608,9.82,10.22,9.65,9.76,10.06,-0.3,-2.9821,321601,318845.31557,9.914313561524995
002058.SZ,20260608,23.51,24.1,23.06,23.06,24.27,-1.21,-4.9856,9652,22532.086,23.344473684210527
002059.SZ,20260608,4.45,4.58,4.38,4.51,4.52,-0.01,-0.2212,121275,54168.08206,4.466549747268605
002060.SZ,20260608,3.42,3.46,3.37,3.4,3.49,-0.09,-2.5788,273437,93200.93756,3.4084976634471564
002061.SZ,20260608,3.47,3.49,3.39,3.45,3.5,-0.05,-1.4286,197124,67866.997,3.4428581501998745
002062.SZ,20260608,7.63,7.97,7.45,7.59,7.79,-0.2,-2.5674,215281,165846.14596,7.703705666547442
002063.SZ,20260608,5.54,5.62,5.46,5.51,5.67,-0.16,-2.8219,311835,172775.12808,5.540594483621145
002064.SZ,20260608,10.31,10.75,10.23,10.3,10.22,0.08,0.7828,821934,863675.10057,10.507840052485966
002065.SZ,20260608,7.12,7.25,6.97,7.03,7.28,-0.25,-3.4341,414773,294653.21476,7.10396324640225
002066.SZ,20260608,24.0,24.58,23.0,23.58,24.22,-0.64,-2.6424,53156,125749.438,23.656678079614718
002067.SZ,20260608,4.58,4.69,4.53,4.58,4.74,-0.16,-3.3755,351111,161734.1331,4.606353349795364
002068.SZ,20260608,10.45,10.82,10.1,10.3,10.76,-0.46,-4.2751,347563,363757.52284,10.465944960769702
002069.SZ,20260608,3.37,3.42,3.18,3.25,3.39,-0.14,-4.1298,122565,40329.04892,3.2904213209317508
002072.SZ,20260608,8.99,9.1,8.48,8.61,9.09,-0.48,-5.2805,264326,231918.1417,8.773943603731755
002073.SZ,20260608,5.62,5.75,5.53,5.59,5.69,-0.1,-1.7575,219853,123853.104,5.633450714795796
002074.SZ,20260608,29.48,29.88,28.4,28.76,30.01,-1.25,-4.1653,344731,1005340.2447,29.163035662589092
002075.SZ,20260608,3.61,3.66,3.49,3.55,3.67,-0.12,-3.2698,373716,133209.07313,3.564446615344272
002076.SZ,20260608,2.49,2.59,2.44,2.47,2.55,-0.08,-3.1373,272652,68339.909,2.5064884541466776
002077.SZ,20260608,15.91,16.29,15.33,15.5,16.66,-1.16,-6.9628,300615,474936.74992,15.798837380702892
002078.SZ,20260608,13.06,13.3,12.73,12.99,13.18,-0.19,-1.4416,204190,264595.88514,12.958317505264706
002079.SZ,20260608,11.89,12.12,11.37,11.47,12.26,-0.79,-6.4437,383848,449840.69138,11.719240203934891
002080.SZ,20260608,59.25,61.79,57.8,58.8,62.73,-3.93,-6.2649,491005,2918659.19406,59.44255545381412
002081.SZ,20260608,5.72,5.88,5.32,5.43,5.78,-0.35,-6.0554,2487996,1380270.01667,5.547717989377796
002082.SZ,20260608,13.38,13.93,13.3,13.92,13.27,0.65,4.8983,198852,274832.53372,13.820958990606078
002083.SZ,20260608,9.08,9.34,8.95,9.09,9.36,-0.27,-2.8846,203649,185563.813,9.111943245486106
002084.SZ,20260608,3.23,3.32,3.11,3.18,3.28,-0.1,-3.0488,133104,42757.59395,3.212344779270345
002085.SZ,20260608,11.39,12.68,11.39,12.31,11.6,0.71,6.1207,967420,1167544.67151,12.068643107543778
002086.SZ,20260608,1.9,1.94,1.85,1.86,1.92,-0.06,-3.125,450683,84773.50962,1.8810008280764974
002088.SZ,20260608,8.5,8.62,8.18,8.31,8.65,-0.34,-3.9306,32669,27398.26757,8.386625721632129
002090.SZ,20260608,9.88,10.16,9.53,9.72,10.06,-0.34,-3.3797,95693,94247.6277,9.848957363652513
002091.SZ,20260608,7.79,7.95,7.75,7.91,7.99,-0.08,-1.0013,150265,118058.1507,7.856663274881043
002092.SZ,20260608,4.47,4.54,4.31,4.36,4.54,-0.18,-3.9648,628843,276895.92164,4.403259981267185
002093.SZ,20260608,7.19,7.29,6.97,7.07,7.24,-0.17,-2.3481,141340,100693.762,7.124222583840385
002094.SZ,20260608,4.97,5.08,4.81,4.88,5.07,-0.19,-3.7475,201007,99198.3702,4.935070430383021
002095.SZ,20260608,13.61,13.98,13.37,13.64,13.91,-0.27,-1.941,26252,35875.205,13.665703565442634
002096.SZ,20260608,12.12,12.14,10.95,10.95,12.17,-1.22,-10.0247,282097,320860.03077,11.374102906801562
002097.SZ,20260608,8.35,8.55,8.16,8.34,8.44,-0.1,-1.1848,238726,199666.08216,8.36381802401079
002098.SZ,20260608,7.06,7.28,6.94,7.06,7.22,-0.16,-2.2161,37232,26413.7418,7.094365545767082
002099.SZ,20260608,5.44,5.57,5.22,5.3,5.58,-0.28,-5.0179,260293,139795.3691,5.370692607945662
002100.SZ,20260608,6.39,6.53,6.24,6.3,6.4,-0.1,-1.5625,170253,108693.01763,6.38420571913564
002101.SZ,20260608,8.8,8.91,8.6,8.72,8.91,-0.19,-2.1324,97715,85545.32184,8.754574204574528
002102.SZ,20260608,2.25,2.28,2.21,2.24,2.27,-0.03,-1.3216,138115,30922.42,2.238889331354306
002103.SZ,20260608,6.63,6.76,6.47,6.58,6.7,-0.12,-1.791,78885,52258.5724,6.62465264625721
002104.SZ,20260608,11.57,11.88,11.12,11.33,11.83,-0.5,-4.2265,220595,252796.60006,11.459761103379495
002105.SZ,20260608,5.68,5.85,5.47,5.63,5.84,-0.21,-3.5959,99655,56507.73252,5.670335910892579
002106.SZ,20260608,13.0,13.75,12.74,13.09,13.52,-0.43,-3.1805,625253,826727.65095,13.222290032194968
002107.SZ,20260608,6.13,6.26,5.97,6.05,6.22,-0.17,-2.7331,99139,60506.78587,6.103227374696134
002108.SZ,20260608,4.66,4.74,4.48,4.57,4.75,-0.18,-3.7895,434497,200044.67554,4.60405193913882
002109.SZ,20260608,2.78,2.84,2.76,2.79,2.82,-0.03,-1.0638,77624,21746.28325,2.8014896488199525
002110.SZ,20260608,3.04,3.06,2.94,2.98,3.07,-0.09,-2.9316,264652,79155.93,2.9909439565920524
002111.SZ,20260608,9.78,9.99,9.45,9.59,10.02,-0.43,-4.2914,97043,94170.8558,9.70403386127799
002112.SZ,20260608,17.01,17.46,16.61,16.85,17.67,-0.82,-4.6406,115237,196005.40819,17.00889542334493
002114.SZ,20260608,7.27,7.42,6.94,7.1,7.5,-0.4,-5.3333,98795,70949.563,7.181493294195049
002115.SZ,20260608,11.89,12.47,11.73,11.84,12.3,-0.46,-3.7398,574752,690817.25874,12.0193972137548
002116.SZ,20260608,8.9,9.03,8.75,8.87,8.98,-0.11,-1.2249,24356,21626.941,8.87951264575464
002117.SZ,20260608,9.1,9.63,9.02,9.41,9.23,0.18,1.9502,124860,117340.89576,9.397797193656896
002119.SZ,20260608,23.4,24.8,23.25,24.19,24.83,-0.64,-2.5775,301713,729507.89578,24.178868520083658
002120.SZ,20260608,6.66,6.71,6.49,6.56,6.74,-0.18,-2.6706,321985,212352.75365,6.595113239747193
002121.SZ,20260608,6.73,6.84,6.38,6.49,6.94,-0.45,-6.4841,509303,336641.45725,6.609846343924932
002122.SZ,20260608,2.56,2.59,2.5,2.54,2.61,-0.07,-2.682,165378,42129.7477,2.547481992768083
002123.SZ,20260608,7.85,8.0,7.65,7.76,8.01,-0.25,-3.1211,147847,115409.17894,7.805987198928622
002124.SZ,20260608,2.35,2.46,2.31,2.33,2.38,-0.05,-2.1008,856797,203172.592,2.371303727720802
002125.SZ,20260608,16.4,16.9,15.66,15.84,16.98,-1.14,-6.7138,599780,971576.83412,16.198886827169964
002126.SZ,20260608,48.2,49.58,47.32,47.88,50.06,-2.18,-4.3548,173796,842996.63196,48.50495016916385
002127.SZ,20260608,2.84,2.92,2.78,2.81,2.86,-0.05,-1.7483,295949,84077.057,2.840930599528973
002128.SZ,20260608,28.54,29.24,27.96,28.61,29.02,-0.41,-1.4128,160006,456418.91701,28.525112621401696
002129.SZ,20260608,9.14,9.69,8.91,8.92,9.42,-0.5,-5.3079,2173392,2005001.94114,9.225220029980786
002130.SZ,20260608,19.78,19.8,18.97,19.05,20.56,-1.51,-7.3444,525511,1021030.37081,19.429286367174047
002131.SZ,20260608,5.41,5.64,5.32,5.47,5.6,-0.13,-2.3214,2595605,1428683.65751,5.504241429300683
002132.SZ,20260608,5.53,5.85,5.48,5.78,5.86,-0.08,-1.3652,1598851,909010.34439,5.685397478501749
002133.SZ,20260608,2.78,2.87,2.72,2.77,2.83,-0.06,-2.1201,174560,48757.67444,2.793175666819432
002134.SZ,20260608,25.5,27.32,25.09,25.99,26.56,-0.57,-2.1461,157208,416834.143,26.514817502926057
002135.SZ,20260608,7.31,7.39,6.9,7.02,7.45,-0.43,-5.7718,321072,227828.61449,7.095873028168137
002136.SZ,20260608,12.12,12.34,11.66,11.97,12.45,-0.48,-3.8554,89618,107559.82512,12.002033645026668
002137.SZ,20260608,9.57,10.31,9.51,9.81,10.35,-0.54,-5.2174,814694,804356.87609,9.873116484103234
002138.SZ,20260608,54.0,59.5,53.96,55.66,55.61,0.05,0.0899,1270878,7200731.85056,56.65950508671958
002139.SZ,20260608,9.98,10.4,9.9,10.19,10.12,0.07,0.6917,338770,346821.32064,10.237663330283082
002140.SZ,20260608,9.92,10.07,9.65,9.75,10.07,-0.32,-3.1778,58601,57611.56963,9.83115810822341
002141.SZ,20260608,3.04,3.15,2.98,3.03,3.14,-0.11,-3.5032,173747,53033.21,3.052323781130034
002142.SZ,20260608,30.47,31.22,30.35,31.01,30.56,0.45,1.4725,346463,1069811.47653,30.87808731466275
002144.SZ,20260608,11.46,11.77,11.12,11.34,11.58,-0.24,-2.0725,43219,49510.0556,11.455622665957101
002145.SZ,20260608,4.3,4.42,4.13,4.2,4.4,-0.2,-4.5455,726865,309422.03592,4.256939540629966
002146.SZ,20260608,1.25,1.31,1.24,1.28,1.27,0.01,0.7874,1257479,160576.39912,1.2769708211429376
002148.SZ,20260608,6.49,6.63,6.23,6.31,6.58,-0.27,-4.1033,156573,100249.82371,6.402752946548894
002149.SZ,20260608,61.5,66.66,61.5,63.38,65.0,-1.62,-2.4923,563923,3622894.46904,64.24448850357228
002150.SZ,20260608,26.0,26.75,25.09,25.49,27.21,-1.72,-6.3212,139458,360310.64739,25.836498973884613
002151.SZ,20260608,33.9,35.03,32.7,33.12,34.94,-1.82,-5.2089,190189,641245.32229,33.71621504345677
002152.SZ,20260608,9.99,10.07,9.7,9.82,10.17,-0.35,-3.4415,281242,278448.32283,9.900666430689585
002153.SZ,20260608,7.9,8.07,7.72,7.85,8.06,-0.21,-2.6055,195493,154432.1349,7.899624789634412
002154.SZ,20260608,3.97,3.98,3.82,3.86,4.02,-0.16,-3.9801,330324,128716.338,3.8966692701711048
002155.SZ,20260608,23.23,23.87,22.74,23.03,24.45,-1.42,-5.8078,435155,1011215.05291,23.238042833243323
002156.SZ,20260608,63.0,64.58,61.08,62.26,66.84,-4.58,-6.8522,1215682,7660776.891,63.016289547760024
002157.SZ,20260608,3.0,3.07,2.98,3.01,3.04,-0.03,-0.9868,1395662,420695.84863,3.0143104034501187
002158.SZ,20260608,27.75,28.22,26.66,27.25,28.51,-1.26,-4.4195,106406,292080.99132,27.449673074826606
002159.SZ,20260608,14.35,14.48,13.74,13.95,14.46,-0.51,-3.527,38485,54084.188,14.053316357022217
002160.SZ,20260608,4.28,4.35,4.09,4.17,4.39,-0.22,-5.0114,229086,96490.11856,4.2119605108998375
002161.SZ,20260608,5.93,6.02,5.65,5.73,6.03,-0.3,-4.9751,197362,114811.99328,5.817330249997466
002162.SZ,20260608,3.72,3.79,3.62,3.66,3.78,-0.12,-3.1746,128966,47658.4546,3.695427833692601
002163.SZ,20260608,9.73,9.9,9.31,9.44,9.86,-0.42,-4.2596,222601,213283.31939,9.58141784583178
002164.SZ,20260608,13.02,14.66,13.02,14.66,13.33,1.33,9.9775,546568,782520.93981,14.316991477913088
002165.SZ,20260608,6.53,6.95,6.41,6.77,6.64,0.13,1.9578,690993,465967.45904,6.743446880648573
002166.SZ,20260608,7.6,7.73,7.37,7.5,7.7,-0.2,-2.5974,72373,54566.62316,7.5396381468227105
002167.SZ,20260608,12.96,13.64,12.5,12.75,13.65,-0.9,-6.5934,623321,809954.26389,12.994175776044765
002168.SZ,20260608,3.59,3.66,3.55,3.56,3.65,-0.09,-2.4658,49094,17657.3814,3.596647533303458
002169.SZ,20260608,15.44,16.55,15.1,15.26,15.76,-0.5,-3.1726,421574,666525.09287,15.810393735619371
002170.SZ,20260608,11.3,11.45,10.98,11.08,11.54,-0.46,-3.9861,192272,214525.54324,11.15739906174586
002171.SZ,20260608,12.51,13.24,12.45,13.24,12.85,0.39,3.035,1460202,1894944.27569,12.977274895459669
002172.SZ,20260608,3.22,3.29,3.14,3.18,3.26,-0.08,-2.454,159359,51206.87324,3.2133028721314765
002173.SZ,20260608,17.29,18.38,17.01,17.24,17.65,-0.41,-2.3229,246679,435876.49343,17.669785163309403
002174.SZ,20260608,10.44,11.11,10.37,10.75,10.69,0.06,0.5613,402473,435638.24518,10.824036523692273
002175.SZ,20260608,2.43,2.48,2.38,2.38,2.5,-0.12,-4.8,222108,53594.49274,2.41299245142003
002176.SZ,20260608,10.83,11.23,10.44,10.63,11.05,-0.42,-3.8009,795253,863083.59998,10.85294365415786
002177.SZ,20260608,6.35,6.52,6.11,6.22,6.56,-0.34,-5.1829,314162,197866.12844,6.298219658647449
002178.SZ,20260608,5.3,5.42,5.15,5.42,5.42,0.0,0.0,146412,77177.065,5.271225377701282
002179.SZ,20260608,36.77,37.35,35.12,35.33,37.78,-2.45,-6.4849,479001,1728609.59226,36.08780758829313
002180.SZ,20260608,14.89,16.0,14.8,15.9,15.23,0.67,4.3992,304200,474558.27332,15.600206223537146
002181.SZ,20260608,14.75,16.0,14.66,15.63,15.04,0.59,3.9229,1198433,1858705.98207,15.50946929924326
002182.SZ,20260608,13.56,13.75,12.93,13.13,14.0,-0.87,-6.2143,286403,381163.00578,13.308624762310451
002183.SZ,20260608,6.79,6.93,6.31,6.4,7.01,-0.61,-8.7019,2207858,1461111.0477,6.617776359258611
002184.SZ,20260608,11.53,11.95,11.34,11.54,11.75,-0.21,-1.7872,121940,142947.31504,11.722758327046087
002185.SZ,20260608,16.92,17.55,16.55,16.8,18.08,-1.28,-7.0796,3311611,5661367.47597,17.0955087296485
002186.SZ,20260608,9.15,9.39,9.02,9.14,9.39,-0.25,-2.6624,32718,30070.0446,9.190673207408766
002187.SZ,20260608,5.48,5.68,5.33,5.41,5.55,-0.14,-2.5225,222059,122958.94137,5.537219449335536
002188.SZ,20260608,5.68,6.05,5.51,5.63,5.9,-0.27,-4.5763,129960,74571.15149,5.738007963219452
002189.SZ,20260608,20.26,20.46,19.43,19.65,20.67,-1.02,-4.9347,40718,81090.78365,19.91521775381895
002190.SZ,20260608,24.99,25.88,24.74,25.07,26.08,-1.01,-3.8727,41484,104845.63735,25.27375309757979
002191.SZ,20260608,3.79,3.86,3.74,3.85,3.87,-0.02,-0.5168,218540,83135.21735,3.804119033128947
002192.SZ,20260608,75.19,78.85,72.59,74.1,76.79,-2.69,-3.5031,174009,1312790.66475,75.44383708601279
002193.SZ,20260608,4.62,4.83,4.55,4.62,4.79,-0.17,-3.5491,48060,22560.576,4.694252184769039
002194.SZ,20260608,12.02,12.93,11.77,12.42,12.14,0.28,2.3064,921010,1128291.13185,12.25058503002139
002195.SZ,20260608,7.2,7.4,7.08,7.15,7.41,-0.26,-3.5088,1341758,969212.14914,7.2234497512964335
002196.SZ,20260608,13.18,14.15,13.18,14.0,13.68,0.32,2.3392,566457,785674.28292,13.869972176528847
002197.SZ,20260608,6.42,6.56,6.18,6.28,6.55,-0.27,-4.1221,167759,106913.07469,6.373015736264522
002198.SZ,20260608,3.85,3.93,3.76,3.81,3.92,-0.11,-2.8061,70378,27006.47865,3.8373467063571005
002199.SZ,20260608,13.3,13.3,12.66,12.79,13.23,-0.44,-3.3258,44523,57428.174,12.898540978819934
002200.SZ,20260608,6.71,7.04,6.6,6.71,6.9,-0.19,-2.7536,59200,39952.72277,6.748770738175676
002201.SZ,20260608,10.47,10.69,10.1,10.22,10.57,-0.35,-3.3113,229147,237803.86508,10.37778653353524
002202.SZ,20260608,22.17,22.98,21.58,21.69,23.0,-1.31,-5.6957,1211201,2677321.65826,22.104685004883585
002203.SZ,20260608,17.89,18.39,17.68,17.9,19.04,-1.14,-5.9874,417877,753258.79428,18.025849574874904
002204.SZ,20260608,5.7,5.76,5.55,5.64,5.78,-0.14,-2.4221,208995,118394.6738,5.6649524534079765
002205.SZ,20260608,12.48,12.68,11.96,12.18,12.44,-0.26,-2.09,37114,45693.619,12.311693431050276
002206.SZ,20260608,5.29,5.33,5.08,5.12,5.36,-0.24,-4.4776,207350,107670.69432,5.192702884977091
002207.SZ,20260608,8.54,8.9,8.41,8.41,8.85,-0.44,-4.9718,173905,149276.80636,8.583813367068226
002208.SZ,20260608,15.61,16.0,15.15,15.25,16.18,-0.93,-5.7478,456763,711032.3371,15.566767384836337
002209.SZ,20260608,12.33,12.66,11.93,12.0,12.56,-0.56,-4.4586,54528,66840.187,12.25795682951878
002210.SZ,20260608,2.58,2.65,2.5,2.53,2.66,-0.13,-4.8872,849394,218006.23302,2.5666090532779844
002211.SZ,20260608,3.7,3.85,3.61,3.66,3.77,-0.11,-2.9178,106305,39674.248,3.7321149522600066
002212.SZ,20260608,6.35,6.44,6.16,6.25,6.49,-0.24,-3.698,312797,197084.0329,6.300700866696292
002213.SZ,20260608,35.93,37.68,34.86,35.55,37.76,-2.21,-5.8528,210393,759562.10072,36.10206141459079
002214.SZ,20260608,14.51,14.94,14.26,14.3,14.82,-0.52,-3.5088,74275,107651.5614,14.493646772130598
002215.SZ,20260608,8.73,8.95,8.68,8.85,8.89,-0.04,-0.4499,122688,107869.5599,8.792185046622325
002216.SZ,20260608,12.35,12.66,11.92,12.1,12.31,-0.21,-1.7059,93328,113491.4831,12.160496646236927
002217.SZ,20260608,2.45,2.52,2.34,2.39,2.54,-0.15,-5.9055,3471811,842874.79,2.4277669204919277
002218.SZ,20260608,4.46,4.57,4.26,4.31,4.56,-0.25,-5.4825,619750,272947.17852,4.404149713916902
002219.SZ,20260608,2.14,2.17,2.12,2.14,2.16,-0.02,-0.9259,508323,108822.69584,2.1408178626581917
002221.SZ,20260608,6.5,6.65,6.26,6.31,6.68,-0.37,-5.5389,233635,149746.3688,6.409415061955615
002222.SZ,20260608,88.08,90.86,85.98,86.5,94.4,-7.9,-8.3686,324352,2864775.42127,88.32303858986533
002223.SZ,20260608,25.57,26.05,25.0,25.3,25.92,-0.62,-2.392,104588,265837.38679,25.417580103836002
002224.SZ,20260608,3.66,3.72,3.58,3.61,3.73,-0.12,-3.2172,119106,43438.714,3.6470634560811375
002225.SZ,20260608,3.83,4.17,3.81,4.16,3.91,0.25,6.3939,886419,354246.50604,3.9963776277358676
002226.SZ,20260608,5.06,5.17,5.01,5.11,5.12,-0.01,-0.1953,222913,113570.9928,5.094857312045507
002227.SZ,20260608,8.0,8.11,7.81,7.81,8.22,-0.41,-4.9878,46764,36901.579,7.891022795312633
002228.SZ,20260608,3.3,3.35,3.19,3.24,3.34,-0.1,-2.994,190630,62256.93772,3.2658520547657766
002229.SZ,20260608,13.5,15.08,13.46,14.74,14.1,0.64,4.539,592506,851674.65135,14.37411015837814
002230.SZ,20260608,45.0,45.39,43.96,44.12,46.03,-1.91,-4.1495,437577,1958185.10129,44.75064048818836
002232.SZ,20260608,14.9,15.34,14.85,15.11,15.12,-0.01,-0.0661,43684,65900.78566,15.085794721179377
002233.SZ,20260608,8.02,8.13,7.92,8.12,7.98,0.14,1.7544,104020,83481.0427,8.025479975004808
002234.SZ,20260608,7.2,7.8,7.15,7.27,7.17,0.1,1.3947,146403,108123.86346,7.385358459867625
002235.SZ,20260608,10.28,10.54,9.98,10.29,10.6,-0.31,-2.9245,500067,513646.97579,10.27156312634107
002236.SZ,20260608,16.62,16.77,16.37,16.46,16.92,-0.46,-2.7187,358819,594525.08088,16.568940911155764
002237.SZ,20260608,12.72,13.03,12.39,12.6,13.26,-0.66,-4.9774,236871,301919.66389,12.746164110000803
002238.SZ,20260608,6.2,6.37,6.07,6.19,6.35,-0.16,-2.5197,62329,38834.794,6.230613999903737
002239.SZ,20260608,2.57,2.6,2.48,2.52,2.6,-0.08,-3.0769,572793,145326.86692,2.537162062385539
002240.SZ,20260608,43.0,45.02,41.56,42.62,43.55,-0.93,-2.1355,497506,2154119.74163,43.29836708763311
002241.SZ,20260608,23.9,24.25,22.96,23.1,24.82,-1.72,-6.9299,1445180,3407626.18193,23.579250902517334
002242.SZ,20260608,8.48,8.6,8.23,8.37,8.61,-0.24,-2.7875,85314,71791.99597,8.4150310582085
002243.SZ,20260608,8.9,9.37,8.63,8.75,9.26,-0.51,-5.5076,330799,299846.98885,9.064325734056029
002244.SZ,20260608,9.47,9.61,9.15,9.29,9.6,-0.31,-3.2292,252641,236306.56298,9.35345264545343
002245.SZ,20260608,19.9,20.56,19.65,19.9,20.56,-0.66,-3.2101,880959,1761722.67686,19.997782835069508
002246.SZ,20260608,20.69,21.91,20.5,20.97,21.09,-0.12,-0.569,223767,477320.38101,21.331133769054418
002247.SZ,20260608,2.42,2.5,2.35,2.39,2.47,-0.08,-3.2389,246556,59526.982,2.4143392170541382
002248.SZ,20260608,9.86,10.19,9.66,9.84,10.08,-0.24,-2.381,122817,122172.611,9.947532589136683
002249.SZ,20260608,8.2,8.53,8.1,8.38,8.38,0.0,0.0,520193,436363.09596,8.388484580915161
002250.SZ,20260608,13.82,13.87,13.25,13.54,14.05,-0.51,-3.6299,188431,255601.61135,13.56473252012673
002251.SZ,20260608,4.82,5.01,4.66,4.66,4.86,-0.2,-4.1152,3967934,1918093.81283,4.833986182305451
002252.SZ,20260608,5.22,5.24,5.09,5.1,5.19,-0.09,-1.7341,349117,179816.78375,5.150616662895247
002253.SZ,20260608,10.88,11.11,10.72,10.93,11.21,-0.28,-2.4978,34047,37137.9276,10.907841395717686
002254.SZ,20260608,15.11,17.08,15.11,17.08,15.53,1.55,9.9807,689579,1139020.3411,16.517619317003565
002255.SZ,20260608,9.25,9.4,8.91,9.06,9.43,-0.37,-3.9236,197127,180135.09595,9.13802249057714
002256.SZ,20260608,3.97,4.11,3.86,3.89,4.12,-0.23,-5.5825,803370,318883.51707,3.969323189439486
002258.SZ,20260608,13.3,13.35,12.75,12.75,13.37,-0.62,-4.6372,253742,328973.4217,12.964878565629656
002259.SZ,20260608,4.67,4.74,4.48,4.55,4.71,-0.16,-3.397,137059,62883.372,4.588051277187197
002261.SZ,20260608,27.25,28.17,26.65,27.05,28.39,-1.34,-4.72,500198,1366431.85869,27.317819317350327
002262.SZ,20260608,19.22,19.4,18.71,19.4,19.32,0.08,0.4141,103643,197648.31028,19.07010702893587
002263.SZ,20260608,3.7,3.81,3.61,3.66,3.83,-0.17,-4.4386,1017550,376934.486,3.704333801778782
002264.SZ,20260608,6.5,6.68,6.31,6.43,6.63,-0.2,-3.0166,158391,102926.293,6.498241251081186
002265.SZ,20260608,19.47,20.07,19.01,19.56,19.94,-0.38,-1.9057,64092,125838.7142,19.63407511077826
002266.SZ,20260608,4.83,4.85,4.52,4.57,4.94,-0.37,-7.4899,1007305,471397.58494,4.6797899835700205
002267.SZ,20260608,7.39,7.46,7.27,7.33,7.4,-0.07,-0.9459,61581,45232.50149,7.345204119777204
002268.SZ,20260608,13.72,13.83,13.2,13.44,13.77,-0.33,-2.3965,95720,129281.31921,13.50619715942332
002269.SZ,20260608,1.53,1.57,1.52,1.54,1.55,-0.01,-0.6452,563482,86706.426,1.5387612381584506
002270.SZ,20260608,19.85,20.3,19.32,19.58,20.59,-1.01,-4.9053,198070,391111.02666,19.746101209673345
002271.SZ,20260608,12.62,12.88,12.05,12.3,12.81,-0.51,-3.9813,447187,555680.12152,12.426124228119333
002272.SZ,20260608,18.05,19.2,18.05,18.32,19.0,-0.68,-3.5789,344643,641649.66292,18.61780633641188
002273.SZ,20260608,34.48,36.19,34.08,34.23,36.22,-1.99,-5.4942,720478,2515695.79014,34.91703827375715
002274.SZ,20260608,5.55,5.8,5.35,5.4,5.58,-0.18,-3.2258,251181,138356.02969,5.508220354644658
002275.SZ,20260608,13.06,13.16,12.78,12.94,13.07,-0.13,-0.9946,18317,23653.89381,12.91362876562756
002276.SZ,20260608,11.48,11.79,11.22,11.39,11.65,-0.26,-2.2318,212807,244912.57904,11.508671192207023
002277.SZ,20260608,6.38,6.65,6.37,6.37,6.7,-0.33,-4.9254,252535,163712.73826,6.48277420001188
002278.SZ,20260608,8.77,9.28,8.72,9.06,8.89,0.17,1.9123,182964,165111.8111,9.024278606720447
002279.SZ,20260608,6.71,7.09,6.7,6.84,7.03,-0.19,-2.7027,299374,206995.90465,6.914291309532558
002281.SZ,20260608,210.0,218.97,206.0,206.99,227.58,-20.59,-9.0474,601099,12687564.2853,211.07278976175306
002282.SZ,20260608,6.19,6.28,6.07,6.16,6.26,-0.1,-1.5974,43058,26578.64534,6.172754270983325
002283.SZ,20260608,10.31,10.71,10.08,10.19,10.68,-0.49,-4.588,312903,323726.35504,10.345901286980311
002284.SZ,20260608,11.26,11.33,10.82,10.96,11.47,-0.51,-4.4464,183760,203455.72124,11.07181765563779
002285.SZ,20260608,2.52,2.56,2.39,2.45,2.54,-0.09,-3.5433,427196,105730.0416,2.47497733124842
002286.SZ,20260608,8.59,9.04,8.52,8.94,8.75,0.19,2.1714,85969,76285.632,8.873620956391257
002287.SZ,20260608,20.55,20.64,19.92,20.18,20.56,-0.38,-1.8482,17595,35583.58278,20.223690127877237
002289.SZ,20260608,38.25,39.37,37.85,38.54,39.4,-0.86,-2.1827,26272,101070.1615,38.47067657582217
002290.SZ,20260608,78.84,81.59,76.0,78.55,83.37,-4.82,-5.7815,94152,747282.59023,79.36980523302745
002291.SZ,20260608,5.59,5.75,5.5,5.54,5.74,-0.2,-3.4843,229783,128878.30794,5.608696376146191
002292.SZ,20260608,6.79,7.4,6.76,7.1,6.99,0.11,1.5737,452918,318959.24973,7.042317808742421
002293.SZ,20260608,9.57,9.69,9.51,9.57,9.65,-0.08,-0.829,49793,47789.6583,9.597665997228527
002294.SZ,20260608,32.0,32.57,30.82,31.22,32.28,-1.06,-3.2838,184051,580841.4233,31.55872140330669
002295.SZ,20260608,9.83,10.04,9.45,9.65,10.03,-0.38,-3.7886,44369,43230.02,9.74329374112556
002296.SZ,20260608,10.0,10.13,9.65,9.74,10.17,-0.43,-4.2281,102473,101137.11624,9.869635537165887
002297.SZ,20260608,19.3,21.05,19.1,19.81,20.44,-0.63,-3.0822,664786,1344556.44424,20.225402524120547
002298.SZ,20260608,8.51,8.65,8.13,8.25,8.77,-0.52,-5.9293,289662,242740.91586,8.380143610829174
002299.SZ,20260608,16.16,16.56,15.84,15.98,16.28,-0.3,-1.8428,120464,195310.09874,16.21315071224598
002300.SZ,20260608,7.91,8.12,7.68,7.8,8.23,-0.43,-5.2248,227260,179246.28265,7.887278124174955
002301.SZ,20260608,7.39,7.57,7.19,7.27,7.48,-0.21,-2.8075,152702,112003.235,7.334758876766513
002302.SZ,20260608,5.0,5.03,4.83,4.91,5.01,-0.1,-1.996,86366,42483.93553,4.919057908204618
002303.SZ,20260608,3.19,3.25,3.14,3.18,3.25,-0.07,-2.1538,112712,35937.94308,3.1884753247214137
002304.SZ,20260608,43.3,43.75,42.1,42.25,43.3,-1.05,-2.4249,59268,253356.59362,42.74761989943983
002305.SZ,20260608,2.2,2.27,2.17,2.2,2.24,-0.04,-1.7857,219880,48637.465,2.212000409314171
002306.SZ,20260608,2.16,2.19,2.09,2.13,2.19,-0.06,-2.7397,99174,21194.109,2.137063040716317
002307.SZ,20260608,3.9,3.92,3.8,3.82,3.97,-0.15,-3.7783,190857,73619.80084,3.8573277815327707
002309.SZ,20260608,3.36,3.43,3.27,3.31,3.44,-0.13,-3.7791,1371049,459026.973,3.3479983064062626
002310.SZ,20260608,2.66,2.69,2.54,2.55,2.72,-0.17,-6.25,1268632,330581.365,2.6058097620113636
002311.SZ,20260608,43.55,45.6,43.55,44.13,44.09,0.04,0.0907,90412,402049.30907,44.46857818320577
002312.SZ,20260608,8.45,8.6,8.18,8.27,8.62,-0.35,-4.0603,242547,202968.52187,8.368214072736418
002313.SZ,20260608,8.84,9.1,8.5,8.65,9.06,-0.41,-4.5254,93242,82017.413,8.796187662212308
002314.SZ,20260608,2.54,2.75,2.53,2.66,2.5,0.16,6.4,1765977,475319.20922,2.691536804952726
002315.SZ,20260608,26.0,26.51,25.61,25.91,26.3,-0.39,-1.4829,56777,147916.4433,26.052176638427532
002316.SZ,20260608,4.72,4.93,4.55,4.64,4.86,-0.22,-4.5267,166416,78603.62882,4.72332160489376
002317.SZ,20260608,21.5,22.77,21.43,21.81,21.87,-0.06,-0.2743,311698,688893.68083,22.101318610642352
002318.SZ,20260608,22.52,23.13,21.91,22.09,22.86,-0.77,-3.3683,114287,256186.35324,22.41605372789556
002319.SZ,20260608,12.21,12.21,10.91,11.17,11.99,-0.82,-6.839,154265,176412.33123,11.435667924026838
002320.SZ,20260608,7.12,7.27,6.9,6.97,7.22,-0.25,-3.4626,217524,153844.71952,7.072540019492103
002321.SZ,20260608,1.86,1.94,1.83,1.85,1.89,-0.04,-2.1164,276380,51977.282,1.880645560460236
002322.SZ,20260608,10.8,10.98,10.5,10.65,11.09,-0.44,-3.9675,39898,42834.427,10.735983507945262
002323.SZ,20260608,1.44,1.49,1.43,1.43,1.5,-0.07,-4.6667,1027602,149154.17219,1.4514780254417567
002324.SZ,20260608,12.0,12.18,11.45,11.59,12.21,-0.62,-5.0778,230040,271652.37205,11.80891897278734
002326.SZ,20260608,21.36,23.28,21.08,23.13,21.9,1.23,5.6164,659260,1501090.50905,22.769324834663106
002327.SZ,20260608,7.1,7.1,6.92,6.96,7.1,-0.14,-1.9718,45279,31651.77846,6.990388140197443
002328.SZ,20260608,8.42,8.53,7.87,8.0,8.58,-0.58,-6.7599,527669,432298.13625,8.1926005933644
002329.SZ,20260608,3.44,3.79,3.21,3.36,3.56,-0.2,-5.618,963828,336736.4628,3.493740198458646
002330.SZ,20260608,3.89,4.03,3.83,3.88,3.96,-0.08,-2.0202,125446,49290.226,3.9291986990418186
002331.SZ,20260608,8.57,8.95,8.41,8.66,8.84,-0.18,-2.0362,140246,122168.6546,8.71102595439442
002332.SZ,20260608,8.28,8.34,8.19,8.25,8.34,-0.09,-1.0791,71280,58843.903,8.255317480359146
002333.SZ,20260608,4.95,5.01,4.85,4.9,4.96,-0.06,-1.2097,68714,33782.629,4.91641135721978
002334.SZ,20260608,8.92,9.29,8.83,8.94,9.17,-0.23,-2.5082,484746,438186.12036,9.039499456622643
002335.SZ,20260608,37.0,37.93,35.92,36.01,38.51,-2.5,-6.4918,273083,1005802.5206,36.83138535170626
002337.SZ,20260608,5.17,5.26,5.0,5.09,5.26,-0.17,-3.2319,88337,45344.696,5.133148737222228
002338.SZ,20260608,52.01,52.85,49.57,50.27,53.21,-2.94,-5.5253,57439,292943.52012,51.00080435244347
002339.SZ,20260608,8.06,8.21,7.79,7.9,8.27,-0.37,-4.474,144671,115690.89477,7.9968269224654565
002340.SZ,20260608,7.01,7.09,6.76,6.85,7.2,-0.35,-4.8611,1619538,1124117.79815,6.94097821817086
002342.SZ,20260608,10.76,12.21,10.69,11.66,11.1,0.56,5.045,2073439,2413865.67242,11.641845612144849
002343.SZ,20260608,4.93,5.13,4.85,4.96,5.08,-0.12,-2.3622,125149,62347.168,4.981835092569657
002344.SZ,20260608,3.85,3.92,3.73,3.81,3.91,-0.1,-2.5575,128555,49411.311,3.8435930924507025
002345.SZ,20260608,9.2,9.2,8.44,8.56,8.96,-0.4,-4.4643,191848,166435.686,8.675393332221342
002346.SZ,20260608,17.5,18.1,16.66,16.85,17.85,-1.0,-5.6022,60539,104323.156,17.23238837773997
002347.SZ,20260608,6.85,7.08,6.77,6.88,6.98,-0.1,-1.4327,199829,138649.19094,6.9383918720506035
002348.SZ,20260608,12.79,13.47,12.56,12.9,13.37,-0.47,-3.5153,343197,447320.077,13.033915710218913
002349.SZ,20260608,6.66,6.7,6.48,6.5,6.7,-0.2,-2.9851,93862,61756.3596,6.579484732905756
002350.SZ,20260608,14.11,14.5,13.71,14.08,14.54,-0.46,-3.1637,123134,173362.67806,14.079188368768985
002351.SZ,20260608,10.69,10.82,10.53,10.63,10.93,-0.3,-2.7447,95776,102320.327,10.683295084363515
002352.SZ,20260608,34.59,34.77,34.34,34.58,34.86,-0.28,-0.8032,158973,548811.78132,34.52232651582344
002353.SZ,20260608,141.52,149.2,140.28,147.22,150.68,-3.46,-2.2963,217070,3163619.98599,145.7419259220528
002354.SZ,20260608,7.1,7.33,7.0,7.33,6.66,0.67,10.0601,1102835,798883.80024,7.243910469290511
002355.SZ,20260608,5.0,5.29,4.98,5.05,5.22,-0.17,-3.2567,192390,98416.17,5.115451426789334
002356.SZ,20260608,3.14,3.21,3.08,3.19,3.19,0.0,0.0,364058,114671.8693,3.1498241846079473
002357.SZ,20260608,10.17,10.47,9.88,9.93,10.44,-0.51,-4.8851,88764,89872.412,10.124871794871794
002358.SZ,20260608,6.0,6.2,5.92,5.99,6.24,-0.25,-4.0064,209451,126835.247,6.0556047476498085
002360.SZ,20260608,5.73,5.88,5.7,5.76,5.9,-0.14,-2.3729,78701,45474.15244,5.778090804437046
002361.SZ,20260608,17.51,18.49,17.51,18.49,16.81,1.68,9.9941,2640663,4823312.81,18.265537139725893
002362.SZ,20260608,15.9,17.89,15.77,17.89,16.26,1.63,10.0246,97396,167527.50477,17.200655547455746
002363.SZ,20260608,6.97,7.06,6.73,6.85,7.03,-0.18,-2.5605,66222,45758.9528,6.909932167557608
002364.SZ,20260608,50.27,55.43,50.27,52.41,52.95,-0.54,-1.0198,469008,2484384.58015,52.97104911110257
002365.SZ,20260608,11.31,11.5,10.97,11.14,11.45,-0.31,-2.7074,69203,77440.898,11.19039608109475
002366.SZ,20260608,6.14,6.24,5.98,6.04,6.28,-0.24,-3.8217,380487,231853.5502,6.093599786589293
002367.SZ,20260608,5.54,5.62,5.43,5.47,5.65,-0.18,-3.1858,66519,36675.015,5.513464574031479
002368.SZ,20260608,15.57,15.82,15.11,15.25,15.82,-0.57,-3.603,105752,163574.06676,15.467704323322488
002369.SZ,20260608,6.21,6.32,5.92,6.01,6.34,-0.33,-5.205,199077,121626.76293,6.109533644268298
002370.SZ,20260608,5.52,5.74,5.41,5.5,5.65,-0.15,-2.6549,175774,98151.17633,5.5839416711231475
002371.SZ,20260608,570.04,598.8,568.22,585.74,603.36,-17.62,-2.9203,97859,5746335.58932,587.2056315024679
002372.SZ,20260608,9.45,9.45,9.18,9.27,9.45,-0.18,-1.9048,68406,63491.90588,9.281628202204486
002373.SZ,20260608,7.45,7.64,7.35,7.47,7.64,-0.17,-2.2251,251892,188643.71257,7.489071211868579
002374.SZ,20260608,3.37,3.68,3.33,3.48,3.43,0.05,1.4577,476836,166824.8104,3.4985783455947117
002375.SZ,20260608,3.96,4.08,3.87,3.93,4.04,-0.11,-2.7228,207934,82511.35442,3.968151164311753
002376.SZ,20260608,6.3,6.42,6.13,6.21,6.45,-0.24,-3.7209,117782,73728.6536,6.2597556163080945
002377.SZ,20260608,2.78,2.88,2.72,2.76,2.86,-0.1,-3.4965,261311,73061.6726,2.7959662088469295
002378.SZ,20260608,28.6,31.58,28.51,30.1,29.69,0.41,1.3809,761834,2280696.02213,29.936915681500167
002379.SZ,20260608,18.01,18.2,17.24,17.48,18.63,-1.15,-6.1728,606854,1074006.77375,17.697943389184218
002380.SZ,20260608,37.73,39.84,37.11,37.9,38.41,-0.51,-1.3278,100824,388006.66379,38.48356182952472
002381.SZ,20260608,5.64,5.76,5.55,5.63,5.71,-0.08,-1.4011,57831,32689.92765,5.652665119053795
002382.SZ,20260608,6.01,6.15,5.81,5.89,6.1,-0.21,-3.4426,172407,102657.94707,5.954395533244009
002383.SZ,20260608,7.65,7.79,7.37,7.46,7.84,-0.38,-4.8469,152297,115293.623,7.570314779673927
002384.SZ,20260608,210.0,220.5,209.0,213.0,221.41,-8.41,-3.7984,705983,15134536.363,214.37536545497554
002385.SZ,20260608,3.21,3.26,3.15,3.2,3.25,-0.05,-1.5385,690479,220796.3196,3.197726789663408
002386.SZ,20260608,5.7,5.77,5.5,5.52,5.78,-0.26,-4.4983,208223,116891.92672,5.613785543383775
002387.SZ,20260608,9.0,9.25,8.65,8.69,9.26,-0.57,-6.1555,885677,791585.2538,8.937629110838376
002388.SZ,20260608,5.41,5.52,5.13,5.24,5.59,-0.35,-6.2612,415796,221985.265,5.338802321330652
002389.SZ,20260608,18.69,19.12,18.31,18.5,18.93,-0.43,-2.2715,177599,332012.765,18.694517705617713
002390.SZ,20260608,2.93,2.96,2.86,2.9,2.96,-0.06,-2.027,219366,63813.71801,2.9090067745229433
002391.SZ,20260608,5.35,5.53,5.3,5.39,5.49,-0.1,-1.8215,68868,37303.641,5.416687140616832
002392.SZ,20260608,7.88,7.95,7.48,7.64,8.02,-0.38,-4.7382,288763,222704.274,7.712354906965228
002393.SZ,20260608,14.3,14.45,13.89,14.06,14.4,-0.34,-2.3611,22060,31207.66892,14.146722085222121
002394.SZ,20260608,9.8,10.06,9.49,9.61,9.94,-0.33,-3.3199,77158,75113.33617,9.735003002929053
002395.SZ,20260608,15.14,15.96,14.51,14.55,15.68,-1.13,-7.2066,144602,219309.85153,15.166446627985783
002396.SZ,20260608,20.6,20.8,19.19,19.19,21.32,-2.13,-9.9906,421496,836695.15065,19.850607138620532
002397.SZ,20260608,4.43,4.79,4.25,4.32,4.53,-0.21,-4.6358,209015,92581.77701,4.429432194340119
002398.SZ,20260608,4.32,4.4,4.2,4.27,4.4,-0.13,-2.9545,160474,69120.3156,4.30725946882361
002399.SZ,20260608,9.6,9.74,9.31,9.4,9.63,-0.23,-2.3884,43310,40899.1044,9.443339736781343
002400.SZ,20260608,7.18,7.52,7.16,7.28,7.44,-0.16,-2.1505,658531,483278.25147,7.338731987863897
002401.SZ,20260608,12.52,12.87,12.36,12.56,12.71,-0.15,-1.1802,36161,45630.151,12.618608722103923
002402.SZ,20260608,24.8,25.11,23.93,24.17,25.58,-1.41,-5.5121,318700,782451.11438,24.551337131471605
002403.SZ,20260608,10.39,10.93,10.32,10.62,10.62,0.0,0.0,82702,88407.432,10.689878358443568
002404.SZ,20260608,7.05,7.3,6.72,6.78,7.22,-0.44,-6.0942,414981,288156.03608,6.943836852289623
002405.SZ,20260608,7.68,7.82,7.5,7.62,7.88,-0.26,-3.2995,572100,438561.46013,7.665818215871352
002406.SZ,20260608,7.79,8.23,7.77,7.87,8.07,-0.2,-2.4783,563582,449616.158,7.977830342345923
002407.SZ,20260608,31.82,34.79,31.82,33.63,33.2,0.43,1.2952,1299243,4382479.06806,33.7310192786107
002408.SZ,20260608,5.09,5.13,4.92,4.98,5.13,-0.15,-2.924,324504,163014.46022,5.023496173236693
002409.SZ,20260608,107.66,110.0,104.7,105.62,115.0,-9.38,-8.1565,237896,2555510.48234,107.42133042758181
002410.SZ,20260608,9.21,9.43,9.07,9.16,9.47,-0.31,-3.2735,321439,296519.39473,9.224748544202788
002412.SZ,20260608,6.38,6.53,6.22,6.29,6.46,-0.17,-2.6316,108632,68950.5751,6.347169811841815
002413.SZ,20260608,10.3,10.85,10.18,10.27,10.6,-0.33,-3.1132,768781,807364.72327,10.50188185282935
002414.SZ,20260608,12.16,12.38,11.64,11.84,12.53,-0.69,-5.5068,643428,770837.3741,11.980165210404273
002415.SZ,20260608,30.7,31.11,30.1,30.3,31.28,-0.98,-3.133,681107,2080449.47817,30.54511960925376
002416.SZ,20260608,10.05,10.52,10.01,10.08,10.52,-0.44,-4.1825,205083,209528.25978,10.216754181477743
002418.SZ,20260608,4.4,4.55,4.26,4.34,4.55,-0.21,-4.6154,556138,244674.93704,4.399536392765825
002419.SZ,20260608,4.76,4.84,4.6,4.65,4.79,-0.14,-2.9228,134757,63413.4398,4.705762209013261
002420.SZ,20260608,5.61,5.82,5.53,5.66,5.79,-0.13,-2.2453,136536,77470.908,5.674027948672878
002421.SZ,20260608,5.21,5.73,5.1,5.73,5.21,0.52,9.9808,4877236,2704439.84208,5.545025588427544
002422.SZ,20260608,34.5,35.0,33.59,33.88,34.61,-0.73,-2.1092,134950,461101.8246,34.168345653945906
002423.SZ,20260608,8.85,8.99,8.64,8.73,8.92,-0.19,-2.13,142860,125636.05653,8.794348070138598
002424.SZ,20260608,4.55,4.55,4.42,4.44,4.59,-0.15,-3.268,94148,42208.449,4.483201873645749
002425.SZ,20260608,2.88,3.16,2.86,2.97,2.99,-0.02,-0.6689,303556,92056.955,3.0326185283769718
002426.SZ,20260608,3.72,3.88,3.71,3.75,3.82,-0.07,-1.8325,2977183,1131131.38761,3.7993344299292318
002427.SZ,20260608,4.5,4.63,4.36,4.47,4.59,-0.12,-2.6144,144301,65339.92967,4.52803027491147
002428.SZ,20260608,78.0,84.5,78.0,78.64,85.5,-6.86,-8.0234,707055,5712352.67372,80.79078252356607
002429.SZ,20260608,11.18,11.73,11.01,11.12,11.82,-0.7,-5.9222,1234847,1394059.9241,11.289333205652197
002430.SZ,20260608,24.47,25.1,23.9,24.07,25.0,-0.93,-3.72,158940,387630.48646,24.38847907763936
002431.SZ,20260608,1.6,1.63,1.57,1.58,1.63,-0.05,-3.0675,162600,25944.60777,1.5956093339483393
002432.SZ,20260608,69.02,69.99,67.07,67.97,70.68,-2.71,-3.8342,199165,1364113.82817,68.49164402229307
002434.SZ,20260608,7.09,7.31,7.07,7.13,7.3,-0.17,-2.3288,169457,121592.33939,7.175409654956715
002436.SZ,20260608,35.01,38.88,35.01,37.0,37.9,-0.9,-2.3747,1426858,5310491.31441,37.21807856430002
002437.SZ,20260608,2.76,2.81,2.69,2.71,2.82,-0.11,-3.9007,515322,141152.00282,2.7391029845417036
002438.SZ,20260608,16.46,17.15,16.32,16.45,17.0,-0.55,-3.2353,116222,193928.5866,16.68604795993874
002439.SZ,20260608,13.5,13.78,13.25,13.38,13.78,-0.4,-2.9028,216381,292057.07693,13.497353137752391
002440.SZ,20260608,8.87,9.04,8.55,8.62,8.99,-0.37,-4.1157,236811,207736.5104,8.772249194505322
002441.SZ,20260608,8.8,8.9,8.41,8.57,8.95,-0.38,-4.2458,86782,75082.402,8.65184047383098
002442.SZ,20260608,5.3,5.45,5.14,5.17,5.49,-0.32,-5.8288,307203,161974.25259,5.2725478784386866
002443.SZ,20260608,10.78,11.37,10.38,11.07,10.88,0.19,1.7463,277992,308055.82647,11.081463728092896
002444.SZ,20260608,31.35,31.85,30.67,31.06,31.67,-0.61,-1.9261,125763,391768.70609,31.15134865500982
002445.SZ,20260608,3.42,3.52,3.35,3.38,3.53,-0.15,-4.2493,977331,333559.23368,3.41296074390355
002446.SZ,20260608,10.42,10.89,10.3,10.37,10.62,-0.25,-2.354,1118569,1181992.99809,10.567010153955634
002448.SZ,20260608,12.78,12.98,12.36,12.51,13.08,-0.57,-4.3578,112930,142800.4911,12.645044815372355
002449.SZ,20260608,8.27,8.55,7.94,8.08,8.57,-0.49,-5.7176,319691,263305.67742,8.23625555364399
002451.SZ,20260608,8.0,8.19,7.71,7.85,8.22,-0.37,-4.5012,99548,79107.01942,7.946620667416723
002452.SZ,20260608,10.93,11.18,10.88,11.14,11.27,-0.13,-1.1535,194597,215031.06778,11.050071058649415
002453.SZ,20260608,5.46,5.57,5.18,5.27,5.6,-0.33,-5.8929,188451,100961.06549,5.357417338724655
002454.SZ,20260608,5.58,5.65,5.35,5.43,5.66,-0.23,-4.0636,156373,85966.69044,5.497540524259303
002455.SZ,20260608,8.03,8.29,7.74,7.87,8.22,-0.35,-4.2579,299094,238943.23629,7.98890102409276
002456.SZ,20260608,9.4,9.8,9.15,9.24,9.86,-0.62,-6.288,1710270,1615752.61417,9.447354009425412
002457.SZ,20260608,12.2,13.2,12.2,12.44,12.2,0.24,1.9672,505120,641143.07047,12.692886254157429
002458.SZ,20260608,7.8,8.29,7.76,7.97,7.81,0.16,2.0487,242042,194477.59988,8.034869976285107
002459.SZ,20260608,8.28,8.45,7.99,8.04,8.44,-0.4,-4.7393,526852,431950.99797,8.198716109457685
002460.SZ,20260608,64.49,66.15,61.18,62.76,65.65,-2.89,-4.4021,505435,3204257.20696,63.39602930070137
002461.SZ,20260608,9.3,9.54,9.11,9.17,9.4,-0.23,-2.4468,149154,138481.26539,9.28444864971774
002462.SZ,20260608,13.59,13.59,12.65,12.74,13.73,-0.99,-7.2105,118017,153657.95569,13.019984891159748
002463.SZ,20260608,125.0,140.0,125.0,137.0,133.22,3.78,2.8374,1159899,15544516.8368,134.01612413494624
002465.SZ,20260608,15.5,16.08,14.37,14.46,15.92,-1.46,-9.1709,1897158,2848020.65372,15.01203723527508
002466.SZ,20260608,58.0,59.96,54.87,56.2,59.06,-2.86,-4.8425,573546,3272193.36737,57.05197782514393
002467.SZ,20260608,5.3,5.42,5.16,5.23,5.5,-0.27,-4.9091,449992,237939.20601,5.2876319136784655
002468.SZ,20260608,13.77,13.95,13.63,13.83,13.9,-0.07,-0.5036,197797,272455.84366,13.774518504325142
002469.SZ,20260608,6.38,6.6,6.35,6.56,6.3,0.26,4.127,169007,109785.08486,6.495889806931075
002470.SZ,20260608,2.2,2.29,2.14,2.15,2.25,-0.1,-4.4444,1111551,244891.8139,2.203154096393238
002471.SZ,20260608,7.9,8.35,7.75,8.1,7.95,0.15,1.8868,2174988,1767617.66207,8.127022595389032
002472.SZ,20260608,41.85,45.98,41.83,45.03,42.86,2.17,5.063,799447,3566684.82369,44.61440000012509
002474.SZ,20260608,6.91,7.11,6.82,6.87,7.16,-0.29,-4.0503,181406,126121.07598,6.952420315755818
002475.SZ,20260608,64.98,67.65,64.6,66.14,68.77,-2.63,-3.8243,1899719,12545747.6603,66.04001781473997
002476.SZ,20260608,5.16,5.22,5.0,5.07,5.24,-0.17,-3.2443,115168,58823.641,5.107637625034732
002478.SZ,20260608,6.95,7.05,6.78,6.87,7.12,-0.25,-3.5112,261739,180880.62163,6.910724868284818
002479.SZ,20260608,5.2,5.28,4.95,4.98,5.34,-0.36,-6.7416,274013,139711.12998,5.098704440300278
002480.SZ,20260608,5.86,5.99,5.81,5.9,6.04,-0.14,-2.3179,173857,102368.58428,5.888091033435524
002481.SZ,20260608,4.0,4.09,3.94,3.99,4.04,-0.05,-1.2376,102612,41105.225,4.005888687482945
002482.SZ,20260608,1.46,1.5,1.39,1.41,1.48,-0.07,-4.7297,952818,137888.81534,1.4471684554657869
002483.SZ,20260608,5.63,5.74,5.47,5.54,5.73,-0.19,-3.3159,138905,77664.3824,5.591186955113207
002484.SZ,20260608,88.39,89.0,83.22,83.62,90.0,-6.38,-7.0889,801229,6884416.5365,85.92320717922092
002485.SZ,20260608,4.52,4.6,4.43,4.51,4.59,-0.08,-1.7429,16464,7447.318,4.523395286686103
002486.SZ,20260608,2.41,2.5,2.33,2.38,2.48,-0.1,-4.0323,290805,70217.447,2.4145887106480286
002487.SZ,20260608,62.45,63.5,58.19,59.15,63.67,-4.52,-7.0991,306606,1841683.23382,60.06677083357794
002488.SZ,20260608,9.97,10.42,9.9,10.23,10.19,0.04,0.3925,183903,188274.58453,10.237711431026138
002489.SZ,20260608,3.55,3.64,3.48,3.53,3.65,-0.12,-3.2877,419531,148670.32614,3.5437268316286517
002490.SZ,20260608,7.55,8.23,7.55,8.23,7.48,0.75,10.0267,318005,258740.316,8.136359994339712
002491.SZ,20260608,22.36,26.68,22.36,25.1,24.82,0.28,1.1281,2490141,6203215.94637,24.911103212107268
002492.SZ,20260608,5.99,6.13,5.74,5.82,6.03,-0.21,-3.4826,103400,61330.321,5.931365667311413
002493.SZ,20260608,11.85,11.9,11.17,11.25,11.43,-0.18,-1.5748,652099,752288.62299,11.536417368988449
002494.SZ,20260608,5.01,5.34,4.91,5.12,5.25,-0.13,-2.4762,146322,75255.914,5.143171498475965
002495.SZ,20260608,2.38,2.43,2.33,2.36,2.42,-0.06,-2.4793,230407,54779.9922,2.3775315940921935
002496.SZ,20260608,2.33,2.38,2.26,2.26,2.38,-0.12,-5.042,242971,55852.3764,2.298726037263706
002497.SZ,20260608,21.01,21.55,20.09,20.5,21.2,-0.7,-3.3019,415645,863769.70304,20.78142893671282
002498.SZ,20260608,7.69,8.05,7.57,7.68,7.97,-0.29,-3.6386,720445,561561.00901,7.79464093733734
002500.SZ,20260608,5.01,5.04,4.89,4.92,5.06,-0.14,-2.7668,273862,136055.14786,4.968018485952779
002501.SZ,20260608,1.63,1.72,1.62,1.62,1.7,-0.08,-4.7059,858045,141457.232,1.6485992226514925
002506.SZ,20260608,3.35,3.44,3.2,3.25,3.44,-0.19,-5.5233,2670501,883492.61152,3.30834031337191
002507.SZ,20260608,11.59,11.68,11.36,11.46,11.57,-0.11,-0.9507,109084,125319.4313,11.488342130834951
002508.SZ,20260608,16.56,16.82,16.25,16.38,16.7,-0.32,-1.9162,47988,78802.52323,16.421297663999333
002510.SZ,20260608,6.15,6.86,6.1,6.68,6.3,0.38,6.0317,495242,324624.01778,6.554856368805554
002511.SZ,20260608,6.94,7.04,6.73,6.82,7.04,-0.22,-3.125,189362,129667.18389,6.847582085634921
002512.SZ,20260608,4.15,4.43,4.12,4.32,4.29,0.03,0.6993,426860,182971.5851,4.286454226209998
002513.SZ,20260608,5.4,5.74,5.31,5.43,5.61,-0.18,-3.2086,113304,62398.209,5.507149703452658
002514.SZ,20260608,3.9,3.99,3.85,3.85,4.05,-0.2,-4.9383,312684,121213.188,3.8765395095367845
002515.SZ,20260608,6.4,6.9,6.37,6.69,6.68,0.01,0.1497,669104,447643.95838,6.690200004483609
002516.SZ,20260608,5.95,6.08,5.8,5.87,6.06,-0.19,-3.1353,252365,149929.005,5.940958730410318
002517.SZ,20260608,14.8,15.28,14.5,14.69,15.22,-0.53,-3.4823,482284,715985.83046,14.845730533461612
002518.SZ,20260608,48.39,49.53,47.48,48.01,50.9,-2.89,-5.6778,161716,783561.80386,48.45295480100917
002519.SZ,20260608,6.43,6.7,6.26,6.34,6.62,-0.28,-4.2296,443359,287183.89185,6.477457136316168
002520.SZ,20260608,6.17,6.49,6.15,6.4,6.35,0.05,0.7874,755223,483056.76662,6.3962136563637495
002521.SZ,20260608,7.3,7.36,6.9,7.0,7.42,-0.42,-5.6604,87478,62192.71793,7.109526730149295
002522.SZ,20260608,6.84,7.43,6.83,7.14,7.29,-0.15,-2.0576,790739,571187.33027,7.223462233050349
002523.SZ,20260608,3.48,3.56,3.4,3.42,3.52,-0.1,-2.8409,255643,88642.35927,3.467427595122886
002524.SZ,20260608,3.7,3.83,3.56,3.66,3.79,-0.13,-3.4301,121624,44935.08973,3.694590683582188
002526.SZ,20260608,2.94,2.99,2.9,2.92,3.0,-0.08,-2.6667,244911,72124.34411,2.944920567471449
002527.SZ,20260608,14.83,16.93,14.8,16.29,15.43,0.86,5.5736,605537,960733.66621,15.865812761400214
002528.SZ,20260608,4.75,4.96,4.63,4.85,4.83,0.02,0.4141,160005,76906.43025,4.806501687447268
002529.SZ,20260608,7.58,7.71,7.35,7.43,7.68,-0.25,-3.2552,35955,26952.68,7.496225837852871
002530.SZ,20260608,7.63,8.1,7.6,7.79,7.86,-0.07,-0.8906,256719,201734.73742,7.858192709538444
002531.SZ,20260608,9.64,9.67,9.09,9.27,9.77,-0.5,-5.1177,433172,404187.22442,9.330871441829112
002532.SZ,20260608,13.35,13.42,12.81,13.16,13.81,-0.65,-4.7067,950982,1252252.95,13.167998447920148
002533.SZ,20260608,11.62,11.74,11.19,11.29,11.92,-0.63,-5.2852,122165,140190.76231,11.475525912495394
002534.SZ,20260608,19.13,19.6,18.23,18.59,19.72,-1.13,-5.7302,166443,314029.40494,18.867083923024698
002535.SZ,20260608,2.59,2.65,2.46,2.52,2.64,-0.12,-4.5455,260192,66897.0155,2.571063503105399
002536.SZ,20260608,37.45,41.0,37.45,38.12,39.55,-1.43,-3.6157,316469,1241783.48542,39.23870854396481
002537.SZ,20260608,6.08,6.15,5.83,5.91,6.14,-0.23,-3.7459,234811,140452.94949,5.981531933768009
002538.SZ,20260608,5.99,6.25,5.94,6.06,5.96,0.1,1.6779,194564,118691.318,6.100374067145001
002539.SZ,20260608,11.6,11.96,11.38,11.51,11.94,-0.43,-3.6013,201266,233299.27285,11.591588884858844
002540.SZ,20260608,5.2,5.31,5.09,5.16,5.34,-0.18,-3.3708,105820,54943.415,5.19215790965791
002541.SZ,20260608,18.13,18.9,18.03,18.61,18.41,0.2,1.0864,93651,173654.9819,18.542779244215225
002542.SZ,20260608,1.57,1.61,1.54,1.58,1.61,-0.03,-1.8634,267328,42112.11,1.575297387479052
002543.SZ,20260608,7.25,7.37,7.1,7.2,7.33,-0.13,-1.7735,37209,26876.04801,7.222996589534789
002544.SZ,20260608,20.39,20.73,19.32,19.53,20.8,-1.27,-6.1058,176447,352910.22846,20.000919735671335
002545.SZ,20260608,20.5,21.1,19.67,19.96,20.74,-0.78,-3.7608,161231,326702.2416,20.262991707550036
002546.SZ,20260608,7.03,7.13,6.77,6.85,7.14,-0.29,-4.0616,155958,108525.1744,6.958615422100822
002547.SZ,20260608,3.53,3.7,3.45,3.65,3.54,0.11,3.1073,394156,141656.01857,3.5939074521255536
002548.SZ,20260608,3.95,4.27,3.92,4.05,3.99,0.06,1.5038,418655,171925.1117,4.106605957172373
002549.SZ,20260608,15.35,15.94,15.2,15.4,15.99,-0.59,-3.6898,174315,271389.37811,15.568905608237959
002550.SZ,20260608,6.05,6.12,5.87,5.95,6.06,-0.11,-1.8152,137341,82285.004,5.991292039522066
002551.SZ,20260608,2.96,3.08,2.93,2.99,3.05,-0.06,-1.9672,125397,37739.42108,3.0095952120066665
002552.SZ,20260608,54.7,62.98,54.6,60.66,58.32,2.34,4.0123,289258,1749654.2472,60.48767007999779
002553.SZ,20260608,18.04,18.8,17.85,18.43,18.4,0.03,0.163,103375,190351.79111,18.413716189600965
002554.SZ,20260608,3.09,3.2,3.06,3.14,3.1,0.04,1.2903,256458,80500.77054,3.138945579393117
002555.SZ,20260608,19.12,19.5,18.53,18.72,19.5,-0.78,-4.0,447628,849895.78082,18.986653668224506
002556.SZ,20260608,5.16,5.19,5.03,5.11,5.16,-0.05,-0.969,94737,48498.2059,5.119246535144663
002557.SZ,20260608,21.08,21.43,20.66,20.99,21.26,-0.27,-1.27,70347,147650.52504,20.988887236129475
002558.SZ,20260608,25.02,25.6,24.53,24.87,25.79,-0.92,-3.5673,377618,945147.5985,25.02919878024882
002559.SZ,20260608,9.67,10.04,9.55,9.74,9.94,-0.2,-2.0121,262222,256615.603,9.786196543386902
002560.SZ,20260608,8.41,8.58,8.15,8.22,8.69,-0.47,-5.4085,417131,348305.77554,8.350033335810572
002561.SZ,20260608,7.1,7.26,6.95,7.04,7.17,-0.13,-1.8131,39370,27888.423,7.083673609347219
002562.SZ,20260608,4.83,4.89,4.65,4.72,4.9,-0.18,-3.6735,216167,102963.70057,4.763155364602368
002563.SZ,20260608,5.42,5.5,5.29,5.34,5.46,-0.12,-2.1978,136451,73249.87824,5.368218498948341
002564.SZ,20260608,4.95,5.06,4.68,4.78,5.08,-0.3,-5.9055,182995,88414.597,4.831530752206344
002565.SZ,20260608,14.8,16.12,14.75,16.12,15.34,0.78,5.0847,1372843,2156946.10237,15.711527846738484
002566.SZ,20260608,6.81,6.94,6.65,6.73,6.9,-0.17,-2.4638,65512,44498.34,6.79239528635975
002567.SZ,20260608,3.39,3.5,3.35,3.38,3.45,-0.07,-2.029,177778,60610.27404,3.4093236530954334
002568.SZ,20260608,18.2,19.01,17.91,18.8,18.38,0.42,2.2851,227281,422567.966,18.592313743779727
002569.SZ,20260608,15.7,16.02,15.3,15.64,15.88,-0.24,-1.5113,20120,31442.805,15.627636679920478
002570.SZ,20260608,5.43,5.66,5.26,5.27,5.6,-0.33,-5.8929,972271,527501.35545,5.425456024606309
002571.SZ,20260608,12.4,13.17,12.1,12.72,12.66,0.06,0.4739,191086,245198.61695,12.831846234156348
002572.SZ,20260608,8.78,8.85,8.53,8.57,8.81,-0.24,-2.7242,98289,84977.0366,8.645630396076877
002573.SZ,20260608,3.31,3.37,3.27,3.31,3.37,-0.06,-1.7804,85010,28180.12366,3.314918675449947
002574.SZ,20260608,4.8,4.89,4.64,4.71,4.89,-0.18,-3.681,91641,43541.1412,4.751273032812824
002575.SZ,20260608,5.55,5.82,5.51,5.61,5.83,-0.22,-3.7736,308924,174804.16508,5.658484451839287
002576.SZ,20260608,15.9,16.18,15.8,15.98,16.25,-0.27,-1.6615,53610,85768.4965,15.99860035441149
002577.SZ,20260608,17.68,18.13,17.22,17.7,17.93,-0.23,-1.2828,35474,63103.3448,17.788618368382476
002578.SZ,20260608,3.76,3.82,3.52,3.58,3.9,-0.32,-8.2051,468108,171362.183,3.660740320609774
002579.SZ,20260608,16.82,17.73,16.82,16.82,18.69,-1.87,-10.0054,1120732,1919109.49646,17.123714647748077
002580.SZ,20260608,21.1,21.85,20.46,20.8,21.85,-1.05,-4.8055,502455,1060666.97484,21.109690914410248
002581.SZ,20260608,4.16,4.24,4.03,4.03,4.24,-0.21,-4.9528,76752,31554.742,4.111259902022097
002582.SZ,20260608,9.5,9.58,9.32,9.37,9.66,-0.29,-3.0021,127301,120245.742,9.445781415699798
002583.SZ,20260608,8.5,8.72,8.31,8.54,8.75,-0.21,-2.4,452411,385239.56572,8.515256386781047
002584.SZ,20260608,7.33,7.53,7.05,7.16,7.55,-0.39,-5.1656,224122,162703.731,7.259605527346713
002585.SZ,20260608,10.93,12.3,10.93,11.09,11.82,-0.73,-6.176,2237965,2590181.95053,11.573826894209695
002586.SZ,20260608,3.9,3.96,3.79,3.84,3.98,-0.14,-3.5176,74364,28702.39258,3.8597160696035715
002587.SZ,20260608,6.92,7.12,6.67,6.81,7.05,-0.24,-3.4043,326340,224896.4465,6.891476573512287
002588.SZ,20260608,8.79,8.88,8.51,8.59,8.89,-0.3,-3.3746,120784,104674.54255,8.666258987117498
002589.SZ,20260608,2.83,2.85,2.73,2.74,2.87,-0.13,-4.5296,327086,91221.0488,2.7889010474309512
002590.SZ,20260608,11.65,12.15,11.5,11.77,12.04,-0.27,-2.2425,166763,197149.78387,11.82215382728783
002591.SZ,20260608,7.31,7.72,7.17,7.29,7.59,-0.3,-3.9526,136871,101474.61496,7.413887160903333
002592.SZ,20260608,6.86,7.02,6.79,6.83,6.99,-0.16,-2.289,28518,19665.92954,6.895970804404237
002593.SZ,20260608,4.67,4.71,4.49,4.54,4.73,-0.19,-4.0169,142515,65505.755,4.596411254955618
002594.SZ,20260608,91.0,92.02,90.3,91.19,93.01,-1.82,-1.9568,316844,2885879.18301,91.08202090019063
002595.SZ,20260608,50.1,51.29,48.61,49.2,50.79,-1.59,-3.1305,93463,463120.50745,49.55121357649551
002596.SZ,20260608,3.71,3.81,3.52,3.63,3.77,-0.14,-3.7135,395252,144125.86735,3.6464298055417803
002597.SZ,20260608,19.05,19.5,18.5,18.79,19.2,-0.41,-2.1354,68850,129850.21414,18.859871334785765
002598.SZ,20260608,7.27,7.48,7.17,7.48,7.12,0.36,5.0562,132854,98668.807,7.426860087012811
002599.SZ,20260608,6.01,6.33,6.0,6.17,6.23,-0.06,-0.9631,111385,69069.5554,6.2009745836513
002600.SZ,20260608,14.5,15.01,14.22,14.34,15.08,-0.74,-4.9072,1906973,2769315.45223,14.522048567179503
002601.SZ,20260608,14.36,14.7,13.97,14.05,13.93,0.12,0.8615,503555,717399.36008,14.24669321285659
002602.SZ,20260608,14.75,14.95,14.43,14.59,14.94,-0.35,-2.3427,999567,1464007.85751,14.646420475165748
002603.SZ,20260608,15.25,15.42,14.88,15.1,15.4,-0.3,-1.9481,127595,192693.44333,15.101958801677181
002605.SZ,20260608,18.71,19.38,18.56,18.8,19.2,-0.4,-2.0833,61393,115584.842,18.827039239001188
002606.SZ,20260608,13.3,13.71,12.88,13.14,13.88,-0.74,-5.3314,309425,410627.23412,13.27065473442676
002607.SZ,20260608,2.12,2.18,2.05,2.08,2.17,-0.09,-4.1475,1628355,342894.864,2.1057746253120477
002608.SZ,20260608,9.41,10.15,9.35,9.56,9.83,-0.27,-2.7467,1213830,1181846.56645,9.736508130874999
002609.SZ,20260608,7.46,7.74,7.4,7.51,7.71,-0.2,-2.594,75745,57216.9608,7.553892771800119
002611.SZ,20260608,18.04,18.71,17.91,18.1,18.43,-0.33,-1.7906,594620,1085139.50356,18.24929372641351
002612.SZ,20260608,12.41,12.66,12.11,12.25,12.62,-0.37,-2.9319,54931,67713.34338,12.326981737088348
002613.SZ,20260608,5.22,5.46,5.2,5.46,4.96,0.5,10.0806,605144,324149.31669,5.356564994282352
002614.SZ,20260608,5.0,5.14,4.89,4.95,5.09,-0.14,-2.7505,100966,50370.288,4.988836638076184
002615.SZ,20260608,7.8,8.44,7.8,8.19,8.08,0.11,1.3614,177400,145917.67778,8.225348240135288
002616.SZ,20260608,5.4,5.52,5.13,5.16,5.59,-0.43,-7.6923,222354,117994.76684,5.306617683513676
002617.SZ,20260608,8.22,8.5,7.96,8.04,8.58,-0.54,-6.2937,1311774,1076169.63978,8.203925674544548
002620.SZ,20260608,6.14,6.54,6.14,6.28,6.46,-0.18,-2.7864,190402,119463.263,6.274265133769603
002622.SZ,20260608,2.42,2.48,2.3,2.34,2.47,-0.13,-5.2632,333497,79602.269,2.3868961040129295
002623.SZ,20260608,18.0,19.46,17.91,18.18,18.42,-0.24,-1.3029,98961,185316.87578,18.72625335030972
002624.SZ,20260608,13.79,14.66,13.66,14.3,13.96,0.34,2.4355,1085966,1548950.20086,14.263339744154052
002625.SZ,20260608,37.0,37.0,35.0,35.08,37.5,-2.42,-6.4533,398727,1430172.16002,35.86845535968219
002626.SZ,20260608,14.78,14.78,14.36,14.52,14.78,-0.26,-1.7591,37436,54471.46214,14.550556186558394
002627.SZ,20260608,6.99,7.25,6.65,6.8,7.1,-0.3,-4.2254,254780,176021.67496,6.908771291310149
002628.SZ,20260608,4.95,5.07,4.82,4.93,5.04,-0.11,-2.1825,246188,121711.24309,4.943833293661754
002629.SZ,20260608,5.06,5.27,5.01,5.1,5.18,-0.08,-1.5444,206824,106513.626,5.149964510888485
002630.SZ,20260608,1.86,1.92,1.76,1.77,1.85,-0.08,-4.3243,281788,51736.8292,1.8360196033897824
002631.SZ,20260608,7.2,8.04,7.16,8.04,7.45,0.59,7.9195,694852,533469.96359,7.677461726957684
002632.SZ,20260608,10.11,10.4,9.75,9.88,10.49,-0.61,-5.8151,167432,168045.5708,10.036645969707102
002633.SZ,20260608,17.33,17.44,16.59,16.85,17.22,-0.37,-2.1487,31724,53831.69,16.96875866851595
002634.SZ,20260608,4.74,5.02,4.69,4.99,4.78,0.21,4.3933,238526,118569.5404,4.970927295137637
002635.SZ,20260608,17.1,17.59,16.4,16.54,17.65,-1.11,-6.289,306664,520285.63408,16.96598342420369
002636.SZ,20260608,58.07,63.98,57.09,63.98,58.16,5.82,10.0069,401265,2462714.91034,61.373778184989966
002637.SZ,20260608,12.77,13.08,12.36,12.37,13.09,-0.72,-5.5004,323986,408888.12906,12.620549315711173
002638.SZ,20260608,4.15,4.35,4.1,4.18,4.31,-0.13,-3.0162,279526,117627.3665,4.208101088986355
002639.SZ,20260608,14.6,15.46,14.51,14.67,15.1,-0.43,-2.8477,433338,647573.56571,14.943844428829227
002640.SZ,20260608,3.54,3.69,3.49,3.53,3.65,-0.12,-3.2877,799047,286534.036,3.585947209613452
002641.SZ,20260608,4.13,4.26,4.11,4.24,4.22,0.02,0.4739,176684,74131.61976,4.1957177650494675
002642.SZ,20260608,7.42,7.49,7.15,7.2,7.61,-0.41,-5.3876,205798,150568.9415,7.316346198699694
002643.SZ,20260608,14.0,14.36,13.58,13.72,14.41,-0.69,-4.7883,220687,307744.80816,13.944854393779426
002644.SZ,20260608,7.5,7.6,7.29,7.37,7.58,-0.21,-2.7704,37317,27733.8616,7.431964413002117
002645.SZ,20260608,30.0,33.63,29.95,31.43,31.17,0.26,0.8341,1006890,3207721.83447,31.857718663111164
002646.SZ,20260608,7.25,7.32,7.0,7.08,7.27,-0.19,-2.6135,55946,40063.46486,7.161095495656527
002647.SZ,20260608,11.49,12.21,11.4,11.64,12.11,-0.47,-3.8811,291624,343552.5525,11.780668000576085
002648.SZ,20260608,23.8,24.7,23.73,24.2,23.97,0.23,0.9595,504419,1225124.40399,24.28783221865156
002649.SZ,20260608,9.1,9.28,8.97,9.09,9.31,-0.22,-2.3631,100553,91829.73721,9.13247115551003
002650.SZ,20260608,7.43,7.81,7.4,7.46,7.44,0.02,0.2688,51596,39223.153,7.601975540739591
002651.SZ,20260608,8.1,8.2,7.8,7.92,8.16,-0.24,-2.9412,69604,55640.58567,7.993877603298661
002652.SZ,20260608,4.97,5.07,4.74,4.79,5.03,-0.24,-4.7714,220793,108228.3226,4.901800446572128
002653.SZ,20260608,46.74,47.79,45.7,46.45,47.58,-1.13,-2.3749,39864,185768.13608,46.60047563716637
002654.SZ,20260608,14.34,14.91,14.07,14.21,15.09,-0.88,-5.8317,483643,700628.02442,14.486470897335433
002655.SZ,20260608,36.91,37.46,34.99,35.46,37.78,-2.32,-6.1408,318139,1148997.23116,36.116201759608224
002656.SZ,20260608,3.38,3.44,3.32,3.39,3.41,-0.02,-0.5865,83172,28125.662,3.3816262684557303
002657.SZ,20260608,18.29,19.5,18.29,18.97,18.92,0.05,0.2643,195572,373858.95999,19.116180229787496
002658.SZ,20260608,7.68,7.83,7.5,7.55,7.87,-0.32,-4.0661,84261,64491.012,7.653720226439278
002659.SZ,20260608,4.28,4.39,4.17,4.25,4.34,-0.09,-2.0737,112785,48287.512,4.281377133484063
002660.SZ,20260608,7.46,7.64,7.16,7.3,7.65,-0.35,-4.5752,66718,49329.36422,7.393711475164125
002661.SZ,20260608,7.57,7.77,7.56,7.68,7.72,-0.04,-0.5181,37711,28943.0794,7.674970008750762
002662.SZ,20260608,3.3,3.36,3.21,3.26,3.36,-0.1,-2.9762,176114,57768.15993,3.280157166948681
002663.SZ,20260608,1.8,1.89,1.73,1.79,1.84,-0.05,-2.7174,559826,102093.84682,1.823671048147103
002664.SZ,20260608,18.3,19.26,18.2,18.94,18.81,0.13,0.6911,101394,191990.51888,18.93509664082687
002666.SZ,20260608,4.4,4.5,4.24,4.31,4.52,-0.21,-4.646,147908,64571.341,4.3656422235443655
002667.SZ,20260608,22.05,22.45,22.04,22.04,23.2,-1.16,-5.0,37504,82726.231,22.05797541595563
002668.SZ,20260608,9.5,9.57,9.19,9.25,9.55,-0.3,-3.1414,164357,153471.96684,9.337720136045316
002669.SZ,20260608,15.42,16.64,15.4,15.81,16.62,-0.81,-4.8736,379372,608192.35476,16.031556223442955
002670.SZ,20260608,10.89,11.88,10.87,11.36,11.03,0.33,2.9918,504971,578327.70298,11.45269140168445
002671.SZ,20260608,4.19,4.31,4.1,4.17,4.29,-0.12,-2.7972,134498,56683.27,4.214432184865203
002672.SZ,20260608,3.62,3.72,3.39,3.55,3.67,-0.12,-3.2698,132453,47548.343,3.589827561474636
002673.SZ,20260608,6.34,6.39,6.17,6.22,6.36,-0.14,-2.2013,318977,199901.9607,6.266970994773918
002674.SZ,20260608,14.52,16.09,14.21,15.79,14.74,1.05,7.1235,177238,273730.69903,15.444244407519834
002675.SZ,20260608,12.55,12.6,12.29,12.45,12.55,-0.1,-0.7968,73224,91160.57616,12.449548803670927
002676.SZ,20260608,5.5,5.57,5.25,5.29,5.62,-0.33,-5.8719,177061,95486.78699,5.392875166750441
002677.SZ,20260608,7.17,7.28,6.92,7.03,7.25,-0.22,-3.0345,55303,39188.743,7.086187548595917
002678.SZ,20260608,6.06,6.22,5.87,6.12,6.25,-0.13,-2.08,187455,113398.32097,6.049362298685018
002679.SZ,20260608,8.97,9.25,8.74,8.95,9.17,-0.22,-2.3991,28878,25987.673,8.999124939400234
002681.SZ,20260608,5.14,5.52,5.12,5.33,5.17,0.16,3.0948,1222518,654858.09735,5.356633582082227
002682.SZ,20260608,5.02,5.13,4.85,4.93,5.11,-0.18,-3.5225,170515,84949.627,4.981944521009881
002683.SZ,20260608,31.05,31.35,30.1,30.42,31.68,-1.26,-3.9773,100205,307634.23885,30.70048788483609
002685.SZ,20260608,7.05,7.15,6.78,6.85,7.25,-0.4,-5.5172,347720,242563.55792,6.97582991832509
002686.SZ,20260608,6.09,6.26,5.95,6.02,6.2,-0.18,-2.9032,105962,64597.82002,6.096319437156716
002687.SZ,20260608,4.31,4.41,4.23,4.27,4.38,-0.11,-2.5114,116166,50154.37167,4.317474275605599
002688.SZ,20260608,5.1,5.17,4.98,5.03,5.19,-0.16,-3.0829,103208,52349.413,5.07222434307418
002689.SZ,20260608,3.0,3.01,2.92,2.94,3.06,-0.12,-3.9216,85697,25400.8833,2.9640341318832633
002690.SZ,20260608,14.83,14.9,14.45,14.64,15.0,-0.36,-2.4,71310,104694.118,14.681547889496564
002691.SZ,20260608,5.07,5.17,4.96,5.05,5.17,-0.12,-2.3211,45612,23085.096,5.061189160747173
002692.SZ,20260608,4.47,4.71,4.28,4.33,4.51,-0.18,-3.9911,224538,99221.0668,4.418898663032538
002693.SZ,20260608,9.07,9.26,8.71,8.83,9.26,-0.43,-4.6436,141603,126473.70036,8.931569271837462
002694.SZ,20260608,2.48,2.6,2.43,2.45,2.51,-0.06,-2.3904,63384,15900.8736,2.508657326770163
002695.SZ,20260608,11.94,12.08,11.38,11.79,12.09,-0.3,-2.4814,122577,142280.77843,11.607461304322996
002696.SZ,20260608,5.8,5.91,5.48,5.58,5.8,-0.22,-3.7931,176519,100640.45846,5.701395229975244
002697.SZ,20260608,4.7,4.77,4.62,4.66,4.73,-0.07,-1.4799,191056,89439.01308,4.681298314630266
002698.SZ,20260608,12.27,12.8,12.2,12.8,12.47,0.33,2.6464,161686,203867.46902,12.60885104585431
002700.SZ,20260608,7.58,8.7,7.58,8.64,7.98,0.66,8.2707,454149,383146.8939,8.436590059650028
002701.SZ,20260608,4.78,4.8,4.65,4.7,4.83,-0.13,-2.6915,227707,107460.17054,4.719229999077762
002702.SZ,20260608,5.12,5.33,5.0,5.07,5.23,-0.16,-3.0593,179615,92641.539,5.1577840937560895
002703.SZ,20260608,16.01,16.95,15.99,16.41,16.76,-0.35,-2.0883,308000,506312.72682,16.438724896753246
002705.SZ,20260608,12.25,12.51,12.12,12.39,12.46,-0.07,-0.5618,79707,98183.29339,12.318026445607037
002706.SZ,20260608,12.27,12.59,11.43,11.76,12.63,-0.87,-6.8884,611833,729006.93631,11.915129394949275
002707.SZ,20260608,5.41,5.6,5.33,5.41,5.53,-0.12,-2.17,154279,84010.48526,5.445361018673961
002708.SZ,20260608,15.24,15.83,14.94,15.09,15.86,-0.77,-4.855,585556,900537.84472,15.37919250626755
002709.SZ,20260608,47.51,48.96,46.05,46.91,48.62,-1.71,-3.5171,763592,3619407.78138,47.39976036129242
002712.SZ,20260608,4.88,5.04,4.82,4.92,5.05,-0.13,-2.5743,161538,79724.854,4.935362205796779
002713.SZ,20260608,11.11,11.58,10.96,11.25,11.54,-0.29,-2.513,106178,119344.99321,11.240086760910923
002714.SZ,20260608,34.83,35.57,33.85,34.15,35.06,-0.91,-2.5956,488860,1684875.0846,34.465390594444216
002715.SZ,20260608,15.4,15.6,14.66,14.97,15.62,-0.65,-4.1613,43886,66306.745,15.108860456637652
002716.SZ,20260608,8.63,8.82,8.36,8.5,9.08,-0.58,-6.3877,1079760,930215.37177,8.615019742998445
002717.SZ,20260608,1.12,1.17,1.08,1.17,1.11,0.06,5.4054,2015163,231648.11761,1.1495254607691783
002718.SZ,20260608,86.85,93.19,83.69,90.98,87.72,3.26,3.7164,20070,181086.009,90.22720926756352
002719.SZ,20260608,7.15,7.29,7.02,7.15,7.35,-0.2,-2.7211,34852,24946.544,7.157851486284862
002721.SZ,20260608,2.5,2.58,2.46,2.5,2.58,-0.08,-3.1008,264831,66624.54847,2.5157382810169504
002722.SZ,20260608,13.13,13.41,12.78,12.97,13.31,-0.34,-2.5545,34234,44740.544,13.069037798679675
002723.SZ,20260608,8.45,8.76,8.24,8.3,8.59,-0.29,-3.376,117766,99579.8934,8.455742183652328
002724.SZ,20260608,5.41,5.48,5.2,5.28,5.47,-0.19,-3.4735,78985,42079.60764,5.327544171678166
002725.SZ,20260608,13.45,13.79,12.89,13.13,13.85,-0.72,-5.1986,121318,162189.45021,13.368951862872782
002726.SZ,20260608,1.61,1.66,1.59,1.59,1.67,-0.08,-4.7904,354555,57207.95417,1.613514240949923
002727.SZ,20260608,11.2,11.34,10.88,11.05,11.35,-0.3,-2.6432,71102,78667.149,11.063985401254538
002728.SZ,20260608,8.37,8.53,8.12,8.26,8.48,-0.22,-2.5943,84570,70430.43928,8.32806424027433
002729.SZ,20260608,17.1,17.73,16.38,16.73,17.97,-1.24,-6.9004,81631,138940.04736,17.02050046673445
002730.SZ,20260608,28.0,29.52,27.16,27.79,29.21,-1.42,-4.8613,134563,377960.743,28.08801401573984
002732.SZ,20260608,14.12,14.22,13.72,13.96,14.17,-0.21,-1.482,16016,22454.007,14.019734640359642
002733.SZ,20260608,33.85,34.86,32.43,33.57,33.96,-0.39,-1.1484,336055,1133466.60029,33.728603957387925
002734.SZ,20260608,17.09,17.24,16.16,16.25,17.33,-1.08,-6.232,176465,293400.61698,16.626561469979883
002735.SZ,20260608,17.1,19.61,17.1,18.59,18.03,0.56,3.1059,823412,1522999.82874,18.4962063795524
002736.SZ,20260608,9.88,10.04,9.79,9.83,10.01,-0.18,-1.7982,282185,279644.91572,9.909985141662384
002737.SZ,20260608,12.77,12.91,12.5,12.74,12.77,-0.03,-0.2349,41470,52708.042,12.709920906679528
002738.SZ,20260608,56.3,58.22,52.8,54.27,58.37,-4.1,-7.0242,327156,1797853.05457,54.95399914933549
002739.SZ,20260608,8.78,8.88,8.48,8.58,8.9,-0.32,-3.5955,380912,329776.39343,8.65754802762843
002741.SZ,20260608,26.66,27.12,25.31,25.74,27.98,-2.24,-8.0057,479342,1254506.76352,26.171434247781335
002742.SZ,20260608,4.05,4.1,3.88,3.93,4.14,-0.21,-5.0725,92176,36779.638,3.9901534021871203
002743.SZ,20260608,4.55,4.74,4.48,4.54,4.66,-0.12,-2.5751,60913,27987.589,4.594682415904651
002745.SZ,20260608,9.75,10.1,9.56,9.71,10.06,-0.35,-3.4791,610231,599278.11473,9.820512473637033
002746.SZ,20260608,5.61,5.79,5.53,5.66,5.65,0.01,0.177,145404,82436.62677,5.669488237600067
002747.SZ,20260608,30.4,34.12,30.36,34.12,31.02,3.1,9.9936,1128946,3679820.42301,32.59518544739961
002748.SZ,20260608,10.58,11.24,10.4,10.71,10.73,-0.02,-0.1864,109191,118225.16208,10.827372409813997
002749.SZ,20260608,8.77,8.98,8.57,8.7,9.24,-0.54,-5.8442,37299,32713.44956,8.770596948979865
002752.SZ,20260608,6.24,6.31,6.02,6.17,6.35,-0.18,-2.8346,152104,93794.32275,6.166459971466891
002753.SZ,20260608,6.42,6.71,6.38,6.53,6.5,0.03,0.4615,63522,41637.2375,6.554774330153333
002755.SZ,20260608,12.7,12.99,12.5,12.66,12.92,-0.26,-2.0124,89096,113127.38304,12.697246008799496
002756.SZ,20260608,57.87,59.63,54.82,55.95,58.95,-3.0,-5.0891,149522,847854.62383,56.70433941694199
002757.SZ,20260608,21.64,22.15,20.38,20.81,22.37,-1.56,-6.9736,191967,404075.05912,21.049193826022183
002758.SZ,20260608,8.14,8.17,7.9,7.98,8.22,-0.24,-2.9197,61859,49643.905,8.025332611261094
002759.SZ,20260608,25.73,26.96,25.0,25.47,26.75,-1.28,-4.785,283088,731480.93774,25.83934810871531
002760.SZ,20260608,18.59,19.17,17.95,18.38,18.79,-0.41,-2.182,62789,116517.402,18.556976859003967
002761.SZ,20260608,7.38,7.46,7.22,7.36,7.47,-0.11,-1.4726,95362,69862.72324,7.326054742979384
002762.SZ,20260608,8.7,8.7,8.3,8.38,8.7,-0.32,-3.6782,30226,25472.558,8.427366505657382
002763.SZ,20260608,7.81,8.05,7.69,7.8,7.94,-0.14,-1.7632,62200,49095.889,7.893229742765274
002765.SZ,20260608,8.0,8.23,7.91,8.07,8.24,-0.17,-2.0631,122659,98991.1658,8.070436396840021
002766.SZ,20260608,4.28,4.42,4.24,4.27,4.46,-0.19,-4.2601,279989,121039.0468,4.322992931865181
002767.SZ,20260608,18.36,19.14,17.85,18.3,18.54,-0.24,-1.2945,37374,69336.08645,18.551957630973405
002768.SZ,20260608,62.53,63.5,60.88,61.46,64.47,-3.01,-4.6688,46034,284465.00242,61.794543689446925
002769.SZ,20260608,7.83,7.99,7.6,7.7,8.01,-0.31,-3.8702,133430,104198.956,7.809259986509781
002771.SZ,20260608,15.5,16.09,15.06,15.38,16.29,-0.91,-5.5862,129293,201262.355,15.566376756668962
002772.SZ,20260608,12.38,12.7,11.96,12.16,12.6,-0.44,-3.4921,95437,117319.67452,12.292892119408616
002773.SZ,20260608,20.9,21.25,20.46,20.63,21.33,-0.7,-3.2818,77706,161716.17568,20.811285573829558
002774.SZ,20260608,11.81,12.33,11.53,11.9,11.92,-0.02,-0.1678,82536,98771.651,11.96709932635456
002775.SZ,20260608,4.09,4.16,3.78,3.82,4.0,-0.18,-4.5,323675,127662.14776,3.944146065034371
002777.SZ,20260608,13.26,13.75,13.12,13.48,13.69,-0.21,-1.534,54154,73069.015,13.492819551649
002778.SZ,20260608,17.75,17.95,16.91,17.25,18.13,-0.88,-4.8538,35190,61094.6854,17.36137692526286
002779.SZ,20260608,71.3,76.38,70.58,73.74,72.57,1.17,1.6122,57528,428299.76524,74.45066145876791
002780.SZ,20260608,13.4,13.78,13.19,13.46,13.64,-0.18,-1.3196,58215,78754.5638,13.52822533711243
002782.SZ,20260608,25.63,26.15,23.86,24.06,26.01,-1.95,-7.4971,184447,458765.77194,24.87249843803369
002783.SZ,20260608,8.35,8.43,7.71,7.86,8.43,-0.57,-6.7616,163524,130654.89182,7.989952044959762
002785.SZ,20260608,39.72,40.1,37.8,38.3,40.9,-2.6,-6.357,80693,314206.419,38.93849763920043
002786.SZ,20260608,8.67,9.08,8.51,8.61,8.83,-0.22,-2.4915,323529,282688.005,8.737640366087739
002787.SZ,20260608,26.1,27.34,25.08,26.58,27.82,-1.24,-4.4572,257668,678734.86604,26.341449696508686
002788.SZ,20260608,11.47,11.94,11.26,11.4,11.64,-0.24,-2.0619,167801,194287.5637,11.57845088527482
002789.SZ,20260608,12.87,13.42,12.71,13.02,13.37,-0.35,-2.6178,33217,43201.73,13.005909624589819
002790.SZ,20260608,6.24,6.27,5.96,6.08,6.23,-0.15,-2.4077,49063,29959.341,6.106300267003649
002791.SZ,20260608,15.11,15.32,14.52,14.72,15.3,-0.58,-3.7908,56901,84776.78741,14.898997804959492
002792.SZ,20260608,40.4,42.99,39.79,40.97,42.5,-1.53,-3.6,322421,1336362.99048,41.4477652038794
002793.SZ,20260608,4.18,4.25,4.05,4.09,4.19,-0.1,-2.3866,158487,65629.812,4.141021787275928
002795.SZ,20260608,7.28,7.64,7.16,7.23,7.55,-0.32,-4.2384,189730,139322.622,7.343204659252622
002796.SZ,20260608,41.5,42.93,40.25,41.36,44.0,-2.64,-6.0,132164,551588.1042,41.73512486002239
002797.SZ,20260608,6.35,6.47,6.25,6.35,6.49,-0.14,-2.1572,824531,523762.51053,6.352247647814333
002798.SZ,20260608,6.15,6.86,6.12,6.5,6.24,0.26,4.1667,469804,308312.96382,6.562587032464602
002799.SZ,20260608,7.12,7.26,6.9,7.04,7.25,-0.21,-2.8966,56335,39941.3156,7.0899646045974976
002800.SZ,20260608,15.5,16.1,14.92,15.17,16.35,-1.18,-7.2171,37810,58291.2132,15.416877334038615
002801.SZ,20260608,30.74,31.58,30.25,30.7,31.41,-0.71,-2.2604,27249,84301.51891,30.937472534771917
002802.SZ,20260608,12.34,12.54,11.84,12.08,12.52,-0.44,-3.5144,32230,39226.25152,12.170726503257834
002803.SZ,20260608,20.41,21.17,19.7,19.79,20.93,-1.14,-5.4467,116600,235807.44132,20.22362275471698
002805.SZ,20260608,20.07,20.85,19.37,19.75,20.82,-1.07,-5.1393,124644,250003.19931,20.057379361220757
002806.SZ,20260608,18.51,20.06,18.5,19.25,19.78,-0.53,-2.6795,289649,560972.75525,19.367329258861588
002807.SZ,20260608,3.94,3.97,3.91,3.94,3.94,0.0,0.0,277487,109041.23132,3.929597830528998
002809.SZ,20260608,8.66,8.98,8.41,8.55,8.83,-0.28,-3.171,87222,75685.01556,8.677285038178441
002810.SZ,20260608,21.4,22.13,20.9,21.11,21.9,-0.79,-3.6073,87123,186291.01484,21.382529853196054
002811.SZ,20260608,11.13,11.8,11.02,11.35,11.34,0.01,0.0882,59340,67765.646,11.419893158072124
002812.SZ,20260608,61.99,63.92,59.93,61.1,63.31,-2.21,-3.4908,271865,1670324.86504,61.43949625880492
002813.SZ,20260608,21.47,22.18,21.13,21.48,22.32,-0.84,-3.7634,20265,43848.152,21.637380705650138
002815.SZ,20260608,16.3,18.09,16.3,17.2,17.77,-0.57,-3.2077,970834,1663231.89661,17.131990604057954
002816.SZ,20260608,24.39,24.96,24.21,24.96,25.05,-0.09,-0.3593,24531,60287.599,24.576086991969348
002817.SZ,20260608,6.66,6.83,6.47,6.64,6.74,-0.1,-1.4837,50967,33846.759,6.640916475366413
002818.SZ,20260608,10.9,11.12,10.9,11.0,11.08,-0.08,-0.722,39813,43877.6074,11.020924672845553
002819.SZ,20260608,22.54,22.8,21.66,21.94,23.0,-1.06,-4.6087,29592,65842.2173,22.250005846174645
002820.SZ,20260608,9.43,9.8,9.25,9.41,9.68,-0.27,-2.7893,63093,60160.1134,9.535148653574883
002821.SZ,20260608,113.01,116.26,111.52,112.56,116.27,-3.71,-3.1908,48386,547347.00444,113.12094499235316
002822.SZ,20260608,2.92,2.92,2.83,2.84,2.94,-0.1,-3.4014,98815,28386.80625,2.872722385265395
002823.SZ,20260608,19.0,19.68,18.19,18.31,20.0,-1.69,-8.45,258633,488051.08156,18.87041025545851
002824.SZ,20260608,27.82,28.13,25.56,25.56,28.4,-2.84,-10.0,239726,639486.2736,26.675716175967562
002825.SZ,20260608,9.9,10.08,9.53,9.57,10.11,-0.54,-5.3412,54085,52767.61913,9.756423986317833
002826.SZ,20260608,16.38,16.44,15.28,15.55,16.41,-0.86,-5.2407,51687,81530.55185,15.77389901716099
002827.SZ,20260608,27.64,27.97,26.5,26.81,28.08,-1.27,-4.5228,34333,93076.28651,27.10986121515743
002828.SZ,20260608,9.18,9.76,9.18,9.45,9.31,0.14,1.5038,147685,139970.7075,9.47765226664861
002829.SZ,20260608,22.22,23.11,21.01,21.32,22.88,-1.56,-6.8182,96265,210498.2038,21.866535480184904
002830.SZ,20260608,14.88,15.54,14.2,14.55,15.58,-1.03,-6.611,45798,68135.6122,14.877420891741998
002831.SZ,20260608,26.26,28.0,26.26,27.4,26.88,0.52,1.9345,175031,475121.47741,27.144990168027377
002832.SZ,20260608,20.13,21.38,19.68,20.95,19.98,0.97,4.8549,204587,427545.00106,20.89795544487186
002833.SZ,20260608,18.41,18.45,17.6,17.93,18.51,-0.58,-3.1334,79447,142957.29942,17.99404627235767
002835.SZ,20260608,13.1,13.29,12.72,12.91,13.28,-0.37,-2.7861,24058,31298.30092,13.009519045639703
002836.SZ,20260608,10.7,11.1,10.4,10.7,11.0,-0.3,-2.7273,33415,36043.07324,10.786495059105192
002837.SZ,20260608,62.4,65.8,62.2,63.38,65.9,-2.52,-3.824,402509,2571262.49848,63.88086970676432
002838.SZ,20260608,31.66,32.5,29.8,30.23,32.5,-2.27,-6.9846,75208,231646.91272,30.800834049569193
002839.SZ,20260608,4.22,4.24,4.17,4.22,4.23,-0.01,-0.2364,211259,88928.9802,4.209476528810607
002840.SZ,20260608,7.86,8.17,7.71,7.78,8.02,-0.24,-2.9925,189515,150204.77812,7.925746147798327
002841.SZ,20260608,35.1,35.57,34.15,34.62,35.67,-1.05,-2.9437,44628,155515.71228,34.847116671148164
002842.SZ,20260608,31.54,35.08,31.09,33.08,32.94,0.14,0.425,367497,1213016.82015,33.00752986146826
002843.SZ,20260608,22.1,22.26,20.62,20.94,22.91,-1.97,-8.5989,174844,374159.95438,21.399645076754137
002845.SZ,20260608,15.3,15.99,14.93,15.12,15.72,-0.6,-3.8168,186673,288551.2394,15.457577657186633
002846.SZ,20260608,11.6,11.86,11.28,11.49,11.9,-0.41,-3.4454,58287,67446.675,11.571478202686707
002847.SZ,20260608,56.0,57.61,55.3,57.18,56.8,0.38,0.669,33471,188561.024,56.33564100265902
002848.SZ,20260608,14.18,15.15,14.18,14.18,15.76,-1.58,-10.0254,106843,153526.74517,14.369377981711484
002849.SZ,20260608,16.42,17.15,16.11,16.25,16.67,-0.42,-2.5195,75177,125068.2302,16.636501882224618
002850.SZ,20260608,171.97,187.5,171.97,183.18,172.15,11.03,6.4072,115044,2103060.825,182.8049115990404
002851.SZ,20260608,142.22,157.03,140.88,149.0,146.5,2.5,1.7065,441020,6596010.26392,149.56261085483652
002852.SZ,20260608,7.7,7.94,7.59,7.68,7.85,-0.17,-2.1656,41621,32154.60934,7.725573470123255
002853.SZ,20260608,23.66,24.36,23.02,23.78,24.0,-0.22,-0.9167,17730,42320.374,23.86935927805979
002855.SZ,20260608,11.37,11.66,10.76,10.94,11.59,-0.65,-5.6083,63193,70508.927,11.157711613628091
002856.SZ,20260608,26.9,26.99,26.23,26.99,25.7,1.29,5.0195,93486,251350.8652,26.886471257728427
002857.SZ,20260608,18.21,18.67,16.84,17.27,18.69,-1.42,-7.5976,51398,90618.134,17.63067317794467
002858.SZ,20260608,12.5,13.12,12.22,12.34,12.76,-0.42,-3.2915,57482,72584.356,12.627319160780765
002859.SZ,20260608,79.0,86.2,79.0,80.3,86.56,-6.26,-7.232,358183,2944113.56821,82.19579288268847
002860.SZ,20260608,12.91,13.28,12.34,12.42,13.17,-0.75,-5.6948,116307,148293.64216,12.750190629970678
002861.SZ,20260608,17.47,18.18,17.06,17.62,17.89,-0.27,-1.5092,61401,107778.8182,17.5532675689321
002862.SZ,20260608,15.58,15.93,15.12,15.32,16.0,-0.68,-4.25,41110,63697.4926,15.49440345414741
002863.SZ,20260608,4.98,5.04,4.82,4.86,5.05,-0.19,-3.7624,109130,53803.7614,4.930244790616696
002864.SZ,20260608,27.96,28.81,27.62,28.16,27.93,0.23,0.8235,17882,50472.14016,28.22510913768035
002865.SZ,20260608,69.66,73.08,66.52,67.08,72.86,-5.78,-7.933,145221,1008080.71948,69.41700714634935
002866.SZ,20260608,18.5,18.88,17.71,18.08,19.11,-1.03,-5.3898,122684,224567.54356,18.304550190733917
002867.SZ,20260608,12.14,12.32,11.93,11.96,12.27,-0.31,-2.5265,73316,88283.38155,12.041489108789351
002868.SZ,20260608,27.02,27.18,25.98,26.52,27.28,-0.76,-2.7859,20343,54140.358,26.61375313375608
002869.SZ,20260608,18.11,19.21,18.1,18.18,18.74,-0.56,-2.9883,31482,58060.825,18.442546534527665
002870.SZ,20260608,38.06,39.16,37.46,38.23,39.38,-1.15,-2.9203,45447,173537.04,38.18448742491254
002871.SZ,20260608,20.0,20.53,19.57,19.62,20.85,-1.23,-5.8993,58381,116426.87316,19.94259659135678
002872.SZ,20260608,5.19,5.26,5.06,5.12,5.24,-0.12,-2.2901,41642,21390.4905,5.136758681139234
002873.SZ,20260608,8.32,8.48,8.1,8.2,8.36,-0.16,-1.9139,73430,60990.55,8.305944436878661
002875.SZ,20260608,18.19,18.59,17.19,17.57,18.61,-1.04,-5.5884,93217,166151.33,17.824144737547872
002876.SZ,20260608,31.67,33.18,30.94,31.3,32.78,-1.48,-4.5149,113972,363952.78939,31.933526602147893
002877.SZ,20260608,8.49,8.64,8.25,8.28,8.64,-0.36,-4.1667,256116,215335.74151,8.407742644348655
002878.SZ,20260608,14.71,16.22,14.6,15.34,15.19,0.15,0.9875,168124,258954.62234,15.402597031952608
002879.SZ,20260608,14.95,15.32,14.5,14.74,15.32,-0.58,-3.7859,50248,74814.311,14.889012697022768
002880.SZ,20260608,23.62,23.65,22.8,22.97,23.66,-0.69,-2.9163,11068,25654.3371,23.178837278641126
002881.SZ,20260608,42.15,45.68,42.15,44.71,44.05,0.66,1.4983,163320,728119.75041,44.58239960874357
002882.SZ,20260608,20.75,21.19,19.92,20.29,21.2,-0.91,-4.2925,41907,85970.906,20.514688715489058
002883.SZ,20260608,9.25,9.28,8.93,9.08,9.4,-0.32,-3.4043,29743,27201.5851,9.145541841777899
002884.SZ,20260608,16.39,16.39,16.02,16.18,16.4,-0.22,-1.3415,21817,35215.73452,16.141419315212907
002885.SZ,20260608,40.11,41.48,39.05,39.33,41.82,-2.49,-5.9541,182859,733837.48347,40.13132979344741
002886.SZ,20260608,27.27,28.06,26.5,26.89,28.42,-1.53,-5.3835,129666,353566.6356,27.267489981953634
002887.SZ,20260608,12.24,12.69,12.01,12.54,12.47,0.07,0.5613,47107,58583.2805,12.436215530600547
002888.SZ,20260608,19.35,20.65,19.32,19.73,20.02,-0.29,-1.4486,82301,164983.637,20.04637088249231
002889.SZ,20260608,11.49,11.7,11.13,11.32,11.57,-0.25,-2.1608,24525,27951.8756,11.397298919469929
002890.SZ,20260608,15.0,15.17,14.41,14.77,14.97,-0.2,-1.336,24914,36728.98366,14.742307000080274
002891.SZ,20260608,28.0,29.36,27.43,27.78,28.44,-0.66,-2.3207,88612,250990.52729,28.324665653636075
002892.SZ,20260608,10.75,11.27,10.68,10.89,10.88,0.01,0.0919,303103,331796.70022,10.946665002325942
002893.SZ,20260608,10.45,10.85,10.32,10.38,10.9,-0.52,-4.7706,139811,147405.36768,10.54318813827238
002895.SZ,20260608,31.0,31.67,29.9,29.95,31.75,-1.8,-5.6693,120574,367610.8221,30.488398999784362
002896.SZ,20260608,88.0,95.4,87.58,95.2,86.77,8.43,9.7153,429542,3897644.17496,90.73953594665946
002897.SZ,20260608,87.11,87.7,82.31,82.31,91.45,-9.14,-9.9945,198064,1677273.86719,84.68342895175297
002899.SZ,20260608,25.22,25.85,24.44,24.97,25.53,-0.56,-2.1935,58558,146789.51878,25.067372311212818
002900.SZ,20260608,9.82,10.08,9.63,9.84,10.01,-0.17,-1.6983,33968,33473.479,9.854415626471972
002901.SZ,20260608,40.06,41.0,39.74,40.15,40.49,-0.34,-0.8397,13942,55900.68843,40.09517173289342
002902.SZ,20260608,31.28,34.25,31.28,32.21,34.08,-1.87,-5.4871,263394,863857.56283,32.797161773996365
002903.SZ,20260608,47.44,49.78,45.6,48.16,47.91,0.25,0.5218,215591,1035853.07334,48.04713895014171
002905.SZ,20260608,7.75,7.93,7.42,7.57,7.87,-0.3,-3.8119,57087,43616.23622,7.640309741272093
002906.SZ,20260608,27.91,28.2,26.94,27.42,28.34,-0.92,-3.2463,109368,301013.04329,27.52295399842733
002907.SZ,20260608,12.12,12.45,11.93,12.04,12.04,0.0,0.0,31470,38313.454,12.174596123292023
002908.SZ,20260608,7.3,7.47,7.15,7.27,7.42,-0.15,-2.0216,58163,42530.15332,7.312235152932276
002909.SZ,20260608,5.66,5.78,5.4,5.51,5.81,-0.3,-5.1635,89837,50171.49884,5.584725540701493
002910.SZ,20260608,9.44,9.68,9.0,9.19,9.54,-0.35,-3.6688,43791,40825.675,9.322846018588296
002911.SZ,20260608,10.93,10.99,10.62,10.78,11.04,-0.26,-2.3551,49543,53485.05352,10.7956832488949
002912.SZ,20260608,20.5,20.68,19.54,19.79,20.64,-0.85,-4.1182,35093,70315.5324,20.03691117886758
002913.SZ,20260608,48.59,51.35,48.08,50.57,52.0,-1.43,-2.75,94637,473995.2601,50.08561768652853
002915.SZ,20260608,19.42,20.97,19.24,20.38,20.29,0.09,0.4436,129662,264327.28029,20.385870979161208
002916.SZ,20260608,350.08,393.8,350.0,369.64,373.0,-3.36,-0.9008,169281,6324346.12756,373.60047067066
002917.SZ,20260608,13.17,13.49,12.75,12.92,13.42,-0.5,-3.7258,92116,120521.985,13.083718897911329
002918.SZ,20260608,11.71,12.37,11.53,11.67,12.3,-0.63,-5.122,152150,180953.4995,11.893098882681565
002919.SZ,20260608,20.76,21.48,20.15,20.82,21.17,-0.35,-1.6533,47041,98432.14642,20.92475636572352
002920.SZ,20260608,92.0,95.43,91.13,94.92,94.42,0.5,0.5295,103295,959800.56185,92.91839506752507
002921.SZ,20260608,24.48,25.29,23.87,24.27,25.55,-1.28,-5.0098,64710,158277.2808,24.45947779323134
002922.SZ,20260608,36.1,36.9,34.65,35.03,37.52,-2.49,-6.6365,217337,777336.55874,35.76641615279497
002923.SZ,20260608,10.01,10.26,9.73,9.91,10.19,-0.28,-2.7478,65180,65053.134,9.980536054004295
002925.SZ,20260608,21.83,22.82,21.56,21.85,22.51,-0.66,-2.932,173016,381615.6209,22.056666487492485
002926.SZ,20260608,7.82,7.87,7.64,7.67,7.87,-0.2,-2.5413,143348,110834.54542,7.73185153751709
002927.SZ,20260608,20.8,21.03,19.42,19.66,21.28,-1.62,-7.6128,145190,292488.15384,20.145199658378672
002928.SZ,20260608,7.0,7.0,6.54,6.59,7.25,-0.66,-9.1034,700845,472375.51923,6.740085457269439
002929.SZ,20260608,64.03,65.92,61.38,62.33,66.93,-4.6,-6.8729,204139,1296561.39887,63.5136548562499
002930.SZ,20260608,9.8,10.05,9.39,9.51,9.91,-0.4,-4.0363,134439,130459.396,9.703984409285995
002931.SZ,20260608,58.59,65.6,58.29,65.6,59.64,5.96,9.9933,195292,1246762.02444,63.840916393912714
002932.SZ,20260608,15.55,15.57,15.28,15.43,15.78,-0.35,-2.218,21068,32565.35269,15.457258728877918
002933.SZ,20260608,28.48,29.5,28.03,28.67,29.27,-0.6,-2.0499,20364,58595.97032,28.774293026910236
002935.SZ,20260608,18.69,18.93,18.13,18.36,19.1,-0.74,-3.8743,66228,122837.0363,18.547598644078032
002936.SZ,20260608,1.76,1.78,1.75,1.76,1.77,-0.01,-0.565,691901,122026.9678,1.7636478022144786
002937.SZ,20260608,33.85,34.92,33.08,33.83,34.66,-0.83,-2.3947,83862,286927.04008,34.21418998831414
002938.SZ,20260608,102.0,116.5,102.0,112.0,106.15,5.85,5.5111,564193,6243002.66306,110.65367104980034
002939.SZ,20260608,7.99,8.04,7.85,7.86,8.07,-0.21,-2.6022,242382,192583.48759,7.9454533583351905
002940.SZ,20260608,30.5,33.05,29.44,29.94,31.75,-1.81,-5.7008,200074,617153.4577,30.846259768885513
002941.SZ,20260608,11.55,11.73,11.17,11.26,11.73,-0.47,-4.0068,110964,126330.6193,11.384829250928231
002942.SZ,20260608,16.39,16.64,15.76,15.95,16.6,-0.65,-3.9157,13833,22411.5588,16.201517241379307
002943.SZ,20260608,52.52,55.5,51.05,51.05,56.72,-5.67,-9.9965,138313,727964.2437,52.63165745085423
002945.SZ,20260608,13.65,13.9,13.41,13.55,13.91,-0.36,-2.5881,87611,119537.70229,13.644143120156144
002946.SZ,20260608,16.85,16.97,16.42,16.58,16.87,-0.29,-1.719,46802,77777.40102,16.618392594333578
002947.SZ,20260608,85.23,86.45,80.3,81.5,88.13,-6.63,-7.523,130912,1084229.98517,82.82128339418847
002948.SZ,20260608,5.42,5.54,5.4,5.47,5.44,0.03,0.5515,382298,209135.56803,5.4704855382450335
002949.SZ,20260608,11.78,12.04,11.43,11.62,11.92,-0.3,-2.5168,31882,37302.058,11.700037011479832
002950.SZ,20260608,9.22,9.32,8.92,9.02,9.37,-0.35,-3.7353,80810,73587.005,9.10617559707957
002951.SZ,20260608,20.08,20.08,20.08,20.08,22.31,-2.23,-9.9955,27469,55157.752,20.08
002952.SZ,20260608,23.72,24.13,22.71,22.91,24.25,-1.34,-5.5258,60936,142257.571,23.345406820270448
002953.SZ,20260608,10.0,10.13,9.62,9.75,10.15,-0.4,-3.9409,65915,65142.69179,9.882832707274519
002955.SZ,20260608,27.1,28.35,27.0,27.53,27.25,0.28,1.0275,137884,383080.92105,27.782840724812164
002956.SZ,20260608,21.01,21.84,20.91,21.13,21.44,-0.31,-1.4459,34524,73796.24096,21.375344965820876
002957.SZ,20260608,56.0,58.39,54.18,54.18,60.2,-6.02,-10.0,249796,1399757.54798,56.03602731749107
002958.SZ,20260608,2.91,2.92,2.86,2.89,2.92,-0.03,-1.0274,408733,118083.51411,2.8890134662481377
002959.SZ,20260608,35.38,35.65,34.69,34.94,35.81,-0.87,-2.4295,10826,37993.651,35.09481895436911
002960.SZ,20260608,8.58,8.83,8.37,8.39,8.84,-0.45,-5.0905,339941,289939.73918,8.529119440726479
002961.SZ,20260608,19.3,19.7,18.8,18.98,19.74,-0.76,-3.8501,69870,134281.58561,19.218775670530988
002962.SZ,20260608,20.7,22.02,20.2,20.59,21.65,-1.06,-4.8961,435992,920692.14279,21.117179737013522
002963.SZ,20260608,16.22,17.74,15.8,17.74,16.13,1.61,9.9814,27190,46927.529,17.259113276940052
002965.SZ,20260608,37.0,38.09,36.7,37.12,37.82,-0.7,-1.8509,117536,438556.13546,37.312494508916416
002966.SZ,20260608,8.0,8.09,7.95,8.08,8.05,0.03,0.3727,329536,264522.77455,8.02712828188726
002967.SZ,20260608,18.61,18.85,17.85,18.06,19.04,-0.98,-5.1471,119208,217702.9251,18.262442545802294
002968.SZ,20260608,9.85,9.9,9.37,9.56,9.9,-0.34,-3.4343,41843,40286.34644,9.627977544631122
002969.SZ,20260608,15.11,15.11,15.11,15.11,16.79,-1.68,-10.006,76281,115260.591,15.11
002970.SZ,20260608,61.0,62.15,58.68,60.75,62.52,-1.77,-2.8311,51232,311598.0145,60.820974098219864
002971.SZ,20260608,38.9,41.17,38.11,39.63,39.3,0.33,0.8397,267055,1068320.82108,40.003775292729955
002972.SZ,20260608,12.58,12.7,12.05,12.44,12.73,-0.29,-2.2781,59551,74087.5016,12.441017212137496
002973.SZ,20260608,13.08,13.79,12.9,13.22,13.33,-0.11,-0.8252,76727,102506.917,13.359953732063028
002975.SZ,20260608,123.77,126.58,119.09,119.09,132.32,-13.23,-9.9985,165115,2010887.68525,121.78709900675287
002976.SZ,20260608,30.74,30.99,28.43,28.43,31.59,-3.16,-10.0032,49268,145611.23888,29.554931980189977
002977.SZ,20260608,25.5,26.15,25.1,25.42,25.99,-0.57,-2.1932,15515,39714.26588,25.597335404447307
002978.SZ,20260608,26.2,26.6,25.25,25.53,26.82,-1.29,-4.8098,43160,111542.73157,25.84400638785913
002979.SZ,20260608,53.01,56.56,53.0,54.7,55.69,-0.99,-1.7777,236493,1306746.46043,55.25518558392848
002980.SZ,20260608,118.6,123.6,116.0,118.0,125.09,-7.09,-5.6679,91774,1093073.0624,119.10487310131408
002981.SZ,20260608,28.08,28.42,27.6,28.11,27.99,0.12,0.4287,122029,342285.1408,28.04949157987036
002982.SZ,20260608,12.85,13.48,12.6,13.48,12.25,1.23,10.0408,130823,174535.99312,13.3413843987678
002983.SZ,20260608,24.0,24.78,23.39,23.99,24.84,-0.85,-3.4219,74685,179479.84962,24.031579248845148
002984.SZ,20260608,14.4,14.67,14.26,14.38,14.61,-0.23,-1.5743,84985,122750.44848,14.443778134964996
002985.SZ,20260608,28.9,29.44,27.93,28.2,29.16,-0.96,-3.2922,58082,166598.26449,28.683286472573258
002986.SZ,20260608,11.56,11.71,11.16,11.26,11.71,-0.45,-3.8429,72930,83237.64888,11.413361974496091
002987.SZ,20260608,12.0,12.67,11.99,12.48,12.27,0.21,1.7115,480870,594807.64471,12.36940638239025
002988.SZ,20260608,26.23,26.5,24.8,25.17,26.57,-1.4,-5.2691,45194,115421.04479,25.539019513652256
002989.SZ,20260608,28.1,28.53,27.01,27.77,29.1,-1.33,-4.5704,48206,134341.7623,27.868265838277395
002990.SZ,20260608,44.44,46.55,44.31,45.15,46.77,-1.62,-3.4638,57252,259276.92,45.28696290085936
002991.SZ,20260608,44.0,44.62,42.61,43.25,44.26,-1.01,-2.282,7799,33994.5,43.588280548788305
002992.SZ,20260608,40.8,42.01,40.08,40.95,41.95,-1.0,-2.3838,19558,79826.235,40.81513191532877
002993.SZ,20260608,60.4,62.93,58.84,59.5,65.37,-5.87,-8.9797,109692,665209.9968,60.643437698282455
002995.SZ,20260608,21.0,22.14,20.98,21.4,22.49,-1.09,-4.8466,182216,392851.7878,21.559675758440534
002996.SZ,20260608,6.41,6.45,6.12,6.24,6.51,-0.27,-4.1475,108119,67940.274,6.283842247893525
002997.SZ,20260608,29.26,29.26,27.78,27.9,29.71,-1.81,-6.0922,56020,159682.841,28.50461281685112
002998.SZ,20260608,7.82,7.98,7.45,7.51,7.93,-0.42,-5.2963,106753,82072.774,7.688100006557193
002999.SZ,20260608,6.03,6.16,5.86,5.98,6.11,-0.13,-2.1277,55899,33610.784,6.012770174779512
003000.SZ,20260608,10.55,10.89,10.45,10.82,10.63,0.19,1.7874,74789,80590.13145,10.775666401476155
003001.SZ,20260608,16.61,17.23,16.21,16.75,16.9,-0.15,-0.8876,60251,101468.3582,16.840941760302734
003002.SZ,20260608,22.0,22.16,21.1,21.34,22.35,-1.01,-4.519,23486,50769.7475,21.61702610065571
003003.SZ,20260608,11.36,11.79,11.07,11.3,11.7,-0.4,-3.4188,57738,65928.39,11.418544113062454
003004.SZ,20260608,60.01,68.52,60.01,66.88,62.29,4.59,7.3688,73388,476451.54956,64.92226924837848
003005.SZ,20260608,14.8,15.35,14.7,15.12,15.07,0.05,0.3318,25525,38579.0208,15.114209911851127
003006.SZ,20260608,15.71,16.01,15.4,15.54,16.0,-0.46,-2.875,42310,66006.299,15.600637910659419
003007.SZ,20260608,39.06,41.3,38.48,39.19,40.4,-1.21,-2.995,29164,115645.223,39.65341619805239
003008.SZ,20260608,19.05,19.49,18.37,18.76,19.33,-0.57,-2.9488,18996,35952.9605,18.92659533586018
003009.SZ,20260608,55.4,60.94,54.76,60.94,55.4,5.54,10.0,141461,834809.20018,59.01338179286164
003010.SZ,20260608,23.6,24.21,23.21,23.44,24.11,-0.67,-2.7789,55049,130114.13538,23.636057944740145
003011.SZ,20260608,21.96,22.15,20.06,20.3,21.66,-1.36,-6.2789,52713,110353.22188,20.934726135867813
003012.SZ,20260608,4.87,4.9,4.73,4.79,4.91,-0.12,-2.444,79180,38068.05775,4.807787035867643
003013.SZ,20260608,15.3,16.0,15.1,15.72,15.52,0.2,1.2887,55925,87081.97436,15.571206859186407
003015.SZ,20260608,12.38,12.56,11.96,12.26,12.56,-0.3,-2.3885,77584,94899.51882,12.231841464734996
003016.SZ,20260608,6.96,7.21,6.86,7.02,7.19,-0.17,-2.3644,49305,34633.4366,7.024325443666971
003017.SZ,20260608,27.01,27.49,26.16,26.5,27.54,-1.04,-3.7763,19432,52153.23584,26.838841004528614
003018.SZ,20260608,49.5,53.76,49.01,49.71,51.09,-1.38,-2.7011,130803,675970.39848,51.678508786495726
003019.SZ,20260608,36.0,38.2,33.97,33.97,37.74,-3.77,-9.9894,112993,402078.5446,35.58437643039834
003020.SZ,20260608,15.66,16.17,15.31,15.57,15.92,-0.35,-2.1985,15786,24774.15349,15.6937498352971
003021.SZ,20260608,101.01,108.15,100.18,107.98,104.69,3.29,3.1426,106311,1124694.56457,105.79286852442362
003022.SZ,20260608,23.66,24.25,22.53,22.77,24.38,-1.61,-6.6038,287246,668656.92713,23.278198029911643
003023.SZ,20260608,24.01,24.32,22.86,23.1,24.43,-1.33,-5.4441,39127,92295.087,23.588592787589132
003025.SZ,20260608,14.57,16.1,14.4,15.65,14.86,0.79,5.3163,189099,292560.48315,15.471286635571841
003026.SZ,20260608,29.01,30.99,29.01,29.86,31.52,-1.66,-5.2665,90054,270892.03146,30.081065967086417
003027.SZ,20260608,20.36,20.81,19.36,19.84,20.89,-1.05,-5.0263,41748,83726.171,20.05513341956501
003028.SZ,20260608,26.0,26.64,25.69,26.24,26.4,-0.16,-0.6061,17854,46782.5889,26.202861487621824
003029.SZ,20260608,18.0,18.6,17.6,18.05,18.37,-0.32,-1.742,29655,53757.701,18.127702242454898
003030.SZ,20260608,21.8,22.49,20.84,21.0,21.81,-0.81,-3.7139,76093,163817.34461,21.52856959378655
003031.SZ,20260608,133.33,140.5,132.2,134.95,142.59,-7.64,-5.358,104004,1418486.61413,136.3876979856544
003032.SZ,20260608,6.4,6.5,6.28,6.4,6.58,-0.18,-2.7356,53302,34112.279,6.399812202168774
003033.SZ,20260608,57.22,58.99,55.0,55.3,60.57,-5.27,-8.7007,26971,152261.2439,56.45368873975752
003035.SZ,20260608,6.61,6.66,6.33,6.39,6.72,-0.33,-4.9107,464922,301055.403,6.475395937383045
003036.SZ,20260608,81.12,82.33,74.12,74.5,82.35,-7.85,-9.5325,160932,1243005.329,77.23792216588373
003037.SZ,20260608,6.69,7.05,6.62,6.86,6.84,0.02,0.2924,72252,49508.081,6.852139871560649
003038.SZ,20260608,12.29,12.75,12.07,12.48,12.53,-0.05,-0.399,66431,82164.95007,12.368465034396593
003039.SZ,20260608,12.21,12.37,11.93,12.11,12.38,-0.27,-2.1809,42220,51181.61,12.122598294647087
003040.SZ,20260608,12.55,12.77,12.02,12.22,12.77,-0.55,-4.307,69476,85775.841,12.346111031147446
003041.SZ,20260608,47.99,48.79,45.51,45.92,49.05,-3.13,-6.3812,37786,176814.3114,46.793603821521195
003042.SZ,20260608,14.09,14.5,13.52,13.76,14.29,-0.53,-3.7089,56322,78845.16423,13.998999366144666
003043.SZ,20260608,67.93,69.5,66.0,66.88,68.94,-2.06,-2.9881,62670,423902.92594,67.64048602840275
003816.SZ,20260608,4.3,4.34,4.23,4.27,4.33,-0.06,-1.3857,1189316,509549.21819,4.284388826771018
300001.SZ,20260608,43.35,45.0,40.07,40.9,39.86,1.04,2.6091,1106388,4653408.40048,42.05946196524185
300002.SZ,20260608,7.6,7.8,7.46,7.54,7.77,-0.23,-2.9601,404532,308982.57636,7.6380255791878024
300003.SZ,20260608,12.04,12.15,11.6,11.72,12.16,-0.44,-3.6184,266671,316227.77867,11.85834900195372
300004.SZ,20260608,12.92,13.18,12.1,12.28,13.49,-1.21,-8.9696,245219,309571.274,12.624277645696296
300005.SZ,20260608,14.72,15.43,14.08,14.8,14.86,-0.06,-0.4038,323721,485386.37106,14.993972311342175
300006.SZ,20260608,4.97,5.37,4.95,4.99,5.06,-0.07,-1.3834,383136,196713.4454,5.134298144784097
300007.SZ,20260608,41.8,44.32,41.3,43.36,42.82,0.54,1.2611,231092,1002347.5586,43.374394552818785
300008.SZ,20260608,6.42,6.54,6.19,6.27,6.53,-0.26,-3.9816,527354,334980.97807,6.352108414272007
300009.SZ,20260608,7.96,8.09,7.81,7.95,7.99,-0.04,-0.5006,117351,92939.993,7.919829656330155
300010.SZ,20260608,2.69,2.73,2.64,2.67,2.75,-0.08,-2.9091,327932,88071.74402,2.685670932388422
300011.SZ,20260608,6.15,6.29,5.97,6.08,6.26,-0.18,-2.8754,69853,42741.829,6.11882510414728
300012.SZ,20260608,14.09,14.31,13.69,13.86,14.34,-0.48,-3.3473,260144,362771.92209,13.945042825896428
300013.SZ,20260608,4.46,4.84,4.34,4.4,4.44,-0.04,-0.9009,367369,167426.811,4.557456154438725
300014.SZ,20260608,56.25,56.98,53.92,54.33,58.23,-3.9,-6.6976,675927,3743853.83093,55.38843441569874
300015.SZ,20260608,8.48,8.57,8.29,8.31,8.54,-0.23,-2.6932,762075,640188.91486,8.400602497916871
300016.SZ,20260608,7.85,7.96,7.58,7.66,7.94,-0.28,-3.5264,123470,95850.203,7.763035798169595
300017.SZ,20260608,14.3,14.81,14.17,14.31,15.05,-0.74,-4.9169,1060469,1535979.64393,14.48396552779949
300018.SZ,20260608,12.01,12.88,11.85,12.0,12.38,-0.38,-3.0695,185183,227998.1136,12.312043416512315
300019.SZ,20260608,16.8,17.36,16.35,16.44,17.24,-0.8,-4.6404,67937,113543.42412,16.713046516625695
300020.SZ,20260608,3.55,3.76,3.48,3.66,3.64,0.02,0.5495,144912,53008.234,3.6579602793419452
300021.SZ,20260608,3.86,3.96,3.8,3.84,3.96,-0.12,-3.0303,131494,50819.61868,3.8647861256026887
300022.SZ,20260608,7.75,7.97,7.35,7.46,8.11,-0.65,-8.0148,171508,130920.621,7.633499370291766
300024.SZ,20260608,15.12,16.1,15.03,15.9,15.57,0.33,2.1195,742021,1172174.68226,15.7970553698615
300025.SZ,20260608,4.8,4.94,4.66,4.74,4.93,-0.19,-3.854,140097,67212.83885,4.797593014125927
300026.SZ,20260608,3.14,3.18,3.1,3.13,3.16,-0.03,-0.9494,198948,62419.16044,3.1374610672135432
300027.SZ,20260608,1.95,2.02,1.92,1.94,1.92,0.02,1.0417,945938,185418.55555,1.960155481120327
300030.SZ,20260608,6.58,6.8,6.39,6.53,6.75,-0.22,-3.2593,84869,55946.097,6.592053282117146
300031.SZ,20260608,24.89,25.65,24.51,25.4,25.53,-0.13,-0.5092,300122,756811.4795,25.216794486908654
300032.SZ,20260608,4.33,4.48,4.23,4.26,4.46,-0.2,-4.4843,287011,124607.312,4.341551787213731
300033.SZ,20260608,206.45,212.38,202.55,204.9,211.4,-6.5,-3.0747,142715,2955775.54478,207.11036294573103
300034.SZ,20260608,17.32,17.75,16.75,16.94,17.87,-0.93,-5.2043,182633,313563.46398,17.169047432829775
300035.SZ,20260608,16.16,16.73,15.89,16.43,16.16,0.27,1.6708,259619,423604.34192,16.316384468008888
300036.SZ,20260608,12.18,13.15,12.17,12.78,12.49,0.29,2.3219,193690,245479.25817,12.673821992358922
300037.SZ,20260608,77.0,77.99,72.78,73.26,75.98,-2.72,-3.5799,436352,3269893.84789,74.93706566923035
300039.SZ,20260608,5.07,5.1,4.98,5.0,5.1,-0.1,-1.9608,64932,32652.1856,5.02867393580977
300040.SZ,20260608,7.29,7.47,6.94,7.04,7.69,-0.65,-8.4525,579858,418041.85124,7.20938318070976
300041.SZ,20260608,13.11,13.41,12.67,12.83,13.62,-0.79,-5.8003,375710,487966.8806,12.9878598014426
300042.SZ,20260608,64.92,66.6,63.99,64.15,68.33,-4.18,-6.1174,228345,1488897.81356,65.20387192887954
300043.SZ,20260608,4.46,4.69,4.43,4.51,4.6,-0.09,-1.9565,265871,120999.376,4.551055812781387
300044.SZ,20260608,5.8,5.93,5.69,5.73,6.03,-0.3,-4.9751,193649,112665.92357,5.818048302340833
300045.SZ,20260608,18.5,19.09,18.21,18.38,19.06,-0.68,-3.5677,212483,395757.84684,18.625388705920003
300046.SZ,20260608,28.5,29.0,27.07,27.16,29.69,-2.53,-8.5214,90348,252827.97603,27.98379333576836
300047.SZ,20260608,10.22,10.51,10.13,10.24,10.48,-0.24,-2.2901,146809,151286.62119,10.304996368751237
300048.SZ,20260608,5.72,5.75,5.53,5.59,5.8,-0.21,-3.6207,185948,104951.63992,5.6441392174156215
300049.SZ,20260608,42.0,42.42,39.96,40.6,42.26,-1.66,-3.9281,69019,282980.01309,41.00030616062244
300050.SZ,20260608,6.98,7.35,6.82,7.16,7.17,-0.01,-0.1395,266611,190242.613,7.135587541399268
300051.SZ,20260608,10.21,10.55,10.17,10.27,10.57,-0.3,-2.8382,176474,182594.505,10.346821911443044
300052.SZ,20260608,12.96,13.27,12.11,12.3,13.03,-0.73,-5.6025,426214,536975.255,12.59872399780392
300053.SZ,20260608,16.17,17.6,16.06,16.96,16.48,0.48,2.9126,407142,694131.57666,17.048881634908707
300054.SZ,20260608,65.0,67.33,64.08,64.91,69.75,-4.84,-6.9391,383349,2519605.50725,65.72615312026377
300055.SZ,20260608,8.23,8.38,7.65,7.74,8.54,-0.8,-9.3677,351369,279556.24542,7.956201185078934
300056.SZ,20260608,9.73,10.28,9.63,9.91,9.91,0.0,0.0,242429,241031.31606,9.942346668921623
300057.SZ,20260608,8.32,8.57,8.13,8.2,8.64,-0.44,-5.0926,607183,506085.7159,8.334978349196206
300058.SZ,20260608,14.61,15.73,14.57,15.05,15.49,-0.44,-2.8405,2500180,3797706.48492,15.189732278955915
300059.SZ,20260608,18.28,18.63,17.7,17.72,18.52,-0.8,-4.3197,3484450,6307021.50114,18.100479275466718
300061.SZ,20260608,8.55,8.84,7.98,8.15,8.98,-0.83,-9.2428,402059,335064.87842,8.333724115614874
300062.SZ,20260608,6.41,6.64,6.26,6.35,6.63,-0.28,-4.2232,162702,104725.40397,6.436639006896043
300063.SZ,20260608,9.47,9.94,9.38,9.62,9.81,-0.19,-1.9368,312808,302735.18284,9.677987226669396
300065.SZ,20260608,19.45,20.36,18.8,18.97,19.9,-0.93,-4.6734,368626,719736.23237,19.52483634822286
300066.SZ,20260608,5.79,6.2,5.76,5.93,6.14,-0.21,-3.4202,411614,246568.27216,5.990279051732934
300067.SZ,20260608,5.22,5.46,5.19,5.25,5.5,-0.25,-4.5455,444152,235939.6236,5.312136917091445
300068.SZ,20260608,4.31,4.43,4.28,4.3,4.47,-0.17,-3.8031,396288,172192.00618,4.345122894965278
300069.SZ,20260608,41.13,44.95,39.0,39.5,45.33,-5.83,-12.8612,230371,954820.647,41.44708522340052
300070.SZ,20260608,3.43,3.47,3.37,3.38,3.48,-0.1,-2.8736,323602,110476.55341,3.4139638633259373
300071.SZ,20260608,3.95,4.1,3.9,4.0,4.08,-0.08,-1.9608,339970,136819.712,4.02446427625967
300072.SZ,20260608,3.76,3.9,3.7,3.76,3.82,-0.06,-1.5707,362446,137789.65,3.801660109368016
300073.SZ,20260608,50.07,51.03,47.53,48.06,51.4,-3.34,-6.4981,186604,914795.23164,49.023345246618504
300074.SZ,20260608,3.96,4.16,3.95,4.04,4.1,-0.06,-1.4634,202409,82173.571,4.059778517753657
300075.SZ,20260608,12.03,12.37,11.98,12.19,12.33,-0.14,-1.1354,95765,116710.4676,12.187173560277763
300076.SZ,20260608,4.55,4.67,4.42,4.49,4.68,-0.19,-4.0598,86932,39449.911,4.538019486495192
300077.SZ,20260608,22.44,22.76,21.22,21.49,23.52,-2.03,-8.631,419371,925377.8114,22.065851272500957
300078.SZ,20260608,3.22,3.44,3.22,3.31,3.33,-0.02,-0.6006,306079,102053.33871,3.3342156341990137
300079.SZ,20260608,4.97,5.06,4.87,4.94,5.03,-0.09,-1.7893,304298,151099.54988,4.965512421376414
300080.SZ,20260608,4.01,4.07,3.89,4.0,4.08,-0.08,-1.9608,251233,99900.11707,3.976393111971755
300081.SZ,20260608,4.1,4.41,4.1,4.33,4.26,0.07,1.6432,128271,55384.115,4.31774251389636
300082.SZ,20260608,9.1,9.13,8.55,8.7,9.21,-0.51,-5.5375,122727,108556.37349,8.845353792563984
300083.SZ,20260608,10.01,10.66,9.97,10.25,10.35,-0.1,-0.9662,1052369,1092374.68464,10.380148832206196
300084.SZ,20260608,11.62,11.97,11.05,11.21,11.93,-0.72,-6.0352,211357,242277.21036,11.462937606040963
300085.SZ,20260608,29.0,30.91,27.35,27.89,29.83,-1.94,-6.5035,650418,1885766.80478,28.9931521695279
300086.SZ,20260608,6.32,6.5,6.15,6.24,6.42,-0.18,-2.8037,120449,75974.485,6.307606123753622
300087.SZ,20260608,7.13,7.25,6.9,7.02,7.14,-0.12,-1.6807,141400,99903.96141,7.0653438055162665
300088.SZ,20260608,8.15,8.44,8.03,8.07,8.36,-0.29,-3.4689,2714124,2221715.85399,8.18575663451633
300091.SZ,20260608,2.95,2.98,2.88,2.9,2.98,-0.08,-2.6846,102531,29983.416,2.924326886502619
300092.SZ,20260608,13.23,13.5,12.8,13.01,13.45,-0.44,-3.2714,50196,65884.891,13.125526137540842
300093.SZ,20260608,22.3,22.8,21.9,21.91,22.63,-0.72,-3.1816,35284,78392.377,22.217542512186824
300094.SZ,20260608,2.85,2.93,2.79,2.81,2.9,-0.09,-3.1034,323753,92101.1826,2.8447978119121675
300095.SZ,20260608,8.95,9.2,8.85,9.03,9.22,-0.19,-2.0607,110412,99824.921,9.041129677933558
300096.SZ,20260608,8.6,8.6,7.99,8.11,8.6,-0.49,-5.6977,51684,42476.84853,8.218568324820062
300097.SZ,20260608,9.15,10.21,9.15,9.46,9.53,-0.07,-0.7345,192744,187499.531,9.727904941269248
300098.SZ,20260608,5.14,5.33,5.1,5.17,5.26,-0.09,-1.711,465333,242676.9753,5.215124981464886
300099.SZ,20260608,7.2,7.72,7.1,7.53,7.38,0.15,2.0325,236492,178061.63342,7.5292878160783445
300100.SZ,20260608,31.0,32.85,30.9,31.85,31.87,-0.02,-0.0628,187565,602779.2854,32.13708769759817
300101.SZ,20260608,16.61,16.77,15.76,16.13,16.97,-0.84,-4.9499,139449,227010.67396,16.279118097655775
300102.SZ,20260608,23.5,24.84,22.87,23.15,24.75,-1.6,-6.4646,474919,1128093.85389,23.75339487133595
300103.SZ,20260608,8.18,8.54,8.12,8.33,8.45,-0.12,-1.4201,119298,99242.0695,8.318837658636355
300105.SZ,20260608,6.67,7.18,6.5,7.18,5.98,1.2,20.0669,245598,173629.51836,7.069663366965528
300106.SZ,20260608,13.43,13.6,12.22,12.39,13.79,-1.4,-10.1523,160495,204013.27307,12.711503353375495
300107.SZ,20260608,6.02,6.15,5.82,5.88,6.13,-0.25,-4.0783,87049,51898.286,5.961962343048168
300109.SZ,20260608,16.3,16.88,16.09,16.5,16.55,-0.05,-0.3021,82788,135967.40602,16.423564528675655
300110.SZ,20260608,2.77,2.81,2.69,2.71,2.8,-0.09,-3.2143,171803,47145.281,2.744147715697631
300111.SZ,20260608,3.2,3.28,3.08,3.15,3.25,-0.1,-3.0769,300577,95681.926,3.1832750343505993
300112.SZ,20260608,6.97,7.22,6.75,6.93,7.1,-0.17,-2.3944,102658,71961.87994,7.009865762044848
300113.SZ,20260608,20.24,20.73,19.6,19.98,20.81,-0.83,-3.9885,235771,475898.89369,20.184793451696773
300115.SZ,20260608,32.3,33.7,32.11,32.21,33.66,-1.45,-4.3078,552424,1817518.92987,32.90079594423848
300118.SZ,20260608,13.51,14.12,12.9,13.06,13.98,-0.92,-6.5808,528114,710135.81907,13.446638776286937
300119.SZ,20260608,15.86,15.97,15.42,15.54,15.81,-0.27,-1.7078,30509,47732.03674,15.64523148579108
300120.SZ,20260608,7.91,9.15,7.82,9.09,7.98,1.11,13.9098,1039793,920496.63333,8.852691192670079
300121.SZ,20260608,13.21,13.53,12.69,12.8,13.21,-0.41,-3.1037,268680,352212.50894,13.108996164210215
300122.SZ,20260608,12.3,12.52,11.8,11.93,12.44,-0.51,-4.0997,236173,285755.44135,12.099411928967323
300123.SZ,20260608,4.4,4.43,4.23,4.27,4.54,-0.27,-5.9471,398415,172659.37183,4.333656409271739
300124.SZ,20260608,73.0,77.28,72.72,74.52,75.08,-0.56,-0.7459,568074,4264990.30144,75.07807612106872
300125.SZ,20260608,9.42,9.59,9.01,9.15,9.62,-0.47,-4.8857,70407,65264.19147,9.269560053687844
300126.SZ,20260608,6.7,6.97,6.51,6.66,6.94,-0.28,-4.0346,59117,39809.212,6.733970262361081
300127.SZ,20260608,28.5,29.34,27.11,27.58,28.97,-1.39,-4.7981,74195,208249.53699,28.067866701260193
300128.SZ,20260608,7.17,7.35,6.83,6.96,7.43,-0.47,-6.3257,561286,398545.68615,7.100581274964991
300129.SZ,20260608,9.8,10.04,9.35,9.47,9.96,-0.49,-4.9197,218704,210880.01969,9.642257100464555
300130.SZ,20260608,23.24,24.23,22.4,22.63,24.28,-1.65,-6.7957,197998,460859.35743,23.2759602334367
300131.SZ,20260608,16.0,16.43,15.45,15.67,16.84,-1.17,-6.9477,715964,1142951.25704,15.963809032856402
300132.SZ,20260608,6.4,6.52,6.19,6.29,6.51,-0.22,-3.3794,163480,103847.85252,6.352327655982383
300133.SZ,20260608,7.21,7.42,7.03,7.12,7.42,-0.3,-4.0431,768861,553118.06996,7.193993061944877
300134.SZ,20260608,10.5,10.59,9.98,10.16,10.69,-0.53,-4.9579,202908,209441.19835,10.321978352258165
300135.SZ,20260608,3.44,3.51,3.36,3.4,3.48,-0.08,-2.2989,201668,69517.73117,3.447137432314497
300136.SZ,20260608,101.36,110.18,101.36,103.65,106.33,-2.68,-2.5205,1084773,11470270.0749,105.7388972153621
300137.SZ,20260608,17.89,18.97,17.8,18.52,18.71,-0.19,-1.0155,238277,440621.8996,18.49200298811887
300138.SZ,20260608,9.78,10.04,9.72,9.78,9.98,-0.2,-2.004,55249,54539.27673,9.871540974497275
300139.SZ,20260608,40.01,41.07,38.6,39.3,42.24,-2.94,-6.9602,184975,738248.25459,39.910704397351
300140.SZ,20260608,5.75,5.8,5.53,5.6,5.84,-0.24,-4.1096,175531,99384.67262,5.661944193333372
300141.SZ,20260608,10.91,11.28,10.4,10.57,11.02,-0.45,-4.0835,80820,87651.48288,10.84527132887899
300142.SZ,20260608,11.67,11.76,11.15,11.23,11.83,-0.6,-5.0719,587153,670135.81914,11.413308271268308
300143.SZ,20260608,7.47,7.69,7.26,7.37,7.51,-0.14,-1.8642,76368,56851.93174,7.44447042478525
300144.SZ,20260608,6.55,6.63,6.37,6.45,6.58,-0.13,-1.9757,276739,179367.83504,6.481480204813922
300145.SZ,20260608,4.35,5.2,4.31,5.02,4.44,0.58,13.0631,2258752,1102212.96069,4.879743153254541
300146.SZ,20260608,9.55,9.66,9.34,9.4,9.63,-0.23,-2.3884,149705,141777.14012,9.47043452924084
300147.SZ,20260608,9.44,9.64,9.39,9.43,9.67,-0.24,-2.4819,71782,68188.6059,9.499401785963054
300148.SZ,20260608,3.55,3.64,3.48,3.51,3.61,-0.1,-2.7701,244409,87072.7143,3.562582159413115
300149.SZ,20260608,8.01,8.2,7.76,7.92,8.12,-0.2,-2.4631,107947,85952.70881,7.962491668133436
300150.SZ,20260608,4.21,4.32,4.11,4.18,4.29,-0.11,-2.5641,104817,44168.63792,4.2138811376017244
300151.SZ,20260608,23.0,23.45,22.0,22.24,24.29,-2.05,-8.4397,309822,706114.90042,22.790986450929886
300152.SZ,20260608,1.86,1.95,1.8,1.9,1.88,0.02,1.0638,397906,74847.84832,1.881043470568426
300153.SZ,20260608,25.05,25.3,23.97,24.17,25.79,-1.62,-6.2815,105148,259343.83262,24.664647222961918
300154.SZ,20260608,9.35,9.78,9.18,9.33,9.67,-0.34,-3.516,110057,104004.58,9.450064966335626
300155.SZ,20260608,4.57,4.74,4.42,4.51,4.72,-0.21,-4.4492,105456,48135.32856,4.56449406008193
300157.SZ,20260608,4.37,4.63,4.35,4.42,4.42,0.0,0.0,466224,209360.5935,4.490558047204777
300158.SZ,20260608,5.12,5.25,4.98,5.06,5.21,-0.15,-2.8791,114616,58350.12086,5.090922808333915
300159.SZ,20260608,4.15,4.16,4.01,4.06,4.21,-0.15,-3.5629,326021,133247.74,4.087090708880716
300160.SZ,20260608,4.88,4.96,4.81,4.83,5.03,-0.2,-3.9761,144499,70554.17902,4.882675936857694
300161.SZ,20260608,31.3,33.65,30.8,32.21,31.88,0.33,1.0351,104951,340102.31242,32.40581913654943
300162.SZ,20260608,10.54,11.43,10.54,10.82,10.52,0.3,2.8517,1110759,1219213.67122,10.976401462603498
300163.SZ,20260608,6.33,6.56,6.19,6.44,6.41,0.03,0.468,350464,223922.218,6.389307261230826
300164.SZ,20260608,9.7,10.6,9.7,9.96,9.51,0.45,4.7319,1431672,1455542.17784,10.166729375443538
300165.SZ,20260608,5.99,6.2,5.63,5.73,6.03,-0.3,-4.9751,183173,107463.475,5.866774852188915
300166.SZ,20260608,15.5,16.2,15.41,15.52,16.56,-1.04,-6.2802,683927,1079080.77211,15.777718559290685
300167.SZ,20260608,4.89,4.97,4.75,4.8,4.97,-0.17,-3.4205,69800,33760.368,4.83672893982808
300168.SZ,20260608,4.97,5.08,4.85,4.91,5.07,-0.16,-3.1558,199772,99173.87868,4.964353296758304
300169.SZ,20260608,5.45,5.6,5.28,5.42,5.55,-0.13,-2.3423,99485,54093.32334,5.4373346072272195
300170.SZ,20260608,17.38,18.08,17.2,17.68,18.06,-0.38,-2.1041,461824,818120.25385,17.714979166305778
300171.SZ,20260608,11.16,11.3,10.74,10.93,11.33,-0.4,-3.5305,77717,85438.78617,10.993577488837706
300172.SZ,20260608,4.66,4.73,4.57,4.66,4.74,-0.08,-1.6878,144770,67418.44358,4.6569346950335015
300173.SZ,20260608,3.87,3.89,3.72,3.79,3.9,-0.11,-2.8205,102451,39078.50792,3.814360808581663
300174.SZ,20260608,24.08,24.96,23.07,23.37,25.93,-2.56,-9.8727,533685,1277541.41488,23.938117332883632
300175.SZ,20260608,5.39,5.54,5.21,5.29,5.53,-0.24,-4.34,120494,64627.6844,5.3635603764502795
300176.SZ,20260608,5.61,5.75,5.5,5.58,5.76,-0.18,-3.125,120746,67945.96489,5.627181429612575
300177.SZ,20260608,7.09,7.13,6.76,6.86,7.2,-0.34,-4.7222,114794,79780.70248,6.949901778838616
300179.SZ,20260608,44.88,46.96,43.8,45.0,47.5,-2.5,-5.2632,597227,2714247.97284,45.44750945352437
300180.SZ,20260608,4.73,4.89,4.54,4.58,4.84,-0.26,-5.3719,324937,151821.28983,4.672330015664575
300181.SZ,20260608,13.41,13.55,13.06,13.17,13.49,-0.32,-2.3721,98772,130556.47605,13.217964205442838
300182.SZ,20260608,6.06,6.47,6.04,6.4,6.22,0.18,2.8939,3585420,2275098.46399,6.3454168939482685
300183.SZ,20260608,11.51,11.71,10.99,11.22,11.75,-0.53,-4.5106,86465,98094.11,11.344949979760596
300184.SZ,20260608,15.79,16.59,15.45,15.64,17.0,-1.36,-8.0,1372614,2193030.36788,15.977036281722318
300185.SZ,20260608,2.65,2.67,2.55,2.58,2.69,-0.11,-4.0892,1020272,266488.29629,2.6119338400936227
300187.SZ,20260608,5.35,5.48,5.15,5.24,5.47,-0.23,-4.2048,144412,76380.635,5.289078123701632
300188.SZ,20260608,10.5,11.29,10.47,10.96,10.65,0.31,2.9108,187849,205947.46947,10.963458387854075
300189.SZ,20260608,4.94,5.18,4.84,4.96,5.06,-0.1,-1.9763,689033,346547.15786,5.029471126346633
300190.SZ,20260608,3.91,4.06,3.88,4.0,3.99,0.01,0.2506,212322,84391.0358,3.974672233682802
300191.SZ,20260608,31.5,33.74,31.5,32.07,31.24,0.83,2.6569,160603,525036.2452,32.691559011973624
300192.SZ,20260608,16.41,17.22,16.25,16.39,16.96,-0.57,-3.3608,82892,138314.16745,16.68606951816822
300193.SZ,20260608,7.53,7.77,7.4,7.53,7.67,-0.14,-1.8253,66954,50796.9128,7.586837649729665
300194.SZ,20260608,3.68,3.72,3.58,3.62,3.73,-0.11,-2.9491,94122,34315.20181,3.6458215730647456
300195.SZ,20260608,5.8,5.91,5.54,5.64,5.87,-0.23,-3.9182,120057,68637.929,5.717111788567097
300196.SZ,20260608,22.73,23.48,21.9,22.18,24.07,-1.89,-7.8521,307554,696614.46355,22.650151308388118
300197.SZ,20260608,2.45,3.02,2.4,3.02,2.52,0.5,19.8413,6725338,1947283.86787,2.8954438689475532
300198.SZ,20260608,2.35,2.58,2.31,2.46,2.42,0.04,1.6529,290972,71261.65254,2.449089690416947
300199.SZ,20260608,20.57,21.49,20.34,20.58,21.47,-0.89,-4.1453,360579,751350.72976,20.837340215597692
300200.SZ,20260608,9.19,9.37,9.01,9.09,9.48,-0.39,-4.1139,114528,105240.135,9.189031066638725
300201.SZ,20260608,17.82,19.29,17.72,18.5,18.52,-0.02,-0.108,484755,900402.41023,18.574381083846482
300203.SZ,20260608,12.49,12.83,12.07,12.29,12.9,-0.61,-4.7287,134124,166967.56745,12.448746492052132
300204.SZ,20260608,23.34,25.08,23.34,23.57,24.82,-1.25,-5.0363,234954,568204.5168,24.183649429249982
300205.SZ,20260608,5.81,6.03,5.76,5.87,5.89,-0.02,-0.3396,23915,14101.371,5.896454526447837
300206.SZ,20260608,12.77,12.98,12.16,12.33,13.0,-0.67,-5.1538,80545,100959.69014,12.53456951269477
300207.SZ,20260608,20.3,20.48,19.35,19.61,20.77,-1.16,-5.585,592907,1181397.6753,19.925514040144577
300209.SZ,20260608,23.61,24.73,23.03,23.64,25.51,-1.87,-7.3305,571486,1358408.5306,23.769760424577328
300210.SZ,20260608,10.13,10.39,9.97,10.06,10.5,-0.44,-4.1905,158666,161162.829,10.157363833461485
300211.SZ,20260608,7.65,7.85,7.58,7.7,7.97,-0.27,-3.3877,44711,34466.896,7.708817964259355
300212.SZ,20260608,10.72,11.76,10.65,11.63,10.8,0.83,7.6852,461503,520544.10011,11.279322130300343
300213.SZ,20260608,7.22,7.29,6.94,7.02,7.37,-0.35,-4.749,138770,98725.9513,7.114358384377026
300214.SZ,20260608,7.5,7.59,7.08,7.16,7.62,-0.46,-6.0367,105069,76892.212,7.3182586681133355
300215.SZ,20260608,6.98,7.26,6.83,6.98,7.18,-0.2,-2.7855,173099,122472.07418,7.075261797006337
300217.SZ,20260608,5.09,5.15,4.88,4.93,5.2,-0.27,-5.1923,678807,339845.8424,5.006516467861999
300218.SZ,20260608,13.38,13.64,12.89,13.03,13.46,-0.43,-3.1947,36805,48612.647,13.208163836435267
300219.SZ,20260608,8.6,9.28,8.56,8.99,8.87,0.12,1.3529,824901,744079.07624,9.020222744789981
300220.SZ,20260608,11.95,12.26,11.38,11.76,12.2,-0.44,-3.6066,33090,39212.695,11.850315805379267
300221.SZ,20260608,14.02,15.14,14.01,14.11,14.78,-0.67,-4.5332,576902,841781.51164,14.591412608033947
300222.SZ,20260608,14.3,14.41,13.41,13.68,14.79,-1.11,-7.5051,579021,807521.05419,13.946317218028364
300223.SZ,20260608,132.38,154.2,132.38,149.26,139.36,9.9,7.1039,545310,8057068.27931,147.7520727532963
300224.SZ,20260608,12.3,12.76,11.91,12.06,12.53,-0.47,-3.751,310954,382427.11915,12.298511006451115
300225.SZ,20260608,7.67,8.32,7.6,8.16,7.68,0.48,6.25,282570,228406.425,8.083180273914428
300226.SZ,20260608,20.88,21.0,19.95,20.19,21.14,-0.95,-4.4939,93650,190911.37191,20.38562433635878
300227.SZ,20260608,10.46,10.81,10.0,10.13,10.81,-0.68,-6.2905,221665,229648.0796,10.360141637155166
300228.SZ,20260608,7.8,8.05,7.71,7.79,7.97,-0.18,-2.2585,199587,157385.13,7.885540140389905
300229.SZ,20260608,15.55,16.03,15.4,15.67,15.97,-0.3,-1.8785,184853,290682.07737,15.725039754291249
300230.SZ,20260608,4.69,5.03,4.65,4.8,4.77,0.03,0.6289,246076,120164.4714,4.883225970838278
300231.SZ,20260608,8.7,8.91,8.47,8.61,8.93,-0.32,-3.5834,102391,88936.6709,8.685985184244709
300232.SZ,20260608,5.75,6.01,5.74,5.86,5.93,-0.07,-1.1804,275567,161952.5916,5.877067704042938
300233.SZ,20260608,12.31,12.81,12.2,12.31,12.66,-0.35,-2.7646,73723,91811.30457,12.453549715828167
300234.SZ,20260608,8.6,9.56,8.2,9.36,8.83,0.53,6.0023,445626,409414.65954,9.187405123130159
300235.SZ,20260608,13.55,14.19,13.38,14.16,13.88,0.28,2.0173,176934,244244.4789,13.804270456780493
300236.SZ,20260608,88.03,91.09,86.86,87.83,93.45,-5.62,-6.0139,113389,1010874.52371,89.15102203123759
300237.SZ,20260608,2.21,2.21,2.12,2.14,2.24,-0.1,-4.4643,245899,53345.2718,2.169397671401673
300238.SZ,20260608,11.3,11.36,10.75,10.95,11.45,-0.5,-4.3668,60185,66497.4674,11.048843964442966
300239.SZ,20260608,4.86,4.95,4.74,4.79,4.97,-0.18,-3.6217,107893,52238.48759,4.841693862437785
300240.SZ,20260608,5.73,5.87,5.54,5.64,5.83,-0.19,-3.259,73734,41934.468,5.687263406298316
300241.SZ,20260608,7.57,8.22,7.52,8.08,7.92,0.16,2.0202,954347,757519.87107,7.937572717994607
300242.SZ,20260608,4.48,4.94,4.4,4.72,4.71,0.01,0.2123,351333,167537.20375,4.768615636732102
300243.SZ,20260608,16.85,17.99,16.7,17.7,17.82,-0.12,-0.6734,267590,465926.17409,17.411942676856384
300244.SZ,20260608,16.51,16.76,15.97,16.25,16.82,-0.57,-3.3888,173995,285069.26031,16.3837616201615
300245.SZ,20260608,6.2,6.61,6.2,6.38,6.45,-0.07,-1.0853,103512,66431.5275,6.417760984233711
300246.SZ,20260608,15.97,16.97,15.48,15.82,16.56,-0.74,-4.4686,116923,186321.2953,15.93538442393712
300247.SZ,20260608,4.06,4.24,4.03,4.1,4.17,-0.07,-1.6787,165223,68350.752,4.13687876385249
300248.SZ,20260608,8.21,9.27,8.2,8.96,8.54,0.42,4.918,230361,205395.66785,8.916251789582438
300249.SZ,20260608,15.31,15.59,14.51,14.63,15.88,-1.25,-7.8715,259178,389883.86336,15.043092521741814
300250.SZ,20260608,16.0,16.63,15.74,15.97,16.3,-0.33,-2.0245,54429,87876.24724,16.145115148174686
300251.SZ,20260608,11.8,12.02,11.45,11.57,12.04,-0.47,-3.9037,470578,550884.88495,11.706558422833195
300252.SZ,20260608,16.49,17.22,15.95,16.17,17.08,-0.91,-5.3279,649410,1065755.54251,16.411135376880555
300253.SZ,20260608,7.31,7.45,7.15,7.24,7.5,-0.26,-3.4667,469643,343082.45066,7.305175434532186
300254.SZ,20260608,9.57,9.95,9.04,9.1,9.69,-0.59,-6.0888,187554,177387.65768,9.457951186325005
300255.SZ,20260608,36.2,38.3,35.9,36.97,37.53,-0.56,-1.4921,125848,467786.19924,37.17072970885512
300256.SZ,20260608,3.0,3.05,2.89,2.92,3.04,-0.12,-3.9474,361147,107057.1145,2.964363943214259
300257.SZ,20260608,28.67,29.46,27.3,27.81,28.67,-0.86,-2.9997,105236,299175.74359,28.42903033087537
300258.SZ,20260608,12.6,13.35,12.5,13.1,13.02,0.08,0.6144,299235,389624.78202,13.020695507544238
300259.SZ,20260608,5.83,6.42,5.64,5.69,6.12,-0.43,-7.0261,836500,501952.25144,6.000624643634191
300260.SZ,20260608,61.78,65.02,60.66,61.58,64.29,-2.71,-4.2153,254679,1597653.76053,62.73205723793482
300261.SZ,20260608,4.93,4.96,4.72,4.77,4.98,-0.21,-4.2169,108540,52471.524,4.834302929795467
300263.SZ,20260608,11.41,11.97,11.22,11.34,11.84,-0.5,-4.223,473835,545277.3443,11.50774730233098
300264.SZ,20260608,7.55,7.79,7.26,7.29,7.79,-0.5,-6.4185,180062,134670.785,7.479134131576901
300265.SZ,20260608,22.56,24.49,21.72,22.68,24.06,-1.38,-5.7357,552805,1277698.77487,23.113010462459638
300266.SZ,20260608,2.09,2.24,2.04,2.16,2.13,0.03,1.4085,416756,90359.18028,2.1681554741863347
300267.SZ,20260608,3.42,3.49,3.25,3.3,3.49,-0.19,-5.4441,470455,158136.62985,3.361355067966118
300268.SZ,20260608,12.49,12.58,11.71,12.0,12.38,-0.38,-3.0695,18898,22890.04924,12.112418901471056
300269.SZ,20260608,5.17,5.47,5.09,5.15,5.35,-0.2,-3.7383,281498,147769.723,5.249405786186758
300270.SZ,20260608,11.95,12.74,11.62,12.19,12.38,-0.19,-1.5347,101116,124349.41,12.297698682701057
300271.SZ,20260608,5.35,5.6,5.32,5.42,5.52,-0.1,-1.8116,109207,59471.3016,5.445740804160906
300272.SZ,20260608,5.72,6.02,5.69,5.78,5.92,-0.14,-2.3649,107169,62488.667,5.830852858569175
300274.SZ,20260608,150.11,153.75,146.0,146.8,153.75,-6.95,-4.5203,590255,8828200.69227,149.56587732878162
300275.SZ,20260608,9.18,10.04,9.11,9.89,9.43,0.46,4.878,198042,192995.80698,9.745195816039022
300276.SZ,20260608,8.31,8.73,8.2,8.49,8.55,-0.06,-0.7018,1248121,1065937.4815,8.540337687612018
300277.SZ,20260608,14.58,15.06,14.2,14.42,15.07,-0.65,-4.3132,257644,375811.52815,14.586465361118444
300278.SZ,20260608,4.53,4.73,4.51,4.57,4.66,-0.09,-1.9313,365950,168808.57222,4.612886247301544
300279.SZ,20260608,7.65,7.96,7.35,7.39,7.73,-0.34,-4.3984,265068,202581.20014,7.642612466989602
300281.SZ,20260608,7.52,7.65,7.3,7.42,7.72,-0.3,-3.886,138610,104041.50232,7.5060603361950795
300283.SZ,20260608,16.58,18.38,16.48,17.63,17.51,0.12,0.6853,759430,1342706.85615,17.680455817521036
300284.SZ,20260608,5.79,5.96,5.62,5.87,5.84,0.03,0.5137,161317,93371.68916,5.788087378267635
300285.SZ,20260608,62.06,65.0,57.29,57.61,65.18,-7.57,-11.614,1475030,8915171.78182,60.44061328800091
300286.SZ,20260608,31.19,32.43,30.2,30.7,32.75,-2.05,-6.2595,98712,308264.35605,31.228660755531244
300287.SZ,20260608,3.75,3.85,3.66,3.68,3.86,-0.18,-4.6632,263515,98699.2,3.7454869741760435
300288.SZ,20260608,9.77,10.06,9.61,9.78,9.98,-0.2,-2.004,48984,48190.77,9.838063449289564
300289.SZ,20260608,5.47,5.75,5.31,5.61,5.73,-0.12,-2.0942,72181,40557.616,5.618876989789557
300290.SZ,20260608,10.14,10.18,9.58,9.72,10.28,-0.56,-5.4475,249900,246419.47111,9.860723133653462
300291.SZ,20260608,5.88,6.31,5.81,5.95,6.08,-0.13,-2.1382,495129,299852.773,6.0560535335235866
300292.SZ,20260608,5.91,6.19,5.87,5.96,6.15,-0.19,-3.0894,1493779,898055.85292,6.011972674137205
300293.SZ,20260608,17.7,18.03,17.01,17.3,18.01,-0.71,-3.9423,75362,131999.26643,17.51536137974045
300294.SZ,20260608,16.5,16.92,16.05,16.16,16.59,-0.43,-2.5919,77984,127835.20376,16.392491249487076
300295.SZ,20260608,11.46,11.77,11.37,11.49,11.69,-0.2,-1.7109,20225,23378.932,11.559422496909766
300296.SZ,20260608,6.68,7.24,6.65,7.11,6.88,0.23,3.343,2567505,1813004.67725,7.061348185300515
300298.SZ,20260608,15.02,15.03,14.66,14.72,14.96,-0.24,-1.6043,42677,63362.65841,14.847027300419429
300299.SZ,20260608,5.3,5.55,5.21,5.44,5.45,-0.01,-0.1835,240580,130818.75935,5.4376406746196695
300300.SZ,20260608,9.08,9.38,8.71,8.87,9.24,-0.37,-4.0043,409446,369765.91355,9.03088352432311
300301.SZ,20260608,3.23,3.35,3.18,3.27,3.27,0.0,0.0,81910,26758.627,3.266832743254792
300302.SZ,20260608,49.72,51.59,47.6,48.46,53.01,-4.55,-8.5833,628310,3109351.70611,49.487541279145645
300303.SZ,20260608,8.88,10.08,8.82,9.72,8.89,0.83,9.3363,2151381,2079506.0314,9.665912413468371
300304.SZ,20260608,14.4,15.24,14.31,14.97,14.88,0.09,0.6048,416267,621225.3255,14.923722646762776
300305.SZ,20260608,7.18,7.58,7.03,7.13,7.55,-0.42,-5.5629,388961,283548.42336,7.289893417591995
300306.SZ,20260608,10.48,10.8,10.25,10.43,10.8,-0.37,-3.4259,29157,30674.819,10.52056761669582
300307.SZ,20260608,7.53,7.65,7.39,7.45,7.65,-0.2,-2.6144,508473,381648.27916,7.505772758042216
300308.SZ,20260608,1132.79,1179.45,1132.0,1154.99,1179.99,-25.0,-2.1187,336120,38923878.7236,1158.0351875401643
300310.SZ,20260608,4.81,4.97,4.69,4.79,4.98,-0.19,-3.8153,269689,130244.15779,4.829420472840939
300311.SZ,20260608,5.12,5.21,5.04,5.05,5.21,-0.16,-3.071,73632,37606.637,5.107376819860931
300313.SZ,20260608,8.47,8.73,8.21,8.3,8.67,-0.37,-4.2676,25138,21225.896,8.443748906038667
300314.SZ,20260608,9.85,10.07,9.63,9.79,10.06,-0.27,-2.6839,25411,25044.888,9.855923812522136
300315.SZ,20260608,4.3,4.41,4.23,4.29,4.38,-0.09,-2.0548,577572,249666.93209,4.322697985532539
300316.SZ,20260608,47.0,48.72,45.71,45.76,48.89,-3.13,-6.4021,306467,1438355.4521,46.93345293620521
300317.SZ,20260608,5.21,5.39,5.07,5.11,5.4,-0.29,-5.3704,686654,357580.39671,5.207577567595907
300318.SZ,20260608,4.69,4.84,4.63,4.7,4.83,-0.13,-2.6915,56998,26988.885,4.735058247657812
300319.SZ,20260608,23.6,25.33,22.88,23.14,22.28,0.86,3.86,2505646,5996274.04722,23.931050304871476
300320.SZ,20260608,8.65,8.77,8.21,8.31,8.81,-0.5,-5.6754,140754,119278.13393,8.474226944172102
300321.SZ,20260608,43.0,44.0,40.0,40.27,44.52,-4.25,-9.5463,47854,200683.779,41.936678020646134
300322.SZ,20260608,32.0,32.46,28.52,28.61,33.75,-5.14,-15.2296,689139,2099672.87025,30.468060438460167
300323.SZ,20260608,16.52,17.99,16.52,16.73,17.66,-0.93,-5.2661,1279798,2200484.1686,17.19399599468041
300324.SZ,20260608,4.07,4.19,3.97,4.03,4.2,-0.17,-4.0476,420588,171288.34679,4.0725923419117995
300326.SZ,20260608,6.11,6.22,6.01,6.09,6.26,-0.17,-2.7157,69584,42455.98313,6.101400196884342
300327.SZ,20260608,26.56,27.16,26.02,26.3,27.47,-1.17,-4.2592,176442,468727.88996,26.565550716949478
300328.SZ,20260608,21.89,22.09,20.3,20.64,22.12,-1.48,-6.6908,945998,1988881.88127,21.024165815044004
300329.SZ,20260608,12.21,12.64,12.05,12.21,12.46,-0.25,-2.0064,34995,43107.92725,12.318310401485926
300331.SZ,20260608,56.2,56.96,50.81,52.3,59.06,-6.76,-11.446,296784,1604745.45444,54.07115796134563
300332.SZ,20260608,4.7,4.89,4.66,4.82,4.79,0.03,0.6263,234749,113150.89967,4.820080156677983
300333.SZ,20260608,10.6,10.8,9.7,9.86,10.95,-1.09,-9.9543,232980,237932.57844,10.212575261395829
300334.SZ,20260608,9.15,10.58,8.9,9.94,9.01,0.93,10.3219,676608,666567.20889,9.851601058367622
300335.SZ,20260608,5.46,5.76,5.43,5.53,5.65,-0.12,-2.1239,155751,87089.89308,5.591610524491014
300337.SZ,20260608,12.01,12.53,11.83,11.88,12.43,-0.55,-4.4248,289584,351219.10971,12.128401766326869
300338.SZ,20260608,3.3,3.31,3.18,3.24,3.33,-0.09,-2.7027,51172,16627.64777,3.249364451262409
300339.SZ,20260608,40.0,41.92,39.75,40.33,41.46,-1.13,-2.7255,280020,1147287.28481,40.97161934183273
300340.SZ,20260608,9.45,9.98,9.31,9.41,9.63,-0.22,-2.2845,75723,72762.484,9.609033450866974
300341.SZ,20260608,14.83,15.3,14.6,14.77,14.86,-0.09,-0.6057,118056,176174.2409,14.922938342820357
300342.SZ,20260608,48.72,52.42,48.55,49.29,50.5,-1.21,-2.396,378314,1912528.3152,50.5539925881675
300343.SZ,20260608,6.25,6.42,6.0,6.13,6.51,-0.38,-5.8372,203240,126576.10565,6.227913090434953
300345.SZ,20260608,6.02,6.05,5.7,5.72,6.15,-0.43,-6.9919,209616,123171.64247,5.876061105545379
300346.SZ,20260608,56.0,59.5,55.5,57.19,57.03,0.16,0.2806,905282,5211799.77054,57.57100848730009
300347.SZ,20260608,38.26,38.97,36.05,36.17,38.92,-2.75,-7.0658,216102,802202.72752,37.121485572553695
300348.SZ,20260608,9.77,10.01,9.57,9.73,9.94,-0.21,-2.1127,159523,156359.04684,9.80166163123813
300349.SZ,20260608,11.8,12.01,11.68,11.72,12.04,-0.32,-2.6578,100179,118479.68864,11.826798893979776
300350.SZ,20260608,4.42,4.56,4.32,4.39,4.54,-0.15,-3.304,147892,65547.9288,4.432148378546507
300351.SZ,20260608,16.5,16.9,15.97,16.2,17.1,-0.9,-5.2632,120347,198119.3698,16.46234387230259
300352.SZ,20260608,3.02,3.1,2.98,3.03,3.1,-0.07,-2.2581,278546,84701.315,3.040837599534727
300353.SZ,20260608,21.0,22.36,20.9,21.84,21.94,-0.1,-0.4558,653704,1426873.52414,21.827517104683466
300354.SZ,20260608,32.18,33.42,31.95,32.49,33.09,-0.6,-1.8132,24999,81947.62,32.78035921436857
300355.SZ,20260608,3.06,3.13,2.99,3.02,3.12,-0.1,-3.2051,222381,67930.10598,3.0546722058089495
300357.SZ,20260608,22.0,22.38,21.18,21.52,22.24,-0.72,-3.2374,69040,149450.88642,21.646999771147158
300358.SZ,20260608,8.11,8.24,7.86,7.95,8.24,-0.29,-3.5194,175785,141605.949,8.055633245157436
300359.SZ,20260608,3.98,4.12,3.91,3.99,4.08,-0.09,-2.2059,123483,49607.5608,4.017359539369792
300360.SZ,20260608,13.31,13.49,13.16,13.26,13.55,-0.29,-2.1402,45026,59971.76605,13.319363489983564
300363.SZ,20260608,13.99,14.15,13.24,13.32,13.88,-0.56,-4.0346,138425,188051.39985,13.585074939497924
300364.SZ,20260608,22.99,23.68,22.9,23.02,23.82,-0.8,-3.3585,317009,735102.32046,23.188689294625703
300365.SZ,20260608,5.0,5.16,4.95,5.02,5.13,-0.11,-2.1442,153300,77438.862,5.051458708414872
300366.SZ,20260608,5.27,5.33,5.15,5.23,5.35,-0.12,-2.243,55399,29011.9815,5.23691429448185
300368.SZ,20260608,9.2,9.58,8.91,9.06,9.38,-0.32,-3.4115,184625,170256.27014,9.221734333920109
300369.SZ,20260608,6.13,6.27,5.98,6.07,6.25,-0.18,-2.88,178035,108766.301,6.10926508832533
300370.SZ,20260608,2.39,2.59,2.36,2.48,2.46,0.02,0.813,447533,112340.14452,2.5102091805520486
300371.SZ,20260608,11.18,11.36,10.7,10.89,11.36,-0.47,-4.1373,37671,41496.996,11.015634307557537
300373.SZ,20260608,97.73,98.78,93.18,94.46,102.87,-8.41,-8.1754,238394,2289467.42753,96.03712457234663
300374.SZ,20260608,11.61,12.11,11.55,11.79,12.1,-0.31,-2.562,41235,48757.634,11.824332242027404
300375.SZ,20260608,4.31,4.46,4.24,4.29,4.45,-0.16,-3.5955,131681,57170.324,4.341577296648719
300376.SZ,20260608,4.81,5.94,4.69,5.94,4.95,0.99,20.0,752490,397116.15044,5.277361166792915
300377.SZ,20260608,13.22,13.99,12.76,12.92,13.33,-0.41,-3.0758,277545,368582.52584,13.280099653749843
300378.SZ,20260608,34.65,38.16,34.55,37.21,35.88,1.33,3.7068,180367,668871.75021,37.08393166211114
300380.SZ,20260608,29.61,30.64,29.17,29.74,30.66,-0.92,-3.0007,26386,79124.454,29.987286439778668
300381.SZ,20260608,6.0,6.18,5.78,5.82,6.15,-0.33,-5.3659,135656,80635.378,5.9441070059562415
300382.SZ,20260608,15.8,16.25,15.28,15.53,16.12,-0.59,-3.66,314268,491906.02662,15.652437620756807
300383.SZ,20260608,12.6,12.87,12.31,12.51,13.03,-0.52,-3.9908,650350,820381.90008,12.614467595602367
300384.SZ,20260608,12.3,12.53,11.91,12.11,12.51,-0.4,-3.1974,33626,41014.002,12.197109974424551
300385.SZ,20260608,14.5,15.19,14.36,14.41,15.06,-0.65,-4.3161,92532,136353.056,14.73577313794147
300386.SZ,20260608,10.5,10.82,10.23,10.37,10.65,-0.28,-2.6291,59642,62970.57797,10.558092949599276
300387.SZ,20260608,7.57,7.7,7.37,7.44,7.65,-0.21,-2.7451,62082,46717.137,7.525069585387069
300388.SZ,20260608,7.21,7.6,7.2,7.31,7.38,-0.07,-0.9485,69650,51497.1734,7.39370759511845
300389.SZ,20260608,13.42,13.77,13.16,13.26,13.85,-0.59,-4.2599,63014,84731.9929,13.446534563747738
300390.SZ,20260608,78.65,83.35,77.41,79.95,80.5,-0.55,-0.6832,441789,3545660.05526,80.25686595320391
300393.SZ,20260608,8.69,8.91,8.16,8.24,8.96,-0.72,-8.0357,430707,365995.92068,8.497561467076226
300394.SZ,20260608,439.0,442.79,415.72,425.11,457.0,-31.89,-6.9781,421234,18150638.6635,430.8920615026327
300395.SZ,20260608,112.98,117.94,111.51,112.38,119.23,-6.85,-5.7452,317457,3643585.20376,114.77413330813306
300396.SZ,20260608,7.41,7.5,7.18,7.28,7.59,-0.31,-4.0843,31636,23258.967,7.352056833986598
300397.SZ,20260608,13.0,13.32,12.53,12.79,13.33,-0.54,-4.051,214304,277436.28686,12.945922001455877
300398.SZ,20260608,39.17,41.97,38.89,39.75,41.23,-1.48,-3.5896,557585,2248356.13064,40.32311003057829
300399.SZ,20260608,18.51,19.14,18.2,18.5,19.13,-0.63,-3.2933,41687,77876.011,18.68112625038981
300400.SZ,20260608,28.35,35.17,28.2,33.2,29.75,3.45,11.5966,344741,1112167.3,32.26095242515396
300401.SZ,20260608,11.18,11.26,10.79,10.88,11.32,-0.44,-3.8869,109805,120915.15718,11.011807948636218
300402.SZ,20260608,16.87,17.07,15.87,16.21,17.19,-0.98,-5.701,78417,129004.414,16.451077444941788
300403.SZ,20260608,10.75,11.39,10.71,11.3,11.11,0.19,1.7102,222102,247657.65429,11.15062693222033
300404.SZ,20260608,8.92,9.08,8.53,8.69,9.09,-0.4,-4.4004,108641,95508.42268,8.791195099456008
300405.SZ,20260608,6.28,6.39,5.85,5.99,6.29,-0.3,-4.7695,136341,83154.1409,6.098982763805458
300406.SZ,20260608,11.79,12.0,11.4,11.65,11.95,-0.3,-2.5105,54016,62818.99105,11.62970065351007
300407.SZ,20260608,11.82,12.54,11.73,11.95,12.16,-0.21,-1.727,81304,98303.105,12.09080795532815
300408.SZ,20260608,130.78,132.56,121.52,122.92,134.83,-11.91,-8.8333,921088,11612429.8031,126.07296808882538
300409.SZ,20260608,20.81,21.21,20.07,20.37,21.47,-1.1,-5.1234,228542,472442.14001,20.67200514610006
300410.SZ,20260608,11.4,12.0,11.18,11.33,12.01,-0.68,-5.6619,465850,536899.3538,11.525155174412365
300411.SZ,20260608,8.64,8.75,8.17,8.33,8.82,-0.49,-5.5556,140164,118480.0126,8.452956008675551
300412.SZ,20260608,4.38,4.51,4.3,4.36,4.5,-0.14,-3.1111,107063,47194.3551,4.408091973884535
300413.SZ,20260608,16.36,16.68,15.98,16.18,16.66,-0.48,-2.8812,167881,274095.5621,16.3267768300165
300414.SZ,20260608,12.1,12.47,11.74,11.88,12.42,-0.54,-4.3478,74053,89663.4896,12.10801582650264
300415.SZ,20260608,21.3,22.02,21.03,21.26,21.66,-0.4,-1.8467,81463,174763.91302,21.453164383830696
300416.SZ,20260608,17.06,18.13,16.96,17.19,17.95,-0.76,-4.234,281199,491350.00287,17.473390832470955
300417.SZ,20260608,12.31,12.68,11.64,12.1,12.65,-0.55,-4.3478,49768,60779.68315,12.212603108423083
300418.SZ,20260608,39.18,40.08,37.96,38.66,40.5,-1.84,-4.5432,436652,1707258.99536,39.098847488617935
300419.SZ,20260608,6.95,7.02,6.8,6.84,7.12,-0.28,-3.9326,72810,50382.64536,6.91974252987227
300420.SZ,20260608,5.9,6.52,5.87,6.36,6.07,0.29,4.7776,2438064,1510614.89726,6.195960800290723
300421.SZ,20260608,21.02,22.58,21.02,21.89,22.26,-0.37,-1.6622,109164,241443.46004,22.117498446374263
300422.SZ,20260608,5.04,5.31,5.0,5.09,5.24,-0.15,-2.8626,131975,67727.725,5.131860200795606
300423.SZ,20260608,6.27,6.38,5.94,6.07,6.33,-0.26,-4.1074,107512,65861.43132,6.125960945754892
300424.SZ,20260608,19.55,20.15,18.71,19.0,19.93,-0.93,-4.6663,186812,363265.86041,19.445531358263924
300425.SZ,20260608,4.2,4.32,4.13,4.19,4.3,-0.11,-2.5581,74995,31614.23263,4.215512051470098
300426.SZ,20260608,6.0,6.15,5.76,5.86,6.08,-0.22,-3.6184,75442,44813.627,5.940143023779857
300427.SZ,20260608,7.8,7.81,7.02,7.12,7.61,-0.49,-6.4389,506829,373521.101,7.369765759260027
300428.SZ,20260608,19.3,19.42,18.41,18.6,19.71,-1.11,-5.6317,99736,188330.48534,18.88289938838534
300429.SZ,20260608,13.42,14.26,13.36,13.71,13.88,-0.17,-1.2248,294906,407440.5486,13.815946389697055
300430.SZ,20260608,5.23,5.51,5.23,5.35,5.4,-0.05,-0.9259,134953,72717.36724,5.388347590642669
300432.SZ,20260608,22.4,22.84,21.14,21.58,22.84,-1.26,-5.5166,448573,980104.4581,21.849385899285068
300433.SZ,20260608,43.2,45.4,42.57,42.64,45.61,-2.97,-6.5117,1984135,8713719.51206,43.91696891622797
300434.SZ,20260608,9.31,9.54,8.99,9.07,9.44,-0.37,-3.9195,93768,85981.7102,9.169621853937377
300435.SZ,20260608,17.69,17.98,16.9,17.13,18.08,-0.95,-5.2544,99703,173375.121,17.389157898959912
300436.SZ,20260608,86.3,92.6,85.41,85.78,88.81,-3.03,-3.4118,77997,689215.9757,88.36442115722399
300437.SZ,20260608,11.8,12.38,11.61,11.83,12.14,-0.31,-2.5535,91094,109230.8354,11.991002195534284
300438.SZ,20260608,74.01,74.66,70.11,71.65,75.65,-4.0,-5.2875,201524,1453671.87725,72.13393329082392
300439.SZ,20260608,8.85,8.93,8.6,8.7,8.91,-0.21,-2.3569,31440,27529.688,8.756262086513994
300440.SZ,20260608,18.5,18.98,18.13,18.29,18.85,-0.56,-2.9708,129804,240505.71518,18.528374717266033
300441.SZ,20260608,6.16,6.27,5.98,6.06,6.26,-0.2,-3.1949,63570,38879.67096,6.11604073619632
300442.SZ,20260608,75.0,76.83,73.3,74.11,78.17,-4.06,-5.1938,328854,2472234.34299,75.17726234103887
300443.SZ,20260608,22.37,23.0,21.7,21.98,23.17,-1.19,-5.136,79009,175789.86742,22.24934721613993
300444.SZ,20260608,13.08,13.4,12.77,12.93,13.5,-0.57,-4.2222,327184,428457.68416,13.095312856374395
300445.SZ,20260608,23.61,24.48,22.94,23.27,24.54,-1.27,-5.1752,70465,166647.5426,23.64969028595757
300446.SZ,20260608,15.89,16.06,15.2,15.44,16.09,-0.65,-4.0398,105029,164100.18,15.624273295946834
300447.SZ,20260608,15.9,16.29,15.41,15.6,16.53,-0.93,-5.6261,74954,118430.1525,15.800377898444378
300448.SZ,20260608,7.08,7.3,7.05,7.19,7.35,-0.16,-2.1769,202819,145947.632,7.195954619636228
300449.SZ,20260608,7.72,7.88,7.43,7.74,8.01,-0.27,-3.3708,251751,193501.0879,7.686209306020632
300450.SZ,20260608,45.9,46.1,43.39,43.81,46.98,-3.17,-6.7476,593518,2654265.81934,44.72089842835432
300451.SZ,20260608,3.62,3.75,3.59,3.67,3.71,-0.04,-1.0782,254264,93363.2236,3.6719010005348767
300452.SZ,20260608,12.38,12.5,11.99,12.11,12.5,-0.39,-3.12,29422,35892.375,12.199162191557338
300453.SZ,20260608,8.84,8.99,8.64,8.81,8.92,-0.11,-1.2332,75578,66590.7913,8.810869737225119
300454.SZ,20260608,103.0,108.3,102.5,103.85,107.9,-4.05,-3.7535,104188,1091437.65697,104.75656092544247
300455.SZ,20260608,22.06,23.09,21.7,21.97,22.67,-0.7,-3.0878,122761,273525.84357,22.281167762563033
300456.SZ,20260608,41.15,41.81,39.81,40.02,43.05,-3.03,-7.0383,353947,1445325.10123,40.83450633089135
300457.SZ,20260608,24.16,24.61,23.47,23.73,24.83,-1.1,-4.4301,141920,340579.14326,23.99796668968433
300458.SZ,20260608,31.0,31.5,30.0,30.38,32.48,-2.1,-6.4655,319749,985062.06632,30.807354090865022
300459.SZ,20260608,3.71,3.84,3.69,3.75,3.79,-0.04,-1.0554,702818,264886.86573,3.768925464771819
300460.SZ,20260608,8.91,9.3,8.85,8.91,9.21,-0.3,-3.2573,65866,59244.8982,8.994761819451615
300461.SZ,20260608,47.0,50.68,46.3,47.13,48.55,-1.42,-2.9248,78653,381437.9966,48.496306129454695
300462.SZ,20260608,11.5,12.02,11.5,11.59,12.04,-0.45,-3.7375,11140,13002.77904,11.67215353680431
300463.SZ,20260608,9.03,9.13,8.72,8.79,9.09,-0.3,-3.3003,78448,69689.23447,8.883494094177033
300464.SZ,20260608,8.6,8.63,7.93,8.01,8.9,-0.89,-10.0,233911,193082.711,8.254537452278859
300465.SZ,20260608,13.85,16.1,13.81,15.53,14.29,1.24,8.6774,483339,749923.73609,15.515481599664005
300466.SZ,20260608,7.95,8.29,7.91,8.06,8.2,-0.14,-1.7073,92249,74587.757,8.085481360231547
300467.SZ,20260608,32.72,33.29,31.46,32.09,33.45,-1.36,-4.0658,47631,154200.046,32.373883815162394
300468.SZ,20260608,22.4,23.36,21.94,22.38,23.24,-0.86,-3.7005,184885,417998.43104,22.608563758011737
300469.SZ,20260608,55.53,57.41,51.0,51.5,56.09,-4.59,-8.1833,104449,559791.1471,53.59468708173367
300470.SZ,20260608,30.65,31.16,30.03,30.68,31.15,-0.47,-1.5088,20875,63765.09253,30.54615211017964
300471.SZ,20260608,9.73,9.77,9.23,9.34,9.69,-0.35,-3.612,77997,74064.14504,9.495768432119185
300472.SZ,20260608,8.15,8.22,7.7,8.02,8.15,-0.13,-1.5951,36062,28915.013,8.018139038322888
300473.SZ,20260608,33.33,34.37,32.5,33.01,34.49,-1.48,-4.2911,63837,213116.756,33.38451932264987
300474.SZ,20260608,54.52,55.92,53.06,53.53,56.37,-2.84,-5.0381,104405,568263.23152,54.42873727503472
300475.SZ,20260608,160.0,165.58,156.51,159.13,171.9,-12.77,-7.4287,270296,4354690.01261,161.10819296659957
300476.SZ,20260608,307.0,325.9,306.56,314.8,338.9,-24.1,-7.1112,512107,16183837.4945,316.0245318751745
300477.SZ,20260608,2.37,2.52,2.31,2.46,2.45,0.01,0.4082,260305,63360.1232,2.4340724611513416
300478.SZ,20260608,38.08,42.55,38.08,38.98,40.4,-1.42,-3.5149,75452,303272.2761,40.19406723479828
300479.SZ,20260608,14.23,14.71,14.06,14.28,14.65,-0.37,-2.5256,38282,54937.77619,14.350811397001202
300480.SZ,20260608,31.1,34.64,31.1,32.84,34.36,-1.52,-4.4237,178984,591255.65441,33.03399490513118
300481.SZ,20260608,13.55,14.02,13.18,13.28,13.96,-0.68,-4.8711,107641,145484.8867,13.515750197415484
300482.SZ,20260608,18.03,18.56,17.69,17.7,18.49,-0.79,-4.2726,149470,270128.46052,18.07241991837827
300483.SZ,20260608,18.7,20.15,18.58,18.79,18.97,-0.18,-0.9489,315424,607178.66094,19.249602469691588
300484.SZ,20260608,14.74,15.29,14.65,14.89,15.15,-0.26,-1.7162,36313,54339.082,14.964085038415995
300485.SZ,20260608,8.62,8.99,8.54,8.68,8.93,-0.25,-2.7996,56833,49641.484,8.734623194270934
300486.SZ,20260608,25.81,27.5,25.81,26.68,28.15,-1.47,-5.222,287795,769540.5125,26.739189787869833
300487.SZ,20260608,52.33,53.37,49.18,49.46,53.76,-4.3,-7.9985,93691,474723.34968,50.66904501819812
300488.SZ,20260608,33.2,37.37,33.2,36.66,34.55,2.11,6.1071,146707,530493.2369,36.16004941141186
300489.SZ,20260608,119.15,141.23,119.15,137.66,125.35,12.31,9.8205,116693,1557022.123,133.42892230039504
300490.SZ,20260608,14.05,14.61,13.77,14.03,14.76,-0.73,-4.9458,148636,210858.09,14.186205898974675
300491.SZ,20260608,30.51,32.78,30.51,31.21,32.18,-0.97,-3.0143,119491,377278.8287,31.57382804562687
300492.SZ,20260608,39.5,40.58,36.2,37.3,39.86,-2.56,-6.4225,51025,194580.672,38.1343796178344
300493.SZ,20260608,14.5,14.78,13.92,14.14,15.12,-0.98,-6.4815,180686,259489.70875,14.361362183567072
300494.SZ,20260608,9.24,9.75,9.18,9.55,9.41,0.14,1.4878,202671,192690.90928,9.50757184204943
300496.SZ,20260608,61.48,65.88,61.4,64.74,63.17,1.57,2.4854,255818,1648882.03375,64.45527811764615
300497.SZ,20260608,15.4,15.98,15.28,15.67,15.85,-0.18,-1.1356,197964,310084.94262,15.663703633994059
300498.SZ,20260608,12.87,13.19,12.56,12.69,12.89,-0.2,-1.5516,492951,631107.07237,12.80263296696832
300499.SZ,20260608,35.1,35.49,33.56,34.0,36.73,-2.73,-7.4326,249152,861958.05856,34.59567085795017
300500.SZ,20260608,10.56,10.96,10.29,10.49,10.67,-0.18,-1.687,47057,50186.495,10.665043457933995
300501.SZ,20260608,12.78,13.63,12.23,13.26,12.79,0.47,3.6747,78853,103836.40194,13.16835148187133
300502.SZ,20260608,711.11,745.0,705.89,725.0,748.0,-23.0,-3.0749,322561,23349172.2029,723.8684218767924
300503.SZ,20260608,78.1,88.99,78.09,87.01,81.77,5.24,6.4082,450041,3778822.91589,83.96619232225507
300504.SZ,20260608,18.4,19.34,18.0,18.41,19.56,-1.15,-5.8793,175240,326734.54014,18.644974899566307
300505.SZ,20260608,19.13,19.5,18.31,18.58,19.48,-0.9,-4.6201,115414,218362.69118,18.919948288769127
300506.SZ,20260608,4.62,4.62,4.4,4.42,4.62,-0.2,-4.329,86390,38579.06937,4.465686927885172
300507.SZ,20260608,7.2,7.36,7.02,7.12,7.39,-0.27,-3.6536,124672,89486.31537,7.177739618358573
300508.SZ,20260608,45.4,52.5,45.4,50.4,44.85,5.55,12.3746,105810,535277.8247,50.588585644079004
300509.SZ,20260608,9.57,9.76,9.21,9.36,9.76,-0.4,-4.0984,59778,56665.7689,9.479368480042826
300510.SZ,20260608,3.52,3.64,3.46,3.51,3.63,-0.12,-3.3058,177847,63031.67462,3.5441516933094173
300511.SZ,20260608,5.81,6.05,5.73,5.87,5.92,-0.05,-0.8446,195073,114738.62081,5.8818299205938285
300512.SZ,20260608,7.75,7.9,7.48,7.61,7.82,-0.21,-2.6854,41873,32174.62674,7.683859943161464
300513.SZ,20260608,7.81,8.05,7.59,7.68,7.94,-0.26,-3.2746,70330,55014.64712,7.8223584700696716
300514.SZ,20260608,11.05,11.05,10.16,10.37,10.84,-0.47,-4.3358,35742,37454.417,10.479104974539757
300515.SZ,20260608,15.15,15.49,14.92,15.1,15.55,-0.45,-2.8939,27573,41879.331,15.188528995756718
300516.SZ,20260608,39.0,41.1,37.49,37.93,40.98,-3.05,-7.4427,168052,656801.92976,39.08325576369219
300517.SZ,20260608,11.15,11.31,10.71,10.83,11.1,-0.27,-2.4324,58196,63984.835,10.994713554196165
300518.SZ,20260608,26.8,29.2,26.6,27.1,28.49,-1.39,-4.8789,105882,294196.57854,27.78532503541679
300519.SZ,20260608,13.03,13.58,12.85,13.12,13.51,-0.39,-2.8868,29475,38747.84436,13.14600317557252
300520.SZ,20260608,31.03,31.47,29.51,30.01,32.22,-2.21,-6.8591,141997,434452.15588,30.595868636661336
300521.SZ,20260608,23.63,25.78,23.24,24.68,24.16,0.52,2.1523,58036,143940.2392,24.80188834516507
300522.SZ,20260608,11.34,11.72,10.93,11.13,11.61,-0.48,-4.1344,73489,83205.79774,11.322211179904475
300523.SZ,20260608,20.31,21.47,20.2,20.78,20.75,0.03,0.1446,47642,99643.01276,20.914951672893665
300525.SZ,20260608,8.51,8.74,8.39,8.7,8.75,-0.05,-0.5714,155763,133957.7177,8.60009872049203
300527.SZ,20260608,7.56,7.67,7.46,7.53,7.67,-0.14,-1.8253,62164,46980.6076,7.557526478347597
300528.SZ,20260608,16.0,16.63,15.2,15.54,16.34,-0.8,-4.896,140152,222770.6684,15.894933243906614
300529.SZ,20260608,16.89,17.28,16.51,16.76,17.22,-0.46,-2.6713,55689,93506.3696,16.790814990393077
300530.SZ,20260608,19.2,19.46,18.24,18.5,19.6,-1.1,-5.6122,22555,42483.01582,18.835298523608955
300531.SZ,20260608,15.98,16.72,15.64,16.5,15.82,0.68,4.2984,266174,431083.79611,16.195563657983122
300532.SZ,20260608,6.8,7.1,6.77,6.88,6.92,-0.04,-0.578,91371,63211.00602,6.9180599993433365
300533.SZ,20260608,15.6,16.55,15.6,15.88,16.3,-0.42,-2.5767,94544,152132.7996,16.091216745642242
300534.SZ,20260608,7.59,7.81,7.44,7.56,7.72,-0.16,-2.0725,49794,37907.927,7.612950757119332
300535.SZ,20260608,15.45,16.0,14.86,15.13,15.88,-0.75,-4.7229,26023,40032.12471,15.383362683011182
300536.SZ,20260608,9.58,10.05,9.36,9.46,9.86,-0.4,-4.0568,128400,123847.584,9.64545046728972
300537.SZ,20260608,26.47,27.4,25.8,26.09,26.94,-0.85,-3.1552,200577,532669.4706,26.556856997562033
300538.SZ,20260608,17.2,18.02,17.0,17.12,17.66,-0.54,-3.0578,97443,169241.42338,17.368248450889237
300539.SZ,20260608,22.57,23.96,22.4,23.02,23.76,-0.74,-3.1145,71950,167309.66765,23.25360217512161
300540.SZ,20260608,25.42,26.9,25.42,25.8,26.62,-0.82,-3.0804,78602,205530.5532,26.148259993384393
300541.SZ,20260608,10.41,10.66,10.18,10.36,10.69,-0.33,-3.087,71670,74764.76555,10.431807667085252
300542.SZ,20260608,12.52,12.74,11.99,12.3,12.64,-0.34,-2.6899,54278,67456.454,12.42795497254873
300543.SZ,20260608,8.66,8.79,8.31,8.42,8.77,-0.35,-3.9909,67623,57785.43529,8.54523391301776
300545.SZ,20260608,34.9,37.99,34.87,35.8,36.12,-0.32,-0.8859,163600,595938.63991,36.426567231662595
300546.SZ,20260608,16.58,16.96,16.01,16.43,16.88,-0.45,-2.6659,37005,61114.52613,16.515207709768948
300547.SZ,20260608,32.01,33.34,31.3,32.1,34.12,-2.02,-5.9203,123582,400519.66728,32.40922361508958
300548.SZ,20260608,208.08,227.78,206.0,213.0,219.0,-6.0,-2.7397,165964,3607177.77273,217.3470013213709
300549.SZ,20260608,15.21,15.7,14.73,15.15,15.61,-0.46,-2.9468,34220,52044.806,15.208885447106955
300550.SZ,20260608,13.92,15.08,13.88,14.26,14.14,0.12,0.8487,143069,206746.62048,14.450832848485698
300551.SZ,20260608,11.01,11.23,10.48,10.62,11.16,-0.54,-4.8387,96002,104109.196,10.844481989958544
300552.SZ,20260608,26.28,29.2,26.02,28.07,26.94,1.13,4.1945,109291,304271.09466,27.84045297965981
300553.SZ,20260608,65.25,68.35,63.4,64.07,67.31,-3.24,-4.8135,63829,418059.11916,65.49673646148302
300554.SZ,20260608,27.51,29.93,27.3,28.75,29.59,-0.84,-2.8388,79560,230821.2212,29.012219859225745
300555.SZ,20260608,12.46,13.08,12.16,12.33,12.8,-0.47,-3.6719,17908,22249.5385,12.42435699128881
300556.SZ,20260608,18.03,20.16,17.94,19.59,18.48,1.11,6.0065,146162,285740.742,19.549591685937525
300557.SZ,20260608,28.55,30.88,28.4,30.05,29.87,0.18,0.6026,122218,367867.63382,30.099300742934755
300558.SZ,20260608,48.41,50.95,47.77,48.91,48.88,0.03,0.0614,149209,735842.69697,49.31624077435008
300559.SZ,20260608,11.23,11.44,10.8,10.96,11.31,-0.35,-3.0946,86351,95614.838,11.072811895635258
300560.SZ,20260608,17.41,17.95,16.78,17.06,18.2,-1.14,-6.2637,138742,240205.8004,17.31312799296536
300561.SZ,20260608,14.2,15.07,14.0,14.31,14.68,-0.37,-2.5204,198097,289401.26522,14.60906854823647
300562.SZ,20260608,11.86,12.1,11.57,11.71,12.06,-0.35,-2.9022,51254,60649.006,11.833028836773716
300563.SZ,20260608,30.16,30.29,28.28,28.4,31.39,-2.99,-9.5253,97721,286549.61268,29.323237858802102
300564.SZ,20260608,13.3,13.79,12.54,12.85,13.48,-0.63,-4.6736,53832,70288.9598,13.057096113835636
300565.SZ,20260608,12.44,12.74,11.93,12.04,12.83,-0.79,-6.1574,202279,249247.9787,12.321989860539158
300566.SZ,20260608,25.68,26.86,25.41,25.95,26.96,-1.01,-3.7463,216763,564892.85156,26.060390913578424
300567.SZ,20260608,177.53,183.95,175.0,177.8,189.23,-11.43,-6.0403,76751,1379894.29888,179.78844560722334
300568.SZ,20260608,15.01,16.45,14.96,16.25,15.5,0.75,4.8387,1210754,1942174.02934,16.041029220964788
300569.SZ,20260608,5.06,5.15,4.89,4.95,5.16,-0.21,-4.0698,245136,122798.08803,5.009386137898963
300570.SZ,20260608,151.05,161.5,151.05,153.9,168.38,-14.48,-8.5996,206247,3225670.17496,156.3984045809151
300571.SZ,20260608,43.63,44.56,41.89,42.54,45.12,-2.58,-5.7181,149965,649038.398,43.279325042509925
300572.SZ,20260608,25.98,27.25,25.6,25.9,26.92,-1.02,-3.789,49774,131150.92815,26.349284395467514
300573.SZ,20260608,36.51,37.01,35.13,35.67,36.95,-1.28,-3.4641,74964,269388.9321,35.9357734512566
300575.SZ,20260608,5.65,5.76,5.5,5.55,5.74,-0.19,-3.3101,137592,77537.5679,5.635325302343159
300576.SZ,20260608,39.31,41.39,39.31,39.84,41.77,-1.93,-4.6205,178102,719235.74024,40.383361233450486
300577.SZ,20260608,16.09,16.32,15.55,15.85,16.34,-0.49,-2.9988,26833,42678.433,15.9052036671263
300578.SZ,20260608,17.71,19.63,17.7,18.95,18.4,0.55,2.9891,89627,170174.191,18.986933736485657
300579.SZ,20260608,22.2,22.49,21.51,21.95,22.52,-0.57,-2.5311,33604,74000.202,22.021248065706466
300580.SZ,20260608,22.99,26.78,22.9,25.65,23.45,2.2,9.3817,332879,851209.92944,25.5711513625071
300581.SZ,20260608,10.51,10.84,10.15,10.39,10.72,-0.33,-3.0784,102339,107236.8571,10.47859145584772
300582.SZ,20260608,14.33,14.66,13.94,14.4,14.8,-0.4,-2.7027,107503,154092.15775,14.333754197557278
300583.SZ,20260608,12.18,12.53,12.05,12.18,12.6,-0.42,-3.3333,38834,47532.88492,12.240017747334807
300584.SZ,20260608,31.74,32.56,30.61,31.19,32.2,-1.01,-3.1366,29614,93420.881,31.54618795164449
300585.SZ,20260608,18.2,19.19,17.84,18.88,19.05,-0.17,-0.8924,87751,163693.452,18.654311859693905
300586.SZ,20260608,11.7,11.96,11.16,11.28,12.03,-0.75,-6.2344,386091,446335.22966,11.560363480630214
300587.SZ,20260608,4.61,4.8,4.48,4.54,4.73,-0.19,-4.0169,254369,117714.487,4.627705695269471
300588.SZ,20260608,19.08,19.95,18.39,18.83,19.1,-0.27,-1.4136,55136,105562.94728,19.145920502031338
300589.SZ,20260608,13.1,13.34,12.65,12.81,13.35,-0.54,-4.0449,109531,142177.93789,12.98061168892825
300590.SZ,20260608,14.1,14.86,13.88,14.49,14.48,0.01,0.0691,186184,269618.6671,14.481301674687408
300591.SZ,20260608,7.27,7.66,7.18,7.43,7.47,-0.04,-0.5355,153532,115105.5458,7.497169697522342
300592.SZ,20260608,11.11,11.45,11.0,11.13,11.4,-0.27,-2.3684,82794,92607.2968,11.185266661835398
300593.SZ,20260608,32.18,33.48,30.9,31.37,33.83,-2.46,-7.2717,256277,822921.30578,32.11061881401765
300594.SZ,20260608,16.18,16.35,15.48,15.99,16.48,-0.49,-2.9733,25152,40054.587,15.925010734732826
300595.SZ,20260608,11.43,11.52,10.98,11.1,11.55,-0.45,-3.8961,97780,109495.28528,11.198126946205768
300596.SZ,20260608,39.92,40.65,36.28,37.1,41.05,-3.95,-9.6224,97694,372926.90233,38.17295865969251
300597.SZ,20260608,8.03,8.41,7.98,8.12,8.32,-0.2,-2.4038,61160,50000.7428,8.175399411379987
300598.SZ,20260608,31.8,33.8,31.77,32.68,32.95,-0.27,-0.8194,56861,187084.00433,32.90198982254972
300599.SZ,20260608,12.58,13.13,11.92,12.3,12.92,-0.62,-4.7988,192958,240858.86,12.482450066853925
300600.SZ,20260608,11.43,11.7,10.76,10.81,11.77,-0.96,-8.1563,113939,126939.7696,11.141028936536216
300601.SZ,20260608,11.72,11.92,11.38,11.49,11.92,-0.43,-3.6074,114977,133919.18761,11.64747624394444
300602.SZ,20260608,39.0,40.24,37.86,38.38,40.79,-2.41,-5.9083,276174,1076064.3264,38.96327410980034
300603.SZ,20260608,8.69,8.91,8.42,8.51,8.95,-0.44,-4.9162,152396,131833.623,8.650727250059056
300604.SZ,20260608,190.0,206.0,190.0,200.4,206.73,-6.33,-3.062,227561,4587365.81983,201.58840134425498
300605.SZ,20260608,10.51,10.99,10.33,10.51,10.8,-0.29,-2.6852,56187,59893.06426,10.659594614412587
300606.SZ,20260608,33.89,35.47,32.98,33.28,35.09,-1.81,-5.1582,87330,295668.596,33.85647497996107
300607.SZ,20260608,31.87,35.15,31.8,34.52,32.59,1.93,5.9221,584157,1987749.72694,34.027662545171935
300608.SZ,20260608,11.16,12.47,11.13,11.93,11.57,0.36,3.1115,365189,436315.36319,11.947658970834281
300609.SZ,20260608,34.5,35.75,34.04,34.37,35.9,-1.53,-4.2618,35495,123471.813,34.785691787575715
300610.SZ,20260608,10.63,10.81,10.21,10.34,10.81,-0.47,-4.3478,52238,54681.775,10.46781557486887
300611.SZ,20260608,26.05,28.08,26.0,27.82,26.8,1.02,3.806,106371,294322.5425,27.669434573332957
300612.SZ,20260608,12.84,13.15,12.53,12.7,13.1,-0.4,-3.0534,92386,118639.596,12.841728833373022
300613.SZ,20260608,57.0,58.48,55.69,56.3,59.89,-3.59,-5.9943,93403,533797.41222,57.14992154641714
300614.SZ,20260608,11.15,11.67,10.81,11.09,11.68,-0.59,-5.0514,35248,39490.588,11.203639355424421
300615.SZ,20260608,11.31,11.58,10.82,11.05,11.55,-0.5,-4.329,71376,79850.15169,11.187255056321453
300616.SZ,20260608,13.9,14.56,13.61,14.13,14.18,-0.05,-0.3526,78123,110126.931,14.096608041165855
300617.SZ,20260608,59.22,60.82,55.85,56.25,63.03,-6.78,-10.7568,125367,725533.80583,57.87278995509185
300618.SZ,20260608,35.81,35.86,33.74,34.2,36.12,-1.92,-5.3156,88674,308957.04904,34.84189830615513
300619.SZ,20260608,38.5,39.09,37.4,37.6,39.5,-1.9,-4.8101,53284,203839.83883,38.25535598491104
300620.SZ,20260608,300.0,309.4,290.96,299.67,320.3,-20.63,-6.4408,174855,5259659.81429,300.80122468845616
300621.SZ,20260608,7.38,7.61,7.14,7.3,7.53,-0.23,-3.0544,75282,55326.791,7.3492722031827
300622.SZ,20260608,15.8,16.26,15.54,15.73,16.26,-0.53,-3.2595,66697,105548.15564,15.825022960552948
300623.SZ,20260608,31.39,32.16,30.15,30.78,33.27,-2.49,-7.4842,308744,965359.47709,31.267311335281008
300624.SZ,20260608,55.01,56.65,54.43,55.06,56.73,-1.67,-2.9438,63842,354255.87652,55.48947033614235
300625.SZ,20260608,10.65,10.91,10.22,10.41,10.77,-0.36,-3.3426,38072,40260.483,10.574827432233661
300626.SZ,20260608,38.6,42.65,37.3,41.22,40.3,0.92,2.2829,276806,1119571.07553,40.44605519858674
300627.SZ,20260608,29.19,29.8,28.66,28.78,29.95,-1.17,-3.9065,126167,367709.63804,29.14467634484453
300628.SZ,20260608,38.02,38.05,35.41,35.47,39.4,-3.93,-9.9746,219441,799280.01146,36.42345830815572
300629.SZ,20260608,21.39,21.92,20.5,20.85,22.06,-1.21,-5.485,84722,179182.12926,21.149421550482753
300631.SZ,20260608,23.6,24.45,23.13,23.63,24.23,-0.6,-2.4763,35313,84079.341,23.809741738170082
300632.SZ,20260608,25.74,28.5,25.66,26.78,27.58,-0.8,-2.9007,296421,811496.74292,27.376492992061966
300633.SZ,20260608,19.75,20.2,19.01,19.31,20.05,-0.74,-3.6908,54719,106761.23482,19.510816136990808
300634.SZ,20260608,23.0,24.19,22.86,23.44,23.85,-0.41,-1.7191,152589,360364.72388,23.616690841410588
300635.SZ,20260608,13.48,14.15,13.2,13.35,13.85,-0.5,-3.6101,55997,76162.014,13.601088272586031
300636.SZ,20260608,6.55,6.75,6.52,6.67,6.62,0.05,0.7553,59972,39998.31945,6.66949900787034
300637.SZ,20260608,9.72,10.07,9.5,9.59,10.12,-0.53,-5.2372,69222,67521.3848,9.75432446332091
300638.SZ,20260608,22.0,22.6,21.8,21.83,22.73,-0.9,-3.9595,138797,306880.24158,22.110005373314984
300639.SZ,20260608,5.35,5.41,5.19,5.25,5.43,-0.18,-3.3149,111986,59196.02429,5.286020064115158
300640.SZ,20260608,6.4,6.61,6.11,6.28,6.55,-0.27,-4.1221,110135,70130.88409,6.367719988196305
300641.SZ,20260608,14.6,14.8,14.13,14.17,14.83,-0.66,-4.4504,72301,104201.02492,14.412113929267921
300642.SZ,20260608,13.28,13.57,12.78,13.0,13.41,-0.41,-3.0574,29121,38315.8814,13.157474468596543
300643.SZ,20260608,17.3,17.97,16.9,17.35,17.69,-0.34,-1.922,43320,75269.2442,17.37517179132041
300644.SZ,20260608,24.37,25.06,23.8,24.1,25.14,-1.04,-4.1368,25883,63245.92582,24.435315002124945
300645.SZ,20260608,13.7,14.18,13.37,13.71,13.95,-0.24,-1.7204,47030,64951.0854,13.810564618328726
300647.SZ,20260608,6.32,6.52,6.04,6.14,6.6,-0.46,-6.9697,217260,136547.21572,6.284968043818466
300648.SZ,20260608,46.32,46.5,43.01,43.23,47.2,-3.97,-8.411,39123,174758.29983,44.66894149988498
300649.SZ,20260608,27.37,27.44,25.76,26.65,27.9,-1.25,-4.4803,87309,231593.332,26.52571120961184
300650.SZ,20260608,13.3,13.43,12.45,12.81,13.66,-0.85,-6.2225,110638,142813.9977,12.90822300656194
300651.SZ,20260608,22.58,24.59,22.4,23.72,23.23,0.49,2.1093,137338,327536.9544,23.8489678311902
300652.SZ,20260608,40.41,42.88,40.41,41.83,43.02,-1.19,-2.7662,23039,96513.635,41.8914167281566
300653.SZ,20260608,15.1,15.2,14.59,14.76,15.15,-0.39,-2.5743,21520,31987.87402,14.8642537267658
300654.SZ,20260608,10.18,10.98,9.7,9.83,10.29,-0.46,-4.4704,232696,235294.20347,10.111656559201705
300655.SZ,20260608,13.9,14.39,13.69,13.8,14.48,-0.68,-4.6961,465585,653225.11415,14.030201019147954
300656.SZ,20260608,29.3,31.85,28.47,29.07,30.78,-1.71,-5.5556,68285,204153.49011,29.897267351541338
300657.SZ,20260608,40.8,46.12,40.71,44.35,43.06,1.29,2.9958,813332,3583685.66704,44.061781253411894
300658.SZ,20260608,12.25,12.37,11.44,11.63,12.37,-0.74,-5.9822,206652,246128.2098,11.910274751756578
300659.SZ,20260608,10.76,10.98,10.42,10.62,10.98,-0.36,-3.2787,49541,52991.66988,10.696528103994671
300660.SZ,20260608,32.42,34.99,32.42,34.66,33.84,0.82,2.4232,175984,605833.55505,34.425490672447495
300661.SZ,20260608,102.85,107.5,101.76,103.17,107.74,-4.57,-4.2417,159651,1667395.10407,104.44000376258214
300662.SZ,20260608,20.06,20.28,19.56,19.91,20.44,-0.53,-2.593,40685,81260.50426,19.973086950964728
300663.SZ,20260608,7.64,7.86,7.24,7.47,7.67,-0.2,-2.6076,250066,190678.30993,7.625119365687459
300664.SZ,20260608,5.06,5.1,4.87,4.92,5.15,-0.23,-4.466,143846,71492.8735,4.970098125773397
300665.SZ,20260608,10.01,10.75,9.93,10.13,10.32,-0.19,-1.8411,224533,232751.08419,10.36600785586083
300666.SZ,20260608,195.0,205.8,191.0,193.57,201.19,-7.62,-3.7875,139820,2747500.90947,196.5027113052496
300667.SZ,20260608,19.0,19.5,18.2,18.41,19.7,-1.29,-6.5482,114047,214825.7782,18.836600541881857
300668.SZ,20260608,55.0,58.28,53.02,54.92,57.85,-2.93,-5.0648,47998,265861.5835,55.39013781824242
300669.SZ,20260608,27.0,27.66,25.7,26.96,27.4,-0.44,-1.6058,19143,51137.988,26.713674972574832
300670.SZ,20260608,6.66,6.7,6.15,6.32,6.8,-0.48,-7.0588,138630,89000.702,6.420017456538989
300671.SZ,20260608,41.0,42.67,39.92,40.83,43.07,-2.24,-5.2008,80125,330555.45972,41.25497157191887
300672.SZ,20260608,277.99,291.0,273.03,276.7,299.0,-22.3,-7.4582,112004,3145775.21391,280.8627561435306
300673.SZ,20260608,13.93,14.08,13.29,13.36,14.12,-0.76,-5.3824,43392,59129.6515,13.626855526364308
300674.SZ,20260608,16.15,16.23,15.45,15.73,16.33,-0.6,-3.6742,105439,167024.02695,15.84082046965544
300675.SZ,20260608,14.01,14.29,13.41,13.75,14.19,-0.44,-3.1008,39583,54842.96553,13.855181651213906
300676.SZ,20260608,34.6,35.1,33.28,33.6,34.92,-1.32,-3.7801,67854,230381.30664,33.95250193651074
300677.SZ,20260608,46.22,47.8,45.58,46.48,46.53,-0.05,-0.1075,147093,687508.52504,46.739717392398006
300678.SZ,20260608,22.98,23.65,22.74,23.09,23.76,-0.67,-2.8199,62648,144970.39528,23.140466619844208
300679.SZ,20260608,56.68,60.37,55.83,57.35,59.13,-1.78,-3.0103,261275,1520935.1162,58.21204157305522
300680.SZ,20260608,34.09,35.56,34.09,34.46,35.56,-1.1,-3.0934,66875,232987.23618,34.83921288672897
300681.SZ,20260608,31.0,32.55,30.83,31.53,32.47,-0.94,-2.895,131622,417753.3003,31.73886586588868
300682.SZ,20260608,12.66,12.68,12.0,12.18,12.85,-0.67,-5.214,207634,256449.3799,12.351030173285686
300683.SZ,20260608,25.08,25.86,24.48,24.95,25.87,-0.92,-3.5562,39590,99458.31348,25.122079686789593
300684.SZ,20260608,53.4,54.7,50.69,51.44,56.7,-5.26,-9.2769,172566,908927.565,52.6713005458781
300685.SZ,20260608,18.44,19.22,17.6,17.99,19.9,-1.91,-9.598,230180,419650.49108,18.231405468763576
300686.SZ,20260608,16.9,17.65,16.5,16.95,17.74,-0.79,-4.4532,166563,285810.855,17.15932439977666
300687.SZ,20260608,25.02,25.9,24.4,24.8,26.11,-1.31,-5.0172,273681,691119.34658,25.252733897493798
300688.SZ,20260608,25.31,26.74,25.18,25.83,26.08,-0.25,-0.9586,65353,169942.3568,26.003757562774474
300689.SZ,20260608,50.17,52.2,47.5,48.18,51.43,-3.25,-6.3193,27233,134736.568,49.47547754562479
300690.SZ,20260608,24.05,24.85,23.61,23.85,24.59,-0.74,-3.0094,33253,80472.72146,24.200138772441587
300691.SZ,20260608,15.74,16.25,15.25,15.47,16.04,-0.57,-3.5536,77779,122172.6515,15.7076655009707
300692.SZ,20260608,7.7,7.91,7.6,7.72,7.88,-0.16,-2.0305,86345,66934.96925,7.752037668654815
300693.SZ,20260608,46.81,47.64,44.3,45.3,47.73,-2.43,-5.0911,149718,686988.67975,45.88551007560881
300694.SZ,20260608,10.22,10.48,9.94,10.05,10.47,-0.42,-4.0115,55236,56245.857,10.182825874429719
300695.SZ,20260608,61.01,65.37,60.8,63.28,62.69,0.59,0.9411,16948,107856.422,63.639616473920235
300696.SZ,20260608,29.92,30.98,28.8,29.11,30.23,-1.12,-3.7049,79415,236305.57778,29.755786410627714
300697.SZ,20260608,16.2,16.36,15.36,15.5,16.58,-1.08,-6.5139,120829,191197.46998,15.823806369331866
300698.SZ,20260608,33.88,34.45,32.45,32.92,34.9,-1.98,-5.6734,30630,102567.56308,33.48598206986615
300699.SZ,20260608,28.5,29.13,27.46,27.68,29.31,-1.63,-5.5612,209110,589033.54582,28.16859766725647
300700.SZ,20260608,20.0,20.85,19.75,19.86,20.61,-0.75,-3.639,150233,303209.77155,20.182634411214583
300701.SZ,20260608,10.45,10.82,10.15,10.29,10.64,-0.35,-3.2895,60107,62913.5649,10.466928128171427
300702.SZ,20260608,19.0,20.48,18.86,19.53,19.18,0.35,1.8248,61619,122425.12458,19.86808039403431
300703.SZ,20260608,15.69,17.13,15.54,16.31,15.92,0.39,2.4497,95849,157859.14088,16.469565762814426
300705.SZ,20260608,11.17,11.29,10.79,10.95,11.29,-0.34,-3.0115,53630,58959.24944,10.993706776058175
300706.SZ,20260608,47.0,51.37,46.5,48.81,51.52,-2.71,-5.2601,127932,628661.215,49.14026318669293
300707.SZ,20260608,12.4,12.76,12.22,12.39,12.76,-0.37,-2.8997,46069,57499.472,12.481163472183031
300708.SZ,20260608,8.45,8.89,8.3,8.44,8.81,-0.37,-4.1998,317309,271367.13792,8.55214122259375
300709.SZ,20260608,50.0,51.87,47.03,47.49,51.03,-3.54,-6.9371,148564,723701.67121,48.713125064618616
300710.SZ,20260608,37.73,40.98,37.52,40.29,39.2,1.09,2.7806,86303,344086.28755,39.869562767227094
300711.SZ,20260608,18.32,18.79,17.88,18.03,18.98,-0.95,-5.0053,46290,84881.83351,18.336969866061782
300712.SZ,20260608,21.89,22.12,20.78,21.17,22.28,-1.11,-4.982,26553,56756.04275,21.374625371897714
300713.SZ,20260608,14.47,14.95,13.94,14.27,14.7,-0.43,-2.9252,53657,77381.82629,14.421571517229811
300715.SZ,20260608,24.98,25.36,23.1,23.48,25.5,-2.02,-7.9216,290952,705758.47,24.256869517996094
300716.SZ,20260608,16.1,17.63,16.1,17.12,16.79,0.33,1.9655,75967,129447.612,17.039979464767598
300717.SZ,20260608,17.85,18.19,17.08,17.46,18.18,-0.72,-3.9604,24355,42917.1928,17.62151213303223
300718.SZ,20260608,72.68,79.0,72.65,77.0,76.5,0.5,0.6536,161390,1230317.08531,76.23254757481877
300719.SZ,20260608,12.4,13.08,12.31,12.71,12.6,0.11,0.873,80553,102424.6485,12.715187330080814
300720.SZ,20260608,74.04,76.9,66.7,68.46,78.53,-10.07,-12.8231,154436,1074632.085,69.58429932140174
300721.SZ,20260608,28.55,30.25,28.01,28.78,30.54,-1.76,-5.7629,147366,428260.4413,29.061007376192613
300722.SZ,20260608,23.33,24.0,22.5,22.92,23.58,-0.66,-2.799,35428,82261.86348,23.219448876594786
300723.SZ,20260608,36.5,37.98,34.26,34.71,37.58,-2.87,-7.637,141984,506593.29649,35.679604496985576
300724.SZ,20260608,73.03,73.81,69.85,70.49,74.51,-4.02,-5.3952,122252,876735.05986,71.71539605568826
300725.SZ,20260608,32.83,33.4,31.0,31.64,33.24,-1.6,-4.8135,76041,243921.25521,32.07759698189135
300726.SZ,20260608,70.49,72.35,66.9,68.09,75.01,-6.92,-9.2254,259963,1807288.3861,69.52098514403973
300727.SZ,20260608,31.68,32.4,30.57,30.83,32.45,-1.62,-4.9923,45021,141061.9831,31.332485528975372
300729.SZ,20260608,10.48,10.7,10.4,10.66,10.88,-0.22,-2.0221,35641,37702.40484,10.578380191352657
300730.SZ,20260608,13.6,14.37,13.12,13.59,14.1,-0.51,-3.617,110066,151805.5635,13.792230434466592
300731.SZ,20260608,56.28,56.44,53.0,53.6,58.42,-4.82,-8.2506,99346,543038.7794,54.66136325569223
300732.SZ,20260608,6.66,6.76,6.47,6.55,6.72,-0.17,-2.5298,63385,41906.42597,6.611410581367831
300733.SZ,20260608,12.36,13.82,12.33,13.35,12.67,0.68,5.367,158812,212523.81094,13.3821002783165
300735.SZ,20260608,20.6,21.65,20.04,20.21,21.63,-1.42,-6.565,203012,420742.37721,20.725000355151423
300736.SZ,20260608,29.0,30.49,28.44,28.68,30.32,-1.64,-5.409,61647,180384.887,29.26093516310607
300737.SZ,20260608,8.5,8.59,7.11,7.11,8.89,-1.78,-20.0225,1431668,1099078.45276,7.676908702017506
300738.SZ,20260608,19.91,20.35,19.14,19.34,20.49,-1.15,-5.6125,523396,1030200.90673,19.68301069801833
300739.SZ,20260608,27.94,28.56,26.94,27.33,29.39,-2.06,-7.0092,203574,565065.47202,27.757251516401897
300740.SZ,20260608,22.6,23.96,22.6,23.04,23.05,-0.01,-0.0434,187850,440317.18744,23.439828982698963
300741.SZ,20260608,14.3,14.37,13.76,13.93,14.23,-0.3,-2.1082,16700,23506.051,14.075479640718562
300743.SZ,20260608,17.02,17.22,16.35,16.54,17.35,-0.81,-4.6686,34077,57096.395,16.75511195234322
300745.SZ,20260608,43.75,45.01,41.75,42.57,45.03,-2.46,-5.463,74523,321828.69902,43.18515076150987
300746.SZ,20260608,10.52,11.17,10.52,10.85,10.8,0.05,0.463,49274,53592.855,10.87649774729066
300747.SZ,20260608,43.93,45.47,42.68,43.16,46.33,-3.17,-6.8422,477592,2095083.93924,43.86765145228563
300748.SZ,20260608,30.3,30.55,28.9,29.19,31.12,-1.93,-6.2018,371606,1105566.42141,29.751037965210465
300749.SZ,20260608,21.89,21.89,18.18,20.98,22.08,-1.1,-4.9819,61963,130628.1596,21.081638978099836
300750.SZ,20260608,395.8,402.68,390.7,393.02,403.0,-9.98,-2.4764,286526,11335280.8697,395.61089987296094
300751.SZ,20260608,221.0,223.98,201.23,206.0,229.51,-23.51,-10.2436,136399,2885842.67006,211.57359438558933
300752.SZ,20260608,14.87,15.77,14.55,14.85,15.38,-0.53,-3.446,291669,442797.864,15.181519599271777
300753.SZ,20260608,21.39,21.95,20.61,20.98,21.73,-0.75,-3.4514,33559,71223.33,21.223317142942282
300755.SZ,20260608,14.62,16.12,14.62,15.15,14.92,0.23,1.5416,138949,215479.80838,15.507834412626217
300756.SZ,20260608,33.03,33.55,30.7,31.26,33.71,-2.45,-7.2679,48107,154132.56222,32.03952901240983
300757.SZ,20260608,610.0,627.62,601.68,609.01,648.98,-39.97,-6.1589,70847,4354217.20927,614.5944372055275
300758.SZ,20260608,11.41,11.7,11.11,11.23,11.81,-0.58,-4.9111,111951,127473.002,11.386499629302104
300759.SZ,20260608,22.71,23.09,21.8,22.11,23.07,-0.96,-4.1612,241216,539499.84034,22.36583975938578
300760.SZ,20260608,143.37,145.0,141.08,142.74,144.39,-1.65,-1.1427,80154,1143298.11128,142.6376863637498
300761.SZ,20260608,18.06,18.94,17.85,18.15,18.11,0.04,0.2209,103661,189584.73212,18.288915997337476
300762.SZ,20260608,36.08,38.48,35.56,35.61,36.94,-1.33,-3.6004,469831,1733741.721,36.90139052127254
300763.SZ,20260608,95.29,97.29,92.35,93.82,97.35,-3.53,-3.6261,139136,1316704.33026,94.63433836390294
300765.SZ,20260608,24.5,25.42,23.05,23.6,24.9,-1.3,-5.2209,117381,281331.24614,23.967358102248234
300766.SZ,20260608,23.5,24.08,23.13,23.53,24.26,-0.73,-3.0091,152983,362007.95054,23.663279615382102
300767.SZ,20260608,18.65,19.4,18.4,18.71,19.03,-0.32,-1.6816,82897,155818.04707,18.796584565183302
300768.SZ,20260608,15.15,15.42,14.71,14.98,15.44,-0.46,-2.9793,66779,100559.27902,15.058518249749174
300769.SZ,20260608,61.96,64.48,58.51,59.6,63.08,-3.48,-5.5168,187902,1146623.07298,61.02239853647114
300770.SZ,20260608,33.63,34.08,32.65,33.02,33.76,-0.74,-2.1919,23243,77122.98563,33.18116664372069
300771.SZ,20260608,11.57,11.87,11.25,11.39,11.87,-0.48,-4.0438,47433,54690.5958,11.53007311365505
300772.SZ,20260608,13.34,13.34,12.35,12.69,13.42,-0.73,-5.4396,238859,306179.50008,12.818420075441999
300773.SZ,20260608,22.66,23.18,22.0,22.4,23.27,-0.87,-3.7387,215725,487739.50447,22.60931762521729
300774.SZ,20260608,12.9,13.09,11.84,12.07,13.16,-1.09,-8.2827,164361,203821.71,12.400856042491831
300775.SZ,20260608,23.4,23.71,22.02,22.33,23.96,-1.63,-6.803,207334,473011.6972,22.813995639885402
300776.SZ,20260608,165.09,176.4,161.13,164.0,170.16,-6.16,-3.6201,238303,4037918.10954,169.44470315270894
300777.SZ,20260608,30.5,30.85,28.91,29.35,31.46,-2.11,-6.7069,159409,476591.31472,29.897390656738327
300778.SZ,20260608,10.88,11.8,10.77,11.06,11.2,-0.14,-1.25,75647,85631.05295,11.319821400716485
300779.SZ,20260608,77.25,79.49,73.74,74.5,80.35,-5.85,-7.2806,62158,474401.43932,76.32186352842756
300780.SZ,20260608,25.01,29.08,24.57,27.33,25.72,1.61,6.2597,170348,470882.96891,27.64241252671003
300781.SZ,20260608,28.73,30.0,28.53,29.02,29.7,-0.68,-2.2896,37043,108188.6426,29.206231298760905
300782.SZ,20260608,100.0,101.73,93.58,93.87,104.77,-10.9,-10.4037,270899,2632847.14849,97.18925313456307
300783.SZ,20260608,17.79,18.28,17.38,17.46,18.12,-0.66,-3.6424,76847,136428.97861,17.75332525798014
300784.SZ,20260608,43.69,44.4,42.11,42.7,44.41,-1.71,-3.8505,9929,42902.061,43.20884379091551
300785.SZ,20260608,39.51,41.3,39.51,40.02,41.36,-1.34,-3.2398,62612,252494.90269,40.326918592282624
300786.SZ,20260608,17.36,18.98,17.1,17.67,17.74,-0.07,-0.3946,125257,225664.9852,18.016157595982662
300787.SZ,20260608,9.08,9.39,8.87,9.04,9.48,-0.44,-4.6414,62237,56792.00866,9.12511989009753
300788.SZ,20260608,25.48,26.09,24.81,25.25,26.11,-0.86,-3.2938,28894,73584.685,25.46711601024434
300789.SZ,20260608,20.36,21.23,20.0,20.69,20.81,-0.12,-0.5766,24658,50625.161,20.530927488036337
300790.SZ,20260608,21.53,22.75,21.01,21.5,23.12,-1.62,-7.0069,333385,725968.93339,21.775692769320756
300791.SZ,20260608,16.7,16.85,15.98,16.19,16.93,-0.74,-4.3709,23232,38021.68844,16.36608490013774
300792.SZ,20260608,31.06,32.43,30.88,31.36,32.52,-1.16,-3.567,60308,191303.47354,31.721077392717383
300793.SZ,20260608,13.0,13.13,12.42,12.62,13.3,-0.68,-5.1128,82762,105716.6658,12.773575529832533
300795.SZ,20260608,9.35,9.66,9.21,9.54,9.61,-0.07,-0.7284,58194,55458.605,9.529952400591126
300796.SZ,20260608,7.31,7.59,7.09,7.18,7.41,-0.23,-3.1039,66710,48761.55884,7.309482662269524
300797.SZ,20260608,13.76,14.0,13.19,13.49,13.99,-0.5,-3.574,33985,46358.8015,13.640959688097691
300798.SZ,20260608,7.4,7.58,7.14,7.27,7.59,-0.32,-4.2161,144375,105931.13162,7.337221237748918
300800.SZ,20260608,10.61,10.82,10.25,10.43,10.84,-0.41,-3.7823,46372,48934.4525,10.55258615112568
300801.SZ,20260608,24.8,25.11,23.68,24.08,25.57,-1.49,-5.8271,51643,126195.886,24.436203551304146
300802.SZ,20260608,23.28,24.59,23.28,23.58,24.35,-0.77,-3.1622,181233,432999.3316,23.89185918679269
300803.SZ,20260608,81.63,84.88,80.0,80.68,83.98,-3.3,-3.9295,178067,1462210.69706,82.11575963317179
300804.SZ,20260608,38.5,39.46,35.9,36.21,39.41,-3.2,-8.1198,15976,59945.07403,37.521954200050075
300805.SZ,20260608,8.34,8.53,8.11,8.23,8.42,-0.19,-2.2565,77195,64256.669,8.323941835611116
300806.SZ,20260608,80.0,84.75,74.7,75.31,83.08,-7.77,-9.3524,236145,1864246.96406,78.94501107624552
300807.SZ,20260608,40.79,43.45,40.6,42.6,41.63,0.97,2.3301,25785,108808.394,42.19833003684313
300808.SZ,20260608,24.0,24.19,23.2,23.45,24.48,-1.03,-4.2075,21354,50682.086,23.734235272080177
300809.SZ,20260608,36.45,37.77,35.82,36.0,37.79,-1.79,-4.7367,106557,391794.58344,36.7685448576818
300810.SZ,20260608,25.92,26.2,24.7,25.14,26.53,-1.39,-5.2394,28366,72424.234,25.532057392653176
300811.SZ,20260608,89.0,96.03,86.55,88.0,93.0,-5.0,-5.3763,347489,3178729.76088,91.47713340220841
300812.SZ,20260608,26.11,28.47,26.0,26.92,27.8,-0.88,-3.1655,142397,387724.56233,27.228422110718622
300813.SZ,20260608,20.7,20.86,19.46,19.91,20.8,-0.89,-4.2788,22346,44910.10387,20.09760309227602
300814.SZ,20260608,149.9,162.8,149.0,155.97,157.79,-1.82,-1.1534,96060,1491363.65311,155.25334719029775
300815.SZ,20260608,19.25,19.47,18.81,19.06,19.7,-0.64,-3.2487,44097,84451.79008,19.151368591967707
300816.SZ,20260608,85.26,85.66,79.0,80.39,86.99,-6.6,-7.5871,25098,206180.94645,82.15034921109252
300817.SZ,20260608,18.92,19.62,18.73,19.23,19.3,-0.07,-0.3627,39872,76881.507,19.282079404093096
300818.SZ,20260608,22.72,23.0,21.38,21.73,23.25,-1.52,-6.5376,50478,111633.19556,22.1152176314434
300819.SZ,20260608,61.0,63.18,59.75,61.12,63.92,-2.8,-4.3805,37665,231344.08992,61.42150270011947
300820.SZ,20260608,63.5,65.3,60.83,61.4,66.07,-4.67,-7.0683,70574,442471.52054,62.69610912517358
300821.SZ,20260608,15.6,16.84,15.5,16.14,16.75,-0.61,-3.6418,532826,867741.97225,16.285653707777023
300822.SZ,20260608,13.76,14.11,13.36,13.55,14.0,-0.45,-3.2143,30456,41656.96735,13.677753923693196
300823.SZ,20260608,16.6,16.92,15.86,16.29,16.76,-0.47,-2.8043,48822,80117.0864,16.41003776985785
300824.SZ,20260608,8.18,8.44,8.06,8.19,8.28,-0.09,-1.087,43610,36000.0565,8.255000343957807
300825.SZ,20260608,13.41,15.3,13.37,14.77,13.99,0.78,5.5754,614838,906826.00537,14.749023407304039
300826.SZ,20260608,18.01,18.85,17.64,18.26,18.33,-0.07,-0.3819,82286,150198.11587,18.253179868993513
300827.SZ,20260608,29.3,30.0,28.3,28.66,29.92,-1.26,-4.2112,160782,467660.14537,29.086598336256543
300828.SZ,20260608,19.2,19.8,18.6,18.76,19.73,-0.97,-4.9164,51297,97829.1685,19.071128623506247
300829.SZ,20260608,16.83,17.12,16.66,16.89,17.21,-0.32,-1.8594,30389,51286.78324,16.87675910362302
300830.SZ,20260608,8.8,9.18,8.7,8.94,9.06,-0.12,-1.3245,102446,92113.0939,8.991380229584367
300832.SZ,20260608,43.94,45.05,43.78,44.73,44.48,0.25,0.5621,50302,223831.97609,44.49762953560495
300833.SZ,20260608,33.3,34.36,32.59,32.96,34.33,-1.37,-3.9907,11032,36736.87908,33.30028923132705
300834.SZ,20260608,46.97,48.2,45.01,45.95,48.67,-2.72,-5.5887,36652,170419.64684,46.496684175488376
300835.SZ,20260608,197.84,203.8,181.03,181.66,211.0,-29.34,-13.9052,84621,1613815.42602,190.71098498245112
300836.SZ,20260608,67.0,69.35,66.4,68.18,69.61,-1.43,-2.0543,19927,135252.38104,67.8739303658353
300837.SZ,20260608,28.0,28.0,26.25,26.93,28.1,-1.17,-4.1637,21597,58801.29,27.226600916794
300838.SZ,20260608,15.94,16.21,15.1,15.39,16.19,-0.8,-4.9413,57029,89195.598,15.640393133318135
300839.SZ,20260608,14.82,15.4,13.98,14.21,15.32,-1.11,-7.2454,99031,143098.58532,14.449877848350518
300840.SZ,20260608,21.51,23.39,21.51,22.25,22.43,-0.18,-0.8025,101703,230772.915,22.690866051148934
300841.SZ,20260608,45.0,45.8,43.26,44.1,45.96,-1.86,-4.047,19779,87830.20982,44.405788877091865
300842.SZ,20260608,79.0,82.5,75.88,77.21,82.03,-4.82,-5.8759,68329,538170.434,78.7616435188573
300843.SZ,20260608,87.0,92.88,83.02,84.6,89.12,-4.52,-5.0718,59716,517200.22892,86.6099921160158
300844.SZ,20260608,25.86,29.9,25.06,27.4,25.94,1.46,5.6284,53439,149516.26862,27.978867235539585
300845.SZ,20260608,14.1,15.4,14.01,14.93,14.48,0.45,3.1077,139941,208592.52255,14.905747604347546
300846.SZ,20260608,21.97,22.95,21.82,22.13,22.98,-0.85,-3.6989,249925,559690.69541,22.394346120236072
300847.SZ,20260608,14.7,14.75,14.17,14.32,14.94,-0.62,-4.1499,39650,57296.9385,14.450678058007565
300848.SZ,20260608,13.9,14.2,13.49,13.55,14.3,-0.75,-5.2448,62660,86374.51127,13.78463314235557
300849.SZ,20260608,23.5,23.95,22.1,23.15,24.53,-1.38,-5.6258,54231,124888.02111,23.028898805111467
300850.SZ,20260608,29.49,29.85,27.95,28.32,30.38,-2.06,-6.7808,166274,478053.70042,28.75095928527611
300851.SZ,20260608,25.1,26.07,24.77,25.09,26.08,-0.99,-3.796,27685,70473.34386,25.455424908795372
300852.SZ,20260608,48.09,51.42,47.01,50.06,50.75,-0.69,-1.3596,90950,449443.70832,49.41657045849367
300853.SZ,20260608,37.76,37.76,34.15,35.09,38.83,-3.74,-9.6317,104502,373738.4424,35.76375977493254
300854.SZ,20260608,28.62,31.99,28.46,31.68,29.55,2.13,7.2081,109463,341153.14204,31.166069086357947
300855.SZ,20260608,33.25,34.1,32.13,32.8,33.78,-0.98,-2.9011,65561,216777.32061,33.064980798035414
300856.SZ,20260608,11.5,11.62,11.11,11.21,11.61,-0.4,-3.4453,58354,66093.66999,11.32633066970559
300857.SZ,20260608,216.24,221.63,209.0,213.3,228.47,-15.17,-6.6398,221394,4781547.93274,215.97459428620468
300858.SZ,20260608,15.2,15.63,14.98,15.27,15.58,-0.31,-1.9897,68715,105157.32852,15.303402244051515
300859.SZ,20260608,29.28,30.85,28.6,30.19,29.8,0.39,1.3087,58374,172955.82675,29.62891471374242
300860.SZ,20260608,26.0,26.14,24.62,25.06,26.17,-1.11,-4.2415,26732,67681.81998,25.31865179560078
300861.SZ,20260608,17.8,18.37,17.23,17.52,18.45,-0.93,-5.0407,186658,331860.17484,17.7790491079943
300862.SZ,20260608,22.03,22.74,21.86,22.15,22.67,-0.52,-2.2938,61946,137393.26516,22.179521706002006
300863.SZ,20260608,66.5,71.44,65.1,68.35,68.1,0.25,0.3671,140603,971155.8173,69.07077496923964
300864.SZ,20260608,22.39,23.08,21.82,22.44,22.48,-0.04,-0.1779,29297,65984.04643,22.522458418950748
300865.SZ,20260608,25.5,26.45,24.8,25.24,26.16,-0.92,-3.5168,29127,74806.44266,25.682851876266007
300866.SZ,20260608,109.24,111.9,106.18,107.28,112.19,-4.91,-4.3765,46326,502348.50906,108.43770432586453
300867.SZ,20260608,21.46,22.13,20.23,20.48,21.85,-1.37,-6.27,94792,199744.62727,21.071886580091146
300868.SZ,20260608,118.0,122.28,114.0,116.2,121.43,-5.23,-4.307,38931,457512.84646,117.51890433330765
300869.SZ,20260608,11.03,11.25,10.73,10.88,11.23,-0.35,-3.1167,37323,40839.14455,10.942085188757602
300870.SZ,20260608,254.99,275.8,250.3,259.0,267.42,-8.42,-3.1486,45453,1201224.96565,264.27847791124896
300871.SZ,20260608,20.18,21.87,19.76,21.01,20.4,0.61,2.9902,108221,229327.28917,21.190645916226984
300872.SZ,20260608,18.5,18.93,17.92,18.18,19.09,-0.91,-4.7669,151299,277616.00585,18.34883283101673
300873.SZ,20260608,21.69,22.69,21.4,21.62,22.36,-0.74,-3.3095,54300,119600.63122,22.025898935543275
300875.SZ,20260608,32.88,33.36,31.82,32.29,32.95,-0.66,-2.003,22818,74186.60954,32.51231902007187
300876.SZ,20260608,17.47,17.77,16.36,16.73,17.77,-1.04,-5.8526,53311,90111.36937,16.902959871321116
300877.SZ,20260608,27.6,28.37,26.38,26.82,28.36,-1.54,-5.4302,22924,62451.32912,27.24277138370267
300878.SZ,20260608,28.0,29.1,26.99,27.26,28.79,-1.53,-5.3143,30478,84849.15949,27.83947748868036
300879.SZ,20260608,18.25,18.89,17.93,18.5,18.85,-0.35,-1.8568,30428,56037.20804,18.416329709478113
300880.SZ,20260608,20.8,22.83,20.62,22.81,21.44,1.37,6.3899,95212,207752.35511,21.81997595996303
300881.SZ,20260608,48.01,49.2,43.89,44.1,50.22,-6.12,-12.1864,31355,144295.4698,46.01992339339817
300882.SZ,20260608,15.9,16.47,15.15,15.36,16.06,-0.7,-4.3587,46198,72255.50635,15.640397062643403
300883.SZ,20260608,6.38,6.58,6.27,6.43,6.55,-0.12,-1.8321,292384,188530.69432,6.448050998686659
300884.SZ,20260608,10.6,10.99,10.33,10.65,10.88,-0.23,-2.114,52755,56302.4486,10.672438366031656
300885.SZ,20260608,26.0,27.23,26.0,26.65,27.25,-0.6,-2.2018,103395,275492.51854,26.64466546157938
300886.SZ,20260608,23.69,24.49,22.73,23.17,23.81,-0.64,-2.6879,18064,42615.7014,23.591508746678475
300887.SZ,20260608,8.2,8.43,7.96,8.13,8.38,-0.25,-2.9833,96085,78756.08624,8.196501664151533
300888.SZ,20260608,28.02,28.5,27.5,27.67,28.31,-0.64,-2.2607,28855,80494.9069,27.896346179171722
300889.SZ,20260608,24.01,24.66,23.3,23.8,24.52,-0.72,-2.9364,61977,148021.5518,23.883303773980668
300890.SZ,20260608,33.4,34.32,32.32,32.93,34.57,-1.64,-4.744,64051,212576.27584,33.18859593761221
300891.SZ,20260608,6.84,6.98,6.52,6.62,6.98,-0.36,-5.1576,80465,54179.19732,6.7332625762754
300892.SZ,20260608,22.71,23.0,21.76,22.08,22.69,-0.61,-2.6884,19673,44044.88173,22.388492720988154
300893.SZ,20260608,20.59,20.59,19.62,19.95,20.79,-0.84,-4.0404,27787,55680.87208,20.038461179688344
300894.SZ,20260608,8.75,8.97,8.61,8.77,8.91,-0.14,-1.5713,46970,41356.93392,8.804967834788163
300895.SZ,20260608,54.75,56.96,53.18,54.54,57.05,-2.51,-4.3996,55426,304118.7795,54.869335600620644
300896.SZ,20260608,99.0,99.9,93.66,94.16,98.88,-4.72,-4.7735,35079,336532.84008,95.93569944411186
300897.SZ,20260608,18.95,19.32,17.51,17.85,19.98,-2.13,-10.6607,105653,192875.77531,18.25558908029114
300898.SZ,20260608,20.5,21.07,19.88,20.04,20.76,-0.72,-3.4682,30282,61986.65257,20.46980139026484
300899.SZ,20260608,30.89,31.84,30.25,31.03,31.84,-0.81,-2.544,10084,31317.855,31.056976398254662
300900.SZ,20260608,33.46,35.8,33.09,33.16,35.71,-2.55,-7.1409,168388,574279.89848,34.104561992541036
300901.SZ,20260608,14.4,14.9,14.25,14.44,14.72,-0.28,-1.9022,30472,44296.297,14.536721252297191
300902.SZ,20260608,14.84,15.04,14.27,14.45,15.06,-0.61,-4.0505,27435,40106.3044,14.618663896482595
300903.SZ,20260608,68.3,69.6,65.5,66.6,72.1,-5.5,-7.6283,242626,1643173.19916,67.72453072465441
300904.SZ,20260608,48.0,48.75,45.86,46.33,49.14,-2.81,-5.7184,12856,60684.04113,47.2028944695084
300905.SZ,20260608,59.5,60.99,58.38,58.73,61.78,-3.05,-4.9369,72208,430184.74962,59.57577409982274
300906.SZ,20260608,29.18,29.96,28.14,28.6,29.48,-0.88,-2.9851,17523,50882.994,29.03783256291731
300907.SZ,20260608,52.06,53.16,49.11,50.35,53.01,-2.66,-5.0179,77870,394297.74637,50.63538543341466
300908.SZ,20260608,23.8,23.89,23.43,23.75,23.94,-0.19,-0.7937,11197,26448.19805,23.620789541841564
300909.SZ,20260608,45.0,47.99,44.15,45.25,46.06,-0.81,-1.7586,69740,322789.87412,46.28475396042443
300910.SZ,20260608,33.0,33.67,31.66,32.23,33.52,-1.29,-3.8484,70505,228495.91651,32.40846982625346
300911.SZ,20260608,23.51,24.3,22.64,22.97,24.08,-1.11,-4.6096,64621,151254.23803,23.40635985670293
300912.SZ,20260608,26.63,27.99,25.88,26.5,27.38,-0.88,-3.214,60196,162746.9662,27.036176191109043
300913.SZ,20260608,57.12,60.93,56.0,57.84,61.0,-3.16,-5.1803,214625,1255576.76576,58.500955888642984
300915.SZ,20260608,22.05,22.55,21.56,21.95,22.44,-0.49,-2.1836,15878,34983.571,22.032731452323972
300916.SZ,20260608,27.3,27.7,25.38,25.64,27.93,-2.29,-8.1991,69979,183602.251,26.236764029208757
300917.SZ,20260608,28.17,28.79,26.9,27.25,28.39,-1.14,-4.0155,73441,204626.90253,27.862760927819608
300918.SZ,20260608,13.2,13.45,12.71,12.85,13.45,-0.6,-4.461,102813,134352.2266,13.067630221859103
300919.SZ,20260608,47.67,48.51,45.0,45.6,48.58,-2.98,-6.1342,165502,768782.64776,46.45156238353615
300920.SZ,20260608,47.42,51.88,47.38,50.45,49.22,1.23,2.499,44195,222537.19594,50.35347798167214
300921.SZ,20260608,17.75,17.99,17.12,17.27,18.29,-1.02,-5.5768,79329,139572.63408,17.594150194758534
300922.SZ,20260608,23.65,25.59,23.61,25.35,24.43,0.92,3.7659,107572,269739.32965,25.075236088387314
300923.SZ,20260608,22.73,23.48,22.1,22.42,23.16,-0.74,-3.1952,20269,45989.44957,22.68955033302087
300925.SZ,20260608,17.58,19.38,17.38,18.62,18.04,0.58,3.2151,357159,670722.58398,18.779383523304748
300926.SZ,20260608,19.56,19.9,18.94,19.17,19.96,-0.79,-3.9579,41668,80680.09389,19.36260293030623
300927.SZ,20260608,23.6,23.6,22.28,22.61,23.7,-1.09,-4.5992,35271,80815.19882,22.912647449746252
300928.SZ,20260608,31.4,32.29,31.02,31.52,32.16,-0.64,-1.99,20119,63644.14928,31.633853213380387
300929.SZ,20260608,11.83,11.95,11.08,11.45,11.91,-0.46,-3.8623,39442,45562.4362,11.551756046853608
300930.SZ,20260608,37.44,39.85,36.0,37.95,39.86,-1.91,-4.7918,86180,325826.70652,37.807693956834534
300931.SZ,20260608,14.44,14.99,14.21,14.35,15.0,-0.65,-4.3333,48571,70682.75385,14.55246007905952
300932.SZ,20260608,9.35,9.51,9.04,9.09,9.54,-0.45,-4.717,96571,89299.83737,9.247065617007175
300933.SZ,20260608,6.85,7.15,6.67,6.76,7.04,-0.28,-3.9773,157444,108225.15991,6.873882771652143
300935.SZ,20260608,34.55,36.4,34.31,35.58,35.9,-0.32,-0.8914,24811,87697.37228,35.34616592640361
300936.SZ,20260608,100.01,105.68,98.0,100.09,107.1,-7.01,-6.5453,30955,314184.99992,101.4973348150541
300937.SZ,20260608,21.97,22.57,21.32,21.8,22.35,-0.55,-2.4609,21398,46884.423,21.910656603420883
300938.SZ,20260608,35.88,37.66,35.02,36.39,37.87,-1.48,-3.9081,145130,529793.37784,36.50474594088059
300939.SZ,20260608,59.11,64.06,57.89,59.39,62.19,-2.8,-4.5023,71123,428439.18796,60.23918956736921
300940.SZ,20260608,16.71,17.22,16.16,16.39,17.3,-0.91,-5.2601,56751,94664.39218,16.680656231608253
300941.SZ,20260608,15.77,16.1,15.04,15.32,15.84,-0.52,-3.2828,39746,61807.7314,15.550679665878327
300942.SZ,20260608,6.41,6.49,6.14,6.25,6.46,-0.21,-3.2508,59092,37323.90588,6.316236695322548
300943.SZ,20260608,36.5,37.6,34.48,35.25,38.41,-3.16,-8.227,100297,360465.57375,35.93981612112027
300945.SZ,20260608,12.14,12.31,11.68,11.84,12.36,-0.52,-4.2071,77139,92493.903,11.99054991638471
300946.SZ,20260608,47.9,49.96,47.11,49.0,48.6,0.4,0.823,25614,125493.32477,48.994036374638874
300947.SZ,20260608,14.21,14.94,14.12,14.42,14.8,-0.38,-2.5676,35619,51915.347,14.575183750245655
300948.SZ,20260608,28.53,31.05,28.53,29.16,30.69,-1.53,-4.9853,120509,359807.98148,29.857353515505068
300949.SZ,20260608,24.2,24.2,22.27,23.03,24.15,-1.12,-4.6377,15981,37125.8491,23.23124278831112
300950.SZ,20260608,17.65,18.11,17.12,17.43,18.16,-0.73,-4.0198,20224,35559.651,17.582897053006327
300951.SZ,20260608,41.0,44.43,40.65,43.99,42.77,1.22,2.8525,58409,255126.09706,43.679244133609544
300952.SZ,20260608,21.99,24.21,21.85,22.53,22.74,-0.21,-0.9235,92800,213578.86519,23.01496392133621
300953.SZ,20260608,139.99,149.5,139.68,143.47,145.44,-1.97,-1.3545,79192,1146922.00679,144.8280137880089
300955.SZ,20260608,40.01,41.2,39.71,40.34,41.39,-1.05,-2.5368,19865,80275.79746,40.41067075761389
300956.SZ,20260608,14.09,14.43,13.45,13.66,14.85,-1.19,-8.0135,230634,321973.89562,13.9603829279291
300957.SZ,20260608,34.0,34.53,32.72,32.93,34.43,-1.5,-4.3567,64901,216963.85055,33.42997034714411
300958.SZ,20260608,12.06,12.6,11.88,12.08,12.48,-0.4,-3.2051,29648,36274.47589,12.235049881948193
300959.SZ,20260608,178.0,189.88,169.0,176.0,187.7,-11.7,-6.2334,74430,1335400.11788,179.41691762461375
300960.SZ,20260608,18.06,18.55,17.11,17.49,18.2,-0.71,-3.9011,19518,34619.8429,17.737392611947946
300961.SZ,20260608,11.4,12.17,11.2,11.7,11.81,-0.11,-0.9314,50274,59412.368,11.817712535306521
300962.SZ,20260608,13.2,13.39,12.89,12.98,13.31,-0.33,-2.4793,23396,30721.2331,13.13097670541973
300963.SZ,20260608,14.16,14.35,13.57,13.77,14.53,-0.76,-5.2306,92777,129574.38147,13.966218078834194
300964.SZ,20260608,105.0,107.07,96.9,96.99,113.83,-16.84,-14.794,80763,820179.19595,101.55382984163539
300965.SZ,20260608,49.62,49.98,47.1,47.65,50.01,-2.36,-4.7191,14297,69411.843,48.549935650835835
300966.SZ,20260608,26.21,27.0,25.0,25.24,26.47,-1.23,-4.6468,32015,82621.907,25.807248789629863
300967.SZ,20260608,18.87,20.26,17.94,18.25,17.75,0.5,2.8169,196551,372019.90976,18.927398474696137
300968.SZ,20260608,11.11,11.36,10.71,10.78,11.4,-0.62,-5.4386,98474,108397.03554,11.007680762434756
300969.SZ,20260608,104.79,117.0,104.01,113.1,107.69,5.41,5.0237,72006,819764.76403,113.84672999888897
300970.SZ,20260608,27.01,27.74,26.23,26.77,27.65,-0.88,-3.1826,48390,130380.50376,26.943687489150655
300971.SZ,20260608,21.0,21.61,20.38,20.63,21.51,-0.88,-4.0911,35109,73471.79396,20.92676919308439
300972.SZ,20260608,184.0,187.0,178.2,180.8,185.0,-4.2,-2.2703,21899,396459.02407,181.039784497009
300973.SZ,20260608,25.79,26.38,24.98,25.3,26.18,-0.88,-3.3613,20990,53650.3065,25.559936398284897
300975.SZ,20260608,43.01,48.98,41.44,41.6,44.8,-3.2,-7.1429,1387938,6173669.02961,44.48087039630012
300976.SZ,20260608,63.0,66.21,60.98,62.0,66.87,-4.87,-7.2828,67814,430609.38224,63.49859649040021
300977.SZ,20260608,17.88,18.44,16.88,17.19,17.94,-0.75,-4.1806,23893,41951.68936,17.55815065500356
300978.SZ,20260608,9.48,9.66,9.18,9.33,9.57,-0.24,-2.5078,35452,33348.459,9.406650964684646
300979.SZ,20260608,33.43,33.88,32.95,33.0,33.85,-0.85,-2.5111,24973,82965.11091,33.22192404196532
300980.SZ,20260608,27.0,28.1,26.7,27.05,27.75,-0.7,-2.5225,45380,123878.69218,27.298081132657558
300981.SZ,20260608,11.43,11.55,10.89,11.1,11.63,-0.53,-4.5572,52557,59047.53773,11.234952095819777
300982.SZ,20260608,19.99,21.09,19.68,20.36,20.58,-0.22,-1.069,48427,98792.45962,20.400284886530244
300983.SZ,20260608,34.0,36.22,33.18,34.43,35.26,-0.83,-2.3539,14972,52117.48082,34.80996581619022
300984.SZ,20260608,58.0,61.83,58.0,60.22,60.49,-0.27,-0.4464,39869,241763.4776,60.639463643432244
300985.SZ,20260608,25.05,27.23,24.8,26.62,25.72,0.9,3.4992,71665,189857.86277,26.49241090769553
300986.SZ,20260608,18.6,19.17,18.01,18.27,18.97,-0.7,-3.69,143058,265583.2989,18.56472891414671
300987.SZ,20260608,13.99,14.34,13.63,13.77,14.23,-0.46,-3.2326,70217,98315.72474,14.0016982696498
300988.SZ,20260608,17.12,17.79,16.8,17.05,17.55,-0.5,-2.849,54084,93371.6115,17.26418376969159
300989.SZ,20260608,13.78,14.48,13.51,14.25,13.92,0.33,2.3707,50844,72119.92602,14.18455
300990.SZ,20260608,77.18,79.9,76.3,78.03,81.53,-3.5,-4.2929,42795,334412.1816,78.1428161233789
300991.SZ,20260608,38.01,38.09,35.6,36.08,38.6,-2.52,-6.5285,31343,115591.0082,36.87936962001085
300992.SZ,20260608,25.8,26.46,25.43,25.79,26.56,-0.77,-2.8991,15772,40871.88247,25.914203950038043
300993.SZ,20260608,10.45,10.65,10.19,10.38,10.64,-0.26,-2.4436,35340,36696.9208,10.383961743067346
300994.SZ,20260608,12.14,12.45,11.89,12.09,12.47,-0.38,-3.0473,29281,35652.8954,12.176119463133091
300995.SZ,20260608,32.02,32.95,31.2,31.64,32.98,-1.34,-4.0631,14701,47083.5254,32.02743037888579
300996.SZ,20260608,11.19,11.68,11.03,11.57,11.53,0.04,0.3469,83451,95098.26073,11.395700558411521
300997.SZ,20260608,17.54,18.36,16.8,16.96,17.57,-0.61,-3.4718,114145,201161.67723,17.62334550177406
300998.SZ,20260608,25.78,27.6,25.08,26.55,26.2,0.35,1.3359,37343,99887.356,26.74861580483625
300999.SZ,20260608,25.43,25.92,25.0,25.13,25.71,-0.58,-2.2559,97284,246445.23032,25.332555232103942
301000.SZ,20260608,31.56,32.99,31.27,31.81,32.31,-0.5,-1.5475,72837,233599.07204,32.07148455318039
301001.SZ,20260608,25.37,26.16,24.31,24.89,25.96,-1.07,-4.1217,14501,36470.205,25.15013102544652
301002.SZ,20260608,45.34,47.35,44.44,45.17,47.99,-2.82,-5.8762,50338,230562.24468,45.80282186022488
301003.SZ,20260608,47.17,48.6,45.91,47.2,48.61,-1.41,-2.9006,19814,93471.751,47.17459927324114
301004.SZ,20260608,37.29,38.04,35.73,36.26,38.04,-1.78,-4.6793,8602,31490.99734,36.60892506393862
301005.SZ,20260608,100.66,106.16,97.46,97.69,104.16,-6.47,-6.2116,101079,1024842.97964,101.39029666300617
301006.SZ,20260608,14.67,15.21,14.07,14.41,14.97,-0.56,-3.7408,21184,30867.0904,14.570945241691843
301007.SZ,20260608,33.8,34.27,32.4,32.86,34.51,-1.65,-4.7812,43805,146044.56051,33.33970106380551
301008.SZ,20260608,24.4,25.16,24.1,24.62,25.23,-0.61,-2.4178,37415,92201.83452,24.643013368969665
301009.SZ,20260608,9.25,9.37,8.92,9.04,9.3,-0.26,-2.7957,31632,28925.913,9.144509673748104
301010.SZ,20260608,18.87,19.43,18.21,18.54,19.43,-0.89,-4.5805,21256,40073.841,18.8529549303726
301011.SZ,20260608,16.13,16.73,15.76,16.0,16.45,-0.45,-2.7356,26625,43353.21946,16.282899327699532
301012.SZ,20260608,29.22,30.07,27.73,28.29,30.6,-2.31,-7.549,112637,325014.90228,28.85507446753731
301013.SZ,20260608,53.94,55.15,50.0,50.81,56.23,-5.42,-9.639,509029,2660716.17739,52.2704242271069
301015.SZ,20260608,20.7,21.13,20.07,20.35,21.08,-0.73,-3.463,39318,80420.49086,20.453861045831427
301016.SZ,20260608,15.07,15.47,14.45,14.78,15.47,-0.69,-4.4602,35899,53605.9447,14.932433967519987
301017.SZ,20260608,13.77,14.28,13.61,13.75,14.05,-0.3,-2.1352,63660,88521.14032,13.905300081683947
301018.SZ,20260608,94.38,95.55,89.82,91.54,97.47,-5.93,-6.0839,129784,1203352.4841,92.71963293626334
301019.SZ,20260608,20.6,20.76,19.75,19.96,20.79,-0.83,-3.9923,19185,38769.14371,20.20804988793328
301020.SZ,20260608,23.18,24.14,23.12,23.56,24.4,-0.84,-3.4426,37280,88137.57788,23.642054152360515
301021.SZ,20260608,88.1,93.18,87.0,89.56,94.81,-5.25,-5.5374,101870,922008.4188,90.50833599685873
301022.SZ,20260608,26.33,27.29,26.01,26.35,26.81,-0.46,-1.7158,19282,51562.42462,26.74122218649518
301023.SZ,20260608,31.79,33.77,31.5,32.88,32.5,0.38,1.1692,43006,141806.05721,32.973551878807605
301024.SZ,20260608,44.91,46.74,42.48,44.0,45.88,-1.88,-4.0976,10473,46452.986,44.35499474840064
301025.SZ,20260608,8.81,9.17,8.76,8.89,9.11,-0.22,-2.4149,60807,54403.06637,8.946842694097718
301026.SZ,20260608,22.25,22.66,21.02,21.27,22.88,-1.61,-7.0367,77384,168369.69068,21.757687723560423
301027.SZ,20260608,19.0,19.83,18.55,18.76,19.53,-0.77,-3.9427,61155,116507.30962,19.051150293516475
301028.SZ,20260608,18.0,18.3,17.0,17.18,18.33,-1.15,-6.2739,84190,148174.89188,17.60005842499109
301029.SZ,20260608,28.15,30.45,28.05,29.39,29.0,0.39,1.3448,304271,896567.82022,29.46609503436082
301030.SZ,20260608,13.32,14.34,13.3,13.34,13.48,-0.14,-1.0386,165742,227867.3432,13.748316250558098
301031.SZ,20260608,113.0,115.25,108.58,109.4,114.93,-5.53,-4.8116,44119,491017.73377,111.29393997370747
301032.SZ,20260608,10.8,11.15,10.54,10.69,11.14,-0.45,-4.0395,43577,47135.34124,10.816564068201115
301033.SZ,20260608,47.8,48.34,44.88,45.77,48.71,-2.94,-6.0357,12024,55792.62826,46.40105477378576
301035.SZ,20260608,50.37,51.23,49.12,49.96,50.82,-0.86,-1.6922,16254,81446.43418,50.10854816045281
301036.SZ,20260608,23.21,23.92,22.65,22.93,23.9,-0.97,-4.0586,16060,37299.20986,23.224912739726026
301037.SZ,20260608,14.6,14.72,13.6,13.94,14.58,-0.64,-4.3896,31742,44750.1791,14.098096874803101
301038.SZ,20260608,19.23,20.5,19.18,20.0,19.64,0.36,1.833,73668,148386.58063,20.142610174024004
301039.SZ,20260608,7.82,7.92,7.63,7.7,7.88,-0.18,-2.2843,138601,107218.45192,7.735763228259537
301040.SZ,20260608,30.09,31.26,29.15,29.96,30.67,-0.71,-2.315,33436,101118.48795,30.242399793635602
301041.SZ,20260608,31.0,33.1,30.13,32.25,32.75,-0.5,-1.5267,90288,283862.93368,31.439718864079392
301042.SZ,20260608,102.06,108.08,102.0,104.69,104.33,0.36,0.3451,13153,138461.75401,105.27009352239034
301043.SZ,20260608,44.65,46.19,43.62,44.66,44.65,0.01,0.0224,11198,50427.76302,45.03282998749776
301045.SZ,20260608,50.79,52.2,49.0,50.02,52.52,-2.5,-4.7601,28309,143150.89306,50.567272973259385
301046.SZ,20260608,26.2,27.42,25.22,25.42,27.01,-1.59,-5.8867,46166,120886.59423,26.185199980505132
301047.SZ,20260608,60.1,61.28,59.0,59.85,61.16,-1.31,-2.1419,6921,41568.4513,60.0613369455281
301048.SZ,20260608,9.4,9.44,9.01,9.15,9.48,-0.33,-3.481,48497,44693.7388,9.215773924160258
301049.SZ,20260608,20.83,21.3,19.76,20.16,21.01,-0.85,-4.0457,18363,37753.794,20.55970919784349
301050.SZ,20260608,35.37,36.21,34.37,34.68,36.39,-1.71,-4.6991,55353,194445.64178,35.12829327769046
301051.SZ,20260608,17.0,17.26,15.58,15.61,16.64,-1.03,-6.1899,112639,183185.47969,16.26305983629116
301052.SZ,20260608,26.01,26.86,25.62,26.05,26.68,-0.63,-2.3613,27961,73387.18014,26.246264489825112
301053.SZ,20260608,41.35,41.45,38.6,40.5,42.15,-1.65,-3.9146,33863,136101.42198,40.19177922215988
301055.SZ,20260608,33.0,34.4,32.47,33.12,34.6,-1.48,-4.2775,41955,139873.943,33.33904016207842
301056.SZ,20260608,12.89,12.93,12.08,12.56,13.02,-0.46,-3.533,24436,30866.373,12.631516205598297
301057.SZ,20260608,30.38,30.84,28.1,28.45,30.48,-2.03,-6.6601,21750,63369.7324,29.13550914942529
301058.SZ,20260608,8.65,8.68,8.4,8.49,8.72,-0.23,-2.6376,38893,33202.98841,8.537008821638855
301059.SZ,20260608,13.74,14.0,13.31,13.49,14.09,-0.6,-4.2583,48834,66483.70707,13.61422514436663
301060.SZ,20260608,8.5,8.79,8.32,8.44,8.66,-0.22,-2.5404,88467,75545.45316,8.5393935772661
301061.SZ,20260608,41.87,41.98,39.63,39.87,41.4,-1.53,-3.6957,23437,94499.9002,40.32081759610872
301062.SZ,20260608,6.4,6.56,6.23,6.38,6.55,-0.17,-2.5954,83211,53135.3491,6.385615976253139
301063.SZ,20260608,19.59,19.91,18.77,19.07,19.78,-0.71,-3.5895,21408,41331.908,19.30675822122571
301065.SZ,20260608,20.05,20.27,19.26,19.64,20.25,-0.61,-3.0123,16595,32756.9353,19.739039047905997
301066.SZ,20260608,13.87,14.77,13.77,14.16,14.23,-0.07,-0.4919,60285,86444.27682,14.33926794725056
301067.SZ,20260608,35.31,35.38,32.64,33.65,36.05,-2.4,-6.6574,51932,176711.17192,34.027415065855344
301068.SZ,20260608,28.0,28.21,26.28,26.47,28.67,-2.2,-7.6735,17157,46389.7987,27.03840922072623
301069.SZ,20260608,18.29,20.22,18.2,19.63,18.9,0.73,3.8624,188999,365195.62983,19.322622332922396
301070.SZ,20260608,92.0,96.29,90.03,94.33,97.02,-2.69,-2.7726,27483,257587.47511,93.7261125459375
301071.SZ,20260608,68.17,73.91,67.82,70.7,73.82,-3.12,-4.2265,212477,1512965.55165,71.20608591282821
301072.SZ,20260608,27.49,32.46,27.01,30.99,28.37,2.62,9.2351,114273,340488.56311,29.796064084254375
301073.SZ,20260608,21.08,21.71,20.39,20.68,21.49,-0.81,-3.7692,37226,77943.7419,20.93798471498415
301075.SZ,20260608,71.0,73.28,68.17,72.01,72.67,-0.66,-0.9082,13629,97840.438,71.78842028028468
301076.SZ,20260608,28.49,29.74,28.22,28.6,29.53,-0.93,-3.1493,65587,189991.55264,28.967867510329796
301077.SZ,20260608,25.5,26.65,25.0,25.52,26.59,-1.07,-4.0241,23305,59976.05708,25.735274438961596
301078.SZ,20260608,8.04,8.17,7.77,7.82,8.16,-0.34,-4.1667,266771,212126.33974,7.951626666316804
301079.SZ,20260608,35.4,39.78,35.26,39.33,36.18,3.15,8.7065,124388,466526.33157,37.50573460221243
301080.SZ,20260608,37.12,38.09,35.87,36.47,38.1,-1.63,-4.2782,27584,101289.07826,36.720228487529
301081.SZ,20260608,17.41,17.79,16.78,17.13,18.14,-1.01,-5.5678,74324,128220.11039,17.251508313599913
301082.SZ,20260608,10.05,10.31,9.7,9.83,10.29,-0.46,-4.4704,61751,61537.94814,9.965498233226992
301083.SZ,20260608,14.77,14.99,14.13,14.43,14.92,-0.49,-3.2842,19615,28576.42388,14.568658618404282
301085.SZ,20260608,63.63,65.03,61.31,62.45,66.0,-3.55,-5.3788,29459,186736.97142,63.38876792151804
301086.SZ,20260608,145.27,148.74,139.0,140.3,149.55,-9.25,-6.1852,30071,431202.47907,143.39479201556318
301087.SZ,20260608,46.31,47.0,44.3,45.22,46.77,-1.55,-3.3141,22709,102956.5353,45.33732674270113
301088.SZ,20260608,13.64,13.94,13.31,13.46,13.63,-0.17,-1.2472,19528,26643.48968,13.643737034002456
301089.SZ,20260608,22.12,22.55,21.44,21.79,22.56,-0.77,-3.4131,18521,40701.427,21.975825819340212
301090.SZ,20260608,6.91,7.12,6.72,6.8,7.02,-0.22,-3.1339,91838,63263.385,6.888584790609552
301091.SZ,20260608,17.5,18.68,17.26,18.05,17.82,0.23,1.2907,97996,176100.70566,17.970193238499533
301092.SZ,20260608,46.45,50.38,45.91,48.51,47.07,1.44,3.0593,55722,272709.53137,48.941088146513046
301093.SZ,20260608,113.96,124.39,113.96,123.25,123.0,0.25,0.2033,39538,473382.83676,119.72857422226718
301095.SZ,20260608,93.72,99.26,92.9,95.89,98.41,-2.52,-2.5607,78462,756126.31678,96.36847350054805
301096.SZ,20260608,57.3,59.92,56.96,57.23,58.73,-1.5,-2.5541,30114,175100.56934,58.145902018994484
301097.SZ,20260608,35.44,36.4,33.05,33.65,36.31,-2.66,-7.3258,15981,55034.80106,34.437645366372564
301098.SZ,20260608,8.33,8.55,7.93,8.16,8.5,-0.34,-4.0,111517,91756.0035,8.227983491306258
301099.SZ,20260608,74.7,78.8,70.8,72.42,79.84,-7.42,-9.2936,139568,1039723.12214,74.49581008110742
301100.SZ,20260608,15.88,16.02,15.04,15.31,16.06,-0.75,-4.67,18459,28647.44425,15.519499566607076
301101.SZ,20260608,30.29,30.59,29.2,29.6,30.59,-0.99,-3.2364,25747,76967.09347,29.893616137802464
301102.SZ,20260608,9.38,9.67,9.32,9.47,9.64,-0.17,-1.7635,26123,24819.03291,9.500835627607856
301103.SZ,20260608,16.31,16.69,15.93,16.25,16.61,-0.36,-2.1674,22317,36395.5456,16.30844002330062
301105.SZ,20260608,51.31,53.0,49.26,50.3,53.24,-2.94,-5.5222,5692,29014.596,50.97434293745608
301106.SZ,20260608,22.39,23.11,20.87,21.22,23.38,-2.16,-9.2387,69991,153133.68116,21.879053186838313
301107.SZ,20260608,23.84,24.85,23.34,23.55,25.51,-1.96,-7.6833,103946,248825.31842,23.93794070190291
301108.SZ,20260608,22.15,22.41,21.23,21.64,22.48,-0.84,-3.7367,16179,35259.9936,21.79367921379566
301109.SZ,20260608,13.77,13.95,13.49,13.69,13.95,-0.26,-1.8638,48766,66754.20975,13.688678536275273
301110.SZ,20260608,39.52,40.69,38.45,39.04,41.19,-2.15,-5.2197,38045,150055.40038,39.441556151925354
301111.SZ,20260608,28.45,28.97,26.45,26.8,28.88,-2.08,-7.2022,73959,202903.381,27.434576048891955
301112.SZ,20260608,32.55,34.58,31.53,31.93,32.26,-0.33,-1.0229,22938,75468.27284,32.90098214316855
301113.SZ,20260608,18.46,18.46,17.0,17.3,18.58,-1.28,-6.8891,26198,46215.6198,17.640896175280556
301115.SZ,20260608,32.24,33.96,31.36,32.66,33.97,-1.31,-3.8563,69657,228176.7315,32.757186140660664
301116.SZ,20260608,9.55,10.56,9.38,9.62,9.87,-0.25,-2.5329,88403,86952.2534,9.835893962874563
301117.SZ,20260608,25.75,26.7,24.76,25.08,26.57,-1.49,-5.6078,61415,157088.69172,25.5782287258813
301118.SZ,20260608,28.98,31.81,28.92,29.99,28.92,1.07,3.6999,114784,350103.10174,30.501036881446893
301119.SZ,20260608,33.81,33.98,32.15,32.9,34.09,-1.19,-3.4908,13823,45849.91319,33.16929262099399
301120.SZ,20260608,20.79,21.27,19.62,19.67,21.88,-2.21,-10.1005,188394,384722.14985,20.42114663152754
301121.SZ,20260608,38.07,39.33,37.07,37.27,38.39,-1.12,-2.9174,18924,71725.1707,37.901696628619746
301122.SZ,20260608,26.91,27.28,25.53,25.75,27.35,-1.6,-5.8501,26751,70326.9659,26.28947175806512
301123.SZ,20260608,105.0,108.8,96.2,97.86,109.6,-11.74,-10.7117,202689,2046296.14433,100.95743450951952
301125.SZ,20260608,16.0,16.0,14.83,15.84,16.1,-0.26,-1.6149,49615,76782.74765,15.475712516376097
301126.SZ,20260608,9.77,10.17,9.43,9.69,10.06,-0.37,-3.6779,45610,44688.058,9.797864064898048
301127.SZ,20260608,13.0,13.63,12.75,13.08,13.49,-0.41,-3.0393,137615,180405.89643,13.10946455182938
301128.SZ,20260608,138.1,159.5,138.1,153.16,145.98,7.18,4.9185,124106,1886845.0906,152.03496129115433
301129.SZ,20260608,25.11,25.76,24.13,24.55,25.91,-1.36,-5.2489,25828,64445.477,24.951787594858295
301130.SZ,20260608,27.5,27.76,26.03,26.61,27.55,-0.94,-3.412,10474,28138.083,26.864696391063582
301131.SZ,20260608,36.87,37.69,35.41,35.67,37.18,-1.51,-4.0613,12529,45577.58706,36.37767344560619
301132.SZ,20260608,38.18,39.26,37.18,38.0,39.81,-1.81,-4.5466,76747,292262.38017,38.081277466220186
301133.SZ,20260608,40.6,41.88,38.06,39.81,40.6,-0.79,-1.9458,49910,197448.9202,39.560993828892
301135.SZ,20260608,17.83,18.3,17.4,17.75,18.2,-0.45,-2.4725,25474,45477.96765,17.85269987045615
301136.SZ,20260608,13.09,13.37,12.56,12.83,13.22,-0.39,-2.9501,49108,63642.125,12.959624704732427
301137.SZ,20260608,36.9,38.64,36.08,36.44,38.69,-2.25,-5.8155,40106,148517.31032,37.031194913479275
301138.SZ,20260608,27.57,28.88,27.11,27.58,28.55,-0.97,-3.3975,13547,37770.50575,27.881084926552
301139.SZ,20260608,5.37,6.3,5.18,6.06,5.41,0.65,12.0148,276038,161610.40934,5.854643539657584
301141.SZ,20260608,47.77,48.85,45.06,45.73,49.1,-3.37,-6.8635,31218,146511.11664,46.931615298866035
301148.SZ,20260608,56.35,57.85,53.9,55.05,58.1,-3.05,-5.2496,22116,123069.545,55.64728929281968
301149.SZ,20260608,11.16,11.32,10.64,10.85,11.46,-0.61,-5.3229,79110,86665.607,10.95507609657439
301150.SZ,20260608,55.8,56.51,53.33,54.38,57.65,-3.27,-5.6722,97554,537625.58598,55.110562968202224
301151.SZ,20260608,17.52,20.88,17.51,19.68,18.22,1.46,8.0132,172888,345646.63656,19.99251750034705
301152.SZ,20260608,24.73,25.21,23.72,24.15,25.3,-1.15,-4.5455,40898,100265.71937,24.51604464032471
301153.SZ,20260608,17.86,18.14,17.45,17.76,18.16,-0.4,-2.2026,33218,59151.72416,17.8071299175146
301155.SZ,20260608,50.88,50.88,47.0,47.5,51.13,-3.63,-7.0996,59853,292260.52669,48.829720597129636
301156.SZ,20260608,12.6,13.1,12.27,12.53,12.99,-0.46,-3.5412,36665,46508.28692,12.684654826128462
301157.SZ,20260608,69.15,69.43,64.54,66.38,70.08,-3.7,-5.2797,15904,106537.604,66.9879300804829
301158.SZ,20260608,15.12,16.02,14.87,15.15,15.36,-0.21,-1.3672,72586,111621.5974,15.377841098834486
301159.SZ,20260608,33.64,34.2,32.55,33.05,33.97,-0.92,-2.7083,20380,68066.24557,33.39855032875368
301160.SZ,20260608,43.0,46.5,42.41,44.84,44.35,0.49,1.1048,84596,381578.66956,45.1059943212445
301161.SZ,20260608,30.2,31.78,29.45,29.76,30.83,-1.07,-3.4706,35174,107718.08617,30.62434928356172
301162.SZ,20260608,40.8,41.07,39.11,39.7,41.55,-1.85,-4.4525,28461,114163.2878,40.1121843224061
301163.SZ,20260608,25.53,25.99,24.31,24.99,25.89,-0.9,-3.4762,14208,35871.0633,25.247088471283785
301165.SZ,20260608,61.0,61.9,57.08,57.7,63.76,-6.06,-9.5044,163605,968329.69037,59.18704748449009
301166.SZ,20260608,27.17,27.85,26.65,27.03,27.52,-0.49,-1.7805,9670,26305.68635,27.203398500517064
301167.SZ,20260608,14.61,14.98,14.1,14.34,14.9,-0.56,-3.7584,35640,51852.692,14.54901571268238
301168.SZ,20260608,41.67,42.85,40.85,42.3,42.48,-0.18,-0.4237,26623,112381.12388,42.212043676520295
301169.SZ,20260608,75.02,77.6,73.85,75.0,78.56,-3.56,-4.5316,13639,103325.22616,75.75718612801525
301170.SZ,20260608,25.15,25.15,23.97,24.26,25.41,-1.15,-4.5258,17694,43505.969,24.587978410760705
301171.SZ,20260608,38.19,42.0,38.13,40.29,39.83,0.46,1.1549,695866,2776733.69064,39.90328153178917
301172.SZ,20260608,30.31,30.36,28.47,28.95,31.09,-2.14,-6.8832,59256,174391.59275,29.43019993755907
301173.SZ,20260608,34.78,35.12,33.31,34.16,35.25,-1.09,-3.0922,7741,26548.89189,34.29646284717737
301175.SZ,20260608,5.52,5.6,5.33,5.39,5.6,-0.21,-3.75,192052,104607.14605,5.4468136780663565
301176.SZ,20260608,39.46,41.08,38.59,39.61,41.54,-1.93,-4.6461,69301,276200.63369,39.85521618591362
301177.SZ,20260608,23.52,23.86,22.59,23.15,23.88,-0.73,-3.057,15415,35816.221,23.234655205968213
301178.SZ,20260608,49.8,58.8,49.65,56.75,51.42,5.33,10.3656,52295,290760.13837,55.599988214934505
301179.SZ,20260608,21.15,21.63,20.6,20.89,21.62,-0.73,-3.3765,61153,128909.24437,21.079790749431755
301180.SZ,20260608,14.38,14.9,13.76,13.92,14.8,-0.88,-5.9459,51254,73129.689,14.268094002419323
301181.SZ,20260608,30.58,30.79,29.0,29.08,30.58,-1.5,-4.9052,20312,60279.18237,29.676635668570306
301182.SZ,20260608,80.22,82.81,78.0,80.0,85.4,-5.4,-6.3232,29783,239083.08563,80.27501783903568
301183.SZ,20260608,200.49,206.1,193.25,195.97,213.5,-17.53,-8.2108,58196,1161920.6116,199.65643886177745
301185.SZ,20260608,16.15,17.21,16.12,16.87,16.6,0.27,1.6265,39603,66836.682,16.876671464283007
301186.SZ,20260608,60.98,61.22,57.36,57.47,61.75,-4.28,-6.9312,19569,115306.22852,58.92290281567786
301187.SZ,20260608,17.01,17.41,16.69,16.9,17.35,-0.45,-2.5937,17469,29717.72616,17.011692804396358
301188.SZ,20260608,51.01,57.88,51.01,52.56,54.69,-2.13,-3.8947,334345,1819297.20402,54.41377032765557
301189.SZ,20260608,96.57,101.88,91.0,99.81,102.0,-2.19,-2.1471,62232,603126.88466,96.91587682542743
301190.SZ,20260608,20.95,20.95,19.9,20.04,21.15,-1.11,-5.2482,20614,42070.099,20.408508295333267
301191.SZ,20260608,90.31,94.0,87.9,90.3,97.1,-6.8,-7.0031,56592,515810.38736,91.14546002261804
301192.SZ,20260608,22.46,22.48,20.57,21.44,22.61,-1.17,-5.1747,17223,37460.83961,21.75047297799454
301193.SZ,20260608,24.0,24.4,23.05,23.2,24.25,-1.05,-4.3299,120816,285075.93868,23.59587626473315
301195.SZ,20260608,27.2,33.13,26.93,33.13,27.61,5.52,19.9928,81733,260063.256,31.818635801940466
301196.SZ,20260608,142.09,152.25,137.0,139.58,150.0,-10.42,-6.9467,73227,1047821.22852,143.0921966651645
301197.SZ,20260608,29.77,30.45,27.89,28.44,30.46,-2.02,-6.6316,38954,112503.29763,28.881064237305537
301198.SZ,20260608,17.17,17.67,16.03,16.7,17.4,-0.7,-4.023,37077,63163.99153,17.03589598133614
301199.SZ,20260608,19.86,21.08,19.78,20.35,20.12,0.23,1.1431,42325,86626.82709,20.46705896987596
301200.SZ,20260608,265.0,282.99,260.49,277.67,277.2,0.47,0.1696,45297,1237192.32598,273.12897674901205
301201.SZ,20260608,34.92,35.71,34.17,34.61,35.18,-0.57,-1.6202,46452,162660.29254,35.01685450357358
301202.SZ,20260608,36.84,37.9,35.15,35.64,38.16,-2.52,-6.6038,25382,92519.131,36.450685919155305
301203.SZ,20260608,43.8,44.24,40.99,42.17,43.8,-1.63,-3.7215,10273,43733.82,42.57161491287842
301205.SZ,20260608,325.01,329.6,300.12,308.58,337.74,-29.16,-8.6339,114467,3610243.6006,315.3960181187591
301206.SZ,20260608,23.66,23.97,23.09,23.39,24.01,-0.62,-2.5823,14347,33736.845,23.514912525266606
301207.SZ,20260608,16.98,17.23,16.43,16.67,17.14,-0.47,-2.7421,40854,68679.27602,16.810906158515692
301208.SZ,20260608,29.74,30.79,29.26,29.62,30.86,-1.24,-4.0181,17547,52727.78236,30.049457092380464
301209.SZ,20260608,61.01,62.44,58.17,59.68,62.79,-3.11,-4.953,15783,94625.5891,59.95412095292403
301210.SZ,20260608,26.96,29.65,26.58,29.48,27.45,2.03,7.3953,89861,255676.09267,28.45239788896184
301211.SZ,20260608,9.79,9.83,9.37,9.53,9.8,-0.27,-2.7551,27940,26791.6574,9.588996921975662
301212.SZ,20260608,26.91,28.8,26.25,26.5,27.17,-0.67,-2.466,25316,68937.406,27.23076552377943
301213.SZ,20260608,46.6,49.48,46.56,49.0,46.89,2.11,4.4999,34043,164681.56128,48.37457370972005
301215.SZ,20260608,5.57,5.6,5.32,5.41,5.61,-0.2,-3.5651,129031,70590.078,5.470784385147755
301216.SZ,20260608,24.39,24.95,23.85,24.36,24.74,-0.38,-1.536,88856,217364.19373,24.4625229281084
301217.SZ,20260608,102.41,113.1,102.38,113.1,111.26,1.84,1.6538,279073,3041016.33708,108.96848986035911
301218.SZ,20260608,40.16,43.26,39.91,40.68,42.37,-1.69,-3.9887,73741,306806.30499,41.60593224800314
301219.SZ,20260608,55.5,55.8,51.82,52.68,56.58,-3.9,-6.8929,91799,492843.7397,53.68726671314502
301220.SZ,20260608,35.21,36.49,34.45,35.33,35.8,-0.47,-1.3128,14337,51144.98509,35.67342197809863
301221.SZ,20260608,29.57,32.59,29.33,31.68,30.85,0.83,2.6904,34770,109460.35795,31.481264869140063
301222.SZ,20260608,33.8,34.43,30.08,30.36,33.93,-3.57,-10.5217,54701,173629.1802,31.741500191952614
301223.SZ,20260608,16.58,16.69,15.86,16.13,16.62,-0.49,-2.9483,18217,29615.76786,16.25721461272438
301225.SZ,20260608,92.58,102.25,91.57,97.65,95.0,2.65,2.7895,30518,298273.77499,97.7369994724425
301226.SZ,20260608,34.89,34.91,33.23,33.75,35.64,-1.89,-5.303,34519,117770.025,34.117449810249425
301227.SZ,20260608,22.08,22.57,21.31,21.58,22.69,-1.11,-4.892,17691,38825.4425,21.94643745407269
301228.SZ,20260608,73.0,77.98,71.62,77.03,75.13,1.9,2.5289,65647,502522.56964,76.54920554480783
301229.SZ,20260608,14.16,14.63,13.88,14.19,14.61,-0.42,-2.8747,28531,40700.63708,14.265408531071467
301230.SZ,20260608,32.58,33.3,31.62,32.17,33.18,-1.01,-3.044,43117,139627.86842,32.383484106037066
301231.SZ,20260608,32.66,35.98,32.66,35.5,33.81,1.69,4.9985,166769,582213.06797,34.91134851021472
301232.SZ,20260608,126.33,131.63,119.0,119.75,129.99,-10.24,-7.8775,55561,686065.49117,123.47968740123468
301233.SZ,20260608,53.98,54.29,51.29,51.99,55.04,-3.05,-5.5414,10931,57668.789,52.757102735339856
301234.SZ,20260608,39.25,43.44,37.26,37.57,40.89,-3.32,-8.1193,34890,139930.51048,40.10619388936658
301235.SZ,20260608,65.93,68.99,63.56,64.35,69.4,-5.05,-7.2767,36630,241181.221,65.84253917553917
301236.SZ,20260608,40.58,44.5,40.51,43.53,41.8,1.73,4.1388,729809,3162112.58312,43.32794721797073
301237.SZ,20260608,61.61,66.0,60.39,60.75,64.52,-3.77,-5.8431,23267,146539.49444,62.98168841707139
301238.SZ,20260608,22.19,22.87,21.2,21.38,23.02,-1.64,-7.1242,212687,468184.30534,22.012831312680134
301239.SZ,20260608,32.86,33.53,31.6,31.83,33.44,-1.61,-4.8146,33308,107471.916,32.266097033745645
301246.SZ,20260608,28.14,28.39,26.5,26.84,28.8,-1.96,-6.8056,181417,495148.8734,27.29341094825733
301248.SZ,20260608,70.01,72.97,68.68,70.0,71.82,-1.82,-2.5341,52103,369906.0675,70.99515718864556
301251.SZ,20260608,46.69,46.86,44.4,45.37,47.64,-2.27,-4.7649,74810,341064.38014,45.59074724502072
301252.SZ,20260608,34.61,34.61,32.69,32.96,35.32,-2.36,-6.6818,38235,128749.76229,33.67327377795214
301255.SZ,20260608,24.39,25.67,24.36,25.33,25.24,0.09,0.3566,32763,82475.16578,25.173264285932298
301256.SZ,20260608,11.33,11.63,11.0,11.13,11.71,-0.58,-4.953,67176,75964.8049,11.308325130999165
301257.SZ,20260608,41.55,42.1,39.24,39.84,41.56,-1.72,-4.1386,21576,87752.528,40.67136077122729
301258.SZ,20260608,25.62,25.87,24.32,24.81,25.62,-0.81,-3.1616,12140,30424.743,25.061567545304776
301259.SZ,20260608,22.78,23.25,21.58,22.53,23.4,-0.87,-3.7179,53820,121064.24497,22.494285575994052
301260.SZ,20260608,15.75,16.34,15.57,15.94,16.11,-0.17,-1.0552,49203,78610.58967,15.976787933662582
301261.SZ,20260608,85.5,91.87,85.03,89.62,88.61,1.01,1.1398,47883,429634.58041,89.72591116053714
301262.SZ,20260608,20.0,20.58,19.81,20.1,20.43,-0.33,-1.6153,29729,59934.807,20.16038447307343
301263.SZ,20260608,19.43,19.44,18.3,18.51,19.63,-1.12,-5.7056,89584,168026.98354,18.75636090596535
301265.SZ,20260608,25.79,27.2,24.6,25.0,26.55,-1.55,-5.838,88945,229601.24701,25.813845298780144
301266.SZ,20260608,25.0,26.68,24.9,25.11,25.88,-0.77,-2.9753,47496,122298.9349,25.749312552636006
301267.SZ,20260608,16.56,16.68,15.8,15.91,16.68,-0.77,-4.6163,55710,89968.08007,16.149359194040567
301268.SZ,20260608,17.14,17.2,16.01,16.25,17.37,-1.12,-6.4479,66586,110105.5906,16.535846964827442
301269.SZ,20260608,94.01,98.23,93.5,95.15,98.73,-3.58,-3.6261,152627,1459488.99872,95.6245617564389
301270.SZ,20260608,30.0,30.65,29.51,29.99,30.74,-0.75,-2.4398,24691,74451.9636,30.153482483496013
301272.SZ,20260608,38.33,39.12,36.37,37.0,38.43,-1.43,-3.7211,11266,42397.68528,37.63330843245163
301273.SZ,20260608,46.3,47.99,45.1,45.99,47.88,-1.89,-3.9474,18852,87535.76916,46.43314723106301
301275.SZ,20260608,41.33,43.28,40.94,41.98,42.96,-0.98,-2.2812,59046,247669.05796,41.94510347186939
301276.SZ,20260608,23.71,23.71,22.05,22.22,23.92,-1.7,-7.107,25524,57743.22551,22.623109822128193
301277.SZ,20260608,9.27,9.55,9.13,9.27,9.44,-0.17,-1.8008,30029,28072.76028,9.348549828499117
301278.SZ,20260608,34.0,34.5,32.5,32.98,34.74,-1.76,-5.0662,20293,67752.82817,33.387290282363374
301279.SZ,20260608,21.88,24.0,21.34,22.99,22.21,0.78,3.5119,60281,139114.52411,23.077673580398468
301280.SZ,20260608,40.99,42.56,40.38,40.98,41.85,-0.87,-2.0789,29965,124032.92628,41.392600126814614
301281.SZ,20260608,42.62,45.58,42.3,45.54,43.5,2.04,4.6897,72163,322521.65043,44.69349256959938
301282.SZ,20260608,29.57,32.78,29.3,32.47,31.3,1.17,3.738,248607,779155.24653,31.3408410274047
301283.SZ,20260608,26.13,26.54,25.17,25.5,26.65,-1.15,-4.3152,10497,27125.842,25.841518529103556
301285.SZ,20260608,106.0,112.5,105.73,107.0,111.67,-4.67,-4.182,32706,354245.2475,108.31200620681221
301286.SZ,20260608,59.0,61.11,58.19,58.31,62.03,-3.72,-5.9971,28773,171183.297,59.49442081117715
301287.SZ,20260608,36.0,36.7,35.01,35.54,36.61,-1.07,-2.9227,7420,26629.47007,35.88877367924528
301288.SZ,20260608,18.58,19.32,17.62,18.09,19.05,-0.96,-5.0394,29784,55334.62766,18.57864210985764
301289.SZ,20260608,50.0,50.76,48.3,49.06,51.5,-2.44,-4.7379,18137,89104.1444,49.12838087886641
301290.SZ,20260608,31.16,32.2,30.69,30.7,31.8,-1.1,-3.4591,26567,83695.10419,31.50340805887003
301291.SZ,20260608,48.1,49.69,44.54,44.93,49.99,-5.06,-10.122,127086,592308.83237,46.60693013943313
301292.SZ,20260608,63.36,65.99,61.35,62.6,65.33,-2.73,-4.1788,76735,486385.76924,63.38512663582459
301293.SZ,20260608,54.33,56.35,53.09,53.81,55.43,-1.62,-2.9226,61556,336900.3032,54.73070102020924
301295.SZ,20260608,46.03,47.58,44.17,45.0,47.32,-2.32,-4.9028,18903,86262.5642,45.63432481616674
301296.SZ,20260608,6.6,6.76,6.48,6.57,6.73,-0.16,-2.3774,31590,20894.16168,6.614169572649573
301297.SZ,20260608,40.6,41.39,39.28,39.78,42.25,-2.47,-5.8462,122216,493379.96371,40.36950675116188
301298.SZ,20260608,13.42,13.87,13.0,13.33,13.68,-0.35,-2.5585,37303,50315.6865,13.488375331742757
301299.SZ,20260608,50.01,51.19,48.39,48.94,51.3,-2.36,-4.6004,14277,70728.854,49.54041745464734
301300.SZ,20260608,35.53,35.72,33.18,33.69,35.7,-2.01,-5.6303,11927,40930.511,34.31752410497191
301301.SZ,20260608,8.52,8.69,8.25,8.36,8.57,-0.21,-2.4504,98792,83073.4341,8.408923202283585
301302.SZ,20260608,24.12,30.12,24.12,30.12,25.1,5.02,20.0,161856,461407.40504,28.50727838572558
301303.SZ,20260608,17.29,17.98,16.89,17.08,16.88,0.2,1.1848,260289,452278.84676,17.376026138638206
301305.SZ,20260608,29.8,30.53,27.29,27.51,30.7,-3.19,-10.3909,159727,457925.37739,28.669252999805916
301306.SZ,20260608,129.55,136.83,123.0,126.45,134.9,-8.45,-6.2639,39131,506011.17879,129.3121000715545
301307.SZ,20260608,56.67,60.21,55.1,58.03,59.53,-1.5,-2.5197,66543,387018.71563,58.16069543453105
301308.SZ,20260608,470.0,496.44,470.0,485.06,520.01,-34.95,-6.721,140413,6848096.28412,487.7109871678548
301309.SZ,20260608,30.95,32.12,30.44,30.91,31.78,-0.87,-2.7376,9898,30929.9,31.248636088098607
301310.SZ,20260608,32.3,34.3,32.06,32.16,33.33,-1.17,-3.5104,53197,175416.1619,32.97482224561536
301311.SZ,20260608,14.8,14.95,14.3,14.42,15.0,-0.58,-3.8667,26868,39219.91897,14.597260298496353
301312.SZ,20260608,80.0,83.71,79.8,83.0,86.52,-3.52,-4.0684,53119,433893.07681,81.68321632749111
301313.SZ,20260608,49.05,59.0,49.05,59.0,49.17,9.83,19.9919,289653,1665368.12992,57.49528331900584
301314.SZ,20260608,50.48,54.5,49.58,50.11,51.9,-1.79,-3.4489,31770,164620.67957,51.81639268807051
301315.SZ,20260608,40.55,42.68,40.09,40.8,41.47,-0.67,-1.6156,17211,71217.3021,41.37894491894719
301316.SZ,20260608,39.88,40.69,37.5,38.6,41.11,-2.51,-6.1056,154601,604011.93297,39.06908318639595
301317.SZ,20260608,61.28,61.98,55.88,57.75,63.98,-6.23,-9.7374,46410,271343.74582,58.46665499245852
301318.SZ,20260608,21.6,22.1,21.0,21.44,21.82,-0.38,-1.7415,12778,27578.57645,21.582858389419314
301319.SZ,20260608,113.73,143.72,113.73,143.49,119.77,23.72,19.8046,186573,2520870.21803,135.11441730743462
301320.SZ,20260608,15.58,15.65,14.47,14.76,15.92,-1.16,-7.2864,65532,99446.76659,15.175298570164195
301321.SZ,20260608,29.5,32.23,28.4,28.82,31.11,-2.29,-7.361,77496,229625.47392,29.63062273149582
301322.SZ,20260608,45.48,52.23,45.26,50.81,47.94,2.87,5.9866,84309,419186.59563,49.72026659431378
301323.SZ,20260608,81.0,82.56,76.7,77.4,83.24,-5.84,-7.0159,27793,221480.77217,79.68940818551434
301325.SZ,20260608,41.94,42.97,40.52,40.9,43.5,-2.6,-5.977,34706,144558.79168,41.65239200138305
301326.SZ,20260608,144.99,144.99,130.0,131.69,147.97,-16.28,-11.0022,24055,326476.852,135.72099438786117
301327.SZ,20260608,51.85,53.77,51.67,52.61,53.38,-0.77,-1.4425,17442,91823.42408,52.6450086457975
301328.SZ,20260608,55.77,56.21,52.71,53.14,57.7,-4.56,-7.9029,36209,196509.03586,54.27077131652352
301329.SZ,20260608,27.37,28.83,25.92,26.18,29.61,-3.43,-11.5839,166970,454762.71064,27.236192767563033
301330.SZ,20260608,26.11,27.9,25.98,27.21,26.52,0.69,2.6018,63220,171233.69064,27.08536707371085
301331.SZ,20260608,23.1,23.85,22.33,22.58,23.91,-1.33,-5.5625,17042,39161.19266,22.979223483159252
301332.SZ,20260608,8.2,8.63,8.18,8.41,8.35,0.06,0.7186,39415,33304.768,8.449769884561714
301333.SZ,20260608,46.03,46.47,43.79,44.5,46.49,-1.99,-4.2805,13746,62053.81861,45.1431824603521
301335.SZ,20260608,21.05,22.12,21.05,21.35,21.5,-0.15,-0.6977,15874,34299.746,21.60750031498047
301336.SZ,20260608,40.0,41.32,39.63,39.96,40.87,-0.91,-2.2266,11279,45609.0546,40.43714389573544
301337.SZ,20260608,23.94,24.79,23.48,23.96,24.42,-0.46,-1.8837,16854,40632.49781,24.108518933190936
301338.SZ,20260608,239.37,245.99,227.96,235.0,258.03,-23.03,-8.9253,51461,1212798.72371,235.67336890266418
301339.SZ,20260608,11.2,11.43,11.07,11.27,11.41,-0.14,-1.227,43053,48472.78984,11.258864618028941
301345.SZ,20260608,202.0,206.09,196.72,198.92,206.33,-7.41,-3.5913,13147,264120.43328,200.89787273142161
301348.SZ,20260608,23.51,24.12,22.67,22.95,24.48,-1.53,-6.25,112112,262096.7054,23.378113440131298
301349.SZ,20260608,54.95,57.02,51.86,55.31,57.26,-1.95,-3.4055,76745,421206.12063,54.883851798814256
301353.SZ,20260608,19.48,19.84,18.8,19.15,19.77,-0.62,-3.1361,11500,22250.41636,19.348188139130432
301355.SZ,20260608,10.35,10.84,10.2,10.37,10.78,-0.41,-3.8033,41093,43158.982,10.50275764728786
301356.SZ,20260608,22.03,23.25,21.45,22.44,22.45,-0.01,-0.0445,28905,65467.49162,22.649192741740187
301357.SZ,20260608,89.13,91.23,86.7,88.11,91.03,-2.92,-3.2077,13768,122029.42876,88.63264726902963
301358.SZ,20260608,71.55,72.94,67.37,68.65,72.32,-3.67,-5.0747,236892,1645402.7636,69.45792865947351
301359.SZ,20260608,19.96,20.17,18.8,19.05,20.16,-1.11,-5.506,18794,36653.44524,19.502737703522403
301360.SZ,20260608,77.53,80.17,74.61,75.75,80.09,-4.34,-5.4189,38205,293507.58055,76.82438962177726
301361.SZ,20260608,34.5,35.12,32.8,33.58,35.52,-1.94,-5.4617,25312,85846.61634,33.91538256163084
301362.SZ,20260608,170.85,198.62,170.85,185.92,194.85,-8.93,-4.583,44422,837871.37959,188.61631164513082
301363.SZ,20260608,25.53,27.12,24.81,25.1,26.08,-0.98,-3.7577,127065,328090.92301,25.820715618777793
301365.SZ,20260608,30.64,30.64,28.22,29.22,30.96,-1.74,-5.6202,38946,113158.42926,29.055212155291944
301366.SZ,20260608,45.0,46.66,44.26,45.05,48.41,-3.36,-6.9407,140034,635872.06849,45.408405707899504
301367.SZ,20260608,43.6,45.04,42.66,43.15,44.33,-1.18,-2.6619,11914,51866.59348,43.534156018129934
301368.SZ,20260608,46.4,49.68,46.33,49.48,48.63,0.85,1.7479,67308,329389.13638,48.93759083318476
301369.SZ,20260608,171.23,178.0,168.01,171.86,183.04,-11.18,-6.108,24680,428974.87822,173.81478047811996
301370.SZ,20260608,9.21,9.41,8.96,9.07,9.39,-0.32,-3.4079,41290,37823.4064,9.160427803342214
301371.SZ,20260608,27.5,28.0,26.43,26.76,27.77,-1.01,-3.637,26965,72856.93342,27.01907414055257
301372.SZ,20260608,35.35,35.63,33.3,33.75,35.35,-1.6,-4.5262,13155,45339.78487,34.465818981375904
301373.SZ,20260608,122.9,125.44,116.4,118.81,132.62,-13.81,-10.4132,75244,905191.90276,120.30087485513795
301376.SZ,20260608,17.18,17.51,16.46,16.67,17.53,-0.86,-4.9059,34712,58404.28976,16.825388845356073
301377.SZ,20260608,388.0,443.99,375.73,424.63,395.91,28.72,7.2542,65748,2715493.94362,413.01544436636857
301378.SZ,20260608,27.65,28.6,27.18,27.68,28.57,-0.89,-3.1152,23779,66232.10088,27.853190159384333
301379.SZ,20260608,23.41,25.75,23.41,24.18,25.57,-1.39,-5.4361,223433,550604.61869,24.642940778219867
301380.SZ,20260608,30.5,31.09,29.69,30.14,31.23,-1.09,-3.4902,17378,52731.05167,30.343567539417652
301381.SZ,20260608,17.0,17.39,16.53,16.94,17.41,-0.47,-2.6996,44759,75944.6734,16.96746428651221
301382.SZ,20260608,38.47,39.3,37.06,37.48,39.49,-2.01,-5.0899,101522,387094.76515,38.129150839226966
301383.SZ,20260608,28.52,28.52,26.66,27.23,28.81,-1.58,-5.4842,25454,69865.2622,27.447655456902645
301386.SZ,20260608,21.88,22.42,21.2,21.51,22.3,-0.79,-3.5426,19461,42436.19956,21.805765150814448
301387.SZ,20260608,93.0,101.28,90.18,97.92,97.06,0.86,0.886,51410,504060.45677,98.04716140245088
301388.SZ,20260608,26.89,27.41,26.09,26.38,27.55,-1.17,-4.2468,18170,48664.206,26.782722069345077
301389.SZ,20260608,75.03,81.44,74.66,77.78,81.9,-4.12,-5.0305,116852,909705.23136,77.85106214356622
301390.SZ,20260608,31.63,32.65,30.45,31.18,32.35,-1.17,-3.6167,11063,34780.458,31.43854108288891
301391.SZ,20260608,61.63,62.89,58.3,59.28,63.92,-4.64,-7.2591,19269,116526.7008,60.47366277440449
301392.SZ,20260608,158.62,165.0,154.55,157.56,168.2,-10.64,-6.3258,46054,734449.54486,159.4757338906501
301393.SZ,20260608,53.18,53.18,49.0,49.9,53.98,-4.08,-7.5584,22297,112997.65043,50.67840984437368
301395.SZ,20260608,11.6,11.77,10.94,11.2,11.75,-0.55,-4.6809,39018,44300.51303,11.353865659439233
301396.SZ,20260608,159.0,163.97,155.47,159.03,164.4,-5.37,-3.2664,88696,1419076.58751,159.99330155925858
301397.SZ,20260608,30.0,30.4,28.63,29.18,30.85,-1.67,-5.4133,36651,108384.39676,29.572016250579797
301398.SZ,20260608,39.37,39.57,37.65,38.5,39.68,-1.18,-2.9738,15491,59729.14888,38.55732288425537
301399.SZ,20260608,17.95,18.44,17.52,17.84,18.27,-0.43,-2.3536,25227,45298.33612,17.956291322789074
301408.SZ,20260608,15.5,16.18,15.41,15.63,16.27,-0.64,-3.9336,119375,188551.26068,15.794870004607331
301413.SZ,20260608,86.0,93.36,86.0,91.19,90.25,0.94,1.0416,70107,640732.49666,91.39351229691756
301418.SZ,20260608,44.79,49.35,44.77,45.58,47.45,-1.87,-3.941,103672,489191.78936,47.18649098695887
301419.SZ,20260608,43.89,44.74,40.0,41.03,47.08,-6.05,-12.8505,128652,548531.09376,42.63681044678668
301421.SZ,20260608,91.1,92.83,86.95,87.03,95.81,-8.78,-9.164,63738,571243.79966,89.62374088612759
301428.SZ,20260608,34.01,34.96,32.79,33.39,35.57,-2.18,-6.1288,68662,232981.79414,33.931693533541115
301429.SZ,20260608,19.55,19.68,18.31,18.71,19.55,-0.84,-4.2967,17985,34136.5644,18.980575145954962
301439.SZ,20260608,19.06,19.44,17.83,18.23,20.15,-1.92,-9.5285,277251,517408.53822,18.66209817890648
301446.SZ,20260608,44.59,44.96,41.91,42.13,46.26,-4.13,-8.9278,22928,98609.48874,43.00832551465457
301448.SZ,20260608,33.0,36.36,32.54,33.79,33.15,0.64,1.9306,21797,75374.7567,34.580335229618754
301449.SZ,20260608,43.02,43.49,40.8,42.23,43.94,-1.71,-3.8917,9729,41045.12006,42.18842641587008
301456.SZ,20260608,26.11,27.01,25.21,25.7,26.74,-1.04,-3.8893,19008,49763.502,26.180293560606064
301458.SZ,20260608,59.79,64.2,53.67,57.0,63.52,-6.52,-10.2645,293206,1714664.27983,58.4798496562144
301459.SZ,20260608,33.5,34.54,32.86,33.5,34.11,-0.61,-1.7883,12557,42192.248,33.60057975631122
301468.SZ,20260608,50.96,51.46,46.26,47.01,52.37,-5.36,-10.2349,128745,624915.28038,48.538994165210305
301469.SZ,20260608,31.0,31.66,29.81,30.08,31.83,-1.75,-5.498,12741,39237.452,30.79621065850404
301479.SZ,20260608,66.1,66.43,61.33,63.8,67.8,-4.0,-5.8997,40638,258724.7956,63.66573049854816
301486.SZ,20260608,212.0,223.8,209.0,212.26,225.68,-13.42,-5.9465,71433,1542744.9254,215.97089936023966
301487.SZ,20260608,22.97,23.32,21.8,22.17,23.44,-1.27,-5.4181,151273,340821.33997,22.530216229598143
301488.SZ,20260608,141.55,170.0,141.01,161.28,150.02,11.26,7.5057,59104,934468.93687,158.10587047746344
301489.SZ,20260608,144.88,148.88,132.66,137.0,152.21,-15.21,-9.9928,84149,1179031.5046,140.11236076483382
301491.SZ,20260608,42.0,42.57,40.82,41.2,42.87,-1.67,-3.8955,6627,27621.2416,41.679857552437
301498.SZ,20260608,41.5,42.92,40.88,41.29,41.9,-0.61,-1.4558,46838,195507.38498,41.74118984158162
301499.SZ,20260608,33.68,34.12,32.0,32.13,34.19,-2.06,-6.0252,38843,128538.5681,33.091823005432126
301500.SZ,20260608,24.76,25.05,23.49,23.83,25.68,-1.85,-7.204,118236,286816.15114,24.25793761121824
301501.SZ,20260608,27.8,28.31,26.96,27.22,28.5,-1.28,-4.4912,13455,37059.183,27.543056856187288
301502.SZ,20260608,79.67,82.0,75.0,79.7,81.68,-1.98,-2.4241,13822,110301.928,79.80171321082332
301503.SZ,20260608,30.27,31.14,29.23,29.68,31.3,-1.62,-5.1757,11471,34608.267,30.170226658530204
301505.SZ,20260608,18.96,19.62,18.53,18.91,19.48,-0.57,-2.9261,22996,43865.65949,19.075343316228906
301507.SZ,20260608,12.38,12.65,12.11,12.34,12.62,-0.28,-2.2187,26540,32835.83187,12.37220492464205
301508.SZ,20260608,25.0,25.42,24.31,24.9,25.43,-0.53,-2.0842,20287,50412.8458,24.849827870064573
301509.SZ,20260608,27.15,27.34,25.94,26.21,27.44,-1.23,-4.4825,20350,54114.40684,26.591846113022115
301510.SZ,20260608,34.0,35.2,33.43,34.13,35.0,-0.87,-2.4857,154244,530304.99515,34.38091563691294
301511.SZ,20260608,111.58,127.1,111.58,123.08,119.5,3.58,2.9958,343871,4177692.92828,121.4901206638536
301512.SZ,20260608,54.81,57.52,54.5,56.44,55.5,0.94,1.6937,25720,145294.52,56.49087091757387
301513.SZ,20260608,66.0,66.99,63.36,64.13,68.14,-4.01,-5.8849,18594,121133.09291,65.14633371517694
301515.SZ,20260608,20.06,20.98,20.06,20.45,20.55,-0.1,-0.4866,28181,57763.3888,20.497281430751215
301516.SZ,20260608,16.3,16.69,15.6,15.92,16.92,-1.0,-5.9102,59839,96579.14905,16.139833394608868
301517.SZ,20260608,53.29,55.94,52.35,52.85,55.65,-2.8,-5.0314,48535,262208.61985,54.02464610075204
301518.SZ,20260608,30.2,31.14,29.5,29.85,30.88,-1.03,-3.3355,17558,53128.79,30.25902152864791
301519.SZ,20260608,12.92,13.4,12.42,12.67,13.3,-0.63,-4.7368,48113,62073.559,12.901618897179556
301520.SZ,20260608,36.0,36.51,34.52,35.1,36.18,-1.08,-2.9851,5643,20064.12277,35.555773117136276
301522.SZ,20260608,26.85,27.15,25.6,25.94,27.53,-1.59,-5.7755,80505,211963.71837,26.32926133407863
301525.SZ,20260608,70.72,77.88,70.32,75.7,72.9,2.8,3.8409,31223,235666.851,75.47860583544181
301526.SZ,20260608,20.0,22.15,20.0,21.98,21.75,0.23,1.0575,1505727,3236023.06855,21.491432833109855
301528.SZ,20260608,85.89,93.44,85.0,90.11,91.75,-1.64,-1.7875,38823,350652.4417,90.32079996393891
301529.SZ,20260608,113.77,125.6,113.77,119.5,116.0,3.5,3.0172,45570,552698.63934,121.2856351415405
301531.SZ,20260608,75.58,80.53,72.3,72.81,80.2,-7.39,-9.2145,88737,678031.14533,76.40906784430396
301533.SZ,20260608,27.16,27.41,25.85,26.23,27.37,-1.14,-4.1651,11485,30564.963,26.61294122768829
301535.SZ,20260608,15.5,15.83,14.55,14.82,15.94,-1.12,-7.0263,56463,84892.591,15.035083328905653
301536.SZ,20260608,74.99,77.88,73.61,74.82,78.35,-3.53,-4.5054,64432,485434.52406,75.34059536565681
301538.SZ,20260608,87.03,89.81,84.12,84.97,90.9,-5.93,-6.5237,12441,108015.0517,86.8218404469094
301539.SZ,20260608,15.0,15.54,14.81,15.01,15.64,-0.63,-4.0281,17773,26996.03403,15.18935128003151
301548.SZ,20260608,77.25,77.25,71.92,73.03,79.18,-6.15,-7.7671,15630,116162.0401,74.31992328854767
301550.SZ,20260608,112.85,128.58,111.5,124.27,116.68,7.59,6.505,162284,2015815.68687,124.21530692304849
301551.SZ,20260608,23.01,23.17,21.96,22.25,23.39,-1.14,-4.8739,64695,145793.58159,22.5355254022722
301552.SZ,20260608,25.86,25.94,24.84,25.16,26.12,-0.96,-3.6753,11816,30037.96736,25.42143480027082
301555.SZ,20260608,37.01,39.2,36.44,37.02,38.65,-1.63,-4.2173,26056,97784.748,37.52868744243169
301556.SZ,20260608,65.91,68.38,65.08,65.5,67.59,-2.09,-3.0922,13891,92452.64271,66.5557862716867
301557.SZ,20260608,80.54,82.58,77.69,79.4,82.01,-2.61,-3.1825,9916,79280.9463,79.95254770068576
301558.SZ,20260608,6.68,6.86,6.54,6.67,6.81,-0.14,-2.0558,69026,46282.30982,6.705054591023672
301559.SZ,20260608,13.8,13.88,13.24,13.36,13.95,-0.59,-4.2294,32484,43802.01224,13.484180593522963
301560.SZ,20260608,30.89,30.89,29.1,29.5,31.2,-1.7,-5.4487,20309,60770.18406,29.922785001723376
301563.SZ,20260608,202.0,213.5,190.52,192.2,218.01,-25.81,-11.8389,54207,1085536.24768,200.25757700665966
301565.SZ,20260608,24.56,25.29,24.42,24.8,25.8,-1.0,-3.876,124010,308296.32251,24.860601766793003
301566.SZ,20260608,34.77,35.93,32.25,32.81,37.28,-4.47,-11.9903,416999,1415769.89987,33.95139796186562
301567.SZ,20260608,40.97,42.28,39.27,40.06,42.34,-2.28,-5.385,12905,52631.65309,40.78392335528865
301568.SZ,20260608,81.52,86.98,81.33,85.64,87.35,-1.71,-1.9576,63045,531985.41088,84.38185595685621
301571.SZ,20260608,56.75,57.5,53.26,53.95,57.9,-3.95,-6.8221,38145,210774.46894,55.25611979027396
301575.SZ,20260608,41.6,41.62,39.64,40.32,41.99,-1.67,-3.9771,6397,25966.83214,40.59220281381897
301577.SZ,20260608,98.86,103.0,94.02,97.04,104.89,-7.85,-7.484,37845,374034.20038,98.83318810410886
301578.SZ,20260608,23.02,23.81,22.39,22.75,23.83,-1.08,-4.5321,16548,38110.01178,23.02998052936911
301580.SZ,20260608,54.0,54.75,51.41,52.43,55.47,-3.04,-5.4804,31355,166790.00664,53.194070049433904
301581.SZ,20260608,46.89,47.91,45.29,45.63,49.06,-3.43,-6.9914,15996,74265.84116,46.4277576644161
301584.SZ,20260608,21.91,22.38,20.91,21.25,22.26,-1.01,-4.5373,26912,57854.74103,21.49774859913793
301585.SZ,20260608,25.8,26.17,24.72,24.99,26.44,-1.45,-5.4841,15064,38182.02882,25.346540639936272
301586.SZ,20260608,36.03,36.47,34.7,35.05,36.6,-1.55,-4.235,9396,33380.041,35.52579927628778
301587.SZ,20260608,24.01,24.74,23.3,23.93,25.0,-1.07,-4.28,42437,101635.88443,23.94982784598346
301588.SZ,20260608,34.02,35.99,33.0,34.08,35.0,-0.92,-2.6286,55475,192147.60319,34.6367919224876
301589.SZ,20260608,147.49,148.98,141.11,142.56,150.49,-7.93,-5.2695,9881,142918.12609,144.63933416658233
301590.SZ,20260608,165.0,169.88,162.02,163.66,169.35,-5.69,-3.3599,4782,78859.0088,164.90800669176076
301591.SZ,20260608,44.01,45.29,42.51,43.2,47.7,-4.5,-9.434,88750,389244.60384,43.8585469115493
301592.SZ,20260608,97.5,100.8,95.8,97.1,101.72,-4.62,-4.5419,7801,76478.22334,98.03643550826817
301595.SZ,20260608,42.38,43.6,41.01,41.58,43.6,-2.02,-4.633,11998,50641.99432,42.208696716119356
301596.SZ,20260608,77.9,81.44,77.43,79.8,80.75,-0.95,-1.1765,25890,207165.54767,80.01759276554654
301598.SZ,20260608,53.95,54.96,52.25,52.8,54.8,-2.0,-3.6496,6520,34865.31,53.4744018404908
301599.SZ,20260608,49.02,51.4,48.58,49.33,51.45,-2.12,-4.1205,59083,294193.3657,49.793234212886965
301600.SZ,20260608,96.5,97.9,92.0,93.88,99.3,-5.42,-5.4582,11899,113523.33998,95.40578198167914
301601.SZ,20260608,18.04,18.57,17.47,17.78,18.35,-0.57,-3.1063,21554,38872.21662,18.03480403637376
301602.SZ,20260608,15.4,15.64,14.84,15.04,15.7,-0.66,-4.2038,22842,34714.86152,15.197820471062078
301603.SZ,20260608,133.16,143.04,132.84,137.37,138.65,-1.28,-0.9232,36290,504472.9448,139.01155822540645
301606.SZ,20260608,64.01,64.88,61.61,62.52,65.38,-2.86,-4.3744,33171,209492.21994,63.15523196165326
301607.SZ,20260608,40.85,42.83,40.3,41.13,42.56,-1.43,-3.36,108136,449413.71394,41.56004604756973
301608.SZ,20260608,53.35,53.5,49.53,50.1,54.0,-3.9,-7.2222,25060,128515.1839,51.2829943735036
301609.SZ,20260608,45.07,45.47,40.5,42.56,46.58,-4.02,-8.6303,33998,149510.01299,43.97612006294487
301611.SZ,20260608,105.86,109.5,101.5,102.0,108.01,-6.01,-5.5643,152617,1594507.12818,104.4776878185261
301613.SZ,20260608,40.6,41.0,39.71,39.92,41.5,-1.58,-3.8072,10293,41513.33386,40.33161746818226
301616.SZ,20260608,38.0,38.42,36.9,37.15,38.36,-1.21,-3.1543,8369,31615.984,37.777493129406146
301617.SZ,20260608,51.0,52.78,49.0,50.1,52.3,-2.2,-4.2065,28149,143345.56619,50.92385739813138
301618.SZ,20260608,39.8,41.5,39.11,39.68,40.92,-1.24,-3.0303,25269,101650.50011,40.227353717994376
301622.SZ,20260608,54.8,55.8,53.18,54.29,55.84,-1.55,-2.7758,22953,125201.804,54.547032631899974
301626.SZ,20260608,307.88,311.99,290.95,295.01,315.02,-20.01,-6.352,23639,710522.56351,300.57217458860356
301628.SZ,20260608,106.47,112.0,105.23,106.9,115.56,-8.66,-7.4939,35625,385035.89249,108.08025052350877
301629.SZ,20260608,335.0,359.07,334.48,336.7,352.65,-15.95,-4.5229,12440,428546.17223,344.4904921463023
301630.SZ,20260608,233.82,240.4,226.88,230.56,239.01,-8.45,-3.5354,11016,256274.88848,232.638787654321
301631.SZ,20260608,79.31,82.21,76.39,77.18,81.6,-4.42,-5.4167,25941,203799.68877,78.56277274199145
301632.SZ,20260608,17.0,17.43,16.46,16.67,17.29,-0.62,-3.5859,32322,54630.13655,16.90184287791597
301633.SZ,20260608,50.58,51.68,49.28,50.37,51.27,-0.9,-1.7554,4706,23779.302,50.52975350616235
301636.SZ,20260608,48.0,48.84,45.89,46.66,49.33,-2.67,-5.4125,14824,70270.00234,47.40286180518079
301638.SZ,20260608,24.78,25.15,24.0,24.39,25.42,-1.03,-4.0519,190901,469554.74763,24.596767310281248
301656.SZ,20260608,17.34,17.63,16.89,17.05,17.74,-0.69,-3.8895,67835,116908.16467,17.234195425665217
301658.SZ,20260608,31.14,31.93,29.88,30.49,32.1,-1.61,-5.0156,52204,160791.62309,30.800632727377213
301662.SZ,20260608,90.5,94.96,86.7,88.04,95.2,-7.16,-7.521,22835,204779.58589,89.67794433544996
301665.SZ,20260608,22.24,22.59,21.87,22.13,22.64,-0.51,-2.2527,22133,49137.49052,22.201007780237653
301666.SZ,20260608,745.0,809.0,730.0,780.01,807.0,-26.99,-3.3445,48029,3680243.60771,766.254472862229
301667.SZ,20260608,80.51,82.87,79.18,81.0,83.73,-2.73,-3.2605,21131,170918.76254,80.88531661539918
301668.SZ,20260608,36.17,37.13,35.22,35.59,36.65,-1.06,-2.8922,13483,48751.89966,36.158050626715124
301678.SZ,20260608,51.18,52.33,50.68,50.85,53.15,-2.3,-4.3274,19518,100279.97288,51.37820108617686
301680.SZ,20260608,123.7,126.0,119.0,120.51,130.03,-9.52,-7.3214,25406,311194.45858,122.48856907029834
301682.SZ,20260608,165.06,173.0,162.8,164.28,175.2,-10.92,-6.2329,48361,808387.5789,167.1569196046401
301683.SZ,20260608,135.01,136.65,131.31,132.4,139.85,-7.45,-5.3271,21278,285367.09307,134.11368223987216
301687.SZ,20260608,51.26,51.96,49.88,50.16,52.97,-2.81,-5.3049,16719,85101.005,50.90077456785693
301696.SZ,20260608,122.83,137.96,121.85,137.8,131.12,6.68,5.0946,82779,1094270.76117,132.19183140289206
302132.SZ,20260608,57.51,58.9,56.58,57.03,58.31,-1.28,-2.1952,65500,377644.94046,57.65571610076336
600000.SH,20260608,9.3,9.43,9.23,9.37,9.34,0.03,0.3212,808870,756784.893,9.356075673470398
600004.SH,20260608,8.01,8.09,7.97,8.03,8.09,-0.06,-0.7417,74296,59548.607,8.015048858619577
600006.SH,20260608,5.95,6.06,5.81,5.89,5.97,-0.08,-1.34,166929,98746.293,5.915466635515698
600007.SH,20260608,21.15,22.28,21.08,22.25,21.28,0.97,4.5583,46447,101393.679,21.8299737335027
600008.SH,20260608,3.11,3.12,3.05,3.07,3.14,-0.07,-2.2293,1111605,342834.16,3.0841365413073882
600009.SH,20260608,23.42,23.63,22.92,23.01,23.64,-0.63,-2.665,143917,333476.322,23.171433673575738
600010.SH,20260608,2.38,2.42,2.33,2.33,2.42,-0.09,-3.719,5929680,1403532.279,2.3669612508600806
600011.SH,20260608,8.15,8.72,8.14,8.41,8.39,0.02,0.2384,2661209,2258837.207,8.488011302381738
600012.SH,20260608,16.09,16.2,15.89,16.17,15.88,0.29,1.8262,58571,94125.578,16.070338221986987
600015.SH,20260608,6.79,6.87,6.76,6.79,6.83,-0.04,-0.5857,620610,422555.12,6.808706272860573
600016.SH,20260608,3.56,3.59,3.53,3.55,3.57,-0.02,-0.5602,2231609,794473.59,3.5600931435569585
600017.SH,20260608,2.78,2.79,2.7,2.73,2.8,-0.07,-2.5,349233,95669.549,2.739418926619191
600018.SH,20260608,5.01,5.02,4.89,4.93,5.04,-0.11,-2.1825,849033,419470.856,4.940571874120323
600019.SH,20260608,5.7,5.7,5.59,5.62,5.74,-0.12,-2.0906,1070237,603253.091,5.636630867742378
600020.SH,20260608,4.01,4.05,3.89,3.94,4.01,-0.07,-1.7456,185243,73073.416,3.9447329183828805
600021.SH,20260608,18.72,19.27,17.69,17.71,19.4,-1.69,-8.7113,1074482,1977113.197,18.40061719972973
600022.SH,20260608,1.31,1.33,1.29,1.31,1.32,-0.01,-0.7576,886983,115994.144,1.307738073897696
600023.SH,20260608,5.83,6.02,5.81,5.95,5.99,-0.04,-0.6678,591261,350397.374,5.926272390703936
600025.SH,20260608,9.71,9.76,9.55,9.67,9.73,-0.06,-0.6166,373998,360826.688,9.647823999058819
600026.SH,20260608,17.51,17.75,16.72,16.75,17.59,-0.84,-4.7754,612500,1046906.019,17.092343167346936
600027.SH,20260608,5.1,5.25,5.05,5.14,5.2,-0.06,-1.1538,1561556,805060.827,5.155504042122089
600028.SH,20260608,4.88,4.94,4.84,4.9,4.89,0.01,0.2045,3176164,1553551.34,4.8912818733541465
600029.SH,20260608,5.1,5.11,4.98,5.04,5.22,-0.18,-3.4483,1527399,770068.822,5.04170044631429
600030.SH,20260608,25.41,25.83,25.35,25.43,25.67,-0.24,-0.9349,1784321,4557027.285,25.539279563486616
600031.SH,20260608,19.0,19.99,19.0,19.51,18.65,0.86,4.6113,2301728,4495822.886,19.532381263120577
600032.SH,20260608,9.9,10.23,9.33,9.48,10.29,-0.81,-7.8717,569420,554962.212,9.746096238277547
600033.SH,20260608,3.52,3.53,3.45,3.47,3.54,-0.07,-1.9774,314404,109504.738,3.4829308151295786
600035.SH,20260608,3.8,3.81,3.73,3.76,3.83,-0.07,-1.8277,147540,55604.282,3.7687597939541817
600036.SH,20260608,38.4,38.76,38.36,38.5,38.58,-0.08,-0.2074,769478,2965291.902,38.53640912410751
600037.SH,20260608,6.69,6.83,6.56,6.66,6.84,-0.18,-2.6316,171469,114431.899,6.673620246225266
600038.SH,20260608,26.7,27.28,26.46,26.83,26.96,-0.13,-0.4822,77833,209065.937,26.86083499286935
600039.SH,20260608,8.34,8.52,8.2,8.45,8.4,0.05,0.5952,215222,180915.665,8.406002406817146
600048.SH,20260608,5.3,5.35,5.26,5.27,5.36,-0.09,-1.6791,1130696,599078.673,5.298317788335679
600050.SH,20260608,4.3,4.38,4.28,4.31,4.34,-0.03,-0.6912,1960667,845307.507,4.311326232348481
600051.SH,20260608,6.44,6.61,6.36,6.45,6.55,-0.1,-1.5267,56535,36710.116,6.49334323870169
600052.SH,20260608,3.84,4.02,3.77,3.86,3.9,-0.04,-1.0256,184860,71807.466,3.8844242129178843
600053.SH,20260608,8.59,9.04,8.51,8.65,8.74,-0.09,-1.0297,53715,47337.815,8.812773899283254
600054.SH,20260608,10.75,10.92,10.62,10.69,10.88,-0.19,-1.7463,50501,54237.065,10.7398002019762
600055.SH,20260608,12.19,12.34,11.81,12.02,12.31,-0.29,-2.3558,76015,91573.121,12.04671722686312
600056.SH,20260608,9.42,9.57,9.3,9.38,9.51,-0.13,-1.367,118081,111104.321,9.409161592466189
600057.SH,20260608,5.94,6.0,5.8,5.87,5.98,-0.11,-1.8395,173313,101916.233,5.880472497735311
600058.SH,20260608,9.52,9.65,9.15,9.3,9.73,-0.43,-4.4193,142973,134480.627,9.406015611339205
600059.SH,20260608,8.0,8.07,7.85,7.93,8.03,-0.1,-1.2453,94114,74880.692,7.9563818347960975
600060.SH,20260608,24.98,26.34,24.89,25.8,25.45,0.35,1.3752,183163,473287.11,25.83966794603714
600061.SH,20260608,6.27,6.33,6.18,6.2,6.33,-0.13,-2.0537,362825,226043.822,6.230106029077378
600062.SH,20260608,16.8,16.95,16.58,16.71,16.87,-0.16,-0.9484,41252,69065.78,16.742407640841655
600063.SH,20260608,7.8,8.15,7.63,7.7,8.22,-0.52,-6.326,2144816,1682406.6,7.844060283026609
600064.SH,20260608,7.23,7.27,7.1,7.19,7.32,-0.13,-1.776,191408,137555.241,7.186493824709521
600066.SH,20260608,30.54,31.32,29.98,30.47,30.57,-0.1,-0.3271,210089,643916.177,30.64968546663557
600067.SH,20260608,2.96,3.03,2.85,2.9,3.01,-0.11,-3.6545,276493,81069.876,2.9320769784406844
600071.SH,20260608,17.48,17.97,16.95,17.12,18.18,-1.06,-5.8306,49405,85915.691,17.390080153830585
600072.SH,20260608,10.2,10.44,9.78,9.92,10.35,-0.43,-4.1546,295616,297219.633,10.054247165241392
600073.SH,20260608,5.06,5.15,4.96,4.99,5.11,-0.12,-2.3483,91374,46010.381,5.035390920830871
600075.SH,20260608,4.89,5.02,4.79,4.84,4.91,-0.07,-1.4257,249442,121900.788,4.886939168223475
600076.SH,20260608,3.53,3.69,3.44,3.52,3.59,-0.07,-1.9499,308334,109389.803,3.547769723741138
600078.SH,20260608,14.5,14.8,12.9,13.35,13.94,-0.59,-4.2324,707129,979781.16,13.855762668480576
600079.SH,20260608,17.32,17.5,17.19,17.29,17.42,-0.13,-0.7463,99952,173061.656,17.314476548743396
600080.SH,20260608,5.27,5.37,5.18,5.25,5.4,-0.15,-2.7778,47430,25032.568,5.27779211469534
600081.SH,20260608,10.32,10.88,10.28,10.51,10.59,-0.08,-0.7554,46538,49095.413,10.549532210236796
600082.SH,20260608,3.15,3.18,3.04,3.14,3.2,-0.06,-1.875,123000,38166.526,3.102969593495935
600084.SH,20260608,4.65,4.74,4.64,4.73,4.74,-0.01,-0.211,21991,10308.746,4.6877113364558225
600085.SH,20260608,25.03,25.29,24.43,24.51,25.03,-0.52,-2.0775,71826,177591.045,24.72517542394119
600088.SH,20260608,14.06,14.93,13.9,14.04,14.24,-0.2,-1.4045,130903,187681.1,14.337417782632942
600089.SH,20260608,25.18,25.33,23.67,23.94,25.71,-1.77,-6.8845,1746610,4274471.836,24.47296097010781
600094.SH,20260608,4.08,4.14,3.92,4.0,4.12,-0.12,-2.9126,192634,77409.043,4.018451727109441
600095.SH,20260608,7.72,7.86,7.54,7.62,7.83,-0.21,-2.682,230171,177289.483,7.702511741270621
600096.SH,20260608,29.17,29.67,28.75,28.93,29.77,-0.84,-2.8216,337769,984549.254,29.148597236572922
600097.SH,20260608,8.77,8.96,8.56,8.68,8.94,-0.26,-2.9083,40964,35868.402,8.756078996191778
600098.SH,20260608,7.53,7.64,7.24,7.27,7.71,-0.44,-5.7069,487487,360910.54,7.403490554619918
600099.SH,20260608,9.3,9.56,9.18,9.36,9.52,-0.16,-1.6807,49638,46507.36,9.36930577380233
600100.SH,20260608,7.44,7.5,7.16,7.27,7.59,-0.32,-4.2161,465199,340240.609,7.313872321307655
600101.SH,20260608,9.63,10.35,9.51,9.73,9.95,-0.22,-2.2111,408158,405865.571,9.943834764968468
600103.SH,20260608,3.68,3.85,3.57,3.66,3.85,-0.19,-4.9351,1605345,595216.274,3.7077156249902665
600104.SH,20260608,11.67,11.77,11.41,11.47,11.77,-0.3,-2.5489,518510,598220.065,11.537290794777341
600105.SH,20260608,51.99,56.8,51.87,53.0,55.42,-2.42,-4.3667,1612508,8686478.466,53.869366638801175
600106.SH,20260608,5.17,5.25,4.98,5.01,5.25,-0.24,-4.5714,191909,97812.721,5.096828236299497
600107.SH,20260608,6.23,6.54,6.2,6.51,6.38,0.13,2.0376,27019,17159.166,6.350777600947481
600108.SH,20260608,3.3,3.47,3.26,3.29,3.38,-0.09,-2.6627,731231,245107.252,3.3519811386552267
600109.SH,20260608,7.85,7.92,7.61,7.69,7.9,-0.21,-2.6582,465671,360294.045,7.737094321956918
600110.SH,20260608,10.7,11.27,10.52,10.74,11.29,-0.55,-4.8716,1333557,1443431.573,10.823921084738036
600111.SH,20260608,47.95,48.85,46.57,46.98,49.66,-2.68,-5.3967,1004641,4781059.129,47.58972736529765
600113.SH,20260608,36.29,36.88,35.0,35.35,36.58,-1.23,-3.3625,50838,181388.418,35.679691962705064
600114.SH,20260608,38.0,41.86,38.0,39.93,40.39,-0.46,-1.1389,589838,2378431.363,40.323467850494545
600115.SH,20260608,3.84,3.84,3.71,3.75,3.96,-0.21,-5.303,3011559,1137300.395,3.776450652303342
600116.SH,20260608,6.69,6.77,6.5,6.52,6.76,-0.24,-3.5503,440652,290900.717,6.601597564518032
600117.SH,20260608,2.31,2.36,2.24,2.28,2.34,-0.06,-2.5641,179291,41133.852,2.2942507989804284
600118.SH,20260608,82.0,86.66,81.0,82.2,84.95,-2.75,-3.2372,566485,4736257.518,83.60781870658535
600119.SH,20260608,5.2,5.3,5.08,5.08,5.35,-0.27,-5.0467,43472,22400.878,5.152943963930806
600120.SH,20260608,4.65,4.72,4.52,4.6,4.71,-0.11,-2.3355,312599,143952.183,4.605010988518837
600121.SH,20260608,5.21,5.6,5.11,5.25,5.22,0.03,0.5747,2126436,1128740.082,5.308130985367065
600123.SH,20260608,7.3,7.41,7.15,7.19,7.35,-0.16,-2.1769,416625,301756.468,7.242879519951995
600125.SH,20260608,5.56,5.63,5.47,5.54,5.6,-0.06,-1.0714,139797,77324.108,5.531170769043684
600126.SH,20260608,7.01,7.18,6.78,6.84,7.24,-0.4,-5.5249,666949,464104.369,6.958618560039823
600127.SH,20260608,6.0,6.07,5.89,5.93,6.05,-0.12,-1.9835,106854,63827.84,5.973369270219178
600128.SH,20260608,8.88,9.08,8.54,8.7,9.02,-0.32,-3.5477,41632,36531.89,8.774954362029208
600129.SH,20260608,13.6,13.76,13.25,13.39,13.76,-0.37,-2.689,71269,95906.332,13.456949304746804
600130.SH,20260608,4.7,4.9,4.66,4.72,4.78,-0.06,-1.2552,396589,189293.849,4.773048395189982
600131.SH,20260608,16.0,16.17,15.2,15.4,16.16,-0.76,-4.703,143377,224453.57,15.654782147764285
600132.SH,20260608,50.6,51.6,49.73,50.09,50.61,-0.52,-1.0275,42039,211448.822,50.29825209924118
600133.SH,20260608,8.05,8.51,8.01,8.23,8.06,0.17,2.1092,320987,265811.613,8.281070977952378
600135.SH,20260608,8.78,9.12,8.43,8.57,9.11,-0.54,-5.9276,132498,115399.484,8.709526483418617
600136.SH,20260608,1.58,1.59,1.53,1.53,1.6,-0.07,-4.375,160508,24995.044,1.5572459939691479
600137.SH,20260608,19.22,19.93,18.6,19.09,19.72,-0.63,-3.1947,21839,42010.276,19.236355144466323
600138.SH,20260608,7.51,7.65,7.43,7.55,7.65,-0.1,-1.3072,76706,57716.428,7.524369410476365
600141.SH,20260608,28.55,28.9,27.18,27.26,29.28,-2.02,-6.8989,333107,929303.867,27.89805879191971
600143.SH,20260608,16.36,16.89,16.24,16.32,16.89,-0.57,-3.3748,562736,931954.914,16.561139042108554
600148.SH,20260608,16.15,16.96,16.15,16.39,16.7,-0.31,-1.8563,23942,39783.777,16.616730849553086
600149.SH,20260608,5.27,5.42,5.1,5.2,5.37,-0.17,-3.1657,132734,69659.264,5.248034716048639
600150.SH,20260608,35.23,36.18,34.6,34.83,35.95,-1.12,-3.1154,851667,3004311.695,35.27566167293085
600151.SH,20260608,12.03,12.69,11.98,12.09,12.47,-0.38,-3.0473,359911,441009.849,12.253302872098935
600152.SH,20260608,11.0,11.48,10.74,10.94,11.53,-0.59,-5.1171,317492,351873.412,11.082906403940886
600153.SH,20260608,9.4,9.51,9.28,9.4,9.51,-0.11,-1.1567,201763,189185.687,9.376629362172451
600155.SH,20260608,5.45,5.52,5.33,5.4,5.51,-0.11,-1.9964,239611,129940.097,5.42296042335285
600156.SH,20260608,9.07,9.55,9.0,9.22,9.56,-0.34,-3.5565,196321,182017.809,9.271438562354511
600157.SH,20260608,1.77,1.79,1.72,1.73,1.8,-0.07,-3.8889,9098923,1592981.006,1.7507357804874268
600158.SH,20260608,9.15,10.18,9.15,9.47,9.36,0.11,1.1752,1009833,971743.03,9.62280921696954
600159.SH,20260608,2.65,2.75,2.6,2.67,2.72,-0.05,-1.8382,224159,60056.977,2.679213281643833
600160.SH,20260608,38.0,40.94,37.6,38.15,39.27,-1.12,-2.852,986846,3860291.059,39.11746168095123
600161.SH,20260608,12.83,12.95,12.64,12.69,12.97,-0.28,-2.1588,85992,109648.415,12.75100183738022
600162.SH,20260608,3.44,3.7,3.2,3.7,3.44,0.26,7.5581,4326917,1482671.578,3.426623570546881
600163.SH,20260608,6.28,6.5,5.94,6.01,6.54,-0.53,-8.104,674456,417459.269,6.189570097975256
600165.SH,20260608,2.85,2.87,2.75,2.78,2.89,-0.11,-3.8062,66737,18705.853,2.8029208684837497
600166.SH,20260608,2.96,3.04,2.93,2.98,3.02,-0.04,-1.3245,1584250,472728.606,2.9839268171058864
600167.SH,20260608,6.25,6.32,5.97,6.05,6.4,-0.35,-5.4688,202453,124031.466,6.126432604110583
600168.SH,20260608,4.52,4.6,4.4,4.44,4.59,-0.15,-3.268,67141,30109.039,4.484448995397745
600169.SH,20260608,2.25,2.28,2.23,2.25,2.29,-0.04,-1.7467,146718,33040.983,2.252006093321883
600170.SH,20260608,2.47,2.47,2.41,2.44,2.49,-0.05,-2.008,1099307,268695.831,2.444229237146675
600171.SH,20260608,26.5,26.9,26.01,26.28,27.49,-1.21,-4.4016,180269,476846.657,26.45194997475994
600172.SH,20260608,12.35,13.17,12.35,12.56,13.43,-0.87,-6.478,1670937,2126078.366,12.723869098595577
600173.SH,20260608,6.75,7.0,6.68,6.77,6.93,-0.16,-2.3088,97739,66641.607,6.818322982637433
600176.SH,20260608,34.13,36.66,34.13,35.56,36.96,-1.4,-3.7879,1146994,4085229.396,35.616833183085525
600177.SH,20260608,7.28,7.33,7.22,7.26,7.33,-0.07,-0.955,205588,149269.603,7.260618469949608
600178.SH,20260608,8.81,8.96,8.58,8.7,8.92,-0.22,-2.4664,37707,33029.83,8.759601665473255
600179.SH,20260608,4.54,4.65,4.41,4.46,4.59,-0.13,-2.8322,604228,272806.839,4.514965195257419
600180.SH,20260608,1.47,1.5,1.47,1.47,1.55,-0.08,-5.1613,447048,65850.454,1.473006343837798
600182.SH,20260608,13.62,13.73,13.27,13.47,13.78,-0.31,-2.2496,18221,24595.978,13.498698205367432
600183.SH,20260608,126.0,140.36,126.0,134.06,137.36,-3.3,-2.4024,757561,10152251.582,134.0123314426165
600184.SH,20260608,24.49,27.06,24.3,25.38,26.6,-1.22,-4.5865,393020,1005995.346,25.59654333112819
600185.SH,20260608,5.1,5.28,5.0,5.05,5.19,-0.14,-2.6975,238307,122054.816,5.121746990226892
600186.SH,20260608,9.68,10.7,9.62,10.49,10.13,0.36,3.5538,3325287,3394111.026,10.206971686955143
600187.SH,20260608,1.6,1.69,1.58,1.69,1.61,0.08,4.9689,780888,130623.567,1.6727567461659034
600188.SH,20260608,24.36,26.13,24.16,25.2,25.05,0.15,0.5988,759971,1908303.609,25.110216166143182
600189.SH,20260608,7.64,7.98,7.51,7.69,7.7,-0.01,-0.1299,145696,112817.024,7.743316494618933
600191.SH,20260608,10.49,10.84,10.48,10.55,10.86,-0.31,-2.8545,50818,53921.229,10.610655476405997
600192.SH,20260608,7.0,7.23,6.83,6.99,7.17,-0.18,-2.5105,70405,49370.624,7.012374689297635
600193.SH,20260608,1.09,1.09,0.15,0.19,2.17,-1.98,-91.2442,987964,19376.557,0.19612614427246336
600195.SH,20260608,6.5,6.63,6.46,6.5,6.58,-0.08,-1.2158,53067,34702.862,6.539442968323064
600196.SH,20260608,21.81,22.17,21.45,21.65,22.02,-0.37,-1.6803,161094,350677.031,21.768472506735197
600197.SH,20260608,11.18,11.32,11.01,11.05,11.25,-0.2,-1.7778,54385,60518.622,11.127815022524594
600198.SH,20260608,8.61,8.94,8.36,8.49,8.97,-0.48,-5.3512,537774,463853.777,8.625440742765548
600199.SH,20260608,7.37,7.45,7.03,7.07,7.35,-0.28,-3.8095,147608,106630.272,7.223881632431847
600201.SH,20260608,11.2,11.99,11.06,11.85,11.29,0.56,4.9601,392414,459888.542,11.71947336231633
600202.SH,20260608,5.16,5.36,5.01,5.16,5.32,-0.16,-3.0075,100941,52370.592,5.188237881534757
600203.SH,20260608,12.31,12.88,11.91,12.11,12.91,-0.8,-6.1967,363458,447795.73,12.320425743827348
600206.SH,20260608,27.76,29.19,27.49,27.75,29.22,-1.47,-5.0308,541519,1530470.854,28.26255134168884
600207.SH,20260608,6.92,7.15,6.64,6.68,7.19,-0.51,-7.0932,646334,445824.847,6.897747093607949
600208.SH,20260608,2.78,2.86,2.72,2.76,2.85,-0.09,-3.1579,1436894,400041.68,2.784072311527503
600210.SH,20260608,6.5,6.53,6.35,6.4,6.54,-0.14,-2.1407,170691,109657.249,6.424313467025209
600211.SH,20260608,37.5,37.99,35.93,36.38,37.62,-1.24,-3.2961,37997,139459.858,36.7028602258073
600212.SH,20260608,6.01,6.17,5.95,6.02,6.13,-0.11,-1.7945,94981,57506.32,6.0545077436539945
600215.SH,20260608,6.44,6.8,6.43,6.69,6.64,0.05,0.753,138089,91996.062,6.662084742448711
600216.SH,20260608,12.18,12.26,11.8,11.92,12.17,-0.25,-2.0542,109124,131060.776,12.010261354055935
600217.SH,20260608,3.35,3.38,3.25,3.27,3.38,-0.11,-3.2544,149411,49408.743,3.306901299101137
600218.SH,20260608,8.25,8.43,8.04,8.15,8.35,-0.2,-2.3952,62158,51265.963,8.247685414588629
600219.SH,20260608,4.68,4.73,4.55,4.59,4.89,-0.3,-6.135,2310594,1072478.44,4.641570262884781
600221.SH,20260608,1.47,1.48,1.43,1.44,1.49,-0.05,-3.3557,4371118,634092.994,1.450642590751382
600222.SH,20260608,8.51,8.57,8.01,8.12,8.7,-0.58,-6.6667,370924,305592.301,8.238676952691117
600223.SH,20260608,5.78,5.83,5.55,5.64,5.78,-0.14,-2.4221,78098,44277.279,5.669451074291275
600226.SH,20260608,6.6,6.93,6.6,6.75,6.94,-0.19,-2.7378,1681160,1139413.776,6.77754512360513
600227.SH,20260608,2.92,3.15,2.88,2.97,2.94,0.03,1.0204,1151918,346332.838,3.0065754506831217
600229.SH,20260608,5.46,5.61,5.33,5.46,5.51,-0.05,-0.9074,68417,37391.659,5.465258488387389
600230.SH,20260608,14.5,14.77,13.94,14.1,14.81,-0.71,-4.7941,113497,162198.971,14.291035974519149
600231.SH,20260608,1.95,1.97,1.89,1.9,1.97,-0.07,-3.5533,116421,22410.025,1.9249126016783915
600232.SH,20260608,7.12,7.39,6.95,7.16,7.38,-0.22,-2.981,62986,44913.694,7.130742387197156
600233.SH,20260608,17.05,17.3,16.8,17.02,17.28,-0.26,-1.5046,168677,286696.484,16.996773952583933
600234.SH,20260608,21.95,25.08,21.92,24.81,23.72,1.09,4.5953,51079,123853.798,24.247498580630005
600235.SH,20260608,5.7,5.9,5.59,5.71,5.84,-0.13,-2.226,66666,38361.452,5.754275342753427
600236.SH,20260608,10.33,10.85,10.26,10.58,10.77,-0.19,-1.7642,180272,191131.536,10.602397266353066
600237.SH,20260608,11.31,11.9,11.06,11.2,12.07,-0.87,-7.208,815551,931075.082,11.416515729856258
600238.SH,20260608,5.04,5.2,5.01,5.05,5.13,-0.08,-1.5595,33876,17225.583,5.084892844491675
600239.SH,20260608,1.48,1.49,1.44,1.45,1.52,-0.07,-4.6053,282689,41520.91,1.4687840701265351
600241.SH,20260608,7.6,7.7,7.3,7.43,7.68,-0.25,-3.2552,50764,37791.521,7.444551453786148
600243.SH,20260608,3.97,4.19,3.95,4.18,3.99,0.19,4.7619,162068,66799.602,4.121702125033936
600246.SH,20260608,16.05,17.61,16.05,16.45,17.39,-0.94,-5.4054,1661082,2787595.684,16.781806581493267
600248.SH,20260608,3.12,3.13,3.05,3.07,3.14,-0.07,-2.2293,164724,50926.167,3.0916057769359657
600249.SH,20260608,5.15,5.28,5.07,5.12,5.28,-0.16,-3.0303,83011,42872.742,5.164706123284866
600250.SH,20260608,9.0,9.23,8.83,8.97,9.15,-0.18,-1.9672,80482,72540.38,9.013242712656247
600251.SH,20260608,9.7,9.78,9.35,9.57,9.9,-0.33,-3.3333,92783,89077.117,9.600585990968172
600252.SH,20260608,2.24,2.26,2.18,2.2,2.26,-0.06,-2.6549,396630,87873.031,2.215491289110758
600255.SH,20260608,4.35,4.83,4.3,4.61,4.49,0.12,2.6726,4965904,2276126.826,4.583509520119599
600256.SH,20260608,6.69,6.9,6.51,6.55,6.74,-0.19,-2.819,1524971,1017380.384,6.671473647695595
600257.SH,20260608,5.19,5.32,5.06,5.18,5.26,-0.08,-1.5209,137415,71386.512,5.194957755703527
600258.SH,20260608,12.98,13.15,12.53,12.62,13.06,-0.44,-3.3691,167203,213172.123,12.74930013217466
600259.SH,20260608,90.0,93.92,86.77,87.75,93.92,-6.17,-6.5694,144916,1303615.32,89.95661762676309
600261.SH,20260608,3.4,3.45,3.31,3.36,3.42,-0.06,-1.7544,173110,58604.488,3.385390098781122
600262.SH,20260608,21.8,22.03,21.1,21.41,22.08,-0.67,-3.0344,32701,70609.332,21.592407571633892
600265.SH,20260608,25.09,26.9,25.09,25.86,26.41,-0.55,-2.0825,67129,172140.243,25.64320085209075
600266.SH,20260608,4.51,4.61,4.42,4.46,4.61,-0.15,-3.2538,378118,170382.174,4.506058267524953
600267.SH,20260608,9.8,9.99,9.45,9.55,9.75,-0.2,-2.0513,189091,183316.774,9.694632425657488
600268.SH,20260608,12.25,12.44,11.84,12.05,12.57,-0.52,-4.1368,190569,231019.357,12.122609501020627
600269.SH,20260608,4.3,4.35,4.23,4.28,4.33,-0.05,-1.1547,132259,56518.834,4.273345027559562
600271.SH,20260608,7.2,7.29,7.08,7.11,7.3,-0.19,-2.6027,170665,122213.144,7.160996337854861
600272.SH,20260608,10.95,11.35,10.87,11.01,11.12,-0.11,-0.9892,27681,30816.716,11.132804450706262
600273.SH,20260608,7.16,7.26,6.97,7.02,7.23,-0.21,-2.9046,175022,123640.491,7.064282833015278
600276.SH,20260608,46.6,47.72,45.55,45.94,47.08,-1.14,-2.4214,684211,3166674.106,46.28212796929603
600278.SH,20260608,6.32,6.43,6.17,6.25,6.43,-0.18,-2.7994,45132,28367.798,6.285517592838784
600279.SH,20260608,5.84,6.0,5.39,5.57,5.83,-0.26,-4.4597,435186,247000.953,5.675755952627153
600280.SH,20260608,3.38,3.74,3.38,3.74,3.4,0.34,10.0,1309820,475900.338,3.6333262433006057
600281.SH,20260608,4.9,5.04,4.74,4.8,5.0,-0.2,-4.0,109824,53722.279,4.89167021780303
600282.SH,20260608,4.92,4.95,4.8,4.86,4.96,-0.1,-2.0161,367076,178412.627,4.860372974533885
600283.SH,20260608,8.39,8.45,8.3,8.42,8.45,-0.03,-0.355,28737,24050.023,8.369009639141177
600284.SH,20260608,5.8,5.81,5.39,5.46,5.71,-0.25,-4.3783,169328,94051.393,5.554391063498063
600285.SH,20260608,21.76,21.85,21.37,21.59,21.76,-0.17,-0.7813,58928,127057.6,21.56149877816997
600287.SH,20260608,4.95,5.06,4.81,4.89,5.03,-0.14,-2.7833,39515,19465.466,4.9260954068075415
600288.SH,20260608,13.04,13.65,12.78,12.88,13.51,-0.63,-4.6632,124666,163324.742,13.100985192434184
600289.SH,20260608,6.0,6.02,5.82,5.93,6.02,-0.09,-1.495,30398,18028.384,5.930779656556352
600292.SH,20260608,13.52,13.72,13.0,13.14,13.68,-0.54,-3.9474,174277,231341.514,13.274357144086713
600293.SH,20260608,3.88,4.36,3.82,4.13,3.96,0.17,4.2929,3506662,1440299.063,4.107322185599867
600295.SH,20260608,13.32,13.32,12.79,12.99,13.31,-0.32,-2.4042,83494,108702.587,13.01920940426857
600298.SH,20260608,34.91,35.18,33.91,34.65,34.6,0.05,0.1445,94614,326901.101,34.55102849472594
600299.SH,20260608,10.31,10.66,10.03,10.18,10.46,-0.28,-2.6769,148298,153057.798,10.320961712228083
600300.SH,20260608,3.13,3.16,3.06,3.08,3.16,-0.08,-2.5316,205046,63710.81,3.107147176731075
600301.SH,20260608,55.0,58.63,54.12,55.28,60.05,-4.77,-7.9434,170698,953429.088,55.85473104547212
600302.SH,20260608,9.55,10.19,9.53,9.88,9.97,-0.09,-0.9027,74639,73624.673,9.864102278969439
600303.SH,20260608,3.29,3.58,3.29,3.42,3.47,-0.05,-1.4409,897251,310032.665,3.455361598928282
600305.SH,20260608,6.9,7.0,6.83,6.9,6.94,-0.04,-0.5764,65024,44887.004,6.90314406988189
600307.SH,20260608,1.58,1.6,1.55,1.56,1.6,-0.04,-2.5,542255,85202.1,1.571255221251994
600308.SH,20260608,3.44,3.44,3.34,3.37,3.44,-0.07,-2.0349,60987,20653.619,3.38656090642268
600309.SH,20260608,71.43,72.3,69.28,69.75,72.46,-2.71,-3.74,365739,2575197.714,70.41080426205573
600310.SH,20260608,5.31,5.65,5.19,5.23,5.66,-0.43,-7.5972,1492955,800448.978,5.361507734660456
600312.SH,20260608,18.88,19.26,18.18,18.48,19.25,-0.77,-4.0,219635,409885.226,18.662108771370683
600313.SH,20260608,6.03,6.18,5.95,5.99,6.15,-0.16,-2.6016,299752,180572.653,6.0240683298193165
600315.SH,20260608,18.0,18.34,17.76,18.09,17.95,0.14,0.7799,60442,109425.971,18.104293537606303
600316.SH,20260608,28.2,28.48,27.02,27.45,28.24,-0.79,-2.7975,105556,292633.45,27.723052218727503
600318.SH,20260608,6.44,6.62,6.27,6.37,6.56,-0.19,-2.8963,127354,81860.254,6.427772508126953
600319.SH,20260608,7.1,7.37,6.94,7.07,7.32,-0.25,-3.4153,49061,34993.747,7.132701534823996
600320.SH,20260608,4.5,4.6,4.37,4.44,4.56,-0.12,-2.6316,500697,223664.059,4.467054106575434
600322.SH,20260608,2.6,2.71,2.54,2.62,2.63,-0.01,-0.3802,343527,90459.61,2.6332605588498135
600323.SH,20260608,29.73,30.23,29.6,30.13,29.91,0.22,0.7355,67467,202230.229,29.974688217943587
600325.SH,20260608,2.69,2.77,2.58,2.62,2.73,-0.11,-4.0293,695983,184324.773,2.648409127809156
600326.SH,20260608,7.46,7.56,7.17,7.3,7.57,-0.27,-3.5667,244132,179208.262,7.3406297412875
600327.SH,20260608,3.57,3.69,3.52,3.55,3.64,-0.09,-2.4725,124376,44679.426,3.5922867755837142
600328.SH,20260608,6.7,6.75,6.43,6.51,6.73,-0.22,-3.2689,238589,157135.145,6.586018005859449
600329.SH,20260608,38.83,39.35,38.28,38.5,39.2,-0.7,-1.7857,31899,123454.138,38.70156995517101
600330.SH,20260608,27.93,28.49,26.49,26.78,29.42,-2.64,-8.9735,1362992,3739958.361,27.439327310798596
600331.SH,20260608,13.02,13.45,12.69,12.85,13.91,-1.06,-7.6204,659999,860733.168,13.041431396108173
600332.SH,20260608,21.31,21.43,20.97,21.16,21.48,-0.32,-1.4898,84593,179122.786,21.17465818684761
600333.SH,20260608,5.61,5.7,5.52,5.6,5.64,-0.04,-0.7092,154723,86803.624,5.610259883792326
600335.SH,20260608,5.29,5.46,5.23,5.31,5.43,-0.12,-2.2099,102755,54760.237,5.329204126319888
600336.SH,20260608,7.58,7.59,6.97,7.15,7.7,-0.55,-7.1429,188553,136723.743,7.251210163720545
600337.SH,20260608,3.24,3.28,3.16,3.18,3.24,-0.06,-1.8519,220690,70828.353,3.209404730617609
600338.SH,20260608,16.69,17.26,15.71,16.09,17.0,-0.91,-5.3529,536205,875516.143,16.328011544092277
600339.SH,20260608,3.42,3.53,3.4,3.46,3.48,-0.02,-0.5747,740985,257120.822,3.469986868830003
600340.SH,20260608,1.22,1.3,1.2,1.29,1.24,0.05,4.0323,1139660,144053.251,1.2640019918221224
600343.SH,20260608,25.0,27.55,24.89,26.2,25.86,0.34,1.3148,478421,1260259.158,26.342053505176402
600345.SH,20260608,51.99,56.67,50.39,53.5,55.99,-2.49,-4.4472,165426,886160.364,53.56838489717457
600346.SH,20260608,16.79,17.35,16.53,16.6,16.96,-0.36,-2.1226,430179,724937.059,16.851986242936082
600348.SH,20260608,9.6,9.86,9.54,9.61,9.77,-0.16,-1.6377,505161,489120.259,9.682462798988837
600350.SH,20260608,11.1,11.31,11.02,11.26,11.26,0.0,0.0,69968,78417.585,11.207635633432426
600351.SH,20260608,6.17,6.23,6.0,6.09,6.22,-0.13,-2.09,128937,78801.913,6.111660190635737
600352.SH,20260608,10.8,10.93,10.5,10.55,10.93,-0.38,-3.4767,359131,383087.406,10.667065945295729
600353.SH,20260608,25.0,26.15,23.76,24.55,26.3,-1.75,-6.654,682987,1697673.287,24.85659737301003
600354.SH,20260608,5.31,5.47,5.22,5.32,5.42,-0.1,-1.845,133548,71548.159,5.3574863719411745
600356.SH,20260608,8.65,8.92,8.51,8.64,8.8,-0.16,-1.8182,56613,49318.241,8.711469273841697
600358.SH,20260608,5.8,5.88,5.69,5.73,5.92,-0.19,-3.2095,66278,38312.958,5.7806448595310655
600359.SH,20260608,6.5,6.61,6.26,6.36,6.54,-0.18,-2.7523,77696,49971.958,6.431728531713344
600360.SH,20260608,12.14,12.43,11.68,11.77,12.98,-1.21,-9.322,853489,1026467.645,12.02672377734218
600361.SH,20260608,4.19,4.23,3.95,4.03,4.29,-0.26,-6.0606,1095280,446899.415,4.080229849901395
600362.SH,20260608,41.95,42.67,40.41,40.87,44.36,-3.49,-7.8674,699964,2892673.74,41.326035910418256
600363.SH,20260608,34.87,36.42,34.03,34.51,36.28,-1.77,-4.8787,170738,599500.751,35.11232127587298
600365.SH,20260608,2.6,2.68,2.58,2.61,2.68,-0.07,-2.6119,44351,11606.767,2.6170248697887306
600366.SH,20260608,12.46,13.25,12.41,12.81,12.73,0.08,0.6284,464538,600458.001,12.925917815119538
600367.SH,20260608,48.75,53.99,48.75,52.83,49.5,3.33,6.7273,632199,3284697.686,51.95670486666383
600368.SH,20260608,3.91,3.92,3.82,3.85,3.94,-0.09,-2.2843,197143,76261.054,3.8683115302090365
600369.SH,20260608,3.89,3.92,3.81,3.85,3.92,-0.07,-1.7857,380654,147036.158,3.862724626563756
600370.SH,20260608,1.32,1.38,1.31,1.32,1.37,-0.05,-3.6496,554752,73856.29,1.3313388685394554
600371.SH,20260608,7.1,7.4,7.06,7.15,7.34,-0.19,-2.5886,42927,30869.927,7.191261210892911
600372.SH,20260608,11.01,11.12,10.75,10.84,11.17,-0.33,-2.9543,376974,412045.911,10.9303535787614
600373.SH,20260608,7.47,7.62,7.41,7.6,7.52,0.08,1.0638,115045,86752.198,7.540718675300969
600375.SH,20260608,4.11,4.19,3.99,4.05,4.17,-0.12,-2.8777,224856,91862.33,4.085384868538087
600376.SH,20260608,3.75,3.82,3.65,3.65,3.89,-0.24,-6.1697,738248,275732.054,3.734951588084221
600377.SH,20260608,12.55,12.68,12.5,12.63,12.68,-0.05,-0.3943,75498,94991.57,12.58199819862778
600378.SH,20260608,45.5,51.26,45.5,50.22,46.6,3.62,7.7682,1020374,5106742.601,50.0477530885734
600379.SH,20260608,12.28,12.72,11.9,12.09,12.69,-0.6,-4.7281,155974,191183.687,12.257407452524138
600380.SH,20260608,9.8,9.91,9.56,9.65,9.91,-0.26,-2.6236,138373,134161.59,9.695647994912303
600381.SH,20260608,5.3,5.42,5.22,5.26,5.41,-0.15,-2.7726,44906,23962.182,5.336075802788046
600382.SH,20260608,9.61,9.66,8.71,8.71,9.68,-0.97,-10.0207,675717,614036.177,9.087179647692748
600383.SH,20260608,2.58,2.62,2.52,2.54,2.63,-0.09,-3.4221,558151,143343.385,2.5681828931597366
600386.SH,20260608,3.58,3.66,3.45,3.54,3.63,-0.09,-2.4793,100310,35620.394,3.551031203269863
600388.SH,20260608,16.6,17.05,16.22,16.4,16.77,-0.37,-2.2063,153640,254505.024,16.56502369174694
600389.SH,20260608,24.15,24.2,22.83,23.2,24.3,-1.1,-4.5267,81782,190949.911,23.348647746447874
600390.SH,20260608,4.62,4.64,4.48,4.52,4.67,-0.15,-3.212,355236,161978.209,4.559735190127126
600391.SH,20260608,32.31,33.46,30.78,31.23,33.79,-2.56,-7.5762,120983,385472.659,31.861720985593017
600392.SH,20260608,23.01,23.68,22.23,22.38,23.8,-1.42,-5.9664,612240,1401192.42,22.886325950607606
600395.SH,20260608,6.03,6.19,5.89,6.01,6.11,-0.1,-1.6367,512048,308191.013,6.018791460956785
600396.SH,20260608,19.46,20.88,18.4,19.3,20.01,-0.71,-3.5482,2491526,4976322.852,19.97299186121277
600397.SH,20260608,13.02,14.18,13.02,13.5,13.62,-0.12,-0.8811,441104,601518.325,13.636655414596104
600398.SH,20260608,5.78,5.78,5.68,5.75,5.77,-0.02,-0.3466,205783,117957.122,5.732112079229092
600399.SH,20260608,4.53,4.57,4.3,4.37,4.59,-0.22,-4.793,485545,214608.244,4.419945504536139
600400.SH,20260608,2.7,2.79,2.62,2.67,2.8,-0.13,-4.6429,421581,114125.518,2.7070840004649166
600403.SH,20260608,8.23,8.95,8.23,8.95,8.14,0.81,9.9509,2156383,1887387.332,8.75256080204676
600405.SH,20260608,4.5,4.61,4.41,4.49,4.57,-0.08,-1.7505,91000,41046.502,4.510604615384615
600406.SH,20260608,23.03,23.33,22.66,22.86,23.45,-0.59,-2.516,747123,1716826.577,22.97916911940872
600408.SH,20260608,3.41,3.74,3.37,3.41,3.59,-0.18,-5.0139,1929299,674077.628,3.4938992245369955
600409.SH,20260608,6.29,6.57,6.17,6.23,6.38,-0.15,-2.3511,332616,211660.557,6.3635109856411
600410.SH,20260608,17.3,17.82,16.89,17.11,17.9,-0.79,-4.4134,538487,932215.336,17.311751927158873
600415.SH,20260608,11.48,11.7,11.12,11.17,11.81,-0.64,-5.4191,765698,869428.647,11.354720098524485
600416.SH,20260608,10.09,10.57,10.02,10.12,10.71,-0.59,-5.5089,279649,286374.683,10.240504453797438
600418.SH,20260608,32.0,35.12,32.0,33.57,33.1,0.47,1.4199,1120155,3824508.599,34.14267310327589
600419.SH,20260608,8.1,8.32,7.96,8.09,8.3,-0.21,-2.5301,53730,43648.946,8.12375693281221
600420.SH,20260608,8.97,9.03,8.83,8.9,8.96,-0.06,-0.6696,45859,40828.953,8.903149436315664
600421.SH,20260608,0.34,0.35,0.32,0.33,0.36,-0.03,-8.3333,129204,4317.389,0.3341528900034055
600422.SH,20260608,8.66,8.78,8.4,8.5,8.68,-0.18,-2.0737,81431,69573.054,8.543804447937518
600423.SH,20260608,2.6,2.7,2.53,2.54,2.66,-0.12,-4.5113,97529,25339.103,2.59810958791744
600425.SH,20260608,3.61,3.66,3.53,3.57,3.65,-0.08,-2.1918,204944,73643.29,3.59333720430947
600426.SH,20260608,27.26,27.76,26.8,26.96,27.55,-0.59,-2.1416,371423,1009078.058,27.167893695328505
600428.SH,20260608,7.85,8.0,7.41,7.48,7.92,-0.44,-5.5556,414949,315335.979,7.599391226391678
600429.SH,20260608,4.49,4.57,4.34,4.39,4.56,-0.17,-3.7281,148592,65958.684,4.4389121890815115
600433.SH,20260608,3.62,3.77,3.54,3.58,3.74,-0.16,-4.2781,472598,171689.357,3.6328836981959296
600435.SH,20260608,11.65,11.93,11.31,11.46,11.85,-0.39,-3.2911,205290,237936.716,11.590273077110428
600436.SH,20260608,122.88,124.25,118.88,119.12,121.49,-2.37,-1.9508,36941,447467.199,121.13023442787147
600438.SH,20260608,13.31,13.48,12.81,12.89,13.6,-0.71,-5.2206,537674,705685.855,13.124790393435426
600439.SH,20260608,2.64,2.73,2.54,2.57,2.64,-0.07,-2.6515,822065,216554.853,2.634278956043622
600444.SH,20260608,14.55,14.86,14.14,14.41,14.76,-0.35,-2.3713,24666,35856.174,14.536679639990268
600446.SH,20260608,12.2,12.52,12.01,12.04,12.47,-0.43,-3.4483,188006,229876.148,12.22706445538972
600448.SH,20260608,3.01,3.1,2.93,2.98,3.07,-0.09,-2.9316,252574,76260.538,3.0193344524772936
600449.SH,20260608,12.62,13.02,12.42,12.95,12.86,0.09,0.6998,90250,114744.84,12.714109695290858
600452.SH,20260608,11.3,11.63,10.91,10.93,11.64,-0.71,-6.0997,475463,533102.555,11.212282659218488
600455.SH,20260608,24.45,25.75,24.3,25.09,25.3,-0.21,-0.83,24540,61423.66,25.0300162999185
600456.SH,20260608,30.45,30.7,29.39,29.58,31.19,-1.61,-5.1619,86095,258457.37,30.020020907137464
600458.SH,20260608,13.57,14.88,13.46,14.3,14.14,0.16,1.1315,649609,931411.663,14.338035079563245
600459.SH,20260608,23.88,25.18,22.96,23.85,24.75,-0.9,-3.6364,632879,1515397.33,23.94450329367857
600460.SH,20260608,31.95,33.28,31.82,32.13,33.95,-1.82,-5.3608,752281,2444091.973,32.48908284271436
600461.SH,20260608,9.7,9.7,9.44,9.48,9.64,-0.16,-1.6598,114795,109334.959,9.52436595670543
600463.SH,20260608,9.16,9.6,9.07,9.22,9.34,-0.12,-1.2848,48252,44914.202,9.308257067064577
600467.SH,20260608,2.25,2.29,2.19,2.21,2.28,-0.07,-3.0702,321055,71773.896,2.2355638753484603
600468.SH,20260608,6.12,6.27,5.95,6.02,6.27,-0.25,-3.9872,206997,126086.424,6.091219872751779
600469.SH,20260608,5.8,5.84,5.55,5.65,5.88,-0.23,-3.9116,59711,33949.236,5.685591599537773
600470.SH,20260608,5.41,5.58,5.21,5.28,5.49,-0.21,-3.8251,195097,105055.55,5.3847855169479795
600475.SH,20260608,15.01,16.15,14.91,15.24,15.18,0.06,0.3953,134728,209562.695,15.554502033727214
600476.SH,20260608,10.9,11.25,10.58,10.84,11.08,-0.24,-2.1661,26468,28823.771,10.89004495995164
600477.SH,20260608,2.65,2.69,2.56,2.6,2.68,-0.08,-2.9851,368879,96716.814,2.621911629558744
600478.SH,20260608,5.54,5.71,5.38,5.47,5.68,-0.21,-3.6972,269689,149319.551,5.536731234866829
600479.SH,20260608,9.99,10.09,9.93,9.98,10.07,-0.09,-0.8937,37044,37042.75,9.999662563438074
600480.SH,20260608,10.2,10.52,9.99,10.12,10.51,-0.39,-3.7108,241838,247890.233,10.250259802016226
600481.SH,20260608,4.79,4.99,4.71,4.8,4.99,-0.19,-3.8076,823554,398692.021,4.841115713116565
600482.SH,20260608,36.65,37.8,35.38,35.5,37.59,-2.09,-5.56,440583,1604179.087,36.41037187090741
600483.SH,20260608,11.23,11.82,11.23,11.81,11.58,0.23,1.9862,396652,460876.791,11.61917224670492
600486.SH,20260608,58.1,58.9,56.55,56.8,58.92,-2.12,-3.5981,51559,296674.944,57.540864640508936
600487.SH,20260608,92.55,102.33,92.55,95.47,96.12,-0.65,-0.6762,2442059,23688740.828,97.00314704927278
600488.SH,20260608,5.0,5.69,5.0,5.69,5.17,0.52,10.058,943193,522355.012,5.538156156799298
600489.SH,20260608,20.8,21.38,20.55,20.77,22.2,-1.43,-6.4414,863570,1807007.524,20.924852924487883
600490.SH,20260608,6.74,6.82,6.43,6.54,7.05,-0.51,-7.234,563382,374866.68,6.6538632757170095
600491.SH,20260608,1.37,1.4,1.32,1.33,1.39,-0.06,-4.3165,363117,49136.986,1.3531998226466952
600493.SH,20260608,6.2,6.4,6.02,6.13,6.32,-0.19,-3.0063,52452,32586.976,6.21272325173492
600495.SH,20260608,3.93,3.96,3.8,3.83,3.97,-0.14,-3.5264,125750,48679.733,3.8711517296222664
600496.SH,20260608,4.1,4.11,3.94,3.99,4.14,-0.15,-3.6232,329523,132433.569,4.018947660709571
600497.SH,20260608,8.48,8.66,8.11,8.24,8.94,-0.7,-7.83,1788215,1500104.787,8.38883907695663
600498.SH,20260608,53.7,58.08,52.18,54.5,56.48,-1.98,-3.5057,1605290,8812871.639,54.89893812955914
600499.SH,20260608,14.71,15.15,14.36,14.65,15.16,-0.51,-3.3641,215871,317640.782,14.714379513691046
600500.SH,20260608,5.48,5.54,5.27,5.41,5.7,-0.29,-5.0877,886789,478872.694,5.400074809227449
600501.SH,20260608,17.88,18.59,17.5,17.85,18.3,-0.45,-2.459,90989,163738.967,17.995468353317435
600502.SH,20260608,4.93,4.98,4.81,4.86,4.98,-0.12,-2.4096,297161,144892.904,4.875905788444649
600503.SH,20260608,2.7,2.9,2.64,2.78,2.77,0.01,0.361,917337,256226.42,2.7931547511983057
600505.SH,20260608,13.2,14.92,13.11,14.92,13.56,1.36,10.0295,333903,489576.873,14.662248407471631
600506.SH,20260608,16.82,17.12,16.23,16.45,17.18,-0.73,-4.2491,64435,107222.347,16.64038907426088
600507.SH,20260608,4.54,4.57,4.28,4.38,4.54,-0.16,-3.5242,361139,158737.841,4.395477669263081
600508.SH,20260608,13.94,14.21,13.56,13.7,14.1,-0.4,-2.8369,143915,198446.025,13.789113365528262
600509.SH,20260608,8.39,8.63,8.11,8.16,8.67,-0.51,-5.8824,495028,411933.103,8.321410162657465
600510.SH,20260608,7.82,8.2,7.82,7.93,8.09,-0.16,-1.9778,127055,101673.798,8.002345283538624
600511.SH,20260608,26.41,26.84,26.18,26.69,26.68,0.01,0.0375,51765,137115.641,26.488098328986766
600512.SH,20260608,2.14,2.17,2.08,2.11,2.17,-0.06,-2.765,284462,60295.357,2.119627823751503
600513.SH,20260608,16.33,16.85,16.08,16.37,16.68,-0.31,-1.8585,86825,143004.684,16.47045021595163
600515.SH,20260608,3.04,3.1,2.97,2.99,3.08,-0.09,-2.9221,995450,300845.908,3.022210136119343
600516.SH,20260608,5.79,6.33,5.71,6.1,5.83,0.27,4.6312,3284675,1948165.667,5.931075881175458
600517.SH,20260608,5.02,5.02,4.84,4.88,5.08,-0.2,-3.937,351229,173287.756,4.9337542173339894
600518.SH,20260608,1.5,1.5,1.44,1.45,1.51,-0.06,-3.9735,2429463,356232.97,1.466303335346124
600519.SH,20260608,1272.0,1278.0,1260.0,1262.98,1272.86,-9.88,-0.7762,30828,3898027.116,1264.443725184897
600520.SH,20260608,28.52,29.88,27.8,28.18,29.68,-1.5,-5.0539,88532,254408.303,28.73631037365021
600521.SH,20260608,14.8,15.19,14.73,14.88,15.0,-0.12,-0.8,105902,158185.203,14.936941984098507
600522.SH,20260608,44.0,50.68,44.0,49.53,46.07,3.46,7.5103,5131565,25205130.127,49.1178229779804
600523.SH,20260608,11.48,11.68,11.1,11.29,11.65,-0.36,-3.0901,41656,47416.164,11.382793355098904
600525.SH,20260608,5.0,5.17,4.9,5.03,5.02,0.01,0.1992,121697,61264.471,5.03418087545297
600526.SH,20260608,4.55,4.63,4.44,4.52,4.58,-0.06,-1.31,89024,40391.565,4.53715458752696
600527.SH,20260608,2.36,2.44,2.31,2.34,2.41,-0.07,-2.9046,665345,157800.799,2.3717139078222575
600528.SH,20260608,7.16,7.22,7.03,7.07,7.25,-0.18,-2.4828,137711,97908.652,7.1097190493134175
600529.SH,20260608,19.25,19.34,18.85,19.07,19.7,-0.63,-3.198,170358,324681.453,19.058773465290738
600530.SH,20260608,6.28,6.53,6.12,6.22,6.45,-0.23,-3.5659,151674,95610.866,6.30370834816778
600531.SH,20260608,11.7,12.06,11.45,11.69,12.5,-0.81,-6.48,429438,506398.084,11.792111643589994
600533.SH,20260608,2.21,2.3,2.15,2.19,2.25,-0.06,-2.6667,224560,49743.434,2.215151140007125
600535.SH,20260608,14.28,14.38,13.87,13.99,14.19,-0.2,-1.4094,90053,126624.851,14.061147435399153
600536.SH,20260608,35.8,36.5,35.33,35.56,36.5,-0.94,-2.5753,110967,397275.843,35.80126010435535
600537.SH,20260608,2.59,2.65,2.55,2.55,2.68,-0.13,-4.8507,411754,106151.868,2.578040966207978
600538.SH,20260608,6.1,6.17,5.73,6.01,6.21,-0.2,-3.2206,185826,110648.808,5.954430919247038
600539.SH,20260608,13.39,15.4,13.39,15.4,14.0,1.4,10.0,140081,208263.454,14.867359170765486
600540.SH,20260608,4.61,4.93,4.48,4.52,4.69,-0.17,-3.6247,399302,185692.095,4.650417353281476
600543.SH,20260608,4.36,4.47,4.29,4.37,4.48,-0.11,-2.4554,25899,11342.462,4.379498050117765
600545.SH,20260608,6.25,6.74,6.17,6.25,6.83,-0.58,-8.4919,1476819,947971.647,6.419010366199243
600546.SH,20260608,14.1,14.28,13.41,13.63,14.11,-0.48,-3.4018,463029,634400.098,13.701087793637114
600547.SH,20260608,26.85,27.25,26.14,26.46,28.05,-1.59,-5.6684,629309,1684005.989,26.759604407373804
600548.SH,20260608,8.9,8.9,8.62,8.66,8.77,-0.11,-1.2543,33853,29422.711,8.69131568841757
600549.SH,20260608,58.9,63.12,57.0,59.37,61.73,-2.36,-3.8231,834086,4979920.586,59.70512136638188
600550.SH,20260608,12.3,12.79,12.16,12.19,12.83,-0.64,-4.9883,338558,419901.832,12.402655734024894
600551.SH,20260608,7.18,7.28,7.1,7.23,7.27,-0.04,-0.5502,32778,23522.202,7.176216364634817
600552.SH,20260608,21.11,23.88,21.11,22.05,21.71,0.34,1.5661,2125548,4764924.849,22.417394709505505
600556.SH,20260608,4.96,5.15,4.9,4.98,5.08,-0.1,-1.9685,445933,223667.417,5.015717989025257
600557.SH,20260608,12.25,12.48,11.9,12.02,12.32,-0.3,-2.4351,53118,64255.046,12.096661395383864
600558.SH,20260608,5.57,5.62,5.36,5.43,5.64,-0.21,-3.7234,186105,102133.673,5.487959646436151
600559.SH,20260608,12.2,12.42,11.98,12.03,12.24,-0.21,-1.7157,118284,143558.081,12.13672863616381
600560.SH,20260608,12.5,13.72,12.38,12.97,12.81,0.16,1.249,70011,92090.827,13.153765408292983
600561.SH,20260608,5.74,5.93,5.59,5.65,5.88,-0.23,-3.9116,64820,37250.642,5.746782165998149
600562.SH,20260608,21.76,22.33,21.27,21.49,22.15,-0.66,-2.9797,76392,166269.296,21.765275945125143
600563.SH,20260608,159.0,165.8,154.2,156.32,169.36,-13.04,-7.6996,117447,1876292.489,159.75652754008192
600566.SH,20260608,27.5,28.2,26.81,27.58,27.99,-0.41,-1.4648,53525,146169.367,27.308615973844
600567.SH,20260608,1.33,1.35,1.31,1.31,1.35,-0.04,-2.963,559176,74016.063,1.3236630863985577
600568.SH,20260608,2.72,2.72,2.62,2.62,2.74,-0.12,-4.3796,148230,39372.227,2.6561577953180864
600569.SH,20260608,1.88,1.9,1.84,1.85,1.9,-0.05,-2.6316,156057,29124.885,1.8662978911551549
600570.SH,20260608,22.68,23.15,21.99,22.26,23.15,-0.89,-3.8445,309366,696810.591,22.523825856752197
600571.SH,20260608,11.05,11.3,10.79,10.97,11.27,-0.3,-2.6619,81162,89417.678,11.017185135901038
600572.SH,20260608,4.14,4.17,4.08,4.11,4.16,-0.05,-1.2019,299226,123252.046,4.119028627191487
600573.SH,20260608,12.5,13.15,12.4,12.51,12.59,-0.08,-0.6354,243321,310928.794,12.778543323428721
600575.SH,20260608,4.02,4.12,3.93,3.95,4.08,-0.13,-3.1863,929592,371127.026,3.992364671813011
600576.SH,20260608,5.68,5.83,5.55,5.59,5.78,-0.19,-3.2872,136829,77359.626,5.6537448932609315
600577.SH,20260608,11.68,12.0,11.37,11.49,12.12,-0.63,-5.198,701757,819257.424,11.674374804953851
600578.SH,20260608,8.16,9.13,8.03,8.82,8.46,0.36,4.2553,3178546,2787723.073,8.770434887524043
600579.SH,20260608,6.49,6.6,6.37,6.52,6.61,-0.09,-1.3616,50151,32629.247,6.506200673964627
600580.SH,20260608,38.68,40.25,38.38,39.03,40.0,-0.97,-2.425,594672,2351229.621,39.5382600996852
600581.SH,20260608,2.72,2.72,2.72,2.72,2.59,0.13,5.0193,79309,21572.048,2.7199999999999998
600582.SH,20260608,5.42,5.57,5.4,5.56,5.45,0.11,2.0183,290108,158723.159,5.4711748383360685
600583.SH,20260608,5.67,5.75,5.63,5.71,5.69,0.02,0.3515,418974,238901.675,5.702064447913235
600584.SH,20260608,70.92,73.0,69.7,70.3,75.65,-5.35,-7.072,1681298,11980759.199,71.25898680067424
600585.SH,20260608,19.15,19.31,18.95,19.09,19.35,-0.26,-1.3437,271821,519026.302,19.09441514820415
600586.SH,20260608,5.16,5.26,4.91,4.96,5.24,-0.28,-5.3435,703662,354573.329,5.038972248039542
600587.SH,20260608,12.89,13.14,12.74,12.87,12.97,-0.1,-0.771,51903,66691.466,12.849250717684912
600588.SH,20260608,10.4,10.81,10.3,10.58,10.71,-0.13,-1.2138,519621,551481.985,10.613158147957837
600589.SH,20260608,10.15,10.42,9.8,9.98,10.57,-0.59,-5.5818,1160764,1168647.825,10.067919275580566
600590.SH,20260608,12.62,12.93,12.15,12.36,13.19,-0.83,-6.2926,345961,434228.579,12.551373680848421
600592.SH,20260608,19.9,20.68,19.88,20.33,20.71,-0.38,-1.8349,109926,222517.183,20.24245246802394
600593.SH,20260608,36.13,37.38,35.57,35.96,37.1,-1.14,-3.0728,51092,185521.417,36.311245791904796
600594.SH,20260608,3.4,3.48,3.3,3.35,3.45,-0.1,-2.8986,182661,61825.837,3.384731113921417
600595.SH,20260608,6.7,6.7,6.36,6.5,6.95,-0.45,-6.4748,991172,648043.548,6.538154306215268
600596.SH,20260608,13.6,14.01,13.3,13.58,14.41,-0.83,-5.7599,701173,959399.141,13.682773595104203
600597.SH,20260608,6.82,6.93,6.69,6.75,6.88,-0.13,-1.8895,75453,51096.955,6.772024306521941
600598.SH,20260608,14.22,14.4,14.01,14.13,14.33,-0.2,-1.3957,179529,254692.162,14.186686384929455
600599.SH,20260608,0.49,0.49,0.46,0.47,0.5,-0.03,-6.0,65329,3119.173,0.4774561067825927
600600.SH,20260608,59.6,60.75,59.4,60.14,59.7,0.44,0.737,73734,442926.894,60.07091626657987
600601.SH,20260608,11.68,12.49,11.52,12.05,12.42,-0.37,-2.9791,2109326,2536232.764,12.02390130307027
600602.SH,20260608,17.3,17.79,16.92,17.12,17.97,-0.85,-4.7301,282539,488989.741,17.306982080349968
600603.SH,20260608,4.86,4.95,4.75,4.78,4.95,-0.17,-3.4343,147213,71052.789,4.826529518452855
600604.SH,20260608,4.13,4.23,4.08,4.14,4.24,-0.1,-2.3585,103915,43106.852,4.148280036568349
600605.SH,20260608,29.26,29.5,28.55,29.1,29.92,-0.82,-2.7406,32972,95685.166,29.020127987383233
600606.SH,20260608,1.38,1.43,1.36,1.39,1.41,-0.02,-1.4184,1486100,207373.757,1.3954226297019043
600608.SH,20260608,0.2,0.4,0.17,0.2,2.07,-1.87,-90.3382,791127,16503.333,0.20860535666207825
600609.SH,20260608,3.52,3.56,3.41,3.46,3.57,-0.11,-3.0812,181059,62984.068,3.4786488382240046
600610.SH,20260608,7.31,7.56,7.25,7.36,7.51,-0.15,-1.9973,156090,115257.593,7.384047216349542
600611.SH,20260608,4.16,4.25,4.04,4.07,4.29,-0.22,-5.1282,581671,240201.658,4.1295106340181995
600612.SH,20260608,35.4,35.99,34.6,34.87,35.66,-0.79,-2.2154,16469,57841.429,35.12139717044143
600613.SH,20260608,5.0,5.06,4.86,4.93,5.04,-0.11,-2.1825,66168,32846.092,4.964044855519284
600615.SH,20260608,9.89,9.97,9.3,9.47,10.0,-0.53,-5.3,37959,36557.977,9.630911509786875
600616.SH,20260608,4.34,4.4,4.24,4.27,4.41,-0.14,-3.1746,72707,31369.699,4.314536289490696
600617.SH,20260608,3.4,3.45,3.18,3.24,3.48,-0.24,-6.8966,570970,188696.766,3.304845543548698
600618.SH,20260608,10.1,10.26,9.78,9.86,10.27,-0.41,-3.9922,94447,94212.683,9.975190636018084
600619.SH,20260608,14.36,14.77,14.05,14.17,14.96,-0.79,-5.2807,184572,265411.278,14.379823483518626
600620.SH,20260608,4.53,4.7,4.45,4.55,4.71,-0.16,-3.397,69224,31643.061,4.57111131977349
600621.SH,20260608,12.38,12.59,12.08,12.2,12.48,-0.28,-2.2436,94324,115920.716,12.289631058903353
600622.SH,20260608,2.45,2.54,2.41,2.45,2.51,-0.06,-2.3904,379493,93987.861,2.476669161223
600623.SH,20260608,8.33,8.49,8.16,8.25,8.45,-0.2,-2.3669,147908,122915.848,8.310290721259161
600624.SH,20260608,3.9,4.02,3.85,3.9,4.02,-0.12,-2.9851,43405,17044.957,3.9269570325999306
600626.SH,20260608,3.5,3.54,3.4,3.44,3.54,-0.1,-2.8249,130363,45292.735,3.474355070073564
600628.SH,20260608,6.2,6.31,6.1,6.15,6.26,-0.11,-1.7572,66894,41528.394,6.208089514754686
600629.SH,20260608,15.75,16.28,15.47,15.84,16.06,-0.22,-1.3699,149365,237503.968,15.900911726308038
600630.SH,20260608,8.4,8.66,8.34,8.45,8.4,0.05,0.5952,362732,308773.662,8.512446158596429
600633.SH,20260608,11.4,11.62,11.13,11.27,11.76,-0.49,-4.1667,203790,231209.112,11.345459149124098
600635.SH,20260608,4.91,5.13,4.85,5.03,5.01,0.02,0.3992,596598,296611.386,4.971712711071777
600636.SH,20260608,1.91,1.96,1.88,1.9,1.91,-0.01,-0.5236,144757,27699.52,1.9135185172392355
600637.SH,20260608,8.94,9.12,8.76,8.83,9.15,-0.32,-3.4973,507881,453528.341,8.929815074791142
600638.SH,20260608,5.3,5.38,5.15,5.24,5.36,-0.12,-2.2388,80852,42573.622,5.265623855934301
600639.SH,20260608,9.65,9.72,9.56,9.6,9.67,-0.07,-0.7239,36559,35156.973,9.616502913099373
600640.SH,20260608,11.0,11.25,10.9,11.05,11.13,-0.08,-0.7188,81529,90227.961,11.066977517202467
600641.SH,20260608,24.3,25.78,24.21,24.57,25.7,-1.13,-4.3969,388204,964932.04,24.85631369073992
600642.SH,20260608,9.53,9.77,9.45,9.61,9.7,-0.09,-0.9278,332383,318205.152,9.573448461563919
600643.SH,20260608,4.12,4.2,3.98,4.01,4.16,-0.15,-3.6058,173016,70283.822,4.062272968973968
600644.SH,20260608,11.0,11.44,10.7,11.08,11.23,-0.15,-1.3357,196694,218657.526,11.116634264390372
600645.SH,20260608,19.55,19.87,18.49,18.8,19.83,-1.03,-5.1942,137090,261700.85,19.08971113866803
600648.SH,20260608,9.05,9.05,8.94,9.02,9.15,-0.13,-1.4208,29778,26811.3,9.003727584122506
600649.SH,20260608,3.68,3.78,3.58,3.64,3.75,-0.11,-2.9333,281111,103035.355,3.66529075703192
600650.SH,20260608,10.45,10.73,10.23,10.35,10.75,-0.4,-3.7209,37187,38760.905,10.423240648613763
600651.SH,20260608,6.15,6.5,6.12,6.46,6.29,0.17,2.7027,363082,229849.765,6.330519414347172
600653.SH,20260608,1.7,1.72,1.66,1.68,1.71,-0.03,-1.7544,266488,44959.34,1.6871056107592086
600654.SH,20260608,3.12,3.17,2.99,3.02,3.18,-0.16,-5.0314,767962,235907.654,3.071866238173243
600655.SH,20260608,4.56,4.62,4.43,4.45,4.57,-0.12,-2.6258,141815,63759.684,4.495976025103127
600657.SH,20260608,2.73,2.81,2.68,2.73,2.76,-0.03,-1.087,267022,73482.715,2.7519348592999826
600658.SH,20260608,4.41,4.55,4.34,4.42,4.52,-0.1,-2.2124,132143,58568.0,4.432168181439804
600660.SH,20260608,53.25,53.37,52.52,53.15,53.6,-0.45,-0.8396,94720,501258.374,52.92001414695946
600661.SH,20260608,8.14,8.26,7.8,7.96,8.2,-0.24,-2.9268,52371,42097.165,8.038258769166141
600662.SH,20260608,4.34,4.36,4.23,4.3,4.38,-0.08,-1.8265,157541,67760.39,4.301127325585085
600663.SH,20260608,6.96,7.01,6.76,6.83,7.02,-0.19,-2.7066,112178,77084.585,6.871631246768529
600664.SH,20260608,3.13,3.19,3.06,3.11,3.18,-0.07,-2.2013,465026,145086.069,3.119956066972599
600665.SH,20260608,3.45,3.51,3.36,3.42,3.51,-0.09,-2.5641,162399,55826.002,3.4375828668895747
600666.SH,20260608,4.39,4.58,4.3,4.38,4.63,-0.25,-5.3996,1324170,585857.023,4.4243339072777665
600667.SH,20260608,15.33,16.34,14.71,14.94,16.15,-1.21,-7.4923,3029443,4650642.234,15.351476274681517
600668.SH,20260608,7.69,7.73,7.45,7.56,7.74,-0.18,-2.3256,46407,35220.494,7.5894787424310985
600671.SH,20260608,16.78,17.29,16.43,16.55,16.94,-0.39,-2.3022,20666,34663.507,16.773205748572533
600673.SH,20260608,31.78,32.27,31.0,31.55,33.17,-1.62,-4.8839,547764,1735696.446,31.686939010230684
600674.SH,20260608,15.11,15.17,14.77,14.97,15.15,-0.18,-1.1881,459557,686168.879,14.931094053621203
600675.SH,20260608,2.38,2.46,2.36,2.41,2.4,0.01,0.4167,330209,79824.733,2.4174002828511636
600676.SH,20260608,6.28,6.39,6.0,6.15,6.34,-0.19,-2.9968,119541,73830.663,6.17617913519211
600678.SH,20260608,6.2,6.37,6.09,6.14,6.4,-0.26,-4.0625,167377,104224.477,6.226929446698173
600679.SH,20260608,10.46,10.51,10.13,10.35,10.57,-0.22,-2.0814,80199,82639.857,10.304350054240079
600681.SH,20260608,3.63,3.66,3.56,3.6,3.67,-0.07,-1.9074,157921,56980.843,3.6081865616352484
600682.SH,20260608,5.78,5.99,5.5,5.59,5.86,-0.27,-4.6075,211424,119994.483,5.675537450809747
600683.SH,20260608,15.1,15.36,14.34,14.64,15.48,-0.84,-5.4264,214265,315526.605,14.725998413179939
600684.SH,20260608,3.49,3.61,3.4,3.46,3.56,-0.1,-2.809,148625,51903.005,3.4922122792262407
600685.SH,20260608,26.57,26.98,25.67,25.93,27.15,-1.22,-4.4936,127010,333474.898,26.25579859853555
600686.SH,20260608,12.41,12.78,12.31,12.42,12.65,-0.23,-1.8182,160281,201192.105,12.55246130233777
600688.SH,20260608,3.31,3.48,3.25,3.28,3.49,-0.21,-6.0172,5246012,1752865.259,3.3413291067576667
600689.SH,20260608,11.11,11.4,10.81,11.0,11.3,-0.3,-2.6549,36877,41034.522,11.127402445969032
600690.SH,20260608,20.17,20.45,20.09,20.17,20.31,-0.14,-0.6893,384520,777837.969,20.228803937376473
600691.SH,20260608,2.63,2.76,2.62,2.68,2.66,0.02,0.7519,526061,141037.464,2.681009692792281
600692.SH,20260608,6.52,6.59,6.25,6.38,6.62,-0.24,-3.6254,72383,46593.113,6.437024301286213
600693.SH,20260608,10.15,10.81,10.01,10.02,10.35,-0.33,-3.1884,1037076,1078374.898,10.39822441171139
600694.SH,20260608,14.54,14.68,14.23,14.3,14.64,-0.34,-2.3224,39335,56757.109,14.429162069403837
600696.SH,20260608,0.7,0.75,0.68,0.72,0.68,0.04,5.8824,49665,3603.16,0.7254928017718715
600697.SH,20260608,10.93,11.55,10.88,11.09,11.31,-0.22,-1.9452,46048,51391.294,11.160374826268242
600698.SH,20260608,6.3,6.4,6.1,6.18,6.36,-0.18,-2.8302,89467,55687.637,6.2243773681916235
600699.SH,20260608,25.5,26.31,25.18,25.37,26.4,-1.03,-3.9015,352475,907028.778,25.733137896304704
600702.SH,20260608,41.17,41.97,40.0,40.07,40.83,-0.76,-1.8614,74325,302417.746,40.68856320215271
600703.SH,20260608,16.11,17.5,16.11,16.45,16.91,-0.46,-2.7203,3235138,5421454.047,16.758030250950654
600704.SH,20260608,4.77,4.82,4.65,4.7,4.84,-0.14,-2.8926,554088,261886.387,4.726440330777782
600706.SH,20260608,7.95,8.17,7.71,7.89,8.09,-0.2,-2.4722,52832,41838.612,7.919180042398547
600707.SH,20260608,11.37,12.39,10.92,11.76,11.71,0.05,0.427,3600412,4253354.386,11.813521302562041
600708.SH,20260608,3.02,3.1,2.97,3.02,3.08,-0.06,-1.9481,327551,99172.927,3.02770948646165
600710.SH,20260608,11.34,11.47,10.8,10.9,11.48,-0.58,-5.0523,132762,146746.605,11.053359018393818
600711.SH,20260608,11.33,11.55,10.95,11.09,11.9,-0.81,-6.8067,834925,939482.517,11.25229831421984
600712.SH,20260608,5.65,5.76,5.5,5.55,5.7,-0.15,-2.6316,80813,45307.032,5.606403920161361
600713.SH,20260608,4.99,5.02,4.88,4.92,5.02,-0.1,-1.992,83041,41023.422,4.940140653412169
600714.SH,20260608,33.2,33.35,29.78,30.01,32.9,-2.89,-8.7842,338834,1048749.501,30.95171975067437
600715.SH,20260608,1.85,1.87,1.78,1.8,1.87,-0.07,-3.7433,235638,42916.274,1.8212798445072527
600716.SH,20260608,3.56,3.72,3.5,3.59,3.61,-0.02,-0.554,114748,41490.69,3.6158094258723468
600717.SH,20260608,4.4,4.43,4.27,4.31,4.43,-0.12,-2.7088,322884,139938.925,4.334030952292464
600718.SH,20260608,8.07,8.28,7.95,8.06,8.19,-0.13,-1.5873,112110,90437.529,8.066856569440727
600719.SH,20260608,8.3,8.68,8.12,8.23,8.53,-0.3,-3.517,264617,220485.581,8.332253067641156
600720.SH,20260608,5.88,5.9,5.66,5.74,5.9,-0.16,-2.7119,106901,61549.389,5.757606477020795
600721.SH,20260608,7.25,7.79,7.15,7.79,7.08,0.71,10.0282,369536,282244.213,7.637800187261863
600722.SH,20260608,9.95,10.5,9.9,10.4,10.16,0.24,2.3622,468113,477046.562,10.190841997551871
600724.SH,20260608,6.36,6.79,6.31,6.45,6.55,-0.1,-1.5267,129685,85035.786,6.557102671858734
600725.SH,20260608,3.95,4.04,3.82,3.93,4.0,-0.07,-1.75,197572,77402.362,3.9176787196566307
600726.SH,20260608,8.42,9.58,8.42,8.8,9.35,-0.55,-5.8824,3366247,3046927.329,9.051407484358693
600727.SH,20260608,8.0,8.23,7.72,7.8,8.28,-0.48,-5.7971,321468,255636.077,7.95214693219854
600728.SH,20260608,4.66,4.78,4.61,4.67,4.73,-0.06,-1.2685,273652,128290.951,4.688105732828555
600729.SH,20260608,19.46,19.9,19.4,19.61,19.65,-0.04,-0.2036,34812,68377.264,19.641866023210387
600730.SH,20260608,12.95,13.56,12.95,12.95,13.63,-0.68,-4.989,218661,285610.965,13.0618155500981
600731.SH,20260608,5.48,5.59,5.39,5.44,5.58,-0.14,-2.509,65660,35932.53,5.472514468473957
600732.SH,20260608,11.02,11.26,10.54,10.7,11.21,-0.51,-4.5495,369013,401413.255,10.878024757935359
600733.SH,20260608,5.82,6.04,5.79,5.94,5.91,0.03,0.5076,1003038,596750.114,5.949426781437991
600734.SH,20260608,2.07,2.13,2.05,2.07,2.13,-0.06,-2.8169,522139,108857.138,2.0848306293917904
600735.SH,20260608,6.37,6.68,6.29,6.45,6.4,0.05,0.7813,89744,58320.105,6.498496278302728
600736.SH,20260608,7.15,7.96,7.12,7.86,7.24,0.62,8.5635,1240948,944455.153,7.610755269358588
600737.SH,20260608,14.05,14.3,13.51,13.6,14.47,-0.87,-6.0124,398904,550212.673,13.79310994625273
600738.SH,20260608,4.2,4.28,4.1,4.15,4.24,-0.09,-2.1226,91165,38215.07,4.191857620797455
600739.SH,20260608,10.18,10.26,9.95,10.03,10.29,-0.26,-2.5267,107118,107922.452,10.075099609776135
600740.SH,20260608,4.03,4.13,3.9,3.92,4.11,-0.19,-4.6229,574567,229461.999,3.9936508535993194
600741.SH,20260608,16.75,16.88,16.41,16.53,16.93,-0.4,-2.3627,163582,271695.896,16.60915601961096
600742.SH,20260608,7.82,7.9,7.62,7.74,7.9,-0.16,-2.0253,49246,38158.356,7.748518864476303
600743.SH,20260608,2.41,2.6,2.4,2.47,2.49,-0.02,-0.8032,1065318,267740.054,2.5132406849410223
600744.SH,20260608,7.78,8.14,7.63,7.67,8.08,-0.41,-5.0743,1225824,963707.52,7.861711958649855
600745.SH,20260608,20.32,22.21,20.32,20.91,21.39,-0.48,-2.244,934317,1932440.993,20.682926597717906
600746.SH,20260608,6.2,6.3,5.99,6.05,6.29,-0.24,-3.8156,107362,65746.881,6.123850244965629
600748.SH,20260608,4.17,4.36,4.12,4.21,4.25,-0.04,-0.9412,201158,84946.024,4.222850893327633
600749.SH,20260608,14.88,16.33,14.68,16.17,14.99,1.18,7.8719,177312,274130.467,15.460344872315465
600750.SH,20260608,26.0,26.4,25.79,25.96,25.92,0.04,0.1543,40501,105168.661,25.966929458531887
600751.SH,20260608,3.27,3.27,3.01,3.05,3.27,-0.22,-6.7278,517051,161211.417,3.117901657670133
600753.SH,20260608,11.8,12.29,11.7,11.89,11.97,-0.08,-0.6683,20826,24994.757,12.001707961202344
600754.SH,20260608,20.14,20.44,19.51,19.64,20.11,-0.47,-2.3371,109904,217838.146,19.820765941185034
600755.SH,20260608,5.7,5.71,5.55,5.57,5.73,-0.16,-2.7923,191936,107914.805,5.622436906052018
600756.SH,20260608,13.48,13.75,13.15,13.38,13.75,-0.37,-2.6909,63383,85094.816,13.425495164318509
600757.SH,20260608,7.96,8.04,7.91,7.99,8.01,-0.02,-0.2497,79598,63550.744,7.983962411115857
600758.SH,20260608,4.61,4.91,4.53,4.57,4.8,-0.23,-4.7917,1116852,520095.711,4.656800641445778
600759.SH,20260608,2.8,2.91,2.75,2.79,2.88,-0.09,-3.125,2534483,712894.28,2.812779884497154
600760.SH,20260608,40.15,41.49,40.04,40.6,40.5,0.1,0.2469,193832,791164.699,40.81703222378142
600761.SH,20260608,16.8,17.37,16.74,16.86,17.01,-0.15,-0.8818,144161,245349.421,17.019125907839154
600763.SH,20260608,34.55,35.2,33.61,33.83,35.0,-1.17,-3.3429,76672,262464.122,34.23206933430718
600764.SH,20260608,19.95,20.07,19.39,19.68,20.3,-0.62,-3.0542,63691,125654.95,19.728839239452984
600765.SH,20260608,13.67,13.87,13.14,13.39,13.8,-0.41,-2.971,252134,339371.714,13.459974220057587
600768.SH,20260608,15.58,15.92,15.01,15.35,16.06,-0.71,-4.4209,50907,78975.943,15.513768833362798
600769.SH,20260608,15.4,16.78,15.4,15.68,16.02,-0.34,-2.1223,209728,336110.913,16.026039107796766
600770.SH,20260608,5.8,5.97,5.63,5.67,6.02,-0.35,-5.814,333124,192609.436,5.781914122068659
600771.SH,20260608,14.42,14.61,14.04,14.12,14.57,-0.45,-3.0885,73801,105292.509,14.26708432135066
600773.SH,20260608,14.96,15.42,13.8,14.18,15.3,-1.12,-7.3203,385344,559044.204,14.507665981564525
600774.SH,20260608,7.1,7.32,6.93,7.07,7.28,-0.21,-2.8846,37713,26845.417,7.118345663299128
600775.SH,20260608,10.55,10.84,10.27,10.38,10.85,-0.47,-4.3318,169377,178198.681,10.520831104577365
600776.SH,20260608,15.66,17.5,15.55,17.0,15.94,1.06,6.6499,840224,1388659.662,16.527255374757207
600777.SH,20260608,5.66,5.75,5.61,5.69,5.7,-0.01,-0.1754,142726,80997.346,5.675023891932795
600778.SH,20260608,5.88,6.02,5.69,5.79,5.94,-0.15,-2.5253,91137,53423.164,5.861852376093134
600779.SH,20260608,31.8,32.42,30.52,30.59,31.46,-0.87,-2.7654,81393,255223.001,31.356873564065705
600780.SH,20260608,6.9,7.02,6.62,6.69,7.08,-0.39,-5.5085,286795,195621.406,6.820948970519012
600782.SH,20260608,2.65,2.66,2.58,2.62,2.67,-0.05,-1.8727,399084,104484.273,2.6181022792194124
600783.SH,20260608,22.83,24.1,22.15,22.47,23.59,-1.12,-4.7478,256947,588770.841,22.914096720335323
600784.SH,20260608,7.4,7.45,7.13,7.15,7.58,-0.43,-5.6728,144123,104887.2,7.277617035448887
600785.SH,20260608,15.1,15.45,14.49,14.71,15.33,-0.62,-4.0444,53700,80244.549,14.943118994413407
600787.SH,20260608,4.65,4.71,4.53,4.59,4.68,-0.09,-1.9231,210153,96744.158,4.603510680313867
600789.SH,20260608,7.24,7.37,7.14,7.19,7.33,-0.14,-1.91,99397,71928.736,7.236509753815508
600790.SH,20260608,3.93,3.99,3.82,3.87,4.0,-0.13,-3.25,153840,60134.88,3.9089235569422778
600791.SH,20260608,14.2,14.3,13.27,13.27,14.74,-1.47,-9.9729,196795,267109.739,13.572994181762748
600792.SH,20260608,4.47,4.63,4.27,4.32,4.54,-0.22,-4.8458,492565,217250.819,4.4106020322190975
600793.SH,20260608,13.25,14.8,13.2,13.95,13.5,0.45,3.3333,87348,123442.085,14.132216536154234
600794.SH,20260608,3.2,3.24,3.12,3.16,3.24,-0.08,-2.4691,126915,40272.584,3.1731933971555772
600795.SH,20260608,5.02,5.1,4.97,5.0,5.07,-0.07,-1.3807,2233849,1122512.132,5.025013472262449
600796.SH,20260608,5.19,5.28,5.03,5.12,5.29,-0.17,-3.2136,65299,33618.612,5.1484114611249785
600797.SH,20260608,7.3,7.59,7.22,7.34,7.67,-0.33,-4.3025,280550,207110.674,7.38230882195687
600798.SH,20260608,3.63,3.71,3.52,3.57,3.7,-0.13,-3.5135,518268,187008.611,3.608337983437141
600800.SH,20260608,3.74,3.88,3.6,3.68,3.84,-0.16,-4.1667,220488,82050.618,3.7213189833460323
600801.SH,20260608,19.75,19.76,18.13,18.45,19.71,-1.26,-6.3927,241538,452829.128,18.74773857529664
600802.SH,20260608,4.89,5.0,4.7,4.81,4.99,-0.18,-3.6072,78135,37867.668,4.8464411595315795
600803.SH,20260608,19.21,19.37,18.84,18.95,19.21,-0.26,-1.3535,68250,129875.806,19.029422124542123
600805.SH,20260608,4.49,4.6,4.4,4.46,4.62,-0.16,-3.4632,96332,43207.982,4.485319727608687
600807.SH,20260608,2.64,2.78,2.63,2.65,2.71,-0.06,-2.214,212735,57092.556,2.6837406162596658
600808.SH,20260608,2.82,2.83,2.65,2.69,2.84,-0.15,-5.2817,883758,240715.368,2.723770172377506
600809.SH,20260608,121.01,122.09,117.18,117.97,122.03,-4.06,-3.3271,89754,1066435.057,118.81755208681508
600810.SH,20260608,5.78,6.18,5.71,5.95,5.82,0.13,2.2337,318719,188898.04,5.926789428932696
600812.SH,20260608,4.36,4.47,4.3,4.35,4.43,-0.08,-1.8059,123844,54160.267,4.373265317657698
600814.SH,20260608,6.92,7.12,6.88,6.96,7.01,-0.05,-0.7133,66204,46360.935,7.002739260467646
600815.SH,20260608,3.23,3.31,3.12,3.16,3.28,-0.12,-3.6585,415791,133656.784,3.2145184479702547
600816.SH,20260608,2.74,2.8,2.65,2.67,2.81,-0.14,-4.9822,765535,207654.996,2.7125473818963206
600817.SH,20260608,9.68,9.81,9.55,9.7,9.81,-0.11,-1.1213,27981,27130.268,9.695960830563596
600818.SH,20260608,5.74,6.1,5.74,6.01,5.83,0.18,3.0875,111130,66744.059,6.005944299469089
600819.SH,20260608,6.8,7.04,6.7,6.72,7.04,-0.32,-4.5455,221391,151610.468,6.848086326905792
600820.SH,20260608,5.51,5.55,5.4,5.44,5.51,-0.07,-1.2704,195021,106309.729,5.451193922705761
600821.SH,20260608,7.7,7.98,7.32,7.33,8.05,-0.72,-8.9441,1494343,1146896.199,7.674919339134322
600822.SH,20260608,8.76,8.86,8.37,8.47,8.8,-0.33,-3.75,37982,32492.274,8.55465062397978
600824.SH,20260608,3.7,3.76,3.64,3.66,3.74,-0.08,-2.139,110306,40803.128,3.6990850905662427
600825.SH,20260608,4.86,5.45,4.84,5.45,4.95,0.5,10.101,291548,153331.04,5.259203973273698
600826.SH,20260608,8.69,9.26,8.6,9.04,8.83,0.21,2.3783,110404,99354.485,8.999174395855222
600827.SH,20260608,8.1,8.32,8.08,8.14,8.16,-0.02,-0.2451,128117,104799.157,8.17995714854391
600828.SH,20260608,4.92,5.23,4.8,4.81,5.13,-0.32,-6.2378,884881,440889.184,4.982468648326725
600829.SH,20260608,8.45,8.61,8.28,8.39,8.61,-0.22,-2.5552,50731,42751.048,8.427006761151958
600830.SH,20260608,7.77,8.2,7.71,7.84,7.89,-0.05,-0.6337,86525,68569.357,7.924802889338341
600831.SH,20260608,3.57,3.63,3.36,3.47,3.59,-0.12,-3.3426,189510,65694.341,3.4665369109809507
600833.SH,20260608,10.14,10.36,9.87,10.11,10.32,-0.21,-2.0349,30912,31250.087,10.109370794513456
600834.SH,20260608,7.35,7.42,7.16,7.25,7.38,-0.13,-1.7615,22969,16741.562,7.288763986242327
600835.SH,20260608,21.49,21.9,21.21,21.35,21.99,-0.64,-2.9104,79109,169984.83,21.48741988901389
600838.SH,20260608,7.91,8.16,7.76,7.86,8.0,-0.14,-1.75,101707,81035.9,7.967583352178316
600839.SH,20260608,6.97,7.07,6.8,6.83,7.12,-0.29,-4.073,816127,564836.969,6.920944522114818
600841.SH,20260608,7.15,7.34,6.89,7.0,7.41,-0.41,-5.5331,232120,164555.495,7.089242417714975
600843.SH,20260608,7.28,7.78,7.27,7.51,7.53,-0.02,-0.2656,151801,114649.908,7.552645107739738
600844.SH,20260608,2.94,3.08,2.87,2.91,2.97,-0.06,-2.0202,322708,95787.527,2.968241475265565
600845.SH,20260608,18.95,19.2,18.75,18.8,19.32,-0.52,-2.6915,135335,256081.417,18.922039162079283
600846.SH,20260608,11.08,11.32,10.88,11.01,11.39,-0.38,-3.3363,40298,44772.569,11.110369993548069
600847.SH,20260608,14.69,15.3,14.18,14.52,15.0,-0.48,-3.2,37829,55818.854,14.75557218007349
600848.SH,20260608,8.41,8.48,8.2,8.24,8.55,-0.31,-3.6257,122785,102272.16,8.329369222624914
600850.SH,20260608,19.91,20.27,19.4,19.49,20.9,-1.41,-6.7464,213190,421530.461,19.77252502462592
600851.SH,20260608,7.17,7.44,6.93,7.08,7.45,-0.37,-4.9664,89121,63775.848,7.156096542902346
600853.SH,20260608,3.58,3.62,3.44,3.5,3.63,-0.13,-3.5813,122228,43077.405,3.5243483489871386
600854.SH,20260608,4.71,4.8,4.58,4.67,4.78,-0.11,-2.3013,101617,47631.05,4.687311178247734
600855.SH,20260608,15.08,15.43,14.54,14.78,15.35,-0.57,-3.7134,133976,201067.584,15.00773153400609
600857.SH,20260608,14.71,15.53,14.28,14.65,15.39,-0.74,-4.8083,149031,219460.649,14.725838852319317
600858.SH,20260608,4.98,5.12,4.87,4.92,5.07,-0.15,-2.9586,106356,53045.025,4.9874971792846665
600859.SH,20260608,10.62,10.96,10.42,10.49,10.65,-0.16,-1.5023,184941,197026.427,10.653474729778686
600860.SH,20260608,9.09,9.2,8.76,8.88,9.09,-0.21,-2.3102,71377,63840.917,8.944186082351457
600861.SH,20260608,14.13,14.34,14.05,14.18,14.25,-0.07,-0.4912,24433,34593.866,14.158664920394548
600862.SH,20260608,17.73,18.17,17.42,17.55,17.84,-0.29,-1.6256,231785,412667.353,17.80388519533188
600863.SH,20260608,5.98,6.39,5.97,6.06,6.23,-0.17,-2.7287,3289652,2033767.343,6.182317591647992
600864.SH,20260608,5.24,5.3,5.12,5.15,5.31,-0.16,-3.0132,266376,138702.776,5.207029762441061
600865.SH,20260608,10.06,10.85,10.0,10.48,10.18,0.3,2.947,260824,274491.206,10.524001088856853
600866.SH,20260608,4.77,4.84,4.59,4.65,4.82,-0.17,-3.527,257961,121105.903,4.694736917596071
600867.SH,20260608,7.79,7.91,7.62,7.66,7.9,-0.24,-3.038,229179,177466.066,7.743557044929945
600868.SH,20260608,3.47,3.62,3.28,3.3,3.54,-0.24,-6.7797,1969309,677017.639,3.437843624337267
600869.SH,20260608,27.25,29.08,26.9,27.45,28.51,-1.06,-3.718,1433405,3974868.699,27.730255573267847
600871.SH,20260608,2.29,2.37,2.29,2.31,2.31,0.0,0.0,1822858,423440.466,2.3229481725949035
600872.SH,20260608,17.79,18.08,17.18,17.5,17.97,-0.47,-2.6155,183382,321701.873,17.54271809665071
600873.SH,20260608,9.08,9.25,9.08,9.2,9.17,0.03,0.3272,163714,150103.693,9.168653444421368
600874.SH,20260608,5.59,5.68,5.54,5.62,5.69,-0.07,-1.2302,88971,49909.288,5.6096130199728
600875.SH,20260608,31.66,32.4,30.58,31.03,32.88,-1.85,-5.6265,748614,2354216.939,31.447674489122562
600876.SH,20260608,8.79,8.99,8.49,8.6,8.91,-0.31,-3.4792,64574,56593.896,8.764192399417723
600877.SH,20260608,13.57,13.93,13.19,13.38,14.02,-0.64,-4.5649,186146,251895.45,13.532144123429998
600879.SH,20260608,20.91,22.39,20.81,21.97,21.54,0.43,1.9963,2450105,5331691.714,21.761074378445002
600880.SH,20260608,4.17,4.28,4.08,4.15,4.24,-0.09,-2.1226,165812,69224.297,4.174866535594529
600881.SH,20260608,1.68,1.76,1.64,1.66,1.65,0.01,0.6061,1927042,327612.174,1.7000780159436069
600882.SH,20260608,17.72,18.27,17.44,17.7,18.06,-0.36,-1.9934,68529,121953.233,17.795857666097564
600883.SH,20260608,8.11,8.39,7.8,7.98,8.25,-0.27,-3.2727,59548,48247.511,8.102289077718815
600884.SH,20260608,13.28,13.65,12.93,13.08,13.69,-0.61,-4.4558,746225,988776.278,13.250377272270429
600885.SH,20260608,32.44,32.88,31.65,32.2,33.32,-1.12,-3.3613,198064,639676.315,32.29644534089991
600886.SH,20260608,13.7,13.75,13.48,13.53,13.74,-0.21,-1.5284,337755,458357.822,13.570719071516335
600887.SH,20260608,25.76,26.1,25.18,25.37,25.67,-0.3,-1.1687,575758,1470714.333,25.54396696181382
600888.SH,20260608,10.64,10.99,10.25,10.43,11.05,-0.62,-5.6109,731073,774412.575,10.59282144190799
600889.SH,20260608,15.62,16.2,15.42,15.45,15.88,-0.43,-2.7078,36671,57666.364,15.725331733522403
600892.SH,20260608,3.61,3.67,3.53,3.61,3.67,-0.06,-1.6349,73136,26265.458,3.591317271931743
600893.SH,20260608,41.4,41.97,38.99,39.56,42.37,-2.81,-6.6321,371414,1491934.542,40.16904430096873
600894.SH,20260608,8.79,8.87,8.6,8.71,8.86,-0.15,-1.693,54801,47811.512,8.724569259685042
600895.SH,20260608,30.57,31.31,29.99,30.01,32.18,-2.17,-6.7433,342277,1046876.522,30.58565203037306
600897.SH,20260608,14.85,15.25,14.81,14.86,15.14,-0.28,-1.8494,20947,31455.429,15.016674941519073
600900.SH,20260608,27.5,27.61,27.26,27.51,27.61,-0.1,-0.3622,1180655,3238081.015,27.426140701559728
600901.SH,20260608,6.4,6.47,6.33,6.39,6.45,-0.06,-0.9302,287740,183943.779,6.3927079655244325
600903.SH,20260608,8.41,8.63,8.06,8.31,8.66,-0.35,-4.0416,493749,407081.097,8.244697143690418
600905.SH,20260608,4.17,4.18,4.1,4.12,4.21,-0.09,-2.1378,2034715,840393.978,4.130278579555368
600906.SH,20260608,6.9,7.15,6.8,6.81,6.87,-0.06,-0.8734,1228831,856788.848,6.972389596291109
600908.SH,20260608,5.44,5.45,5.37,5.43,5.43,0.0,0.0,129229,69936.546,5.4118306262526215
600909.SH,20260608,7.06,7.2,6.9,7.03,7.28,-0.25,-3.4341,1295058,915108.137,7.066155623918002
600916.SH,20260608,7.57,7.65,7.38,7.48,7.76,-0.28,-3.6082,309030,232330.548,7.518058052616251
600917.SH,20260608,5.06,5.11,5.01,5.05,5.14,-0.09,-1.751,54576,27599.178,5.057017370272647
600918.SH,20260608,5.21,5.28,5.17,5.19,5.3,-0.11,-2.0755,405390,211800.888,5.224620439576704
600919.SH,20260608,11.37,11.56,11.32,11.44,11.38,0.06,0.5272,1091334,1249848.577,11.45248454643583
600925.SH,20260608,4.77,4.82,4.64,4.68,4.83,-0.15,-3.1056,236399,111549.199,4.718683200859564
600926.SH,20260608,15.8,16.22,15.78,16.13,15.85,0.28,1.7666,487235,782029.443,16.050354408037187
600927.SH,20260608,12.79,12.87,12.26,12.39,12.89,-0.5,-3.879,70536,88330.989,12.52282366451174
600928.SH,20260608,3.51,3.53,3.45,3.49,3.52,-0.03,-0.8523,232468,81062.779,3.487051077997832
600929.SH,20260608,5.12,5.2,4.93,4.99,5.21,-0.22,-4.2226,230762,116639.926,5.054555169395308
600930.SH,20260608,6.01,6.04,5.96,5.97,6.06,-0.09,-1.4851,1153307,691468.61,5.995529464401066
600933.SH,20260608,15.0,15.28,14.84,15.1,15.39,-0.29,-1.8843,149447,225125.144,15.063878431818639
600935.SH,20260608,2.33,2.35,2.27,2.3,2.37,-0.07,-2.9536,216742,50125.243,2.312668656743963
600936.SH,20260608,5.7,5.87,5.5,5.58,5.98,-0.4,-6.689,1266754,718875.62,5.674942569749138
600938.SH,20260608,35.26,37.2,35.19,36.57,35.18,1.39,3.9511,721685,2612204.129,36.19590443198903
600939.SH,20260608,2.88,3.07,2.83,3.03,2.92,0.11,3.7671,313004,92754.732,2.9633720974811824
600941.SH,20260608,97.0,97.52,95.08,96.6,97.33,-0.73,-0.75,86896,838285.484,96.46997376173817
600955.SH,20260608,15.31,15.49,14.81,14.95,15.6,-0.65,-4.1667,46097,69576.371,15.09347050784216
600956.SH,20260608,8.48,8.71,8.28,8.4,8.72,-0.32,-3.6697,254305,215610.953,8.478439393641494
600958.SH,20260608,8.9,9.0,8.8,8.81,8.98,-0.17,-1.8931,461786,410250.073,8.883986803411103
600959.SH,20260608,3.34,3.39,3.23,3.27,3.4,-0.13,-3.8235,545512,179716.246,3.2944508278461337
600960.SH,20260608,4.28,4.42,4.14,4.24,4.36,-0.12,-2.7523,149161,63420.965,4.251846327123041
600961.SH,20260608,23.36,23.66,22.37,22.75,24.42,-1.67,-6.8387,360778,831884.077,23.058059998115187
600962.SH,20260608,23.49,23.82,22.95,23.41,24.2,-0.79,-3.2645,48119,112659.663,23.412719092250462
600963.SH,20260608,3.74,3.8,3.58,3.62,3.8,-0.18,-4.7368,335856,123035.38,3.6633372635891575
600965.SH,20260608,2.96,3.02,2.9,2.92,3.01,-0.09,-2.99,71866,21213.701,2.951841065316005
600966.SH,20260608,5.95,6.05,5.8,5.89,5.95,-0.06,-1.0084,108248,63845.696,5.898094745399454
600967.SH,20260608,11.83,12.1,11.58,11.71,12.04,-0.33,-2.7409,158086,186654.363,11.807140607011375
600968.SH,20260608,3.92,4.0,3.9,3.97,3.96,0.01,0.2525,465269,184223.98,3.959515463097692
600969.SH,20260608,10.08,10.39,9.61,9.7,10.43,-0.73,-6.999,146390,146033.489,9.975646492246739
600970.SH,20260608,8.94,8.96,8.74,8.78,9.05,-0.27,-2.9834,230136,203707.444,8.851611395001216
600971.SH,20260608,8.2,8.58,8.06,8.19,8.38,-0.19,-2.2673,307371,253275.657,8.240063538850444
600973.SH,20260608,7.58,7.71,7.16,7.18,7.62,-0.44,-5.7743,896509,660682.052,7.369497149498779
600975.SH,20260608,4.8,4.92,4.74,4.84,4.82,0.02,0.4149,93576,45082.279,4.817718111481576
600976.SH,20260608,27.98,28.1,26.95,27.07,28.07,-1.0,-3.5625,17247,47314.326,27.433365802748305
600977.SH,20260608,14.0,14.36,13.58,13.95,14.29,-0.34,-2.3793,420127,586642.528,13.963456954682751
600979.SH,20260608,5.03,5.16,4.81,4.84,5.18,-0.34,-6.5637,838307,416438.678,4.967615420126517
600980.SH,20260608,20.43,21.13,19.94,20.3,21.2,-0.9,-4.2453,39670,81144.485,20.454873960171412
600981.SH,20260608,2.5,2.68,2.47,2.5,2.58,-0.08,-3.1008,410170,104737.098,2.55350459565546
600982.SH,20260608,6.12,6.35,5.96,6.01,6.36,-0.35,-5.5031,631736,387303.327,6.130778157331544
600983.SH,20260608,8.39,8.59,8.33,8.41,8.61,-0.2,-2.3229,21005,17761.317,8.455756724589383
600984.SH,20260608,4.26,4.62,4.25,4.31,4.38,-0.07,-1.5982,608151,270570.373,4.449065659679915
600985.SH,20260608,16.69,17.77,16.45,16.98,17.09,-0.11,-0.6437,505816,865021.506,17.101505409081565
600986.SH,20260608,7.96,8.27,7.85,7.97,8.21,-0.24,-2.9233,600462,483006.896,8.043921114075495
600987.SH,20260608,6.45,6.48,6.32,6.43,6.51,-0.08,-1.2289,74731,47833.572,6.400767017703497
600988.SH,20260608,29.75,30.28,28.9,29.2,31.36,-2.16,-6.8878,714710,2117335.214,29.625095689160638
600989.SH,20260608,23.0,23.77,22.88,23.6,23.43,0.17,0.7256,706805,1660837.316,23.497815040923594
600990.SH,20260608,18.31,18.88,17.82,18.12,18.97,-0.85,-4.4808,48584,89026.383,18.324218466985016
600992.SH,20260608,11.86,12.1,11.45,11.51,12.28,-0.77,-6.2704,105525,124446.177,11.793051599147121
600993.SH,20260608,23.91,24.3,23.26,23.4,24.0,-0.6,-2.5,43214,101985.149,23.600025223307263
600995.SH,20260608,14.76,14.86,13.81,13.92,15.13,-1.21,-7.9974,525725,752360.041,14.31090476960388
600996.SH,20260608,9.27,9.64,8.9,8.94,9.38,-0.44,-4.6908,559339,512584.283,9.164107687824378
600997.SH,20260608,5.76,5.91,5.69,5.76,5.87,-0.11,-1.8739,164325,94908.897,5.775682154267457
600998.SH,20260608,4.77,4.85,4.66,4.79,4.77,0.02,0.4193,379640,181245.234,4.774134285112211
600999.SH,20260608,16.5,17.04,16.48,16.9,16.89,0.01,0.0592,665689,1122038.855,16.85530112409849
601000.SH,20260608,4.29,4.3,4.16,4.21,4.31,-0.1,-2.3202,380612,160743.877,4.223300290059168
601001.SH,20260608,21.5,22.99,20.98,21.68,22.0,-0.32,-1.4545,440867,968129.631,21.95967561645576
601002.SH,20260608,4.98,5.1,4.89,4.94,5.11,-0.17,-3.3268,178614,88952.336,4.980143549777733
601003.SH,20260608,3.69,3.77,3.6,3.64,3.77,-0.13,-3.4483,168784,62204.912,3.6854744525547445
601005.SH,20260608,1.28,1.28,1.25,1.26,1.29,-0.03,-2.3256,778838,98582.095,1.2657586686833464
601006.SH,20260608,5.17,5.18,5.06,5.08,5.17,-0.09,-1.7408,1351286,688508.393,5.095208512483664
601007.SH,20260608,6.66,6.81,6.56,6.63,6.73,-0.1,-1.4859,62032,41326.987,6.662204507351045
601008.SH,20260608,4.65,4.7,4.44,4.49,4.7,-0.21,-4.4681,162044,74210.59,4.579656759892375
601009.SH,20260608,11.16,11.46,11.07,11.36,11.16,0.2,1.7921,609670,690346.335,11.323278740958223
601010.SH,20260608,1.68,1.76,1.65,1.72,1.7,0.02,1.1765,480708,82354.465,1.7131910640139127
601011.SH,20260608,3.2,3.42,3.19,3.25,3.29,-0.04,-1.2158,1067587,352769.499,3.304363007417663
601012.SH,20260608,12.9,13.05,12.39,12.44,13.13,-0.69,-5.2551,1793661,2275619.62,12.68701064470934
601015.SH,20260608,3.89,4.11,3.82,3.88,4.05,-0.17,-4.1975,799925,315262.522,3.941151007906991
601016.SH,20260608,4.46,4.56,4.2,4.22,4.63,-0.41,-8.8553,3233340,1410982.925,4.363855718854188
601018.SH,20260608,3.37,3.38,3.28,3.29,3.4,-0.11,-3.2353,861439,286082.437,3.320983110818061
601019.SH,20260608,6.95,6.99,6.78,6.87,6.98,-0.11,-1.5759,76830,52833.658,6.876696342574515
601020.SH,20260608,22.85,23.31,21.89,22.19,24.1,-1.91,-7.9253,303431,687152.189,22.646077328947932
601021.SH,20260608,44.89,45.28,43.63,43.8,45.9,-2.1,-4.5752,102703,454892.112,44.29199848105703
601022.SH,20260608,8.0,8.1,7.83,7.92,8.11,-0.19,-2.3428,67748,53846.026,7.947987542067663
601026.SH,20260608,15.17,15.37,14.61,14.74,15.39,-0.65,-4.2235,51728,77239.263,14.93180927157439
601033.SH,20260608,14.3,14.53,14.04,14.11,14.47,-0.36,-2.4879,58802,83383.538,14.180391483282882
601038.SH,20260608,12.38,12.5,12.09,12.2,12.56,-0.36,-2.8662,54928,67457.339,12.281047735217012
601058.SH,20260608,12.28,12.65,12.18,12.4,12.42,-0.02,-0.161,384378,476809.877,12.404712990857957
601059.SH,20260608,16.0,16.07,15.6,15.87,16.18,-0.31,-1.9159,99172,156827.901,15.813727765901666
601061.SH,20260608,11.88,11.96,11.4,11.51,12.11,-0.6,-4.9546,172932,202132.069,11.688528959359747
601065.SH,20260608,7.67,7.73,7.58,7.65,7.78,-0.13,-1.671,36648,28029.966,7.648429927963328
601066.SH,20260608,24.54,25.55,24.27,24.39,24.54,-0.15,-0.6112,468470,1160566.427,24.773548508976027
601068.SH,20260608,5.19,5.21,4.97,5.04,5.25,-0.21,-4.0,175701,89264.823,5.080496013113187
601069.SH,20260608,24.6,25.26,24.03,24.6,26.06,-1.46,-5.6025,148996,369182.348,24.77800397326103
601077.SH,20260608,6.6,6.83,6.58,6.72,6.63,0.09,1.3575,521532,350622.632,6.722936118972566
601083.SH,20260608,11.06,11.12,10.68,10.79,11.13,-0.34,-3.0548,83371,90636.984,10.871524151083708
601086.SH,20260608,7.15,7.6,7.14,7.2,7.37,-0.17,-2.3066,138560,102019.339,7.3628275837182455
601088.SH,20260608,48.57,51.18,48.33,50.76,48.52,2.24,4.6167,552636,2768353.53,50.09361550821879
601089.SH,20260608,17.2,17.2,16.35,16.51,17.1,-0.59,-3.4503,30106,50253.817,16.692292898425563
601096.SH,20260608,4.74,4.78,4.61,4.69,4.81,-0.12,-2.4948,292423,137125.122,4.68927280001915
601098.SH,20260608,11.02,11.15,10.94,11.03,11.17,-0.14,-1.2534,59187,65238.947,11.022512882896581
601099.SH,20260608,3.2,3.24,3.12,3.16,3.24,-0.08,-2.4691,1068220,339712.587,3.180174374192582
601100.SH,20260608,114.0,123.5,113.89,119.77,117.2,2.57,2.1928,147113,1771881.48,120.443569229096
601101.SH,20260608,13.4,14.23,13.1,13.48,13.53,-0.05,-0.3695,647314,880415.514,13.601057817380745
601106.SH,20260608,3.63,3.68,3.49,3.54,3.7,-0.16,-4.3243,689763,246755.574,3.577396497057685
601107.SH,20260608,5.92,6.01,5.87,5.89,5.96,-0.07,-1.1745,133221,78832.325,5.917409792750393
601108.SH,20260608,7.56,7.63,7.39,7.44,7.64,-0.2,-2.6178,447556,335615.755,7.498855003619659
601111.SH,20260608,6.34,6.35,6.14,6.16,6.47,-0.31,-4.7913,1200006,748491.544,6.237398346341601
601112.SH,20260608,16.5,16.8,16.29,16.42,17.0,-0.58,-3.4118,67679,111746.057,16.51118618773918
601113.SH,20260608,3.99,4.07,3.93,3.96,4.0,-0.04,-1.0,139009,55450.56,3.9889906408937548
601116.SH,20260608,12.01,12.5,11.56,11.65,12.19,-0.54,-4.4299,214685,259168.276,12.072025339450825
601117.SH,20260608,7.35,7.4,7.15,7.2,7.46,-0.26,-3.4853,959344,697228.547,7.2677636697576675
601118.SH,20260608,6.33,6.44,5.97,6.02,6.6,-0.58,-8.7879,945351,585664.807,6.195210107145389
601121.SH,20260608,6.21,6.3,6.0,6.12,6.33,-0.21,-3.3175,127905,78520.743,6.138989328016887
601126.SH,20260608,71.4,72.5,66.33,67.96,72.05,-4.09,-5.6766,289108,1997887.16,69.10521881096338
601127.SH,20260608,73.01,76.13,72.63,72.9,75.01,-2.11,-2.813,217068,1604919.769,73.93626739086369
601128.SH,20260608,7.04,7.07,7.0,7.04,7.06,-0.02,-0.2833,330838,232471.764,7.026755209498305
601133.SH,20260608,25.61,27.96,25.61,27.13,27.6,-0.47,-1.7029,146505,396558.599,27.067922528241354
601136.SH,20260608,13.76,13.9,13.48,13.62,13.94,-0.32,-2.2956,106301,145503.967,13.687920809776013
601137.SH,20260608,23.81,24.29,23.36,23.44,24.78,-1.34,-5.4076,480373,1138733.437,23.705192360936188
601138.SH,20260608,69.99,73.3,69.34,70.48,74.06,-3.58,-4.8339,1973161,14013578.688,71.02095920201138
601139.SH,20260608,6.35,6.38,6.21,6.27,6.43,-0.16,-2.4883,298376,187682.747,6.290142203126257
601155.SH,20260608,11.66,11.77,11.39,11.5,11.77,-0.27,-2.294,134546,155631.457,11.567155991259494
601156.SH,20260608,16.5,16.52,15.93,15.99,16.56,-0.57,-3.442,92780,149729.797,16.138154451390385
601158.SH,20260608,4.24,4.25,4.18,4.22,4.25,-0.03,-0.7059,90335,38006.897,4.2073279459788555
601162.SH,20260608,3.15,3.21,3.09,3.1,3.2,-0.1,-3.125,1056625,332204.974,3.144019628534248
601163.SH,20260608,13.59,13.69,13.31,13.44,13.79,-0.35,-2.5381,41943,56529.919,13.477795818134135
601166.SH,20260608,18.58,18.68,18.48,18.54,18.6,-0.06,-0.3226,849176,1577214.924,18.573475039332248
601168.SH,20260608,28.89,30.58,28.02,29.15,30.53,-1.38,-4.5201,580338,1701486.562,29.31888937136634
601169.SH,20260608,5.13,5.15,5.1,5.12,5.14,-0.02,-0.3891,1068453,547425.896,5.123537450875237
601177.SH,20260608,14.28,14.77,14.28,14.66,14.83,-0.17,-1.1463,120875,176099.703,14.568744819027922
601179.SH,20260608,14.4,14.69,13.89,14.01,15.03,-1.02,-6.7864,1534277,2189418.179,14.27003193686668
601186.SH,20260608,6.34,6.35,6.22,6.25,6.36,-0.11,-1.7296,487022,305566.792,6.2741886814148025
601187.SH,20260608,7.39,7.52,7.26,7.32,7.34,-0.02,-0.2725,161594,118733.541,7.347645395249823
601188.SH,20260608,3.14,3.18,3.09,3.12,3.19,-0.07,-2.1944,137448,43054.278,3.1324048367382575
601198.SH,20260608,12.4,12.61,12.3,12.46,12.54,-0.08,-0.638,216073,268757.535,12.438274796018012
601199.SH,20260608,5.39,5.8,5.35,5.62,5.5,0.12,2.1818,200534,112891.196,5.629528957682987
601200.SH,20260608,7.51,7.51,7.26,7.36,7.48,-0.12,-1.6043,93567,69007.785,7.37522684279714
601208.SH,20260608,52.32,56.47,52.32,54.2,56.76,-2.56,-4.5102,770513,4172828.807,54.15650101945068
601211.SH,20260608,16.09,16.69,16.07,16.45,16.25,0.2,1.2308,1713168,2815755.482,16.43595655534075
601212.SH,20260608,5.75,5.91,5.57,5.66,6.04,-0.38,-6.2914,1173890,673535.775,5.7376395999625185
601216.SH,20260608,5.04,5.06,4.95,4.98,5.09,-0.11,-2.1611,697659,348321.849,4.992723508189531
601218.SH,20260608,4.98,5.05,4.81,4.87,5.08,-0.21,-4.1339,265735,130967.293,4.928492407849926
601222.SH,20260608,6.01,6.12,5.88,5.94,6.2,-0.26,-4.1935,476663,285136.31,5.981926644190969
601225.SH,20260608,27.07,28.0,26.53,27.8,27.14,0.66,2.4318,717639,1970125.164,27.45287204290737
601226.SH,20260608,7.22,7.37,7.0,7.11,7.43,-0.32,-4.3069,147465,105793.255,7.17412640287526
601228.SH,20260608,3.04,3.05,2.99,3.02,3.06,-0.04,-1.3072,312984,94387.531,3.0157302290212917
601229.SH,20260608,9.13,9.2,9.04,9.16,9.1,0.06,0.6593,513648,468605.012,9.123076737376568
601231.SH,20260608,39.8,41.3,38.39,38.78,42.66,-3.88,-9.0952,624260,2479915.629,39.72568527536603
601233.SH,20260608,20.6,21.05,19.85,19.99,21.01,-1.02,-4.8548,400747,812928.152,20.28532096310141
601236.SH,20260608,6.75,6.82,6.58,6.64,6.82,-0.18,-2.6393,118823,79533.197,6.693417688494652
601238.SH,20260608,6.1,6.11,5.9,5.93,6.1,-0.17,-2.7869,294990,177070.137,6.002581002745856
601279.SH,20260608,3.46,3.57,3.42,3.47,3.55,-0.08,-2.2535,116722,40778.415,3.493635732766745
601288.SH,20260608,6.4,6.59,6.37,6.57,6.36,0.21,3.3019,5414545,3529585.391,6.518710973867609
601298.SH,20260608,9.3,9.4,9.06,9.1,9.38,-0.28,-2.9851,108487,99411.849,9.163480324831546
601311.SH,20260608,8.26,8.36,8.09,8.16,8.4,-0.24,-2.8571,166522,136652.917,8.206298086739288
601318.SH,20260608,53.06,53.96,52.9,53.38,53.48,-0.1,-0.187,720540,3845596.526,53.37103458517223
601319.SH,20260608,6.56,6.63,6.48,6.53,6.57,-0.04,-0.6088,596710,391100.18,6.554275611268455
601326.SH,20260608,3.39,3.42,3.29,3.32,3.4,-0.08,-2.3529,244403,81325.435,3.327513778472441
601328.SH,20260608,6.83,6.89,6.8,6.86,6.83,0.03,0.4392,1826372,1251452.839,6.85212453432269
601330.SH,20260608,8.03,8.29,7.91,8.1,8.36,-0.26,-3.11,253533,206056.81,8.127415760472996
601333.SH,20260608,3.06,3.07,3.0,3.03,3.08,-0.05,-1.6234,673363,203890.859,3.027948654737489
601336.SH,20260608,56.9,57.75,55.22,55.43,56.35,-0.92,-1.6327,227902,1282967.896,56.2947186071206
601339.SH,20260608,7.23,7.24,6.99,7.08,7.18,-0.1,-1.3928,84218,59556.866,7.071750219668004
601360.SH,20260608,9.5,9.68,9.3,9.39,9.79,-0.4,-4.0858,757164,717499.133,9.476139026683782
601366.SH,20260608,3.72,3.82,3.7,3.74,3.75,-0.01,-0.2667,134477,50560.074,3.759756240844159
601368.SH,20260608,4.45,4.5,4.31,4.37,4.48,-0.11,-2.4554,61212,26903.853,4.3951926092922955
601369.SH,20260608,8.67,8.98,8.6,8.83,8.83,0.0,0.0,167170,146934.882,8.78954848357959
601375.SH,20260608,3.92,4.0,3.87,3.91,3.96,-0.05,-1.2626,431380,168733.428,3.9114800871621314
601377.SH,20260608,5.76,5.83,5.72,5.8,5.84,-0.04,-0.6849,784179,452551.028,5.771016923432022
601388.SH,20260608,3.2,3.28,3.13,3.18,3.32,-0.14,-4.2169,444216,142018.059,3.197049611000054
601390.SH,20260608,4.66,4.66,4.52,4.54,4.69,-0.15,-3.1983,1503859,689109.686,4.582275904855441
601398.SH,20260608,7.38,7.53,7.31,7.5,7.34,0.16,2.1798,5806646,4333415.761,7.462855081918201
601399.SH,20260608,3.68,3.8,3.64,3.68,3.76,-0.08,-2.1277,989133,367437.41,3.714742203525714
601456.SH,20260608,8.65,8.76,8.57,8.61,8.72,-0.11,-1.2615,236309,204472.912,8.652777168876344
601500.SH,20260608,4.1,4.14,3.98,4.04,4.15,-0.11,-2.6506,184280,74822.152,4.060242674191448
601512.SH,20260608,8.36,8.46,8.14,8.24,8.69,-0.45,-5.1784,97893,81167.508,8.291451687046061
601515.SH,20260608,3.85,3.89,3.71,3.75,3.91,-0.16,-4.0921,232824,88119.134,3.7847959832319695
601518.SH,20260608,3.16,3.17,2.99,3.03,3.19,-0.16,-5.0157,308405,94553.126,3.065875261425723
601519.SH,20260608,9.0,9.28,8.74,8.82,9.17,-0.35,-3.8168,360915,323534.584,8.96428754692933
601528.SH,20260608,4.72,4.76,4.68,4.74,4.73,0.01,0.2114,123512,58239.339,4.715277786773755
601555.SH,20260608,7.45,7.55,7.25,7.31,7.51,-0.2,-2.6631,397641,293463.592,7.380114022447383
601566.SH,20260608,11.05,11.74,10.76,10.92,11.19,-0.27,-2.4129,169262,189099.942,11.172025735250678
601567.SH,20260608,14.99,15.33,14.58,14.76,15.34,-0.58,-3.781,183066,273113.368,14.918847191723204
601568.SH,20260608,3.73,3.74,3.68,3.7,3.76,-0.06,-1.5957,212031,78697.163,3.7115875980399093
601577.SH,20260608,9.55,9.64,9.48,9.53,9.56,-0.03,-0.3138,154566,147600.091,9.549324625079253
601579.SH,20260608,15.81,16.56,15.6,15.88,15.81,0.07,0.4428,100907,162116.072,16.06588958149583
601588.SH,20260608,1.98,2.22,1.97,2.22,2.02,0.2,9.901,1164993,251622.609,2.159863698751838
601595.SH,20260608,19.11,19.46,18.13,18.59,19.33,-0.74,-3.8282,62560,116778.94,18.666710358056267
601598.SH,20260608,6.01,6.07,5.83,5.92,6.04,-0.12,-1.9868,160456,94977.911,5.919249576207807
601599.SH,20260608,3.15,3.22,3.07,3.12,3.18,-0.06,-1.8868,154575,48514.591,3.1385793951156398
601600.SH,20260608,10.14,10.31,9.9,10.02,10.68,-0.66,-6.1798,2865482,2899319.723,10.118087368896402
601601.SH,20260608,30.99,31.59,30.82,31.2,31.05,0.15,0.4831,503639,1571174.86,31.196449440968635
601606.SH,20260608,31.63,32.59,31.09,31.62,31.98,-0.36,-1.1257,111309,353761.164,31.781901193973532
601607.SH,20260608,16.18,16.22,15.93,16.03,16.26,-0.23,-1.4145,88820,142732.785,16.069892479171358
601608.SH,20260608,5.26,5.44,5.21,5.27,5.38,-0.11,-2.0446,538704,287016.101,5.327899941340699
601609.SH,20260608,12.0,12.28,11.5,11.68,12.5,-0.82,-6.56,616162,732634.569,11.890291335720152
601611.SH,20260608,10.84,11.04,10.58,10.68,11.1,-0.42,-3.7838,326857,352858.75,10.79550843335159
601615.SH,20260608,13.68,13.98,12.99,13.11,14.08,-0.97,-6.8892,901252,1211616.429,13.443703081934908
601616.SH,20260608,3.93,3.98,3.78,3.83,4.0,-0.17,-4.25,226606,87885.998,3.8783614732178324
601618.SH,20260608,2.74,2.74,2.68,2.68,2.75,-0.07,-2.5455,1258164,340427.03,2.7057444816415033
601619.SH,20260608,4.9,5.04,4.75,4.79,5.05,-0.26,-5.1485,496436,242334.088,4.881476927539501
601628.SH,20260608,33.01,33.5,32.7,33.0,32.82,0.18,0.5484,394605,1306116.813,33.099347778157906
601633.SH,20260608,16.6,16.72,16.24,16.41,16.74,-0.33,-1.9713,242600,398695.353,16.434268466611705
601636.SH,20260608,6.93,7.25,6.74,6.78,7.03,-0.25,-3.5562,2121762,1473910.954,6.946636587892515
601658.SH,20260608,4.95,5.0,4.93,4.98,4.96,0.02,0.4032,1307337,650423.963,4.9751820915341645
601665.SH,20260608,6.0,6.13,5.98,6.07,6.01,0.06,0.9983,538759,326316.89,6.056824851185781
601666.SH,20260608,9.35,10.15,9.34,9.75,9.67,0.08,0.8273,1003446,983918.737,9.805397968600204
601668.SH,20260608,4.7,4.72,4.68,4.7,4.72,-0.02,-0.4237,1671293,785242.487,4.698413067008597
601669.SH,20260608,5.16,5.16,5.01,5.02,5.22,-0.2,-3.8314,2018778,1025753.651,5.0810621623576235
601677.SH,20260608,17.45,17.95,17.24,17.65,18.11,-0.46,-2.54,573694,1004931.059,17.516847988649
601678.SH,20260608,5.21,5.43,5.15,5.21,5.37,-0.16,-2.9795,749751,395922.384,5.280718318481736
601686.SH,20260608,5.15,5.19,5.03,5.08,5.26,-0.18,-3.4221,187346,95894.064,5.118554119116501
601688.SH,20260608,18.6,19.04,18.55,18.74,18.85,-0.11,-0.5836,958402,1798570.068,18.7663430168134
601689.SH,20260608,64.96,70.0,64.96,68.1,68.0,0.1,0.1471,667117,4556807.931,68.3059782766741
601696.SH,20260608,10.61,10.8,10.44,10.51,10.83,-0.32,-2.9548,302696,321032.948,10.605787588868038
601698.SH,20260608,30.84,32.98,30.8,32.19,32.0,0.19,0.5938,689384,2194786.995,31.83692970826129
601699.SH,20260608,18.68,19.19,18.21,18.58,18.8,-0.22,-1.1702,501006,937936.611,18.72106543634208
601700.SH,20260608,5.13,5.14,4.84,4.95,5.21,-0.26,-4.9904,218819,109170.103,4.989059588061366
601702.SH,20260608,19.23,19.66,18.73,19.05,20.2,-1.15,-5.6931,126487,242518.648,19.173405013954003
601717.SH,20260608,17.8,17.92,17.28,17.47,18.08,-0.61,-3.3739,191832,337418.668,17.589279577964053
601718.SH,20260608,2.0,2.02,1.93,1.94,2.03,-0.09,-4.4335,440258,86610.563,1.9672683517392073
601727.SH,20260608,7.66,7.71,7.33,7.4,7.84,-0.44,-5.6122,1907930,1435750.378,7.525173240108391
601728.SH,20260608,6.07,6.23,6.0,6.21,6.11,0.1,1.6367,2306155,1419407.327,6.154865249733864
601766.SH,20260608,5.61,5.65,5.53,5.57,5.66,-0.09,-1.5901,1898984,1061778.304,5.591296735517519
601777.SH,20260608,9.61,10.16,9.6,9.72,10.05,-0.33,-3.2836,402805,395773.449,9.825435359541219
601778.SH,20260608,5.18,5.3,4.97,5.03,5.33,-0.3,-5.6285,1996004,1019442.78,5.107418522207371
601788.SH,20260608,13.68,13.83,13.45,13.55,13.83,-0.28,-2.0246,299148,407611.993,13.625763601962909
601789.SH,20260608,4.63,4.71,4.48,4.52,4.76,-0.24,-5.042,477508,218722.794,4.580505331847843
601798.SH,20260608,8.0,8.07,7.57,7.62,8.17,-0.55,-6.7319,174680,136325.652,7.804307991756354
601799.SH,20260608,123.77,125.72,121.16,122.35,125.7,-3.35,-2.6651,32776,403559.521,123.12653191359531
601800.SH,20260608,6.21,6.25,6.09,6.12,6.28,-0.16,-2.5478,455708,280723.086,6.160152685491587
601801.SH,20260608,5.55,5.68,5.49,5.57,5.6,-0.03,-0.5357,87611,48944.065,5.586520528244171
601808.SH,20260608,12.84,13.13,12.72,12.81,12.95,-0.14,-1.0811,197900,254754.756,12.872903284487114
601811.SH,20260608,12.98,13.03,12.85,12.92,13.01,-0.09,-0.6918,24503,31622.215,12.905446271885076
601816.SH,20260608,4.94,4.96,4.86,4.93,4.95,-0.02,-0.404,1764867,865631.417,4.904796888377424
601818.SH,20260608,3.11,3.14,3.1,3.12,3.13,-0.01,-0.3195,2156216,671878.861,3.1160090686647353
601825.SH,20260608,8.66,8.72,8.54,8.67,8.66,0.01,0.1155,160059,138735.653,8.667782067862476
601827.SH,20260608,7.95,8.01,7.82,7.9,8.0,-0.1,-1.25,89197,70467.371,7.900195185936747
601828.SH,20260608,2.41,2.47,2.41,2.43,2.44,-0.01,-0.4098,474750,115860.595,2.4404548709847287
601838.SH,20260608,18.99,19.19,18.9,18.97,19.04,-0.07,-0.3676,203392,387467.818,19.050297848489617
601857.SH,20260608,10.59,10.99,10.51,10.95,10.61,0.34,3.2045,2625498,2837335.166,10.80684565747146
601858.SH,20260608,22.37,22.72,21.2,21.52,22.87,-1.35,-5.9029,89990,196892.954,21.879425936215135
601860.SH,20260608,2.61,2.64,2.6,2.63,2.61,0.02,0.7663,430860,112773.327,2.617400710207492
601865.SH,20260608,10.85,11.04,10.48,10.57,11.13,-0.56,-5.0314,195106,209603.584,10.743061925312393
601866.SH,20260608,2.48,2.48,2.4,2.42,2.5,-0.08,-3.2,858333,209157.233,2.4367842434113567
601868.SH,20260608,2.83,2.86,2.79,2.8,2.89,-0.09,-3.1142,6336444,1787408.542,2.820838536567197
601869.SH,20260608,406.0,462.3,406.0,440.3,441.67,-1.37,-0.3102,189114,8228761.082,435.1217298560657
601872.SH,20260608,14.51,14.86,14.06,14.14,14.8,-0.66,-4.4595,1073639,1541099.87,14.353985557529114
601877.SH,20260608,26.38,26.73,25.37,25.64,27.09,-1.45,-5.3525,316660,822439.724,25.972327543737762
601878.SH,20260608,9.0,9.06,8.89,9.0,9.1,-0.1,-1.0989,294548,264403.626,8.976588739356574
601880.SH,20260608,1.59,1.59,1.55,1.56,1.6,-0.04,-2.5,1247094,195897.859,1.5708347486236
601881.SH,20260608,11.9,12.04,11.78,11.86,12.1,-0.24,-1.9835,377405,448943.668,11.895541076562315
601882.SH,20260608,20.31,21.32,20.26,20.66,20.51,0.15,0.7314,80581,168204.563,20.873973145034192
601886.SH,20260608,8.21,8.77,8.2,8.56,8.48,0.08,0.9434,100454,86594.162,8.62028012821789
601888.SH,20260608,59.0,59.8,57.27,57.45,57.2,0.25,0.4371,747426,4370877.265,58.479063679882685
601890.SH,20260608,8.82,8.95,8.56,8.65,9.0,-0.35,-3.8889,221486,193619.698,8.74184815293066
601898.SH,20260608,16.7,17.5,16.3,17.09,16.84,0.25,1.4846,690613,1170925.025,16.954865098108492
601899.SH,20260608,28.28,28.73,27.58,28.05,29.63,-1.58,-5.3324,3775320,10652472.482,28.216078324486404
601900.SH,20260608,11.69,11.87,11.58,11.7,11.79,-0.09,-0.7634,41685,48723.066,11.688392947103274
601901.SH,20260608,6.43,6.5,6.37,6.39,6.52,-0.13,-1.9939,517567,332437.487,6.423081204945447
601908.SH,20260608,3.56,3.62,3.43,3.45,3.66,-0.21,-5.7377,563928,198584.929,3.5214589273808006
601916.SH,20260608,3.09,3.09,3.04,3.05,3.09,-0.04,-1.2945,1441708,441874.573,3.0649380665155497
601918.SH,20260608,10.49,10.85,10.19,10.39,10.66,-0.27,-2.5328,798196,835855.79,10.471811309502929
601919.SH,20260608,14.9,15.08,14.82,15.02,15.0,0.02,0.1333,1099966,1646526.128,14.968882019989708
601921.SH,20260608,7.32,7.35,7.14,7.26,7.35,-0.09,-1.2245,99757,72093.635,7.226924927574005
601928.SH,20260608,8.96,9.04,8.9,8.97,8.99,-0.02,-0.2225,56106,50271.719,8.960132427904323
601929.SH,20260608,2.52,2.57,2.43,2.44,2.59,-0.15,-5.7915,932891,232188.487,2.48891335643714
601933.SH,20260608,3.45,3.53,3.4,3.41,3.46,-0.05,-1.4451,1184422,408930.627,3.4525754080893463
601939.SH,20260608,10.27,10.39,10.17,10.33,10.22,0.11,1.0763,1203499,1239979.406,10.303119537282539
601949.SH,20260608,5.18,5.28,5.03,5.14,5.21,-0.07,-1.3436,111110,57251.733,5.152707497074971
601952.SH,20260608,8.6,8.84,8.53,8.65,8.69,-0.04,-0.4603,84869,73430.42,8.652207519824671
601956.SH,20260608,5.14,5.25,4.99,5.07,5.23,-0.16,-3.0593,67997,34753.349,5.1110121034751534
601958.SH,20260608,21.25,21.95,20.61,20.8,21.96,-1.16,-5.2823,624080,1317865.468,21.116931611331886
601963.SH,20260608,12.18,12.23,11.91,12.19,12.01,0.18,1.4988,155988,188299.492,12.071408826319974
601965.SH,20260608,15.15,15.24,14.8,14.86,15.4,-0.54,-3.5065,79801,119795.61,15.011793085299683
601966.SH,20260608,11.98,12.04,11.89,11.94,12.11,-0.17,-1.4038,74221,88846.73,11.970564934452511
601968.SH,20260608,4.39,4.4,4.22,4.29,4.42,-0.13,-2.9412,124914,53867.022,4.3123286421057685
601969.SH,20260608,9.1,9.25,8.82,8.97,9.23,-0.26,-2.8169,193806,174928.774,9.02597308648855
601975.SH,20260608,4.19,4.32,4.03,4.08,4.28,-0.2,-4.6729,2115459,876714.501,4.144322820721177
601985.SH,20260608,8.92,9.09,8.86,8.98,8.99,-0.01,-0.1112,1422561,1275605.113,8.966962492293828
601988.SH,20260608,6.05,6.17,6.02,6.14,6.05,0.09,1.4876,3623035,2212689.496,6.1072815912625735
601990.SH,20260608,6.47,6.55,6.35,6.39,6.52,-0.13,-1.9939,177798,114488.847,6.439265177336077
601991.SH,20260608,7.65,8.1,7.16,7.27,7.93,-0.66,-8.3228,6278660,4728194.768,7.530579403885542
601992.SH,20260608,1.57,1.61,1.54,1.56,1.6,-0.04,-2.5,782560,122880.475,1.5702371064199552
601995.SH,20260608,31.88,32.89,31.66,32.71,32.3,0.41,1.2693,297488,964656.128,32.4267240359275
601996.SH,20260608,2.54,2.72,2.5,2.59,2.61,-0.02,-0.7663,363186,95430.082,2.6275815147059634
601997.SH,20260608,5.93,5.97,5.88,5.92,5.95,-0.03,-0.5042,427485,253157.272,5.922015322175048
601998.SH,20260608,7.39,7.72,7.3,7.69,7.37,0.32,4.3419,1299028,981785.464,7.557846820853746
601999.SH,20260608,5.87,5.99,5.74,5.82,5.92,-0.1,-1.6892,56597,33152.592,5.85765888651342
603000.SH,20260608,16.87,17.91,16.85,16.99,17.45,-0.46,-2.6361,225889,390018.483,17.265935171699375
603001.SH,20260608,10.31,10.55,9.96,10.21,10.6,-0.39,-3.6792,181745,186334.19,10.25250708410135
603002.SH,20260608,15.16,15.84,15.08,15.08,16.75,-1.67,-9.9701,475272,728833.795,15.33508801275901
603004.SH,20260608,18.5,18.88,18.03,18.27,18.99,-0.72,-3.7915,24997,46175.602,18.472457494899388
603005.SH,20260608,43.27,47.83,43.27,45.15,45.8,-0.65,-1.4192,1072496,4939251.246,46.05379643373961
603006.SH,20260608,13.77,14.27,13.71,14.16,13.97,0.19,1.3601,98356,138684.5,14.100258245556956
603007.SH,20260608,5.76,5.94,5.6,5.65,5.92,-0.27,-4.5608,438878,252609.042,5.755791860152479
603008.SH,20260608,8.76,9.4,8.65,9.19,8.97,0.22,2.4526,116716,107019.294,9.169205078995168
603009.SH,20260608,48.53,51.28,48.51,49.63,50.3,-0.67,-1.332,122199,612652.586,50.13564644555193
603010.SH,20260608,13.88,15.04,13.59,13.7,13.99,-0.29,-2.0729,261459,371529.174,14.20984452629284
603011.SH,20260608,31.26,32.86,29.43,29.67,32.7,-3.03,-9.2661,775473,2393502.914,30.865070918007458
603012.SH,20260608,8.69,8.69,8.02,8.28,8.9,-0.62,-6.9663,203424,170807.563,8.396627880682711
603013.SH,20260608,18.17,18.42,17.45,17.84,18.45,-0.61,-3.3062,34364,61800.254,17.984010592480505
603014.SH,20260608,30.79,30.92,30.03,30.12,31.2,-1.08,-3.4615,12272,37328.807,30.417867503259455
603015.SH,20260608,12.5,12.85,12.28,12.65,12.89,-0.24,-1.8619,124439,156651.826,12.588643913885518
603016.SH,20260608,39.62,40.33,37.92,38.49,40.55,-2.06,-5.0801,33814,132359.647,39.14344561424262
603017.SH,20260608,11.34,11.86,11.16,11.33,11.7,-0.37,-3.1624,76755,88144.369,11.483860204546936
603018.SH,20260608,6.9,6.95,6.72,6.82,6.97,-0.15,-2.1521,53962,36930.419,6.843782476557578
603019.SH,20260608,79.9,80.69,77.77,78.51,82.37,-3.86,-4.6862,427223,3390109.308,79.3522190518769
603020.SH,20260608,10.5,10.75,10.34,10.58,10.67,-0.09,-0.8435,120009,126531.744,10.543521235907306
603021.SH,20260608,7.51,7.51,7.24,7.24,7.62,-0.38,-4.9869,71528,52204.47,7.298466334861873
603022.SH,20260608,9.57,9.85,9.36,9.54,9.73,-0.19,-1.9527,44741,43037.731,9.619304664625288
603023.SH,20260608,4.11,4.25,3.98,4.06,4.21,-0.15,-3.5629,113065,46361.532,4.100431787025162
603025.SH,20260608,14.86,15.06,14.4,14.53,15.25,-0.72,-4.7213,98203,144567.451,14.721286620571675
603026.SH,20260608,81.67,83.78,78.0,79.3,83.78,-4.48,-5.3473,100210,806301.885,80.46121993812991
603027.SH,20260608,7.75,7.79,7.62,7.72,7.75,-0.03,-0.3871,111105,85544.989,7.699472480986454
603028.SH,20260608,7.6,7.9,7.42,7.57,7.9,-0.33,-4.1772,60892,46435.042,7.62580338960783
603029.SH,20260608,16.15,16.49,15.62,15.9,16.38,-0.48,-2.9304,22472,36160.553,16.09138171947312
603030.SH,20260608,2.44,2.52,2.37,2.43,2.49,-0.06,-2.4096,282854,69181.239,2.445828554660708
603031.SH,20260608,53.48,56.5,53.02,54.34,57.52,-3.18,-5.5285,215432,1175227.106,54.55211417059675
603032.SH,20260608,24.88,25.41,23.48,23.92,25.25,-1.33,-5.2673,151858,369658.289,24.34236517009311
603033.SH,20260608,10.01,10.21,9.76,9.9,10.0,-0.1,-1.0,115422,114559.111,9.925240508741835
603035.SH,20260608,12.11,12.18,11.77,12.02,12.18,-0.16,-1.3136,40715,48773.045,11.979134225715338
603036.SH,20260608,13.4,14.74,13.25,13.93,13.4,0.53,3.9552,180234,253935.727,14.089224397172567
603037.SH,20260608,12.6,12.96,12.35,12.47,13.0,-0.53,-4.0769,53501,67556.575,12.627161174557484
603038.SH,20260608,15.63,16.58,15.4,16.15,15.96,0.19,1.1905,64034,103175.422,16.11259986881969
603039.SH,20260608,38.33,41.93,38.33,41.15,39.94,1.21,3.0295,232488,950038.966,40.86400012043632
603040.SH,20260608,85.91,93.48,85.9,90.69,90.55,0.14,0.1546,30155,275627.877,91.40370651633228
603041.SH,20260608,11.94,12.39,11.66,11.86,12.22,-0.36,-2.946,31500,37860.963,12.019353333333333
603042.SH,20260608,19.01,20.12,18.81,19.3,20.35,-1.05,-5.1597,134519,261361.981,19.429372876693996
603043.SH,20260608,14.52,14.6,13.99,14.12,14.52,-0.4,-2.7548,34832,49763.55,14.286733463481857
603045.SH,20260608,78.86,91.26,78.86,90.0,83.41,6.59,7.9007,211963,1832307.463,86.44468435528843
603048.SH,20260608,20.25,22.66,19.98,21.79,20.79,1.0,4.81,93495,203535.15,21.769629391946093
603049.SH,20260608,46.03,46.52,45.4,45.89,46.6,-0.71,-1.5236,16337,75087.68,45.96173103997061
603050.SH,20260608,18.9,19.76,18.7,19.27,19.95,-0.68,-3.4085,97872,188778.367,19.288291544057547
603051.SH,20260608,20.36,21.37,20.15,20.56,21.36,-0.8,-3.7453,55170,114197.237,20.69915479427225
603052.SH,20260608,85.0,91.28,83.88,87.56,88.7,-1.14,-1.2852,54684,481813.042,88.10859520152148
603053.SH,20260608,9.2,9.24,9.0,9.11,9.29,-0.18,-1.9376,28749,26230.431,9.123945528540125
603055.SH,20260608,8.0,8.17,7.95,8.09,8.12,-0.03,-0.3695,51711,41592.347,8.043230067103712
603057.SH,20260608,25.0,25.8,23.77,24.16,24.92,-0.76,-3.0498,30799,75186.711,24.412062404623526
603058.SH,20260608,9.93,10.44,9.39,9.49,10.18,-0.69,-6.778,95631,94067.457,9.836502493961163
603059.SH,20260608,26.2,26.84,25.6,26.07,26.5,-0.43,-1.6226,11886,31149.238,26.206661618711088
603060.SH,20260608,7.0,7.45,6.87,7.3,7.22,0.08,1.108,327289,238232.204,7.278955418605575
603061.SH,20260608,268.63,299.01,268.63,286.6,296.13,-9.53,-3.2182,23997,693261.251,288.8949664541401
603062.SH,20260608,42.14,42.27,40.34,40.79,42.6,-1.81,-4.2488,7686,31686.266,41.22595107988551
603063.SH,20260608,51.75,56.0,51.0,53.37,54.43,-1.06,-1.9475,252646,1363079.911,53.95216670756711
603065.SH,20260608,9.37,9.61,9.01,9.45,9.55,-0.1,-1.0471,319548,300475.28,9.403134427378673
603066.SH,20260608,10.62,10.89,10.38,10.57,10.83,-0.26,-2.4007,44963,47803.434,10.6317269755132
603067.SH,20260608,34.6,35.28,32.65,32.65,36.28,-3.63,-10.0055,398138,1335118.752,33.53406989536292
603068.SH,20260608,32.59,32.99,31.51,32.0,33.4,-1.4,-4.1916,42128,135852.836,32.247634827193316
603069.SH,20260608,14.8,15.18,14.33,14.63,15.2,-0.57,-3.75,46899,69071.657,14.72774622060172
603070.SH,20260608,16.99,17.0,16.33,16.53,16.73,-0.2,-1.1955,108542,180400.322,16.620324114167786
603071.SH,20260608,13.81,13.93,12.79,12.99,14.02,-1.03,-7.3466,85143,112254.206,13.184196704367945
603072.SH,20260608,36.16,36.61,34.85,35.39,36.85,-1.46,-3.962,37416,133630.839,35.71489175753689
603073.SH,20260608,17.1,17.84,16.69,17.17,17.76,-0.59,-3.3221,20860,35916.137,17.217707094918506
603075.SH,20260608,23.7,24.3,23.38,23.68,24.5,-0.82,-3.3469,25641,61150.912,23.84887952887953
603076.SH,20260608,23.66,24.35,23.21,23.45,24.36,-0.91,-3.7356,27082,64111.413,23.67307178199542
603077.SH,20260608,2.35,2.39,2.26,2.29,2.39,-0.1,-4.1841,1612076,373711.069,2.3181975849773835
603078.SH,20260608,38.99,45.01,38.99,42.84,41.56,1.28,3.0799,720407,3066110.652,42.560811485729594
603079.SH,20260608,13.14,13.54,12.71,12.87,13.4,-0.53,-3.9552,23816,31203.423,13.10187395028552
603080.SH,20260608,19.81,21.86,19.81,21.0,20.45,0.55,2.6895,51085,107889.558,21.11961593422727
603081.SH,20260608,10.02,10.21,9.8,9.94,10.21,-0.27,-2.6445,30555,30505.097,9.98366781214204
603082.SH,20260608,36.01,37.27,35.83,35.92,37.59,-1.67,-4.4427,44864,163371.714,36.41487919044223
603083.SH,20260608,179.0,187.88,173.1,174.76,192.02,-17.26,-8.9886,289570,5206313.381,179.79463967261802
603085.SH,20260608,12.02,12.69,12.02,12.21,12.5,-0.29,-2.32,90014,111257.522,12.360024218454907
603086.SH,20260608,5.92,6.02,5.75,5.8,5.94,-0.14,-2.3569,63027,37000.055,5.87050867088708
603087.SH,20260608,53.93,56.2,53.66,55.99,54.58,1.41,2.5834,84793,468545.878,55.25761301050794
603088.SH,20260608,10.2,10.5,10.0,10.16,10.5,-0.34,-3.2381,110228,112751.925,10.228973128424721
603089.SH,20260608,10.05,10.3,9.81,10.0,10.21,-0.21,-2.0568,26268,26461.098,10.073510735495661
603090.SH,20260608,62.86,62.88,59.95,60.26,63.5,-3.24,-5.1024,40244,247429.077,61.48222766126628
603091.SH,20260608,66.77,66.77,63.1,65.2,67.86,-2.66,-3.9198,8460,54908.599,64.90378132387707
603092.SH,20260608,58.9,60.1,56.83,57.7,60.64,-2.94,-4.8483,16883,98318.125,58.23498489604928
603093.SH,20260608,18.23,18.95,17.96,18.14,18.84,-0.7,-3.7155,115040,211108.872,18.35091029207232
603095.SH,20260608,18.34,18.68,17.7,17.93,18.78,-0.85,-4.5261,46138,83707.355,18.142822619099224
603096.SH,20260608,15.46,15.66,15.02,15.29,15.46,-0.17,-1.0996,16298,25071.66,15.383274021352314
603097.SH,20260608,25.33,26.0,24.14,25.1,26.01,-0.91,-3.4987,27450,68761.784,25.049830236794172
603098.SH,20260608,11.74,12.24,11.74,11.95,12.23,-0.28,-2.2895,46024,55270.27,12.00901051625239
603099.SH,20260608,36.5,37.65,35.67,36.04,37.39,-1.35,-3.6106,87718,319693.552,36.445604322943986
603100.SH,20260608,18.32,18.65,18.03,18.28,18.62,-0.34,-1.826,49233,90357.034,18.35294091361485
603101.SH,20260608,7.25,7.37,6.96,7.05,7.24,-0.19,-2.6243,105611,75535.607,7.152248061281496
603102.SH,20260608,34.85,35.67,34.51,34.95,35.46,-0.51,-1.4382,4996,17535.277,35.09863290632506
603103.SH,20260608,22.75,23.8,21.22,21.59,23.3,-1.71,-7.3391,178181,398012.921,22.33756242248051
603105.SH,20260608,8.31,8.42,8.03,8.1,8.49,-0.39,-4.5936,118151,96988.063,8.208822862269468
603106.SH,20260608,7.36,7.55,7.19,7.3,7.49,-0.19,-2.5367,69353,51167.817,7.377880841492077
603107.SH,20260608,13.02,13.02,12.59,12.71,12.98,-0.27,-2.0801,20104,25799.03,12.832784520493433
603108.SH,20260608,11.38,11.69,11.13,11.23,11.68,-0.45,-3.8527,168741,191694.07,11.360254472831144
603109.SH,20260608,20.81,21.23,19.9,19.96,21.45,-1.49,-6.9464,43161,88378.6,20.476494983897503
603110.SH,20260608,19.64,21.8,19.64,20.69,20.67,0.02,0.0968,126988,264934.849,20.862983037767346
603111.SH,20260608,6.26,6.3,6.13,6.19,6.31,-0.12,-1.9017,64720,40191.106,6.2099978368355995
603112.SH,20260608,19.5,19.96,18.99,18.99,21.1,-2.11,-10.0,210547,404933.729,19.232462538055636
603113.SH,20260608,5.01,5.06,4.89,4.93,5.07,-0.14,-2.7613,85365,42419.128,4.969147542904
603115.SH,20260608,96.71,101.7,95.02,95.5,103.69,-8.19,-7.8985,75528,740026.791,97.98045638703528
603116.SH,20260608,7.2,7.3,6.82,6.92,7.33,-0.41,-5.5935,120920,84815.492,7.014182269268938
603117.SH,20260608,4.09,4.23,4.02,4.06,4.16,-0.1,-2.4038,103845,42649.766,4.1070601377052345
603118.SH,20260608,12.89,13.01,12.26,12.35,13.41,-1.06,-7.9045,424751,538697.28,12.68266066471886
603119.SH,20260608,70.97,75.45,70.81,72.45,73.7,-1.25,-1.6961,280774,2071114.845,73.76448121977106
603120.SH,20260608,47.94,51.0,47.7,48.2,52.18,-3.98,-7.6274,26946,132024.64,48.996006828471764
603121.SH,20260608,15.55,16.26,15.37,15.56,15.95,-0.39,-2.4451,66850,105704.717,15.812223934181002
603122.SH,20260608,12.25,12.57,11.98,12.14,12.44,-0.3,-2.4116,97243,118990.228,12.236379790833274
603123.SH,20260608,9.4,9.58,9.05,9.18,9.55,-0.37,-3.8743,138163,128162.52,9.276182480114068
603124.SH,20260608,159.8,159.8,151.2,151.2,168.0,-16.8,-10.0,52959,808061.129,152.582399403312
603125.SH,20260608,23.89,23.9,23.0,23.26,24.3,-1.04,-4.2798,61199,143535.343,23.453870651481232
603126.SH,20260608,7.5,7.71,7.29,7.45,7.68,-0.23,-2.9948,102817,76991.062,7.4881646031298335
603127.SH,20260608,31.61,32.8,31.0,31.37,32.6,-1.23,-3.773,161994,513729.874,31.712895168956873
603128.SH,20260608,5.33,5.44,5.32,5.35,5.37,-0.02,-0.3724,93959,50335.427,5.3571692972466725
603129.SH,20260608,228.77,238.75,228.77,235.2,228.7,6.5,2.8422,22473,529143.325,235.45735994304272
603130.SH,20260608,43.35,46.44,43.35,44.93,45.03,-0.1,-0.2221,18033,81285.983,45.07623967171297
603131.SH,20260608,18.88,19.7,18.54,18.67,19.35,-0.68,-3.5142,114004,217609.143,19.0878515666117
603132.SH,20260608,16.34,16.68,15.76,15.97,16.84,-0.87,-5.1663,49881,80510.057,16.140425612958843
603135.SH,20260608,14.28,15.43,13.58,15.43,14.03,1.4,9.9786,754236,1119915.745,14.8483464724569
603136.SH,20260608,9.12,9.3,9.01,9.16,9.22,-0.06,-0.6508,28636,26185.86,9.144384690599246
603137.SH,20260608,11.96,12.15,11.46,11.76,12.15,-0.39,-3.2099,17718,20928.295,11.81188339541709
603138.SH,20260608,16.75,17.78,16.73,17.13,17.63,-0.5,-2.8361,99775,172578.855,17.296803307441746
603139.SH,20260608,37.0,37.45,35.31,35.9,38.07,-2.17,-5.7,36889,134057.033,36.34065249803464
603150.SH,20260608,68.0,72.88,65.5,67.8,67.59,0.21,0.3107,51390,359046.79,69.86705390153726
603151.SH,20260608,12.38,13.06,12.2,12.47,12.73,-0.26,-2.0424,25199,31822.85,12.628616214929163
603153.SH,20260608,14.02,14.19,13.73,13.9,14.19,-0.29,-2.0437,15187,21192.108,13.954110752617371
603155.SH,20260608,19.39,20.34,19.08,19.62,19.84,-0.22,-1.1089,81334,160123.15,19.687111171219907
603156.SH,20260608,39.0,40.18,38.44,38.9,40.49,-1.59,-3.9269,79098,310400.248,39.24249007560242
603158.SH,20260608,15.75,16.26,15.42,15.59,16.3,-0.71,-4.3558,372594,588716.468,15.80048170394585
603159.SH,20260608,26.43,28.1,26.43,27.3,27.08,0.22,0.8124,69501,190080.178,27.349272384570007
603160.SH,20260608,53.53,54.22,51.81,52.42,55.32,-2.9,-5.2422,69586,369355.611,53.07901172649671
603161.SH,20260608,14.5,15.24,14.3,14.89,14.89,0.0,0.0,73205,109286.966,14.928893654805
603162.SH,20260608,10.7,10.75,9.87,10.0,10.84,-0.84,-7.7491,247290,253199.513,10.238970965263457
603163.SH,20260608,93.0,103.0,93.0,96.85,101.02,-4.17,-4.1279,20403,200147.391,98.0970401411557
603165.SH,20260608,16.48,17.0,16.18,16.8,16.69,0.11,0.6591,118405,197649.385,16.692655293273088
603166.SH,20260608,13.47,14.1,13.35,14.02,13.45,0.57,4.2379,229109,315247.737,13.75972733502394
603167.SH,20260608,9.05,9.1,9.0,9.03,9.12,-0.09,-0.9868,41360,37399.89,9.04252659574468
603168.SH,20260608,5.55,5.69,5.37,5.45,5.61,-0.16,-2.852,58469,32143.525,5.497532880671809
603169.SH,20260608,7.62,7.75,7.29,7.42,7.71,-0.29,-3.7613,178461,133512.668,7.481335866099597
603170.SH,20260608,11.96,12.22,11.77,11.89,12.17,-0.28,-2.3007,24102,28773.591,11.93825865073438
603171.SH,20260608,45.41,47.26,45.09,45.72,47.41,-1.69,-3.5646,53548,246405.653,46.015846156719206
603172.SH,20260608,18.7,19.2,18.06,18.33,19.1,-0.77,-4.0314,19762,36646.74,18.544044125088554
603173.SH,20260608,34.04,34.31,32.61,33.39,34.56,-1.17,-3.3854,15965,53363.433,33.4252633886627
603175.SH,20260608,79.0,82.95,77.67,78.85,82.0,-3.15,-3.8415,36308,289581.703,79.75699652969043
603176.SH,20260608,4.91,5.28,4.84,5.07,5.01,0.06,1.1976,112461,56909.57,5.0603827104507335
603177.SH,20260608,9.58,9.98,9.48,9.6,9.93,-0.33,-3.3233,38228,37175.851,9.724770063827561
603178.SH,20260608,17.0,17.48,16.6,16.89,17.37,-0.48,-2.7634,66105,112448.98,17.010661825883066
603179.SH,20260608,50.22,54.5,50.1,53.25,52.21,1.04,1.992,343538,1822035.557,53.03738034802555
603180.SH,20260608,15.85,16.39,15.5,15.89,16.18,-0.29,-1.7923,12470,19764.493,15.849633520449075
603181.SH,20260608,13.28,13.65,12.96,13.35,13.5,-0.15,-1.1111,69600,92693.09,13.317972701149426
603182.SH,20260608,12.6,12.95,12.38,12.61,12.82,-0.21,-1.6381,18436,23354.773,12.668026144499894
603183.SH,20260608,3.92,4.05,3.83,3.88,3.99,-0.11,-2.7569,130462,51283.335,3.9309021017614327
603185.SH,20260608,17.08,17.32,16.29,16.46,17.48,-1.02,-5.8352,148145,248263.157,16.75811920753316
603186.SH,20260608,115.24,136.03,114.5,136.03,123.66,12.37,10.0032,246802,3267391.662,132.38918898550256
603187.SH,20260608,12.54,12.73,12.36,12.46,12.83,-0.37,-2.8839,48813,61140.212,12.525395284043185
603188.SH,20260608,4.35,4.49,4.23,4.28,4.44,-0.16,-3.6036,105782,46076.818,4.35582783460324
603189.SH,20260608,12.06,12.6,11.98,11.99,12.46,-0.47,-3.7721,49133,60088.57,12.22977835670527
603190.SH,20260608,25.5,26.38,25.42,25.7,26.28,-0.58,-2.207,16764,43383.396,25.87890479599141
603191.SH,20260608,17.09,17.51,16.55,16.78,17.9,-1.12,-6.257,132661,225274.638,16.98122568049389
603192.SH,20260608,19.6,19.65,18.7,19.04,19.62,-0.58,-2.9562,9891,19015.006,19.22455363461733
603193.SH,20260608,22.18,22.69,21.41,21.7,22.51,-0.81,-3.5984,33045,72528.542,21.94841640187623
603194.SH,20260608,35.12,36.29,34.87,35.73,35.38,0.35,0.9893,26924,95916.0,35.62472143812212
603195.SH,20260608,39.2,39.99,39.2,39.76,40.02,-0.26,-0.6497,46424,183454.117,39.5170853437877
603196.SH,20260608,22.7,23.56,22.09,22.47,23.7,-1.23,-5.1899,27645,62837.273,22.730068005064208
603197.SH,20260608,30.0,30.5,29.34,29.76,30.35,-0.59,-1.944,27211,81306.124,29.87987358053728
603198.SH,20260608,35.33,36.13,34.31,34.83,35.13,-0.3,-0.854,59572,209200.504,35.11725374336937
603199.SH,20260608,32.41,32.99,31.69,31.93,32.83,-0.9,-2.7414,18930,60866.22,32.15331220285262
603200.SH,20260608,46.5,47.65,44.6,45.3,48.04,-2.74,-5.7036,37081,170986.917,46.11173296297295
603201.SH,20260608,17.8,18.7,17.7,18.05,18.13,-0.08,-0.4413,68021,124063.422,18.238988253627557
603202.SH,20260608,63.78,64.24,62.21,64.06,64.56,-0.5,-0.7745,12996,82344.623,63.3615135426285
603203.SH,20260608,54.3,55.86,51.05,55.86,50.78,5.08,10.0039,150473,816606.208,54.269284722176074
603205.SH,20260608,22.99,23.3,22.58,22.65,23.24,-0.59,-2.5387,6850,15654.906,22.853877372262772
603206.SH,20260608,15.3,17.0,15.08,17.0,15.45,1.55,10.0324,61283,102227.213,16.681169818709918
603207.SH,20260608,22.5,22.75,21.86,22.35,22.77,-0.42,-1.8445,10425,23219.253,22.27266474820144
603208.SH,20260608,12.53,12.6,11.96,12.49,12.53,-0.04,-0.3192,23530,29035.182,12.339643858903528
603209.SH,20260608,13.12,13.32,12.77,12.97,13.28,-0.31,-2.3343,29025,37755.096,13.007785012919896
603210.SH,20260608,14.57,15.14,14.4,14.41,15.12,-0.71,-4.6958,94838,139700.424,14.730427044011893
603211.SH,20260608,26.29,29.13,26.29,28.57,27.52,1.05,3.8154,92447,258188.582,27.92828128549331
603212.SH,20260608,15.5,16.57,15.47,16.57,15.87,0.7,4.4108,497855,808065.104,16.230932781633207
603213.SH,20260608,13.99,14.38,13.95,14.16,14.2,-0.04,-0.2817,49472,69882.353,14.125637330206986
603214.SH,20260608,13.9,14.2,13.43,13.76,14.12,-0.36,-2.5496,25330,35001.239,13.81809672325306
603215.SH,20260608,15.63,15.69,14.88,15.08,15.65,-0.57,-3.6422,16851,25712.335,15.25864043676933
603216.SH,20260608,23.0,25.74,23.0,24.23,23.57,0.66,2.8002,79091,195982.99,24.77943002364365
603217.SH,20260608,23.73,24.69,22.89,23.31,24.42,-1.11,-4.5455,30106,71026.165,23.59202982794127
603218.SH,20260608,10.96,11.12,10.5,10.66,11.14,-0.48,-4.3088,132783,142738.558,10.749761490552254
603219.SH,20260608,15.25,16.14,15.19,15.52,15.83,-0.31,-1.9583,54079,84553.11,15.635109746851828
603220.SH,20260608,21.75,22.57,21.51,22.0,22.77,-0.77,-3.3816,263658,580987.109,22.035633623861216
603221.SH,20260608,12.2,12.78,12.02,12.21,12.5,-0.29,-2.32,29735,36575.907,12.300624516562973
603222.SH,20260608,8.5,8.71,8.29,8.56,8.63,-0.07,-0.8111,134159,114144.703,8.508165907617082
603223.SH,20260608,9.37,9.46,9.03,9.19,9.49,-0.3,-3.1612,100009,92389.71,9.238139567438932
603225.SH,20260608,19.61,20.25,19.05,19.1,20.33,-1.23,-6.0502,270077,525266.779,19.44877864460876
603226.SH,20260608,48.55,50.16,47.85,48.01,51.3,-3.29,-6.4133,40774,199160.063,48.84486756266248
603227.SH,20260608,8.3,8.39,8.04,8.13,8.38,-0.25,-2.9833,103019,84257.624,8.178843126025296
603228.SH,20260608,67.04,72.8,67.04,68.96,71.33,-2.37,-3.3226,311557,2162766.833,69.4180144564237
603229.SH,20260608,9.0,9.22,8.86,9.11,9.24,-0.13,-1.4069,92312,83287.389,9.02237943062657
603230.SH,20260608,9.7,9.85,9.52,9.73,9.9,-0.17,-1.7172,18689,18121.318,9.696248060356359
603231.SH,20260608,15.58,15.79,15.28,15.44,15.73,-0.29,-1.8436,12906,20042.723,15.52977142414381
603232.SH,20260608,17.38,18.35,17.2,17.3,18.68,-1.38,-7.3876,137370,243046.569,17.692841886874863
603233.SH,20260608,15.99,16.05,15.57,15.79,15.93,-0.14,-0.8788,60879,95978.765,15.7654963123573
603235.SH,20260608,23.22,23.22,22.71,23.12,23.35,-0.23,-0.985,4722,10848.521,22.97441973739941
603236.SH,20260608,55.88,59.5,55.69,58.3,57.33,0.97,1.692,191747,1113896.797,58.09200649814599
603237.SH,20260608,15.8,16.1,15.47,15.63,15.92,-0.29,-1.8216,20178,31726.748,15.723435424719991
603238.SH,20260608,12.6,13.0,12.22,12.54,12.84,-0.3,-2.3364,25296,31873.948,12.600390575585072
603239.SH,20260608,18.11,19.08,18.11,18.51,18.9,-0.39,-2.0635,45315,83984.0,18.533377468829308
603248.SH,20260608,25.1,26.15,24.57,24.92,25.71,-0.79,-3.0727,55235,139579.656,25.270146827192903
603255.SH,20260608,29.0,30.0,28.11,28.62,29.72,-1.1,-3.7012,15880,46053.336,29.000841309823677
603256.SH,20260608,186.6,195.0,182.3,188.56,196.06,-7.5,-3.8254,175007,3296548.081,188.3666413914872
603257.SH,20260608,62.88,64.2,60.3,63.5,63.88,-0.38,-0.5949,17557,110981.773,63.21226462379678
603258.SH,20260608,13.7,14.1,13.45,13.68,14.0,-0.32,-2.2857,27714,38136.042,13.760569387313273
603259.SH,20260608,95.72,97.31,94.06,96.0,96.56,-0.56,-0.58,458456,4372314.526,95.37042869980979
603260.SH,20260608,36.29,37.76,35.39,35.75,37.34,-1.59,-4.2582,82358,299266.953,36.33732642851939
603261.SH,20260608,33.8,33.88,32.6,33.01,33.83,-0.82,-2.4239,3283,10893.136,33.18043253122144
603262.SH,20260608,27.81,27.86,27.01,27.27,28.16,-0.89,-3.1605,23423,63952.295,27.303204115612857
603266.SH,20260608,18.33,18.67,18.05,18.24,18.71,-0.47,-2.512,32485,59553.208,18.332525165460982
603267.SH,20260608,70.0,71.7,67.32,67.32,74.8,-7.48,-10.0,200048,1382709.827,69.11890281332481
603268.SH,20260608,140.0,150.69,139.75,146.98,142.09,4.89,3.4415,96685,1422504.978,147.12778383410043
603269.SH,20260608,20.55,21.99,20.44,21.06,21.97,-0.91,-4.142,190155,402813.595,21.183434303594435
603270.SH,20260608,29.66,31.0,29.08,30.08,29.77,0.31,1.0413,139096,419623.462,30.167902887214588
603271.SH,20260608,44.19,44.19,42.41,42.86,44.81,-1.95,-4.3517,21326,92027.37,43.15266341554909
603272.SH,20260608,42.17,44.85,41.42,41.42,43.6,-2.18,-5.0,34070,146167.991,42.90225741121222
603273.SH,20260608,14.57,15.04,14.26,14.52,14.81,-0.29,-1.9581,21059,30908.61,14.677149912151574
603275.SH,20260608,40.7,41.8,40.01,40.65,41.72,-1.07,-2.5647,16965,69249.506,40.81904273504273
603276.SH,20260608,16.2,16.54,15.5,15.85,16.4,-0.55,-3.3537,31563,50454.242,15.985249184171339
603277.SH,20260608,11.29,11.46,11.18,11.44,11.44,0.0,0.0,15073,17087.474,11.336478471438996
603278.SH,20260608,12.29,14.14,12.15,14.14,12.85,1.29,10.0389,577955,772857.256,13.372273896756667
603279.SH,20260608,13.8,14.04,13.3,13.48,14.02,-0.54,-3.8516,103041,139879.329,13.575113692607797
603280.SH,20260608,28.35,29.09,27.88,28.3,28.75,-0.45,-1.5652,13116,37363.569,28.48701509606588
603281.SH,20260608,32.86,33.03,31.28,31.46,33.83,-2.37,-7.0056,39528,126845.965,32.09015507994333
603282.SH,20260608,15.24,15.99,14.9,15.26,15.69,-0.43,-2.7406,19221,29691.373,15.447361219499506
603283.SH,20260608,46.56,48.38,45.48,46.22,49.05,-2.83,-5.7696,194113,908399.979,46.797482857922965
603284.SH,20260608,40.02,40.37,38.61,39.04,40.69,-1.65,-4.0551,13678,54083.533,39.54052712384852
603285.SH,20260608,38.96,41.59,38.52,38.52,42.8,-4.28,-10.0,46652,185353.664,39.73112921203806
603286.SH,20260608,59.9,62.37,58.5,60.03,60.96,-0.93,-1.5256,51824,315611.36,60.90061747452918
603288.SH,20260608,33.81,34.12,33.37,34.07,34.03,0.04,0.1175,169390,571555.546,33.74198866521046
603289.SH,20260608,9.68,9.97,9.4,9.55,9.75,-0.2,-2.0513,87807,84999.658,9.680282665391141
603290.SH,20260608,106.72,110.21,105.97,106.4,113.18,-6.78,-5.9905,81714,880478.373,107.75122659519789
603291.SH,20260608,10.0,10.16,9.34,9.56,10.2,-0.64,-6.2745,78577,76104.912,9.685392926683381
603293.SH,20260608,42.54,43.2,41.51,41.73,43.63,-1.9,-4.3548,20125,85314.292,42.3921947826087
603296.SH,20260608,100.96,103.55,99.11,99.18,107.54,-8.36,-7.7739,235566,2379854.438,101.02707682772558
603297.SH,20260608,117.81,120.99,113.15,115.68,123.83,-8.15,-6.5816,21018,245926.5,117.00756494433342
603298.SH,20260608,24.36,25.49,24.31,24.64,24.78,-0.14,-0.565,73925,183978.896,24.887236523503553
603299.SH,20260608,9.95,10.03,9.74,9.87,10.04,-0.17,-1.6932,72651,71849.7,9.889705578725689
603300.SH,20260608,5.14,5.26,5.02,5.07,5.26,-0.19,-3.6122,439152,225313.558,5.130650845265421
603301.SH,20260608,80.01,81.0,76.63,78.98,80.16,-1.18,-1.4721,25880,204443.904,78.99687171561052
603303.SH,20260608,25.97,27.33,25.8,26.7,27.45,-0.75,-2.7322,48437,128287.439,26.485422094679688
603305.SH,20260608,14.44,15.13,14.43,14.65,14.91,-0.26,-1.7438,332460,490962.221,14.767557630993203
603306.SH,20260608,89.86,95.2,89.86,91.43,98.95,-7.52,-7.5998,146312,1353448.349,92.50426137295642
603307.SH,20260608,38.4,39.63,37.68,38.15,39.1,-0.95,-2.4297,13834,53540.576,38.70216567876247
603308.SH,20260608,61.13,63.49,59.4,60.45,64.34,-3.89,-6.046,204792,1254467.728,61.25569983202468
603309.SH,20260608,11.41,11.7,11.33,11.45,11.57,-0.12,-1.0372,37493,43147.723,11.50820766543088
603310.SH,20260608,15.7,16.24,15.64,15.83,16.02,-0.19,-1.186,29291,46690.176,15.940109931378238
603311.SH,20260608,38.9,39.2,36.83,36.83,40.92,-4.09,-9.9951,147806,556544.925,37.653743758710746
603312.SH,20260608,36.03,36.26,34.27,34.79,36.85,-2.06,-5.5902,15943,56167.286,35.23006084174873
603313.SH,20260608,5.31,5.41,5.18,5.26,5.43,-0.17,-3.1308,86068,45466.037,5.282571571315704
603315.SH,20260608,16.13,16.9,15.3,15.57,16.6,-1.03,-6.2048,186332,298479.84,16.018710688448575
603316.SH,20260608,18.95,20.2,18.89,19.19,19.8,-0.61,-3.0808,190872,373074.463,19.54579314933568
603317.SH,20260608,13.52,13.71,12.98,13.11,13.69,-0.58,-4.2367,124243,164762.434,13.26130518419549
603318.SH,20260608,8.93,9.18,8.74,8.76,8.88,-0.12,-1.3514,392501,351834.248,8.963907047370581
603319.SH,20260608,42.0,43.0,40.4,41.5,43.16,-1.66,-3.8462,331626,1384262.179,41.741666184195445
603320.SH,20260608,21.3,21.32,19.7,20.2,21.51,-1.31,-6.0902,31957,65526.593,20.50461338673843
603321.SH,20260608,6.47,6.65,6.31,6.45,6.59,-0.14,-2.1244,44231,28616.734,6.4698365399832705
603322.SH,20260608,29.06,30.08,28.9,29.46,30.53,-1.07,-3.5047,62249,183553.26,29.48694115568122
603323.SH,20260608,4.73,4.74,4.68,4.72,4.72,0.0,0.0,233870,110002.535,4.703576132039167
603324.SH,20260608,29.0,30.46,28.2,28.86,30.18,-1.32,-4.3738,81225,235785.818,29.02872489996922
603325.SH,20260608,56.68,59.57,56.68,58.75,58.5,0.25,0.4274,6862,40296.946,58.72478286213933
603326.SH,20260608,7.28,7.36,6.97,7.09,7.3,-0.21,-2.8767,32453,23239.203,7.1608797337688355
603327.SH,20260608,10.4,10.69,10.1,10.2,10.66,-0.46,-4.3152,313561,324829.281,10.359364876371744
603328.SH,20260608,12.7,13.37,12.55,13.0,13.31,-0.31,-2.3291,521531,674731.586,12.937516389246277
603329.SH,20260608,10.0,10.42,9.85,10.06,10.18,-0.12,-1.1788,45581,46176.612,10.130671112963736
603330.SH,20260608,7.75,8.21,7.75,7.75,8.61,-0.86,-9.9884,910195,719577.735,7.905753547316784
603331.SH,20260608,12.31,13.09,12.31,12.92,12.74,0.18,1.4129,100097,127853.59,12.772969219856737
603332.SH,20260608,11.61,12.0,11.36,11.51,11.96,-0.45,-3.7625,50481,58828.468,11.65358610170163
603333.SH,20260608,8.58,8.85,8.43,8.55,8.79,-0.24,-2.7304,165562,143057.592,8.64072625360892
603334.SH,20260608,40.55,41.93,40.1,40.69,41.31,-0.62,-1.5008,13191,54049.149,40.974261996816004
603335.SH,20260608,6.7,7.37,6.67,6.98,6.9,0.08,1.1594,237728,167483.082,7.045155892448513
603336.SH,20260608,8.88,9.12,8.5,8.65,9.01,-0.36,-3.9956,182558,160380.909,8.78520300397682
603337.SH,20260608,39.06,42.8,38.9,40.91,39.72,1.19,2.996,75138,310006.198,41.25824456333679
603338.SH,20260608,52.0,52.77,51.03,51.72,52.4,-0.68,-1.2977,46176,238733.248,51.700720720720724
603339.SH,20260608,13.02,13.48,12.91,13.15,13.29,-0.14,-1.0534,48991,64643.404,13.194954991733177
603341.SH,20260608,37.0,37.8,36.46,37.16,38.7,-1.54,-3.9793,159460,590297.694,37.018543459174715
603344.SH,20260608,29.56,30.76,28.92,29.62,31.08,-1.46,-4.6976,50827,151542.853,29.815423495386312
603345.SH,20260608,86.28,88.62,86.2,88.1,86.68,1.42,1.6382,70980,621767.5,87.59756269371653
603348.SH,20260608,15.56,15.83,15.16,15.41,15.9,-0.49,-3.0818,23289,36033.853,15.472477564515437
603350.SH,20260608,30.37,30.78,29.89,30.49,30.67,-0.18,-0.5869,10816,32913.184,30.43008875739645
603351.SH,20260608,24.73,25.79,24.73,25.0,25.47,-0.47,-1.8453,10567,26683.948,25.252151036244914
603352.SH,20260608,30.05,30.31,29.23,29.37,30.35,-0.98,-3.229,16028,47624.3,29.713189418517597
603353.SH,20260608,41.0,42.49,39.78,40.51,43.5,-2.99,-6.8736,50719,207375.785,40.887199077268875
603355.SH,20260608,25.18,25.96,24.73,25.0,25.58,-0.58,-2.2674,17318,43603.626,25.178211109827924
603356.SH,20260608,17.32,18.7,17.08,17.78,17.75,0.03,0.169,57541,103745.15,18.029778766444796
603357.SH,20260608,6.83,6.9,6.68,6.79,6.91,-0.12,-1.7366,39895,27121.564,6.79823637047249
603358.SH,20260608,37.3,38.29,37.0,37.85,38.46,-0.61,-1.5861,93085,350257.74,37.62773164312188
603359.SH,20260608,2.75,2.93,2.74,2.8,2.86,-0.06,-2.0979,109050,30933.817,2.8366636405318664
603360.SH,20260608,19.91,20.29,18.77,18.9,20.22,-1.32,-6.5282,219707,425752.61,19.378199602197473
603363.SH,20260608,2.94,3.02,2.86,2.9,2.97,-0.07,-2.3569,316811,92845.517,2.930627945368059
603365.SH,20260608,18.0,18.36,17.75,17.92,18.41,-0.49,-2.6616,19967,35843.394,17.95131667250964
603366.SH,20260608,7.0,7.15,6.87,6.92,7.17,-0.25,-3.4868,101984,71169.794,6.978525454973329
603367.SH,20260608,13.36,13.52,13.1,13.22,13.46,-0.24,-1.7831,47639,63357.144,13.29942777976028
603368.SH,20260608,16.2,16.5,15.99,16.12,16.34,-0.22,-1.3464,39181,63588.354,16.22938516117506
603369.SH,20260608,25.9,26.29,25.41,25.58,25.93,-0.35,-1.3498,103822,267110.272,25.72771397199052
603370.SH,20260608,41.61,42.4,41.04,41.4,42.6,-1.2,-2.8169,7884,32818.045,41.62613521055302
603373.SH,20260608,33.34,35.3,33.16,34.07,35.36,-1.29,-3.6482,31194,107089.899,34.3302875552991
603375.SH,20260608,44.8,46.73,43.15,44.16,47.19,-3.03,-6.4209,29999,134277.37,44.760615353845125
603376.SH,20260608,27.3,27.48,26.43,26.53,27.84,-1.31,-4.7055,10726,28944.244,26.985123997762447
603377.SH,20260608,3.65,3.65,3.53,3.62,3.62,0.0,0.0,44278,15872.971,3.5848437147115946
603378.SH,20260608,5.55,5.9,5.4,5.9,5.62,0.28,4.9822,176590,102446.613,5.801382467863412
603379.SH,20260608,58.66,61.81,57.58,58.0,60.24,-2.24,-3.7185,116978,694873.945,59.402105096684835
603380.SH,20260608,33.0,36.5,33.0,35.18,35.54,-0.36,-1.0129,38915,137322.566,35.28782371836053
603381.SH,20260608,17.91,18.21,17.06,17.37,18.45,-1.08,-5.8537,53501,94400.366,17.644598418721145
603382.SH,20260608,21.0,21.06,20.07,20.29,21.34,-1.05,-4.9203,11086,22822.25,20.58655060436587
603383.SH,20260608,29.3,30.23,29.05,29.43,30.01,-0.58,-1.9327,45526,134863.89,29.623487677371173
603385.SH,20260608,5.55,5.8,5.45,5.53,5.74,-0.21,-3.6585,42762,23913.224,5.592166877133904
603386.SH,20260608,16.4,18.4,16.4,17.71,17.72,-0.01,-0.0564,264296,471382.073,17.835384303962222
603387.SH,20260608,8.35,8.5,8.08,8.2,8.49,-0.29,-3.4158,81224,66936.684,8.240998227124987
603389.SH,20260608,58.1,59.4,57.74,57.86,60.21,-2.35,-3.903,10117,58982.728,58.30061085301967
603390.SH,20260608,11.84,12.16,11.58,11.82,12.22,-0.4,-3.2733,69488,82488.825,11.87094534308082
603391.SH,20260608,53.56,55.87,53.36,54.66,56.02,-1.36,-2.4277,8098,44198.755,54.579840701407754
603392.SH,20260608,33.4,33.47,31.65,32.1,33.59,-1.49,-4.4358,47907,155404.886,32.43886822385038
603393.SH,20260608,26.58,27.2,26.16,26.3,26.75,-0.45,-1.6822,69859,185296.85,26.524406304126884
603395.SH,20260608,22.88,23.03,21.9,22.3,22.93,-0.63,-2.7475,31139,69663.034,22.37163492726163
603396.SH,20260608,30.0,30.49,28.6,29.12,30.59,-1.47,-4.8055,33725,99583.588,29.528120978502596
603398.SH,20260608,13.46,14.19,13.46,13.74,13.88,-0.14,-1.0086,66015,91357.932,13.838965689615996
603399.SH,20260608,16.6,17.86,16.54,16.97,17.28,-0.31,-1.794,666985,1144267.055,17.15581392385136
603400.SH,20260608,65.5,66.67,61.5,62.41,68.18,-5.77,-8.4629,14354,91590.863,63.80859899679532
603402.SH,20260608,93.78,95.92,91.0,93.43,95.07,-1.64,-1.725,9659,90119.478,93.30104358629258
603406.SH,20260608,28.89,29.33,27.88,28.13,29.3,-1.17,-3.9932,10348,29489.79,28.49805759567066
603407.SH,20260608,53.28,54.88,50.98,51.36,56.26,-4.9,-8.7096,41452,218401.514,52.68781096207662
603408.SH,20260608,10.12,10.18,9.78,9.89,10.17,-0.28,-2.7532,24139,23982.186,9.93503707692945
603409.SH,20260608,38.78,39.85,37.7,38.22,40.5,-2.28,-5.6296,14809,57322.942,38.708178810183
603416.SH,20260608,57.6,60.12,57.35,58.8,59.42,-0.62,-1.0434,42873,252459.442,58.88541552958739
603418.SH,20260608,48.06,49.93,48.06,48.97,50.36,-1.39,-2.7601,11922,58607.331,49.158975842979366
603421.SH,20260608,6.95,7.07,6.73,6.82,7.08,-0.26,-3.6723,95092,65465.717,6.884461048248012
603429.SH,20260608,9.3,9.63,9.1,9.57,9.17,0.4,4.3621,50941,47695.039,9.362799905773345
603435.SH,20260608,78.93,81.78,75.8,76.48,83.11,-6.63,-7.9774,85484,667998.541,78.14310759908287
603439.SH,20260608,16.0,16.64,15.76,16.1,17.0,-0.9,-5.2941,235027,379531.025,16.14840103477473
603444.SH,20260608,329.0,339.99,323.71,324.41,334.97,-10.56,-3.1525,16135,532599.035,330.0892686705919
603456.SH,20260608,12.21,12.41,12.11,12.2,12.35,-0.15,-1.2146,115226,141059.913,12.242021158419107
603458.SH,20260608,13.4,13.63,12.85,13.31,13.83,-0.52,-3.7599,196035,259234.183,13.223872420741195
603459.SH,20260608,89.8,95.19,89.8,90.18,98.48,-8.3,-8.4281,140391,1292731.156,92.0807712745119
603466.SH,20260608,11.23,12.65,11.18,12.12,11.56,0.56,4.8443,948565,1144396.515,12.064502854311511
603477.SH,20260608,14.1,14.84,13.99,14.01,14.52,-0.51,-3.5124,106971,152542.024,14.260128819960551
603486.SH,20260608,57.62,61.58,57.3,61.29,58.92,2.37,4.0224,107954,648061.716,60.031283324378904
603488.SH,20260608,11.75,12.88,11.51,12.6,12.09,0.51,4.2184,312700,389454.904,12.454585992964502
603489.SH,20260608,32.85,33.72,32.0,32.5,33.82,-1.32,-3.903,29055,95191.042,32.7623617277577
603496.SH,20260608,21.88,22.59,21.27,21.65,22.72,-1.07,-4.7095,96907,211912.293,21.867593981858896
603499.SH,20260608,17.62,17.76,16.59,16.83,17.98,-1.15,-6.396,47909,81972.145,17.10996785572648
603500.SH,20260608,13.0,13.45,12.94,13.45,12.23,1.22,9.9755,562494,750367.581,13.340010400110936
603501.SH,20260608,91.5,93.35,91.0,92.02,95.39,-3.37,-3.5329,227992,2103382.986,92.25687682023931
603505.SH,20260608,17.8,18.8,17.51,17.66,18.33,-0.67,-3.6552,238403,430044.821,18.03856583180581
603506.SH,20260608,10.95,11.24,10.61,10.84,11.07,-0.23,-2.0777,36519,39944.231,10.93793121388866
603507.SH,20260608,35.57,36.26,34.38,34.93,36.49,-1.56,-4.2751,65805,231499.835,35.179672517285915
603508.SH,20260608,22.11,22.32,21.73,22.08,22.31,-0.23,-1.0309,38625,85132.439,22.04076090614887
603511.SH,20260608,12.7,13.03,12.5,12.69,13.05,-0.36,-2.7586,14657,18691.814,12.752823906665755
603515.SH,20260608,18.48,18.81,18.34,18.51,18.81,-0.3,-1.5949,13065,24148.773,18.483561423650976
603516.SH,20260608,135.02,137.37,128.85,129.33,135.02,-5.69,-4.2142,178948,2383405.088,133.18981424771442
603517.SH,20260608,12.35,12.8,12.22,12.49,12.39,0.1,0.8071,77564,97339.644,12.54959053168996
603518.SH,20260608,8.4,8.56,8.23,8.31,8.53,-0.22,-2.5791,55271,46332.617,8.382807801559588
603519.SH,20260608,12.41,12.63,12.22,12.29,12.55,-0.26,-2.0717,31519,39086.738,12.401008280719566
603520.SH,20260608,9.57,9.92,9.4,9.51,9.82,-0.31,-3.1568,195124,188371.648,9.653945593571267
603527.SH,20260608,12.67,13.72,12.53,12.8,13.48,-0.68,-5.0445,176667,231029.609,13.077123005428291
603528.SH,20260608,6.87,7.06,6.66,6.75,6.9,-0.15,-2.1739,136684,93849.984,6.8662011647303265
603529.SH,20260608,21.32,21.5,20.83,21.21,21.56,-0.35,-1.6234,59683,126291.502,21.16038101301878
603530.SH,20260608,52.0,53.0,51.0,52.06,53.76,-1.7,-3.1622,32308,167871.887,51.959851120465515
603533.SH,20260608,22.71,23.22,21.81,21.97,23.77,-1.8,-7.5726,266170,597463.827,22.44670049216666
603535.SH,20260608,6.8,7.1,6.75,6.86,6.89,-0.03,-0.4354,56104,38777.873,6.911784008270355
603536.SH,20260608,9.2,9.32,8.83,8.96,9.2,-0.24,-2.6087,53206,48207.902,9.0606138405443
603538.SH,20260608,39.01,40.79,37.85,38.84,39.66,-0.82,-2.0676,243164,956765.2,39.34649865934102
603551.SH,20260608,10.75,10.75,10.11,10.41,10.76,-0.35,-3.2528,60211,62125.146,10.317906362624768
603556.SH,20260608,24.0,24.18,23.04,23.35,24.44,-1.09,-4.4599,50907,120204.431,23.612554462058263
603557.SH,20260608,4.57,4.77,4.57,4.63,4.8,-0.17,-3.5417,49538,23042.588,4.6514974363115185
603558.SH,20260608,11.78,12.05,11.69,11.71,11.76,-0.05,-0.4252,41794,49534.428,11.852042876967985
603559.SH,20260608,8.15,8.92,8.15,8.52,8.51,0.01,0.1175,79228,67268.77,8.490529863179685
603565.SH,20260608,9.7,9.78,9.11,9.24,9.79,-0.55,-5.618,256092,239845.342,9.365592911922278
603566.SH,20260608,10.35,10.49,10.12,10.23,10.43,-0.2,-1.9175,30823,31750.559,10.300930798429743
603567.SH,20260608,6.91,7.05,6.58,6.61,7.0,-0.39,-5.5714,159671,108209.677,6.77704010120811
603568.SH,20260608,14.99,15.9,14.9,15.87,14.99,0.88,5.8706,228444,354657.452,15.524918667156939
603569.SH,20260608,5.94,6.07,5.73,5.82,6.0,-0.18,-3.0,61400,36045.842,5.8706583061889255
603577.SH,20260608,9.63,9.85,9.33,9.57,9.83,-0.26,-2.645,45500,43643.059,9.5918810989011
603578.SH,20260608,15.63,15.63,14.42,14.47,15.51,-1.04,-6.7054,93415,139611.836,14.945333832896218
603579.SH,20260608,18.52,18.9,18.15,18.48,18.84,-0.36,-1.9108,25491,47185.099,18.510493507512457
603580.SH,20260608,21.92,23.24,21.36,22.46,22.48,-0.02,-0.089,7549,17061.722,22.601300834547622
603583.SH,20260608,25.9,26.51,25.42,25.87,26.11,-0.24,-0.9192,92510,240688.076,26.017519835693438
603585.SH,20260608,15.15,15.45,14.7,14.87,15.55,-0.68,-4.373,39032,58724.732,15.045278745644602
603586.SH,20260608,17.13,17.87,17.13,17.73,17.6,0.13,0.7386,34335,60342.109,17.57451842143585
603587.SH,20260608,12.13,12.45,12.08,12.15,12.42,-0.27,-2.1739,17052,20888.38,12.249812338728596
603588.SH,20260608,12.7,13.38,12.68,13.01,13.56,-0.55,-4.056,635804,826942.583,13.006250086504645
603589.SH,20260608,20.2,20.59,19.7,19.88,20.3,-0.42,-2.069,67449,135317.884,20.062252071935834
603590.SH,20260608,29.51,30.36,29.13,29.44,30.44,-1.0,-3.2852,26917,79931.457,29.695529590964817
603595.SH,20260608,22.46,24.24,22.46,23.72,23.64,0.08,0.3384,27437,64799.708,23.61763603892554
603596.SH,20260608,29.03,29.86,28.75,29.08,30.82,-1.74,-5.6457,284074,829675.356,29.20631089082422
603598.SH,20260608,19.99,21.35,19.83,20.83,21.04,-0.21,-0.9981,186728,388199.733,20.789583404738444
603599.SH,20260608,11.15,11.2,10.68,10.76,11.16,-0.4,-3.5842,128389,139413.974,10.858716400937773
603600.SH,20260608,10.1,10.21,9.72,9.87,10.26,-0.39,-3.8012,59465,58962.993,9.915579416463466
603601.SH,20260608,15.51,16.16,14.84,15.15,16.49,-1.34,-8.1261,2094574,3256066.621,15.545245099958272
603602.SH,20260608,12.97,13.31,12.7,13.0,13.24,-0.24,-1.8127,51495,66842.451,12.980376929799009
603605.SH,20260608,66.64,66.89,64.45,66.53,65.78,0.75,1.1402,84217,555713.105,65.9858585558735
603606.SH,20260608,39.45,40.55,38.21,38.92,40.21,-1.29,-3.2082,135791,532394.984,39.20694184445214
603607.SH,20260608,21.68,22.22,21.38,21.65,21.98,-0.33,-1.5014,42749,93052.46,21.767166483426514
603608.SH,20260608,20.1,22.26,19.9,21.35,20.69,0.66,3.1899,409454,870580.706,21.26199050442785
603609.SH,20260608,6.13,6.28,6.03,6.1,6.19,-0.09,-1.454,28032,17268.062,6.160124857305936
603610.SH,20260608,18.5,18.7,17.23,17.36,18.82,-1.46,-7.7577,153864,275549.025,17.908609226329748
603611.SH,20260608,18.25,18.61,18.01,18.18,18.41,-0.23,-1.2493,30743,56303.336,18.314197052987673
603612.SH,20260608,20.03,20.25,19.4,19.95,20.34,-0.39,-1.9174,173941,345579.656,19.86763649743304
603613.SH,20260608,22.46,22.75,21.77,21.9,22.95,-1.05,-4.5752,111638,247160.482,22.139458069832855
603615.SH,20260608,18.5,18.85,17.86,18.11,19.18,-1.07,-5.5787,42500,77768.948,18.298576
603616.SH,20260608,6.63,6.63,6.63,6.63,6.03,0.6,9.9502,89490,59332.102,6.630025924684322
603617.SH,20260608,7.17,7.3,6.98,7.11,7.29,-0.18,-2.4691,85270,60899.786,7.141994370822094
603618.SH,20260608,38.97,42.04,38.5,39.3,41.71,-2.41,-5.778,726997,2929069.794,40.289984607914484
603619.SH,20260608,25.67,26.49,25.57,25.96,25.39,0.57,2.245,264312,687454.889,26.009219747873722
603626.SH,20260608,22.3,25.33,22.16,23.99,23.03,0.96,4.1685,588594,1432183.199,24.33227656075325
603628.SH,20260608,10.3,10.53,9.98,10.09,10.56,-0.47,-4.4508,45219,46168.045,10.209877485127931
603629.SH,20260608,162.34,166.98,162.34,162.34,180.38,-18.04,-10.0011,80674,1311496.678,162.56745395046732
603630.SH,20260608,13.6,13.8,12.83,13.01,13.59,-0.58,-4.2678,50948,67227.294,13.19527636021041
603633.SH,20260608,8.38,8.69,8.07,8.17,8.72,-0.55,-6.3073,259094,216791.038,8.367273576385404
603636.SH,20260608,8.7,8.91,8.5,8.61,8.97,-0.36,-4.0134,133458,116157.455,8.703671192435072
603637.SH,20260608,17.45,18.98,17.12,17.94,17.96,-0.02,-0.1114,149285,270423.538,18.1145820410624
603638.SH,20260608,22.63,24.08,22.5,23.57,23.16,0.41,1.7703,236216,555619.321,23.5216632658245
603639.SH,20260608,10.82,10.91,10.76,10.83,10.97,-0.14,-1.2762,13152,14236.261,10.824407694647203
603648.SH,20260608,8.84,9.05,8.66,8.78,8.94,-0.16,-1.7897,29673,26224.422,8.837806086341118
603650.SH,20260608,51.72,53.58,51.71,51.96,54.82,-2.86,-5.2171,138304,728542.129,52.67686610654789
603655.SH,20260608,35.0,36.4,33.45,34.15,36.4,-2.25,-6.1813,18409,63933.047,34.7292340702917
603656.SH,20260608,19.12,19.12,18.32,18.71,19.21,-0.5,-2.6028,61793,115026.566,18.614821419901933
603657.SH,20260608,24.52,25.59,24.02,24.52,25.68,-1.16,-4.5171,19709,48825.316,24.77310670252169
603658.SH,20260608,30.62,31.05,29.95,30.2,31.1,-0.9,-2.8939,26449,80409.041,30.40154296948845
603659.SH,20260608,26.84,27.57,26.33,26.95,27.61,-0.66,-2.3904,391087,1053140.297,26.928542677204817
603660.SH,20260608,11.37,11.62,10.91,11.18,11.64,-0.46,-3.9519,205469,231395.939,11.261841883690485
603661.SH,20260608,33.21,34.4,32.38,32.99,34.68,-1.69,-4.8731,47530,158256.374,33.29610225120976
603662.SH,20260608,63.73,69.9,63.73,69.9,66.24,3.66,5.5254,226518,1549894.964,68.42259617337254
603663.SH,20260608,60.06,65.72,60.06,63.45,65.27,-1.82,-2.7884,166584,1052549.399,63.18430335446381
603665.SH,20260608,26.13,27.56,26.13,26.69,26.74,-0.05,-0.187,31444,84546.507,26.887961773311282
603666.SH,20260608,28.01,29.4,27.79,28.47,28.82,-0.35,-1.2144,59109,169713.853,28.712015598301445
603667.SH,20260608,70.7,76.17,70.63,74.59,74.34,0.25,0.3363,381016,2845805.991,74.68993404476453
603668.SH,20260608,10.79,11.0,10.46,10.6,11.06,-0.46,-4.1591,57376,61330.295,10.689189730897937
603669.SH,20260608,4.03,4.48,4.01,4.48,4.07,0.41,10.0737,416379,182851.779,4.391474570043158
603676.SH,20260608,8.81,9.05,8.73,8.84,8.98,-0.14,-1.559,19225,17086.103,8.887439791937581
603677.SH,20260608,15.6,16.27,15.21,15.94,15.96,-0.02,-0.1253,33648,53489.587,15.896810211602473
603678.SH,20260608,58.01,65.8,56.68,56.68,62.98,-6.3,-10.0032,638165,3834039.972,60.079132700790545
603679.SH,20260608,15.9,17.6,15.9,16.72,16.5,0.22,1.3333,87905,147550.934,16.78527205505944
603680.SH,20260608,11.32,11.73,11.18,11.35,11.69,-0.34,-2.9085,43759,50094.422,11.447798624283006
603681.SH,20260608,21.55,23.04,21.55,22.2,23.94,-1.74,-7.2682,304520,676546.009,22.216800505713906
603682.SH,20260608,8.4,8.73,8.33,8.4,8.61,-0.21,-2.439,105524,89292.42,8.461811531026116
603683.SH,20260608,33.84,34.58,32.31,32.82,33.86,-1.04,-3.0715,240961,804308.951,33.379217010221566
603685.SH,20260608,32.3,33.0,31.86,31.86,33.41,-1.55,-4.6393,27302,88127.812,32.27888506336532
603686.SH,20260608,14.6,15.22,14.38,14.57,15.1,-0.53,-3.5099,110688,162957.058,14.722197347499277
603687.SH,20260608,17.95,18.96,17.84,18.24,18.7,-0.46,-2.4599,369473,674062.156,18.24388131203092
603688.SH,20260608,64.45,73.39,64.45,67.93,69.49,-1.56,-2.2449,412600,2852401.897,69.13237753271933
603689.SH,20260608,7.85,7.93,7.69,7.75,7.91,-0.16,-2.0228,48834,38061.636,7.794085268460499
603690.SH,20260608,25.01,26.79,25.01,25.96,26.04,-0.08,-0.3072,184231,480278.705,26.069375132306725
603693.SH,20260608,14.7,15.19,14.26,14.48,15.31,-0.83,-5.4213,175020,256171.457,14.636696206147867
603696.SH,20260608,13.2,13.7,12.62,12.76,13.08,-0.32,-2.4465,72967,95603.165,13.102246906135651
603697.SH,20260608,10.47,10.83,10.18,10.33,10.68,-0.35,-3.2772,56896,59505.084,10.458570725534308
603698.SH,20260608,32.0,33.45,31.35,31.51,33.17,-1.66,-5.0045,160170,518412.742,32.36640706749079
603699.SH,20260608,55.86,57.99,54.25,54.74,57.81,-3.07,-5.3105,59595,330844.141,55.51541924658109
603700.SH,20260608,11.61,11.9,11.26,11.44,11.7,-0.26,-2.2222,80236,93097.319,11.602936213171144
603701.SH,20260608,22.2,24.5,22.19,23.87,22.95,0.92,4.0087,133576,318582.815,23.850303572498053
603703.SH,20260608,12.8,13.4,12.09,12.23,13.02,-0.79,-6.0676,261022,330377.491,12.657074537778424
603706.SH,20260608,21.92,22.27,21.43,21.76,22.39,-0.63,-2.8138,16675,36416.097,21.83873883058471
603707.SH,20260608,7.9,8.0,7.63,7.89,8.04,-0.15,-1.8657,135392,105578.315,7.797972923067833
603708.SH,20260608,9.73,10.0,9.47,9.51,9.73,-0.22,-2.261,55372,53552.459,9.67139691540851
603709.SH,20260608,15.76,16.28,15.2,15.49,16.05,-0.56,-3.4891,22033,34580.686,15.694951209549313
603711.SH,20260608,13.1,13.31,12.6,12.79,13.41,-0.62,-4.6234,50810,65661.883,12.923023617398151
603712.SH,20260608,14.0,14.26,13.56,13.6,14.26,-0.66,-4.6283,104480,144889.265,13.867655532159267
603713.SH,20260608,51.2,52.22,48.9,49.48,52.51,-3.03,-5.7703,42304,211445.463,49.98238062594553
603716.SH,20260608,15.92,16.75,15.7,15.95,16.24,-0.29,-1.7857,95251,154614.903,16.232365329497853
603717.SH,20260608,6.64,6.86,6.5,6.65,6.76,-0.11,-1.6272,112838,75327.982,6.675763661177973
603718.SH,20260608,3.3,3.38,3.22,3.3,3.37,-0.07,-2.0772,82901,27215.416,3.2828815092700934
603719.SH,20260608,9.36,9.7,9.24,9.4,9.64,-0.24,-2.4896,52408,49476.636,9.440664784002442
603721.SH,20260608,20.22,21.06,19.4,19.63,20.32,-0.69,-3.3957,53952,108838.064,20.173128706998817
603722.SH,20260608,34.52,34.9,33.5,34.45,35.33,-0.88,-2.4908,15672,53714.288,34.274047983665135
603725.SH,20260608,12.2,12.92,12.2,12.69,12.84,-0.15,-1.1682,278008,350161.83,12.595386823400768
603726.SH,20260608,24.91,25.33,24.0,24.41,25.72,-1.31,-5.0933,41870,103249.323,24.659499164079293
603727.SH,20260608,14.3,14.74,14.09,14.3,14.45,-0.15,-1.0381,32933,47202.04,14.332748307169101
603728.SH,20260608,63.38,67.92,63.37,67.45,65.82,1.63,2.4765,187770,1254646.652,66.81826979815732
603729.SH,20260608,12.64,12.91,12.33,12.54,12.97,-0.43,-3.3153,10642,13409.778,12.600806239428678
603730.SH,20260608,11.9,13.28,11.75,13.09,12.23,0.86,7.0319,559866,715439.309,12.778759721076113
603733.SH,20260608,25.81,26.5,25.35,25.99,26.19,-0.2,-0.7637,115658,299128.552,25.863195974338137
603737.SH,20260608,29.0,29.32,27.72,27.9,29.33,-1.43,-4.8756,87297,247829.029,28.389180498757117
603738.SH,20260608,41.75,43.76,41.75,43.02,44.49,-1.47,-3.3041,318058,1363660.673,42.874591206635266
603739.SH,20260608,12.43,12.64,12.27,12.36,12.67,-0.31,-2.4467,25838,32188.276,12.457727378280053
603755.SH,20260608,24.48,24.93,23.95,24.43,24.95,-0.52,-2.0842,10705,26166.546,24.443293787949557
603757.SH,20260608,50.5,53.96,50.49,51.93,54.18,-2.25,-4.1528,71522,374372.602,52.34369872207154
603758.SH,20260608,10.6,10.8,10.26,10.42,10.8,-0.38,-3.5185,38650,40751.114,10.543625873221217
603759.SH,20260608,7.74,7.89,7.56,7.69,7.88,-0.19,-2.4112,35760,27582.91,7.713341722595079
603766.SH,20260608,13.02,13.02,12.3,12.75,12.62,0.13,1.0301,195155,247946.394,12.705100766057749
603767.SH,20260608,17.0,17.75,16.85,17.35,17.63,-0.28,-1.5882,102083,176805.514,17.319780374793062
603768.SH,20260608,10.95,11.25,10.72,10.9,11.2,-0.3,-2.6786,45333,49900.668,11.007581232214942
603773.SH,20260608,129.76,144.05,125.8,136.5,132.4,4.1,3.0967,377372,5178221.052,137.21794547555197
603776.SH,20260608,19.67,20.24,19.09,19.21,20.34,-1.13,-5.5556,55481,108680.486,19.58877561687785
603777.SH,20260608,16.45,16.98,16.13,16.75,17.04,-0.29,-1.7019,70888,117602.416,16.589890531542714
603778.SH,20260608,18.9,18.95,18.03,18.95,17.23,1.72,9.9826,406691,761930.194,18.734867356297535
603779.SH,20260608,8.35,8.81,8.1,8.26,8.66,-0.4,-4.6189,341592,288022.707,8.431775539239794
603786.SH,20260608,46.44,47.42,45.71,46.61,47.38,-0.77,-1.6252,30720,143297.29,46.646253255208336
603787.SH,20260608,9.96,10.16,9.76,9.91,10.19,-0.28,-2.7478,38018,37918.63,9.973862380977431
603788.SH,20260608,14.98,15.32,14.85,14.97,15.24,-0.27,-1.7717,21859,32967.589,15.081929182487762
603789.SH,20260608,5.59,5.7,5.43,5.46,5.71,-0.25,-4.3783,33363,18489.413,5.541891616461349
603790.SH,20260608,26.4,26.87,25.43,25.55,27.21,-1.66,-6.1007,69308,179909.282,25.95793876608761
603797.SH,20260608,4.17,4.3,4.1,4.19,4.27,-0.08,-1.8735,55139,23186.099,4.205027113295489
603798.SH,20260608,15.47,15.96,15.03,15.06,16.03,-0.97,-6.0512,76263,117445.336,15.400041435558528
603799.SH,20260608,48.12,48.86,46.13,46.72,49.96,-3.24,-6.4852,648628,3082987.922,47.5309101981413
603800.SH,20260608,72.96,76.68,70.13,72.88,76.55,-3.67,-4.7943,124310,911977.113,73.36313353712492
603801.SH,20260608,6.91,6.98,6.75,6.84,7.01,-0.17,-2.4251,36735,25146.364,6.8453420443718525
603803.SH,20260608,12.3,12.83,12.07,12.29,13.1,-0.81,-6.1832,232307,289448.092,12.45972321109566
603806.SH,20260608,16.52,17.01,15.95,16.01,17.24,-1.23,-7.1346,551971,904020.232,16.378038556373433
603808.SH,20260608,8.95,9.23,8.75,8.93,9.09,-0.16,-1.7602,60088,53805.729,8.954488250565836
603809.SH,20260608,9.98,10.39,9.95,10.28,10.22,0.06,0.5871,171218,175736.083,10.263878973005177
603810.SH,20260608,12.44,13.0,12.35,12.65,12.92,-0.27,-2.0898,29885,37884.315,12.676699012882718
603811.SH,20260608,10.66,10.75,10.36,10.45,10.76,-0.31,-2.881,33752,35553.147,10.533641561981511
603813.SH,20260608,34.6,37.01,34.52,36.82,35.25,1.57,4.4539,10961,40038.21,36.52788066782228
603815.SH,20260608,5.69,6.04,5.69,5.84,5.92,-0.08,-1.3514,109723,64719.657,5.898458572951888
603816.SH,20260608,27.33,27.73,27.01,27.5,27.67,-0.17,-0.6144,57823,158512.343,27.413372360479393
603817.SH,20260608,6.04,6.11,5.87,5.97,6.13,-0.16,-2.6101,78452,46959.677,5.98578455616173
603818.SH,20260608,3.02,3.12,2.9,2.99,3.11,-0.12,-3.8585,175018,52783.874,3.015911163423191
603819.SH,20260608,12.0,12.4,11.9,12.08,12.42,-0.34,-2.7375,58266,70780.205,12.147771427590705
603822.SH,20260608,77.7,80.54,76.1,79.77,78.5,1.27,1.6178,8673,68555.236,79.04443214573965
603823.SH,20260608,28.48,32.58,28.48,32.58,29.62,2.96,9.9932,265243,830337.245,31.304775055326623
603825.SH,20260608,7.99,8.13,7.88,7.95,8.14,-0.19,-2.3342,17434,13924.931,7.987226683492027
603826.SH,20260608,29.29,31.31,29.1,29.8,29.75,0.05,0.1681,99484,299704.746,30.1259243697479
603828.SH,20260608,5.24,5.43,5.02,5.2,5.24,-0.04,-0.7634,33200,17430.544,5.250163855421687
603829.SH,20260608,19.98,21.09,18.97,19.43,20.53,-1.1,-5.358,46642,92467.732,19.824992924831697
603833.SH,20260608,36.0,36.39,34.91,35.3,36.2,-0.9,-2.4862,45473,160926.67,35.3894992632991
603836.SH,20260608,12.15,12.76,11.95,12.2,12.58,-0.38,-3.0207,29435,36298.743,12.3318304739256
603838.SH,20260608,8.51,8.79,8.33,8.5,8.62,-0.12,-1.3921,8621,7361.662,8.53922050806171
603839.SH,20260608,6.68,7.24,6.63,6.81,6.78,0.03,0.4425,69373,47926.907,6.908582157323454
603843.SH,20260608,8.3,8.43,8.14,8.43,8.03,0.4,4.9813,101569,84968.48,8.365591863659187
603848.SH,20260608,14.5,14.51,14.01,14.12,14.62,-0.5,-3.42,17640,25145.113,14.254599206349209
603855.SH,20260608,18.0,18.0,17.52,17.67,18.15,-0.48,-2.6446,24307,43184.042,17.76609289505081
603856.SH,20260608,11.91,12.59,11.84,12.33,12.1,0.23,1.9008,88951,108227.711,12.167115715393868
603858.SH,20260608,14.9,15.12,14.6,14.79,15.05,-0.26,-1.7276,57550,85231.664,14.81001980886186
603859.SH,20260608,45.45,49.87,45.45,49.87,45.34,4.53,9.9912,391057,1917113.653,49.02389301303902
603860.SH,20260608,27.12,27.83,26.2,26.88,27.5,-0.62,-2.2545,16563,44718.427,26.99898991728552
603861.SH,20260608,17.36,19.09,17.36,18.3,17.99,0.31,1.7232,391133,722452.304,18.47075813086597
603863.SH,20260608,15.73,15.95,15.45,15.79,15.85,-0.06,-0.3785,48945,76821.687,15.69551271835734
603866.SH,20260608,4.59,4.62,4.43,4.47,4.59,-0.12,-2.6144,96340,43439.156,4.5089429105252234
603867.SH,20260608,36.38,38.68,36.15,37.72,37.33,0.39,1.0447,97638,366312.497,37.51741094655769
603868.SH,20260608,32.91,34.49,32.5,33.48,33.71,-0.23,-0.6823,21614,72956.925,33.754476265383545
603869.SH,20260608,9.56,9.57,9.25,9.26,9.74,-0.48,-4.9281,14024,13094.404,9.33713918996007
603871.SH,20260608,12.0,12.36,11.96,12.2,12.25,-0.05,-0.4082,118332,144199.627,12.186021279113003
603876.SH,20260608,24.42,25.35,23.47,23.55,25.06,-1.51,-6.0255,374002,897371.034,23.993749605617083
603877.SH,20260608,12.35,14.06,12.31,14.06,12.78,1.28,10.0156,53128,71773.047,13.509457724740251
603878.SH,20260608,6.26,6.36,5.97,6.03,6.46,-0.43,-6.6563,152947,94267.204,6.163390193988767
603879.SH,20260608,4.89,5.06,4.71,4.8,4.99,-0.19,-3.8076,89517,43608.186,4.871497704346661
603880.SH,20260608,7.52,8.07,7.52,7.85,7.95,-0.1,-1.2579,71244,56104.027,7.874912554039639
603881.SH,20260608,34.3,35.5,34.06,34.19,36.23,-2.04,-5.6307,257782,893301.16,34.653356712260745
603882.SH,20260608,23.68,24.12,23.19,23.41,24.02,-0.61,-2.5396,45811,108220.638,23.623286546899216
603883.SH,20260608,11.86,11.97,11.52,11.69,11.87,-0.18,-1.5164,77779,91135.443,11.717229972100437
603885.SH,20260608,10.67,10.7,10.11,10.21,10.9,-0.69,-6.3303,335937,348178.141,10.364387995368178
603886.SH,20260608,11.8,11.99,11.25,11.27,12.19,-0.92,-7.5472,145266,167641.65,11.540322580645162
603887.SH,20260608,11.32,11.69,10.91,11.06,11.67,-0.61,-5.2271,145502,163820.411,11.258980014020425
603888.SH,20260608,20.31,20.94,19.24,19.5,19.25,0.25,1.2987,490149,985891.723,20.114122909564234
603889.SH,20260608,5.78,5.83,5.68,5.75,5.88,-0.13,-2.2109,129883,74757.179,5.755732389920159
603890.SH,20260608,28.88,29.4,28.12,28.12,31.24,-3.12,-9.9872,631532,1787361.152,28.301988687825794
603893.SH,20260608,165.0,168.0,161.0,163.7,173.23,-9.53,-5.5014,124289,2047990.009,164.77644916283822
603895.SH,20260608,32.67,33.43,32.12,32.66,33.08,-0.42,-1.2696,22275,72705.105,32.63977777777777
603896.SH,20260608,15.8,15.92,15.45,15.85,16.0,-0.15,-0.9375,26021,40937.533,15.732497982398833
603897.SH,20260608,41.49,46.38,40.8,43.15,42.16,0.99,2.3482,137568,607052.454,44.12744635380321
603898.SH,20260608,12.5,12.67,12.27,12.54,12.52,0.02,0.1597,21164,26360.757,12.455470137970138
603899.SH,20260608,21.9,22.36,21.47,22.2,22.17,0.03,0.1353,57561,125904.435,21.87321884609371
603900.SH,20260608,6.42,6.55,6.2,6.34,6.53,-0.19,-2.9096,62341,39833.974,6.3896912144495595
603901.SH,20260608,10.95,11.2,10.81,10.95,11.14,-0.19,-1.7056,97860,107455.636,10.980547312487225
603903.SH,20260608,12.34,12.44,11.82,11.97,12.36,-0.39,-3.1553,83240,100621.104,12.088071119654014
603906.SH,20260608,23.1,24.1,22.68,22.99,23.99,-1.0,-4.1684,201044,468592.306,23.30794781241917
603908.SH,20260608,19.65,20.5,19.3,19.77,20.25,-0.48,-2.3704,15707,31161.388,19.839172343541097
603909.SH,20260608,9.81,10.02,9.41,9.72,10.02,-0.3,-2.994,26295,25531.124,9.709497623122266
603912.SH,20260608,8.5,8.82,8.31,8.47,8.97,-0.5,-5.5741,184010,157264.953,8.546543829139722
603915.SH,20260608,16.09,17.02,16.01,16.52,16.43,0.09,0.5478,199489,330637.086,16.574201384537496
603916.SH,20260608,13.03,13.88,12.52,12.74,13.38,-0.64,-4.7833,175496,230887.534,13.156284701645621
603917.SH,20260608,12.0,12.41,11.86,12.16,12.18,-0.02,-0.1642,60609,73626.731,12.147821445659886
603918.SH,20260608,10.71,11.1,10.66,10.91,11.07,-0.16,-1.4453,68781,74860.057,10.883827946671317
603919.SH,20260608,18.61,19.78,18.48,18.8,19.06,-0.26,-1.3641,115952,221277.341,19.083529477714915
603920.SH,20260608,58.8,61.02,57.68,57.75,61.25,-3.5,-5.7143,290166,1715074.807,59.106677108965215
603922.SH,20260608,15.01,15.65,14.8,14.96,15.3,-0.34,-2.2222,24849,37743.343,15.18907923860115
603926.SH,20260608,20.8,21.29,20.4,20.62,21.27,-0.65,-3.0559,61446,127967.738,20.826048562965855
603927.SH,20260608,14.6,14.86,14.46,14.65,14.8,-0.15,-1.0135,72897,106774.981,14.647376572424104
603928.SH,20260608,14.59,15.1,14.08,14.34,14.94,-0.6,-4.0161,40121,58222.661,14.511767154358067
603929.SH,20260608,166.25,187.1,166.25,187.1,170.09,17.01,10.0006,101144,1868394.421,184.7261746618682
603931.SH,20260608,55.08,59.61,54.01,56.66,57.78,-1.12,-1.9384,69640,394847.441,56.698368897185524
603933.SH,20260608,22.89,23.76,22.38,22.84,23.9,-1.06,-4.4351,64793,149307.714,23.043803188616057
603936.SH,20260608,19.68,21.37,19.65,20.6,21.44,-0.84,-3.9179,442921,916290.576,20.68744936455937
603937.SH,20260608,13.7,14.15,13.39,13.66,14.37,-0.71,-4.9408,68727,94679.992,13.776243979804153
603938.SH,20260608,50.7,54.47,47.99,52.19,52.82,-0.63,-1.1927,454633,2343585.949,51.54896254781329
603939.SH,20260608,19.81,20.49,19.7,20.49,19.9,0.59,2.9648,181288,364432.217,20.102390505714666
603948.SH,20260608,24.0,24.08,22.81,23.19,24.19,-1.0,-4.1339,14168,33148.465,23.39671442687747
603949.SH,20260608,15.0,15.7,15.0,15.32,15.56,-0.24,-1.5424,25315,38903.91,15.367928105866088
603950.SH,20260608,61.25,65.68,61.24,62.09,64.62,-2.53,-3.9152,60581,381948.708,63.04760700549677
603955.SH,20260608,22.6,24.73,22.5,23.97,23.06,0.91,3.9462,42876,103561.535,24.153730525235563
603956.SH,20260608,5.08,5.16,4.91,4.98,5.22,-0.24,-4.5977,143321,72078.431,5.029160485902276
603958.SH,20260608,19.8,20.01,19.0,19.56,20.02,-0.46,-2.2977,49243,96337.934,19.563782466543465
603959.SH,20260608,3.94,4.1,3.88,3.95,4.05,-0.1,-2.4691,102554,40847.071,3.982981746202001
603960.SH,20260608,21.2,22.47,21.1,21.71,21.66,0.05,0.2308,107044,233006.464,21.767353985277083
603966.SH,20260608,8.86,9.1,8.74,8.82,9.05,-0.23,-2.5414,94482,84092.717,8.90039552507356
603967.SH,20260608,12.38,12.48,12.03,12.21,12.5,-0.29,-2.32,26813,32795.563,12.231217319956738
603968.SH,20260608,10.55,11.05,10.49,10.66,10.83,-0.17,-1.5697,52710,56648.647,10.747229557958642
603969.SH,20260608,7.94,8.12,7.67,7.77,8.12,-0.35,-4.3103,135690,106410.661,7.842188886432309
603970.SH,20260608,11.21,11.45,10.92,11.14,11.33,-0.19,-1.677,20557,22993.897,11.185434158680742
603976.SH,20260608,21.87,23.03,21.63,22.89,22.36,0.53,2.3703,58812,133142.698,22.638695844385502
603977.SH,20260608,14.18,14.5,13.28,13.3,14.75,-1.45,-9.8305,332027,455497.486,13.71868811873733
603978.SH,20260608,25.51,26.2,24.21,24.99,26.75,-1.76,-6.5794,106067,267356.919,25.206418490199592
603979.SH,20260608,67.79,68.58,65.21,66.14,71.55,-5.41,-7.5611,93080,623215.142,66.95478534593897
603980.SH,20260608,5.68,5.83,5.53,5.59,5.76,-0.17,-2.9514,154658,87738.037,5.673035795109208
603982.SH,20260608,6.52,6.74,6.42,6.55,6.71,-0.16,-2.3845,64780,42622.58,6.579589379438099
603983.SH,20260608,22.52,23.18,21.66,22.28,22.96,-0.68,-2.9617,21338,47749.747,22.377798762770645
603985.SH,20260608,22.26,23.55,22.02,22.43,23.4,-0.97,-4.1453,161983,367982.099,22.71732829988332
603986.SH,20260608,461.11,490.7,451.0,474.01,488.0,-13.99,-2.8668,434475,20573934.017,473.5355087634502
603987.SH,20260608,7.15,7.31,6.98,7.11,7.25,-0.14,-1.931,43632,31029.72,7.111688668866886
603988.SH,20260608,19.83,20.09,19.15,19.33,20.21,-0.88,-4.3543,50903,99583.559,19.563396852837748
603989.SH,20260608,33.23,35.9,31.95,31.95,35.5,-3.55,-10.0,256268,856351.337,33.416241473769645
603990.SH,20260608,21.6,22.63,21.16,21.36,22.66,-1.3,-5.737,267412,579802.024,21.681974780488535
603991.SH,20260608,101.0,104.76,99.5,101.3,106.58,-5.28,-4.954,20815,211858.058,101.78143550324285
603992.SH,20260608,32.33,32.73,30.72,31.39,32.78,-1.39,-4.2404,94309,296588.616,31.448601512050807
603993.SH,20260608,17.1,17.45,16.66,16.89,18.19,-1.3,-7.1468,2744704,4683184.001,17.06261950651145
603995.SH,20260608,18.41,18.82,17.92,18.13,18.9,-0.77,-4.0741,68568,125718.969,18.33493305915296
603997.SH,20260608,14.35,14.74,14.17,14.17,14.68,-0.51,-3.4741,235097,338371.374,14.392840997545695
603998.SH,20260608,9.59,9.8,9.52,9.65,9.68,-0.03,-0.3099,56136,54184.804,9.652416274761293
603999.SH,20260608,5.58,5.74,5.46,5.56,5.68,-0.12,-2.1127,78613,43924.376,5.587418874740818
605001.SH,20260608,6.25,6.42,6.09,6.16,6.31,-0.15,-2.3772,54190,33962.815,6.2673583687027135
605003.SH,20260608,23.22,23.95,22.75,23.27,23.86,-0.59,-2.4728,10232,23843.799,23.303165559030493
605005.SH,20260608,16.12,16.32,15.86,16.01,16.25,-0.24,-1.4769,27111,43557.713,16.066435395227032
605006.SH,20260608,16.72,18.7,16.72,17.41,18.39,-0.98,-5.329,526745,928924.653,17.635186912073205
605007.SH,20260608,13.1,13.34,12.71,12.86,13.33,-0.47,-3.5259,37149,48385.047,13.024589356375674
605008.SH,20260608,10.75,10.88,10.2,10.58,10.85,-0.27,-2.4885,26246,27578.916,10.507854911224568
605009.SH,20260608,24.25,24.62,23.62,24.02,24.46,-0.44,-1.7989,13908,33466.058,24.062451826287024
605011.SH,20260608,20.4,20.79,19.5,19.8,20.76,-0.96,-4.6243,66192,132745.818,20.054661892675853
605016.SH,20260608,23.4,24.55,23.26,24.02,23.86,0.16,0.6706,45516,109878.437,24.14061802443097
605018.SH,20260608,16.98,18.18,16.78,17.97,17.62,0.35,1.9864,300100,526836.719,17.555372175941354
605020.SH,20260608,33.15,34.98,32.48,32.77,34.46,-1.69,-4.9042,268356,895751.04,33.379206725394624
605028.SH,20260608,21.69,21.77,20.8,21.25,21.93,-0.68,-3.1008,15128,32216.215,21.29575290851401
605033.SH,20260608,19.28,19.47,18.53,18.88,19.48,-0.6,-3.0801,22739,43274.423,19.030926162100357
605050.SH,20260608,10.66,10.72,10.28,10.44,10.73,-0.29,-2.7027,29802,31217.923,10.475110059727534
605055.SH,20260608,11.3,11.51,11.01,11.23,11.5,-0.27,-2.3478,69004,77660.307,11.254464523795722
605056.SH,20260608,19.15,19.56,18.42,18.73,19.35,-0.62,-3.2041,61774,116969.351,18.935045650273576
605058.SH,20260608,35.25,37.68,35.17,36.28,37.2,-0.92,-2.4731,49646,180267.484,36.310575675784555
605060.SH,20260608,47.75,49.55,46.68,47.2,49.8,-2.6,-5.2209,53238,256040.707,48.09359987227168
605066.SH,20260608,6.7,6.8,6.44,6.53,6.82,-0.29,-4.2522,137761,91121.394,6.6144550344437105
605068.SH,20260608,21.84,21.84,20.12,20.45,22.31,-1.86,-8.3371,33206,69354.449,20.886119677166775
605069.SH,20260608,11.13,11.27,10.1,10.31,11.08,-0.77,-6.9495,73714,77937.525,10.572961038608677
605077.SH,20260608,13.16,13.28,12.55,12.81,13.61,-0.8,-5.878,126628,163405.177,12.904347932526772
605080.SH,20260608,21.62,21.95,20.78,21.05,21.83,-0.78,-3.5731,23827,50654.657,21.259351575943256
605081.SH,20260608,1.01,1.01,0.1,0.4,5.03,-4.63,-92.0477,249750,10479.438,0.4195971171171171
605086.SH,20260608,27.86,28.49,26.98,27.6,29.01,-1.41,-4.8604,22933,63628.355,27.74532551345223
605088.SH,20260608,33.0,33.64,32.6,32.86,33.15,-0.29,-0.8748,37554,123957.572,33.007821270703516
605089.SH,20260608,21.15,21.8,20.81,21.17,21.81,-0.64,-2.9344,9664,20540.374,21.254526076158943
605090.SH,20260608,36.2,37.47,35.9,36.08,37.56,-1.48,-3.9404,108904,397077.668,36.461256519503415
605098.SH,20260608,53.09,57.97,53.09,56.72,54.35,2.37,4.3606,17737,98811.038,55.70899137396403
605099.SH,20260608,38.1,40.64,37.8,39.35,38.89,0.46,1.1828,41857,164834.029,39.38027785077765
605100.SH,20260608,33.33,33.89,31.86,33.0,34.19,-1.19,-3.4805,44975,147999.366,32.90702968315731
605108.SH,20260608,13.01,13.23,12.71,12.75,13.12,-0.37,-2.8201,27581,35629.307,12.918062071716037
605111.SH,20260608,56.49,59.0,55.1,56.35,60.08,-3.73,-6.2084,213389,1220201.866,57.182041529788314
605116.SH,20260608,18.87,19.0,18.15,18.37,18.93,-0.56,-2.9583,31552,58396.37,18.507977307302234
605117.SH,20260608,101.66,105.49,100.77,102.17,104.91,-2.74,-2.6118,160660,1645028.839,102.39193570272626
605118.SH,20260608,34.16,34.2,32.37,32.92,34.64,-1.72,-4.9654,25715,85619.283,33.29546295936224
605122.SH,20260608,12.56,12.95,12.31,12.55,12.91,-0.36,-2.7885,29833,37685.101,12.63201857003989
605123.SH,20260608,101.0,104.8,97.9,97.98,103.98,-6.0,-5.7703,48799,490151.963,100.44303428348941
605128.SH,20260608,22.31,23.71,21.9,23.39,22.52,0.87,3.8632,88473,205210.071,23.194654979485264
605133.SH,20260608,32.48,35.49,32.32,34.44,35.77,-1.33,-3.7182,130954,448990.827,34.28614834216595
605136.SH,20260608,8.79,9.03,8.53,8.69,8.96,-0.27,-3.0134,83295,72879.63,8.749580406987215
605138.SH,20260608,6.64,6.73,6.38,6.49,6.74,-0.25,-3.7092,40431,26504.739,6.555548712621504
605151.SH,20260608,20.0,21.0,19.81,20.16,20.87,-0.71,-3.402,23853,48593.747,20.3721741500021
605155.SH,20260608,13.95,14.02,13.3,13.51,14.12,-0.61,-4.3201,26005,35558.169,13.673589309748127
605158.SH,20260608,6.58,6.68,6.31,6.38,6.67,-0.29,-4.3478,47929,31079.232,6.48443155500845
605162.SH,20260608,11.78,12.02,11.07,11.07,12.3,-1.23,-10.0,407389,465319.692,11.421999415791786
605166.SH,20260608,10.05,10.29,9.43,9.66,10.4,-0.74,-7.1154,149799,146770.66,9.797839771961094
605167.SH,20260608,14.44,14.46,13.98,14.28,14.62,-0.34,-2.3256,53430,76097.005,14.242374134381436
605168.SH,20260608,45.02,48.07,45.02,47.04,47.2,-0.16,-0.339,61439,288944.468,47.02948745910578
605169.SH,20260608,10.93,11.23,10.8,11.01,11.12,-0.11,-0.9892,26296,28872.586,10.979839519318528
605177.SH,20260608,22.0,22.3,20.44,20.44,22.71,-2.27,-9.9956,50873,107593.152,21.14936253022232
605178.SH,20260608,59.31,66.18,59.31,63.35,65.9,-2.55,-3.8695,26079,166254.952,63.75050883852908
605179.SH,20260608,14.23,14.65,13.93,14.11,14.46,-0.35,-2.4205,25865,36810.937,14.231949352406728
605180.SH,20260608,13.39,13.69,13.01,13.28,13.75,-0.47,-3.4182,23420,31246.545,13.341821093082835
605183.SH,20260608,15.18,15.21,14.62,14.78,15.24,-0.46,-3.0184,18051,26870.262,14.885747050024928
605186.SH,20260608,28.05,29.43,27.71,28.84,28.89,-0.05,-0.1731,69720,200562.36,28.766833046471596
605188.SH,20260608,13.34,13.86,13.09,13.24,13.58,-0.34,-2.5037,91840,123868.868,13.487463850174217
605189.SH,20260608,13.65,13.89,13.16,13.41,14.01,-0.6,-4.2827,61595,83208.566,13.5089805990746
605196.SH,20260608,37.0,38.18,36.1,36.57,39.15,-2.58,-6.59,169896,627378.517,36.92720941046287
605198.SH,20260608,52.27,57.37,51.42,57.14,54.12,3.02,5.5802,32860,181231.916,55.152743761412054
605199.SH,20260608,6.5,6.59,6.35,6.4,6.57,-0.17,-2.5875,21266,13721.804,6.452461205680429
605208.SH,20260608,14.28,14.77,13.81,14.66,14.68,-0.02,-0.1362,168688,242972.483,14.403661374845871
605218.SH,20260608,16.0,16.83,15.87,16.18,16.88,-0.7,-4.1469,48271,78972.995,16.36033954133952
605222.SH,20260608,27.23,27.72,25.7,25.98,28.05,-2.07,-7.3797,95759,254984.501,26.627732223603
605228.SH,20260608,12.1,12.43,11.9,12.34,12.49,-0.15,-1.201,54403,66326.728,12.191740896641729
605255.SH,20260608,76.0,81.97,75.5,77.14,78.33,-1.19,-1.5192,12610,98732.403,78.29690959555909
605258.SH,20260608,32.45,33.47,31.7,32.57,33.89,-1.32,-3.895,34565,112398.285,32.517947345580794
605259.SH,20260608,19.09,19.26,18.26,18.62,19.22,-0.6,-3.1217,15934,29766.347,18.68102610769424
605266.SH,20260608,18.01,18.28,17.66,17.97,18.2,-0.23,-1.2637,17509,31405.822,17.936959278085556
605268.SH,20260608,10.19,10.35,9.96,10.12,10.37,-0.25,-2.4108,36211,36694.376,10.133488718897572
605277.SH,20260608,21.5,22.45,21.25,21.4,22.68,-1.28,-5.6437,181748,394506.728,21.706248651979664
605286.SH,20260608,31.5,32.12,30.11,30.49,32.01,-1.52,-4.7485,21470,66691.508,31.062649278062416
605287.SH,20260608,41.45,44.17,41.45,43.93,44.1,-0.17,-0.3855,44803,193638.217,43.21992210343058
605288.SH,20260608,95.5,106.38,94.01,103.38,99.65,3.73,3.7431,21552,221368.939,102.71387295842614
605289.SH,20260608,100.0,108.36,100.0,104.5,109.25,-4.75,-4.3478,42214,442313.056,104.77875965319562
605296.SH,20260608,25.01,25.74,24.31,24.6,25.4,-0.8,-3.1496,25248,62702.974,24.83482810519645
605298.SH,20260608,52.0,53.0,51.1,51.9,54.0,-2.1,-3.8889,13276,69021.573,51.989735613136496
605299.SH,20260608,16.33,17.3,15.7,15.79,16.36,-0.57,-3.4841,200433,328151.507,16.37212968922283
605300.SH,20260608,9.45,9.63,9.18,9.24,9.57,-0.33,-3.4483,43117,40396.289,9.368993436463576
605303.SH,20260608,27.13,28.49,26.82,27.32,28.65,-1.33,-4.6422,62708,172694.942,27.53953913376284
605305.SH,20260608,37.75,38.88,37.11,37.73,38.72,-0.99,-2.5568,46636,176718.042,37.893053006261255
605318.SH,20260608,95.48,102.0,93.5,96.33,98.28,-1.95,-1.9841,34725,338765.907,97.55677667386608
605319.SH,20260608,26.71,28.32,26.6,28.2,27.68,0.52,1.8786,89171,248450.166,27.862215967074494
605333.SH,20260608,19.61,19.8,18.93,19.26,19.8,-0.54,-2.7273,27281,52776.61,19.34555551482717
605336.SH,20260608,16.32,16.6,16.06,16.25,16.58,-0.33,-1.9903,11590,18860.545,16.273119068162206
605337.SH,20260608,9.36,9.5,9.16,9.27,9.48,-0.21,-2.2152,27208,25333.139,9.310915539547192
605338.SH,20260608,20.4,20.4,19.18,19.39,20.42,-1.03,-5.0441,25995,51108.586,19.66092940950183
605339.SH,20260608,13.4,13.56,13.09,13.24,13.49,-0.25,-1.8532,10175,13521.666,13.289106633906634
605358.SH,20260608,62.99,69.14,62.99,64.7,66.77,-2.07,-3.1002,819524,5439830.955,66.3779334711369
605365.SH,20260608,16.62,16.98,16.05,16.28,16.95,-0.67,-3.9528,66352,109130.465,16.447200536532435
605366.SH,20260608,10.37,10.6,9.98,10.1,10.84,-0.74,-6.8266,234412,240701.293,10.268300812245108
605368.SH,20260608,7.03,7.08,6.89,6.95,7.08,-0.13,-1.8362,32765,22875.006,6.9815370059514725
605369.SH,20260608,16.96,17.5,16.46,16.65,17.36,-0.71,-4.0899,18919,31866.021,16.84339605687404
605376.SH,20260608,166.8,181.0,165.96,173.0,178.41,-5.41,-3.0323,161298,2804028.512,173.8414928889385
605377.SH,20260608,8.28,8.36,7.98,8.26,8.39,-0.13,-1.5495,60234,49287.752,8.182712753594316
605378.SH,20260608,15.92,16.12,15.38,15.68,16.23,-0.55,-3.3888,23215,36599.453,15.765433125134612
605388.SH,20260608,5.58,5.73,5.38,5.49,5.68,-0.19,-3.3451,105850,58643.583,5.540253471894189
605389.SH,20260608,82.19,85.68,82.19,83.3,84.96,-1.66,-1.9539,24933,208458.893,83.60762563670639
605398.SH,20260608,23.98,25.64,23.98,24.86,24.45,0.41,1.6769,62987,155104.774,24.62488672265706
605399.SH,20260608,12.8,12.87,12.08,12.23,12.98,-0.75,-5.7781,51507,64044.088,12.43405517696624
605488.SH,20260608,33.3,37.09,33.28,36.81,34.98,1.83,5.2316,152761,550756.796,36.053495067458314
605499.SH,20260608,131.99,136.85,131.62,136.23,134.39,1.84,1.3691,61641,826025.197,134.00580733602635
605500.SH,20260608,7.14,7.4,7.04,7.1,7.27,-0.17,-2.3384,97121,70121.943,7.2200598222835435
605507.SH,20260608,15.82,15.99,15.53,15.7,15.9,-0.2,-1.2579,38865,61025.387,15.701887816801749
605555.SH,20260608,16.14,16.24,15.59,16.05,16.25,-0.2,-1.2308,90829,144757.214,15.937334331546094
605566.SH,20260608,40.36,43.37,40.33,42.97,43.01,-0.04,-0.093,76324,324333.924,42.494356165819404
605567.SH,20260608,9.05,9.45,8.9,9.1,9.3,-0.2,-2.1505,43534,39836.367,9.15063329811182
605577.SH,20260608,9.96,10.16,9.73,9.9,10.14,-0.24,-2.3669,30667,30427.909,9.922036390908794
605580.SH,20260608,25.0,27.65,24.41,26.31,26.16,0.15,0.5734,194442,511627.672,26.3126110613962
605588.SH,20260608,50.53,51.96,48.81,49.52,52.71,-3.19,-6.052,23155,116656.915,50.380874541135825
605589.SH,20260608,50.0,53.39,49.15,49.67,52.7,-3.03,-5.7495,498489,2534076.527,50.83515437652586
605598.SH,20260608,40.11,41.89,38.55,38.93,41.45,-2.52,-6.0796,50929,202152.52,39.69300791297689
605599.SH,20260608,15.3,15.54,15.01,15.16,15.53,-0.37,-2.3825,53647,81821.134,15.2517631927228
688001.SH,20260608,62.5,66.49,62.1,63.58,69.4,-5.82,-8.3862,131363,843391.93,64.2031569011061
688002.SH,20260608,118.6,120.78,114.52,116.98,120.8,-3.82,-3.1623,105329,1236846.02,117.4269213606889
688003.SH,20260608,99.06,112.0,97.22,110.38,105.0,5.38,5.1238,98842,1065608.466,107.80927803969972
688004.SH,20260608,19.82,20.48,19.22,19.86,20.41,-0.55,-2.6948,18390,36498.117,19.846719412724305
688005.SH,20260608,31.53,33.4,31.33,32.32,32.46,-0.14,-0.4313,248711,806674.515,32.434211393947194
688006.SH,20260608,30.82,32.33,30.33,31.2,31.66,-0.46,-1.4529,232682,727452.235,31.26379500777886
688007.SH,20260608,13.54,13.81,13.02,13.28,13.79,-0.51,-3.6983,82822,110653.606,13.360412209316365
688008.SH,20260608,221.0,232.19,221.0,224.31,239.39,-15.08,-6.2993,609373,13831005.9,226.97109816155293
688009.SH,20260608,4.97,5.06,4.93,5.05,5.02,0.03,0.5976,478523,238916.278,4.992785675923623
688010.SH,20260608,35.0,35.78,33.44,34.05,36.65,-2.6,-7.0941,57252,198221.822,34.62268951303011
688011.SH,20260608,58.74,58.74,55.61,55.68,58.2,-2.52,-4.3299,15503,88189.875,56.88568341611301
688012.SH,20260608,265.2,272.88,261.6,265.47,276.0,-10.53,-3.8152,211047,5648274.843,267.63113633456055
688013.SH,20260608,27.25,28.21,26.85,27.25,28.37,-1.12,-3.9478,8844,24365.923,27.55079488919041
688015.SH,20260608,17.43,17.57,16.63,16.93,17.56,-0.63,-3.5877,15474,26444.546,17.089663952436347
688016.SH,20260608,97.36,98.48,96.07,97.5,98.6,-1.1,-1.1156,14593,141899.437,97.23801617213732
688017.SH,20260608,375.54,450.2,375.45,428.25,393.0,35.25,8.9695,290408,11949975.351,411.4891928252665
688018.SH,20260608,114.0,117.72,110.69,115.01,120.25,-5.24,-4.3576,84915,970246.156,114.26086745569097
688019.SH,20260608,255.0,268.24,255.0,259.78,273.0,-13.22,-4.8425,50782,1331221.387,262.144339923595
688020.SH,20260608,128.1,135.38,128.0,130.0,137.68,-7.68,-5.5782,38440,505772.771,131.57460223725286
688021.SH,20260608,22.3,23.4,21.97,22.5,23.31,-0.81,-3.4749,20503,46683.024,22.768874798809932
688022.SH,20260608,8.82,9.21,8.71,8.77,8.94,-0.17,-1.9016,38363,34411.317,8.969923363657692
688023.SH,20260608,38.75,40.11,38.61,39.14,40.0,-0.86,-2.15,21885,85979.737,39.28706282842129
688025.SH,20260608,343.99,364.48,343.99,349.09,374.0,-24.91,-6.6604,55678,1966704.14,353.22823018068175
688026.SH,20260608,13.2,13.47,12.64,12.95,13.41,-0.46,-3.4303,16835,21929.912,13.026380754380755
688027.SH,20260608,519.8,528.0,506.2,513.26,542.2,-28.94,-5.3375,28597,1481887.547,518.1968552645383
688028.SH,20260608,106.26,116.1,106.26,109.99,117.32,-7.33,-6.2479,59954,668096.321,111.43482019548321
688029.SH,20260608,71.8,74.48,70.3,71.25,73.4,-2.15,-2.9292,16318,117422.925,71.95914021326143
688030.SH,20260608,15.9,16.66,15.77,16.21,16.4,-0.19,-1.1585,29574,48090.753,16.2611594643944
688031.SH,20260608,127.0,141.21,125.63,132.62,134.44,-1.82,-1.3538,123033,1650268.163,134.13215665715703
688032.SH,20260608,90.31,91.99,88.01,89.03,92.5,-3.47,-3.7514,10859,97390.98,89.68687724468182
688033.SH,20260608,7.05,7.29,6.98,7.0,7.23,-0.23,-3.1812,76983,54489.348,7.078101399010171
688035.SH,20260608,72.04,78.09,72.04,73.78,77.55,-3.77,-4.8614,58831,440773.074,74.9219074977478
688036.SH,20260608,58.27,60.0,56.25,56.77,60.6,-3.83,-6.3201,153908,886888.18,57.62456662421707
688037.SH,20260608,235.0,248.38,228.08,230.75,247.19,-16.44,-6.6508,77242,1820273.894,235.65856580616764
688038.SH,20260608,17.57,20.17,17.57,19.28,18.03,1.25,6.9329,54694,104990.776,19.196031740227447
688039.SH,20260608,40.01,43.78,39.96,42.35,42.1,0.25,0.5938,31228,132421.2,42.40463686435251
688041.SH,20260608,260.49,267.5,255.84,259.7,274.06,-14.36,-5.2397,316182,8283767.594,261.9936490375796
688045.SH,20260608,64.0,65.1,61.5,62.56,68.45,-5.89,-8.6048,31641,200219.007,63.278343604816534
688046.SH,20260608,17.05,17.93,17.03,17.41,17.63,-0.22,-1.2479,55561,97330.899,17.517845071183025
688047.SH,20260608,130.65,133.98,129.02,129.88,136.08,-6.2,-4.5561,76170,1000197.436,131.31120336090325
688048.SH,20260608,340.0,353.31,330.01,334.0,368.61,-34.61,-9.3893,124066,4235534.281,341.39363572614576
688049.SH,20260608,41.0,41.23,39.58,39.68,42.41,-2.73,-6.4372,69672,281237.193,40.365884860489146
688050.SH,20260608,41.03,41.79,39.68,40.28,41.43,-1.15,-2.7758,27695,111956.839,40.42492832641272
688051.SH,20260608,28.96,29.94,27.4,28.06,30.75,-2.69,-8.748,41330,116362.389,28.15446140817808
688052.SH,20260608,225.0,235.18,219.99,223.63,234.49,-10.86,-4.6313,42745,969313.799,226.76659234998243
688053.SH,20260608,37.86,39.17,37.55,37.74,38.62,-0.88,-2.2786,8700,33191.401,38.151035632183905
688055.SH,20260608,5.1,5.4,4.87,4.97,5.2,-0.23,-4.4231,437978,223176.553,5.095611035257479
688056.SH,20260608,45.81,52.89,44.52,46.29,48.16,-1.87,-3.8829,76736,370567.148,48.291173373644696
688057.SH,20260608,13.62,13.95,13.16,13.51,13.99,-0.48,-3.431,40532,54805.485,13.52153483667226
688058.SH,20260608,24.06,24.75,23.39,23.96,24.3,-0.34,-1.3992,11865,28623.232,24.12408933839022
688059.SH,20260608,154.99,176.6,154.33,172.68,165.48,7.2,4.351,57250,967575.741,169.00886305676858
688060.SH,20260608,37.81,38.57,36.55,37.23,38.0,-0.77,-2.0263,5516,20707.901,37.54151740391588
688061.SH,20260608,35.32,36.0,33.28,33.9,36.25,-2.35,-6.4828,20806,71717.978,34.46985388830145
688062.SH,20260608,26.3,27.17,25.38,25.91,26.6,-0.69,-2.594,78095,204356.491,26.16767923682694
688063.SH,20260608,57.75,58.71,54.69,55.4,58.82,-3.42,-5.8143,93763,529292.549,56.45004415387733
688065.SH,20260608,43.79,45.2,42.73,43.99,44.71,-0.72,-1.6104,71403,313274.925,43.874196462333515
688066.SH,20260608,12.9,13.25,12.57,12.99,13.28,-0.29,-2.1837,64504,83213.313,12.900488806895696
688067.SH,20260608,22.52,23.95,22.19,22.66,23.55,-0.89,-3.7792,14193,32558.726,22.93998872683717
688068.SH,20260608,80.6,83.8,77.03,79.27,81.5,-2.23,-2.7362,20309,162533.417,80.0302412723423
688069.SH,20260608,48.63,53.87,48.01,52.56,50.58,1.98,3.9146,41248,213690.512,51.806272304111715
688070.SH,20260608,40.2,41.67,38.84,39.82,40.62,-0.8,-1.9695,18381,74182.059,40.358010445568794
688071.SH,20260608,32.13,34.98,31.81,33.05,33.97,-0.92,-2.7083,47613,159039.719,33.40258311805599
688072.SH,20260608,550.0,583.0,548.0,568.47,582.3,-13.83,-2.3751,82503,4673938.314,566.517376822661
688073.SH,20260608,47.76,47.76,45.32,45.92,47.89,-1.97,-4.1136,11182,52027.061,46.527509390091225
688075.SH,20260608,32.89,33.03,31.76,31.78,32.9,-1.12,-3.4043,3456,11176.292,32.33880787037037
688076.SH,20260608,28.68,28.9,28.2,28.21,28.92,-0.71,-2.455,18939,53878.368,28.448370030096626
688077.SH,20260608,27.6,28.13,26.41,26.85,28.2,-1.35,-4.7872,28316,77358.566,27.319736544709706
688078.SH,20260608,22.77,23.96,22.53,22.89,23.32,-0.43,-1.8439,10160,23634.905,23.26270177165354
688079.SH,20260608,28.88,32.26,28.43,28.49,31.1,-2.61,-8.3923,436778,1316738.915,30.14664005513098
688080.SH,20260608,40.0,43.58,39.81,41.5,40.8,0.7,1.7157,26960,112620.157,41.77305526706232
688081.SH,20260608,50.0,50.0,46.01,47.91,51.43,-3.52,-6.8443,27472,132084.2,48.07957192778102
688082.SH,20260608,236.59,257.99,235.0,245.6,251.0,-5.4,-2.1514,92908,2284200.691,245.85619010203644
688083.SH,20260608,53.96,66.71,53.77,66.71,55.59,11.12,20.0036,162626,1033687.972,63.56228229188444
688084.SH,20260608,50.0,51.38,47.91,48.09,50.72,-2.63,-5.1853,21844,106822.87,48.902613990111696
688085.SH,20260608,14.16,14.42,13.66,13.87,14.15,-0.28,-1.9788,32578,45474.113,13.958534286942108
688087.SH,20260608,37.39,38.87,36.01,37.35,37.0,0.35,0.9459,28901,109100.125,37.74960208989308
688088.SH,20260608,36.27,40.17,36.15,39.3,37.41,1.89,5.0521,117000,452965.158,38.71497076923077
688089.SH,20260608,12.52,12.65,11.9,12.1,12.66,-0.56,-4.4234,31003,37910.765,12.228095668161146
688090.SH,20260608,104.04,111.91,102.2,104.8,109.99,-5.19,-4.7186,91669,981578.657,107.07858239972074
688091.SH,20260608,42.29,43.18,40.6,41.48,42.58,-1.1,-2.5834,45839,190649.567,41.591126987936036
688092.SH,20260608,26.51,26.98,26.0,26.34,27.25,-0.91,-3.3394,11415,30188.185,26.446066579062638
688093.SH,20260608,28.61,28.61,27.3,27.68,29.4,-1.72,-5.8503,41268,115597.149,28.011328147717364
688095.SH,20260608,69.75,71.81,68.5,69.35,71.17,-1.82,-2.5573,28181,197448.682,70.06446967815195
688096.SH,20260608,12.5,13.5,12.14,12.43,12.88,-0.45,-3.4938,152837,195692.674,12.804011724909543
688097.SH,20260608,65.68,69.0,64.01,65.31,69.02,-3.71,-5.3753,130087,862040.825,66.2664851214956
688098.SH,20260608,7.5,7.63,7.29,7.39,7.53,-0.14,-1.8592,22638,16845.299,7.441160438201254
688099.SH,20260608,91.1,93.82,89.8,90.7,95.88,-5.18,-5.4026,190498,1742881.379,91.4907967012777
688100.SH,20260608,32.34,33.7,31.45,32.38,33.71,-1.33,-3.9454,41293,133382.583,32.3014997699368
688101.SH,20260608,17.42,18.24,16.91,17.21,17.68,-0.47,-2.6584,69762,121637.691,17.436095725466586
688102.SH,20260608,36.36,38.5,35.7,36.13,37.59,-1.46,-3.884,191411,704602.128,36.81095276655992
688103.SH,20260608,56.0,60.65,56.0,57.87,62.0,-4.13,-6.6613,27859,162531.098,58.34060734412578
688105.SH,20260608,13.15,13.38,12.89,13.14,13.4,-0.26,-1.9403,28566,37535.549,13.13993873836029
688106.SH,20260608,25.4,27.5,25.3,26.3,27.03,-0.73,-2.7007,252340,673083.573,26.673677300467624
688107.SH,20260608,40.05,41.5,38.14,38.76,42.27,-3.51,-8.3038,150537,595541.872,39.56116250489912
688108.SH,20260608,18.68,19.93,18.67,19.45,19.5,-0.05,-0.2564,163692,317629.437,19.40409042592185
688109.SH,20260608,82.66,92.59,82.66,87.78,86.76,1.02,1.1757,25696,229753.983,89.41235328455791
688110.SH,20260608,119.71,122.81,116.74,118.5,126.0,-7.5,-5.9524,177426,2125545.244,119.79897219122337
688111.SH,20260608,225.6,230.88,223.65,223.85,234.25,-10.4,-4.4397,71823,1628676.892,226.76258190273307
688112.SH,20260608,67.55,74.44,66.0,70.56,71.16,-0.6,-0.8432,53219,379135.856,71.24069524042166
688113.SH,20260608,38.55,40.0,38.28,38.8,40.22,-1.42,-3.5306,11123,43586.917,39.186295963319246
688114.SH,20260608,49.8,51.49,46.77,47.19,49.6,-2.41,-4.8589,68366,328528.318,48.05434250943452
688115.SH,20260608,53.42,56.68,52.68,53.62,56.2,-2.58,-4.5907,18133,99146.468,54.67736612805382
688116.SH,20260608,38.2,39.39,37.31,37.9,39.28,-1.38,-3.5132,109430,418765.909,38.26792552316549
688117.SH,20260608,22.81,23.28,21.7,22.1,23.04,-0.94,-4.0799,33823,75554.49,22.33819885876475
688118.SH,20260608,22.22,23.32,22.06,22.39,22.78,-0.39,-1.712,27460,62376.649,22.715458485069192
688119.SH,20260608,4.41,4.53,4.29,4.34,4.52,-0.18,-3.9823,119888,52847.564,4.40807787268117
688120.SH,20260608,235.01,248.88,233.56,240.31,248.0,-7.69,-3.1008,76068,1835761.458,241.3316319608771
688122.SH,20260608,58.9,59.58,55.34,55.61,60.69,-5.08,-8.3704,233490,1338856.665,57.3410709238083
688123.SH,20260608,123.0,125.7,119.5,121.43,129.58,-8.15,-6.2896,87973,1081472.102,122.9322749025269
688125.SH,20260608,176.8,190.04,176.8,181.88,188.17,-6.29,-3.3427,5435,100329.672,184.59921251149953
688126.SH,20260608,26.5,28.74,26.2,26.44,28.49,-2.05,-7.1955,1563150,4261661.184,27.26329004893964
688127.SH,20260608,78.2,82.88,78.2,79.81,83.76,-3.95,-4.7159,120370,972316.939,80.77734809337875
688128.SH,20260608,26.95,27.36,25.14,25.57,27.29,-1.72,-6.3027,65769,171496.903,26.07564399641168
688129.SH,20260608,25.27,25.7,24.3,24.75,25.53,-0.78,-3.0552,10756,26949.028,25.054879137225733
688130.SH,20260608,22.6,23.93,22.49,23.0,24.35,-1.35,-5.5441,23063,53579.443,23.231775137666393
688131.SH,20260608,74.01,74.95,70.6,70.9,75.0,-4.1,-5.4667,56523,405749.536,71.78485501477275
688132.SH,20260608,13.95,14.87,13.87,14.18,14.23,-0.05,-0.3514,31232,44428.63,14.225355404713113
688133.SH,20260608,19.91,20.55,19.0,19.32,20.37,-1.05,-5.1546,50745,99427.087,19.59347462804217
688135.SH,20260608,34.0,34.63,32.62,33.11,35.51,-2.4,-6.7587,118547,399065.679,33.66307700743165
688136.SH,20260608,19.25,19.72,18.39,18.6,19.65,-1.05,-5.3435,40326,76299.035,18.920556216832814
688137.SH,20260608,38.88,39.22,37.11,38.0,39.3,-1.3,-3.3079,8485,32336.951,38.11072598703595
688138.SH,20260608,30.25,31.98,29.92,30.77,31.95,-1.18,-3.6933,80595,249570.82,30.96604255847137
688139.SH,20260608,29.4,30.19,28.77,29.2,29.82,-0.62,-2.0791,39518,115375.671,29.19572625132851
688141.SH,20260608,86.1,91.28,84.5,86.42,92.39,-5.97,-6.4617,180194,1575907.047,87.45613322308179
688143.SH,20260608,165.0,186.88,163.1,184.79,176.8,7.99,4.5192,87560,1552248.94,177.27831658291456
688146.SH,20260608,231.0,265.5,230.68,252.18,231.11,21.07,9.1169,248539,6270519.088,252.295176531651
688147.SH,20260608,78.52,86.9,78.42,82.88,84.5,-1.62,-1.9172,125842,1042343.209,82.82951709286249
688148.SH,20260608,7.95,8.07,7.56,7.72,8.17,-0.45,-5.508,185344,144658.056,7.804841591850829
688150.SH,20260608,47.61,48.84,45.18,46.31,49.83,-3.52,-7.064,156058,735803.9,47.14938676645863
688151.SH,20260608,16.38,16.84,16.18,16.42,16.84,-0.42,-2.4941,16640,27468.835,16.507713341346154
688152.SH,20260608,30.43,31.59,30.0,30.8,31.26,-0.46,-1.4715,14357,44177.582,30.770761301107473
688153.SH,20260608,28.55,30.07,28.0,28.32,29.21,-0.89,-3.0469,62621,180044.887,28.751518979256158
688155.SH,20260608,79.65,80.0,75.01,76.02,80.53,-4.51,-5.6004,31011,239615.908,77.26803650317629
688156.SH,20260608,23.32,26.3,23.08,25.2,24.72,0.48,1.9417,63953,158092.078,24.72004096758557
688157.SH,20260608,27.48,28.04,26.51,26.92,28.04,-1.12,-3.9943,19534,53294.925,27.28316013105355
688158.SH,20260608,35.91,36.97,34.9,35.55,37.28,-1.73,-4.6406,228453,820257.458,35.90486699671267
688159.SH,20260608,44.47,44.51,41.44,42.13,45.37,-3.24,-7.1413,46282,199085.842,43.01582515880904
688160.SH,20260608,116.0,128.28,115.11,123.8,122.0,1.8,1.4754,59344,728289.531,122.72336394580749
688161.SH,20260608,24.03,24.32,22.91,23.0,24.11,-1.11,-4.6039,12733,29812.028,23.41320034555878
688162.SH,20260608,27.51,27.74,26.18,26.77,28.18,-1.41,-5.0035,19796,53498.051,27.02467720751667
688163.SH,20260608,36.11,40.5,33.3,37.77,36.52,1.25,3.4228,27972,106931.748,38.22813813813814
688165.SH,20260608,19.83,21.49,19.7,21.07,20.42,0.65,3.1832,290693,606900.402,20.87770954236944
688166.SH,20260608,45.54,46.96,42.8,44.0,47.3,-3.3,-6.9767,112898,504770.75,44.71033587840352
688167.SH,20260608,412.0,425.3,401.0,414.5,445.85,-31.35,-7.0315,49815,2066482.986,414.8314736525143
688168.SH,20260608,54.03,55.01,49.54,51.65,55.73,-4.08,-7.321,30101,157844.386,52.438253214178935
688169.SH,20260608,106.9,115.29,106.5,112.8,108.68,4.12,3.7909,110306,1236406.256,112.08875818178521
688170.SH,20260608,75.73,81.67,75.67,75.75,80.15,-4.4,-5.4897,80814,632046.317,78.21000284604153
688171.SH,20260608,46.68,49.76,46.54,47.32,49.67,-2.35,-4.7312,18510,88877.359,48.01586115613182
688172.SH,20260608,64.3,66.99,60.52,61.19,68.49,-7.3,-10.6585,302042,1910474.253,63.251940226855865
688173.SH,20260608,15.16,15.4,14.57,14.83,15.69,-0.86,-5.4812,131091,196634.736,14.999865436986521
688175.SH,20260608,34.86,35.62,32.9,33.25,35.63,-2.38,-6.6798,23614,80627.716,34.14403150673329
688176.SH,20260608,10.45,10.67,9.93,10.05,10.4,-0.35,-3.3654,114450,117295.298,10.248606203582348
688177.SH,20260608,17.16,17.52,16.61,16.9,17.43,-0.53,-3.0407,27030,45940.973,16.996290418054013
688178.SH,20260608,38.0,38.5,36.5,37.41,39.04,-1.63,-4.1752,29943,111614.149,37.27553985906556
688179.SH,20260608,20.18,21.13,19.51,20.3,22.05,-1.75,-7.9365,196058,396872.037,20.24258316416571
688180.SH,20260608,29.66,30.3,28.72,28.93,30.12,-1.19,-3.9509,133272,392742.849,29.46926953898793
688181.SH,20260608,38.28,40.6,37.8,38.13,40.2,-2.07,-5.1493,76460,297793.574,38.94762934867905
688182.SH,20260608,33.0,34.2,32.1,32.65,35.15,-2.5,-7.1124,89696,297074.207,33.12011761951481
688183.SH,20260608,110.0,116.52,106.5,112.11,117.85,-5.74,-4.8706,253831,2832675.234,111.59689848757638
688184.SH,20260608,12.0,12.2,11.58,11.61,12.14,-0.53,-4.3657,9750,11495.157,11.789904615384614
688185.SH,20260608,50.52,51.52,49.6,50.32,52.16,-1.84,-3.5276,17306,87361.376,50.48039754998267
688186.SH,20260608,18.45,18.69,17.17,17.35,18.8,-1.45,-7.7128,77716,138339.003,17.800581990838438
688187.SH,20260608,53.95,54.49,52.02,53.19,55.4,-2.21,-3.9892,163414,868841.267,53.16810475234681
688188.SH,20260608,152.08,159.57,152.08,155.2,157.13,-1.93,-1.2283,37321,579402.597,155.24841161812384
688189.SH,20260608,7.55,7.82,7.36,7.48,7.74,-0.26,-3.3592,61603,46719.955,7.58403892667565
688190.SH,20260608,102.72,103.55,98.22,100.47,104.8,-4.33,-4.1317,30352,306154.962,100.86813455455983
688191.SH,20260608,35.5,36.67,33.51,34.33,36.5,-2.17,-5.9452,68806,240093.894,34.89432520419731
688192.SH,20260608,38.5,39.98,37.4,37.76,39.49,-1.73,-4.3809,48143,185255.597,38.48027688345139
688193.SH,20260608,47.01,50.55,47.01,49.19,48.35,0.84,1.7373,13201,64817.438,49.10039996969927
688195.SH,20260608,228.27,228.27,212.0,215.0,241.8,-26.8,-11.0835,92030,2019656.995,219.45637237857224
688196.SH,20260608,40.0,41.0,38.88,39.65,41.0,-1.35,-3.2927,16857,67189.767,39.85867414130629
688197.SH,20260608,32.21,33.13,30.3,30.49,33.17,-2.68,-8.0796,21532,67533.98,31.36447148430243
688198.SH,20260608,80.0,80.81,77.53,78.95,80.19,-1.24,-1.5463,5211,41240.559,79.14135290731146
688199.SH,20260608,26.0,27.25,25.9,26.12,27.48,-1.36,-4.9491,57877,153140.697,26.45968122051937
688200.SH,20260608,418.0,445.0,415.08,437.1,427.92,9.18,2.1453,38113,1651597.988,433.3424259439036
688201.SH,20260608,7.81,7.87,7.52,7.61,7.95,-0.34,-4.2767,65509,50252.918,7.671147170617777
688202.SH,20260608,53.0,54.75,50.75,51.31,54.75,-3.44,-6.2831,40289,210427.502,52.229517237955775
688203.SH,20260608,11.4,11.64,11.0,11.23,11.56,-0.33,-2.8547,33377,37764.41,11.314501003685173
688205.SH,20260608,209.1,217.0,203.2,206.33,226.7,-20.37,-8.9854,94041,1979192.278,210.46057336693568
688206.SH,20260608,37.11,40.5,36.7,39.88,38.77,1.11,2.863,109809,423586.243,38.5748201877806
688207.SH,20260608,14.2,17.44,14.02,17.44,14.53,2.91,20.0275,212165,350532.3,16.52168359531497
688208.SH,20260608,28.48,29.48,28.14,28.99,29.1,-0.11,-0.378,159060,459705.214,28.901371432163963
688209.SH,20260608,20.45,20.92,19.8,20.06,21.22,-1.16,-5.4665,100109,203554.563,20.333293010618426
688210.SH,20260608,43.93,46.15,43.11,43.7,45.2,-1.5,-3.3186,43731,193290.111,44.19979213830007
688211.SH,20260608,32.23,33.16,31.8,32.3,33.03,-0.73,-2.2101,10640,34489.16,32.41462406015038
688212.SH,20260608,29.46,29.8,28.12,28.7,29.8,-1.1,-3.6913,17928,51797.133,28.891752008032128
688213.SH,20260608,90.0,92.0,86.41,87.75,95.35,-7.6,-7.9706,144444,1288607.389,89.21155527401622
688215.SH,20260608,66.77,67.13,65.03,66.05,67.44,-1.39,-2.0611,6378,42110.673,66.02488711194732
688216.SH,20260608,30.33,31.0,28.95,29.54,31.55,-2.01,-6.3708,40693,122329.41,30.06153638217875
688217.SH,20260608,23.99,24.5,23.03,23.66,24.13,-0.47,-1.9478,9588,22795.661,23.77519920734251
688218.SH,20260608,43.0,45.26,41.21,45.25,43.72,1.53,3.4995,83932,370939.803,44.19527748653672
688219.SH,20260608,10.95,11.41,10.86,11.0,11.18,-0.18,-1.61,89737,100168.864,11.16249306306206
688220.SH,20260608,98.2,98.37,90.82,91.4,100.2,-8.8,-8.7824,119087,1118521.816,93.92476223265345
688221.SH,20260608,18.29,18.78,17.74,18.16,18.8,-0.64,-3.4043,101085,184869.005,18.28847059405451
688222.SH,20260608,25.8,26.69,25.2,25.61,26.91,-1.3,-4.8309,120844,313179.7,25.916032239912617
688223.SH,20260608,5.24,5.32,5.01,5.07,5.38,-0.31,-5.7621,1419278,732676.848,5.162320898372271
688225.SH,20260608,13.69,14.18,13.41,13.73,14.01,-0.28,-1.9986,40204,55430.315,13.78726370510397
688226.SH,20260608,45.58,47.17,42.94,43.52,47.5,-3.98,-8.3789,85354,380844.223,44.61937612765659
688227.SH,20260608,80.4,85.5,78.99,80.7,84.22,-3.52,-4.1795,55833,459400.035,82.28109451399709
688228.SH,20260608,84.0,95.58,83.4,89.57,86.5,3.07,3.5491,36402,329332.237,90.47091835613429
688229.SH,20260608,88.1,91.0,85.05,86.8,92.0,-5.2,-5.6522,17748,156389.8,88.11685823754789
688230.SH,20260608,60.78,62.34,58.45,59.25,63.34,-4.09,-6.4572,15010,90549.802,60.32631712191872
688231.SH,20260608,42.81,43.67,40.77,41.18,43.68,-2.5,-5.7234,41934,175452.031,41.84004173224591
688232.SH,20260608,19.04,19.58,18.91,19.05,19.26,-0.21,-1.0903,28168,54191.188,19.238564328315817
688233.SH,20260608,83.0,85.17,80.16,81.96,87.3,-5.34,-6.1168,53088,439758.289,82.83572351567209
688234.SH,20260608,120.0,127.95,119.89,121.7,130.93,-9.23,-7.0496,150321,1859994.956,123.73487110915973
688235.SH,20260608,215.17,222.0,213.61,214.57,220.18,-5.61,-2.5479,28866,625609.517,216.72885644010253
688236.SH,20260608,15.44,15.51,14.78,15.01,15.59,-0.58,-3.7203,16418,24872.515,15.149540138871968
688237.SH,20260608,47.24,47.27,45.17,46.63,47.24,-0.61,-1.2913,10726,49559.877,46.205367331717326
688238.SH,20260608,5.66,5.75,5.38,5.46,5.8,-0.34,-5.8621,141342,78325.444,5.541554810318235
688239.SH,20260608,55.01,55.78,51.8,52.54,57.0,-4.46,-7.8246,81087,433225.61,53.427258376805156
688244.SH,20260608,16.39,16.87,15.86,16.15,16.55,-0.4,-2.4169,18191,29609.649,16.277087021054367
688246.SH,20260608,22.3,24.56,21.88,23.74,22.94,0.8,3.4874,86768,206127.217,23.7561332518901
688247.SH,20260608,7.99,8.23,7.81,7.92,8.06,-0.14,-1.737,37379,29843.057,7.98390994943685
688248.SH,20260608,48.33,50.38,47.6,48.61,50.41,-1.8,-3.5707,53825,263703.928,48.992833813283795
688249.SH,20260608,38.28,40.6,37.68,38.09,40.44,-2.35,-5.8111,388007,1512441.374,38.97974454069128
688251.SH,20260608,24.0,24.64,23.31,23.91,24.85,-0.94,-3.7827,25537,61194.277,23.96298586364882
688252.SH,20260608,19.11,21.06,19.01,19.66,20.45,-0.79,-3.8631,102879,204068.595,19.835787186889455
688253.SH,20260608,55.55,56.64,54.0,54.6,57.6,-3.0,-5.2083,20789,114925.879,55.28206214825148
688255.SH,20260608,30.93,33.0,30.6,32.63,31.7,0.93,2.9338,57074,183779.876,32.20027963696254
688256.SH,20260608,1239.3,1298.88,1230.08,1250.36,1299.2,-48.84,-3.7592,114171,14376345.578,1259.1941542072855
688257.SH,20260608,97.47,109.31,97.47,105.3,104.43,0.87,0.8331,151002,1582958.164,104.83027800956279
688258.SH,20260608,118.0,128.88,115.19,123.0,126.4,-3.4,-2.6899,36650,449703.271,122.70212032742157
688259.SH,20260608,35.2,36.5,34.81,35.19,36.88,-1.69,-4.5824,22512,80100.158,35.58109363894812
688260.SH,20260608,84.98,85.23,73.37,76.44,88.84,-12.4,-13.9577,90312,715302.314,79.20346288422358
688261.SH,20260608,73.07,76.32,70.3,71.42,80.6,-9.18,-11.3896,81351,596637.222,73.34110484198104
688262.SH,20260608,33.52,34.3,32.0,32.84,35.77,-2.93,-8.1912,156115,519544.921,33.27962854306121
688265.SH,20260608,33.16,33.28,31.3,32.05,33.32,-1.27,-3.8115,6634,21429.388,32.30236358154959
688266.SH,20260608,88.86,90.59,85.8,87.25,90.67,-3.42,-3.7719,33920,297794.23,87.79311025943394
688267.SH,20260608,29.9,30.51,28.51,29.18,30.64,-1.46,-4.765,27540,81075.602,29.43921641249092
688268.SH,20260608,184.89,194.93,179.01,183.02,196.7,-13.68,-6.9548,107533,2002393.214,186.2119734407112
688269.SH,20260608,33.05,34.38,32.11,32.79,34.49,-1.7,-4.929,20601,68108.241,33.06064802679481
688270.SH,20260608,110.02,116.9,109.12,110.2,114.0,-3.8,-3.3333,71380,799173.017,111.96035542168674
688271.SH,20260608,110.89,115.55,110.4,114.7,112.98,1.72,1.5224,76391,860918.639,112.69896178869239
688272.SH,20260608,32.82,35.96,32.8,34.63,34.64,-0.01,-0.0289,18013,61515.276,34.1504890912119
688273.SH,20260608,41.09,44.2,40.67,43.86,42.54,1.32,3.103,25202,106748.543,42.35717125624951
688275.SH,20260608,121.16,122.99,115.18,116.9,123.5,-6.6,-5.3441,45088,534415.794,118.52727865507453
688276.SH,20260608,14.76,15.08,14.44,14.65,14.92,-0.27,-1.8097,29088,42838.007,14.727037610011
688277.SH,20260608,16.39,17.33,16.08,16.77,16.66,0.11,0.6603,110229,185846.707,16.860055611499696
688278.SH,20260608,54.99,57.35,54.43,57.35,54.99,2.36,4.2917,50229,282606.985,56.26370921180991
688279.SH,20260608,203.52,208.7,198.03,200.33,212.0,-11.67,-5.5047,26115,529991.667,202.94530614589317
688280.SH,20260608,5.62,6.1,5.62,5.85,5.67,0.18,3.1746,301511,178131.311,5.907953971828556
688281.SH,20260608,48.5,49.83,46.46,47.44,49.87,-2.43,-4.8727,44775,214272.039,47.8552850921273
688282.SH,20260608,72.06,76.0,68.71,69.7,75.0,-5.3,-7.0667,13958,99605.938,71.36118211778191
688283.SH,20260608,36.46,37.86,35.21,36.0,37.42,-1.42,-3.7948,16924,61552.036,36.369673835972584
688285.SH,20260608,7.62,7.94,7.59,7.74,7.9,-0.16,-2.0253,35566,27609.847,7.762989090704606
688286.SH,20260608,62.34,65.77,61.0,62.42,64.0,-1.58,-2.4688,24685,156559.445,63.422906623455546
688287.SH,20260608,0.35,0.38,0.35,0.37,0.35,0.02,5.7143,209983,7553.887,0.35973802641166186
688288.SH,20260608,20.68,21.04,19.89,20.24,20.96,-0.72,-3.4351,14822,30302.724,20.444423154769936
688289.SH,20260608,15.29,15.55,14.94,15.05,15.4,-0.35,-2.2727,40574,61541.837,15.167801301325971
688290.SH,20260608,58.61,62.6,58.0,61.78,59.8,1.98,3.311,24676,150430.999,60.9624732533636
688291.SH,20260608,47.45,50.4,47.1,49.14,49.16,-0.02,-0.0407,28155,138061.114,49.03609092523531
688292.SH,20260608,21.3,22.07,20.74,21.15,21.74,-0.59,-2.7139,35776,76265.591,21.31752879025045
688293.SH,20260608,36.8,37.04,34.85,35.2,37.45,-2.25,-6.008,28841,103089.231,35.74398633889255
688295.SH,20260608,47.58,49.13,46.72,47.18,50.22,-3.04,-6.0534,100531,482339.865,47.97921685848146
688296.SH,20260608,13.67,14.61,13.67,13.97,14.38,-0.41,-2.8512,25264,35696.562,14.129418144395187
688297.SH,20260608,43.49,44.85,42.72,44.52,44.04,0.48,1.0899,81112,354748.787,43.73567252687642
688298.SH,20260608,19.73,20.2,19.42,19.72,20.26,-0.54,-2.6654,12373,24459.769,19.768664834720763
688299.SH,20260608,15.36,15.84,14.95,15.23,16.04,-0.81,-5.0499,97523,149807.066,15.361203613506555
688300.SH,20260608,142.0,163.36,142.0,158.97,157.21,1.76,1.1195,93017,1442904.702,155.12268746573207
688301.SH,20260608,165.01,171.2,162.5,165.28,173.25,-7.97,-4.6003,73362,1221054.262,166.44233554156105
688302.SH,20260608,37.35,37.7,33.51,34.88,37.71,-2.83,-7.5046,25457,90164.591,35.41838826256039
688303.SH,20260608,20.32,22.66,20.32,20.88,20.41,0.47,2.3028,471920,1015365.911,21.51563635785726
688305.SH,20260608,61.91,66.99,61.5,65.8,63.0,2.8,4.4444,72130,473856.738,65.69482018577568
688306.SH,20260608,9.07,9.43,9.03,9.2,9.25,-0.05,-0.5405,193879,178983.331,9.231702814642123
688307.SH,20260608,62.72,66.0,60.24,61.34,67.63,-6.29,-9.3006,80607,505376.404,62.69634200503678
688308.SH,20260608,136.0,158.41,136.0,147.6,151.83,-4.23,-2.786,104064,1553790.735,149.31107155212177
688309.SH,20260608,62.63,64.35,61.01,63.05,63.44,-0.39,-0.6148,15026,94531.802,62.912153600425924
688310.SH,20260608,19.01,19.17,17.05,17.3,18.86,-1.56,-8.2715,73147,130368.716,17.822838393919092
688311.SH,20260608,28.0,28.42,26.72,27.0,28.84,-1.84,-6.38,48986,135166.113,27.592804678887852
688312.SH,20260608,76.0,81.69,75.2,78.2,81.3,-3.1,-3.813,50880,399526.161,78.52322346698114
688313.SH,20260608,143.1,155.0,143.1,149.28,156.79,-7.51,-4.7898,232099,3492944.194,150.49372009358078
688314.SH,20260608,39.97,39.97,37.5,38.62,41.29,-2.67,-6.4665,16660,64237.878,38.558150060024005
688315.SH,20260608,13.28,13.38,12.75,12.93,13.49,-0.56,-4.1512,30391,39699.971,13.063068342601428
688316.SH,20260608,57.0,59.78,56.5,57.9,60.95,-3.05,-5.0041,20810,121213.333,58.2476371936569
688317.SH,20260608,17.77,18.15,17.5,17.87,18.18,-0.31,-1.7052,36064,64323.032,17.8358007985803
688318.SH,20260608,80.0,84.0,78.88,79.89,82.7,-2.81,-3.3978,49278,399308.389,81.0317766548967
688319.SH,20260608,33.53,35.39,33.07,34.27,34.29,-0.02,-0.0583,111488,380032.292,34.08728221871412
688320.SH,20260608,36.99,39.52,36.8,38.14,38.55,-0.41,-1.0636,74624,286489.059,38.39100812071184
688321.SH,20260608,25.08,25.67,23.92,24.28,25.55,-1.27,-4.9706,100786,248452.276,24.651467068838926
688322.SH,20260608,122.27,150.0,122.2,144.17,126.06,18.11,14.3662,423467,5743088.376,135.62068298120042
688323.SH,20260608,28.26,32.16,28.0,31.36,29.71,1.65,5.5537,179157,544486.696,30.391594858141183
688325.SH,20260608,120.36,149.69,119.11,141.3,124.74,16.56,13.2756,61752,861713.881,139.5442869866563
688326.SH,20260608,76.78,79.72,75.9,77.6,78.93,-1.33,-1.685,20181,156464.149,77.53042416133988
688327.SH,20260608,12.18,14.09,12.12,13.54,12.58,0.96,7.6312,559553,746975.616,13.349506052152345
688328.SH,20260608,64.21,68.0,62.3,63.22,69.12,-5.9,-8.5359,66521,430483.475,64.71392116775154
688329.SH,20260608,21.5,23.61,21.45,22.9,22.83,0.07,0.3066,22304,50925.384,22.83239956958393
688330.SH,20260608,34.48,35.21,33.86,34.28,35.71,-1.43,-4.0045,15383,53035.398,34.476628746018335
688331.SH,20260608,100.19,102.8,96.41,97.47,101.5,-4.03,-3.9704,76002,751665.604,98.90076629562381
688332.SH,20260608,84.0,93.88,83.01,92.05,87.6,4.45,5.0799,78868,699312.725,88.66875348683877
688333.SH,20260608,94.66,96.65,86.86,87.21,98.4,-11.19,-11.372,173990,1584327.542,91.05854026093454
688334.SH,20260608,18.48,18.63,17.93,18.1,18.62,-0.52,-2.7927,27073,49489.261,18.279932404979128
688335.SH,20260608,28.88,28.88,27.6,28.02,28.9,-0.88,-3.045,22759,63936.84,28.092991783470275
688336.SH,20260608,53.01,55.37,52.51,53.5,55.19,-1.69,-3.0621,55624,299679.008,53.875846397238604
688337.SH,20260608,62.0,71.3,62.0,67.8,65.98,1.82,2.7584,96440,655305.989,67.9496048320199
688338.SH,20260608,24.3,24.68,23.51,23.96,24.55,-0.59,-2.4033,8502,20578.507,24.204313102799343
688339.SH,20260608,20.38,21.1,19.84,20.22,21.14,-0.92,-4.3519,47443,96867.813,20.417725059545138
688343.SH,20260608,61.5,64.11,61.27,62.26,63.76,-1.5,-2.3526,100829,630804.677,62.56183012823691
688345.SH,20260608,48.61,48.61,46.47,47.2,49.59,-2.39,-4.8195,16907,80346.471,47.52260661264565
688347.SH,20260608,207.66,222.5,207.66,213.8,227.0,-13.2,-5.815,237449,5157070.554,217.18645073257835
688348.SH,20260608,38.0,38.5,36.27,36.87,38.68,-1.81,-4.6794,26510,98631.658,37.20545379102226
688349.SH,20260608,18.25,18.38,17.38,17.54,18.55,-1.01,-5.4447,92834,165315.871,17.807685869401297
688350.SH,20260608,32.91,33.49,31.16,31.43,33.24,-1.81,-5.4452,38469,123291.327,32.049527411682135
688351.SH,20260608,22.89,23.34,21.9,22.39,23.4,-1.01,-4.3162,61324,138365.246,22.562984475898507
688352.SH,20260608,18.95,19.77,18.34,18.73,19.66,-0.93,-4.7304,317042,600721.524,18.94769538420777
688353.SH,20260608,80.52,83.88,78.52,79.75,82.73,-2.98,-3.6021,36079,291945.367,80.91836442251726
688355.SH,20260608,18.31,19.2,18.07,18.33,18.73,-0.4,-2.1356,18753,34844.669,18.580850530581774
688356.SH,20260608,71.2,71.49,67.05,68.16,71.89,-3.73,-5.1885,11038,76037.585,68.88710364196413
688357.SH,20260608,27.62,28.49,26.98,27.49,28.72,-1.23,-4.2827,15533,42908.522,27.624104809116076
688358.SH,20260608,31.22,31.69,30.06,30.5,31.59,-1.09,-3.4505,11197,34551.588,30.857897651156563
688359.SH,20260608,128.0,140.0,127.06,133.62,135.1,-1.48,-1.0955,55096,740932.051,134.48018930593872
688360.SH,20260608,21.0,23.18,21.0,22.52,22.49,0.03,0.1334,140066,316742.06,22.6137720788771
688361.SH,20260608,189.99,199.0,188.0,192.0,199.98,-7.98,-3.9904,84856,1643114.92,193.63567926840767
688362.SH,20260608,52.61,55.26,51.79,52.58,57.6,-5.02,-8.7153,289265,1549060.673,53.551610910410865
688363.SH,20260608,34.25,34.83,33.15,33.47,34.83,-1.36,-3.9047,31561,106980.607,33.89645670289281
688365.SH,20260608,18.21,20.6,18.21,19.68,19.24,0.44,2.2869,251589,495063.427,19.677467099118008
688366.SH,20260608,32.1,32.79,31.39,31.88,32.88,-1.0,-3.0414,6147,19626.215,31.928119407841223
688367.SH,20260608,36.87,38.4,34.42,34.99,37.39,-2.4,-6.4188,58211,206331.481,35.4454451907715
688368.SH,20260608,191.84,208.91,191.84,201.8,213.34,-11.54,-5.4092,27005,548473.35,203.1006665432327
688369.SH,20260608,21.21,22.41,20.8,21.39,21.97,-0.58,-2.64,44288,96389.74,21.76430184248555
688370.SH,20260608,21.74,21.79,20.77,21.02,21.9,-0.88,-4.0183,8405,17816.87,21.19794170136823
688371.SH,20260608,35.82,37.74,34.8,35.24,38.38,-3.14,-8.1813,101220,364330.186,35.99389310412962
688372.SH,20260608,140.0,147.87,136.26,139.07,145.77,-6.7,-4.5963,73036,1030714.655,141.12419286379318
688373.SH,20260608,4.53,4.64,4.43,4.46,4.59,-0.13,-2.8322,114468,51741.636,4.52018345738547
688375.SH,20260608,91.8,97.5,88.55,88.91,93.9,-4.99,-5.3142,79528,734782.969,92.39298976461122
688376.SH,20260608,66.0,68.65,65.23,66.21,69.34,-3.13,-4.514,11825,79258.829,67.02649386892178
688377.SH,20260608,28.38,29.5,27.99,28.6,29.02,-0.42,-1.4473,20234,58152.425,28.739955026193535
688378.SH,20260608,50.05,53.5,48.56,49.85,51.75,-1.9,-3.6715,254319,1300485.706,51.13600265807903
688379.SH,20260608,69.97,83.0,69.97,78.25,74.79,3.46,4.6263,86975,679605.322,78.13800770336303
688380.SH,20260608,41.29,42.62,40.3,40.77,43.52,-2.75,-6.3189,74865,310362.157,41.45624216923796
688381.SH,20260608,35.33,42.3,35.24,38.85,38.33,0.52,1.3566,201392,790796.841,39.26654688368952
688382.SH,20260608,17.3,17.8,16.4,16.55,17.59,-1.04,-5.9125,129410,218743.292,16.9031212425624
688383.SH,20260608,134.6,142.5,133.0,137.93,139.7,-1.77,-1.267,19705,271003.19,137.5301649327582
688385.SH,20260608,53.67,54.22,51.2,52.45,55.63,-3.18,-5.7163,202006,1067600.163,52.84992341811629
688386.SH,20260608,73.0,75.0,71.55,71.95,75.91,-3.96,-5.2167,17611,128597.534,73.02114246777582
688387.SH,20260608,16.33,17.14,15.63,15.72,16.98,-1.26,-7.4205,828467,1346518.262,16.253130927363433
688388.SH,20260608,42.53,45.38,41.5,43.45,45.04,-1.59,-3.5302,267133,1161449.49,43.47832315737853
688389.SH,20260608,11.08,11.2,10.92,11.06,11.23,-0.17,-1.5138,22954,25400.934,11.066016380587262
688390.SH,20260608,115.05,118.08,111.7,114.15,116.83,-2.68,-2.2939,115524,1326313.281,114.80846239742391
688391.SH,20260608,29.23,30.5,28.63,28.96,30.66,-1.7,-5.5447,20569,60291.623,29.31188827847732
688392.SH,20260608,156.0,157.68,148.45,149.56,161.01,-11.45,-7.1114,37870,580579.962,153.30867758119885
688393.SH,20260608,20.24,20.71,19.49,19.81,20.6,-0.79,-3.835,13218,26606.216,20.12877591163565
688395.SH,20260608,25.09,26.3,24.91,25.38,25.83,-0.45,-1.7422,20458,52283.762,25.55663407957767
688396.SH,20260608,62.95,66.37,61.73,62.58,66.58,-4.0,-6.0078,381113,2421167.579,63.52886359163818
688398.SH,20260608,27.72,28.85,27.05,27.5,28.06,-0.56,-1.9957,25147,70133.897,27.889568139340675
688399.SH,20260608,47.94,49.99,45.99,46.92,48.28,-1.36,-2.8169,15425,73379.652,47.57189756888168
688400.SH,20260608,55.02,61.99,54.68,60.74,57.4,3.34,5.8188,381592,2259113.978,59.202341191639235
688401.SH,20260608,69.0,71.66,67.66,68.45,73.02,-4.57,-6.2586,70810,491132.676,69.35922553311678
688403.SH,20260608,21.02,23.36,20.8,22.48,22.5,-0.02,-0.0889,939086,2116131.339,22.53394618810205
688408.SH,20260608,30.97,31.44,29.36,29.8,31.8,-2.0,-6.2893,54561,165122.803,30.263888675060944
688409.SH,20260608,137.9,145.5,134.64,137.16,145.3,-8.14,-5.6022,74696,1040655.667,139.31879444682446
688410.SH,20260608,14.61,14.61,13.67,13.86,14.75,-0.89,-6.0339,87915,124196.338,14.126865495080477
688411.SH,20260608,250.01,255.6,243.34,247.1,260.01,-12.91,-4.9652,46707,1167756.469,250.01744256749527
688416.SH,20260608,102.59,110.16,102.59,106.45,113.2,-6.75,-5.9629,38665,414879.235,107.30097892150523
688418.SH,20260608,44.98,46.19,42.03,42.98,46.56,-3.58,-7.689,64027,282180.032,44.0720371093445
688419.SH,20260608,44.8,46.0,42.73,43.39,46.8,-3.41,-7.2863,31383,138772.99,44.21916005480674
688420.SH,20260608,23.22,24.5,22.9,23.37,23.86,-0.49,-2.0536,12928,30650.392,23.708533415841586
688425.SH,20260608,4.3,4.39,4.24,4.28,4.34,-0.06,-1.3825,204354,88044.847,4.308447449034518
688426.SH,20260608,17.3,17.75,16.51,17.04,17.47,-0.43,-2.4614,14086,24128.225,17.12922405225046
688428.SH,20260608,20.93,21.43,20.26,20.33,21.44,-1.11,-5.1772,82568,170687.163,20.67231409262668
688429.SH,20260608,11.49,11.58,10.71,10.92,11.56,-0.64,-5.5363,33600,37381.596,11.125475
688432.SH,20260608,18.6,20.7,18.6,19.67,19.89,-0.22,-1.1061,306441,608025.531,19.841520260017425
688433.SH,20260608,92.6,95.95,89.8,92.6,97.0,-4.4,-4.5361,51545,477683.911,92.67318090988456
688435.SH,20260608,36.35,38.9,36.21,38.06,38.05,0.01,0.0263,22651,85825.33,37.890305063794095
688439.SH,20260608,45.92,46.4,44.0,44.41,47.67,-3.26,-6.8387,40200,181892.389,45.24686293532338
688443.SH,20260608,22.54,22.95,21.11,21.62,22.51,-0.89,-3.9538,55599,121955.506,21.934838036655332
688448.SH,20260608,55.8,57.7,53.98,54.0,57.51,-3.51,-6.1033,32338,178559.818,55.216716556373306
688449.SH,20260608,64.53,68.06,64.15,65.41,70.38,-4.97,-7.0617,112726,746989.123,66.26591230062276
688450.SH,20260608,40.0,43.87,37.6,38.67,42.66,-3.99,-9.353,24845,98716.841,39.73308150533307
688455.SH,20260608,19.7,20.5,19.09,19.79,19.98,-0.19,-0.951,26997,53440.182,19.794859428825426
688456.SH,20260608,81.01,99.99,81.01,95.48,88.9,6.58,7.4016,128055,1204565.233,94.0662397407364
688458.SH,20260608,36.87,38.0,35.35,36.1,38.0,-1.9,-5.0,38336,140484.558,36.645596306343904
688459.SH,20260608,8.36,8.52,8.25,8.32,8.49,-0.17,-2.0024,13461,11217.85,8.33359334373375
688466.SH,20260608,15.71,15.87,14.86,15.06,15.74,-0.68,-4.3202,14375,22010.246,15.31147547826087
688468.SH,20260608,6.18,6.28,6.01,6.09,6.25,-0.16,-2.56,35733,21965.871,6.147222735286709
688469.SH,20260608,7.01,7.16,6.79,6.87,7.34,-0.47,-6.4033,2188681,1528993.098,6.985911140088482
688472.SH,20260608,11.2,11.35,10.81,10.97,11.45,-0.48,-4.1921,549740,608558.177,11.069927183759596
688475.SH,20260608,27.26,28.29,27.03,27.43,27.81,-0.38,-1.3664,59662,164058.85,27.498047333310986
688478.SH,20260608,54.33,56.65,52.9,54.35,57.91,-3.56,-6.1475,66566,366187.212,55.011148634438
688479.SH,20260608,31.5,32.37,29.73,30.7,32.62,-1.92,-5.886,39599,122319.649,30.889580292431628
688480.SH,20260608,86.0,88.59,82.0,84.46,90.53,-6.07,-6.705,23492,199656.179,84.9890085986719
688484.SH,20260608,39.85,41.26,38.7,39.25,41.75,-2.5,-5.988,104673,416250.294,39.76673010231865
688485.SH,20260608,50.0,51.0,46.47,46.64,52.2,-5.56,-10.6513,65274,315757.191,48.37411388914422
688486.SH,20260608,71.73,73.59,69.71,70.17,74.48,-4.31,-5.7868,36960,263974.352,71.42163203463204
688488.SH,20260608,13.48,13.64,12.45,12.5,13.76,-1.26,-9.157,95553,123850.326,12.961427270729333
688489.SH,20260608,23.41,24.8,23.22,23.92,24.1,-0.18,-0.7469,19536,47112.92,24.11595004095004
688496.SH,20260608,1.14,1.37,1.09,1.28,1.18,0.1,8.4746,206726,26093.353,1.2622192177084643
688498.SH,20260608,1278.88,1413.0,1278.0,1389.88,1320.72,69.16,5.2365,70777,9543485.229,1348.3879267276093
688499.SH,20260608,48.35,49.18,46.26,47.05,51.0,-3.95,-7.7451,84377,403417.864,47.81135427900968
688500.SH,20260608,46.5,47.84,43.2,44.06,48.2,-4.14,-8.5892,35610,161368.767,45.31557624262847
688501.SH,20260608,21.5,23.7,21.31,23.3,22.07,1.23,5.5732,40338,92974.428,23.048844265952702
688502.SH,20260608,420.0,452.1,420.0,428.5,453.9,-25.4,-5.5959,15810,689730.517,436.26218659076534
688503.SH,20260608,83.0,86.43,79.0,80.69,87.66,-6.97,-7.9512,134526,1107546.943,82.32958260856637
688505.SH,20260608,6.87,6.94,6.65,6.76,6.92,-0.16,-2.3121,42285,28663.536,6.778653423199716
688506.SH,20260608,210.94,213.58,201.02,204.58,212.29,-7.71,-3.6318,21975,454019.86,206.60744482366326
688507.SH,20260608,182.93,228.0,181.03,225.11,191.45,33.66,17.5816,128518,2735405.027,212.84217206928213
688508.SH,20260608,79.0,81.43,77.01,78.4,83.2,-4.8,-5.7692,49586,393130.611,79.28258197878434
688509.SH,20260608,4.91,5.03,4.76,4.82,5.03,-0.21,-4.175,178866,87399.934,4.886335804456968
688510.SH,20260608,26.87,27.28,25.94,26.34,27.54,-1.2,-4.3573,80315,213468.84,26.57895038286746
688511.SH,20260608,24.05,25.1,23.79,24.1,24.76,-0.66,-2.6656,31028,75753.579,24.41458650251386
688512.SH,20260608,12.69,12.99,12.13,12.38,13.2,-0.82,-6.2121,188351,236569.029,12.560009184979108
688513.SH,20260608,46.0,47.34,45.19,45.64,47.0,-1.36,-2.8936,15292,70322.923,45.98674012555584
688515.SH,20260608,190.5,202.0,190.5,194.48,214.0,-19.52,-9.1215,57167,1123741.021,196.57162716252384
688516.SH,20260608,57.0,58.29,53.4,54.42,58.34,-3.92,-6.7192,100521,557748.662,55.48578525880164
688517.SH,20260608,19.34,20.19,18.47,18.86,20.02,-1.16,-5.7942,32431,62180.428,19.173145447257255
688518.SH,20260608,25.34,26.92,25.31,25.66,26.82,-1.16,-4.3251,188421,489652.406,25.98714612490115
688519.SH,20260608,219.94,263.8,216.0,253.55,236.1,17.45,7.3909,84036,2045029.811,243.35163632252844
688520.SH,20260608,35.03,35.57,33.93,34.27,35.4,-1.13,-3.1921,20401,70717.369,34.663677760894075
688521.SH,20260608,208.01,217.63,208.0,213.0,225.2,-12.2,-5.4174,194001,4135044.082,213.1455034767862
688522.SH,20260608,21.0,21.38,19.89,20.34,21.33,-0.99,-4.6414,60277,123808.067,20.53985218242447
688523.SH,20260608,57.8,62.39,56.8,58.6,60.09,-1.49,-2.4796,77208,459919.55,59.56889830069422
688525.SH,20260608,285.0,295.58,285.0,288.5,311.0,-22.5,-7.2347,329937,9591655.912,290.71173927143667
688526.SH,20260608,12.36,12.66,12.16,12.3,12.54,-0.24,-1.9139,13258,16395.324,12.366362950671292
688528.SH,20260608,10.88,11.57,10.87,11.28,11.24,0.04,0.3559,37238,41966.54,11.26981577958
688529.SH,20260608,17.55,18.48,17.37,17.74,18.16,-0.42,-2.3128,21392,38290.357,17.89938154450262
688530.SH,20260608,45.9,47.58,44.8,45.51,48.55,-3.04,-6.2616,52738,242766.613,46.03257859607873
688531.SH,20260608,180.89,191.8,178.1,181.49,195.17,-13.68,-7.0093,74871,1371877.582,183.2321702661912
688533.SH,20260608,24.43,24.6,23.28,23.73,24.64,-0.91,-3.6932,12641,30203.299,23.893124752788545
688535.SH,20260608,107.49,112.53,106.21,107.82,114.8,-6.98,-6.0801,64759,708671.089,109.43206179836008
688536.SH,20260608,272.49,288.53,272.24,277.5,293.0,-15.5,-5.2901,49773,1396201.977,280.51392863600745
688538.SH,20260608,2.39,2.43,2.3,2.32,2.43,-0.11,-4.5267,1401469,331207.199,2.3632859449620365
688539.SH,20260608,30.82,31.59,29.55,30.06,31.8,-1.74,-5.4717,34362,104824.449,30.50592194866422
688543.SH,20260608,40.52,41.51,38.93,39.71,41.02,-1.31,-3.1936,53752,215605.205,40.11110377288286
688545.SH,20260608,81.91,84.5,79.6,80.5,86.16,-5.66,-6.5692,146068,1196342.969,81.90315257277433
688548.SH,20260608,25.97,27.77,25.97,26.64,28.11,-1.47,-5.2295,249525,674222.672,27.0202453461577
688549.SH,20260608,15.05,19.19,15.03,19.19,15.99,3.2,20.0125,1584206,2816078.709,17.775962905076735
688550.SH,20260608,41.7,44.84,41.7,44.3,43.35,0.95,2.1915,70150,307952.439,43.899135994297936
688551.SH,20260608,49.34,63.81,49.25,58.7,54.08,4.62,8.5429,107674,627496.142,58.277406059030035
688552.SH,20260608,29.0,29.35,27.44,27.82,29.52,-1.7,-5.7588,42982,121487.992,28.264853194360427
688553.SH,20260608,16.86,16.97,15.97,16.18,17.12,-0.94,-5.4907,78512,129062.854,16.43861498879152
688556.SH,20260608,10.78,11.19,10.3,10.39,10.99,-0.6,-5.4595,394253,419882.127,10.65006802738343
688557.SH,20260608,30.8,31.12,29.89,30.58,31.05,-0.47,-1.5137,15952,48817.611,30.602815320962886
688558.SH,20260608,32.5,33.33,31.88,32.35,33.25,-0.9,-2.7068,21287,69297.118,32.55372668764974
688559.SH,20260608,65.84,71.41,65.8,67.16,68.46,-1.3,-1.8989,226428,1551653.239,68.52744532478316
688560.SH,20260608,13.7,14.01,13.13,13.28,14.12,-0.84,-5.949,54491,73599.373,13.506702574737112
688561.SH,20260608,25.18,26.23,25.03,25.47,25.8,-0.33,-1.2791,69689,177692.974,25.497994518503635
688562.SH,20260608,16.32,16.85,16.26,16.8,16.68,0.12,0.7194,33574,55931.985,16.65931524393876
688563.SH,20260608,49.5,50.05,47.88,48.19,50.22,-2.03,-4.0422,35067,171130.916,48.801128126158495
688565.SH,20260608,10.46,10.98,10.15,10.4,10.77,-0.37,-3.4355,33619,35590.526,10.586432077099259
688566.SH,20260608,23.85,24.28,23.47,23.67,24.04,-0.37,-1.5391,9543,22754.531,23.844211463900237
688567.SH,20260608,11.49,11.77,11.22,11.45,12.01,-0.56,-4.6628,179114,206710.609,11.540728753754593
688568.SH,20260608,44.0,46.25,43.26,44.0,45.9,-1.9,-4.1394,127118,566771.823,44.5862759797983
688569.SH,20260608,18.15,18.49,17.88,17.98,18.26,-0.28,-1.5334,7776,14125.015,18.164885545267488
688570.SH,20260608,15.56,16.24,15.51,16.19,15.95,0.24,1.5047,16535,26523.341,16.04072633807076
688571.SH,20260608,8.79,8.82,8.38,8.51,9.06,-0.55,-6.0706,112885,97116.252,8.603113965540151
688573.SH,20260608,19.37,19.98,18.56,18.89,19.87,-0.98,-4.9321,29678,57034.86,19.21789204124267
688575.SH,20260608,9.76,9.88,9.38,9.54,9.87,-0.33,-3.3435,107756,103710.004,9.62452243958573
688576.SH,20260608,67.01,69.52,66.52,67.69,69.22,-1.53,-2.2103,2831,19184.819,67.76693394560226
688577.SH,20260608,64.53,67.9,64.53,66.74,69.2,-2.46,-3.5549,18031,120096.351,66.6054855526593
688578.SH,20260608,82.99,84.97,79.51,80.34,84.29,-3.95,-4.6862,54193,440261.685,81.23958537080435
688579.SH,20260608,8.63,8.88,8.44,8.61,8.87,-0.26,-2.9312,33988,29521.525,8.685867070730847
688580.SH,20260608,49.89,51.06,48.78,49.67,50.7,-1.03,-2.0316,14052,69987.788,49.80628237973242
688581.SH,20260608,54.01,55.6,54.0,54.61,55.02,-0.41,-0.7452,3818,20936.02,54.83504452592981
688582.SH,20260608,46.5,48.39,46.0,46.4,47.55,-1.15,-2.4185,71728,337800.606,47.09466400847647
688583.SH,20260608,106.88,125.98,106.88,121.68,113.21,8.47,7.4817,32933,389186.713,118.17529924391947
688584.SH,20260608,23.9,26.27,23.9,24.7,25.63,-0.93,-3.6286,146448,366633.616,25.03507156123675
688585.SH,20260608,160.3,176.38,160.0,168.48,173.89,-5.41,-3.1112,57628,980840.018,170.20198826959117
688586.SH,20260608,12.6,12.83,11.9,12.15,12.85,-0.7,-5.4475,107229,132849.571,12.389332270188103
688588.SH,20260608,9.95,10.23,9.78,10.0,10.11,-0.11,-1.088,43630,43803.62,10.039793719917489
688589.SH,20260608,19.38,19.79,18.71,19.0,19.98,-0.98,-4.9049,43922,84549.039,19.249815354492053
688590.SH,20260608,13.93,15.53,13.93,15.01,14.5,0.51,3.5172,182204,274008.306,15.03854503743057
688591.SH,20260608,29.8,30.29,29.0,29.39,31.0,-1.61,-5.1935,55010,163685.61,29.75560988911107
688592.SH,20260608,39.38,40.25,37.7,38.48,40.03,-1.55,-3.8721,12515,48756.444,38.958405113863364
688593.SH,20260608,31.08,33.58,30.78,31.49,35.55,-4.06,-11.4205,225621,725622.892,32.161141560404396
688595.SH,20260608,37.99,38.97,36.5,37.21,39.92,-2.71,-6.7886,93128,352328.017,37.83266224980672
688596.SH,20260608,38.88,40.49,37.51,37.94,40.9,-2.96,-7.2372,163174,633907.091,38.848535367154085
688597.SH,20260608,9.41,9.78,9.29,9.49,9.71,-0.22,-2.2657,143685,136873.89,9.525969307860947
688598.SH,20260608,32.5,33.6,31.35,31.96,34.28,-2.32,-6.7678,126613,410038.052,32.38514623300925
688599.SH,20260608,13.86,13.98,13.14,13.21,14.14,-0.93,-6.5771,520168,702658.456,13.508298395902862
688600.SH,20260608,25.8,27.21,25.45,26.9,26.64,0.26,0.976,39032,102847.542,26.349544476327118
688601.SH,20260608,51.9,54.42,51.22,51.61,54.09,-2.48,-4.585,51030,267812.832,52.48144855967078
688602.SH,20260608,6.98,7.09,6.7,6.8,7.13,-0.33,-4.6283,82945,57252.041,6.902410151305082
688603.SH,20260608,164.8,182.98,160.8,177.56,176.5,1.06,0.6006,68803,1192318.551,173.29455852215744
688605.SH,20260608,71.0,72.88,68.38,69.92,74.2,-4.28,-5.7682,55057,389073.51,70.6674010570863
688606.SH,20260608,49.21,49.85,47.85,48.2,49.65,-1.45,-2.9204,3300,16134.71,48.8930606060606
688607.SH,20260608,56.0,58.66,55.11,56.55,58.6,-2.05,-3.4983,12131,68743.934,56.667986151182916
688608.SH,20260608,158.86,158.86,151.48,151.48,162.28,-10.8,-6.6552,45519,705937.748,155.08639205606448
688609.SH,20260608,11.5,11.86,11.14,11.33,11.9,-0.57,-4.7899,423223,486494.135,11.494983377557457
688610.SH,20260608,180.16,209.99,180.16,202.86,200.7,2.16,1.0762,19371,376679.464,194.45535284703936
688611.SH,20260608,75.88,76.28,70.6,71.7,76.95,-5.25,-6.8226,15616,114017.976,73.01356045081967
688612.SH,20260608,34.95,36.99,33.2,33.65,36.4,-2.75,-7.5549,83541,288580.884,34.54362337056057
688613.SH,20260608,15.95,16.15,15.26,15.55,16.16,-0.61,-3.7748,28867,45346.986,15.708936155471644
688615.SH,20260608,120.0,128.0,118.0,123.31,124.91,-1.6,-1.2809,42291,526304.857,124.44843039890284
688616.SH,20260608,11.72,12.09,11.42,11.54,11.96,-0.42,-3.5117,21362,25103.503,11.751475985394626
688617.SH,20260608,201.3,202.87,192.9,199.0,201.53,-2.53,-1.2554,13638,268892.518,197.16418683091362
688618.SH,20260608,31.5,33.46,31.23,31.94,34.21,-2.27,-6.6355,28432,91886.847,32.31810882104671
688619.SH,20260608,16.9,18.27,16.44,16.88,17.3,-0.42,-2.4277,58771,101268.392,17.231013935444352
688620.SH,20260608,11.78,12.35,11.58,11.85,12.15,-0.3,-2.4691,149052,177938.793,11.93803457853635
688621.SH,20260608,50.0,50.66,47.04,47.96,50.51,-2.55,-5.0485,15372,74536.071,48.488206479313035
688622.SH,20260608,127.0,131.3,119.0,121.01,130.39,-9.38,-7.1938,19062,235899.19,123.75364075123281
688623.SH,20260608,96.3,97.77,93.02,94.1,96.61,-2.51,-2.5981,6140,58235.28,94.84573289902279
688625.SH,20260608,72.66,74.75,71.12,73.0,75.1,-2.1,-2.7963,37629,273636.71,72.71963379308514
688626.SH,20260608,49.58,50.14,47.82,48.37,50.14,-1.77,-3.5301,16671,81429.889,48.84523363925379
688627.SH,20260608,367.04,393.8,365.5,375.1,385.56,-10.46,-2.7129,52572,1992230.082,378.95269002510844
688628.SH,20260608,76.8,80.8,76.29,77.69,83.38,-5.69,-6.8242,40014,313182.591,78.26825386114861
688629.SH,20260608,127.0,131.2,123.36,123.8,134.96,-11.16,-8.2691,180855,2292656.45,126.76765640983109
688630.SH,20260608,350.06,406.0,348.41,390.5,379.0,11.5,3.0343,88041,3383761.544,384.3392901034746
688631.SH,20260608,46.51,49.28,46.03,48.15,47.38,0.77,1.6252,31656,151334.273,47.80587345211018
688633.SH,20260608,29.15,30.68,29.06,29.99,29.8,0.19,0.6376,105271,317544.748,30.16450380446657
688635.SH,20260608,538.0,588.0,521.01,566.66,598.0,-31.34,-5.2408,33853,1888282.521,557.7888284642424
688636.SH,20260608,35.71,36.49,34.68,35.19,36.62,-1.43,-3.905,37568,133915.138,35.646065268313464
688638.SH,20260608,34.28,35.92,33.51,34.0,35.11,-1.11,-3.1615,8555,29566.278,34.56023144360023
688639.SH,20260608,21.05,21.47,20.22,20.57,21.87,-1.3,-5.9442,74401,154908.73,20.820786010940715
688646.SH,20260608,62.0,64.0,61.0,61.29,64.63,-3.34,-5.1679,8950,55829.287,62.37909162011172
688648.SH,20260608,37.59,38.58,36.24,36.58,39.0,-2.42,-6.2051,20658,77013.393,37.28017862329364
688651.SH,20260608,33.3,34.21,32.31,32.96,34.11,-1.15,-3.3714,12141,40459.095,33.324351371386214
688652.SH,20260608,123.0,129.57,121.05,123.4,128.27,-4.87,-3.7967,44482,557045.589,125.22943864934132
688653.SH,20260608,13.3,13.77,12.98,13.19,13.88,-0.69,-4.9712,112852,150510.265,13.336960355155425
688655.SH,20260608,50.0,52.61,49.21,50.11,54.68,-4.57,-8.3577,90368,458455.117,50.73201985216006
688656.SH,20260608,101.36,103.43,96.5,97.5,103.42,-5.92,-5.7242,6487,64204.292,98.9737814089718
688657.SH,20260608,35.89,38.66,35.49,37.59,36.4,1.19,3.2692,31531,118008.434,37.4261628238876
688658.SH,20260608,13.68,14.25,13.38,13.6,13.73,-0.13,-0.9468,268213,370648.28,13.819176549980801
688659.SH,20260608,9.66,10.05,9.39,9.72,10.0,-0.28,-2.8,43942,42904.147,9.763812980747348
688660.SH,20260608,9.67,9.9,9.2,9.36,9.86,-0.5,-5.071,212714,202104.343,9.501224319978938
688661.SH,20260608,109.1,120.66,109.1,114.59,120.18,-5.59,-4.6514,47964,554538.777,115.61562359269452
688662.SH,20260608,84.0,87.9,81.23,83.18,88.76,-5.58,-6.2866,51251,430830.75,84.06289633373007
688663.SH,20260608,86.2,87.09,81.0,81.93,88.37,-6.44,-7.2875,53057,443618.177,83.61162089827921
688665.SH,20260608,49.0,49.95,47.01,48.62,50.58,-1.96,-3.875,12670,61221.641,48.320158642462516
688667.SH,20260608,106.2,109.64,104.66,106.5,109.65,-3.15,-2.8728,13984,149579.379,106.96465889588099
688668.SH,20260608,385.23,410.99,373.0,391.78,395.97,-4.19,-1.0582,87118,3421555.889,392.74959124405973
688669.SH,20260608,43.0,45.53,42.51,43.38,44.5,-1.12,-2.5169,56168,248368.45,44.21885237145706
688670.SH,20260608,15.0,15.88,14.81,15.18,15.85,-0.67,-4.2271,15486,23783.789,15.358251969520857
688671.SH,20260608,24.9,25.65,23.66,24.28,25.65,-1.37,-5.3411,22422,55244.725,24.638625011149763
688676.SH,20260608,85.0,88.19,82.28,83.6,89.92,-6.32,-7.0285,163710,1394061.709,85.15434054120091
688677.SH,20260608,121.8,128.47,112.0,117.75,132.58,-14.83,-11.1857,75813,912318.595,120.33801524804453
688678.SH,20260608,21.78,22.29,20.95,21.21,22.36,-1.15,-5.1431,138452,297919.243,21.517872114523446
688679.SH,20260608,53.19,54.91,51.31,52.04,55.53,-3.49,-6.2849,28296,149841.251,52.95492331071529
688680.SH,20260608,41.75,43.85,41.51,42.85,43.66,-0.81,-1.8552,23926,102057.229,42.655366128897434
688681.SH,20260608,15.9,16.63,15.43,15.75,16.51,-0.76,-4.6033,28912,46126.778,15.95419825677919
688682.SH,20260608,41.0,47.98,41.0,46.87,42.92,3.95,9.2032,58785,265786.663,45.213347452581445
688683.SH,20260608,36.11,37.24,35.41,36.05,37.68,-1.63,-4.3259,20611,74601.254,36.194873611178494
688685.SH,20260608,49.0,49.0,45.45,46.03,49.38,-3.35,-6.7841,42798,201675.264,47.12259077526987
688686.SH,20260608,130.85,136.02,130.66,134.07,137.96,-3.89,-2.8197,28506,380785.994,133.58099838630463
688687.SH,20260608,16.45,16.75,16.07,16.2,16.62,-0.42,-2.5271,17409,28574.79,16.413803205238672
688689.SH,20260608,39.16,39.57,36.9,37.8,40.42,-2.62,-6.4819,38480,147197.27,38.25292879417879
688690.SH,20260608,40.66,41.81,37.39,37.56,42.03,-4.47,-10.6353,218563,851974.553,38.98073109355197
688691.SH,20260608,88.14,93.76,88.13,90.48,95.1,-4.62,-4.858,50068,455636.114,91.0034580969881
688692.SH,20260608,256.0,278.98,254.01,262.58,265.0,-2.42,-0.9132,26652,714467.539,268.0727671469308
688693.SH,20260608,95.01,100.98,95.0,97.51,100.4,-2.89,-2.8785,28337,277028.539,97.76212690122455
688695.SH,20260608,20.7,21.18,20.05,20.59,20.9,-0.31,-1.4833,13243,27363.268,20.662439024390245
688696.SH,20260608,70.51,72.0,70.0,71.3,72.0,-0.7,-0.9722,9911,70286.242,70.91740692160226
688697.SH,20260608,20.17,21.21,19.65,20.0,20.91,-0.91,-4.352,118173,242205.593,20.49584871332707
688698.SH,20260608,63.66,68.5,63.38,65.44,66.16,-0.72,-1.0883,69880,464181.94,66.4255781339439
688699.SH,20260608,55.15,56.55,54.03,55.3,57.15,-1.85,-3.2371,32436,179469.83,55.330444567764204
688700.SH,20260608,83.57,88.59,81.5,84.8,87.8,-3.0,-3.4169,134660,1147831.811,85.2392552354077
688701.SH,20260608,9.0,9.4,8.61,8.89,9.26,-0.37,-3.9957,36094,32409.762,8.979265805951128
688702.SH,20260608,251.0,265.99,248.12,252.0,263.02,-11.02,-4.1898,55478,1421785.102,256.27908396120984
688707.SH,20260608,14.94,15.29,14.35,14.7,15.17,-0.47,-3.0982,199394,294989.135,14.794283428789232
688708.SH,20260608,46.63,47.88,44.6,45.05,47.68,-2.63,-5.5159,20612,94274.887,45.737864836017856
688709.SH,20260608,31.88,32.59,30.58,31.15,33.18,-2.03,-6.1181,72719,230097.016,31.641938970557902
688710.SH,20260608,57.0,57.53,51.12,51.8,56.96,-5.16,-9.059,32584,172897.419,53.06206082739995
688711.SH,20260608,31.5,32.74,29.74,29.74,33.53,-3.79,-11.3033,143027,444476.844,31.07642920567445
688712.SH,20260608,37.98,38.49,36.75,37.5,38.71,-1.21,-3.1258,20159,75763.744,37.583086462622155
688716.SH,20260608,32.89,34.69,32.21,33.03,33.52,-0.49,-1.4618,41599,138960.891,33.40486333806101
688717.SH,20260608,94.0,97.03,90.68,91.36,97.69,-6.33,-6.4797,60769,564002.776,92.81093583899684
688718.SH,20260608,14.56,15.03,14.23,14.63,14.81,-0.18,-1.2154,30626,45011.932,14.697293802651343
688719.SH,20260608,69.59,82.69,69.59,78.2,78.78,-0.58,-0.7362,59947,463619.575,77.33824461607755
688720.SH,20260608,84.55,91.68,84.55,87.56,92.5,-4.94,-5.3405,32460,287082.583,88.44195409735057
688721.SH,20260608,40.65,42.15,39.26,39.72,42.7,-2.98,-6.9789,27508,111811.529,40.64691326159662
688722.SH,20260608,16.15,17.05,16.07,16.41,16.58,-0.17,-1.0253,54028,89024.928,16.47755386096098
688726.SH,20260608,59.11,62.3,58.62,60.1,61.6,-1.5,-2.4351,155028,943475.97,60.85842363960059
688727.SH,20260608,47.8,50.27,47.57,48.86,51.35,-2.49,-4.8491,44855,220386.296,49.13305005016163
688728.SH,20260608,13.37,13.65,12.92,13.08,13.8,-0.72,-5.2174,297125,394064.186,13.262572519983172
688729.SH,20260608,22.83,23.48,22.4,22.58,23.9,-1.32,-5.523,112952,258630.935,22.89741970040371
688733.SH,20260608,34.31,37.08,33.83,35.08,36.25,-1.17,-3.2276,101791,359756.123,35.34262587065654
688737.SH,20260608,24.51,26.23,24.51,25.36,25.0,0.36,1.44,37031,94520.332,25.52465015797575
688739.SH,20260608,20.8,21.08,20.41,20.64,20.92,-0.28,-1.3384,20077,41506.629,20.67372067539971
688750.SH,20260608,16.41,16.51,15.76,15.85,16.66,-0.81,-4.8619,38511,62179.089,16.145799641660826
688755.SH,20260608,34.86,34.86,33.33,33.61,35.07,-1.46,-4.1631,4939,16830.036,34.0757967199838
688757.SH,20260608,39.55,42.92,39.55,41.73,42.18,-0.45,-1.0669,114984,479297.64,41.68385514506366
688758.SH,20260608,17.0,17.13,16.31,16.6,17.4,-0.8,-4.5977,34130,57085.574,16.725922648696162
688759.SH,20260608,30.5,31.46,30.05,30.7,31.18,-0.48,-1.5394,24365,75013.906,30.78756659142212
688765.SH,20260608,46.63,47.0,44.38,45.0,47.87,-2.87,-5.9954,21171,96456.579,45.560709933399465
688766.SH,20260608,370.38,389.96,360.08,373.0,396.0,-23.0,-5.8081,60112,2254545.668,375.05750399254725
688767.SH,20260608,37.0,37.0,34.28,35.48,37.25,-1.77,-4.7517,25910,91900.595,35.469160555769975
688768.SH,20260608,52.5,55.58,50.5,54.7,53.05,1.65,3.1103,23839,129010.777,54.11752883929695
688772.SH,20260608,15.1,17.55,14.92,17.38,15.4,1.98,12.8571,1124948,1875125.766,16.668555044322048
688775.SH,20260608,158.1,159.55,152.24,155.56,163.0,-7.44,-4.5644,13700,214148.092,156.31247591240876
688776.SH,20260608,63.5,64.45,59.11,60.33,64.65,-4.32,-6.6821,26379,162127.69,61.46089313469047
688777.SH,20260608,99.6,107.68,97.73,103.5,99.72,3.78,3.7906,438266,4506296.88,102.82104657901823
688778.SH,20260608,57.5,58.07,53.98,55.3,58.81,-3.51,-5.9684,99060,553365.488,55.861648293963256
688779.SH,20260608,8.23,8.36,7.92,8.07,8.36,-0.29,-3.4689,315517,256243.045,8.121370480829878
688781.SH,20260608,46.99,48.72,45.18,46.0,49.26,-3.26,-6.6179,41271,193720.209,46.93857890528459
688783.SH,20260608,34.52,37.18,33.4,34.44,36.7,-2.26,-6.158,265976,934538.012,35.13617815141216
688785.SH,20260608,327.31,335.44,317.19,322.59,347.28,-24.69,-7.1095,9907,324124.349,327.1670021197133
688786.SH,20260608,36.22,41.98,35.56,40.48,35.24,5.24,14.8695,181886,706717.276,38.85495728093421
688787.SH,20260608,119.67,142.62,119.01,139.38,125.7,13.68,10.8831,55951,753020.013,134.5856218834337
688788.SH,20260608,43.24,43.67,41.51,42.3,43.59,-1.29,-2.9594,23682,100737.823,42.53771767587197
688789.SH,20260608,50.57,51.57,48.71,49.38,51.57,-2.19,-4.2467,16707,83272.572,49.842923325552164
688790.SH,20260608,120.17,120.17,116.0,116.2,124.6,-8.4,-6.7416,6120,72465.059,118.4069591503268
688793.SH,20260608,18.02,18.19,17.17,17.46,18.18,-0.72,-3.9604,18908,33462.662,17.697621112756504
688795.SH,20260608,600.0,635.8,597.0,615.98,633.97,-17.99,-2.8377,22347,1375054.27,615.3194030518638
688796.SH,20260608,91.93,95.3,90.28,90.87,93.8,-2.93,-3.1237,12278,113139.242,92.1479410327415
688798.SH,20260608,66.2,67.58,64.14,66.22,69.49,-3.27,-4.7057,55435,366392.237,66.09402669793452
688799.SH,20260608,48.5,48.85,45.68,46.0,48.59,-2.59,-5.3303,28731,134892.07,46.950008701402666
688800.SH,20260608,116.91,122.5,115.0,115.65,126.11,-10.46,-8.2943,102878,1220132.381,118.59993205544433
688802.SH,20260608,669.02,730.97,669.02,703.0,710.0,-7.0,-0.9859,21063,1479909.976,702.611202582728
688805.SH,20260608,50.15,50.97,47.0,48.18,52.06,-3.88,-7.4529,21381,103887.059,48.588493989991115
688807.SH,20260608,388.53,418.52,388.53,397.99,432.0,-34.01,-7.8727,14944,603347.796,403.73915685224836
688808.SH,20260608,2040.0,2298.6,2001.23,2295.0,2145.0,150.0,6.993,19369,4163440.298,2149.538075274924
688809.SH,20260608,469.2,483.5,457.02,467.0,491.92,-24.92,-5.0659,20949,983496.117,469.47162967206066
688811.SH,20260608,25.0,26.44,24.85,25.33,26.95,-1.62,-6.0111,128767,329910.63,25.62074366879713
688813.SH,20260608,160.55,174.0,155.56,158.2,183.68,-25.48,-13.872,38590,633683.301,164.20919953355792
688816.SH,20260608,62.1,66.49,61.35,65.37,62.95,2.42,3.8443,16183,103488.711,63.94902737440524
688818.SH,20260608,69.96,75.38,69.83,70.58,73.2,-2.62,-3.5792,166079,1206487.466,72.64539562497366
688819.SH,20260608,23.86,24.09,22.97,23.3,24.23,-0.93,-3.8382,40424,94832.692,23.459502275875717
688820.SH,20260608,159.99,169.0,159.99,165.3,173.3,-8.0,-4.6163,243051,4008705.423,164.93268585605492
688981.SH,20260608,120.0,124.28,120.0,121.92,127.4,-5.48,-4.3014,781226,9545783.582,122.18978351974974
689009.SH,20260608,36.0,37.73,35.95,36.95,36.36,0.59,1.6227,146792,540437.041,36.81651867949207
920000.BJ,20260608,13.76,14.73,13.7,14.31,13.88,0.43,3.098,13341,19145.78321,14.351085533318344
920001.BJ,20260608,17.0,18.7,16.87,17.45,17.8,-0.35,-1.9663,74462,132063.29192,17.735662743412746
920002.BJ,20260608,62.11,72.85,62.11,70.83,65.8,5.03,7.6444,45622,318521.52946,69.81752870544912
920003.BJ,20260608,28.1,29.4,28.1,28.74,28.48,0.26,0.9129,5192,15030.11699,28.94860745377504
920005.BJ,20260608,31.52,33.58,31.3,32.24,32.83,-0.59,-1.7971,9004,29266.76597,32.504182552199026
920006.BJ,20260608,16.94,18.18,16.54,17.3,16.94,0.36,2.1251,23987,41984.93626,17.50320434401968
920007.BJ,20260608,42.96,44.79,41.79,43.41,42.58,0.83,1.9493,3142,13725.90273,43.685241024824954
920008.BJ,20260608,23.1,24.38,22.85,23.8,23.29,0.51,2.1898,13939,33242.58315,23.848614068441062
920009.BJ,20260608,35.5,37.99,35.37,37.24,36.43,0.81,2.2234,3304,12271.87244,37.142471065375304
920010.BJ,20260608,10.8,11.3,10.61,11.09,10.79,0.3,2.7804,89335,98694.39096,11.047673471763586
920011.BJ,20260608,25.3,28.0,25.0,26.76,26.6,0.16,0.6015,42121,113214.62296,26.878427140856104
920012.BJ,20260608,72.03,74.8,68.88,69.0,75.82,-6.82,-8.995,31556,225857.02069,71.57339988908606
920014.BJ,20260608,9.61,10.33,9.61,10.17,9.84,0.33,3.3537,27344,27711.40278,10.134363216793448
920015.BJ,20260608,43.6,46.85,43.0,45.95,45.55,0.4,0.8782,28567,129638.10526,45.38037079847376
920016.BJ,20260608,14.7,15.5,14.55,15.09,14.7,0.39,2.6531,8602,12980.08705,15.089615263892117
920017.BJ,20260608,16.31,17.05,16.15,16.7,16.47,0.23,1.3965,18399,30762.84616,16.719846817761837
920018.BJ,20260608,18.0,18.98,17.72,18.25,18.35,-0.1,-0.545,19893,36612.72689,18.404829281656863
920019.BJ,20260608,18.85,19.94,18.41,19.82,19.25,0.57,2.961,71720,139244.63654,19.415035769659788
920020.BJ,20260608,15.21,15.76,15.14,15.33,15.46,-0.13,-0.8409,11465,17727.77607,15.462517287396425
920021.BJ,20260608,8.45,9.6,8.31,9.23,8.76,0.47,5.3653,273170,248790.0892,9.107518731925174
920022.BJ,20260608,23.2,24.23,23.0,23.71,23.45,0.26,1.1087,4856,11510.96147,23.70461587726524
920023.BJ,20260608,2.3,2.41,2.27,2.32,2.35,-0.03,-1.2766,60557,14146.99639,2.3361455141436993
920026.BJ,20260608,34.51,36.72,34.3,35.0,36.46,-1.46,-4.0044,19902,70500.67575,35.423915058788054
920027.BJ,20260608,12.18,12.93,12.17,12.58,12.48,0.1,0.8013,19824,24980.95069,12.601367377925747
920028.BJ,20260608,18.82,20.39,18.13,19.23,19.72,-0.49,-2.4848,44547,86603.74076,19.440981605944284
920029.BJ,20260608,41.0,43.04,40.3,41.41,41.76,-0.35,-0.8381,10577,44198.83875,41.7876890895339
920030.BJ,20260608,5.05,5.29,4.99,5.13,5.05,0.08,1.5842,17436,9014.67114,5.170148623537509
920033.BJ,20260608,15.6,16.2,15.3,15.82,15.66,0.16,1.0217,11885,18839.76075,15.851712873369795
920035.BJ,20260608,27.0,28.94,26.33,28.42,27.5,0.92,3.3455,11439,32289.21856,28.22730882070111
920036.BJ,20260608,41.0,52.99,40.04,48.95,43.65,5.3,12.142,50531,240765.35998,47.64706021650077
920037.BJ,20260608,44.87,48.17,44.18,46.61,45.89,0.72,1.569,21198,99007.7708,46.70618492310595
920039.BJ,20260608,8.3,8.7,8.18,8.42,8.41,0.01,0.1189,15023,12699.62311,8.453453444718098
920045.BJ,20260608,470.0,536.66,468.22,520.0,510.01,9.99,1.9588,12626,638349.81674,505.5835709963568
920046.BJ,20260608,27.71,29.42,27.7,28.26,29.05,-0.79,-2.7194,65911,187758.8888,28.486730409188144
920047.BJ,20260608,17.8,18.65,17.62,18.12,18.06,0.06,0.3322,80829,146760.47211,18.15690805404001
920050.BJ,20260608,28.8,29.78,28.12,29.07,28.91,0.16,0.5534,4238,12318.87067,29.067651415762153
920055.BJ,20260608,30.97,32.5,30.4,31.5,31.47,0.03,0.0953,9209,29145.36854,31.648787642523615
920056.BJ,20260608,19.38,20.98,19.22,20.78,19.73,1.05,5.3218,19221,39254.98139,20.422965189116074
920057.BJ,20260608,5.67,5.79,5.42,5.62,5.6,0.02,0.3571,37065,20775.62383,5.6051865182787
920058.BJ,20260608,23.5,24.95,23.38,24.67,24.18,0.49,2.0265,7194,17493.30265,24.316517445093133
920060.BJ,20260608,29.5,31.44,29.09,29.78,30.45,-0.67,-2.2003,43331,131262.07139,30.29287839883686
920061.BJ,20260608,22.44,23.85,22.4,22.91,23.1,-0.19,-0.8225,14257,33104.6207,23.219906502069158
920062.BJ,20260608,10.99,11.62,10.89,10.99,11.28,-0.29,-2.5709,86679,97283.87596,11.223465425304862
920066.BJ,20260608,24.6,25.92,24.0,24.46,25.03,-0.57,-2.2773,9224,22936.43967,24.866044741977447
920068.BJ,20260608,17.99,19.0,17.72,18.36,18.48,-0.12,-0.6494,22530,41687.76259,18.50322351975144
920069.BJ,20260608,37.0,39.25,36.56,38.31,38.0,0.31,0.8158,11796,45006.56876,38.15409355713801
920075.BJ,20260608,18.68,20.08,18.5,19.52,18.6,0.92,4.9462,15534,30281.58984,19.493749092313635
920076.BJ,20260608,14.35,15.19,14.22,14.7,14.34,0.36,2.5105,35152,52003.72345,14.793958651001365
920077.BJ,20260608,17.3,18.37,17.04,17.28,17.86,-0.58,-3.2475,126261,224282.30957,17.76338771037771
920078.BJ,20260608,32.5,35.75,32.0,33.43,35.35,-1.92,-5.4314,53883,181992.25763,33.775450073306985
920080.BJ,20260608,22.64,24.0,22.1,23.73,22.89,0.84,3.6697,10092,23798.67836,23.581726476416964
920082.BJ,20260608,9.36,9.87,9.08,9.67,9.42,0.25,2.6539,22886,22055.33365,9.637041706720266
920086.BJ,20260608,26.2,27.75,25.8,27.12,26.53,0.59,2.2239,16884,45746.47989,27.094574680170574
920087.BJ,20260608,11.61,12.23,11.47,11.86,11.74,0.12,1.0221,63229,75067.57815,11.872333604833225
920088.BJ,20260608,39.88,45.68,39.8,43.85,38.37,5.48,14.282,95327,417147.14846,43.759601000765784
920089.BJ,20260608,16.26,16.94,15.87,16.61,16.41,0.2,1.2188,17217,28377.63709,16.48233553464599
920090.BJ,20260608,4.0,4.2,4.0,4.03,4.17,-0.14,-3.3573,29427,12003.0727,4.078931831311381
920091.BJ,20260608,41.22,49.5,40.53,45.24,41.5,3.74,9.012,29651,133483.31686,45.01815009949074
920092.BJ,20260608,30.31,37.35,30.31,34.2,31.03,3.17,10.2159,43705,150054.94306,34.33358724631049
920096.BJ,20260608,62.74,72.72,56.0,72.32,66.71,5.61,8.4095,60009,395333.52587,65.87903912246497
920098.BJ,20260608,23.4,24.6,23.23,23.41,24.18,-0.77,-3.1844,13656,32557.14759,23.840910654657293
920099.BJ,20260608,28.0,29.57,27.92,28.83,29.06,-0.23,-0.7915,7504,21710.71488,28.93218933901919
920100.BJ,20260608,47.89,53.5,46.33,51.23,49.36,1.87,3.7885,72573,371938.52335,51.25026157799732
920101.BJ,20260608,29.8,31.1,29.32,30.34,30.0,0.34,1.1333,5434,16612.57906,30.57154777327935
920106.BJ,20260608,45.09,48.15,44.38,46.83,45.79,1.04,2.2712,10149,47503.05159,46.80564744309785
920108.BJ,20260608,10.01,10.57,9.9,10.33,10.14,0.19,1.8738,12059,12538.28327,10.397448602703374
920110.BJ,20260608,27.38,28.5,27.29,27.76,27.44,0.32,1.1662,2782,7760.43626,27.895169877785765
920111.BJ,20260608,32.45,35.9,32.25,34.26,34.08,0.18,0.5282,81980,280833.25319,34.25631290436692
920112.BJ,20260608,28.25,29.1,27.7,28.45,28.27,0.18,0.6367,3035,8676.86203,28.589331235584844
920116.BJ,20260608,61.25,66.99,60.44,64.33,63.29,1.04,1.6432,67989,441488.82124,64.93533089764522
920118.BJ,20260608,19.86,20.85,19.71,20.27,20.13,0.14,0.6955,9868,19999.71462,20.267242217267935
920119.BJ,20260608,53.16,56.28,52.82,55.21,54.12,1.09,2.014,7011,38573.05015,55.01790065611183
920121.BJ,20260608,33.01,34.77,32.6,33.3,33.3,0.0,0.0,3404,11410.57405,33.52107535252644
920122.BJ,20260608,22.4,23.7,22.28,23.3,22.7,0.6,2.6432,9780,22657.65127,23.167332586912064
920123.BJ,20260608,11.04,11.6,11.0,11.2,11.08,0.12,1.083,13454,15306.05425,11.376582614835735
920124.BJ,20260608,15.21,16.28,15.1,15.8,15.52,0.28,1.8041,38362,60656.92014,15.811719967676348
920125.BJ,20260608,173.58,198.6,169.0,187.6,183.01,4.59,2.5081,18591,347094.65413,186.70036798988758
920128.BJ,20260608,30.98,31.98,29.9,31.28,32.11,-0.83,-2.5849,64027,198177.31681,30.952147814203382
920130.BJ,20260608,16.39,17.66,16.39,17.34,16.82,0.52,3.0916,16505,28569.86254,17.30982280521054
920132.BJ,20260608,11.8,12.45,11.74,12.29,12.06,0.23,1.9071,8434,10293.27246,12.204496632677259
920139.BJ,20260608,17.5,18.95,17.21,17.88,18.16,-0.28,-1.5419,71818,130536.53632,18.176019426884626
920145.BJ,20260608,12.37,13.16,12.24,12.7,12.68,0.02,0.1577,11577,14741.56875,12.73349637211713
920146.BJ,20260608,6.02,6.65,5.96,6.3,6.09,0.21,3.4483,42871,27113.24331,6.324378556600033
920149.BJ,20260608,8.96,9.37,8.77,9.16,9.02,0.14,1.5521,14188,13001.86303,9.163985783760925
920152.BJ,20260608,20.27,23.8,20.27,23.0,22.5,0.5,2.2222,75229,168239.86947,22.36369876909171
920156.BJ,20260608,57.55,63.7,56.41,60.96,60.0,0.96,1.6,34365,208361.57437,60.63191455550705
920158.BJ,20260608,9.35,10.9,9.35,10.81,9.68,1.13,11.6736,73428,75497.24067,10.281805397123714
920159.BJ,20260608,34.27,35.3,33.59,34.28,34.39,-0.11,-0.3199,9517,32804.10094,34.46895128717032
920160.BJ,20260608,21.0,21.95,20.85,21.36,21.3,0.06,0.2817,9574,20531.61046,21.445174911217883
920161.BJ,20260608,51.65,59.45,47.02,55.1,56.81,-1.71,-3.01,167245,880612.57154,52.65404475709289
920163.BJ,20260608,10.7,11.29,10.58,11.0,10.75,0.25,2.3256,9034,9967.49232,11.033310073057338
920166.BJ,20260608,22.81,25.48,22.1,24.05,22.38,1.67,7.462,15323,37260.08954,24.316445565489786
920167.BJ,20260608,18.1,19.36,17.85,18.72,18.73,-0.01,-0.0534,37565,70238.9081,18.697965686144016
920168.BJ,20260608,19.13,19.84,18.82,19.1,19.21,-0.11,-0.5726,11704,22665.95161,19.3659873632946
920169.BJ,20260608,24.24,26.8,24.0,25.65,24.8,0.85,3.4274,45544,118488.72611,26.016319627173722
920171.BJ,20260608,19.66,21.4,19.58,20.41,20.28,0.13,0.641,47702,98419.53426,20.63216097018993
920174.BJ,20260608,36.5,38.8,35.9,37.51,36.98,0.53,1.4332,23976,90561.38014,37.7716800717384
920175.BJ,20260608,11.2,13.13,11.02,12.59,11.98,0.61,5.0918,172836,209932.33405,12.146331438473466
920177.BJ,20260608,30.7,32.96,30.13,31.64,32.17,-0.53,-1.6475,12524,39843.09864,31.81339718939636
920178.BJ,20260608,148.4,160.5,132.0,149.43,158.0,-8.57,-5.4241,30276,451300.5052,149.0621301360814
920179.BJ,20260608,63.0,67.96,60.0,60.94,68.03,-7.09,-10.4219,69185,441369.86493,63.79560091493821
920180.BJ,20260608,13.83,14.6,13.74,14.3,14.19,0.11,0.7752,13069,18642.16458,14.264415471726988
920181.BJ,20260608,98.0,102.29,95.0,96.31,104.78,-8.47,-8.0836,18677,183056.48963,98.01172009958773
920183.BJ,20260608,37.18,39.65,37.02,38.64,38.08,0.56,1.4706,10263,39580.3981,38.566109422196234
920184.BJ,20260608,12.5,13.44,12.39,13.12,12.82,0.3,2.3401,26409,34591.95587,13.098548172971334
920185.BJ,20260608,27.0,28.58,26.73,27.81,27.58,0.23,0.8339,113743,316250.36321,27.803940744485374
920186.BJ,20260608,88.66,93.09,87.49,88.69,93.85,-5.16,-5.4981,85435,764659.80565,89.50193780651958
920187.BJ,20260608,21.26,22.45,21.0,22.0,21.97,0.03,0.1365,9015,19801.82552,21.96541932334997
920188.BJ,20260608,25.98,27.61,25.73,27.22,26.34,0.88,3.3409,20430,55050.81628,26.94606768477729
920190.BJ,20260608,32.18,33.71,29.37,29.77,35.41,-5.64,-15.9277,155984,493262.00991,31.622602953508054
920191.BJ,20260608,11.14,11.72,10.94,11.49,11.29,0.2,1.7715,42954,48730.46491,11.344802558551008
920195.BJ,20260608,14.3,15.12,14.2,14.63,14.45,0.18,1.2457,8251,12135.55372,14.70797929947885
920198.BJ,20260608,8.29,8.82,8.2,8.68,8.46,0.22,2.6005,35740,30672.77302,8.58219726357023
920199.BJ,20260608,25.81,27.48,25.11,26.1,25.44,0.66,2.5943,22158,58125.99681,26.23251051990252
920200.BJ,20260608,46.08,50.58,45.36,49.78,47.25,2.53,5.3545,42415,206853.97672,48.76906205823411
920204.BJ,20260608,14.93,15.77,14.7,15.23,15.06,0.17,1.1288,13731,20962.30195,15.266405906343312
920206.BJ,20260608,78.11,116.85,78.11,81.87,30.28,51.59,170.3765,101535,914213.06106,90.03920431969271
920207.BJ,20260608,24.25,26.77,24.11,26.45,25.11,1.34,5.3365,38764,100872.61201,26.022240225466927
920208.BJ,20260608,20.5,21.56,19.8,20.8,20.6,0.2,0.9709,15379,32177.78511,20.923197288510305
920211.BJ,20260608,190.0,236.88,190.0,208.9,226.88,-17.98,-7.9249,30951,657475.30374,212.42457553552387
920212.BJ,20260608,11.23,12.07,11.13,11.59,11.38,0.21,1.8453,13363,15539.93125,11.629073748409787
920218.BJ,20260608,29.0,31.58,28.0,29.0,30.48,-1.48,-4.8556,52720,156252.90637,29.638259933611533
920220.BJ,20260608,71.0,75.2,68.68,74.0,76.3,-2.3,-3.0144,25895,186916.39587,72.1824274454528
920221.BJ,20260608,16.6,18.33,16.02,17.61,17.08,0.53,3.103,62858,109900.15269,17.483876784180218
920223.BJ,20260608,15.65,17.0,15.41,16.13,16.2,-0.07,-0.4321,45782,75056.92037,16.394417100607228
920225.BJ,20260608,22.28,23.75,22.0,22.31,23.4,-1.09,-4.6581,32619,74253.85896,22.763989993562035
920227.BJ,20260608,63.0,68.88,62.01,68.0,66.05,1.95,2.9523,13957,93938.57716,67.30570836139572
920230.BJ,20260608,10.85,11.23,10.51,10.96,10.85,0.11,1.0138,17346,19077.55536,10.998244759598755
920237.BJ,20260608,16.12,17.16,16.09,16.58,16.54,0.04,0.2418,17630,29381.43648,16.665590743051617
920239.BJ,20260608,26.92,28.84,26.62,28.14,27.42,0.72,2.6258,26325,73824.41345,28.043461899335227
920242.BJ,20260608,23.53,25.0,23.43,24.48,23.8,0.68,2.8571,6839,16793.90545,24.556083418628454
920245.BJ,20260608,21.78,24.7,21.5,23.4,21.92,1.48,6.7518,12872,30226.72216,23.482537414543195
920247.BJ,20260608,17.66,21.48,17.58,19.17,18.08,1.09,6.0288,92126,183965.3342,19.968883290276363
920249.BJ,20260608,9.16,9.95,9.1,9.59,9.48,0.11,1.1603,91575,88116.69789,9.622353031941032
920252.BJ,20260608,19.85,21.97,19.8,21.09,20.5,0.59,2.878,45182,96043.1034,21.25693935638086
920260.BJ,20260608,8.43,8.92,8.26,8.77,8.52,0.25,2.9343,15323,13300.81818,8.680296404098414
920261.BJ,20260608,14.11,14.57,13.71,14.23,14.18,0.05,0.3526,20198,28862.06539,14.289565991682345
920262.BJ,20260608,13.97,14.81,13.85,14.55,14.26,0.29,2.0337,11008,15883.99133,14.429497937863374
920263.BJ,20260608,8.52,8.87,8.2,8.55,8.37,0.18,2.1505,15793,13557.22053,8.584322503640854
920266.BJ,20260608,7.21,7.48,7.11,7.29,7.26,0.03,0.4132,9640,7077.55835,7.3418655082987545
920267.BJ,20260608,16.4,17.3,16.0,16.79,16.48,0.31,1.8811,7516,12688.37982,16.88182519957424
920270.BJ,20260608,15.16,16.87,15.16,16.1,16.07,0.03,0.1867,28750,46767.45374,16.266940431304345
920271.BJ,20260608,11.05,11.69,10.84,11.34,11.17,0.17,1.5219,12842,14596.58234,11.366284332658465
920273.BJ,20260608,21.87,23.98,21.5,22.0,22.84,-0.84,-3.6778,50662,115210.41937,22.740993125024676
920274.BJ,20260608,19.38,20.3,19.08,19.69,19.37,0.32,1.652,15336,30434.28776,19.844997235263435
920275.BJ,20260608,6.19,6.44,6.05,6.26,6.25,0.01,0.16,16800,10576.35095,6.2954469940476185
920278.BJ,20260608,6.49,6.85,6.46,6.73,6.59,0.14,2.1244,19955,13375.17948,6.7026707491856685
920284.BJ,20260608,26.7,28.42,26.13,27.31,27.19,0.12,0.4413,29157,80444.14169,27.589992691291975
920299.BJ,20260608,21.73,23.0,21.6,22.19,22.69,-0.5,-2.2036,28055,62665.3016,22.33658941365175
920300.BJ,20260608,10.5,11.08,10.44,10.8,10.75,0.05,0.4651,22215,24099.40977,10.848260081026332
920304.BJ,20260608,9.6,10.21,9.51,9.88,9.74,0.14,1.4374,18520,18399.69654,9.935041328293737
920339.BJ,20260608,11.38,11.69,10.69,10.8,11.54,-0.74,-6.4125,46523,51827.68189,11.140227820647851
920344.BJ,20260608,19.02,19.77,18.73,19.17,19.2,-0.03,-0.1563,4611,8935.84399,19.379405747126434
920346.BJ,20260608,18.02,19.74,17.87,18.98,18.45,0.53,2.8726,11977,22746.82573,18.992089613425733
920351.BJ,20260608,14.23,15.19,14.14,14.53,14.08,0.45,3.196,25498,37233.06866,14.60234867832771
920357.BJ,20260608,18.37,19.84,18.18,18.78,19.25,-0.47,-2.4416,35231,66684.27389,18.92772668672476
920363.BJ,20260608,13.31,14.19,13.08,13.26,13.66,-0.4,-2.9283,43303,59152.97728,13.660249239082741
920367.BJ,20260608,15.92,16.95,15.82,16.57,16.17,0.4,2.4737,14378,23752.35708,16.519931200445125
920368.BJ,20260608,34.77,36.84,34.15,34.97,35.91,-0.94,-2.6177,97613,345859.7905,35.43173455379919
920370.BJ,20260608,2.95,3.05,2.86,2.97,2.97,0.0,0.0,42952,12676.4503,2.951306178990501
920371.BJ,20260608,9.5,9.99,9.2,9.72,9.16,0.56,6.1135,91360,88450.48594,9.681533049474606
920374.BJ,20260608,18.28,19.44,17.74,19.05,18.6,0.45,2.4194,15475,29375.89498,18.982807741518577
920375.BJ,20260608,8.97,9.5,8.9,9.23,9.23,0.0,0.0,38497,35597.90973,9.246930859547497
920378.BJ,20260608,7.97,8.76,7.9,8.42,8.13,0.29,3.567,40826,34501.20533,8.450792468035075
920392.BJ,20260608,16.15,17.05,15.89,16.77,16.3,0.47,2.8834,8591,14353.03445,16.707059073448956
920394.BJ,20260608,49.51,62.98,49.51,59.01,49.96,9.05,18.1145,92294,527229.7235,57.12502692482718
920395.BJ,20260608,8.05,8.55,7.81,8.41,8.2,0.21,2.561,8416,7008.70989,8.327839698193916
920396.BJ,20260608,25.46,27.94,25.39,26.16,25.14,1.02,4.0573,42130,112041.92069,26.594331993828625
920402.BJ,20260608,10.66,11.77,10.54,11.0,11.14,-0.14,-1.2567,163349,183628.44441,11.24147955665477
920403.BJ,20260608,20.86,21.5,20.5,21.2,20.7,0.5,2.4155,20701,43669.019,21.095125356262983
920405.BJ,20260608,13.22,14.18,12.78,13.76,13.49,0.27,2.0015,28796,39228.29419,13.622827542019724
920407.BJ,20260608,15.57,16.45,15.31,15.95,15.62,0.33,2.1127,11747,18784.80023,15.99114687154167
920414.BJ,20260608,10.14,11.1,10.06,10.72,10.28,0.44,4.2802,43091,45827.59686,10.63507388085679
920415.BJ,20260608,10.52,11.45,10.51,11.18,10.79,0.39,3.6145,40531,44939.96996,11.087801919518395
920418.BJ,20260608,22.42,25.45,22.38,24.45,23.15,1.3,5.6156,81041,196999.3143,24.30859864759813
920419.BJ,20260608,11.1,11.69,11.0,11.41,11.2,0.21,1.875,12680,14561.14165,11.483550197160884
920422.BJ,20260608,10.1,10.5,10.0,10.25,10.17,0.08,0.7866,10082,10393.44095,10.308907905177545
920425.BJ,20260608,25.03,27.6,24.91,26.5,25.73,0.77,2.9926,55102,146638.18959,26.612135601248596
920427.BJ,20260608,13.55,14.44,13.11,13.46,14.14,-0.68,-4.8091,44359,60799.69119,13.706280842670033
920429.BJ,20260608,11.11,11.74,11.1,11.37,11.24,0.13,1.1566,20807,23935.77777,11.503714024126497
920433.BJ,20260608,4.8,5.02,4.67,4.85,4.81,0.04,0.8316,25932,12721.55467,4.905736028844671
920436.BJ,20260608,12.4,13.28,12.38,13.05,12.68,0.37,2.918,14354,18616.96962,12.969882694719242
920438.BJ,20260608,93.5,102.96,88.78,88.78,93.15,-4.37,-4.6914,168443,1604384.4069,95.24791216613336
920445.BJ,20260608,7.68,8.17,7.62,7.88,7.79,0.09,1.1553,21584,17085.82641,7.915968499814678
920454.BJ,20260608,13.0,13.68,12.7,13.36,13.1,0.26,1.9847,17832,23805.30925,13.349769655675189
920455.BJ,20260608,6.99,7.3,6.84,7.11,6.99,0.12,1.7167,13126,9307.31709,7.0907489638884655
920469.BJ,20260608,6.85,7.58,6.7,7.4,7.01,0.39,5.5635,72605,52832.02842,7.276637754975553
920471.BJ,20260608,11.74,12.63,11.65,12.39,12.15,0.24,1.9753,26269,32311.71122,12.30032023297423
920475.BJ,20260608,12.99,14.77,12.79,14.23,13.21,1.02,7.7214,29672,41633.93766,14.031389073874362
920476.BJ,20260608,20.6,21.42,20.03,20.45,21.06,-0.61,-2.8965,21395,44204.69095,20.66122502921243
920478.BJ,20260608,9.7,10.12,9.5,9.8,9.63,0.17,1.7653,15318,15108.47539,9.86321673194934
920489.BJ,20260608,15.16,16.38,15.0,15.28,15.75,-0.47,-2.9841,52629,82475.55274,15.671122905622374
920491.BJ,20260608,27.51,30.26,27.33,29.09,28.6,0.49,1.7133,95235,276461.93745,29.029446889273906
920493.BJ,20260608,137.0,145.5,134.11,141.12,141.39,-0.27,-0.191,19419,274827.81407,141.52521451671046
920496.BJ,20260608,7.68,8.22,7.59,8.02,7.81,0.21,2.6889,36856,29481.63988,7.999142576514
920504.BJ,20260608,18.64,19.37,18.21,18.99,18.63,0.36,1.9324,4342,8172.96921,18.82305207277752
920505.BJ,20260608,33.54,35.48,32.72,34.2,34.5,-0.3,-0.8696,10932,37430.80484,34.23966780095134
920508.BJ,20260608,16.32,17.7,16.18,17.5,16.71,0.79,4.7277,11742,20255.07359,17.250105254641458
920509.BJ,20260608,33.5,36.59,33.01,34.04,35.42,-1.38,-3.8961,67349,233297.21612,34.64004159230278
920510.BJ,20260608,20.0,25.54,19.76,25.54,19.65,5.89,29.9746,180405,411009.26182,22.78258705800837
920519.BJ,20260608,10.21,11.1,10.21,10.87,10.7,0.17,1.5888,10308,11168.33111,10.834624670159098
920522.BJ,20260608,30.3,32.58,30.02,31.79,31.11,0.68,2.1858,58697,184940.452,31.507649794708414
920523.BJ,20260608,18.31,19.77,18.1,19.08,18.68,0.4,2.1413,21204,40844.94624,19.262849575551783
920526.BJ,20260608,27.94,30.14,26.23,26.38,29.48,-3.1,-10.5156,60997,170936.00078,28.023673423283114
920527.BJ,20260608,14.72,15.65,14.32,15.19,14.79,0.4,2.7045,10119,15255.82772,15.076418341733373
920533.BJ,20260608,23.28,25.89,22.68,24.68,23.68,1.0,4.223,57452,142051.62279,24.725270276056534
920541.BJ,20260608,10.56,11.07,10.25,10.89,10.61,0.28,2.639,20186,21861.00407,10.829785034182107
920547.BJ,20260608,19.94,21.28,19.84,20.85,20.44,0.41,2.0059,4799,10000.23877,20.838172056678474
920553.BJ,20260608,7.59,8.06,7.32,7.85,7.59,0.26,3.4256,20452,16098.20786,7.87121448269118
920556.BJ,20260608,8.05,8.54,7.94,8.28,8.25,0.03,0.3636,29860,24759.91338,8.292000462156732
920564.BJ,20260608,18.98,20.49,18.76,19.91,19.21,0.7,3.6439,26080,51833.25002,19.874712430981596
920566.BJ,20260608,9.85,10.19,9.73,10.0,9.93,0.07,0.7049,14916,14930.38189,10.009641921426658
920570.BJ,20260608,26.8,29.28,26.32,28.46,27.2,1.26,4.6324,14634,41414.0277,28.299868593685936
920571.BJ,20260608,9.6,10.1,9.4,10.0,9.72,0.28,2.8807,208654,205036.12088,9.826608686150278
920575.BJ,20260608,4.34,4.59,4.3,4.33,4.46,-0.13,-2.9148,78799,34973.07225,4.4382634614652465
920576.BJ,20260608,66.7,75.7,66.01,68.5,69.9,-1.4,-2.0029,63298,449348.47163,70.98936327056147
920578.BJ,20260608,16.9,22.75,16.9,22.75,17.5,5.25,30.0,58778,124451.31282,21.173111167443604
920579.BJ,20260608,16.65,19.98,16.42,19.13,16.92,2.21,13.0615,65816,123398.30309,18.748982479944086
920580.BJ,20260608,13.4,14.49,13.33,13.84,13.93,-0.09,-0.6461,48248,67338.59079,13.95676313836843
920592.BJ,20260608,26.93,29.16,26.82,28.32,27.43,0.89,3.2446,21626,61068.04232,28.238251327106262
920593.BJ,20260608,30.5,37.33,30.25,34.83,31.7,3.13,9.8738,156110,537517.88296,34.431995577477416
920599.BJ,20260608,16.52,17.45,16.15,17.1,16.83,0.27,1.6043,58441,98906.89842,16.924231005629608
920608.BJ,20260608,14.44,15.31,14.32,14.97,14.72,0.25,1.6984,4872,7292.59066,14.968371633825942
920627.BJ,20260608,17.45,18.8,17.43,18.35,17.85,0.5,2.8011,19719,36163.33659,18.339335965312642
920634.BJ,20260608,16.76,17.68,16.5,17.23,16.98,0.25,1.4723,9756,16822.63601,17.243374343993437
920639.BJ,20260608,7.2,7.73,7.15,7.43,7.4,0.03,0.4054,36630,27400.19314,7.480260207480207
920640.BJ,20260608,34.0,36.88,33.8,35.1,35.4,-0.3,-0.8475,99133,353123.93852,35.62122991536623
920641.BJ,20260608,16.37,18.03,16.37,17.4,16.95,0.45,2.6549,36967,64058.20066,17.32848233830173
920642.BJ,20260608,11.22,12.01,11.22,11.69,11.49,0.2,1.7406,40948,48110.02639,11.749054017290222
920651.BJ,20260608,23.0,23.8,22.51,23.07,22.99,0.08,0.348,7924,18440.13264,23.271242604745076
920656.BJ,20260608,14.33,14.9,14.2,14.56,14.47,0.09,0.622,7213,10535.20035,14.60585103285734
920662.BJ,20260608,20.22,21.68,20.01,21.25,20.76,0.49,2.3603,17160,36142.91918,21.062307214452215
920663.BJ,20260608,14.38,15.68,14.33,15.25,14.7,0.55,3.7415,24225,37012.63928,15.27869526522188
920665.BJ,20260608,12.4,13.3,12.16,12.49,13.35,-0.86,-6.4419,55090,70082.62368,12.721478250136142
920670.BJ,20260608,14.08,14.74,13.9,14.39,14.23,0.16,1.1244,23512,33886.66879,14.412499485369175
920679.BJ,20260608,16.53,17.29,16.3,16.92,16.63,0.29,1.7438,4159,6988.13515,16.802440851166146
920682.BJ,20260608,6.88,7.36,6.83,7.16,7.18,-0.02,-0.2786,152518,108973.78563,7.144978666780314
920685.BJ,20260608,11.48,12.11,11.35,11.82,11.58,0.24,2.0725,4985,5894.33141,11.824135225677031
920689.BJ,20260608,24.43,26.2,23.82,25.32,24.6,0.72,2.9268,12525,31771.40894,25.366394363273454
920690.BJ,20260608,18.72,20.38,18.36,20.2,19.16,1.04,5.428,25674,50620.97602,19.716824811092934
920693.BJ,20260608,27.21,29.5,27.04,28.62,27.83,0.79,2.8387,12350,35236.84548,28.53185868825911
920694.BJ,20260608,15.75,16.67,15.55,16.1,15.91,0.19,1.1942,11677,18900.42508,16.186028157917274
920699.BJ,20260608,64.92,72.09,62.41,66.22,66.52,-0.3,-0.451,17067,115640.85088,67.7569876838343
920701.BJ,20260608,13.15,13.86,13.02,13.5,13.37,0.13,0.9723,9408,12739.9101,13.541571109693876
920703.BJ,20260608,10.31,10.91,10.27,10.71,10.57,0.14,1.3245,11600,12400.53567,10.690116956896551
920706.BJ,20260608,19.21,20.99,19.0,20.21,19.87,0.34,1.7111,32228,65439.48283,20.305164090232097
920717.BJ,20260608,7.73,8.17,7.65,8.01,7.82,0.19,2.4297,13726,10930.97568,7.963700772257029
920718.BJ,20260608,10.88,11.64,10.63,11.36,10.98,0.38,3.4608,18059,20446.36491,11.321980679993356
920719.BJ,20260608,10.58,11.48,10.48,11.1,10.82,0.28,2.5878,61754,68456.16057,11.085299829970527
920720.BJ,20260608,11.0,12.99,10.91,12.17,11.25,0.92,8.1778,90152,110274.30572,12.232042075605644
920725.BJ,20260608,77.77,83.0,75.11,83.0,83.35,-0.35,-0.4199,89513,702517.0367,78.48212401550613
920726.BJ,20260608,17.94,18.98,17.88,18.08,17.88,0.2,1.1186,40269,74275.09262,18.44473233008021
920729.BJ,20260608,7.18,7.48,7.08,7.27,7.29,-0.02,-0.2743,8176,5992.62889,7.329536313600783
920735.BJ,20260608,25.11,25.76,24.51,24.85,25.11,-0.26,-1.0354,22497,56792.5104,25.244481664221894
920748.BJ,20260608,26.99,28.25,26.22,27.87,26.79,1.08,4.0314,12783,35297.97438,27.613216287256513
920751.BJ,20260608,22.76,24.39,22.6,23.3,23.38,-0.08,-0.3422,16682,39517.23284,23.688546241457857
920753.BJ,20260608,16.15,17.16,15.92,16.5,16.34,0.16,0.9792,5963,9920.24443,16.636331427133996
920765.BJ,20260608,13.43,13.98,13.08,13.7,13.53,0.17,1.2565,17065,23290.49755,13.648108731321418
920768.BJ,20260608,7.81,8.22,7.77,7.99,7.9,0.09,1.1392,17521,14084.46221,8.038617778665602
920770.BJ,20260608,13.05,14.08,12.88,13.69,13.55,0.14,1.0332,81342,110758.77792,13.616431599911484
920779.BJ,20260608,28.0,29.77,27.55,28.83,28.27,0.56,1.9809,9162,26509.55183,28.934241246452743
920781.BJ,20260608,6.38,6.88,6.3,6.68,6.47,0.21,3.2457,43457,28988.88513,6.6707055549163545
920786.BJ,20260608,7.93,8.18,7.64,7.77,7.92,-0.15,-1.8939,80075,63635.68972,7.94701089228848
920790.BJ,20260608,19.12,20.9,19.0,20.12,19.41,0.71,3.6579,21426,43190.72984,20.158092896480913
920792.BJ,20260608,10.38,10.85,10.2,10.62,10.37,0.25,2.4108,15568,16541.07125,10.625045766957864
920799.BJ,20260608,29.14,31.3,29.14,30.38,29.98,0.4,1.3342,36229,110748.82665,30.56910945651274
920802.BJ,20260608,12.19,12.76,11.92,12.32,12.2,0.12,0.9836,6836,8441.12456,12.34804645991808
920806.BJ,20260608,10.58,11.92,10.47,11.4,10.84,0.56,5.1661,68786,78061.95845,11.348524183700173
920807.BJ,20260608,12.75,13.32,12.3,12.5,13.15,-0.65,-4.943,82470,104845.60445,12.713181090093366
920808.BJ,20260608,73.8,78.48,72.06,74.8,76.29,-1.49,-1.9531,27273,206435.11599,75.69211894181058
920809.BJ,20260608,8.06,8.48,7.96,8.14,8.19,-0.05,-0.6105,196875,161841.40233,8.220515673904762
920810.BJ,20260608,9.31,10.18,9.23,9.93,9.56,0.37,3.8703,12573,12423.99075,9.88148472918158
920819.BJ,20260608,3.0,3.11,2.95,3.01,3.04,-0.03,-0.9868,79798,24249.97927,3.0389206834757765
920821.BJ,20260608,22.51,24.4,22.23,23.37,23.24,0.13,0.5594,34883,82096.78438,23.53489791015681
920826.BJ,20260608,10.12,10.7,10.01,10.38,10.32,0.06,0.5814,59221,61755.44424,10.427963769608752
920832.BJ,20260608,7.07,7.37,6.95,7.16,7.08,0.08,1.1299,22198,16044.25628,7.22779362104694
920833.BJ,20260608,14.08,14.91,13.85,14.55,14.29,0.26,1.8195,13223,19294.15168,14.591357241170686
920834.BJ,20260608,10.18,10.87,10.06,10.65,10.36,0.29,2.7992,15811,16668.58055,10.542394883309088
920837.BJ,20260608,11.14,11.93,10.99,11.59,11.39,0.2,1.7559,15284,17692.85739,11.576064767076682
920839.BJ,20260608,27.97,35.0,27.38,34.1,28.05,6.05,21.5686,45140,145712.55293,32.28014021488702
920855.BJ,20260608,13.83,14.5,13.49,14.27,13.86,0.41,2.9582,4469,6320.33408,14.14261373909152
920856.BJ,20260608,10.19,11.4,10.18,11.02,10.43,0.59,5.6568,25142,27539.23129,10.953476767958
920857.BJ,20260608,17.68,18.88,17.18,18.32,18.85,-0.53,-2.8117,21193,38683.6273,18.253020950313783
920866.BJ,20260608,6.69,6.91,6.63,6.76,6.7,0.06,0.8955,19312,13163.91067,6.816440902029825
920870.BJ,20260608,14.01,15.21,13.88,14.73,14.05,0.68,4.8399,27941,41136.04815,14.722468111377546
920871.BJ,20260608,12.63,13.17,12.45,13.05,12.87,0.18,1.3986,7177,9260.5838,12.903140309321444
920873.BJ,20260608,8.15,8.69,8.1,8.19,8.38,-0.19,-2.2673,42846,35884.02782,8.375117355179015
920876.BJ,20260608,22.22,24.16,21.82,22.79,23.46,-0.67,-2.8559,36953,84952.03043,22.989210735258297
920879.BJ,20260608,17.07,17.79,16.5,17.27,17.09,0.18,1.0532,28747,49555.67082,17.238553873447664
920885.BJ,20260608,15.25,16.6,15.2,15.67,15.85,-0.18,-1.1356,56374,89988.08644,15.962693163515096
920892.BJ,20260608,12.24,13.47,12.24,12.73,12.6,0.13,1.0317,16650,21464.40657,12.891535477477476
920895.BJ,20260608,14.34,15.23,13.99,14.68,14.32,0.36,2.514,9439,13900.56307,14.72673277889607
920896.BJ,20260608,14.75,16.65,14.59,16.3,15.06,1.24,8.2337,24853,39931.11117,16.066917945519656
920906.BJ,20260608,20.56,23.09,20.56,21.99,20.96,1.03,4.9141,20475,45390.27947,22.16863466178266
920914.BJ,20260608,21.5,22.88,21.26,22.11,21.89,0.22,1.005,21053,46793.51281,22.226529620481642
920924.BJ,20260608,17.68,18.44,17.49,17.96,17.79,0.17,0.9556,22073,39796.53757,18.0295100665972
920925.BJ,20260608,12.55,13.29,12.52,12.95,12.79,0.16,1.251,15620,20271.93188,12.978189423815621
920926.BJ,20260608,11.79,12.5,11.67,12.18,11.99,0.19,1.5847,6741,8217.65566,12.190558759827919
920931.BJ,20260608,10.5,11.15,10.41,10.94,10.62,0.32,3.0132,9307,10106.47374,10.859002621682603
920932.BJ,20260608,17.0,18.4,16.8,17.35,17.78,-0.43,-2.4184,72292,127541.92069,17.642605086316607
920942.BJ,20260608,21.9,23.33,21.32,22.6,21.96,0.64,2.9144,18190,41181.15397,22.63944693238043
920943.BJ,20260608,15.01,16.19,15.0,15.85,15.33,0.52,3.392,13234,20843.35474,15.749852455795676
920946.BJ,20260608,9.25,9.59,9.01,9.34,9.26,0.08,0.8639,31972,29901.71004,9.35246779682222
920950.BJ,20260608,14.11,14.97,13.97,14.69,14.25,0.44,3.0877,4850,7101.29025,14.641835567010308
920953.BJ,20260608,26.6,28.7,25.4,27.56,26.67,0.89,3.3371,23065,63447.5162,27.50813622371559
920957.BJ,20260608,10.22,10.65,10.09,10.4,10.21,0.19,1.8609,9991,10402.45148,10.411822119907917
920961.BJ,20260608,23.5,25.99,23.08,24.96,21.95,3.01,13.713,194661,481501.82776,24.735402970291943
920964.BJ,20260608,5.19,5.49,5.12,5.28,5.2,0.08,1.5385,51716,27654.73257,5.347422958078738
920970.BJ,20260608,6.25,6.48,6.13,6.26,6.26,0.0,0.0,19904,12636.6452,6.3487968247588435
920971.BJ,20260608,41.5,47.15,40.5,41.78,43.19,-1.41,-3.2646,116353,505752.08403,43.46704288071645
920974.BJ,20260608,7.46,7.8,7.4,7.76,7.57,0.19,2.5099,42354,32328.87338,7.633015389337489
920976.BJ,20260608,22.2,22.66,21.25,21.73,21.9,-0.17,-0.7763,8409,18545.6086,22.05447568081817
920978.BJ,20260608,23.59,25.8,23.08,25.67,23.92,1.75,7.3161,84884,213740.64672,25.180322171433957
920981.BJ,20260608,39.51,42.17,39.0,39.6,42.37,-2.77,-6.5376,51985,209090.24165,40.221264143502935
920982.BJ,20260608,153.5,159.0,149.44,155.29,155.43,-0.14,-0.0901,8302,128937.26609,155.30867994459166
920985.BJ,20260608,5.64,5.94,5.51,5.76,5.76,0.0,0.0,51973,29905.84192,5.7541111577165065
920992.BJ,20260608,13.16,13.81,12.94,13.38,13.32,0.06,0.4505,11358,15242.59868,13.420143229441804
