ts_code,trade_date,open,high,low,close,pre_close,change,pct_chg,vol,amount,vwap
000001.SZ,20260602,10.98,11.1,10.94,11.08,10.99,0.09,0.8189,885428.42,978159.33686,11.047299982306871
000002.SZ,20260602,3.47,3.51,3.35,3.39,3.47,-0.08,-2.3055,2567079.03,875666.03417,3.411137810470915
000006.SZ,20260602,8.95,9.35,8.76,8.85,8.88,-0.03,-0.3378,402704.1,363061.5338,9.015590697983955
000007.SZ,20260602,11.62,12.29,11.62,12.1,11.61,0.49,4.2205,125320.41,151219.63967,12.066640994072714
000008.SZ,20260602,2.61,2.61,2.57,2.58,2.61,-0.03,-1.1494,226741.0,58508.741,2.5804217587467644
000009.SZ,20260602,7.47,7.5,7.32,7.34,7.47,-0.13,-1.7403,159259.43,117419.7193,7.3728581911915665
000010.SZ,20260602,2.32,2.32,2.32,2.32,2.21,0.11,4.9774,25641.0,5948.712,2.3200000000000003
000011.SZ,20260602,7.57,7.62,7.41,7.44,7.57,-0.13,-1.7173,44558.0,33326.183,7.47928161048521
000012.SZ,20260602,4.19,4.2,4.08,4.1,4.16,-0.06,-1.4423,422884.86,174459.60085,4.125463390909762
000014.SZ,20260602,11.3,11.3,10.81,10.94,11.19,-0.25,-2.2341,77147.33,84374.91639,10.936855026609475
000016.SZ,20260602,3.4,3.49,3.35,3.37,3.37,0.0,0.0,287677.36,98446.13196,3.422102175854228
000017.SZ,20260602,5.57,5.57,5.37,5.47,5.57,-0.1,-1.7953,74306.18,40392.49574,5.435953744358814
000019.SZ,20260602,6.67,6.71,6.52,6.56,6.67,-0.11,-1.6492,88136.4,57827.0321,6.561083967577527
000020.SZ,20260602,12.82,12.87,12.42,12.59,12.75,-0.16,-1.2549,36643.0,46029.521,12.561613677919386
000021.SZ,20260602,36.55,37.84,35.17,37.18,36.43,0.75,2.0587,1568442.61,5743976.66765,36.6221666704783
000025.SZ,20260602,15.47,15.6,14.95,15.07,15.6,-0.53,-3.3974,79207.81,119607.0964,15.100417042208338
000026.SZ,20260602,22.81,23.08,22.1,22.39,22.8,-0.41,-1.7982,144357.1,323766.1717,22.428143243387403
000027.SZ,20260602,7.91,8.14,7.82,8.02,8.02,0.0,0.0,863970.4,691073.45964,7.998809445786569
000028.SZ,20260602,23.61,23.8,23.33,23.39,23.62,-0.23,-0.9738,33342.59,78476.70933,23.53647671941502
000029.SZ,20260602,23.93,24.15,23.3,23.5,23.93,-0.43,-1.7969,66580.47,157737.2382,23.691217289394324
000030.SZ,20260602,4.68,4.72,4.66,4.67,4.68,-0.01,-0.2137,84046.44,39370.42088,4.684365081971348
000031.SZ,20260602,2.95,2.95,2.72,2.76,2.87,-0.11,-3.8328,787697.01,220136.05668,2.7946793485987715
000032.SZ,20260602,16.49,16.6,15.77,16.04,16.49,-0.45,-2.7289,205421.9,329208.43348,16.025965755355198
000034.SZ,20260602,26.7,26.8,25.67,26.05,26.59,-0.54,-2.0308,414455.91,1080746.86593,26.076280729836864
000035.SZ,20260602,5.88,5.89,5.71,5.81,5.9,-0.09,-1.5254,327096.51,189301.87231,5.78734002114544
000036.SZ,20260602,5.22,5.28,5.0,5.11,5.19,-0.08,-1.5414,264538.46,135118.50874,5.10770754241179
000037.SZ,20260602,12.65,12.94,11.85,12.01,12.65,-0.64,-5.0593,935926.3,1146368.13409,12.248487237616894
000039.SZ,20260602,10.81,10.9,10.34,10.48,10.81,-0.33,-3.0527,403890.44,424802.12001,10.517756251175443
000042.SZ,20260602,9.95,9.96,9.7,9.77,9.94,-0.17,-1.7103,48332.44,47276.33856,9.781492215166459
001914.SZ,20260602,10.01,10.11,9.9,9.94,10.07,-0.13,-1.291,52756.37,52700.41688,9.989394054215632
000045.SZ,20260602,11.37,11.43,11.16,11.25,11.38,-0.13,-1.1424,55710.0,62871.026,11.285411236761803
000048.SZ,20260602,13.85,14.56,13.58,13.96,13.79,0.17,1.2328,287573.98,405983.75676,14.117541397869168
000049.SZ,20260602,25.4,25.7,24.91,25.37,25.52,-0.15,-0.5878,70432.34,178023.60843,25.275833293342234
000050.SZ,20260602,7.76,8.19,7.66,7.94,7.8,0.14,1.7949,430551.12,340971.03136,7.9194087652123635
000055.SZ,20260602,4.18,4.19,3.87,4.19,3.81,0.38,9.9738,476494.27,196290.29595,4.119468130225364
000056.SZ,20260602,1.56,1.64,1.53,1.64,1.56,0.08,5.1282,625133.46,101275.4833,1.6200617912853363
000058.SZ,20260602,7.32,7.37,7.13,7.13,7.32,-0.19,-2.5956,69592.71,50125.89826,7.202751302543039
000059.SZ,20260602,4.57,4.83,4.56,4.79,4.56,0.23,5.0439,487750.77,231736.26883,4.751120512428919
000060.SZ,20260602,7.74,7.93,7.54,7.84,7.68,0.16,2.0833,2294166.74,1783995.23879,7.776223095231517
000061.SZ,20260602,6.64,6.73,6.33,6.34,6.6,-0.26,-3.9394,231765.09,149501.45401,6.450559659783101
000062.SZ,20260602,30.39,33.52,29.23,33.52,30.47,3.05,10.0098,1009618.19,3260093.5503,32.29036067882256
000063.SZ,20260602,35.12,36.46,34.8,36.3,35.1,1.2,3.4188,1773783.83,6345225.60096,35.77225980778052
000065.SZ,20260602,12.06,12.15,11.82,11.85,12.2,-0.35,-2.8689,182267.25,217293.83849,11.921715968721752
000066.SZ,20260602,18.48,18.63,17.63,18.09,18.48,-0.39,-2.1104,1802483.83,3254425.45749,18.05522692256274
000068.SZ,20260602,3.17,3.31,3.13,3.25,3.16,0.09,2.8481,305881.08,98249.9932,3.2120323754578086
000069.SZ,20260602,2.01,2.03,1.97,2.0,2.02,-0.02,-0.9901,598410.52,119467.26496,1.9964098385168763
000070.SZ,20260602,16.94,17.96,16.73,17.74,17.01,0.73,4.2916,546745.21,955172.17986,17.47015177069407
000078.SZ,20260602,1.85,1.85,1.83,1.85,1.76,0.09,5.1136,264263.51,48864.64435,1.8490878422828791
000088.SZ,20260602,4.49,4.52,4.47,4.48,4.5,-0.02,-0.4444,207074.37,93049.90311,4.493549979652238
000089.SZ,20260602,6.83,6.91,6.81,6.82,6.86,-0.04,-0.5831,93727.0,64204.294,6.850138594001729
000090.SZ,20260602,3.79,3.83,3.66,3.7,3.87,-0.17,-4.3928,908014.64,338097.94084,3.7234855689110913
000096.SZ,20260602,8.52,8.52,8.29,8.35,8.5,-0.15,-1.7647,62931.0,52602.646,8.358781204811619
000099.SZ,20260602,15.67,15.78,15.58,15.67,15.68,-0.01,-0.0638,71609.92,112246.62903,15.674731801124759
000100.SZ,20260602,4.38,4.45,4.26,4.43,4.4,0.03,0.6818,7858499.5,3415470.87299,4.346212496405962
000151.SZ,20260602,13.64,13.85,13.1,13.57,13.74,-0.17,-1.2373,280894.82,376977.78697,13.420603020376095
000153.SZ,20260602,5.83,5.84,5.69,5.71,5.84,-0.13,-2.226,62261.62,35755.64386,5.742806541172555
000155.SZ,20260602,14.41,14.46,13.72,14.02,14.6,-0.58,-3.9726,456338.07,642486.84775,14.07918580516414
000156.SZ,20260602,7.12,7.16,6.95,6.96,7.11,-0.15,-2.1097,95836.0,67140.672,7.00578822154514
000157.SZ,20260602,7.2,7.21,7.05,7.12,7.22,-0.1,-1.385,587215.53,417342.0528,7.107135821152414
000158.SZ,20260602,15.77,15.81,15.28,15.42,15.9,-0.48,-3.0189,236352.36,365369.96335,15.458697486667788
000159.SZ,20260602,6.94,6.95,6.63,6.71,6.89,-0.18,-2.6125,208295.0,140182.383,6.729992702657289
000166.SZ,20260602,4.43,4.48,4.41,4.46,4.43,0.03,0.6772,910410.83,405088.49604,4.449513150453186
000301.SZ,20260602,12.35,12.35,11.96,12.16,12.2,-0.04,-0.3279,170168.0,206272.255,12.12168298387476
000333.SZ,20260602,81.26,82.79,81.22,82.6,81.7,0.9,1.1016,263177.46,2162929.06026,82.18519398507759
000338.SZ,20260602,33.03,33.33,30.33,32.22,33.7,-1.48,-4.3917,2130784.18,6707391.0635,31.47850977333612
000400.SZ,20260602,27.0,27.1,26.26,26.54,27.22,-0.68,-2.4982,261642.88,694722.23953,26.552308227535182
000401.SZ,20260602,4.07,4.11,4.03,4.06,4.1,-0.04,-0.9756,85503.17,34809.87802,4.0711798194148825
000402.SZ,20260602,3.11,3.13,3.03,3.05,3.13,-0.08,-2.5559,888663.88,272144.55862,3.062401485475026
000403.SZ,20260602,12.3,12.76,12.22,12.39,12.39,0.0,0.0,141518.41,176899.12397,12.500078538898226
000404.SZ,20260602,8.3,8.35,8.06,8.25,8.28,-0.03,-0.3623,188457.29,154677.30342,8.207552141920326
000407.SZ,20260602,4.31,4.34,4.22,4.3,4.3,0.0,0.0,154840.0,66168.79,4.273365409454921
000408.SZ,20260602,78.01,79.75,75.75,79.24,76.05,3.19,4.1946,143959.48,1124023.8849,78.07918484423533
000409.SZ,20260602,9.84,9.92,9.6,9.66,9.98,-0.32,-3.2064,99107.44,95978.25992,9.68426385748638
000410.SZ,20260602,5.35,5.38,5.22,5.3,5.34,-0.04,-0.7491,168098.04,88923.79944,5.289996209354969
000411.SZ,20260602,12.21,12.29,11.98,12.07,12.15,-0.08,-0.6584,169260.66,204931.38888,12.107443565445156
000415.SZ,20260602,4.05,4.06,3.98,4.02,4.07,-0.05,-1.2285,566386.06,227820.72302,4.022357524477209
000417.SZ,20260602,7.86,8.04,7.56,7.68,7.85,-0.17,-2.1656,750074.78,578646.22121,7.714513761014601
000419.SZ,20260602,5.33,5.37,5.17,5.21,5.34,-0.13,-2.4345,92557.0,48547.812,5.245179943170154
000420.SZ,20260602,4.43,4.45,4.29,4.36,4.43,-0.07,-1.5801,717125.37,311894.80426,4.349236790493133
000421.SZ,20260602,6.06,6.08,5.88,5.93,6.03,-0.1,-1.6584,82416.0,48960.736,5.940683362453893
000422.SZ,20260602,14.35,14.45,14.0,14.06,14.4,-0.34,-2.3611,212975.59,300713.46687,14.119621261291025
000423.SZ,20260602,49.93,50.98,49.82,50.37,49.72,0.65,1.3073,81678.04,411879.75113,50.42723247644042
000425.SZ,20260602,9.73,9.76,9.5,9.67,9.81,-0.14,-1.4271,798653.18,767884.76984,9.61474628874576
000426.SZ,20260602,40.59,43.14,39.66,42.97,39.69,3.28,8.264,1023073.67,4253174.68157,41.57251629367023
000428.SZ,20260602,3.72,3.73,3.59,3.63,3.74,-0.11,-2.9412,141204.0,51457.477,3.6441940030027475
000429.SZ,20260602,14.1,14.21,13.95,14.07,14.16,-0.09,-0.6356,67781.59,95267.23363,14.055030817365012
000430.SZ,20260602,8.04,8.24,7.94,8.16,7.98,0.18,2.2556,189249.7,152905.24002,8.079549929009135
000488.SZ,20260602,2.3,2.3,2.26,2.28,2.3,-0.02,-0.8696,78125.0,17781.511,2.2760334079999995
000498.SZ,20260602,5.33,5.35,5.3,5.31,5.34,-0.03,-0.5618,100821.0,53725.715,5.328821872427371
000501.SZ,20260602,7.89,7.91,7.59,7.64,7.87,-0.23,-2.9225,121563.99,93504.19839,7.691767799822957
000503.SZ,20260602,7.25,7.31,7.07,7.16,7.23,-0.07,-0.9682,103426.12,73928.38454,7.147941403970294
000504.SZ,20260602,9.51,9.64,9.43,9.63,9.54,0.09,0.9434,31968.16,30539.34284,9.553049922172562
000505.SZ,20260602,6.08,6.1,5.88,5.93,6.11,-0.18,-2.946,97799.35,58056.0822,5.936244177491976
000506.SZ,20260602,14.03,14.6,13.41,14.46,14.1,0.36,2.5532,460805.86,645531.16979,14.008744806109888
000507.SZ,20260602,5.38,5.38,5.23,5.27,5.45,-0.18,-3.3028,211640.07,111780.5884,5.281636336635119
000509.SZ,20260602,4.68,5.41,4.56,5.15,4.92,0.23,4.6748,2711173.82,1359419.4071,5.0141359328263215
000510.SZ,20260602,18.4,19.75,17.62,19.58,18.32,1.26,6.8777,1132673.99,2114983.99472,18.67248664127972
000513.SZ,20260602,30.99,31.1,30.71,30.93,30.9,0.03,0.0971,34666.62,106958.40225,30.853426797882225
000514.SZ,20260602,4.58,4.61,4.47,4.5,4.57,-0.07,-1.5317,105062.17,47447.92067,4.516175581562802
000516.SZ,20260602,4.28,4.29,4.21,4.24,4.28,-0.04,-0.9346,126402.55,53595.26363,4.240046077393217
000517.SZ,20260602,1.94,1.96,1.89,1.92,1.95,-0.03,-1.5385,224607.0,43079.747,1.9180055385629122
000518.SZ,20260602,3.5,3.67,3.45,3.57,3.59,-0.02,-0.5571,976551.17,346072.89007,3.5438275095200593
000519.SZ,20260602,19.23,19.68,18.73,19.43,19.28,0.15,0.778,721613.53,1394796.5174,19.328857614407536
000520.SZ,20260602,3.82,3.87,3.72,3.8,3.83,-0.03,-0.7833,151577.04,57313.96212,3.781177025227567
000521.SZ,20260602,5.78,5.81,5.64,5.67,5.81,-0.14,-2.4096,171489.47,97747.4336,5.699908781571254
000523.SZ,20260602,3.28,3.31,3.2,3.24,3.28,-0.04,-1.2195,219014.4,70884.4428,3.2365197356886126
000524.SZ,20260602,9.51,9.52,9.1,9.27,9.51,-0.24,-2.5237,99081.72,91623.06222,9.247221608587337
000525.SZ,20260602,4.97,5.01,4.87,4.92,4.96,-0.04,-0.8065,145467.37,71389.72904,4.907611173557342
000526.SZ,20260602,29.8,29.93,28.88,28.89,29.64,-0.75,-2.5304,20908.47,61227.40907,29.283543496965585
000528.SZ,20260602,9.07,9.08,8.92,8.98,9.06,-0.08,-0.883,217447.0,194996.567,8.96754459707423
000529.SZ,20260602,5.26,5.33,5.09,5.12,5.26,-0.14,-2.6616,58670.0,30232.649,5.152999659110278
000530.SZ,20260602,6.31,6.35,6.11,6.25,6.39,-0.14,-2.1909,530031.47,328703.27401,6.201580332767788
000531.SZ,20260602,7.9,8.0,7.67,7.79,8.22,-0.43,-5.2311,515528.26,404011.41551,7.836843231639716
000532.SZ,20260602,12.17,12.76,11.77,12.38,12.17,0.21,1.7256,146965.33,180152.71783,12.258178022666982
000533.SZ,20260602,12.69,12.69,11.8,12.18,12.69,-0.51,-4.0189,656409.69,798116.05119,12.158809709070566
000534.SZ,20260602,32.46,33.02,30.4,31.39,32.33,-0.94,-2.9075,255886.6,799603.83335,31.248366790210973
000536.SZ,20260602,3.92,3.92,3.71,3.83,3.92,-0.09,-2.2959,757559.78,287504.03399,3.79513328954713
000537.SZ,20260602,10.8,11.0,10.4,10.89,10.9,-0.01,-0.0917,611899.39,658255.3762,10.757575296814728
000538.SZ,20260602,49.8,50.43,49.32,49.46,49.82,-0.36,-0.7226,98445.78,489977.56023,49.771311703762215
000539.SZ,20260602,9.68,9.75,8.79,9.13,9.77,-0.64,-6.5507,4167439.47,3809297.39722,9.140618417236423
000541.SZ,20260602,5.05,5.06,4.99,5.03,5.05,-0.02,-0.396,75620.06,37911.76218,5.0134530678764335
000543.SZ,20260602,9.7,9.74,9.43,9.55,9.82,-0.27,-2.7495,866356.49,827348.72759,9.549749290733656
000544.SZ,20260602,8.08,8.17,8.04,8.1,8.12,-0.02,-0.2463,42217.18,34259.53032,8.115068396325855
000545.SZ,20260602,2.56,2.56,2.45,2.53,2.55,-0.02,-0.7843,305397.0,76315.418,2.4988921960595554
000546.SZ,20260602,5.6,5.61,5.28,5.42,5.61,-0.19,-3.3868,295108.58,159046.42662,5.38942062003077
000547.SZ,20260602,20.43,20.43,18.99,20.03,20.1,-0.07,-0.3483,977828.41,1923185.59042,19.667925075116194
000548.SZ,20260602,5.0,5.0,4.8,4.84,5.0,-0.16,-3.2,110790.0,53788.501,4.85499602852243
000550.SZ,20260602,16.82,17.1,16.66,17.02,16.73,0.29,1.7334,58333.86,98575.1991,16.898452991110137
000551.SZ,20260602,15.6,15.62,15.03,15.45,15.64,-0.19,-1.2148,119893.68,183724.46728,15.323949292406407
000552.SZ,20260602,2.86,2.92,2.83,2.86,2.86,0.0,0.0,1370140.41,394733.16383,2.8809687018135612
000553.SZ,20260602,6.41,6.42,6.21,6.26,6.41,-0.15,-2.3401,87793.0,55208.25993,6.2884580695499634
000554.SZ,20260602,7.0,7.02,6.81,6.85,6.93,-0.08,-1.1544,121321.0,83375.97298,6.872344687234691
000555.SZ,20260602,13.17,13.18,12.71,12.88,13.18,-0.3,-2.2762,185905.7,239263.71628,12.870165695833961
000557.SZ,20260602,4.29,4.32,4.2,4.22,4.29,-0.07,-1.6317,82854.84,35282.15244,4.25830916335123
000558.SZ,20260602,3.82,3.84,3.67,3.73,3.83,-0.1,-2.611,370668.0,137744.5895,3.716117644360992
000559.SZ,20260602,15.24,15.51,14.91,14.93,15.07,-0.14,-0.929,618378.48,935129.18804,15.122278964817795
000560.SZ,20260602,2.76,2.78,2.71,2.72,2.78,-0.06,-2.1583,713021.41,194453.18236,2.7271717178871246
000561.SZ,20260602,8.2,8.25,8.1,8.15,8.18,-0.03,-0.3667,86843.63,70935.19708,8.168152008385647
000563.SZ,20260602,3.02,3.04,2.99,3.0,3.02,-0.02,-0.6623,305070.0,92001.472,3.0157495656734516
000564.SZ,20260602,1.73,1.74,1.67,1.69,1.73,-0.04,-2.3121,2690787.71,454716.13583,1.6898997053543106
000565.SZ,20260602,7.03,7.03,6.65,6.79,7.03,-0.24,-3.4139,150559.27,101836.54606,6.763884154061055
000566.SZ,20260602,4.16,4.18,4.02,4.08,4.18,-0.1,-2.3923,197996.46,80730.55172,4.07737349041493
000567.SZ,20260602,6.26,6.36,6.11,6.18,6.3,-0.12,-1.9048,200884.5,124429.57421,6.194085367960196
000568.SZ,20260602,89.6,90.83,88.31,88.5,90.4,-1.9,-2.1018,145513.83,1295899.0007,89.05675843320185
000570.SZ,20260602,5.66,5.72,5.53,5.56,5.66,-0.1,-1.7668,151018.0,84403.712,5.588983564873061
000571.SZ,20260602,5.79,5.83,5.59,5.6,5.8,-0.2,-3.4483,183911.0,104473.638,5.680662820603445
000572.SZ,20260602,4.59,4.61,4.42,4.52,4.59,-0.07,-1.5251,408909.51,183997.4971,4.4997118580098565
000573.SZ,20260602,4.52,4.52,4.23,4.28,4.51,-0.23,-5.0998,267463.0,115133.378,4.304646923125816
000576.SZ,20260602,7.64,7.69,7.45,7.53,7.65,-0.12,-1.5686,63582.0,47895.438,7.532861187128432
000581.SZ,20260602,19.25,19.39,19.1,19.25,19.25,0.0,0.0,81650.52,157088.30506,19.2391065066089
000582.SZ,20260602,13.21,14.28,13.02,14.05,13.22,0.83,6.2784,1083248.88,1485539.57995,13.713742126832386
000586.SZ,20260602,14.5,16.74,14.5,16.74,15.22,1.52,9.9869,216700.32,341689.6485,15.767842359439063
000589.SZ,20260602,4.8,4.82,4.74,4.76,4.79,-0.03,-0.6263,238907.08,114091.24752,4.775549034377717
000590.SZ,20260602,10.41,10.46,10.03,10.11,10.44,-0.33,-3.1609,53245.0,53944.07,10.131293079162361
000591.SZ,20260602,5.85,5.87,5.62,5.69,5.92,-0.23,-3.8851,1730558.88,990649.6777,5.724449420062495
000592.SZ,20260602,8.59,8.59,8.05,8.37,8.61,-0.24,-2.7875,1421910.7,1179129.28545,8.292569184900291
000593.SZ,20260602,21.26,21.49,20.5,20.76,21.25,-0.49,-2.3059,130541.71,272054.76058,20.8404471321848
000595.SZ,20260602,7.76,7.91,7.64,7.7,7.8,-0.1,-1.2821,141871.02,110356.53076,7.7786520996324695
000596.SZ,20260602,94.11,95.87,92.81,93.05,94.89,-1.84,-1.9391,36155.29,339966.22062,94.0294547824122
000597.SZ,20260602,4.68,4.7,4.58,4.59,4.7,-0.11,-2.3404,109200.5,50565.30256,4.630501010526508
000598.SZ,20260602,7.11,7.19,7.09,7.17,7.14,0.03,0.4202,329638.44,235509.81153,7.144488717092582
000599.SZ,20260602,5.15,5.17,5.03,5.13,5.16,-0.03,-0.5814,119561.25,60969.13125,5.099405639368943
000600.SZ,20260602,12.0,12.06,11.34,11.8,12.21,-0.41,-3.3579,889357.72,1039786.11316,11.69142730508934
000601.SZ,20260602,8.02,8.99,7.74,8.99,8.17,0.82,10.0367,1647231.22,1395594.59019,8.472366072505595
000603.SZ,20260602,31.05,32.05,30.0,31.77,30.87,0.9,2.9155,165120.49,515855.6823,31.241167119840792
000605.SZ,20260602,6.59,6.65,6.37,6.39,6.61,-0.22,-3.3283,62603.6,40414.8724,6.4556786510679895
000607.SZ,20260602,3.83,3.84,3.57,3.6,3.8,-0.2,-5.2632,208184.77,75755.53997,3.6388608047553146
000608.SZ,20260602,4.93,4.93,4.65,4.82,4.93,-0.11,-2.2312,525189.91,249925.14341,4.758757520874687
000609.SZ,20260602,12.55,13.11,12.44,12.78,12.49,0.29,2.3219,155509.0,200419.931,12.887995614401738
000610.SZ,20260602,7.68,7.72,7.57,7.63,7.68,-0.05,-0.651,33829.0,25779.37316,7.620495184604924
000612.SZ,20260602,11.84,12.28,11.75,12.22,11.78,0.44,3.7351,447807.77,539646.90129,12.0508606023071
000615.SZ,20260602,3.83,3.84,3.74,3.74,3.82,-0.08,-2.0942,103091.8,38794.1048,3.7630640652311826
000617.SZ,20260602,7.9,7.93,7.7,7.79,7.88,-0.09,-1.1421,714196.3,554943.15856,7.770176890583162
000619.SZ,20260602,5.77,5.89,5.57,5.61,5.77,-0.16,-2.773,86308.71,48752.56543,5.648626358799708
000620.SZ,20260602,2.82,2.85,2.78,2.84,2.81,0.03,1.0676,1589370.0,447079.694,2.8129365346017603
000623.SZ,20260602,17.32,17.45,17.19,17.33,17.38,-0.05,-0.2877,96126.31,166530.79111,17.3241635000865
000625.SZ,20260602,8.04,8.58,8.03,8.46,8.07,0.39,4.8327,2222122.17,1867450.93193,8.403907567017344
000626.SZ,20260602,8.26,8.31,7.86,7.95,8.2,-0.25,-3.0488,201752.95,161359.50175,7.99787570640231
000628.SZ,20260602,56.48,57.68,53.0,53.76,56.45,-2.69,-4.7653,115551.72,637355.22257,55.15757122178709
000629.SZ,20260602,3.44,3.48,3.34,3.43,3.45,-0.02,-0.5797,954734.0,325015.324,3.4042500214719498
000630.SZ,20260602,7.01,7.15,6.86,7.08,6.82,0.26,3.8123,5482674.34,3846267.4113,7.015312551465531
000631.SZ,20260602,3.41,3.44,3.35,3.41,3.42,-0.01,-0.2924,254047.66,86195.62772,3.3928920156162823
000632.SZ,20260602,4.1,4.31,4.09,4.3,4.1,0.2,4.878,282959.6,120880.6119,4.272009569563995
000633.SZ,20260602,5.82,5.83,5.58,5.69,5.76,-0.07,-1.2153,79144.0,44798.649,5.660397376933185
000635.SZ,20260602,7.33,7.45,7.0,7.12,7.33,-0.21,-2.8649,65936.68,46889.54024,7.11129833045886
000636.SZ,20260602,53.48,60.56,52.5,59.91,55.05,4.86,8.8283,1899665.87,11121450.0108,58.544242892567205
000637.SZ,20260602,4.45,4.49,4.26,4.28,4.45,-0.17,-3.8202,117290.48,50649.35366,4.3182834327219055
000639.SZ,20260602,1.59,1.64,1.57,1.62,1.61,0.01,0.6211,667085.36,106877.0526,1.602149574980929
000650.SZ,20260602,5.42,5.44,5.37,5.38,5.43,-0.05,-0.9208,104091.69,56297.46451,5.408449465082179
000651.SZ,20260602,39.09,39.73,39.0,39.52,39.09,0.43,1.1,462827.66,1826653.78253,39.4672561819231
000652.SZ,20260602,3.81,3.82,3.72,3.75,3.83,-0.08,-2.0888,147431.0,55280.459,3.749581770455332
000655.SZ,20260602,7.43,7.44,7.23,7.35,7.42,-0.07,-0.9434,56650.6,41446.1666,7.316103730587143
000656.SZ,20260602,1.46,1.47,1.45,1.46,1.46,0.0,0.0,655792.65,95668.1185,1.45881657106099
000657.SZ,20260602,64.13,67.1,61.3,66.51,63.18,3.33,5.2707,834733.27,5381284.9252,64.46711924157522
000659.SZ,20260602,3.99,3.99,3.89,3.91,3.97,-0.06,-1.5113,168573.4,66150.8344,3.9241561480043714
000661.SZ,20260602,73.21,73.49,71.3,71.66,73.15,-1.49,-2.0369,62077.44,446680.5136,71.95536955132171
000663.SZ,20260602,6.26,6.37,5.92,5.98,6.23,-0.25,-4.0128,74768.0,45059.183,6.026533142520865
000665.SZ,20260602,4.41,4.42,4.28,4.3,4.43,-0.13,-2.9345,167192.4,72155.255,4.3157018500840945
000669.SZ,20260602,4.37,4.49,4.31,4.37,4.45,-0.08,-1.7978,114718.0,50141.849,4.370878937917328
000670.SZ,20260602,8.48,8.83,8.24,8.7,8.5,0.2,2.3529,712247.03,610175.61303,8.566909896837338
000672.SZ,20260602,16.51,16.59,15.96,16.11,16.64,-0.53,-3.1851,173020.63,279939.21827,16.179528318097095
000676.SZ,20260602,6.06,6.09,5.89,5.93,6.07,-0.14,-2.3064,257487.48,153264.0814,5.952292569720282
000677.SZ,20260602,2.08,2.21,2.07,2.21,2.1,0.11,5.2381,528927.43,112951.66914,2.135485186313744
000678.SZ,20260602,11.75,12.16,11.7,12.16,11.65,0.51,4.3777,179787.72,215785.20636,12.002221640054172
000679.SZ,20260602,6.7,6.7,6.44,6.49,6.66,-0.17,-2.5526,55870.71,36341.9725,6.504655569975753
000680.SZ,20260602,11.25,11.38,10.93,10.99,11.25,-0.26,-2.3111,154871.09,170983.53579,11.040377890411953
000681.SZ,20260602,23.17,23.8,22.07,23.19,22.65,0.54,2.3841,1332027.16,3069743.24743,23.045650566389355
000682.SZ,20260602,14.21,14.25,13.52,13.66,14.35,-0.69,-4.8084,447326.0,614724.79901,13.742210356876193
000683.SZ,20260602,7.29,7.31,7.14,7.26,7.26,0.0,0.0,326302.46,235541.08735,7.218489475991078
000685.SZ,20260602,11.47,11.54,11.28,11.34,11.53,-0.19,-1.6479,200218.6,228055.16042,11.390308413903602
000686.SZ,20260602,7.93,8.0,7.9,7.93,7.97,-0.04,-0.5019,187713.74,149156.19834,7.945939297783956
000688.SZ,20260602,39.9,39.98,37.4,38.72,39.31,-0.59,-1.5009,178614.12,685985.75397,38.40602041820658
000690.SZ,20260602,6.01,6.05,5.81,5.89,6.08,-0.19,-3.125,1707374.85,1006819.30406,5.896884940410127
000691.SZ,20260602,9.07,9.07,8.52,8.71,9.32,-0.61,-6.5451,192024.44,168051.22909,8.751554181853102
000692.SZ,20260602,5.39,5.4,5.16,5.28,5.48,-0.2,-3.6496,416258.0,219193.51423,5.265809047033331
000695.SZ,20260602,15.38,15.56,14.6,14.78,15.26,-0.48,-3.1455,152309.0,227013.597,14.904805165814235
000697.SZ,20260602,11.8,12.04,11.27,11.9,11.9,0.0,0.0,195209.91,226843.43402,11.620487608441598
000698.SZ,20260602,3.52,3.57,3.46,3.52,3.51,0.01,0.2849,42680.0,15001.006,3.5147624179943766
000700.SZ,20260602,14.06,15.07,13.99,15.07,13.7,1.37,10.0,1181400.73,1744300.08447,14.764677557546456
000701.SZ,20260602,5.71,5.77,5.56,5.73,5.72,0.01,0.1748,165800.57,93994.8048,5.669148471564362
000702.SZ,20260602,6.35,6.36,5.97,6.04,6.35,-0.31,-4.8819,94461.72,57348.52956,6.071086738628092
000703.SZ,20260602,12.91,13.44,12.89,13.16,12.89,0.27,2.0946,518111.25,681437.41482,13.152337742521514
000705.SZ,20260602,7.26,7.27,6.98,7.02,7.22,-0.2,-2.7701,76451.0,54036.833,7.0681656224248215
000707.SZ,20260602,5.08,5.11,4.93,4.96,5.1,-0.14,-2.7451,104487.33,52177.40223,4.99365829617811
000708.SZ,20260602,14.08,14.31,13.84,13.94,14.08,-0.14,-0.9943,127689.0,178765.093,14.000038609433858
000709.SZ,20260602,2.26,2.28,2.23,2.24,2.26,-0.02,-0.885,697300.34,156809.47251,2.2488082037935047
000710.SZ,20260602,8.95,8.95,8.63,8.72,8.98,-0.26,-2.8953,59889.0,52260.261,8.726186945849822
000711.SZ,20260602,5.96,6.16,5.76,6.16,5.87,0.29,4.9404,906906.41,544333.17874,6.002087676720688
000712.SZ,20260602,11.12,11.29,10.8,10.99,11.05,-0.06,-0.543,412744.95,455030.48056,11.02449540715156
000713.SZ,20260602,6.01,6.02,5.86,5.95,6.02,-0.07,-1.1628,53166.9,31464.4209,5.918046923931995
000715.SZ,20260602,5.27,5.28,5.12,5.19,5.28,-0.09,-1.7045,92094.64,47647.91602,5.173799041942071
000716.SZ,20260602,6.05,6.11,5.86,6.06,6.11,-0.05,-0.8183,598215.08,358294.2875,5.989389092297706
000717.SZ,20260602,2.29,2.31,2.24,2.26,2.29,-0.03,-1.31,175672.0,39817.144,2.2665617742155835
000718.SZ,20260602,2.07,2.11,2.05,2.07,2.07,0.0,0.0,355061.83,73641.4687,2.074046334408855
000719.SZ,20260602,13.33,13.59,13.14,13.16,13.33,-0.17,-1.2753,53358.65,71041.1626,13.31389804652104
000720.SZ,20260602,5.1,5.42,4.9,5.41,5.11,0.3,5.8708,1757641.75,914686.56399,5.20405574110879
000721.SZ,20260602,6.65,6.67,6.43,6.54,6.68,-0.14,-2.0958,108020.12,70532.494,6.529570046765363
000722.SZ,20260602,16.58,17.81,15.93,16.08,16.26,-0.18,-1.107,898039.67,1480594.08083,16.486956314858563
000723.SZ,20260602,4.4,4.5,4.33,4.38,4.43,-0.05,-1.1287,1036235.34,456622.4559,4.406551661324348
000725.SZ,20260602,5.31,5.54,5.11,5.47,5.36,0.11,2.0522,30258455.29,16146951.8411,5.336343738087762
000726.SZ,20260602,6.18,6.2,6.06,6.1,6.18,-0.08,-1.2945,58527.01,35854.54914,6.1261542559580615
000727.SZ,20260602,2.91,3.01,2.9,2.98,3.01,-0.03,-0.9967,4273350.51,1262578.03763,2.9545389143143326
000728.SZ,20260602,7.17,7.21,7.11,7.18,7.19,-0.01,-0.1391,356723.7,255323.57513,7.157460385446775
000729.SZ,20260602,12.87,12.95,12.55,12.59,12.99,-0.4,-3.0793,385050.7,489559.33514,12.714152581465246
000731.SZ,20260602,6.18,6.19,6.03,6.08,6.17,-0.09,-1.4587,60008.9,36448.9196,6.0739189686863115
000733.SZ,20260602,50.9,54.49,49.8,54.1,50.87,3.23,6.3495,543014.1,2886948.23984,53.16525371698451
000735.SZ,20260602,5.64,5.65,5.4,5.43,5.63,-0.2,-3.5524,185126.95,101024.8374,5.457057300409259
000737.SZ,20260602,14.38,15.29,14.38,15.1,13.97,1.13,8.0888,1228280.36,1820763.25624,14.823678009799
000738.SZ,20260602,19.16,19.28,18.55,18.75,19.17,-0.42,-2.1909,141736.54,265523.64723,18.733605831636638
000739.SZ,20260602,16.7,16.83,16.36,16.45,16.8,-0.35,-2.0833,75966.1,125175.58872,16.47782217594427
000750.SZ,20260602,3.72,3.74,3.69,3.71,3.73,-0.02,-0.5362,422714.25,157137.6247,3.7173486510095173
000751.SZ,20260602,5.23,5.4,5.18,5.39,5.21,0.18,3.4549,594994.65,316239.92361,5.315004489704235
000752.SZ,20260602,9.11,9.49,9.05,9.2,9.11,0.09,0.9879,36868.01,34224.70625,9.283035957188902
000753.SZ,20260602,5.5,5.5,5.29,5.39,5.5,-0.11,-2.0,179476.0,96194.71708,5.359753787693062
000755.SZ,20260602,5.31,5.4,5.26,5.35,5.32,0.03,0.5639,150363.01,80064.90637,5.32477411632023
000756.SZ,20260602,13.61,13.63,13.44,13.45,13.57,-0.12,-0.8843,27836.11,37575.83062,13.49895176445272
000757.SZ,20260602,4.25,4.28,4.0,4.02,4.23,-0.21,-4.9645,148451.0,60649.753,4.085506530774464
000758.SZ,20260602,6.78,6.89,6.66,6.85,6.76,0.09,1.3314,425983.7,289439.81826,6.794621912998079
000759.SZ,20260602,5.95,6.1,5.73,5.86,5.98,-0.12,-2.0067,824134.72,483145.2484,5.862454725848706
000761.SZ,20260602,2.6,2.62,2.53,2.55,2.6,-0.05,-1.9231,192167.0,49313.265,2.5661671879146786
000762.SZ,20260602,29.24,29.35,28.04,29.13,29.35,-0.22,-0.7496,194338.61,557383.72772,28.681059709133457
000766.SZ,20260602,23.73,24.29,23.55,24.13,23.73,0.4,1.6856,209355.39,501773.91048,23.967565892619245
000767.SZ,20260602,6.15,6.6,6.0,6.11,6.14,-0.03,-0.4886,9043728.66,5682631.04551,6.283504579968236
000768.SZ,20260602,22.04,22.24,21.61,22.14,22.04,0.1,0.4537,233347.99,512048.60059,21.943561656134257
000776.SZ,20260602,18.93,19.19,18.66,18.99,19.0,-0.01,-0.0526,687815.89,1300648.39847,18.90983353801262
000777.SZ,20260602,17.66,17.75,17.02,17.31,17.66,-0.35,-1.9819,68294.27,117824.57981,17.252483965345846
000778.SZ,20260602,4.45,4.49,4.34,4.36,4.45,-0.09,-2.0225,781088.54,343835.81389,4.402008175539229
000779.SZ,20260602,7.68,7.72,7.39,7.45,7.68,-0.23,-2.9948,56996.0,42714.433,7.494286090251947
000782.SZ,20260602,7.35,7.56,7.13,7.43,7.34,0.09,1.2262,224682.83,165257.79068,7.355158855707844
000783.SZ,20260602,7.92,7.96,7.74,7.84,7.95,-0.11,-1.3836,946408.0,740742.12288,7.826879346751085
000785.SZ,20260602,2.47,2.49,2.41,2.43,2.48,-0.05,-2.0161,455356.0,111060.335,2.438978184102109
000786.SZ,20260602,23.15,23.19,22.45,22.55,23.25,-0.7,-3.0108,87747.06,199323.31404,22.71566865488143
000788.SZ,20260602,5.54,5.54,5.32,5.39,5.53,-0.14,-2.5316,150333.42,80815.4946,5.375750421962062
000789.SZ,20260602,4.62,4.64,4.53,4.6,4.63,-0.03,-0.6479,48921.27,22428.49213,4.584609543047431
000790.SZ,20260602,3.96,3.97,3.79,3.86,3.96,-0.1,-2.5253,201420.11,77422.39802,3.843826617908212
000791.SZ,20260602,9.55,10.1,9.26,10.08,9.63,0.45,4.6729,1170916.05,1142922.87716,9.760929292582503
000792.SZ,20260602,30.49,30.62,29.67,30.35,30.38,-0.03,-0.0987,810685.25,2441062.76417,30.111103713432552
000793.SZ,20260602,2.59,2.62,2.55,2.56,2.59,-0.03,-1.1583,150078.0,38523.639,2.5669078079398715
000795.SZ,20260602,8.86,9.0,8.74,8.95,8.85,0.1,1.1299,130283.26,115734.10259,8.88326731999184
000796.SZ,20260602,4.71,4.72,4.48,4.55,4.72,-0.17,-3.6017,467580.0,213587.758,4.5679404166132
000797.SZ,20260602,2.64,2.65,2.57,2.6,2.63,-0.03,-1.1407,228340.52,59264.47356,2.5954426993509516
000798.SZ,20260602,8.65,8.65,8.28,8.33,8.66,-0.33,-3.8106,63985.66,53599.71744,8.376832784095686
000799.SZ,20260602,45.31,46.86,44.03,45.7,45.3,0.4,0.883,267652.01,1215626.74088,45.418180901387586
000800.SZ,20260602,6.11,6.25,6.08,6.14,6.1,0.04,0.6557,231074.34,142416.17318,6.163218866274811
000801.SZ,20260602,12.94,13.13,12.56,12.8,12.92,-0.12,-0.9288,138200.45,176438.14251,12.766828364885932
000802.SZ,20260602,5.18,5.32,5.03,5.3,5.17,0.13,2.5145,479576.18,249182.2802,5.19588525435104
000803.SZ,20260602,8.29,8.31,7.83,7.89,8.3,-0.41,-4.9398,187042.2,149191.2462,7.976341499404946
000807.SZ,20260602,29.71,30.42,29.23,30.29,28.91,1.38,4.7734,755706.16,2257814.05568,29.876877749415197
000809.SZ,20260602,4.18,4.22,4.07,4.12,4.23,-0.11,-2.6005,391073.53,161797.99404,4.137278072489334
000810.SZ,20260602,11.73,11.89,11.35,11.39,11.68,-0.29,-2.4829,147746.6,170899.9452,11.567098342702977
000811.SZ,20260602,31.17,31.6,30.41,31.01,31.17,-0.16,-0.5133,325033.24,1011244.73647,31.112040616830452
000812.SZ,20260602,3.81,3.81,3.68,3.72,3.83,-0.11,-2.8721,152907.46,56853.7729,3.7181817617008357
000813.SZ,20260602,3.4,3.43,3.26,3.26,3.41,-0.15,-4.3988,394623.0,130636.816,3.3104207306720594
000815.SZ,20260602,16.35,16.48,15.52,16.07,16.22,-0.15,-0.9248,425868.74,680973.72023,15.99022553827266
000816.SZ,20260602,2.76,2.82,2.71,2.79,2.76,0.03,1.087,291999.16,80824.37348,2.76796595853221
000818.SZ,20260602,14.4,14.4,13.8,14.14,14.46,-0.32,-2.213,206502.48,290573.34543,14.071179456537275
000819.SZ,20260602,15.1,15.21,14.67,14.84,14.98,-0.14,-0.9346,42380.0,63010.595,14.868002595563945
000820.SZ,20260602,3.75,3.76,3.68,3.71,3.72,-0.01,-0.2688,35483.24,13177.31056,3.713671739108379
000821.SZ,20260602,9.05,9.19,9.02,9.06,8.95,0.11,1.2291,104036.07,94583.44749,9.09140911320468
000822.SZ,20260602,5.04,5.04,4.82,4.92,5.03,-0.11,-2.1869,137913.05,67469.95347,4.892209509542425
000823.SZ,20260602,15.78,16.67,15.78,16.22,15.91,0.31,1.9485,520695.59,848382.19603,16.293247193240102
000825.SZ,20260602,3.94,3.96,3.86,3.87,3.93,-0.06,-1.5267,266818.5,103784.8485,3.889717111069884
000826.SZ,20260602,2.29,2.32,2.26,2.31,2.28,0.03,1.3158,288244.4,66081.13792,2.2925384819271417
000828.SZ,20260602,10.17,10.32,10.09,10.11,10.22,-0.11,-1.0763,51415.99,52361.26587,10.1838486179105
000829.SZ,20260602,8.66,8.72,8.43,8.55,8.67,-0.12,-1.3841,169775.98,144640.39761,8.519485360060946
000830.SZ,20260602,13.42,13.54,13.06,13.22,13.42,-0.2,-1.4903,227419.18,300354.32016,13.207079550634209
000831.SZ,20260602,48.8,50.5,47.43,49.93,48.85,1.08,2.2108,296254.34,1447354.72344,48.85513992605138
000833.SZ,20260602,23.85,24.23,23.0,23.24,23.82,-0.58,-2.4349,251843.1,588675.58661,23.374695856666314
000837.SZ,20260602,11.51,11.7,11.31,11.35,11.45,-0.1,-0.8734,160948.28,184037.05532,11.434546260450873
000838.SZ,20260602,1.88,1.95,1.88,1.92,1.91,0.01,0.5236,246372.0,47179.268,1.914960628642865
000839.SZ,20260602,3.04,3.05,2.94,2.96,3.03,-0.07,-2.3102,524595.63,155596.2849,2.9660232758705978
000848.SZ,20260602,8.25,8.43,8.16,8.17,8.25,-0.08,-0.9697,182816.78,150673.51349,8.241777012482116
000850.SZ,20260602,4.15,4.15,4.01,4.04,4.15,-0.11,-2.6506,97618.0,39544.442,4.050937532012539
000852.SZ,20260602,5.98,6.01,5.75,5.81,5.97,-0.16,-2.6801,126949.86,74071.49739,5.8347049291744
000856.SZ,20260602,9.27,9.35,8.86,8.95,9.24,-0.29,-3.1385,85639.0,76900.905,8.979659384159087
000858.SZ,20260602,83.38,83.98,82.42,82.71,83.41,-0.7,-0.8392,238178.61,1977315.31638,83.01817347829851
000859.SZ,20260602,10.45,10.51,10.09,10.32,10.53,-0.21,-1.9943,554311.55,570993.97711,10.300957595236827
000860.SZ,20260602,11.45,11.67,11.21,11.22,11.51,-0.29,-2.5195,117698.97,134068.00931,11.390754677802192
000862.SZ,20260602,7.23,7.3,7.01,7.16,7.44,-0.28,-3.7634,612228.29,437564.33271,7.147077974949507
000863.SZ,20260602,4.96,5.09,4.87,4.94,5.03,-0.09,-1.7893,252215.4,125295.2566,4.967787716372593
000868.SZ,20260602,3.94,3.96,3.83,3.86,3.95,-0.09,-2.2785,101037.0,39150.42,3.8748597048605955
000869.SZ,20260602,18.48,18.58,18.23,18.34,18.49,-0.15,-0.8112,8729.6,16064.011,18.40177213159824
000875.SZ,20260602,6.99,6.99,6.76,6.94,7.1,-0.16,-2.2535,917751.2,631346.74301,6.879279950927877
000876.SZ,20260602,7.93,7.94,7.78,7.8,7.94,-0.14,-1.7632,161471.96,126437.9288,7.830333439935949
000877.SZ,20260602,4.4,4.43,4.32,4.33,4.4,-0.07,-1.5909,107038.17,46656.32379,4.358849164741886
000878.SZ,20260602,18.18,19.22,18.0,19.0,17.9,1.1,6.1453,933095.29,1741659.36131,18.665396556765387
000880.SZ,20260602,29.38,29.41,27.65,28.21,29.38,-1.17,-3.9823,222209.79,626856.34818,28.210113882921178
000881.SZ,20260602,7.4,7.4,7.2,7.35,7.42,-0.07,-0.9434,95540.13,69694.51329,7.294789455488495
000882.SZ,20260602,1.54,1.55,1.5,1.53,1.54,-0.01,-0.6494,644783.0,97942.785,1.5190038353988862
000883.SZ,20260602,5.36,5.46,5.28,5.32,5.42,-0.1,-1.845,869965.75,465903.74098,5.355426244998726
000885.SZ,20260602,13.5,13.6,13.38,13.38,13.5,-0.12,-0.8889,42843.07,57766.0542,13.483173404706992
000886.SZ,20260602,4.87,4.87,4.7,4.72,4.85,-0.13,-2.6804,144362.0,68645.941,4.755125379254929
000887.SZ,20260602,21.18,21.28,20.2,20.96,21.13,-0.17,-0.8045,459394.56,959798.49941,20.89268317435017
000888.SZ,20260602,10.57,10.61,10.27,10.34,10.61,-0.27,-2.5448,102609.89,106760.79184,10.404532335040999
000889.SZ,20260602,4.0,4.0,3.7,3.91,4.01,-0.1,-2.4938,751689.0,287993.818,3.8312895093582586
000890.SZ,20260602,10.82,11.36,10.42,11.16,10.81,0.35,3.2377,617279.35,676099.53793,10.952894146386074
000892.SZ,20260602,4.29,4.31,4.0,4.07,4.29,-0.22,-5.1282,727604.0,296778.14,4.078841512690969
000893.SZ,20260602,46.0,47.4,45.36,46.81,45.8,1.01,2.2052,125474.27,582688.33817,46.438870548519624
000895.SZ,20260602,24.99,25.23,24.84,24.93,25.03,-0.1,-0.3995,80532.62,201227.31107,24.98705630960473
000897.SZ,20260602,2.0,2.01,1.95,1.96,2.0,-0.04,-2.0,358665.0,70926.6876,1.9775190665384135
000898.SZ,20260602,2.09,2.12,2.05,2.06,2.08,-0.02,-0.9615,382647.58,79492.25641,2.077427391805274
000899.SZ,20260602,14.08,14.44,13.7,14.35,14.52,-0.17,-1.1708,470413.95,663543.09023,14.105514732928306
000900.SZ,20260602,3.89,3.91,3.83,3.86,3.9,-0.04,-1.0256,125151.56,48408.44566,3.867985797380392
000901.SZ,20260602,19.02,19.06,18.15,18.61,18.93,-0.32,-1.6904,187417.39,348054.47955,18.57108774964799
000902.SZ,20260602,13.19,13.24,12.92,13.02,13.2,-0.18,-1.3636,106186.71,138379.94959,13.031757890417737
000903.SZ,20260602,1.94,2.02,1.9,1.91,1.94,-0.03,-1.5464,718893.46,141382.80596,1.966672585392556
000905.SZ,20260602,9.34,9.35,9.07,9.16,9.34,-0.18,-1.9272,90695.01,83118.73513,9.16464258948756
000906.SZ,20260602,6.4,6.49,6.27,6.34,6.41,-0.07,-1.092,105631.18,67138.91758,6.355975345537179
000908.SZ,20260602,7.13,7.42,7.11,7.33,7.16,0.17,2.3743,125646.0,91239.637,7.261642790060964
000909.SZ,20260602,4.9,4.96,4.75,4.88,4.85,0.03,0.6186,65438.0,31879.954,4.871780005501391
000910.SZ,20260602,6.42,6.44,6.22,6.23,6.43,-0.2,-3.1104,49710.46,31213.04158,6.27896856717882
000911.SZ,20260602,6.01,6.06,5.87,5.94,5.78,0.16,2.7682,126397.0,75365.235,5.962580994802091
000912.SZ,20260602,3.9,3.91,3.77,3.82,3.89,-0.07,-1.7995,225113.33,85785.33906,3.8107622973726167
000913.SZ,20260602,11.66,12.07,11.54,12.0,11.66,0.34,2.916,75174.0,89242.7,11.871484821879905
000915.SZ,20260602,27.76,27.98,27.6,27.8,27.77,0.03,0.108,19482.88,54093.75259,27.764761980774914
000917.SZ,20260602,8.58,8.58,8.08,8.21,8.23,-0.02,-0.243,586146.2,488338.05174,8.331335283586247
000919.SZ,20260602,6.45,6.46,6.3,6.35,6.47,-0.12,-1.8547,104795.0,66670.029,6.361947516579988
000920.SZ,20260602,12.53,12.8,12.01,12.28,12.26,0.02,0.1631,179113.41,220339.15237,12.301655826328135
000921.SZ,20260602,25.9,26.89,25.77,26.66,25.18,1.48,5.8777,248684.77,657109.14456,26.423377055217337
000922.SZ,20260602,13.17,13.28,12.65,12.94,13.16,-0.22,-1.6717,145488.34,187696.0586,12.901106617891164
000923.SZ,20260602,15.73,16.45,15.72,16.15,15.63,0.52,3.3269,179944.15,289157.00881,16.069264202809595
000925.SZ,20260602,7.8,7.87,7.5,7.8,7.8,0.0,0.0,300574.4,230628.0268,7.6729098286480815
000926.SZ,20260602,2.5,2.51,2.38,2.39,2.48,-0.09,-3.629,1050585.3,253958.03198,2.417300451281776
000927.SZ,20260602,2.74,2.74,2.69,2.7,2.74,-0.04,-1.4599,462423.8,125334.945,2.71039131203887
000928.SZ,20260602,6.06,6.07,5.98,6.01,6.05,-0.04,-0.6612,115035.45,69286.90086,6.023091217533377
000929.SZ,20260602,10.52,10.74,10.44,10.54,10.52,0.02,0.1901,21902.0,23123.688,10.557797461419048
000930.SZ,20260602,5.27,5.28,5.14,5.17,5.26,-0.09,-1.711,182802.86,94839.19218,5.188058446131532
000931.SZ,20260602,4.35,4.36,4.19,4.22,4.34,-0.12,-2.765,73358.0,31059.179,4.2339184547016
000932.SZ,20260602,4.08,4.11,3.98,4.02,4.08,-0.06,-1.4706,1001882.7,403552.75279,4.027944117509964
000933.SZ,20260602,30.6,31.24,30.11,30.88,30.25,0.63,2.0826,533260.57,1641366.62693,30.77982358474395
000935.SZ,20260602,29.06,29.22,27.57,28.07,28.88,-0.81,-2.8047,66797.73,187822.02723,28.118025452361934
000936.SZ,20260602,6.43,6.49,6.24,6.33,6.5,-0.17,-2.6154,175575.52,111195.98891,6.333228511013381
000937.SZ,20260602,5.63,5.7,5.58,5.59,5.65,-0.06,-1.0619,400874.64,225793.34309,5.632517514452897
000938.SZ,20260602,28.29,28.69,27.65,28.21,27.84,0.37,1.329,1501290.15,4233144.33011,28.196710210281477
000948.SZ,20260602,13.78,13.87,13.24,13.33,13.78,-0.45,-3.2656,51492.57,69017.99945,13.403487037061852
000949.SZ,20260602,6.7,6.82,6.41,6.72,6.72,0.0,0.0,407959.14,271161.96702,6.646792299346449
000950.SZ,20260602,5.83,5.85,5.67,5.7,5.83,-0.13,-2.2298,272011.0,155800.39,5.727723878813725
000951.SZ,20260602,21.76,23.08,21.7,22.73,21.67,1.06,4.8916,184970.78,416029.95901,22.491658358687786
000952.SZ,20260602,6.87,6.91,6.63,6.67,6.86,-0.19,-2.7697,57365.27,38482.27476,6.708287917062013
000953.SZ,20260602,6.6,6.67,6.29,6.34,6.59,-0.25,-3.7936,82746.09,52808.5276,6.3819967324135805
000955.SZ,20260602,4.45,4.48,4.2,4.23,4.45,-0.22,-4.9438,188067.0,79959.525,4.251651007353762
000957.SZ,20260602,10.44,10.45,10.16,10.3,10.42,-0.12,-1.1516,115889.02,118662.77942,10.2393461796467
000958.SZ,20260602,6.17,6.35,6.16,6.31,6.2,0.11,1.7742,790782.8,496428.8118,6.277688535967146
000959.SZ,20260602,3.65,3.68,3.55,3.59,3.65,-0.06,-1.6438,351534.05,126751.08291,3.6056559218089967
000960.SZ,20260602,40.7,43.19,40.54,43.19,39.26,3.93,10.0102,1157724.53,4845255.17935,41.851537682716284
000962.SZ,20260602,55.32,56.88,51.75,56.49,55.31,1.18,2.1334,266403.43,1457822.1336,54.72234849228481
000963.SZ,20260602,29.0,29.12,28.71,29.0,29.06,-0.06,-0.2065,88777.65,256669.42635,28.91149138887997
000965.SZ,20260602,3.44,3.45,3.34,3.38,3.45,-0.07,-2.029,145555.1,49174.7285,3.3784270355349966
000966.SZ,20260602,5.24,5.3,5.08,5.21,5.33,-0.12,-2.2514,1405237.71,728849.04386,5.186660154885824
000967.SZ,20260602,11.0,11.25,10.69,10.83,10.4,0.43,4.1346,1605581.95,1760026.33663,10.9619215427154
000968.SZ,20260602,7.96,7.97,7.6,7.64,7.85,-0.21,-2.6752,281994.79,217961.92357,7.72928902587172
000969.SZ,20260602,22.39,22.73,21.49,21.96,22.51,-0.55,-2.4434,552681.19,1211914.75435,21.927917509731067
000970.SZ,20260602,11.09,11.15,10.73,11.02,11.08,-0.06,-0.5415,196812.82,215594.8684,10.954310212109151
000972.SZ,20260602,3.78,3.85,3.73,3.76,3.73,0.03,0.8043,119345.19,45210.95544,3.7882511595146817
000973.SZ,20260602,14.7,14.73,14.1,14.58,14.72,-0.14,-0.9511,408059.62,589164.23472,14.438190054678774
000975.SZ,20260602,22.69,23.14,21.77,23.04,22.7,0.34,1.4978,538115.87,1214114.43814,22.562323578005604
000977.SZ,20260602,64.96,65.97,63.5,65.0,64.14,0.86,1.3408,766989.41,4964520.9488,64.72737281731179
000978.SZ,20260602,6.68,6.69,6.5,6.54,6.71,-0.17,-2.5335,126124.03,82863.75953,6.570021551801032
000980.SZ,20260602,2.68,2.69,2.57,2.63,2.7,-0.07,-2.5926,1288975.83,337253.2878,2.616443845964125
000981.SZ,20260602,3.6,3.61,3.45,3.5,3.59,-0.09,-2.507,2160530.81,757583.96491,3.5064714717491112
000983.SZ,20260602,7.22,7.48,7.1,7.36,7.3,0.06,0.8219,1978550.3,1454797.24315,7.35284436867741
000985.SZ,20260602,17.71,17.97,17.01,17.24,17.7,-0.46,-2.5989,19059.0,32938.645,17.282462353743636
000987.SZ,20260602,7.98,7.98,7.83,7.86,7.97,-0.11,-1.3802,281061.05,221564.74949,7.883153837573723
000988.SZ,20260602,144.8,151.36,141.22,149.25,143.07,6.18,4.3196,775330.4,11402516.9668,147.06655339194748
000989.SZ,20260602,8.3,8.32,8.14,8.16,8.26,-0.1,-1.2107,86047.35,70546.24235,8.198537473844342
000990.SZ,20260602,9.83,9.83,9.52,9.58,9.72,-0.14,-1.4403,195950.77,188243.74281,9.606685536882555
000993.SZ,20260602,14.07,14.95,13.71,14.72,14.43,0.29,2.0097,341172.5,485574.08398,14.232509477756853
000995.SZ,20260602,13.34,13.36,12.71,12.81,13.35,-0.54,-4.0449,188040.61,243203.66936,12.93357160243205
000997.SZ,20260602,20.8,20.8,20.03,20.18,20.73,-0.55,-2.6532,248729.07,504573.5073,20.286068986628703
000998.SZ,20260602,8.66,8.68,8.54,8.62,8.68,-0.06,-0.6912,104638.0,89917.69712,8.593216338232764
000999.SZ,20260602,24.41,24.98,24.4,24.58,24.52,0.06,0.2447,103286.29,255016.38798,24.690245721866862
001201.SZ,20260602,12.0,12.0,11.5,11.61,12.0,-0.39,-3.25,31158.2,36406.99912,11.68456429447144
001202.SZ,20260602,16.0,16.05,15.48,15.57,16.01,-0.44,-2.7483,14656.0,22881.555,15.61241471069869
001203.SZ,20260602,37.66,37.83,36.01,37.46,37.66,-0.2,-0.5311,216479.95,801224.32097,37.01147939890045
001205.SZ,20260602,14.25,14.39,14.11,14.34,14.35,-0.01,-0.0697,28330.0,40388.859,14.256568655135897
001206.SZ,20260602,17.18,17.21,16.61,16.77,17.21,-0.44,-2.5567,22640.96,38008.70184,16.78758402470567
001207.SZ,20260602,18.2,18.78,17.51,18.63,18.36,0.27,1.4706,77061.2,140896.8204,18.28375633911748
001208.SZ,20260602,16.11,16.27,15.45,16.13,16.11,0.02,0.1241,132341.0,210789.58,15.927760860202053
001209.SZ,20260602,21.19,21.34,20.32,20.6,21.17,-0.57,-2.6925,30593.0,62967.029,20.58216879678358
001210.SZ,20260602,36.0,36.86,35.22,36.86,33.51,3.35,9.997,104920.98,383448.66697,36.54642445867357
001211.SZ,20260602,44.46,46.83,44.11,44.56,43.85,0.71,1.6192,59174.0,267627.31509,45.22718002670091
001212.SZ,20260602,50.5,51.5,49.8,49.9,50.68,-0.78,-1.5391,55569.65,279937.2575,50.37592597757949
001213.SZ,20260602,3.86,3.88,3.82,3.83,3.87,-0.04,-1.0336,92338.0,35497.769,3.84432942017371
001215.SZ,20260602,39.65,39.97,38.6,39.15,39.82,-0.67,-1.6826,23276.0,91006.214,39.09873431861145
001216.SZ,20260602,17.06,17.06,16.32,16.46,16.85,-0.39,-2.3145,27855.91,45993.60176,16.511254437568187
001217.SZ,20260602,10.08,10.15,9.81,9.97,10.09,-0.12,-1.1893,31508.0,31269.7,9.924368414370953
001218.SZ,20260602,25.67,25.78,25.02,25.37,25.68,-0.31,-1.2072,23615.57,60038.56909,25.423298734690714
001219.SZ,20260602,13.71,13.71,13.44,13.62,13.71,-0.09,-0.6565,35485.88,48127.60126,13.562465200243029
001220.SZ,20260602,33.28,33.45,32.37,32.62,33.28,-0.66,-1.9832,9054.83,29563.43725,32.649356476046485
001221.SZ,20260602,49.94,49.94,47.52,49.06,49.93,-0.87,-1.7424,18292.06,88974.296,48.64093819941548
001222.SZ,20260602,16.44,16.51,15.61,15.66,16.4,-0.74,-4.5122,23675.07,37463.10381,15.823861897768412
001223.SZ,20260602,39.2,42.3,35.85,42.0,39.1,2.9,7.4169,40560.52,155199.9004,38.26378468520621
001225.SZ,20260602,50.2,50.92,47.72,48.5,49.81,-1.31,-2.63,32829.0,160728.53478,48.959314867952116
001226.SZ,20260602,49.11,52.5,47.14,51.75,49.1,2.65,5.3971,24192.0,121469.806,50.21073330026454
001227.SZ,20260602,2.14,2.18,2.14,2.14,2.15,-0.01,-0.4651,531308.06,114731.07811,2.1594078228363407
001228.SZ,20260602,30.12,30.29,29.25,29.83,30.12,-0.29,-0.9628,14240.0,42404.444,29.778401685393263
001229.SZ,20260602,37.9,38.15,36.1,37.05,37.95,-0.9,-2.3715,20501.27,75764.43298,36.955970522801756
001230.SZ,20260602,25.25,25.85,24.61,25.59,25.12,0.47,1.871,28652.0,72469.53,25.293009214016475
001231.SZ,20260602,22.3,22.47,21.52,21.64,22.18,-0.54,-2.4346,17290.94,37781.00456,21.850173882969926
001233.SZ,20260602,52.51,52.51,50.08,51.77,52.16,-0.39,-0.7477,22091.83,113719.24125,51.47569995333116
001234.SZ,20260602,24.92,25.25,23.91,23.99,24.94,-0.95,-3.8091,24431.49,58994.36198,24.146853908623665
001236.SZ,20260602,8.39,8.45,8.11,8.16,8.43,-0.27,-3.2028,110264.0,90450.969,8.20312785678009
001237.SZ,20260602,73.01,76.54,70.67,70.75,72.35,-1.6,-2.2115,72734.87,530660.02127,72.95813153580946
001238.SZ,20260602,42.45,42.92,41.65,42.26,42.18,0.08,0.1897,4030.0,17061.84,42.33707196029776
001239.SZ,20260602,13.7,13.74,13.28,13.32,13.7,-0.38,-2.7737,18962.0,25410.525,13.400762050416624
001255.SZ,20260602,31.96,31.99,30.47,30.97,31.83,-0.86,-2.7019,11873.55,36778.91345,30.975498860913543
001256.SZ,20260602,22.93,23.12,22.32,22.94,22.93,0.01,0.0436,19805.0,45151.45,22.79800555415299
001257.SZ,20260602,25.0,25.67,23.58,25.14,24.91,0.23,0.9233,248793.9,612534.24805,24.620147360928062
001258.SZ,20260602,10.64,10.8,10.3,10.6,10.74,-0.14,-1.3035,480975.0,505422.078,10.508281677841884
001259.SZ,20260602,72.26,72.6,67.02,67.03,74.47,-7.44,-9.9906,50236.71,340274.77838,67.73428800970446
001260.SZ,20260602,19.77,19.98,18.91,19.04,19.58,-0.54,-2.7579,12603.0,24220.682,19.218187733079425
001266.SZ,20260602,48.49,48.99,46.15,47.13,48.8,-1.67,-3.4221,39398.41,185511.65453,47.08607645080093
001267.SZ,20260602,54.59,56.4,53.28,55.5,53.53,1.97,3.6802,288750.37,1590130.63585,55.06938868511234
001268.SZ,20260602,40.91,42.15,39.52,41.47,40.75,0.72,1.7669,26059.0,106668.957,40.93363406116889
001269.SZ,20260602,25.53,27.25,24.91,26.93,26.08,0.85,3.2592,141336.03,369586.65035,26.149499908126753
001270.SZ,20260602,133.63,134.49,123.45,126.23,131.55,-5.32,-4.0441,113054.14,1439970.02614,127.36995090493812
001277.SZ,20260602,32.92,33.25,32.02,32.27,32.91,-0.64,-1.9447,9029.0,29254.67158,32.400788104995016
001278.SZ,20260602,18.88,19.15,18.1,18.31,18.68,-0.37,-1.9807,24843.0,45802.83938,18.436919607132793
001279.SZ,20260602,30.23,30.23,28.8,29.01,30.17,-1.16,-3.8449,12733.0,37345.85908,29.329976502002673
001280.SZ,20260602,70.53,71.85,68.75,71.18,70.86,0.32,0.4516,76223.33,536467.63197,70.38102795692605
001282.SZ,20260602,18.17,18.33,17.6,18.01,18.1,-0.09,-0.4972,20018.96,35882.2662,17.924141014318426
001283.SZ,20260602,54.6,56.63,51.91,55.13,54.78,0.35,0.6389,61222.44,331263.4891,54.10818142824755
001285.SZ,20260602,47.96,48.15,46.84,47.46,47.96,-0.5,-1.0425,16105.53,76187.19599,47.3049915091276
001286.SZ,20260602,13.36,13.54,12.88,13.12,13.75,-0.63,-4.5818,714721.26,941981.29939,13.179701683842453
001287.SZ,20260602,25.45,27.83,25.25,26.75,25.3,1.45,5.7312,615963.21,1671300.61673,27.13312401774775
001288.SZ,20260602,24.8,25.15,23.6,24.57,24.79,-0.22,-0.8875,50062.0,121747.3836,24.319320762254804
001289.SZ,20260602,18.98,19.18,18.45,18.8,18.98,-0.18,-0.9484,148124.31,277599.47491,18.74098012068377
001296.SZ,20260602,20.75,21.04,20.15,20.35,20.78,-0.43,-2.0693,15929.0,32427.72,20.357662125682715
001298.SZ,20260602,21.26,21.8,20.3,21.64,21.29,0.35,1.644,136842.44,289068.90291,21.124214308806536
001299.SZ,20260602,13.14,13.83,12.81,13.78,13.34,0.44,3.2984,179402.21,238072.33628,13.270312348995033
001300.SZ,20260602,15.94,15.99,15.19,15.84,15.93,-0.09,-0.565,45779.0,71136.604,15.539134537670112
001301.SZ,20260602,92.0,96.6,90.47,95.67,91.98,3.69,4.0117,80275.4,762808.499,95.02394245310519
001306.SZ,20260602,62.95,64.0,61.5,61.9,62.92,-1.02,-1.6211,5122.0,31986.358,62.44896134322531
001308.SZ,20260602,21.72,22.6,21.71,22.08,21.94,0.14,0.6381,88913.04,197890.66833,22.256653054490094
001309.SZ,20260602,600.0,611.66,583.0,605.9,597.41,8.49,1.4211,110273.65,6626039.25799,600.8723986183462
001311.SZ,20260602,21.59,22.32,21.2,21.21,21.65,-0.44,-2.0323,54858.62,117570.43596,21.431533633182895
001312.SZ,20260602,21.5,21.62,20.96,21.05,21.57,-0.52,-2.4108,30142.91,63667.70436,21.121950189945164
001313.SZ,20260602,8.34,8.42,7.89,7.92,8.35,-0.43,-5.1497,173102.0,139999.817,8.087706496747582
001314.SZ,20260602,64.0,64.0,57.85,59.95,64.28,-4.33,-6.7362,184180.02,1087322.85314,59.03587442003754
001316.SZ,20260602,36.4,36.95,35.66,36.12,36.18,-0.06,-0.1658,23157.44,84071.84364,36.304463550375175
001317.SZ,20260602,53.62,54.96,52.68,53.9,53.68,0.22,0.4098,42378.2,227698.3218,53.730059747700466
001318.SZ,20260602,12.25,12.28,11.9,11.98,12.3,-0.32,-2.6016,35277.0,42358.145,12.00729795617541
001319.SZ,20260602,23.3,24.01,22.8,23.04,23.26,-0.22,-0.9458,27816.33,64442.3343,23.167087211001594
001322.SZ,20260602,6.71,6.8,6.52,6.54,6.71,-0.17,-2.5335,37178.0,24435.798,6.572649954274032
001323.SZ,20260602,21.01,21.45,20.83,20.95,21.03,-0.08,-0.3804,11633.0,24553.8971,21.10710659331213
001324.SZ,20260602,19.22,19.57,18.58,18.79,19.31,-0.52,-2.6929,26437.31,49941.83256,18.890663444957145
001325.SZ,20260602,41.98,41.98,40.25,40.52,41.71,-1.19,-2.853,13134.52,53539.44205,40.762389527748255
001326.SZ,20260602,65.63,65.63,57.36,61.8,63.26,-1.46,-2.3079,11218.54,69428.42304,61.88721798023628
001328.SZ,20260602,31.37,32.06,30.45,30.49,31.52,-1.03,-3.2678,15463.0,47773.99073,30.895680482441957
001330.SZ,20260602,9.09,9.09,8.3,8.45,9.09,-0.64,-7.0407,1103652.0,941785.27835,8.533353614635773
001332.SZ,20260602,47.8,50.3,47.16,49.4,47.99,1.41,2.9381,57244.74,279292.49728,48.789198322850275
001333.SZ,20260602,22.64,22.89,22.0,22.15,22.6,-0.45,-1.9912,17317.89,38456.99792,22.20651471974935
001335.SZ,20260602,49.22,49.69,47.3,47.86,49.2,-1.34,-2.7236,21506.26,103448.81538,48.10172265191624
001336.SZ,20260602,27.47,27.96,26.4,26.56,27.31,-0.75,-2.7462,22363.0,60188.246,26.9142091848142
001337.SZ,20260602,48.59,51.28,47.26,50.55,49.12,1.43,2.9112,100482.29,493709.50589,49.13398230573766
001338.SZ,20260602,11.54,11.6,11.13,11.17,11.59,-0.42,-3.6238,66798.0,75384.81145,11.285489303571962
001339.SZ,20260602,102.96,105.46,98.49,101.1,106.17,-5.07,-4.7754,159620.09,1618863.92755,101.41981047310523
001356.SZ,20260602,10.19,10.2,9.96,9.99,10.18,-0.19,-1.8664,20817.0,20960.425,10.068898016044578
001358.SZ,20260602,25.9,26.08,25.04,25.21,25.9,-0.69,-2.6641,11982.42,30346.51316,25.325863356483914
001359.SZ,20260602,91.22,92.95,88.36,91.64,91.21,0.43,0.4714,20346.68,185431.9747,91.13623190613899
001360.SZ,20260602,20.34,20.46,18.94,19.96,20.23,-0.27,-1.3347,64955.61,127656.13361,19.65282653953985
001365.SZ,20260602,46.07,46.8,43.36,44.5,46.37,-1.87,-4.0328,92231.4,410730.99511,44.53266405042101
001366.SZ,20260602,14.69,15.09,13.94,14.39,14.76,-0.37,-2.5068,104940.0,151886.985,14.4736978273299
001367.SZ,20260602,20.84,20.84,20.03,20.17,20.73,-0.56,-2.7014,18702.29,37875.52577,20.251811820905353
001368.SZ,20260602,25.66,25.78,24.52,24.82,25.5,-0.68,-2.6667,18859.0,47013.161,24.92876663661912
001369.SZ,20260602,14.37,14.65,14.09,14.43,14.46,-0.03,-0.2075,127291.76,183209.05122,14.39284453447733
001373.SZ,20260602,38.0,38.56,36.2,36.68,38.07,-1.39,-3.6512,17794.71,65435.66522,36.772538141953426
001376.SZ,20260602,14.47,14.51,13.9,14.15,14.59,-0.44,-3.0158,151527.0,214102.457,14.129657222805177
001378.SZ,20260602,20.2,20.65,19.93,20.27,20.23,0.04,0.1977,35555.5,72025.9277,20.257323817693464
001379.SZ,20260602,19.25,19.29,18.47,18.71,19.26,-0.55,-2.8557,20550.0,38440.581,18.705878832116788
001380.SZ,20260602,17.63,17.79,17.23,17.33,17.64,-0.31,-1.7574,13925.43,24228.93431,17.399056481559278
001382.SZ,20260602,21.1,21.91,20.65,21.62,21.04,0.58,2.7567,57907.7,123226.90869,21.279883105355594
001386.SZ,20260602,16.61,16.65,16.16,16.24,16.59,-0.35,-2.1097,29428.88,47975.82448,16.302293692454487
001387.SZ,20260602,12.99,13.08,12.46,12.58,12.99,-0.41,-3.1563,36689.2,46417.15467,12.651449110364904
001388.SZ,20260602,34.25,34.29,33.06,33.36,34.29,-0.93,-2.7122,7908.7,26452.80522,33.44772872912109
001389.SZ,20260602,182.09,186.25,173.0,181.06,182.3,-1.24,-0.6802,100549.9,1815982.96157,180.60514844569713
001390.SZ,20260602,18.19,18.19,17.52,17.59,18.22,-0.63,-3.4577,22203.74,39295.79634,17.697827636245066
001391.SZ,20260602,5.24,5.25,5.19,5.2,5.24,-0.04,-0.7634,84193.0,43807.716,5.203249201240007
001393.SZ,20260602,68.56,69.2,63.51,64.49,68.56,-4.07,-5.9364,80668.59,523246.4259,64.86371286519326
001395.SZ,20260602,36.24,36.32,35.48,35.78,36.28,-0.5,-1.3782,3622.0,12957.128,35.77340695748206
001396.SZ,20260602,45.36,45.67,43.21,44.31,45.77,-1.46,-3.1899,23895.57,105171.56536,44.01299712038675
001400.SZ,20260602,106.27,107.25,102.07,103.75,106.12,-2.37,-2.2333,16126.73,168508.89985,104.49043287138805
001696.SZ,20260602,14.9,14.9,14.41,14.6,14.86,-0.26,-1.7497,167002.71,243336.80873,14.570829942220698
001872.SZ,20260602,22.23,22.64,22.05,22.29,22.22,0.07,0.315,23115.0,51613.83,22.32914990266061
001896.SZ,20260602,17.13,18.88,16.43,18.25,17.65,0.6,3.3994,2757733.04,4851887.664,17.593753976998443
001965.SZ,20260602,9.96,10.06,9.83,9.94,9.98,-0.04,-0.4008,110303.02,109586.34532,9.935026739975024
001979.SZ,20260602,9.09,9.18,8.83,8.94,9.1,-0.16,-1.7582,597408.44,536970.94836,8.988338838333119
002001.SZ,20260602,29.85,30.4,29.84,30.25,29.85,0.4,1.34,281644.53,848959.20874,30.1429326087036
002003.SZ,20260602,9.29,9.53,9.29,9.39,9.3,0.09,0.9677,93894.33,88614.84491,9.437720564170382
002004.SZ,20260602,4.62,4.65,4.57,4.58,4.63,-0.05,-1.0799,182238.14,84011.10066,4.609962583024607
002005.SZ,20260602,3.0,3.04,2.97,3.01,2.97,0.04,1.3468,169615.0,50915.135,3.001806149220293
002006.SZ,20260602,16.66,16.75,15.87,15.9,16.6,-0.7,-4.2169,122401.36,196800.00937,16.078253490810887
002007.SZ,20260602,14.03,14.09,13.84,13.87,14.01,-0.14,-0.9993,87189.16,121781.02317,13.967449986902041
002008.SZ,20260602,125.1,129.76,123.32,127.0,124.91,2.09,1.6732,367988.88,4671385.99042,126.94367260282431
002009.SZ,20260602,21.78,22.1,21.15,21.32,21.61,-0.29,-1.342,185852.76,400146.80624,21.530312826131826
002010.SZ,20260602,5.4,5.42,5.3,5.32,5.39,-0.07,-1.2987,270538.22,144850.4661,5.3541590574522155
002011.SZ,20260602,12.41,12.54,11.99,12.01,12.41,-0.4,-3.2232,205553.5,248894.06453,12.108480980863863
002012.SZ,20260602,7.5,7.78,7.34,7.51,7.55,-0.04,-0.5298,392177.19,294244.49369,7.502845682840452
002014.SZ,20260602,10.59,10.7,10.41,10.5,10.56,-0.06,-0.5682,56452.1,59438.52223,10.529018801780625
002015.SZ,20260602,21.99,23.76,21.14,23.3,22.63,0.67,2.9607,1565420.96,3496594.43468,22.336448303847934
002016.SZ,20260602,4.9,4.93,4.76,4.83,4.91,-0.08,-1.6293,123227.0,59625.566,4.838677075640891
002017.SZ,20260602,16.62,16.65,16.1,16.26,16.62,-0.36,-2.1661,84428.67,137692.1937,16.30870102537444
002019.SZ,20260602,10.49,10.5,10.32,10.33,10.5,-0.17,-1.619,77264.75,80173.62575,10.376481610307417
002020.SZ,20260602,13.4,13.49,13.03,13.12,13.47,-0.35,-2.5984,102084.05,134577.3046,13.18299034961877
002021.SZ,20260602,2.78,2.79,2.67,2.74,2.77,-0.03,-1.083,306809.66,83210.07343,2.7121073511831413
002022.SZ,20260602,5.61,5.7,5.44,5.5,5.68,-0.18,-3.169,76914.82,42467.46248,5.521362785481393
002023.SZ,20260602,11.1,11.1,10.63,10.89,11.1,-0.21,-1.8919,189181.47,205608.93376,10.868344228427869
002024.SZ,20260602,1.25,1.26,1.24,1.25,1.26,-0.01,-0.7937,255695.18,31921.2255,1.2484093560152367
002025.SZ,20260602,62.0,62.01,58.99,60.75,61.42,-0.67,-1.0908,180827.25,1096112.75541,60.6165694280038
002026.SZ,20260602,12.22,12.88,12.18,12.51,12.21,0.3,2.457,110024.09,137813.65891,12.525771302448401
002027.SZ,20260602,5.65,5.69,5.52,5.55,5.68,-0.13,-2.2887,1692513.43,945227.03089,5.584753504082979
002028.SZ,20260602,214.19,214.49,204.0,206.27,216.0,-9.73,-4.5046,117383.28,2439154.20632,207.79400663535725
002029.SZ,20260602,8.83,8.85,8.48,8.63,8.84,-0.21,-2.3756,154476.77,132775.29884,8.595162809268993
002030.SZ,20260602,6.63,6.66,6.15,6.29,6.71,-0.42,-6.2593,713642.47,453224.86509,6.350867334030723
002031.SZ,20260602,6.36,6.55,6.22,6.25,6.27,-0.02,-0.319,1383645.06,878009.92922,6.345629776035192
002032.SZ,20260602,46.3,46.95,46.0,46.17,46.18,-0.01,-0.0217,31478.89,146576.04241,46.56328174532202
002033.SZ,20260602,8.7,8.74,8.62,8.73,8.74,-0.01,-0.1144,155046.15,134592.62707,8.680810653473175
002034.SZ,20260602,19.84,20.35,19.72,20.0,20.0,0.0,0.0,134366.46,269336.20441,20.044898437452325
002035.SZ,20260602,5.22,5.24,5.08,5.11,5.24,-0.13,-2.4809,152578.5,78447.8285,5.14147330718286
002036.SZ,20260602,9.37,9.45,9.02,9.21,9.52,-0.31,-3.2563,693347.25,641677.08121,9.25477213921307
002037.SZ,20260602,7.49,7.52,7.25,7.32,7.5,-0.18,-2.4,48329.43,35409.03905,7.326599765401744
002038.SZ,20260602,5.89,5.91,5.71,5.73,5.93,-0.2,-3.3727,236596.17,136151.4367,5.7545917459272475
002039.SZ,20260602,22.48,22.99,21.81,22.55,22.62,-0.07,-0.3095,203534.75,454741.13974,22.342186763685316
002040.SZ,20260602,9.23,9.27,9.05,9.13,9.27,-0.14,-1.5102,76079.2,69399.4546,9.122001098854877
002041.SZ,20260602,8.88,8.9,8.67,8.69,8.87,-0.18,-2.0293,138211.58,120685.2006,8.731916717832181
002042.SZ,20260602,4.21,4.22,3.98,4.04,4.18,-0.14,-3.3493,417834.14,169234.77766,4.05028602162571
002043.SZ,20260602,13.52,13.77,12.63,12.88,13.52,-0.64,-4.7337,184450.52,239314.96415,12.974480318624204
002044.SZ,20260602,5.66,5.67,5.47,5.5,5.7,-0.2,-3.5088,1143862.36,631706.95473,5.522578387228338
002045.SZ,20260602,9.49,9.54,9.25,9.33,9.46,-0.13,-1.3742,122151.0,114069.538,9.338403942661133
002046.SZ,20260602,49.9,52.46,47.5,51.8,50.11,1.69,3.3726,206721.01,1031163.57747,49.8818952882438
002047.SZ,20260602,4.85,4.89,4.71,4.82,4.88,-0.06,-1.2295,235396.0,112714.968,4.7883128005573585
002048.SZ,20260602,25.68,26.24,24.83,24.92,25.56,-0.64,-2.5039,176719.0,445879.05352,25.23096291400472
002049.SZ,20260602,76.55,77.66,75.0,76.19,76.51,-0.32,-0.4182,314632.31,2407967.08555,76.53273389341355
002050.SZ,20260602,45.22,45.88,44.5,45.17,44.57,0.6,1.3462,1138316.81,5147205.75414,45.21769079506082
002051.SZ,20260602,10.96,11.12,10.73,10.85,11.07,-0.22,-1.9874,439158.89,477084.59544,10.863598717994755
002052.SZ,20260602,9.8,9.83,9.31,9.59,9.78,-0.19,-1.9427,105191.0,100386.984,9.543305415862573
002053.SZ,20260602,11.85,12.48,11.78,12.23,11.95,0.28,2.3431,250413.35,305473.43682,12.198768029739629
002054.SZ,20260602,7.84,7.89,7.57,7.66,7.86,-0.2,-2.5445,92255.0,70892.501,7.684407457590376
002055.SZ,20260602,7.6,7.66,7.38,7.38,7.77,-0.39,-5.0193,453049.01,336919.21262,7.436705636328397
002056.SZ,20260602,24.33,26.32,23.42,25.66,24.33,1.33,5.4665,783140.85,1941707.01129,24.793841507437648
002057.SZ,20260602,9.22,9.35,8.96,9.26,9.22,0.04,0.4338,155366.4,142335.28348,9.161265465377328
002058.SZ,20260602,25.4,25.88,24.46,24.93,25.65,-0.72,-2.807,13191.61,32953.9498,24.98099155448046
002059.SZ,20260602,4.6,4.62,4.5,4.55,4.62,-0.07,-1.5152,78285.0,35564.158,4.542908347703903
002060.SZ,20260602,3.63,3.64,3.55,3.57,3.64,-0.07,-1.9231,282407.0,101218.555,3.584137609903437
002061.SZ,20260602,3.69,3.7,3.62,3.65,3.69,-0.04,-1.084,188687.6,69030.2432,3.6584408938372204
002062.SZ,20260602,8.98,9.13,8.31,8.54,8.97,-0.43,-4.7938,493312.03,422392.68721,8.562383674486917
002063.SZ,20260602,6.06,6.07,5.93,5.98,6.06,-0.08,-1.3201,257378.29,153812.73275,5.976134690692055
002064.SZ,20260602,10.24,10.35,9.91,10.04,10.17,-0.13,-1.2783,413468.23,414642.68288,10.028404912271009
002065.SZ,20260602,7.65,7.66,7.46,7.53,7.64,-0.11,-1.4398,314128.52,236866.30168,7.5404265005928135
002066.SZ,20260602,22.99,25.17,22.24,24.5,23.36,1.14,4.8801,100775.22,239953.29762,23.81074411149884
002067.SZ,20260602,5.07,5.19,4.95,4.97,4.87,0.1,2.0534,823492.22,414962.38551,5.039056537899047
002068.SZ,20260602,10.47,10.5,9.77,9.89,10.41,-0.52,-4.9952,427346.04,429114.05057,10.041371872078189
002069.SZ,20260602,3.58,3.59,3.42,3.45,3.58,-0.13,-3.6313,109057.0,37853.934,3.4710228596055277
002072.SZ,20260602,7.78,8.45,7.57,8.0,7.7,0.3,3.8961,234987.87,187904.07378,7.9963307799674945
002073.SZ,20260602,5.8,5.81,5.67,5.7,5.8,-0.1,-1.7241,146453.0,83689.029,5.714394993615699
002074.SZ,20260602,32.6,32.69,31.31,32.17,32.58,-0.41,-1.2584,301532.95,961605.59369,31.89056432108
002075.SZ,20260602,3.96,3.98,3.83,3.84,3.96,-0.12,-3.0303,312959.53,121417.97602,3.8796701931396687
002076.SZ,20260602,2.71,2.79,2.67,2.76,2.73,0.03,1.0989,253896.0,69372.36,2.7323140183382173
002077.SZ,20260602,17.14,17.35,16.73,16.83,17.19,-0.36,-2.0942,312217.82,531664.01122,17.02862479854609
002078.SZ,20260602,13.95,14.1,13.66,13.72,13.95,-0.23,-1.6487,131072.11,181187.13745,13.823469954821055
002079.SZ,20260602,12.19,12.35,11.89,12.05,12.23,-0.18,-1.4718,504980.1,611829.14507,12.115906053921728
002080.SZ,20260602,63.24,65.73,60.6,65.43,64.04,1.39,2.1705,684041.15,4333582.95904,63.35266466118303
002081.SZ,20260602,7.0,7.43,6.7,6.85,6.78,0.07,1.0324,7063269.01,4994110.26726,7.070536688025706
002082.SZ,20260602,16.08,16.19,15.34,15.46,15.97,-0.51,-3.1935,121173.45,190375.62742,15.711001660842372
002083.SZ,20260602,9.96,9.97,9.55,9.69,9.97,-0.28,-2.8084,265645.72,257249.75913,9.683941421303533
002084.SZ,20260602,3.47,3.51,3.28,3.31,3.45,-0.14,-4.058,183480.99,61479.32437,3.350719023807317
002085.SZ,20260602,11.89,11.95,11.52,11.68,11.93,-0.25,-2.0956,294662.17,343841.94631,11.669022403181245
002086.SZ,20260602,1.92,1.92,1.87,1.89,1.93,-0.04,-2.0725,314148.5,59348.8065,1.8891959216739853
002088.SZ,20260602,9.0,9.04,8.79,8.89,9.01,-0.12,-1.3319,24088.19,21386.23752,8.87830821659909
002090.SZ,20260602,10.7,10.79,10.4,10.59,10.68,-0.09,-0.8427,79587.67,84053.91382,10.561172832424923
002091.SZ,20260602,9.0,9.07,8.93,9.0,9.01,-0.01,-0.111,141039.27,126891.04049,8.99685885285708
002092.SZ,20260602,4.75,4.77,4.63,4.69,4.74,-0.05,-1.0549,464146.0,217190.508,4.679357529742797
002093.SZ,20260602,7.5,7.53,7.3,7.33,7.5,-0.17,-2.2667,98885.0,72845.785,7.366717398998838
002094.SZ,20260602,5.37,5.38,5.15,5.3,5.38,-0.08,-1.487,207125.17,108629.9581,5.244652694793201
002095.SZ,20260602,14.58,14.66,14.09,14.28,14.57,-0.29,-1.9904,24020.0,34201.99,14.238963363863446
002096.SZ,20260602,10.98,11.89,10.98,11.52,10.93,0.59,5.398,371684.79,431434.13124,11.607527207126234
002097.SZ,20260602,8.66,8.7,8.35,8.41,8.67,-0.26,-2.9988,164898.42,139171.53689,8.439834468395754
002098.SZ,20260602,7.71,7.75,7.41,7.47,7.71,-0.24,-3.1128,41501.07,31150.3815,7.505922497901861
002099.SZ,20260602,6.15,6.35,5.94,5.97,6.07,-0.1,-1.6474,618199.5,380866.4334,6.160898438125556
002100.SZ,20260602,6.65,6.66,6.33,6.38,6.64,-0.26,-3.9157,240589.31,154685.32839,6.429434806974591
002101.SZ,20260602,9.13,9.41,9.01,9.07,9.14,-0.07,-0.7659,85496.9,78210.51633,9.147760483713444
002102.SZ,20260602,2.35,2.43,2.35,2.4,2.35,0.05,2.1277,202829.44,48501.76352,2.391258562859514
002103.SZ,20260602,7.27,7.27,6.93,6.97,7.23,-0.26,-3.5961,82603.2,57973.2064,7.0182760958413235
002104.SZ,20260602,12.17,12.26,11.68,11.82,12.19,-0.37,-3.0353,219428.01,260021.98787,11.849990704012674
002105.SZ,20260602,6.21,6.21,5.78,5.85,6.12,-0.27,-4.4118,91863.17,54181.94898,5.898114443470654
002106.SZ,20260602,11.95,12.3,11.83,12.09,11.9,0.19,1.5966,305030.6,368650.99429,12.085705312516188
002107.SZ,20260602,6.57,6.58,6.36,6.38,6.57,-0.19,-2.8919,81946.12,52484.76332,6.404789307901338
002108.SZ,20260602,5.01,5.03,4.86,4.89,5.04,-0.15,-2.9762,420056.96,205982.99298,4.903691941683338
002109.SZ,20260602,3.01,3.03,2.94,3.02,3.02,0.0,0.0,124409.0,37140.413,2.985347764229276
002110.SZ,20260602,3.24,3.25,3.15,3.16,3.23,-0.07,-2.1672,257677.02,82121.73236,3.187002564683494
002111.SZ,20260602,10.36,10.43,10.08,10.15,10.34,-0.19,-1.8375,79524.8,80950.9064,10.179328511357465
002112.SZ,20260602,18.8,18.88,17.63,18.16,18.89,-0.73,-3.8645,170740.32,309118.61472,18.10460556241197
002114.SZ,20260602,8.03,8.06,7.7,7.97,7.97,0.0,0.0,90683.0,71501.373,7.88476042918739
002115.SZ,20260602,12.25,12.28,11.72,12.08,12.25,-0.17,-1.3878,311934.16,373860.80459,11.985247290325628
002116.SZ,20260602,9.26,9.28,9.04,9.1,9.27,-0.17,-1.8339,30454.0,27728.819,9.105148420568726
002117.SZ,20260602,9.55,9.64,9.21,9.24,9.58,-0.34,-3.5491,95119.0,88521.117,9.306354881779665
002119.SZ,20260602,21.82,22.44,21.3,21.93,21.45,0.48,2.2378,301631.14,660994.61433,21.914004446954646
002120.SZ,20260602,6.96,7.02,6.86,6.87,6.98,-0.11,-1.5759,349651.4,241819.6237,6.916020462094531
002121.SZ,20260602,7.84,7.84,7.17,7.41,7.88,-0.47,-5.9645,739833.98,552637.09646,7.4697447184029055
002122.SZ,20260602,2.8,2.81,2.76,2.77,2.81,-0.04,-1.4235,142122.0,39459.756,2.776470637902647
002123.SZ,20260602,8.58,8.6,8.26,8.32,8.57,-0.25,-2.9172,147993.36,123471.63272,8.343052196395838
002124.SZ,20260602,2.62,2.62,2.5,2.51,2.63,-0.12,-4.5627,1027222.54,259561.535,2.526828655843163
002125.SZ,20260602,14.94,15.39,14.76,15.14,15.05,0.09,0.598,391114.93,591173.85328,15.115092979958604
002126.SZ,20260602,49.91,51.64,49.59,50.19,49.9,0.29,0.5812,202450.14,1026047.88084,50.68151006662677
002127.SZ,20260602,3.17,3.18,3.02,3.04,3.15,-0.11,-3.4921,428359.85,131108.55136,3.0607105535217647
002128.SZ,20260602,31.8,32.1,30.76,31.4,32.19,-0.79,-2.4542,297106.45,930640.71871,31.3234774509271
002129.SZ,20260602,9.56,9.62,8.91,9.12,9.56,-0.44,-4.6025,1931910.07,1766610.55954,9.144372644322932
002130.SZ,20260602,22.0,22.01,21.0,21.46,22.36,-0.9,-4.025,535712.8,1148457.70336,21.43793658393079
002131.SZ,20260602,6.09,6.09,5.67,5.8,6.1,-0.3,-4.918,3625442.17,2106840.07278,5.811263768634324
002132.SZ,20260602,4.83,4.86,4.6,4.85,4.84,0.01,0.2066,497376.5,236674.0824,4.758449231115664
002133.SZ,20260602,2.98,3.02,2.87,2.89,3.0,-0.11,-3.6667,221817.0,64707.395,2.9171522020404206
002134.SZ,20260602,28.0,28.46,26.85,27.78,28.26,-0.48,-1.6985,118258.0,327204.841,27.668727781629997
002135.SZ,20260602,7.3,7.42,7.12,7.36,7.31,0.05,0.684,221787.76,161822.32929,7.296269608836844
002136.SZ,20260602,13.47,13.57,12.95,13.31,13.41,-0.1,-0.7457,53194.0,69880.816,13.136973342858218
002137.SZ,20260602,8.55,9.45,8.49,9.45,8.59,0.86,10.0116,470309.47,431071.15671,9.165691618116897
002138.SZ,20260602,46.0,49.82,45.91,48.85,46.5,2.35,5.0538,551813.51,2669016.5334,48.36808967217928
002139.SZ,20260602,10.57,10.63,10.34,10.36,10.47,-0.11,-1.0506,166792.89,174226.93556,10.445705183236527
002140.SZ,20260602,10.57,10.59,10.24,10.33,10.56,-0.23,-2.178,64367.4,66561.20733,10.340825841963479
002141.SZ,20260602,3.35,3.37,3.23,3.27,3.38,-0.11,-3.2544,174707.31,57232.25554,3.275893581098581
002142.SZ,20260602,31.48,31.75,31.09,31.6,31.41,0.19,0.6049,294465.13,925895.9209,31.443312860167858
002144.SZ,20260602,12.33,12.47,11.78,11.83,12.3,-0.47,-3.8211,44442.01,53161.52184,11.961997632420315
002145.SZ,20260602,4.43,4.46,4.34,4.37,4.43,-0.06,-1.3544,357594.69,156501.35338,4.376501043122312
002146.SZ,20260602,1.31,1.34,1.28,1.31,1.31,0.0,0.0,1130961.0,147562.598,1.3047540808215312
002148.SZ,20260602,6.78,6.84,6.58,6.62,6.78,-0.16,-2.3599,99930.05,66451.87815,6.649839377644663
002149.SZ,20260602,57.0,58.99,54.51,58.7,56.65,2.05,3.6187,514690.78,2915309.52068,56.641961231168736
002150.SZ,20260602,31.39,32.74,30.86,31.3,32.29,-0.99,-3.066,177776.19,560635.25248,31.53601460803047
002151.SZ,20260602,34.11,34.4,32.82,33.68,34.1,-0.42,-1.2317,136040.94,456198.04862,33.533879479221476
002152.SZ,20260602,10.51,10.52,10.2,10.31,10.51,-0.2,-1.9029,190711.4,196694.1322,10.313706060571104
002153.SZ,20260602,8.49,8.66,8.3,8.41,8.48,-0.07,-0.8255,224497.91,189386.21605,8.435990163560987
002154.SZ,20260602,4.18,4.21,4.1,4.15,4.2,-0.05,-1.1905,276669.63,114994.00111,4.156365160498462
002155.SZ,20260602,24.51,25.86,23.98,25.64,24.39,1.25,5.1251,519547.68,1296636.85936,24.95703299762593
002156.SZ,20260602,61.39,64.69,59.4,63.84,61.39,2.45,3.9909,1629981.42,10193057.481,62.53480779553917
002157.SZ,20260602,3.12,3.13,3.05,3.11,3.12,-0.01,-0.3205,1475883.08,455475.2608,3.0861202148885667
002158.SZ,20260602,28.81,29.6,27.81,29.01,28.78,0.23,0.7992,118141.68,340727.78724,28.840607924315957
002159.SZ,20260602,15.21,15.21,14.69,14.82,15.23,-0.41,-2.6921,33514.0,49706.648,14.831607089574506
002160.SZ,20260602,4.61,4.64,4.53,4.63,4.6,0.03,0.6522,180965.3,83125.4503,4.59344693706473
002161.SZ,20260602,6.32,6.37,6.03,6.1,6.35,-0.25,-3.937,153201.0,93817.262,6.123802194502646
002162.SZ,20260602,3.94,3.96,3.81,3.86,3.97,-0.11,-2.7708,116127.45,44820.92625,3.859632347907407
002163.SZ,20260602,10.25,10.34,9.83,10.0,10.29,-0.29,-2.8183,226566.29,226854.42658,10.012717539754039
002164.SZ,20260602,12.78,13.05,12.63,12.71,12.75,-0.04,-0.3137,103547.0,132836.267,12.828596386182118
002165.SZ,20260602,6.98,6.98,6.61,6.79,6.98,-0.19,-2.7221,344509.68,232710.85024,6.754842135059892
002166.SZ,20260602,8.28,8.29,8.04,8.1,8.27,-0.17,-2.0556,67539.5,54836.4155,8.119162193975377
002167.SZ,20260602,13.04,13.52,12.8,13.39,13.01,0.38,2.9208,419277.88,553076.6466,13.191171606763515
002168.SZ,20260602,3.72,3.75,3.55,3.57,3.74,-0.17,-4.5455,189962.2,68263.1174,3.593510572103292
002169.SZ,20260602,16.49,16.65,15.42,15.69,16.35,-0.66,-4.0367,410909.82,647741.70592,15.763597616625466
002170.SZ,20260602,12.13,12.14,11.82,11.85,12.12,-0.27,-2.2277,171341.74,204030.4773,11.907809346397439
002171.SZ,20260602,11.75,12.04,11.59,11.97,11.75,0.22,1.8723,597952.8,712464.4534,11.915061747348618
002172.SZ,20260602,3.41,3.43,3.29,3.31,3.41,-0.1,-2.9326,149983.0,49927.305,3.328864271284079
002173.SZ,20260602,16.33,17.8,16.33,17.79,17.23,0.56,3.2501,520924.53,893786.99229,17.1577059788296
002174.SZ,20260602,11.23,11.29,10.72,10.84,11.23,-0.39,-3.4728,346179.0,376668.80026,10.88075245061081
002175.SZ,20260602,2.71,2.77,2.65,2.72,2.7,0.02,0.7407,326857.12,88240.26052,2.6996585088922034
002176.SZ,20260602,11.6,11.68,11.01,11.24,11.58,-0.34,-2.9361,773422.39,867239.12375,11.213007729838285
002177.SZ,20260602,6.97,6.98,6.59,6.66,6.97,-0.31,-4.4476,335763.0,224538.574,6.687412669055256
002178.SZ,20260602,5.81,5.82,5.56,5.61,5.83,-0.22,-3.7736,184657.07,104020.85734,5.6331911548255365
002179.SZ,20260602,35.9,36.04,34.79,35.63,35.84,-0.21,-0.5859,346105.78,1222647.2791,35.32582666201067
002180.SZ,20260602,15.58,16.78,15.58,15.95,15.37,0.58,3.7736,345876.57,559677.90644,16.18143450537861
002181.SZ,20260602,17.95,17.98,16.34,16.34,18.16,-1.82,-10.022,570047.5,957918.51684,16.804187665764697
002182.SZ,20260602,14.18,14.51,13.8,14.36,14.16,0.2,1.4124,217971.69,308995.73228,14.175957083234065
002183.SZ,20260602,6.15,6.22,5.97,6.14,6.11,0.03,0.491,1025654.65,626796.55361,6.111185218240856
002184.SZ,20260602,11.99,12.28,11.45,11.71,12.04,-0.33,-2.7409,137216.08,160961.82275,11.730536446603052
002185.SZ,20260602,18.25,18.65,17.51,18.33,18.43,-0.1,-0.5426,5548408.69,10095826.4781,18.19589551197967
002186.SZ,20260602,9.82,9.84,9.56,9.62,9.83,-0.21,-2.1363,33781.99,32612.4664,9.653802632704586
002187.SZ,20260602,5.8,5.84,5.62,5.76,5.82,-0.06,-1.0309,218883.55,125693.14055,5.742466281728343
002188.SZ,20260602,6.22,6.32,5.95,5.96,6.25,-0.29,-4.64,136381.0,82779.559,6.069728114620071
002189.SZ,20260602,21.06,21.23,20.43,20.81,21.08,-0.27,-1.2808,33154.37,68863.10202,20.770445048420463
002190.SZ,20260602,27.8,27.83,26.83,27.1,27.83,-0.73,-2.6231,36876.3,99895.5625,27.089367018925433
002191.SZ,20260602,3.77,3.79,3.66,3.74,3.75,-0.01,-0.2667,162810.76,60557.64656,3.7195113246814886
002192.SZ,20260602,81.05,81.79,77.4,80.34,81.52,-1.18,-1.4475,179191.19,1417289.47077,79.0937026965444
002193.SZ,20260602,5.04,5.15,4.91,4.96,4.99,-0.03,-0.6012,78395.0,39266.664,5.00882250143504
002194.SZ,20260602,10.99,12.09,10.88,11.51,10.99,0.52,4.7316,601757.63,704011.80759,11.699258513597908
002195.SZ,20260602,7.71,7.79,7.43,7.65,7.71,-0.06,-0.7782,1241056.05,943120.01985,7.599334613855676
002196.SZ,20260602,13.74,14.22,13.63,13.77,13.55,0.22,1.6236,379572.9,526027.3724,13.858401703598966
002197.SZ,20260602,6.85,6.88,6.57,6.81,6.81,0.0,0.0,207648.97,139680.37125,6.726754832927897
002198.SZ,20260602,4.15,4.17,4.0,4.13,4.04,0.09,2.2277,188539.0,77180.584,4.093613735089292
002199.SZ,20260602,14.5,14.78,13.86,14.1,14.35,-0.25,-1.7422,54908.0,78075.685,14.2193642092227
002201.SZ,20260602,11.0,11.0,10.46,10.86,10.86,0.0,0.0,186698.59,200297.22107,10.72837352815573
002202.SZ,20260602,23.23,23.39,22.36,23.24,23.46,-0.22,-0.9378,1147135.49,2632826.25366,22.95131025594893
002203.SZ,20260602,20.19,20.39,19.21,19.59,20.06,-0.47,-2.343,415896.98,820511.24046,19.728713597776068
002204.SZ,20260602,6.09,6.09,5.93,5.94,6.09,-0.15,-2.4631,230038.0,137473.968,5.976141680939671
002205.SZ,20260602,13.09,13.29,12.4,12.8,13.17,-0.37,-2.8094,37898.6,48063.5972,12.68215638572401
002206.SZ,20260602,5.54,5.64,5.48,5.51,5.53,-0.02,-0.3617,270020.25,149823.91862,5.548617876622217
002207.SZ,20260602,9.75,9.75,8.98,9.39,9.29,0.1,1.0764,429320.28,411036.41024,9.57412051999966
002208.SZ,20260602,17.26,17.48,16.43,16.7,17.25,-0.55,-3.1884,576581.99,965794.47848,16.75034071875884
002209.SZ,20260602,12.66,12.83,12.26,12.53,12.6,-0.07,-0.5556,56633.0,70528.567,12.453616619285574
002210.SZ,20260602,2.8,2.86,2.72,2.76,2.81,-0.05,-1.7794,1070526.1,296284.89501,2.7676569026201223
002211.SZ,20260602,3.74,3.9,3.7,3.73,3.73,0.0,0.0,93435.42,35298.61578,3.7778623759597805
002212.SZ,20260602,6.84,6.86,6.63,6.72,6.81,-0.09,-1.3216,190305.51,127862.68183,6.718811338147802
002213.SZ,20260602,32.97,34.77,31.67,34.38,33.06,1.32,3.9927,183853.56,612466.34416,33.31272694202929
002214.SZ,20260602,13.42,14.84,13.42,14.84,14.13,0.71,5.0248,245041.29,343808.6575,14.030641835912633
002215.SZ,20260602,9.21,9.3,9.05,9.07,9.24,-0.17,-1.8398,145422.94,133151.51489,9.15615616697063
002216.SZ,20260602,13.6,13.67,13.01,13.08,13.56,-0.48,-3.5398,89841.49,118849.9209,13.228845703694361
002217.SZ,20260602,2.56,2.57,2.44,2.51,2.58,-0.07,-2.7132,3134886.04,782532.61084,2.496207520321855
002218.SZ,20260602,4.56,4.57,4.36,4.54,4.6,-0.06,-1.3043,496632.49,222141.13597,4.472948114409511
002219.SZ,20260602,2.17,2.18,2.12,2.13,2.17,-0.04,-1.8433,497410.12,106526.82056,2.141629538216874
002221.SZ,20260602,6.81,6.81,6.48,6.53,6.65,-0.12,-1.8045,162894.6,106974.6122,6.567106104192527
002222.SZ,20260602,92.98,95.05,89.26,93.65,91.34,2.31,2.529,308214.23,2861852.83826,92.85271605597187
002223.SZ,20260602,26.6,27.03,26.43,26.84,26.6,0.24,0.9023,91851.07,245982.8956,26.780623851197376
002224.SZ,20260602,3.84,3.84,3.71,3.77,3.81,-0.04,-1.0499,112929.02,42370.54146,3.7519622024524786
002225.SZ,20260602,3.8,3.83,3.66,3.75,3.8,-0.05,-1.3158,311412.24,116169.845,3.730420005327986
002226.SZ,20260602,5.16,5.17,5.08,5.09,5.17,-0.08,-1.5474,203825.2,104072.52387,5.105969422328545
002227.SZ,20260602,8.73,8.78,8.55,8.59,8.75,-0.16,-1.8286,25205.0,21715.664,8.615617536203136
002228.SZ,20260602,3.46,3.47,3.38,3.4,3.47,-0.07,-2.0173,181716.22,62020.33358,3.4130323413066814
002229.SZ,20260602,14.4,14.65,13.6,14.0,14.31,-0.31,-2.1663,576235.94,804924.57656,13.96866319306637
002230.SZ,20260602,49.31,49.45,47.88,48.26,49.14,-0.88,-1.7908,537323.95,2593490.74564,48.266799677177985
002232.SZ,20260602,15.81,15.9,15.42,15.57,15.8,-0.23,-1.4557,34583.0,53906.3062,15.587515889309776
002233.SZ,20260602,8.21,8.32,8.11,8.13,8.21,-0.08,-0.9744,75720.93,62206.41045,8.21522007851726
002234.SZ,20260602,7.82,7.95,7.5,7.55,7.97,-0.42,-5.2698,119746.0,91531.92774,7.643840106558883
002235.SZ,20260602,11.0,11.01,9.91,10.26,11.0,-0.74,-6.7273,1006515.04,1027169.02573,10.20520295186051
002236.SZ,20260602,16.9,17.04,16.55,16.9,16.85,0.05,0.2967,320616.91,538409.53776,16.79292392157357
002237.SZ,20260602,13.56,13.9,13.32,13.83,13.57,0.26,1.916,183630.46,250832.32829,13.659625330677711
002238.SZ,20260602,6.75,6.76,6.45,6.49,6.75,-0.26,-3.8519,75189.97,49077.76779,6.52716948683448
002239.SZ,20260602,2.69,2.71,2.67,2.67,2.69,-0.02,-0.7435,384592.85,103265.1395,2.685050944134817
002240.SZ,20260602,43.83,43.98,41.6,43.16,43.76,-0.6,-1.3711,413386.77,1760318.19018,42.58283810534139
002241.SZ,20260602,26.31,27.1,25.98,26.7,26.5,0.2,0.7547,1490896.46,3978937.41471,26.688220956068275
002242.SZ,20260602,9.15,9.15,8.86,9.0,9.15,-0.15,-1.6393,103393.04,92807.00174,8.976136279579363
002243.SZ,20260602,8.9,9.1,8.76,9.0,8.9,0.1,1.1236,305760.15,274133.47531,8.965637782098156
002244.SZ,20260602,10.54,10.67,10.06,10.07,10.54,-0.47,-4.4592,356647.94,364421.62496,10.217965228118238
002245.SZ,20260602,20.21,20.67,19.5,20.57,20.28,0.29,1.43,1309005.48,2634140.6234,20.1232207477084
002246.SZ,20260602,20.69,20.71,19.85,20.46,20.76,-0.3,-1.4451,123116.44,250226.2672,20.32435856657324
002247.SZ,20260602,2.66,2.68,2.54,2.55,2.66,-0.11,-4.1353,314092.5,80899.00584,2.575642711621576
002248.SZ,20260602,10.23,10.29,9.83,10.04,10.23,-0.19,-1.8573,91243.0,91332.263,10.00978299705183
002249.SZ,20260602,8.65,8.72,8.5,8.52,8.63,-0.11,-1.2746,306263.36,262326.23044,8.565380802979503
002250.SZ,20260602,14.51,14.68,14.06,14.2,14.43,-0.23,-1.5939,110884.5,157883.265,14.23853333874437
002251.SZ,20260602,4.85,4.99,4.68,4.88,5.0,-0.12,-2.4,3677197.74,1772305.76963,4.819718424035581
002252.SZ,20260602,5.28,5.33,5.24,5.25,5.31,-0.06,-1.1299,266031.27,140608.68984,5.285419636571294
002253.SZ,20260602,11.99,12.06,11.83,12.0,11.99,0.01,0.0834,33441.0,39958.044,11.948818516192699
002254.SZ,20260602,13.48,13.6,12.97,13.45,13.54,-0.09,-0.6647,252979.25,336914.87823,13.317885883130728
002255.SZ,20260602,9.84,9.84,9.35,9.62,9.83,-0.21,-2.1363,200331.72,191077.63328,9.538061834641065
002256.SZ,20260602,4.64,4.65,4.47,4.61,4.72,-0.11,-2.3305,1134293.6,515743.02654,4.546821268673296
002258.SZ,20260602,12.63,12.84,12.41,12.7,12.63,0.07,0.5542,147406.65,185964.40955,12.615740846834251
002259.SZ,20260602,4.91,4.93,4.69,4.89,4.9,-0.01,-0.2041,155126.84,74425.39808,4.797712509324628
002261.SZ,20260602,30.5,30.59,29.47,30.04,30.48,-0.44,-1.4436,406453.83,1217802.45529,29.961643006045726
002262.SZ,20260602,20.62,20.63,20.25,20.26,20.66,-0.4,-1.9361,86166.58,175519.46806,20.369784672897545
002263.SZ,20260602,3.83,3.86,3.66,3.83,3.85,-0.02,-0.5195,1148973.53,433697.85537,3.7746548901783665
002264.SZ,20260602,7.03,7.12,6.8,6.93,7.05,-0.12,-1.7021,197140.01,136235.61284,6.910601903692709
002265.SZ,20260602,20.5,20.56,19.7,20.04,20.44,-0.4,-1.9569,71418.0,142614.21924,19.96894609762245
002266.SZ,20260602,5.08,5.13,4.98,5.07,5.07,0.0,0.0,788089.31,398355.80525,5.054703828554659
002267.SZ,20260602,7.68,7.69,7.56,7.58,7.71,-0.13,-1.6861,71927.02,54747.32418,7.611510136246435
002268.SZ,20260602,14.48,14.53,14.07,14.11,14.34,-0.23,-1.6039,84881.66,120906.72302,14.244151565838841
002269.SZ,20260602,1.59,1.6,1.55,1.57,1.6,-0.03,-1.875,568597.0,89076.6238,1.5666038301292478
002270.SZ,20260602,21.68,21.87,20.84,21.2,21.73,-0.53,-2.439,183133.17,387835.82454,21.17780326414925
002271.SZ,20260602,13.81,13.88,13.23,13.37,13.94,-0.57,-4.089,442057.5,593038.02184,13.415404598723015
002272.SZ,20260602,19.81,20.47,19.14,19.92,19.7,0.22,1.1168,453553.57,896727.14782,19.77114076778185
002273.SZ,20260602,36.9,38.06,35.5,37.27,36.53,0.74,2.0257,736853.75,2736946.20492,37.14368292106812
002274.SZ,20260602,5.74,5.8,5.6,5.74,5.75,-0.01,-0.1739,107151.32,60810.06764,5.675158051249392
002275.SZ,20260602,13.67,13.74,13.55,13.57,13.72,-0.15,-1.0933,19995.53,27242.87521,13.624482676878282
002276.SZ,20260602,11.96,12.05,11.61,11.76,11.95,-0.19,-1.59,167363.41,197138.021,11.77903945671279
002277.SZ,20260602,6.65,6.68,6.42,6.51,6.68,-0.17,-2.5449,332383.4,216925.623,6.526367532193244
002278.SZ,20260602,9.08,9.15,8.82,8.93,9.08,-0.15,-1.652,86840.57,77416.22458,8.914753159727072
002279.SZ,20260602,7.54,7.68,7.12,7.17,7.32,-0.15,-2.0492,756219.46,552276.23161,7.303121128488284
002281.SZ,20260602,201.0,217.66,198.0,215.11,204.3,10.81,5.2912,722633.85,15182407.6343,210.09820719441802
002282.SZ,20260602,6.4,6.44,6.24,6.26,6.39,-0.13,-2.0344,44320.0,27913.901,6.29826286101083
002283.SZ,20260602,11.0,11.22,10.67,11.02,11.0,0.02,0.1818,249012.8,272811.02604,10.955702921295615
002284.SZ,20260602,11.5,11.61,11.28,11.47,11.51,-0.04,-0.3475,128321.94,146445.4311,11.412345472644816
002285.SZ,20260602,2.64,2.67,2.57,2.59,2.66,-0.07,-2.6316,407564.98,106105.47346,2.6034001611227735
002286.SZ,20260602,9.2,9.3,9.12,9.23,9.2,0.03,0.3261,79560.0,73199.914,9.200592508798392
002287.SZ,20260602,21.27,21.5,21.11,21.14,21.34,-0.2,-0.9372,14953.27,31794.30939,21.26244586635565
002289.SZ,20260602,42.2,42.87,41.57,41.7,43.76,-2.06,-4.7075,33775.0,141566.161,41.914481421169505
002290.SZ,20260602,88.28,90.6,86.66,89.84,87.35,2.49,2.8506,106065.17,943819.7677,88.98489180755567
002291.SZ,20260602,6.06,6.07,5.81,5.87,6.09,-0.22,-3.6125,315099.27,185447.10141,5.885354841031526
002292.SZ,20260602,7.79,7.84,7.38,7.42,7.86,-0.44,-5.598,527706.7,397675.70632,7.5359230102630885
002293.SZ,20260602,9.96,10.18,9.77,9.9,9.98,-0.08,-0.8016,60490.1,59991.1614,9.91751731275035
002294.SZ,20260602,33.12,33.47,32.51,32.99,32.8,0.19,0.5793,132869.16,437476.60938,32.925368789868166
002295.SZ,20260602,10.35,10.55,10.08,10.26,10.28,-0.02,-0.1946,42070.0,43125.156,10.250809603042548
002296.SZ,20260602,10.2,10.24,10.02,10.18,10.21,-0.03,-0.2938,55136.0,55837.335,10.127200921358098
002297.SZ,20260602,19.99,20.16,19.37,19.95,19.66,0.29,1.4751,742788.19,1473456.73419,19.83683577669699
002298.SZ,20260602,9.42,9.45,8.96,9.11,9.48,-0.37,-3.903,317280.33,288754.69613,9.100932797504338
002299.SZ,20260602,17.59,17.66,17.03,17.14,17.55,-0.41,-2.3362,97081.42,167051.31888,17.207341928043494
002300.SZ,20260602,8.63,8.69,8.28,8.5,8.69,-0.19,-2.1864,208569.88,175975.6177,8.437249793690249
002301.SZ,20260602,7.83,7.98,7.63,7.87,7.82,0.05,0.6394,175648.06,137725.95384,7.841017648586611
002302.SZ,20260602,5.27,5.27,5.12,5.12,5.27,-0.15,-2.8463,63736.0,32926.509,5.166077099284548
002303.SZ,20260602,3.36,3.37,3.3,3.32,3.38,-0.06,-1.7751,132458.0,44077.3624,3.3276481903697777
002304.SZ,20260602,45.49,45.82,44.69,44.69,45.59,-0.9,-1.9741,60347.71,272346.33556,45.12952282033568
002305.SZ,20260602,2.39,2.44,2.38,2.44,2.38,0.06,2.521,292312.18,70738.60474,2.4199677461267606
002306.SZ,20260602,2.11,2.21,2.1,2.21,2.1,0.11,5.2381,174368.0,37910.935,2.174191078638282
002307.SZ,20260602,3.94,3.95,3.82,3.85,3.94,-0.09,-2.2843,113200.19,43657.1234,3.856629869614176
002309.SZ,20260602,3.6,3.6,3.4,3.51,3.61,-0.1,-2.7701,1577653.0,549501.813,3.4830334236996348
002310.SZ,20260602,2.95,2.95,2.86,2.86,2.97,-0.11,-3.7037,1393391.0,402132.685,2.886000304293626
002311.SZ,20260602,48.4,48.5,46.3,47.2,48.56,-1.36,-2.8007,108237.41,508509.67893,46.98095408325088
002312.SZ,20260602,9.18,9.18,8.86,8.94,9.15,-0.21,-2.2951,228708.81,204910.77026,8.959461170734961
002313.SZ,20260602,9.24,9.24,8.85,9.11,9.13,-0.02,-0.2191,71256.03,64566.8243,9.061243560720406
002314.SZ,20260602,2.37,2.62,2.37,2.62,2.38,0.24,10.084,1012586.41,256522.68322,2.533341161669353
002315.SZ,20260602,28.62,29.82,28.36,28.48,28.29,0.19,0.6716,124845.47,362146.93222,29.007614951507655
002316.SZ,20260602,5.22,5.26,4.97,5.07,5.16,-0.09,-1.7442,172643.0,87669.798,5.078097461235034
002317.SZ,20260602,22.93,23.65,22.03,22.93,23.15,-0.22,-0.9503,344116.54,781022.67424,22.696458421905557
002318.SZ,20260602,23.6,23.66,22.45,22.66,23.56,-0.9,-3.82,157176.0,359056.77168,22.844249228889907
002319.SZ,20260602,11.76,12.24,11.44,12.24,11.84,0.4,3.3784,146229.0,173211.222,11.84520320866586
002320.SZ,20260602,7.69,7.7,7.43,7.44,7.68,-0.24,-3.125,170969.69,128258.37628,7.5018195494183795
002321.SZ,20260602,1.96,1.97,1.89,1.91,1.97,-0.06,-3.0457,300791.35,57546.72315,1.913177461718896
002322.SZ,20260602,11.61,11.67,11.44,11.6,11.61,-0.01,-0.0861,29008.0,33536.683,11.561184156094871
002323.SZ,20260602,1.62,1.62,1.5,1.51,1.54,-0.03,-1.9481,2985414.3,469831.74705,1.573757273990414
002324.SZ,20260602,12.38,12.55,12.0,12.25,12.34,-0.09,-0.7293,167939.57,205331.16321,12.226490946118297
002326.SZ,20260602,21.28,21.6,20.73,20.92,21.39,-0.47,-2.1973,200827.56,421351.67941,20.98076974146377
002327.SZ,20260602,7.12,7.23,7.05,7.17,7.13,0.04,0.561,66424.0,47340.666,7.12704233409611
002328.SZ,20260602,10.5,10.66,9.6,9.76,10.49,-0.73,-6.959,1143837.73,1130687.84665,9.885037160384629
002329.SZ,20260602,4.32,4.36,4.16,4.28,4.37,-0.09,-2.0595,245078.56,103587.54812,4.226707881750244
002330.SZ,20260602,4.22,4.24,4.02,4.04,4.22,-0.18,-4.2654,157832.18,64419.89119,4.081543522366605
002331.SZ,20260602,8.6,9.06,8.58,8.74,8.59,0.15,1.7462,158449.0,139223.5426,8.78664697158076
002332.SZ,20260602,8.57,8.62,8.52,8.52,8.58,-0.06,-0.6993,67300.0,57713.388,8.575540564635958
002333.SZ,20260602,5.18,5.18,5.04,5.07,5.18,-0.11,-2.1236,58238.46,29593.64499,5.081460771799255
002334.SZ,20260602,8.54,8.78,8.27,8.63,8.59,0.04,0.4657,315144.3,269643.3724,8.556187511562163
002335.SZ,20260602,38.67,41.96,37.13,40.86,38.15,2.71,7.1035,483235.83,1941494.08893,40.17694815655537
002337.SZ,20260602,5.35,5.45,5.27,5.31,5.37,-0.06,-1.1173,86080.0,45941.50094,5.337070276486989
002338.SZ,20260602,54.22,54.75,52.26,52.56,54.2,-1.64,-3.0258,64189.25,339947.9595,52.96026351764509
002339.SZ,20260602,8.72,8.76,8.29,8.51,8.76,-0.25,-2.8539,135898.6,115376.802,8.489918365604943
002340.SZ,20260602,7.75,7.8,7.52,7.78,7.73,0.05,0.6468,1530077.51,1173926.09979,7.672330925182998
002342.SZ,20260602,11.76,11.76,10.91,11.18,11.57,-0.39,-3.3708,857012.18,955107.50899,11.144620009834632
002343.SZ,20260602,5.47,5.54,5.12,5.18,5.51,-0.33,-5.9891,201509.8,105115.1456,5.216378836165784
002344.SZ,20260602,4.05,4.09,3.94,3.97,4.06,-0.09,-2.2167,110571.0,44192.346,3.996739289687169
002345.SZ,20260602,9.39,9.48,9.15,9.18,9.45,-0.27,-2.8571,161138.39,149228.34003,9.260880664750342
002346.SZ,20260602,20.49,20.49,19.38,19.45,20.44,-0.99,-4.8434,67733.82,133142.55249,19.656731672597232
002347.SZ,20260602,7.09,7.19,6.82,7.0,7.08,-0.08,-1.1299,265082.04,184871.92088,6.974139812716094
002348.SZ,20260602,14.78,15.09,14.51,14.91,14.7,0.21,1.4286,331744.6,491580.55328,14.818042351857423
002349.SZ,20260602,7.06,7.07,6.91,6.92,7.07,-0.15,-2.1216,80907.18,56254.66658,6.952988174844309
002350.SZ,20260602,15.8,15.82,14.66,15.21,15.83,-0.62,-3.9166,238007.12,360650.01053,15.152908473074252
002351.SZ,20260602,11.37,11.56,11.32,11.37,11.48,-0.11,-0.9582,179582.5,204894.7915,11.409507691451005
002352.SZ,20260602,35.13,35.21,34.87,34.9,35.13,-0.23,-0.6547,131362.98,459463.27945,34.97661818040364
002353.SZ,20260602,147.7,150.74,142.66,148.09,147.0,1.09,0.7415,195590.96,2880562.06802,147.2748059531995
002354.SZ,20260602,7.49,7.5,6.7,6.7,7.44,-0.74,-9.9462,2692906.78,1860128.19192,6.907510522588531
002355.SZ,20260602,5.57,5.58,5.27,5.37,5.58,-0.21,-3.7634,182356.0,97786.069,5.362371898922986
002356.SZ,20260602,3.58,3.58,3.29,3.29,3.28,0.01,0.3049,1139516.6,386443.7795,3.391295743300273
002357.SZ,20260602,10.51,10.52,10.04,10.28,10.53,-0.25,-2.3742,67312.0,68692.45,10.205082303304016
002358.SZ,20260602,6.53,6.55,6.24,6.41,6.56,-0.15,-2.2866,224619.0,143139.845,6.372561760136053
002360.SZ,20260602,6.08,6.39,6.08,6.28,6.09,0.19,3.1199,122356.0,76328.349,6.238218722416555
002361.SZ,20260602,15.12,15.28,14.47,15.07,15.12,-0.05,-0.3307,754333.51,1121382.48821,14.865871306844106
002362.SZ,20260602,16.86,16.96,16.37,16.6,16.85,-0.25,-1.4837,34616.02,57322.1812,16.559437277884633
002363.SZ,20260602,7.28,7.35,7.09,7.17,7.28,-0.11,-1.511,64405.7,46186.9589,7.17125330521988
002364.SZ,20260602,51.67,53.5,50.03,52.27,50.66,1.61,3.178,430671.83,2236200.22579,51.92353132987593
002365.SZ,20260602,12.04,12.06,11.76,11.82,12.03,-0.21,-1.7456,65875.0,77960.88097,11.834668837950664
002366.SZ,20260602,6.78,6.78,6.55,6.59,6.83,-0.24,-3.5139,480597.76,318734.92396,6.63205180065758
002367.SZ,20260602,5.96,5.99,5.77,5.8,5.99,-0.19,-3.172,124402.25,72652.09977,5.840095317407844
002368.SZ,20260602,15.85,15.95,15.38,15.81,15.82,-0.01,-0.0632,95757.74,149910.83525,15.655218601650374
002369.SZ,20260602,6.54,6.6,6.38,6.52,6.56,-0.04,-0.6098,133016.56,86496.1347,6.502659120037385
002370.SZ,20260602,5.96,6.03,5.86,5.91,5.96,-0.05,-0.8389,176358.0,104431.703,5.921574467843818
002371.SZ,20260602,586.1,615.79,584.19,602.8,589.89,12.91,2.1885,126306.18,7607842.35673,602.3333424168161
002372.SZ,20260602,10.05,10.11,9.89,9.9,10.06,-0.16,-1.5905,83129.3,82775.588,9.9574503815141
002373.SZ,20260602,8.16,8.18,7.89,7.9,8.17,-0.27,-3.3048,313992.5,250235.20968,7.96946454708313
002374.SZ,20260602,3.5,3.52,3.3,3.39,3.44,-0.05,-1.4535,317797.21,106482.60272,3.3506462413562406
002375.SZ,20260602,4.39,4.46,4.24,4.26,4.39,-0.13,-2.9613,282581.0,122337.131,4.329276596798794
002376.SZ,20260602,6.7,6.7,6.52,6.55,6.7,-0.15,-2.2388,102490.69,67494.13804,6.585392101467948
002377.SZ,20260602,3.02,3.04,2.89,2.91,2.98,-0.07,-2.349,303903.56,89055.05288,2.9303721509547302
002378.SZ,20260602,29.07,29.59,27.69,29.47,29.07,0.4,1.376,584571.1,1681606.79898,28.76650588747887
002379.SZ,20260602,21.31,21.41,20.61,21.05,20.96,0.09,0.4294,221468.04,463960.71665,20.94933050610824
002380.SZ,20260602,39.37,40.12,37.89,39.3,39.73,-0.43,-1.0823,86383.0,337794.32734,39.10425978954193
002381.SZ,20260602,6.05,6.06,5.81,5.84,6.05,-0.21,-3.4711,55453.0,32644.339,5.886848141669522
002382.SZ,20260602,6.4,6.55,6.33,6.43,6.41,0.02,0.312,177278.58,113926.38956,6.426404676752262
002383.SZ,20260602,7.87,7.93,7.58,7.72,7.86,-0.14,-1.7812,117119.18,90116.01096,7.694385408094559
002384.SZ,20260602,200.0,210.93,196.9,210.93,191.75,19.18,10.0026,1081481.34,22069747.135,204.06960636972246
002385.SZ,20260602,3.41,3.42,3.33,3.35,3.4,-0.05,-1.4706,542979.81,182355.29304,3.358417563260777
002386.SZ,20260602,5.93,5.93,5.77,5.9,5.91,-0.01,-0.1692,162768.7,95255.81126,5.852219207992691
002387.SZ,20260602,8.1,8.24,7.96,8.13,8.12,0.01,0.1232,187302.08,151702.09549,8.099327860640951
002388.SZ,20260602,5.53,5.65,5.42,5.62,5.54,0.08,1.444,610647.0,339235.716,5.555348933180708
002389.SZ,20260602,19.71,19.71,19.05,19.21,19.75,-0.54,-2.7342,176378.0,339409.262,19.24328782501219
002390.SZ,20260602,3.06,3.09,3.02,3.03,3.08,-0.05,-1.6234,186728.86,56876.37658,3.045933905449859
002391.SZ,20260602,5.79,5.84,5.62,5.66,5.79,-0.13,-2.2453,93526.0,53434.804,5.713363556658041
002392.SZ,20260602,8.09,8.11,7.85,8.0,8.05,-0.05,-0.6211,207957.05,165482.49675,7.957532420757074
002393.SZ,20260602,15.05,15.09,14.71,14.81,15.02,-0.21,-1.3981,19450.72,28880.43836,14.848004783370484
002394.SZ,20260602,10.43,10.74,10.32,10.53,10.44,0.09,0.8621,69158.0,72659.322,10.506278666242517
002395.SZ,20260602,14.69,14.69,13.4,13.73,14.69,-0.96,-6.5351,114831.65,158091.02807,13.767199902640083
002396.SZ,20260602,21.9,23.19,21.59,22.68,21.78,0.9,4.1322,399498.79,897081.5714,22.45517618213562
002397.SZ,20260602,4.82,4.92,4.57,4.66,4.84,-0.18,-3.719,228504.0,106360.326,4.654637380527255
002398.SZ,20260602,4.68,4.68,4.44,4.49,4.64,-0.15,-3.2328,149792.0,67516.175,4.50732849551378
002399.SZ,20260602,10.01,10.1,9.77,9.78,10.0,-0.22,-2.2,53469.47,52988.35142,9.910019945961686
002400.SZ,20260602,8.48,8.49,8.09,8.16,8.52,-0.36,-4.2254,1012972.6,829701.46653,8.190759222213908
002401.SZ,20260602,13.34,13.36,12.96,13.07,13.33,-0.26,-1.9505,32692.4,42757.2054,13.078637665023063
002402.SZ,20260602,26.5,26.63,25.48,26.02,26.44,-0.42,-1.5885,306016.86,794833.87264,25.97353206748151
002403.SZ,20260602,10.57,10.73,10.26,10.44,10.57,-0.13,-1.2299,43714.0,45818.088,10.481330466212198
002404.SZ,20260602,7.05,7.4,7.04,7.4,6.73,0.67,9.9554,280924.6,205322.5618,7.3088138881393805
002405.SZ,20260602,8.65,8.72,8.28,8.37,8.69,-0.32,-3.6824,686962.92,579465.90263,8.43518457488215
002406.SZ,20260602,8.73,8.78,8.3,8.41,8.72,-0.31,-3.555,658841.0,556218.645,8.4423805591941
002407.SZ,20260602,34.46,34.82,32.15,33.1,34.42,-1.32,-3.835,1053004.75,3471555.21018,32.968086897803644
002408.SZ,20260602,5.21,5.25,5.11,5.16,5.2,-0.04,-0.7692,246846.22,127728.18132,5.174402967159067
002409.SZ,20260602,104.87,112.0,103.4,109.63,104.99,4.64,4.4195,255248.81,2783748.88273,109.06021002526907
002410.SZ,20260602,10.15,10.32,10.08,10.1,10.11,-0.01,-0.0989,400453.75,408267.68375,10.195126996563275
002412.SZ,20260602,6.84,6.9,6.74,6.85,6.87,-0.02,-0.2911,105904.38,72214.67614,6.818856419347339
002413.SZ,20260602,10.48,10.54,10.02,10.49,10.49,0.0,0.0,574617.87,593297.3752,10.325076997692397
002414.SZ,20260602,13.04,13.14,12.6,12.95,12.96,-0.01,-0.0772,622961.26,804647.96636,12.916500880969707
002415.SZ,20260602,30.11,30.96,30.0,30.75,30.06,0.69,2.2954,747356.14,2272434.74048,30.40631659867008
002416.SZ,20260602,10.57,10.59,10.21,10.26,10.56,-0.3,-2.8409,163389.64,168553.89782,10.316070089878405
002418.SZ,20260602,4.66,4.68,4.4,4.56,4.65,-0.09,-1.9355,585965.0,265040.137,4.523139385458176
002419.SZ,20260602,4.98,4.99,4.9,4.94,5.0,-0.06,-1.2,124251.17,61414.26864,4.942751737468549
002420.SZ,20260602,6.22,6.25,5.95,6.05,6.18,-0.13,-2.1036,125185.32,75614.18388,6.040179781463193
002421.SZ,20260602,4.7,4.97,4.55,4.97,4.52,0.45,9.9558,5741867.27,2740164.17266,4.77225272513135
002422.SZ,20260602,36.0,36.5,35.15,35.25,36.21,-0.96,-2.6512,172929.72,615128.0825,35.570987017153556
002423.SZ,20260602,9.35,9.35,9.18,9.23,9.33,-0.1,-1.0718,103192.5,95594.973,9.263752016861691
002424.SZ,20260602,4.75,4.77,4.65,4.73,4.72,0.01,0.2119,60405.74,28361.53184,4.6951716575279105
002425.SZ,20260602,3.17,3.17,3.01,3.05,3.16,-0.11,-3.481,236795.05,72207.4354,3.0493642244633072
002426.SZ,20260602,3.88,3.88,3.64,3.71,3.66,0.05,1.3661,3998323.45,1507572.19842,3.770510858544973
002427.SZ,20260602,4.81,4.84,4.58,4.68,4.77,-0.09,-1.8868,133892.52,62343.00341,4.656197628515768
002428.SZ,20260602,81.74,88.14,78.25,86.37,82.06,4.31,5.2523,1077312.82,8955503.54293,83.12816274598866
002429.SZ,20260602,11.25,11.88,11.0,11.83,11.25,0.58,5.1556,1047641.1,1205577.07688,11.507538954705003
002430.SZ,20260602,25.0,25.07,24.01,24.58,24.88,-0.3,-1.2058,119379.85,291817.8155,24.444478318577218
002431.SZ,20260602,1.71,1.73,1.65,1.68,1.68,0.0,0.0,368193.57,62084.81619,1.6862004458687312
002432.SZ,20260602,78.38,80.0,75.29,77.79,77.79,0.0,0.0,263003.27,2049089.53543,77.91118093056409
002434.SZ,20260602,7.1,7.29,6.92,7.21,7.09,0.12,1.6925,239265.43,169811.22229,7.0971900240665775
002436.SZ,20260602,37.23,42.48,37.01,42.22,38.62,3.6,9.3216,2410298.11,9735964.96492,40.393198353874986
002437.SZ,20260602,2.98,2.99,2.9,2.92,2.99,-0.07,-2.3411,500281.09,146425.87173,2.926872005695838
002438.SZ,20260602,16.88,17.49,16.22,17.3,16.9,0.4,2.3669,162172.9,276484.40376,17.048742654290578
002439.SZ,20260602,14.65,14.93,14.34,14.43,14.48,-0.05,-0.3453,258775.0,377133.18677,14.573787528547966
002440.SZ,20260602,9.47,9.51,9.12,9.29,9.43,-0.14,-1.4846,232410.66,215015.879,9.251549778310512
002441.SZ,20260602,9.69,9.85,9.47,9.52,9.71,-0.19,-1.9567,77282.87,73832.62176,9.553555886317369
002442.SZ,20260602,5.81,5.84,5.51,5.63,5.85,-0.22,-3.7607,475751.7,267833.37465,5.629688231276946
002443.SZ,20260602,11.56,11.74,11.05,11.49,11.69,-0.2,-1.7109,328320.0,374462.515,11.405412859405459
002444.SZ,20260602,32.33,32.49,31.6,32.18,32.3,-0.12,-0.3715,86742.0,277589.297,32.001717391805585
002445.SZ,20260602,3.53,3.6,3.36,3.57,3.52,0.05,1.4205,1427574.21,500854.34238,3.5084294663742908
002446.SZ,20260602,9.5,9.72,9.29,9.54,9.46,0.08,0.8457,252565.43,239873.15282,9.497465778273773
002448.SZ,20260602,13.56,13.67,13.13,13.5,13.54,-0.04,-0.2954,137425.72,183645.29438,13.36324047492711
002449.SZ,20260602,8.27,8.4,8.13,8.33,8.33,0.0,0.0,202592.2,167879.5228,8.286573856249154
002451.SZ,20260602,8.57,8.65,8.18,8.36,8.61,-0.25,-2.9036,96041.14,80063.71104,8.336397406361481
002452.SZ,20260602,11.74,11.76,10.92,11.4,11.85,-0.45,-3.7975,322563.6,364223.28656,11.291518527198978
002453.SZ,20260602,5.89,5.91,5.5,5.7,5.91,-0.21,-3.5533,176056.0,99883.969,5.673420332167037
002454.SZ,20260602,5.88,5.88,5.69,5.78,5.85,-0.07,-1.1966,106679.34,61428.92286,5.758277362795833
002455.SZ,20260602,8.75,8.78,8.39,8.57,8.77,-0.2,-2.2805,259170.63,221636.65599,8.551765915373975
002456.SZ,20260602,9.41,9.66,9.24,9.52,9.5,0.02,0.2105,1862024.72,1762499.37389,9.465499329622219
002457.SZ,20260602,12.39,12.5,11.84,11.96,12.58,-0.62,-4.9285,385993.01,465321.55784,12.055180943302574
002458.SZ,20260602,8.35,8.48,8.14,8.34,8.39,-0.05,-0.5959,212300.0,175512.42884,8.267189300047104
002459.SZ,20260602,9.07,9.09,8.69,8.76,9.06,-0.3,-3.3113,573659.68,504473.84867,8.79395687474497
002460.SZ,20260602,70.58,70.6,66.96,68.98,69.86,-0.88,-1.2597,495656.36,3387497.94292,68.34367953878369
002461.SZ,20260602,10.17,10.2,9.95,9.99,10.19,-0.2,-1.9627,208711.39,209614.37301,10.043264673288794
002462.SZ,20260602,14.0,14.25,13.8,13.85,13.99,-0.14,-1.0007,78251.0,108845.89,13.909840129838596
002463.SZ,20260602,124.0,131.99,119.2,131.0,122.51,8.49,6.93,846815.7,10748522.0098,126.92870490946261
002465.SZ,20260602,15.67,16.08,14.96,16.05,15.68,0.37,2.3597,1141099.32,1763367.27155,15.453232165189617
002466.SZ,20260602,62.07,62.33,59.28,61.29,62.17,-0.88,-1.4155,548125.22,3315221.60072,60.48292396981843
002467.SZ,20260602,5.64,5.66,5.37,5.61,5.64,-0.03,-0.5319,481158.12,264682.43037,5.5009448945806
002468.SZ,20260602,15.2,15.24,14.62,14.76,15.13,-0.37,-2.4455,251600.8,373603.5385,14.849060038759813
002469.SZ,20260602,6.51,6.59,6.4,6.44,6.56,-0.12,-1.8293,70778.51,45636.36593,6.447771495896141
002470.SZ,20260602,2.33,2.33,2.23,2.27,2.32,-0.05,-2.1552,817135.0,184822.792,2.261839133068587
002471.SZ,20260602,7.01,7.08,6.61,7.05,7.0,0.05,0.7143,727472.11,500496.3301,6.879938395164044
002472.SZ,20260602,39.47,41.11,39.31,39.98,38.78,1.2,3.0944,318417.36,1279340.23826,40.178093250317765
002474.SZ,20260602,7.27,7.39,6.98,7.03,7.27,-0.24,-3.3012,380501.85,270225.016,7.101805575978146
002475.SZ,20260602,70.01,74.83,68.15,74.0,70.71,3.29,4.6528,2325606.83,16748451.1392,72.0175522497928
002476.SZ,20260602,5.35,5.38,5.2,5.26,5.35,-0.09,-1.6822,91890.51,48377.68589,5.264709695266683
002478.SZ,20260602,7.45,7.48,7.09,7.16,7.43,-0.27,-3.6339,252467.43,181441.79845,7.186740818409726
002479.SZ,20260602,5.53,5.54,5.4,5.5,5.56,-0.06,-1.0791,219611.0,120067.973,5.467302320921994
002480.SZ,20260602,6.07,6.14,5.98,6.12,6.05,0.07,1.157,96461.0,58431.035,6.057477633447715
002481.SZ,20260602,4.3,4.3,4.16,4.18,4.3,-0.12,-2.7907,112296.93,47313.14732,4.213218234906332
002482.SZ,20260602,1.54,1.55,1.5,1.53,1.54,-0.01,-0.6494,597262.59,90797.09171,1.5202206404723926
002483.SZ,20260602,5.94,5.96,5.83,5.94,5.94,0.0,0.0,107710.94,63477.0115,5.893274304355714
002484.SZ,20260602,77.28,86.1,76.3,83.46,79.15,4.31,5.4454,685074.13,5640042.31317,82.32747473868265
002485.SZ,20260602,4.77,4.85,4.66,4.75,4.75,0.0,0.0,25249.0,11915.304,4.719119173036556
002486.SZ,20260602,2.59,2.6,2.46,2.49,2.57,-0.08,-3.1128,301549.0,75490.61257,2.5034277205362976
002487.SZ,20260602,72.5,73.16,70.81,71.45,72.9,-1.45,-1.989,114401.36,819191.68174,71.60681321795475
002488.SZ,20260602,10.12,10.29,9.83,10.13,10.09,0.04,0.3964,206308.31,208140.45657,10.088806241978329
002489.SZ,20260602,3.99,4.04,3.76,3.96,3.95,0.01,0.2532,820835.26,321117.17923,3.912078280238595
002490.SZ,20260602,8.19,8.24,7.77,7.81,7.97,-0.16,-2.0075,289859.0,228830.865,7.894557871240845
002491.SZ,20260602,22.52,25.2,22.52,25.09,23.2,1.89,8.1466,2420990.99,5859436.26422,24.20263556709891
002492.SZ,20260602,6.53,6.54,6.09,6.18,6.42,-0.24,-3.7383,103245.5,64348.9185,6.232612414100372
002493.SZ,20260602,11.48,11.62,11.22,11.55,11.5,0.05,0.4348,454423.89,519737.33198,11.437280112627882
002494.SZ,20260602,5.59,5.65,5.29,5.34,5.57,-0.23,-4.1293,160389.26,86921.60914,5.419415810011219
002495.SZ,20260602,2.53,2.53,2.41,2.43,2.52,-0.09,-3.5714,297630.2,72710.2266,2.442972070710566
002496.SZ,20260602,2.59,2.63,2.55,2.58,2.6,-0.02,-0.7692,149854.8,38574.627,2.574133561287326
002497.SZ,20260602,23.22,23.35,22.19,22.57,23.28,-0.71,-3.0498,327154.92,739182.20009,22.594255959531345
002498.SZ,20260602,8.12,8.19,7.67,7.97,8.22,-0.25,-3.0414,1041568.37,819574.62733,7.868658946795783
002500.SZ,20260602,5.23,5.24,5.15,5.18,5.23,-0.05,-0.956,247558.91,128525.16467,5.191700216728212
002501.SZ,20260602,1.44,1.5,1.44,1.5,1.43,0.07,4.8951,621190.39,92161.97022,1.4836348356902302
002506.SZ,20260602,3.46,3.47,3.28,3.41,3.49,-0.08,-2.2923,2924265.64,985404.91574,3.36975171564783
002507.SZ,20260602,11.89,11.97,11.71,11.74,11.92,-0.18,-1.5101,89467.21,105925.35689,11.839573055871531
002508.SZ,20260602,17.3,17.45,17.1,17.33,17.32,0.01,0.0577,59849.03,103395.42477,17.27604019146175
002510.SZ,20260602,6.48,6.58,6.36,6.54,6.49,0.05,0.7704,196742.38,127572.65386,6.484248785645472
002511.SZ,20260602,7.44,7.53,7.34,7.37,7.4,-0.03,-0.4054,112721.02,83488.56981,7.406654926472454
002512.SZ,20260602,4.63,4.7,4.51,4.61,4.64,-0.03,-0.6466,317196.75,146520.822,4.619240960066583
002513.SZ,20260602,6.01,6.01,5.71,5.79,5.93,-0.14,-2.3609,96565.0,56137.72599,5.813465126080878
002514.SZ,20260602,4.8,4.8,4.58,4.6,4.57,0.03,0.6565,611637.91,291149.14509,4.760155319509217
002515.SZ,20260602,6.22,6.85,6.04,6.85,6.23,0.62,9.9518,981811.85,648800.98386,6.608200785720808
002516.SZ,20260602,6.1,6.15,5.97,6.03,6.1,-0.07,-1.1475,191849.0,116031.804,6.0480796876710325
002517.SZ,20260602,16.12,16.3,15.49,15.62,16.08,-0.46,-2.8607,528760.77,829950.10323,15.696136141680858
002518.SZ,20260602,52.19,52.99,50.02,51.95,51.95,0.0,0.0,129508.51,670383.59008,51.76367098038577
002519.SZ,20260602,6.66,6.69,6.33,6.58,6.66,-0.08,-1.2012,351940.81,228596.6892,6.495316334584784
002520.SZ,20260602,5.89,5.98,5.7,5.76,5.88,-0.12,-2.0408,217312.72,125990.38538,5.797653509651898
002521.SZ,20260602,7.65,7.85,7.54,7.77,7.65,0.12,1.5686,51843.01,39943.14781,7.70463516875274
002522.SZ,20260602,6.31,6.5,6.26,6.42,6.33,0.09,1.4218,327789.46,209850.46716,6.401989470924415
002523.SZ,20260602,3.5,3.52,3.42,3.5,3.5,0.0,0.0,163409.44,56707.26552,3.470256401343766
002524.SZ,20260602,3.99,4.04,3.84,3.88,3.99,-0.11,-2.7569,151790.76,59064.43955,3.8911749008964707
002526.SZ,20260602,3.13,3.15,3.1,3.12,3.13,-0.01,-0.3195,207739.91,64776.65431,3.1181612772432605
002527.SZ,20260602,15.08,15.5,14.57,14.64,15.46,-0.82,-5.304,490930.35,729093.87999,14.851269227702058
002528.SZ,20260602,4.42,4.57,4.42,4.57,4.35,0.22,5.0575,59705.04,27080.79828,4.535764196791426
002529.SZ,20260602,8.13,8.3,8.05,8.21,8.11,0.1,1.233,34130.0,27889.194,8.17146029885731
002530.SZ,20260602,7.84,7.9,7.58,7.64,7.84,-0.2,-2.551,113663.12,86994.63232,7.653725528561948
002531.SZ,20260602,10.61,10.71,10.17,10.55,10.6,-0.05,-0.4717,507292.15,529535.46156,10.43847143229005
002532.SZ,20260602,14.98,15.5,14.84,15.39,14.96,0.43,2.8743,894209.21,1357486.37808,15.180858829221854
002533.SZ,20260602,12.61,12.69,12.2,12.48,12.74,-0.26,-2.0408,138720.0,171564.08027,12.367652845299887
002534.SZ,20260602,20.16,20.29,19.4,19.92,20.05,-0.13,-0.6484,167225.61,332083.61905,19.858418758346883
002535.SZ,20260602,2.76,2.82,2.6,2.71,2.78,-0.07,-2.518,562352.62,153522.56153,2.7300052684025906
002536.SZ,20260602,38.76,40.58,37.38,40.45,38.68,1.77,4.576,416516.52,1629964.51654,39.133250141915134
002537.SZ,20260602,6.44,6.46,6.25,6.31,6.43,-0.12,-1.8663,168987.62,106549.73708,6.30518005283464
002538.SZ,20260602,6.33,6.35,6.21,6.22,6.32,-0.1,-1.5823,75397.0,47151.984,6.253827605872912
002539.SZ,20260602,12.6,12.7,12.23,12.49,12.55,-0.06,-0.4781,157363.0,195707.705,12.436703990137453
002540.SZ,20260602,5.62,5.63,5.51,5.58,5.58,0.0,0.0,86314.88,48103.87368,5.5730684767215095
002541.SZ,20260602,18.65,19.1,18.57,18.97,18.65,0.32,1.7158,73740.1,139631.5896,18.93563876371201
002542.SZ,20260602,1.7,1.71,1.65,1.67,1.7,-0.03,-1.7647,353170.5,59199.3165,1.6762248404099436
002543.SZ,20260602,7.6,7.68,7.48,7.48,7.63,-0.15,-1.9659,34694.49,26166.7525,7.542048463603298
002544.SZ,20260602,21.3,21.47,20.66,20.98,21.15,-0.17,-0.8038,113321.93,238317.05356,21.030091312422936
002545.SZ,20260602,22.1,22.63,21.22,21.83,21.95,-0.12,-0.5467,186587.59,408396.16896,21.887638345079647
002546.SZ,20260602,7.64,7.64,7.31,7.42,7.61,-0.19,-2.4967,156304.0,116039.537,7.423964645818405
002547.SZ,20260602,3.56,3.77,3.55,3.75,3.59,0.16,4.4568,614944.99,227177.31981,3.6942706015053473
002548.SZ,20260602,4.21,4.22,3.98,4.07,4.18,-0.11,-2.6316,215299.3,87343.3083,4.056831968334315
002549.SZ,20260602,15.3,15.55,14.85,15.46,15.32,0.14,0.9138,189826.92,290144.16607,15.2846691117361
002550.SZ,20260602,6.31,6.34,6.2,6.2,6.33,-0.13,-2.0537,100871.0,63022.783,6.247859444240664
002551.SZ,20260602,3.21,3.21,3.09,3.11,3.2,-0.09,-2.8125,149773.22,46792.34971,3.1242133747274714
002552.SZ,20260602,57.78,62.98,57.0,60.78,57.93,2.85,4.9197,351932.0,2136252.983,60.70073147653524
002553.SZ,20260602,18.49,18.66,18.01,18.3,18.4,-0.1,-0.5435,52512.29,95945.0734,18.27097492796448
002554.SZ,20260602,3.24,3.25,3.1,3.13,3.21,-0.08,-2.4922,214152.0,67242.40272,3.1399381149837495
002555.SZ,20260602,19.85,19.85,19.36,19.57,19.74,-0.17,-0.8612,265088.33,516518.84924,19.484782647353807
002556.SZ,20260602,5.35,5.37,5.22,5.25,5.34,-0.09,-1.6854,91736.5,48308.8825,5.266048137873147
002557.SZ,20260602,22.57,22.77,22.38,22.5,22.57,-0.07,-0.3101,83528.14,188542.7046,22.572357603078434
002558.SZ,20260602,26.35,26.4,25.36,25.63,26.35,-0.72,-2.7324,400294.72,1026864.71182,25.652716873707455
002559.SZ,20260602,10.0,10.52,9.59,10.09,9.61,0.48,4.9948,669487.76,673307.17128,10.057049755174015
002560.SZ,20260602,9.18,9.19,8.6,8.93,9.19,-0.26,-2.8292,573851.17,508104.18886,8.854285142609363
002561.SZ,20260602,7.48,7.58,7.31,7.37,7.53,-0.16,-2.1248,64828.08,48015.88665,7.406649502808042
002562.SZ,20260602,5.2,5.2,5.02,5.1,5.19,-0.09,-1.7341,171133.2,86948.068,5.080724722029389
002563.SZ,20260602,5.63,5.67,5.49,5.54,5.64,-0.1,-1.773,145258.19,81087.26645,5.582285339642467
002564.SZ,20260602,5.28,5.3,5.06,5.13,5.28,-0.15,-2.8409,118720.54,60954.19648,5.1342586952518925
002565.SZ,20260602,14.8,15.1,14.06,14.38,14.6,-0.22,-1.5068,640187.54,925007.55645,14.44900905834562
002566.SZ,20260602,7.27,7.34,7.01,7.03,7.27,-0.24,-3.3012,62021.0,44175.786,7.122714241950307
002567.SZ,20260602,3.71,3.72,3.63,3.65,3.72,-0.07,-1.8817,147361.0,53906.214,3.6581058760459007
002568.SZ,20260602,19.85,20.69,19.53,19.88,20.19,-0.31,-1.5354,354489.98,710366.28627,20.039107629219878
002569.SZ,20260602,16.5,16.65,15.9,16.09,16.15,-0.06,-0.3715,23024.92,37137.83584,16.129409283506742
002570.SZ,20260602,5.02,5.24,4.95,5.11,5.14,-0.03,-0.5837,532240.11,269674.34386,5.066779800943601
002571.SZ,20260602,12.0,12.29,11.65,12.0,11.98,0.02,0.1669,103223.0,123774.666,11.990996773974791
002572.SZ,20260602,9.42,9.46,9.06,9.13,9.42,-0.29,-3.0786,108244.0,99436.846,9.186360999223975
002573.SZ,20260602,3.51,3.52,3.43,3.45,3.51,-0.06,-1.7094,79496.0,27484.6,3.457356344973332
002574.SZ,20260602,5.11,5.15,4.95,5.01,5.1,-0.09,-1.7647,80357.77,40353.47332,5.021726376926586
002575.SZ,20260602,5.67,6.23,5.44,6.23,5.66,0.57,10.0707,830579.36,499110.4813,6.009184737025008
002576.SZ,20260602,16.96,17.13,16.18,16.41,17.1,-0.69,-4.0351,65122.0,107361.52,16.486213568379352
002577.SZ,20260602,18.36,18.47,18.02,18.15,18.41,-0.26,-1.4123,36262.89,66056.07902,18.215889307222895
002578.SZ,20260602,4.22,4.28,4.13,4.18,4.22,-0.04,-0.9479,356455.0,149220.365,4.18623290457421
002579.SZ,20260602,19.16,20.76,18.88,20.76,18.87,1.89,10.0159,1541028.49,3090989.96681,20.057967694095
002580.SZ,20260602,28.0,28.49,26.0,26.96,26.71,0.25,0.936,1594544.89,4350657.76689,27.284636476367872
002581.SZ,20260602,4.44,4.56,4.43,4.52,4.43,0.09,2.0316,82860.49,37169.27803,4.48576613896442
002582.SZ,20260602,10.34,10.38,9.97,10.06,10.36,-0.3,-2.8958,186233.32,187909.51192,10.090004942187573
002583.SZ,20260602,8.43,8.47,8.2,8.27,8.44,-0.17,-2.0142,206184.0,170709.29,8.279463488922516
002584.SZ,20260602,7.56,7.58,7.41,7.43,7.6,-0.17,-2.2368,162671.5,121602.671,7.475351920895793
002585.SZ,20260602,10.4,11.35,10.2,11.22,10.57,0.65,6.1495,1844539.81,2007524.97913,10.883608845124357
002586.SZ,20260602,4.33,4.33,4.26,4.28,4.34,-0.06,-1.3825,36223.0,15540.012,4.2900952433536705
002587.SZ,20260602,6.84,6.92,6.7,6.74,6.86,-0.12,-1.7493,192125.5,130467.8945,6.79076408389308
002588.SZ,20260602,9.31,9.34,9.11,9.16,9.28,-0.12,-1.2931,100715.14,92606.12894,9.194856795115411
002589.SZ,20260602,2.93,2.95,2.89,2.92,2.94,-0.02,-0.6803,225642.0,65656.317,2.9097560294625997
002590.SZ,20260602,11.56,11.66,11.29,11.54,11.56,-0.02,-0.173,82429.69,94483.7845,11.46234863918571
002591.SZ,20260602,7.89,7.95,7.64,7.74,7.92,-0.18,-2.2727,121352.0,93837.08,7.732635638473202
002592.SZ,20260602,7.2,7.21,7.03,7.13,7.2,-0.07,-0.9722,27345.0,19407.164,7.097152678734686
002593.SZ,20260602,4.85,4.88,4.71,4.74,4.85,-0.11,-2.268,147032.2,70012.5314,4.7617141959380325
002594.SZ,20260602,96.0,96.88,94.31,96.76,93.65,3.11,3.3209,554964.17,5321331.03806,95.88602878740802
002595.SZ,20260602,52.61,53.68,51.31,53.09,52.6,0.49,0.9316,55791.88,292780.62691,52.477282878798846
002596.SZ,20260602,3.77,3.77,3.64,3.68,3.76,-0.08,-2.1277,201012.12,73810.9878,3.671967033629614
002597.SZ,20260602,21.01,21.34,20.77,20.78,21.13,-0.35,-1.6564,50768.05,106360.05676,20.950195400453634
002598.SZ,20260602,7.58,7.64,7.42,7.44,7.6,-0.16,-2.1053,39690.0,29625.766,7.464289745527841
002599.SZ,20260602,6.47,6.55,6.28,6.39,6.44,-0.05,-0.7764,122354.0,77889.3479,6.365901229220131
002600.SZ,20260602,14.91,14.97,14.42,14.67,14.97,-0.3,-2.004,1485286.14,2183449.09225,14.700528291807801
002601.SZ,20260602,14.55,14.59,14.0,14.35,14.55,-0.2,-1.3746,191701.89,273283.42349,14.25564575758747
002602.SZ,20260602,15.33,15.35,14.77,14.98,15.21,-0.23,-1.5122,965373.54,1441143.38142,14.928349718597008
002603.SZ,20260602,15.97,16.05,15.77,15.77,15.96,-0.19,-1.1905,114041.0,180970.5192,15.868899711507265
002605.SZ,20260602,19.6,19.6,19.2,19.3,19.6,-0.3,-1.5306,58941.88,113924.5051,19.32827814450438
002606.SZ,20260602,16.9,17.0,16.1,16.61,17.62,-1.01,-5.7321,575112.48,948936.2203,16.50001092481944
002607.SZ,20260602,2.43,2.43,2.35,2.36,2.43,-0.07,-2.8807,1223154.21,290166.73677,2.3722825331239306
002608.SZ,20260602,10.09,10.82,9.72,10.42,10.12,0.3,2.9644,2204760.31,2258803.29016,10.245119525759241
002609.SZ,20260602,8.14,8.14,7.95,7.98,8.14,-0.16,-1.9656,72825.0,58249.207,7.998517953999313
002611.SZ,20260602,16.97,17.87,16.57,17.3,16.83,0.47,2.7926,600709.02,1034810.37119,17.226482984890087
002612.SZ,20260602,13.57,13.63,13.3,13.33,13.67,-0.34,-2.4872,42461.29,56879.49287,13.3956111248622
002613.SZ,20260602,4.83,4.87,4.67,4.78,4.87,-0.09,-1.848,1579487.9,752599.7504,4.764833908509208
002614.SZ,20260602,5.29,5.32,5.16,5.22,5.3,-0.08,-1.5094,71109.03,37035.27451,5.208237900306052
002615.SZ,20260602,7.92,7.92,7.46,7.57,7.88,-0.31,-3.934,114431.0,86932.518,7.596937717926087
002616.SZ,20260602,5.88,5.89,5.75,5.87,5.96,-0.09,-1.5101,197628.26,115300.46876,5.834209579136101
002617.SZ,20260602,9.17,9.27,8.88,9.09,9.21,-0.12,-1.3029,1562168.03,1419527.14522,9.08690434037368
002620.SZ,20260602,7.71,7.71,6.97,6.97,7.34,-0.37,-5.0409,303390.0,217711.41374,7.175958790335871
002622.SZ,20260602,2.66,2.68,2.57,2.59,2.63,-0.04,-1.5209,275563.34,71852.47772,2.6074759334822986
002623.SZ,20260602,18.92,19.01,18.12,18.5,19.0,-0.5,-2.6316,44815.0,82605.915,18.432648666741045
002624.SZ,20260602,13.85,13.95,13.13,13.32,13.95,-0.63,-4.5161,819343.07,1092249.75447,13.330798714999812
002625.SZ,20260602,38.58,38.85,37.58,38.33,38.41,-0.08,-0.2083,265952.85,1017704.52229,38.266351433722186
002626.SZ,20260602,15.34,15.34,15.04,15.08,15.32,-0.24,-1.5666,30518.4,46166.78489,15.127524670362797
002627.SZ,20260602,7.24,7.32,6.98,7.09,7.32,-0.23,-3.1421,211556.5,149690.8653,7.075692086983856
002628.SZ,20260602,5.09,5.12,4.93,5.03,5.09,-0.06,-1.1788,149642.82,74838.09354,5.00111489077792
002629.SZ,20260602,5.82,5.83,5.37,5.51,5.73,-0.22,-3.8394,366177.46,202945.373,5.542268303461386
002630.SZ,20260602,1.6,1.68,1.59,1.68,1.6,0.08,5.0,179762.2,29884.2564,1.6624327250111535
002631.SZ,20260602,7.01,7.06,6.88,6.97,7.01,-0.04,-0.5706,132383.0,92267.395,6.969731385449793
002632.SZ,20260602,10.37,10.6,10.29,10.38,10.35,0.03,0.2899,124231.46,129505.1591,10.424505926276646
002633.SZ,20260602,17.87,18.16,17.0,17.16,17.82,-0.66,-3.7037,28148.0,48590.185,17.262393420491687
002634.SZ,20260602,4.99,5.03,4.94,5.03,4.79,0.24,5.0104,61274.6,30668.3458,5.005066667101866
002635.SZ,20260602,16.98,17.9,16.82,17.42,17.0,0.42,2.4706,323667.73,566162.12673,17.492078272060056
002636.SZ,20260602,49.59,51.31,46.8,50.63,49.87,0.76,1.524,512994.57,2533650.34914,49.38941847162242
002637.SZ,20260602,12.31,12.98,12.16,12.74,11.94,0.8,6.7002,557572.37,701850.52453,12.587613057834988
002638.SZ,20260602,4.54,4.57,4.33,4.41,4.55,-0.14,-3.0769,413338.0,181698.7,4.3958866593441694
002639.SZ,20260602,16.26,16.38,15.1,15.73,16.25,-0.52,-3.2,655145.7,1023903.07133,15.628631483500541
002640.SZ,20260602,3.85,3.85,3.68,3.73,3.83,-0.1,-2.611,1071025.0,399292.74,3.7281365047501227
002641.SZ,20260602,4.25,4.28,4.17,4.22,4.27,-0.05,-1.171,176985.39,74769.1062,4.224591995983396
002642.SZ,20260602,8.72,8.78,8.25,8.26,8.66,-0.4,-4.6189,263651.29,221108.26536,8.386390423502196
002643.SZ,20260602,14.53,14.61,14.14,14.29,14.57,-0.28,-1.9218,200210.77,287310.30541,14.350392109775111
002644.SZ,20260602,7.83,7.89,7.7,7.75,7.84,-0.09,-1.148,41006.0,31911.016,7.782035799639077
002645.SZ,20260602,28.6,30.88,27.79,30.15,28.59,1.56,5.4565,351154.2,1028716.49852,29.295292453286905
002646.SZ,20260602,7.79,7.83,7.6,7.64,7.83,-0.19,-2.4266,62528.07,48141.5239,7.69918596559913
002647.SZ,20260602,13.0,13.19,12.37,12.91,12.8,0.11,0.8594,536008.31,680566.15472,12.696932902402203
002648.SZ,20260602,24.05,24.14,23.51,23.64,23.81,-0.17,-0.714,328949.61,780750.66162,23.734658375791966
002649.SZ,20260602,9.86,10.08,9.62,10.01,9.84,0.17,1.7276,142776.52,140438.26152,9.836229480869825
002650.SZ,20260602,7.56,7.68,7.42,7.61,7.56,0.05,0.6614,37065.5,28051.18939,7.5680051233626955
002651.SZ,20260602,8.42,8.45,8.18,8.24,8.4,-0.16,-1.9048,50896.0,41979.246,8.248044247092109
002652.SZ,20260602,5.58,5.58,5.15,5.24,5.5,-0.26,-4.7273,300332.4,157633.8602,5.248646506337645
002653.SZ,20260602,51.14,51.45,48.8,50.29,50.13,0.16,0.3192,66549.95,333530.99199,50.117391822232776
002654.SZ,20260602,15.14,15.28,14.5,14.88,15.15,-0.27,-1.7822,513529.99,764384.12006,14.884897375905933
002655.SZ,20260602,37.96,38.96,35.1,37.58,37.82,-0.24,-0.6346,404203.61,1496026.78579,37.01171263141366
002656.SZ,20260602,3.49,3.5,3.43,3.49,3.49,0.0,0.0,52982.2,18325.024,3.458713303713323
002657.SZ,20260602,19.54,19.59,18.38,18.62,19.36,-0.74,-3.8223,223056.6,417117.73717,18.700084963637032
002658.SZ,20260602,7.79,7.81,7.55,7.69,7.8,-0.11,-1.4103,75351.0,57721.767,7.660384998208385
002659.SZ,20260602,4.59,4.62,4.41,4.46,4.58,-0.12,-2.6201,110558.0,49383.833,4.466780603845945
002660.SZ,20260602,8.0,8.05,7.65,7.77,8.0,-0.23,-2.875,77583.0,60132.403,7.750718971939729
002661.SZ,20260602,8.16,8.23,7.92,7.99,8.21,-0.22,-2.6797,44371.95,35528.8242,8.007045937805303
002662.SZ,20260602,3.53,3.55,3.42,3.45,3.54,-0.09,-2.5424,164627.0,57076.217,3.467002192835926
002663.SZ,20260602,1.98,1.99,1.91,1.94,1.96,-0.02,-1.0204,357959.41,69161.72534,1.9321108317839728
002664.SZ,20260602,18.45,18.82,17.9,18.57,18.41,0.16,0.8691,82760.94,152363.26058,18.410044711913617
002666.SZ,20260602,4.66,4.67,4.49,4.52,4.67,-0.15,-3.212,92848.0,42185.508,4.543502067895916
002667.SZ,20260602,19.59,20.53,19.59,20.53,19.55,0.98,5.0128,116267.19,236525.16468,20.343242550198383
002668.SZ,20260602,9.59,9.72,9.58,9.59,9.55,0.04,0.4188,123797.0,119339.20448,9.639910860521661
002669.SZ,20260602,15.85,16.42,15.44,16.3,15.91,0.39,2.4513,531291.01,852904.47474,16.053433216195394
002670.SZ,20260602,11.53,11.55,11.32,11.38,11.54,-0.16,-1.3865,118323.0,134738.528,11.387348867084167
002671.SZ,20260602,4.52,4.55,4.33,4.36,4.51,-0.15,-3.3259,167794.0,73797.513,4.398102017950583
002672.SZ,20260602,3.95,3.96,3.79,3.84,3.93,-0.09,-2.2901,78932.0,30323.694,3.8417491004915623
002673.SZ,20260602,6.67,6.76,6.6,6.67,6.69,-0.02,-0.299,248349.97,165367.46675,6.658646536176348
002674.SZ,20260602,14.9,15.16,14.3,14.53,14.97,-0.44,-2.9392,70690.1,102445.8954,14.492254983371078
002675.SZ,20260602,12.69,12.84,12.6,12.73,12.78,-0.05,-0.3912,68317.38,86837.58446,12.710906720954462
002676.SZ,20260602,5.52,5.54,5.35,5.4,5.52,-0.12,-2.1739,119379.0,64487.642,5.40192512921033
002677.SZ,20260602,7.19,7.28,6.98,7.25,7.2,0.05,0.6944,80568.58,57076.82374,7.0842534074697605
002678.SZ,20260602,6.1,6.25,5.96,6.09,6.07,0.02,0.3295,149686.48,91111.2839,6.086807833279265
002679.SZ,20260602,9.71,9.71,9.29,9.35,9.69,-0.34,-3.5088,43332.02,40671.28868,9.385966470060708
002681.SZ,20260602,5.5,5.65,5.44,5.57,5.51,0.06,1.0889,374647.76,208238.04488,5.558235417716096
002682.SZ,20260602,5.27,5.31,5.05,5.15,5.29,-0.14,-2.6465,153275.0,78651.37,5.131389332898385
002683.SZ,20260602,31.83,31.96,30.77,31.7,31.71,-0.01,-0.0315,94784.46,296999.85349,31.334234904118247
002685.SZ,20260602,7.76,7.82,7.44,7.68,7.8,-0.12,-1.5385,376946.83,287510.17626,7.627340340280881
002686.SZ,20260602,6.51,6.52,6.2,6.32,6.5,-0.18,-2.7692,104579.5,65838.545,6.295549797044354
002687.SZ,20260602,4.53,4.66,4.39,4.42,4.53,-0.11,-2.4283,128510.66,57575.80788,4.480235949297903
002688.SZ,20260602,5.53,5.55,5.28,5.31,5.5,-0.19,-3.4545,187051.52,100241.28028,5.35901981871091
002689.SZ,20260602,3.28,3.32,3.22,3.24,3.3,-0.06,-1.8182,99825.3,32443.4672,3.250024512823903
002690.SZ,20260602,15.5,15.73,15.44,15.48,15.57,-0.09,-0.578,45855.9,71324.1365,15.553971571815184
002691.SZ,20260602,5.5,5.63,5.38,5.59,5.52,0.07,1.2681,91629.38,50436.20176,5.5043700786800045
002692.SZ,20260602,4.73,4.74,4.54,4.63,4.69,-0.06,-1.2793,115119.0,53158.59,4.617707763271049
002693.SZ,20260602,9.68,9.83,9.39,9.41,9.82,-0.41,-4.1752,198972.01,189810.64349,9.539565061940118
002694.SZ,20260602,2.61,2.65,2.51,2.54,2.54,0.0,0.0,98146.71,25282.73534,2.5760145541302397
002695.SZ,20260602,11.46,11.75,11.2,11.56,11.46,0.1,0.8726,92545.73,106436.47371,11.500959980541513
002696.SZ,20260602,6.12,6.17,5.83,5.86,6.13,-0.27,-4.4046,90352.5,53517.0945,5.923144849340085
002697.SZ,20260602,4.93,5.02,4.82,4.85,4.97,-0.12,-2.4145,322369.92,157910.3022,4.898419250778733
002698.SZ,20260602,12.61,12.72,12.45,12.54,12.62,-0.08,-0.6339,64852.09,81367.96327,12.546698690820913
002700.SZ,20260602,7.87,8.29,7.46,7.94,7.67,0.27,3.5202,497631.61,389742.70747,7.831952384817356
002701.SZ,20260602,5.08,5.11,5.04,5.04,5.09,-0.05,-0.9823,189548.4,96149.2,5.072540839173531
002702.SZ,20260602,5.66,5.69,5.39,5.43,5.69,-0.26,-4.5694,238676.0,130687.931,5.475537171730714
002703.SZ,20260602,18.81,18.87,17.71,18.0,18.85,-0.85,-4.5093,431089.35,778485.2283,18.058558586520405
002705.SZ,20260602,12.9,12.97,12.66,12.69,12.89,-0.2,-1.5516,77284.4,98412.75978,12.733845353007851
002706.SZ,20260602,14.38,14.53,13.08,13.67,14.53,-0.86,-5.9188,988241.38,1351191.33672,13.672685277760783
002707.SZ,20260602,5.81,5.82,5.62,5.67,5.83,-0.16,-2.7444,176390.84,100368.81148,5.690137394889668
002708.SZ,20260602,13.72,13.8,13.27,13.39,13.6,-0.21,-1.5441,161255.0,217366.058,13.479647638832903
002709.SZ,20260602,52.99,53.28,50.84,52.11,51.73,0.38,0.7346,669399.49,3474129.12429,51.89918988868666
002712.SZ,20260602,5.4,5.41,5.07,5.11,5.38,-0.27,-5.0186,215210.1,111038.48,5.159538516082655
002713.SZ,20260602,11.92,12.32,11.66,12.32,11.73,0.59,5.0298,167538.24,203638.39269,12.154741072247148
002714.SZ,20260602,37.82,37.94,36.6,36.76,37.82,-1.06,-2.8027,543703.31,2005555.19465,36.886941053384426
002715.SZ,20260602,16.0,16.2,15.53,15.9,16.06,-0.16,-0.9963,40599.0,64055.30997,15.777558553166335
002716.SZ,20260602,9.36,9.62,9.12,9.59,9.39,0.2,2.1299,1043753.51,982189.46631,9.410166834409017
002717.SZ,20260602,0.94,0.96,0.94,0.96,0.91,0.05,5.4945,375823.15,35834.7724,0.9535009325529841
002718.SZ,20260602,91.5,95.99,88.88,93.96,92.35,1.61,1.7434,25942.25,240639.9145,92.75984716052001
002719.SZ,20260602,7.81,7.9,7.64,7.75,7.85,-0.1,-1.2739,78713.0,60843.339,7.729770050690483
002721.SZ,20260602,2.74,2.74,2.65,2.69,2.75,-0.06,-2.1818,289755.0,77858.886,2.6870592742144224
002722.SZ,20260602,14.05,14.12,13.58,13.67,14.04,-0.37,-2.6353,39692.0,54421.671,13.710992391413887
002723.SZ,20260602,8.93,9.13,8.61,9.02,8.92,0.1,1.1211,149535.0,132908.964,8.88815086768984
002724.SZ,20260602,5.65,5.68,5.44,5.54,5.64,-0.1,-1.773,81257.6,44800.5348,5.51339626078053
002725.SZ,20260602,14.72,14.94,14.16,14.68,14.75,-0.07,-0.4746,108588.0,157855.807,14.537131819353888
002726.SZ,20260602,1.75,1.8,1.69,1.77,1.76,0.01,0.5682,538824.96,94852.85145,1.760364840002958
002727.SZ,20260602,11.88,11.95,11.69,11.7,11.92,-0.22,-1.8456,61949.21,73090.5627,11.798465662435405
002728.SZ,20260602,8.85,8.91,8.72,8.76,8.9,-0.14,-1.573,77102.64,67687.75528,8.778915388630013
002729.SZ,20260602,20.0,20.0,18.0,18.91,19.57,-0.66,-3.3725,96918.38,182057.73284,18.78464465047806
002730.SZ,20260602,29.55,29.72,28.28,29.4,29.59,-0.19,-0.6421,95828.4,278125.2528,29.023259576492983
002732.SZ,20260602,14.96,15.05,14.45,14.56,14.97,-0.41,-2.7388,19029.08,27883.91392,14.653316881320588
002733.SZ,20260602,30.6,31.04,28.9,30.05,30.08,-0.03,-0.0997,269061.47,805071.50178,29.921471170881514
002734.SZ,20260602,16.5,16.77,16.33,16.69,16.5,0.19,1.1515,94057.81,156060.47946,16.591974601577476
002735.SZ,20260602,14.4,14.9,13.92,14.71,14.46,0.25,1.7289,270236.84,393627.49127,14.566018876996932
002736.SZ,20260602,10.14,10.2,10.06,10.17,10.15,0.02,0.197,235885.74,239147.65416,10.138283652076638
002737.SZ,20260602,12.98,13.09,12.86,12.96,13.01,-0.05,-0.3843,45511.0,59116.358,12.989465843422469
002738.SZ,20260602,61.5,61.51,58.33,60.0,60.83,-0.83,-1.3645,248828.84,1481989.41015,59.558586944744825
002739.SZ,20260602,9.33,9.38,9.11,9.15,9.39,-0.24,-2.5559,317901.5,292215.58219,9.1920164639047
002741.SZ,20260602,27.25,27.94,26.25,27.15,27.35,-0.2,-0.7313,384181.15,1040368.26285,27.080148592662603
002742.SZ,20260602,4.35,4.35,4.18,4.24,4.3,-0.06,-1.3953,58372.42,24657.58998,4.2241849798243765
002743.SZ,20260602,4.96,4.96,4.73,4.75,4.94,-0.19,-3.8462,79553.0,38142.048,4.794545523110379
002745.SZ,20260602,10.04,10.48,10.01,10.26,10.05,0.21,2.0896,627013.27,645163.80724,10.289476126079435
002746.SZ,20260602,6.12,6.17,5.9,5.94,6.17,-0.23,-3.7277,166134.88,99508.38042,5.989614006402508
002747.SZ,20260602,27.26,28.17,26.92,26.96,26.77,0.19,0.7097,476597.44,1305929.68012,27.401105640013505
002748.SZ,20260602,11.45,11.45,10.95,11.0,11.46,-0.46,-4.014,45930.0,50910.584,11.084385804485086
002749.SZ,20260602,9.42,9.45,9.31,9.42,9.43,-0.01,-0.106,15918.2,14911.08571,9.367318987071402
002752.SZ,20260602,6.81,6.88,6.62,6.64,6.82,-0.18,-2.6393,124344.7,82940.4731,6.670205734542768
002753.SZ,20260602,6.67,6.68,6.52,6.62,6.67,-0.05,-0.7496,52970.0,34901.6697,6.588950292618463
002755.SZ,20260602,14.29,14.33,13.68,13.68,14.33,-0.65,-4.5359,147421.78,204285.6334,13.857222006137764
002756.SZ,20260602,61.8,61.86,59.26,60.69,61.8,-1.11,-1.7961,112946.06,682349.64438,60.413762496894535
002757.SZ,20260602,23.96,24.17,22.68,23.69,23.78,-0.09,-0.3785,141810.02,332988.90444,23.481338232658032
002758.SZ,20260602,8.63,8.63,8.41,8.46,8.64,-0.18,-2.0833,52707.0,44723.236,8.485255468913046
002759.SZ,20260602,28.35,28.58,26.8,27.57,28.34,-0.77,-2.717,310045.99,849270.18861,27.391748837325714
002760.SZ,20260602,19.95,19.95,19.26,19.89,19.73,0.16,0.8109,63233.0,124128.309,19.630305220375437
002761.SZ,20260602,8.04,8.07,7.85,7.9,8.03,-0.13,-1.6189,88052.68,69870.51524,7.935081049208269
002762.SZ,20260602,9.18,9.18,8.9,9.0,9.23,-0.23,-2.4919,40058.4,35969.25744,8.979204721107184
002763.SZ,20260602,8.28,8.36,7.92,8.18,8.29,-0.11,-1.3269,134321.0,109274.44,8.135320612562444
002765.SZ,20260602,8.38,8.39,8.21,8.29,8.3,-0.01,-0.1205,86759.0,72080.583,8.308138982699202
002766.SZ,20260602,5.01,5.1,4.8,4.84,5.07,-0.23,-4.5365,463703.84,226915.80212,4.893550204803135
002767.SZ,20260602,17.91,17.92,17.13,17.32,17.79,-0.47,-2.6419,21297.0,36880.559,17.31725548199277
002768.SZ,20260602,63.0,65.99,61.2,65.41,63.49,1.92,3.0241,62019.37,395213.81794,63.72425549308224
002769.SZ,20260602,8.14,8.16,7.75,7.84,8.11,-0.27,-3.3292,87397.98,68731.86448,7.864239480134438
002771.SZ,20260602,17.29,17.7,16.96,17.13,17.78,-0.65,-3.6558,252734.5,435360.7945,17.226013642775325
002772.SZ,20260602,13.68,13.76,13.04,13.11,13.66,-0.55,-4.0264,103323.56,136499.68516,13.21089644607677
002773.SZ,20260602,21.25,21.65,20.98,21.33,21.25,0.08,0.3765,94827.67,201998.85842,21.301678974080037
002774.SZ,20260602,12.11,12.18,11.53,11.84,12.08,-0.24,-1.9868,41531.0,48821.17,11.75535623991717
002775.SZ,20260602,4.0,4.02,3.86,3.98,3.98,0.0,0.0,161999.16,63920.07412,3.94570404686049
002777.SZ,20260602,14.59,14.6,14.2,14.24,14.52,-0.28,-1.9284,50639.42,72449.9883,14.307033591616968
002778.SZ,20260602,19.4,19.4,18.78,19.16,19.36,-0.2,-1.0331,30602.57,58261.04294,19.037957576765614
002779.SZ,20260602,69.42,71.0,67.58,68.4,69.42,-1.02,-1.4693,27731.33,191131.76464,68.9226822658704
002780.SZ,20260602,14.51,14.58,13.75,13.9,14.55,-0.65,-4.4674,58667.85,82061.12485,13.98740960338584
002782.SZ,20260602,26.67,27.18,25.7,26.37,26.99,-0.62,-2.2971,179583.08,472299.3745,26.29977025118402
002783.SZ,20260602,8.32,8.58,8.21,8.54,8.24,0.3,3.6408,212438.8,178967.17234,8.424410811019456
002785.SZ,20260602,43.58,44.31,41.49,43.55,43.58,-0.03,-0.0688,66156.74,284349.55334,42.9811918392593
002786.SZ,20260602,8.38,8.4,8.06,8.15,8.4,-0.25,-2.9762,206346.75,168324.39275,8.15735613718171
002787.SZ,20260602,24.67,25.25,23.75,25.14,24.77,0.37,1.4937,167070.35,411922.07415,24.655606105451984
002788.SZ,20260602,12.05,12.06,11.65,11.86,12.12,-0.26,-2.1452,141923.7,167530.25855,11.804248236904758
002789.SZ,20260602,13.53,13.98,12.97,13.78,13.4,0.38,2.8358,51817.1,69885.8659,13.48702762215562
002790.SZ,20260602,6.56,6.6,6.3,6.34,6.56,-0.22,-3.3537,52446.0,33499.908,6.3875048621439205
002791.SZ,20260602,15.98,16.1,15.47,15.55,16.06,-0.51,-3.1756,43027.0,67441.2837,15.674177539684385
002792.SZ,20260602,39.2,39.7,37.56,39.19,39.19,0.0,0.0,264429.76,1022617.90914,38.672572600754165
002793.SZ,20260602,4.35,4.37,4.17,4.19,4.36,-0.17,-3.8991,192168.8,81014.5367,4.215800728318021
002795.SZ,20260602,8.9,8.9,7.65,7.98,8.4,-0.42,-5.0,495175.52,398751.72496,8.052735017272258
002796.SZ,20260602,46.07,47.18,45.26,46.0,45.75,0.25,0.5464,102994.82,477959.80035,46.40619793791571
002797.SZ,20260602,7.0,7.03,6.9,6.93,7.04,-0.11,-1.5625,919739.92,638470.7106,6.941861462314259
002798.SZ,20260602,6.42,6.63,6.33,6.55,6.5,0.05,0.7692,241219.59,156196.99591,6.4753031007970785
002799.SZ,20260602,7.7,7.77,7.37,7.46,7.75,-0.29,-3.7419,54769.0,40999.971,7.485981303292007
002800.SZ,20260602,17.48,17.51,16.7,16.87,17.48,-0.61,-3.4897,33434.36,57052.6462,17.06407605828256
002801.SZ,20260602,31.1,31.6,30.61,31.18,31.12,0.06,0.1928,19052.23,59285.43087,31.1173184818785
002802.SZ,20260602,13.38,13.38,12.74,12.83,13.16,-0.33,-2.5076,33971.69,43934.63989,12.932721301177539
002803.SZ,20260602,22.12,22.47,21.09,22.3,22.3,0.0,0.0,130362.56,285687.21488,21.914820856540405
002805.SZ,20260602,21.11,21.88,20.3,21.0,21.42,-0.42,-1.9608,149289.86,310548.59937,20.801720851637214
002806.SZ,20260602,17.68,20.33,17.49,20.33,18.48,1.85,10.0108,729993.19,1380739.44509,18.91441542201236
002807.SZ,20260602,4.08,4.15,4.05,4.07,4.09,-0.02,-0.489,371163.28,152021.24558,4.095805101733124
002809.SZ,20260602,9.18,9.28,8.83,8.92,9.19,-0.27,-2.938,70747.02,63264.58804,8.942367896202553
002810.SZ,20260602,23.67,23.68,23.0,23.13,23.64,-0.51,-2.1574,58407.58,135618.229,23.219285750239948
002811.SZ,20260602,12.11,12.19,11.69,11.76,12.07,-0.31,-2.5684,43992.5,52010.034,11.822477467750186
002812.SZ,20260602,69.17,69.62,66.48,67.66,69.04,-1.38,-1.9988,246195.68,1659532.31837,67.40704460655037
002813.SZ,20260602,22.88,22.93,22.1,22.5,22.86,-0.36,-1.5748,12251.0,27432.517,22.392063505019998
002815.SZ,20260602,16.41,17.14,16.34,16.49,16.58,-0.09,-0.5428,795312.21,1326155.51857,16.67465307203067
002816.SZ,20260602,24.8,25.35,24.57,25.04,24.81,0.23,0.927,19271.0,48156.00301,24.988844901665715
002817.SZ,20260602,7.16,7.18,6.83,6.88,7.17,-0.29,-4.0446,66523.88,46152.79293,6.937778273005122
002818.SZ,20260602,11.42,11.55,11.33,11.48,11.42,0.06,0.5254,49599.0,56744.168,11.44058710861106
002819.SZ,20260602,23.98,23.99,22.93,23.32,23.76,-0.44,-1.8519,22921.0,53340.633,23.27151215042974
002820.SZ,20260602,10.46,10.57,9.96,9.97,10.46,-0.49,-4.6845,67387.44,68279.95928,10.13244593948071
002821.SZ,20260602,115.5,115.88,111.7,113.91,115.39,-1.48,-1.2826,48052.98,545801.19415,113.58321464142286
002822.SZ,20260602,2.99,2.99,2.95,2.99,3.0,-0.01,-0.3333,72595.0,21527.076,2.965366209794063
002823.SZ,20260602,18.0,19.0,17.72,18.99,18.03,0.96,5.3245,349594.16,645119.97574,18.453396811319735
002824.SZ,20260602,25.83,25.86,24.5,24.9,25.57,-0.67,-2.6203,172566.94,433010.02511,25.092293176781133
002825.SZ,20260602,10.5,10.5,10.03,10.13,10.35,-0.22,-2.1256,43325.9,43875.30286,10.126807027667056
002826.SZ,20260602,17.85,17.85,16.53,16.85,17.78,-0.93,-5.2306,69581.0,117750.178,16.922748738879868
002827.SZ,20260602,28.46,28.56,27.29,27.89,28.45,-0.56,-1.9684,33412.62,92739.88662,27.755945693573267
002828.SZ,20260602,9.94,10.0,9.53,9.58,9.87,-0.29,-2.9382,82759.1,79822.3501,9.64514477561984
002829.SZ,20260602,23.9,24.4,23.22,23.29,23.86,-0.57,-2.3889,93734.4,222272.7752,23.713041871500753
002830.SZ,20260602,23.65,24.0,22.46,22.55,23.38,-0.83,-3.55,65846.0,150147.01959,22.80275485071227
002831.SZ,20260602,39.3,41.78,39.11,41.01,39.3,1.71,4.3511,140533.58,573664.34943,40.82044657440591
002832.SZ,20260602,20.39,20.95,20.04,20.32,20.35,-0.03,-0.1474,89993.16,183200.07539,20.357111072663745
002833.SZ,20260602,18.71,18.76,17.65,18.11,18.71,-0.6,-3.2068,125230.02,226667.94114,18.10012815936626
002835.SZ,20260602,13.92,13.96,13.35,13.45,13.88,-0.43,-3.098,33061.0,44623.749,13.497398445298085
002836.SZ,20260602,11.28,11.54,11.06,11.1,11.35,-0.25,-2.2026,31635.4,35549.884,11.237374586697179
002837.SZ,20260602,66.3,68.0,64.4,67.49,66.06,1.43,2.1647,514808.91,3423665.5882,66.50361953137137
002838.SZ,20260602,32.82,33.87,32.2,33.35,33.4,-0.05,-0.1497,55456.8,183635.31854,33.11321939599833
002839.SZ,20260602,4.34,4.38,4.31,4.32,4.34,-0.02,-0.4608,222143.8,96514.4768,4.344684695228947
002840.SZ,20260602,8.82,8.87,8.42,8.61,8.84,-0.23,-2.6018,234316.66,201141.01227,8.58415326806041
002841.SZ,20260602,37.01,37.25,36.35,36.58,37.13,-0.55,-1.4813,42091.62,154504.02434,36.706599636697284
002842.SZ,20260602,31.8,32.68,30.5,32.41,32.1,0.31,0.9657,344982.66,1094008.1402,31.711974746788727
002843.SZ,20260602,22.5,22.86,21.89,22.55,22.66,-0.11,-0.4854,106959.47,240587.7623,22.493357745695633
002845.SZ,20260602,15.46,15.78,15.2,15.36,15.53,-0.17,-1.0947,164829.8,255801.2068,15.519111641220217
002846.SZ,20260602,12.29,12.37,11.87,12.22,12.29,-0.07,-0.5696,71665.21,86950.45441,12.132868153180603
002847.SZ,20260602,61.01,61.5,59.01,59.64,61.04,-1.4,-2.2936,49041.66,294062.51929,59.96177928928181
002848.SZ,20260602,17.59,17.7,15.36,16.0,16.96,-0.96,-5.6604,137615.0,226782.186,16.47946706391018
002849.SZ,20260602,16.79,16.97,15.82,16.15,16.88,-0.73,-4.3246,73554.0,118693.05,16.13685863447263
002850.SZ,20260602,175.63,177.18,170.0,173.87,174.0,-0.13,-0.0747,39176.27,678779.13993,173.26282975127543
002851.SZ,20260602,140.0,147.95,140.0,147.95,134.5,13.45,10.0,336118.16,4910421.19579,146.09211224380144
002852.SZ,20260602,8.3,8.31,7.99,8.05,8.29,-0.24,-2.8951,42916.47,34687.90301,8.082655216051087
002853.SZ,20260602,24.75,24.88,24.15,24.49,24.72,-0.23,-0.9304,14312.0,34935.031,24.40960802124092
002855.SZ,20260602,11.8,11.91,11.36,11.66,11.8,-0.14,-1.1864,57602.0,66844.649,11.604570848234436
002856.SZ,20260602,24.54,24.54,23.65,24.54,23.37,1.17,5.0064,51980.0,127353.0098,24.500386648711043
002857.SZ,20260602,20.2,20.73,18.9,19.38,19.88,-0.5,-2.5151,52696.0,102989.988,19.544175649005616
002858.SZ,20260602,13.6,13.65,12.63,13.03,13.55,-0.52,-3.8376,76871.0,99629.282,12.960580973318939
002859.SZ,20260602,72.62,82.28,70.1,80.4,75.05,5.35,7.1286,325992.04,2528752.35501,77.57098470901315
002860.SZ,20260602,13.05,13.1,12.71,12.97,13.03,-0.06,-0.4605,72128.0,93092.3392,12.906546583850933
002861.SZ,20260602,18.25,18.65,17.84,18.06,18.25,-0.19,-1.0411,45584.9,82289.6379,18.051950953056824
002862.SZ,20260602,17.34,17.81,16.43,16.68,17.56,-0.88,-5.0114,104550.8,176466.71734,16.87856212864942
002863.SZ,20260602,5.17,5.22,5.02,5.07,5.17,-0.1,-1.9342,111151.14,56533.03185,5.086140533511397
002864.SZ,20260602,29.32,29.79,28.96,29.05,29.33,-0.28,-0.9547,12396.4,36198.7186,29.20099270756026
002865.SZ,20260602,75.09,76.23,70.98,72.52,75.07,-2.55,-3.3968,111109.9,807667.11544,72.69083271967665
002866.SZ,20260602,20.9,21.9,20.26,21.9,20.58,1.32,6.414,248438.62,528790.3082,21.284545381873397
002867.SZ,20260602,12.54,12.58,12.23,12.3,12.54,-0.24,-1.9139,80881.5,100011.53077,12.365192382683308
002868.SZ,20260602,29.7,30.13,28.51,28.9,29.41,-0.51,-1.7341,26468.52,77752.00796,29.375275973118256
002869.SZ,20260602,17.98,18.23,17.64,17.88,18.06,-0.18,-0.9967,26271.0,47006.723,17.893008640706483
002870.SZ,20260602,40.54,41.25,38.42,40.65,40.21,0.44,1.0943,54353.7,217351.4656,39.98834772977737
002871.SZ,20260602,21.96,22.87,21.5,22.81,22.13,0.68,3.0728,140868.73,313979.27096,22.2887841013403
002872.SZ,20260602,5.47,5.56,5.45,5.46,5.5,-0.04,-0.7273,23310.0,12813.463,5.496981123981124
002873.SZ,20260602,8.86,8.91,8.5,8.55,8.86,-0.31,-3.4989,73350.26,63419.21828,8.64607954763896
002875.SZ,20260602,20.45,20.45,19.52,19.83,20.45,-0.62,-3.0318,58035.63,115369.07601,19.879008121390257
002876.SZ,20260602,27.72,30.4,27.72,30.4,27.64,2.76,9.9855,84598.1,249479.31912,29.48994352355431
002877.SZ,20260602,8.26,8.32,7.93,8.06,8.25,-0.19,-2.303,81546.0,65559.279,8.039545655213008
002878.SZ,20260602,16.31,16.49,14.93,14.93,16.59,-1.66,-10.006,216890.0,330828.47362,15.253283859099083
002879.SZ,20260602,16.26,16.29,15.5,15.79,16.14,-0.35,-2.1685,43803.2,69029.5492,15.759019706322825
002880.SZ,20260602,25.27,25.69,24.95,24.99,25.29,-0.3,-1.1862,8044.21,20307.70641,25.245122156184383
002881.SZ,20260602,45.3,46.52,45.03,45.58,46.0,-0.42,-0.913,112878.36,516126.69161,45.72414868624952
002882.SZ,20260602,22.94,22.97,22.1,22.3,22.95,-0.65,-2.8322,29599.97,66167.40128,22.35387443973761
002883.SZ,20260602,10.0,10.02,9.67,9.71,9.84,-0.13,-1.3211,27787.2,27228.91,9.799083750791732
002884.SZ,20260602,16.7,16.84,16.65,16.83,16.75,0.08,0.4776,16011.79,26849.3465,16.768485284905683
002885.SZ,20260602,43.55,43.66,41.3,41.7,43.38,-1.68,-3.8728,253513.28,1066688.37201,42.07623253543168
002886.SZ,20260602,30.1,30.33,28.29,29.08,29.53,-0.45,-1.5239,239367.92,699497.05392,29.22267336074107
002887.SZ,20260602,13.65,13.7,12.98,13.49,13.66,-0.17,-1.2445,34873.3,46276.9447,13.270021678476082
002888.SZ,20260602,18.85,19.61,18.2,19.33,18.61,0.72,3.8689,65832.0,124406.655,18.897596153846155
002889.SZ,20260602,12.01,12.04,11.75,11.83,12.0,-0.17,-1.4167,15019.32,17819.30592,11.86425611811986
002890.SZ,20260602,15.63,15.74,15.03,15.31,15.63,-0.32,-2.0473,23635.85,36051.35195,15.252826511422267
002891.SZ,20260602,30.83,30.88,29.9,30.1,30.99,-0.89,-2.8719,82455.02,249033.642,30.20236269423014
002892.SZ,20260602,10.59,10.74,10.3,10.4,10.56,-0.16,-1.5152,112122.35,117403.563,10.47102232516532
002893.SZ,20260602,12.2,12.56,12.04,12.07,12.73,-0.66,-5.1846,266768.31,326412.90808,12.235820217176471
002895.SZ,20260602,35.91,35.97,34.48,34.8,35.65,-0.85,-2.3843,119264.8,415825.01257,34.86569487141219
002896.SZ,20260602,80.11,81.7,79.16,81.7,74.27,7.43,10.004,166998.07,1357183.05426,81.26938558391721
002897.SZ,20260602,82.4,88.2,82.28,88.2,80.18,8.02,10.0025,74528.37,644002.63527,86.41040120292446
002899.SZ,20260602,27.0,27.39,25.55,25.99,27.2,-1.21,-4.4485,43131.38,113451.08691,26.3036070049231
002900.SZ,20260602,10.6,10.66,10.25,10.48,10.57,-0.09,-0.8515,38837.0,40452.372,10.415936349357573
002901.SZ,20260602,40.8,41.2,40.5,40.78,40.83,-0.05,-0.1225,15566.0,63640.148,40.88407297957086
002902.SZ,20260602,31.72,32.6,30.48,32.05,31.62,0.43,1.3599,190986.7,605668.47711,31.712599731290187
002903.SZ,20260602,39.2,43.29,37.44,43.29,39.35,3.94,10.0127,92938.33,375002.72046,40.349629744799586
002905.SZ,20260602,8.53,8.59,8.05,8.11,8.57,-0.46,-5.3676,80361.2,65682.2832,8.173382577661858
002906.SZ,20260602,29.35,29.92,28.73,29.47,29.25,0.22,0.7521,82099.27,241447.95846,29.409269833946148
002907.SZ,20260602,12.54,12.54,12.38,12.42,12.52,-0.1,-0.7987,17927.0,22335.187,12.45896524795002
002908.SZ,20260602,7.77,7.8,7.55,7.61,7.75,-0.14,-1.8065,47685.2,36305.9958,7.613682190700678
002909.SZ,20260602,6.01,6.01,5.63,5.72,5.97,-0.25,-4.1876,109573.0,62860.328,5.736844660637201
002910.SZ,20260602,10.3,10.36,9.71,9.8,10.3,-0.5,-4.8544,62472.0,61707.044,9.877552183378153
002911.SZ,20260602,11.65,11.65,11.28,11.29,11.57,-0.28,-2.4201,57841.35,65927.8436,11.398047175593238
002912.SZ,20260602,21.86,21.96,20.97,21.1,21.84,-0.74,-3.3883,25154.94,53522.95508,21.277313752288816
002913.SZ,20260602,55.08,57.0,53.72,55.45,55.45,0.0,0.0,116758.45,650342.26101,55.69980254191453
002915.SZ,20260602,19.23,19.36,18.56,19.02,19.24,-0.22,-1.1435,80666.58,152387.14795,18.890989050236172
002916.SZ,20260602,386.08,404.0,369.0,398.8,380.0,18.8,4.9474,144410.42,5633105.13792,390.0760857782976
002917.SZ,20260602,13.68,13.88,13.49,13.59,13.66,-0.07,-0.5124,69299.4,94583.8414,13.648580132006918
002918.SZ,20260602,12.78,13.25,12.35,12.45,12.93,-0.48,-3.7123,295379.99,373578.66134,12.64739230778632
002919.SZ,20260602,21.91,21.96,20.98,21.35,21.96,-0.61,-2.7778,84660.0,181419.28497,21.429161938341604
002920.SZ,20260602,101.9,101.99,98.06,99.99,100.9,-0.91,-0.9019,98921.53,985942.18628,99.66912018849689
002921.SZ,20260602,26.26,26.48,25.0,25.89,26.1,-0.21,-0.8046,45820.3,117189.7504,25.57594568346344
002922.SZ,20260602,41.2,41.55,39.0,40.2,41.52,-1.32,-3.1792,253098.94,1015552.71049,40.12473187323502
002923.SZ,20260602,11.12,11.12,10.63,10.65,11.03,-0.38,-3.4451,57478.9,61836.2783,10.758083105278633
002925.SZ,20260602,21.38,22.08,20.68,22.06,20.97,1.09,5.1979,348736.41,752129.66319,21.56728238356299
002926.SZ,20260602,8.17,8.22,8.12,8.15,8.19,-0.04,-0.4884,134740.72,110008.91952,8.164489511411249
002927.SZ,20260602,22.86,24.63,22.58,22.74,23.44,-0.7,-2.9863,274034.59,633439.76896,23.115321644614276
002928.SZ,20260602,7.66,7.66,7.42,7.61,7.71,-0.1,-1.297,527833.5,396427.47725,7.510464516746285
002929.SZ,20260602,70.5,72.22,68.26,69.3,70.5,-1.2,-1.7021,193099.94,1340853.12616,69.4382984355148
002930.SZ,20260602,11.28,11.38,10.3,10.45,11.32,-0.87,-7.6855,244722.41,258838.77056,10.576831543952188
002931.SZ,20260602,54.0,54.06,51.0,52.45,52.23,0.22,0.4212,100825.65,529042.81933,52.47105467011618
002932.SZ,20260602,16.08,16.08,15.92,15.97,16.09,-0.12,-0.7458,18499.51,29564.01815,15.980973631193475
002933.SZ,20260602,30.46,30.92,29.52,29.54,30.16,-0.62,-2.0557,38529.0,115561.983,29.993506968776764
002935.SZ,20260602,19.0,19.33,18.36,19.13,18.98,0.15,0.7903,61892.36,116625.95736,18.843352775689922
002936.SZ,20260602,1.81,1.82,1.79,1.8,1.8,0.0,0.0,752397.88,135832.71594,1.805330923314138
002937.SZ,20260602,32.5,35.1,32.5,34.93,32.65,2.28,6.9832,144845.09,495344.65749,34.19823602512174
002938.SZ,20260602,103.0,113.67,100.13,111.89,103.34,8.55,8.2737,723450.71,7861521.93316,108.66700142100903
002939.SZ,20260602,8.37,8.42,8.28,8.33,8.42,-0.09,-1.0689,216387.85,180368.46831,8.335424946918229
002940.SZ,20260602,34.96,34.98,32.61,33.18,34.37,-1.19,-3.4623,127959.1,427068.84909,33.37541832429268
002941.SZ,20260602,12.41,12.46,12.07,12.09,12.4,-0.31,-2.5,80063.66,97407.8151,12.166295557809875
002942.SZ,20260602,17.73,17.77,17.11,17.2,17.74,-0.54,-3.044,20595.0,35737.4734,17.35249983005584
002943.SZ,20260602,71.46,77.22,70.8,76.28,74.5,1.78,2.3893,143398.05,1063693.22649,74.17766325901921
002945.SZ,20260602,14.57,14.59,14.24,14.37,14.53,-0.16,-1.1012,88648.66,127154.04971,14.343595234265244
002946.SZ,20260602,18.55,18.71,17.7,18.03,18.67,-0.64,-3.428,76860.84,138759.4712,18.053337850588154
002947.SZ,20260602,88.0,91.18,85.21,90.35,87.85,2.5,2.8458,123294.41,1098185.85042,89.07020605557057
002948.SZ,20260602,5.63,5.73,5.59,5.61,5.67,-0.06,-1.0582,409921.7,231522.6351,5.647972163952286
002949.SZ,20260602,12.86,12.86,12.19,12.3,12.86,-0.56,-4.3546,37903.0,46856.496,12.362213017439252
002950.SZ,20260602,10.01,10.01,9.6,9.65,9.98,-0.33,-3.3066,93337.06,90724.73838,9.72011957308276
002951.SZ,20260602,19.21,21.34,18.01,21.34,19.4,1.94,10.0,367007.19,727747.33532,19.82923918520506
002952.SZ,20260602,25.84,25.9,24.67,25.45,25.78,-0.33,-1.2801,71819.4,182007.65555,25.342408255986545
002953.SZ,20260602,10.64,10.69,10.24,10.39,10.64,-0.25,-2.3496,52815.61,54743.42898,10.365009318267838
002955.SZ,20260602,25.56,26.13,25.12,25.15,25.36,-0.21,-0.8281,86839.42,221996.75361,25.564053008414845
002956.SZ,20260602,22.23,22.44,21.3,21.88,22.32,-0.44,-1.9713,48510.04,105462.24204,21.74029170868546
002957.SZ,20260602,60.38,66.69,60.02,66.69,60.63,6.06,9.9951,309331.72,2003440.83698,64.76674415995876
002958.SZ,20260602,2.92,2.95,2.91,2.93,2.93,0.0,0.0,414767.16,121517.93172,2.9297867198550627
002959.SZ,20260602,37.54,37.88,37.35,37.45,37.81,-0.36,-0.9521,5927.7,22244.8563,37.52696037248849
002960.SZ,20260602,8.25,8.29,8.02,8.1,8.29,-0.19,-2.2919,134784.4,109241.87338,8.104934501322113
002961.SZ,20260602,21.63,21.83,20.93,21.13,21.7,-0.57,-2.6267,77341.57,163998.53618,21.20444880806014
002962.SZ,20260602,18.51,20.9,18.36,20.9,19.0,1.9,10.0,291184.96,595418.03632,20.448104061418555
002963.SZ,20260602,16.78,16.94,16.2,16.59,16.96,-0.37,-2.1816,32875.0,54376.305,16.54032091254753
002965.SZ,20260602,32.33,32.6,31.35,32.27,32.2,0.07,0.2174,54306.99,174158.54369,32.069268374108006
002966.SZ,20260602,8.26,8.39,8.25,8.28,8.3,-0.02,-0.241,319175.18,265347.4191,8.31353550423313
002967.SZ,20260602,20.7,20.96,20.36,20.52,20.67,-0.15,-0.7257,69080.0,142491.608,20.627042269832078
002968.SZ,20260602,10.28,10.38,9.9,9.94,10.3,-0.36,-3.4951,41126.0,41476.12365,10.085134379711132
002970.SZ,20260602,62.85,65.9,61.73,63.2,62.85,0.35,0.5569,45780.25,290070.06925,63.3613991295373
002971.SZ,20260602,34.1,34.86,32.6,34.16,34.58,-0.42,-1.2146,121053.7,409103.1704,33.7951810147067
002972.SZ,20260602,12.2,12.37,11.95,12.12,12.2,-0.08,-0.6557,51525.6,62572.5758,12.143978100206498
002973.SZ,20260602,12.29,12.47,11.69,12.44,12.33,0.11,0.8921,78908.0,95365.025,12.085596517463376
002975.SZ,20260602,136.38,148.58,136.38,148.58,135.07,13.51,10.0022,60950.5,882897.6427,144.85486463605713
002976.SZ,20260602,35.86,38.34,32.43,32.82,35.79,-2.97,-8.2984,134357.43,470333.10357,35.00611045998721
002977.SZ,20260602,27.59,27.85,27.05,27.4,27.64,-0.24,-0.8683,14450.32,39539.23368,27.362185529455402
002978.SZ,20260602,27.87,29.08,27.87,28.29,27.94,0.35,1.2527,49236.39,139891.3332,28.412183184023036
002979.SZ,20260602,52.38,52.74,50.91,51.32,51.79,-0.47,-0.9075,117820.53,607641.39779,51.573473467654566
002980.SZ,20260602,101.0,112.12,99.81,112.12,101.93,10.19,9.9971,97229.78,1030577.64696,105.99403258548976
002981.SZ,20260602,27.08,27.76,26.7,27.0,27.44,-0.44,-1.6035,70900.0,191496.86232,27.009430510578277
002982.SZ,20260602,13.4,13.6,12.82,12.99,13.44,-0.45,-3.3482,69759.68,90796.56664,13.015622583131117
002983.SZ,20260602,23.47,23.88,23.1,23.2,23.47,-0.27,-1.1504,46336.23,108712.31865,23.461623582669546
002984.SZ,20260602,15.21,15.28,14.87,14.93,15.25,-0.32,-2.0984,110910.77,166161.13483,14.981514854689044
002985.SZ,20260602,30.51,30.62,29.61,29.71,30.5,-0.79,-2.5902,49648.22,148512.9726,29.91305078006825
002986.SZ,20260602,12.03,12.19,11.62,11.91,12.02,-0.11,-0.9151,44247.0,52195.8254,11.796466517504012
002987.SZ,20260602,11.87,11.92,11.58,11.62,11.83,-0.21,-1.7751,86175.03,100636.52725,11.678154013987578
002988.SZ,20260602,29.27,29.27,28.1,28.46,29.03,-0.57,-1.9635,31738.0,90732.821,28.58807139706346
002989.SZ,20260602,28.09,28.36,26.77,27.25,27.98,-0.73,-2.609,54732.76,148421.67044,27.117519825420825
002990.SZ,20260602,48.47,48.75,46.66,47.22,48.47,-1.25,-2.5789,72080.63,341489.12737,47.37599093820351
002991.SZ,20260602,48.54,48.69,47.03,47.1,48.78,-1.68,-3.444,7975.0,37939.008,47.57242382445141
002992.SZ,20260602,41.61,42.88,40.01,42.3,42.03,0.27,0.6424,17528.0,73255.176,41.79323140118668
002993.SZ,20260602,60.0,63.18,58.11,62.0,60.02,1.98,3.2989,94004.1,569404.52,60.572306952569086
002995.SZ,20260602,27.43,27.62,24.41,26.0,25.11,0.89,3.5444,520824.58,1351268.33929,25.944788152855615
002996.SZ,20260602,7.02,7.04,6.85,6.97,6.99,-0.02,-0.2861,75971.8,52734.6142,6.941340629022874
002997.SZ,20260602,31.0,31.74,30.36,31.18,31.04,0.14,0.451,44559.12,138004.78344,30.971164475420515
002998.SZ,20260602,8.56,8.56,8.03,8.23,8.4,-0.17,-2.0238,83334.18,68404.14868,8.208414444109248
002999.SZ,20260602,6.41,6.44,6.2,6.23,6.35,-0.12,-1.8898,86304.0,54247.225,6.285598002410086
003000.SZ,20260602,11.0,11.1,10.76,10.8,11.07,-0.27,-2.439,40026.15,43498.86626,10.867611863744077
003001.SZ,20260602,17.73,17.83,16.77,17.22,17.91,-0.69,-3.8526,54891.6,94045.90852,17.13302372676329
003002.SZ,20260602,22.5,22.5,21.66,22.02,22.55,-0.53,-2.3503,24664.0,54153.124,21.956342847875447
003003.SZ,20260602,12.33,12.4,11.75,11.8,12.38,-0.58,-4.685,59803.0,71272.19,11.917828537029916
003004.SZ,20260602,68.0,72.25,62.5,71.65,65.68,5.97,9.0895,94224.9,638244.47824,67.73628608149225
003005.SZ,20260602,15.95,16.05,15.5,15.6,16.1,-0.5,-3.1056,28483.0,44644.1486,15.67396292525366
003006.SZ,20260602,17.05,17.26,16.55,16.64,17.17,-0.53,-3.0868,52208.0,87733.266,16.80456366840331
003007.SZ,20260602,42.28,42.28,40.0,41.34,42.28,-0.94,-2.2233,32030.0,131099.141,40.93010958476428
003008.SZ,20260602,20.72,20.83,19.81,19.9,20.51,-0.61,-2.9742,18632.5,37432.742,20.090026566483296
003009.SZ,20260602,50.85,50.94,49.12,50.33,50.83,-0.5,-0.9837,23263.57,116372.66029,50.023560567015295
003010.SZ,20260602,26.23,26.3,25.3,25.78,26.23,-0.45,-1.7156,59614.8,153057.68924,25.674444809007156
003011.SZ,20260602,21.83,21.98,20.7,20.91,21.74,-0.83,-3.8178,24601.0,51633.8614,20.988521360920288
003012.SZ,20260602,5.2,5.21,5.04,5.07,5.16,-0.09,-1.7442,120660.85,61559.6944,5.101878065669188
003013.SZ,20260602,14.84,14.91,14.66,14.91,14.91,0.0,0.0,26110.0,38589.102,14.779433933358865
003015.SZ,20260602,12.54,12.59,12.16,12.36,12.55,-0.19,-1.5139,53492.0,66060.906,12.349679578254694
003016.SZ,20260602,7.55,7.62,7.33,7.35,7.56,-0.21,-2.7778,37927.29,28181.41534,7.4303793759058445
003017.SZ,20260602,27.92,28.41,27.55,27.69,28.19,-0.5,-1.7737,18312.0,50962.274,27.829987986020093
003018.SZ,20260602,61.2,61.87,54.59,54.59,60.65,-6.06,-9.9918,177077.0,999624.919,56.451426159241464
003019.SZ,20260602,40.25,42.38,38.4,42.31,40.41,1.9,4.7018,98423.18,396442.69887,40.27940357850661
003020.SZ,20260602,16.92,16.92,16.28,16.3,16.92,-0.62,-3.6643,22139.08,36415.90192,16.448697019026987
003021.SZ,20260602,96.89,99.35,96.3,97.25,95.89,1.36,1.4183,40545.91,395826.68891,97.62431991537494
003022.SZ,20260602,25.85,25.9,24.93,25.35,25.61,-0.26,-1.0152,263042.09,666722.57942,25.346611997342322
003023.SZ,20260602,26.58,26.75,25.3,25.68,26.51,-0.83,-3.1309,30883.0,79368.078,25.699601075025093
003025.SZ,20260602,14.6,15.59,14.59,14.74,14.65,0.09,0.6143,93191.07,138876.03174,14.902289644276001
003026.SZ,20260602,43.45,43.74,41.84,42.92,43.42,-0.5,-1.1515,55995.3,239753.2437,42.81667277432213
003027.SZ,20260602,23.37,23.68,22.12,22.45,23.51,-1.06,-4.5087,44115.0,99507.928,22.556483735690808
003028.SZ,20260602,26.8,27.3,26.0,26.61,26.78,-0.17,-0.6348,22436.66,59822.20436,26.662704858922854
003029.SZ,20260602,19.22,19.23,18.55,18.83,19.24,-0.41,-2.131,25555.0,47950.325,18.763578556055563
003030.SZ,20260602,25.53,25.98,23.42,23.85,25.74,-1.89,-7.3427,80956.0,196834.538,24.313767725678147
003031.SZ,20260602,137.71,143.35,134.0,142.04,136.71,5.33,3.8988,108422.85,1517154.84893,139.92943820698312
003032.SZ,20260602,7.11,7.17,6.99,7.13,7.1,0.03,0.4225,36002.0,25434.958,7.064873618132326
003033.SZ,20260602,62.57,63.68,61.1,63.08,62.56,0.52,0.8312,24422.36,152980.0268,62.63933002379786
003035.SZ,20260602,7.31,7.45,7.15,7.19,7.48,-0.29,-3.877,551900.93,398429.04635,7.219213172008969
003036.SZ,20260602,68.22,70.51,64.62,67.8,71.8,-4.0,-5.571,166442.01,1111533.2535,66.78201335708455
003037.SZ,20260602,7.38,7.61,7.2,7.24,7.43,-0.19,-2.5572,154907.0,114102.133,7.365847443950241
003038.SZ,20260602,12.85,12.85,12.32,12.44,12.74,-0.3,-2.3548,36491.52,45381.39324,12.436147696779965
003039.SZ,20260602,13.17,13.22,12.92,12.97,13.16,-0.19,-1.4438,33474.0,43630.713,13.034209535759098
003040.SZ,20260602,13.15,13.27,12.75,12.95,13.21,-0.26,-1.9682,58410.0,75525.749,12.930277178565312
003041.SZ,20260602,57.51,59.54,54.2,55.4,57.38,-1.98,-3.4507,69544.0,389682.847,56.03399962613597
003042.SZ,20260602,15.35,16.21,14.94,15.53,15.21,0.32,2.1039,93920.2,145174.0099,15.457165753480082
003043.SZ,20260602,61.68,62.2,59.0,59.89,61.7,-1.81,-2.9335,45201.0,271837.0968,60.13962009690051
003816.SZ,20260602,4.66,4.75,4.63,4.66,4.69,-0.03,-0.6397,1172177.99,547567.79546,4.671370731504693
300001.SZ,20260602,37.81,38.07,36.05,37.15,37.83,-0.68,-1.7975,261584.75,972966.08606,37.19506148810281
300002.SZ,20260602,8.13,8.16,7.9,8.0,8.1,-0.1,-1.2346,325328.17,259980.66483,7.991335789642809
300003.SZ,20260602,12.65,12.77,12.48,12.57,12.67,-0.1,-0.7893,187786.51,236432.66888,12.59050337960911
300004.SZ,20260602,13.55,13.64,12.9,13.35,13.55,-0.2,-1.476,204542.0,270015.468,13.200979163203645
300005.SZ,20260602,14.98,16.37,14.88,16.0,14.95,1.05,7.0234,586276.32,923271.87269,15.74806693011241
300006.SZ,20260602,5.23,5.36,5.08,5.29,5.26,0.03,0.5703,226274.02,117909.28934,5.210907082483443
300007.SZ,20260602,42.5,43.26,41.6,41.7,41.59,0.11,0.2645,131762.35,556364.3709,42.22483667754862
300008.SZ,20260602,6.62,6.62,6.32,6.43,6.62,-0.19,-2.8701,447723.89,287497.00589,6.421301438482542
300009.SZ,20260602,8.29,8.5,8.27,8.27,8.35,-0.08,-0.9581,158710.02,133085.76471,8.385467074479608
300010.SZ,20260602,2.98,3.07,2.94,3.0,2.97,0.03,1.0101,627044.75,188164.57476,3.0008157274261524
300011.SZ,20260602,6.57,6.6,6.33,6.4,6.58,-0.18,-2.7356,58922.0,37800.108,6.415279182648247
300012.SZ,20260602,14.42,14.64,14.36,14.46,14.42,0.04,0.2774,193913.69,281263.03298,14.504547511833746
300013.SZ,20260602,4.71,4.73,4.5,4.55,4.72,-0.17,-3.6017,212294.0,97038.238,4.570936437205008
300014.SZ,20260602,64.8,65.8,63.4,65.48,64.99,0.49,0.754,634005.56,4093693.63902,64.56873405053419
300015.SZ,20260602,9.18,9.19,9.05,9.08,9.2,-0.12,-1.3043,641490.14,583835.76975,9.10124307990143
300016.SZ,20260602,8.28,8.3,7.98,8.1,8.3,-0.2,-2.4096,119473.5,96724.1995,8.095870590549369
300017.SZ,20260602,15.25,15.4,14.72,15.18,15.1,0.08,0.5298,1161421.0,1747957.6035,15.050163579787174
300018.SZ,20260602,12.9,13.15,12.35,13.07,12.99,0.08,0.6159,168245.46,215164.48282,12.788724451762326
300019.SZ,20260602,17.7,17.7,16.67,16.72,17.69,-0.97,-5.4833,83554.77,141313.5015,16.91267913250195
300020.SZ,20260602,3.61,3.67,3.53,3.63,3.57,0.06,1.6807,191232.0,69136.555,3.615323533718206
300021.SZ,20260602,4.08,4.11,3.96,4.0,4.08,-0.08,-1.9608,120372.32,48174.87727,4.002155750591165
300022.SZ,20260602,8.4,8.47,8.23,8.44,8.46,-0.02,-0.2364,107012.0,89574.389,8.370499476694203
300024.SZ,20260602,14.93,15.38,14.93,15.2,14.92,0.28,1.8767,356952.8,543701.63171,15.23175141671392
300025.SZ,20260602,5.12,5.17,4.98,5.02,5.1,-0.08,-1.5686,122345.0,61676.11819,5.041163773754547
300026.SZ,20260602,3.29,3.3,3.24,3.25,3.29,-0.04,-1.2158,200269.0,65445.317,3.2678705640912975
300027.SZ,20260602,1.89,1.89,1.83,1.88,1.9,-0.02,-1.0526,476978.58,88893.45988,1.8636782364524627
300030.SZ,20260602,7.16,7.17,6.86,6.87,7.09,-0.22,-3.103,71350.0,49560.351,6.946089838822705
300031.SZ,20260602,24.35,24.49,23.17,23.33,24.51,-1.18,-4.8144,162663.74,384075.69551,23.611635605452083
300032.SZ,20260602,4.43,4.46,4.29,4.4,4.46,-0.06,-1.3453,174399.05,76035.91195,4.3598810859348145
300033.SZ,20260602,227.98,228.66,220.85,226.23,228.87,-2.64,-1.1535,174294.33,3900827.36608,223.80689986186013
300034.SZ,20260602,18.52,18.57,17.78,18.07,18.38,-0.31,-1.6866,129610.89,234102.6291,18.061956761503602
300035.SZ,20260602,16.9,16.99,16.16,16.54,16.89,-0.35,-2.0722,165768.73,273294.6569,16.48650242419062
300036.SZ,20260602,13.38,13.38,12.78,12.88,13.25,-0.37,-2.7925,115471.0,149525.96,12.949221882550596
300037.SZ,20260602,71.39,73.5,68.6,71.75,70.96,0.79,1.1133,287740.89,2056343.20617,71.46510202877317
300039.SZ,20260602,5.39,5.39,5.28,5.28,5.4,-0.12,-2.2222,54852.3,29162.483,5.316546981621554
300040.SZ,20260602,7.8,7.85,7.58,7.82,7.97,-0.15,-1.8821,731467.23,565412.38066,7.7298388426778875
300041.SZ,20260602,13.9,14.14,13.52,13.8,14.01,-0.21,-1.4989,406639.84,562170.62223,13.824779741945598
300042.SZ,20260602,57.62,58.55,54.8,58.08,57.17,0.91,1.5917,183820.95,1050926.09068,57.17118155901162
300043.SZ,20260602,4.89,4.9,4.72,4.77,4.91,-0.14,-2.8513,274192.16,130909.83032,4.774382692780129
300044.SZ,20260602,6.03,6.04,5.84,5.96,6.0,-0.04,-0.6667,146244.8,86343.462,5.904036382832074
300045.SZ,20260602,18.79,18.84,18.04,18.59,18.69,-0.1,-0.535,136593.47,251826.28355,18.436187582759263
300046.SZ,20260602,31.06,31.88,30.57,30.75,31.19,-0.44,-1.4107,70735.65,219921.01597,31.09054853811339
300047.SZ,20260602,12.24,12.3,11.86,11.95,12.24,-0.29,-2.3693,153337.27,183749.18747,11.983335001986147
300048.SZ,20260602,5.93,5.95,5.72,5.8,5.92,-0.12,-2.027,126794.73,73492.4954,5.796179021005053
300049.SZ,20260602,45.37,45.71,43.0,43.49,45.31,-1.82,-4.0168,69269.55,303567.41623,43.82407800108417
300050.SZ,20260602,7.16,7.44,7.11,7.32,7.21,0.11,1.5257,305822.45,223650.6494,7.3130880156116715
300051.SZ,20260602,11.45,11.51,11.01,11.26,11.41,-0.15,-1.3146,162233.97,182606.80016,11.25576845342563
300052.SZ,20260602,12.08,12.13,11.2,11.57,12.1,-0.53,-4.3802,202897.46,232849.95288,11.476237942061967
300053.SZ,20260602,15.57,15.98,14.81,15.71,15.6,0.11,0.7051,299584.46,460175.6699,15.360465289154181
300054.SZ,20260602,65.92,68.41,65.92,67.44,65.82,1.62,2.4613,292685.86,1970031.50618,67.30873524877492
300055.SZ,20260602,8.84,9.14,8.43,8.53,8.77,-0.24,-2.7366,240758.59,210164.03663,8.72924353934786
300056.SZ,20260602,9.81,10.04,9.62,9.84,9.9,-0.06,-0.6061,127345.57,125276.14279,9.837495155112187
300057.SZ,20260602,8.88,9.26,8.45,9.14,8.84,0.3,3.3937,922358.54,810935.48447,8.791976756349001
300058.SZ,20260602,17.72,17.73,16.66,17.09,17.96,-0.87,-4.8441,4493807.14,7651277.84791,17.026271064917132
300059.SZ,20260602,18.91,19.09,18.65,18.91,18.97,-0.06,-0.3163,2668461.77,5023223.26842,18.824415342551447
300061.SZ,20260602,9.71,9.73,8.88,9.02,9.63,-0.61,-6.3344,354896.25,323176.31079,9.106219375099062
300062.SZ,20260602,7.17,7.17,6.75,6.88,7.18,-0.3,-4.1783,195933.01,134982.72491,6.889228359733767
300063.SZ,20260602,11.18,11.18,10.28,10.51,11.1,-0.59,-5.3153,603904.97,636134.67265,10.53368831606072
300065.SZ,20260602,20.48,20.5,19.28,19.92,20.27,-0.35,-1.7267,343402.19,678205.26027,19.749590422530503
300066.SZ,20260602,5.4,5.4,5.2,5.3,5.38,-0.08,-1.487,117691.23,62065.18058,5.273560364693274
300067.SZ,20260602,5.75,5.81,5.47,5.64,5.78,-0.14,-2.4221,441263.07,247294.28782,5.604237123673187
300068.SZ,20260602,4.74,4.95,4.7,4.9,4.73,0.17,3.5941,842540.07,408249.47987,4.845460701590134
300069.SZ,20260602,48.6,49.81,43.12,49.7,48.25,1.45,3.0052,244670.02,1148204.06372,46.92867821402884
300070.SZ,20260602,3.58,3.6,3.51,3.52,3.59,-0.07,-1.9499,300266.44,106365.60832,3.5423741767478245
300071.SZ,20260602,4.55,4.57,4.26,4.35,4.56,-0.21,-4.6053,591920.0,258023.696,4.3590974456007565
300072.SZ,20260602,3.96,3.98,3.85,3.94,3.94,0.0,0.0,274274.15,107145.95935,3.906527806211413
300073.SZ,20260602,55.55,55.8,53.06,54.22,55.48,-1.26,-2.2711,145024.36,784172.7046,54.071792118234484
300074.SZ,20260602,4.25,4.26,4.07,4.11,4.23,-0.12,-2.8369,204121.05,84426.73445,4.136111118867946
300075.SZ,20260602,12.99,13.03,12.61,12.67,12.96,-0.29,-2.2377,77659.15,98829.2179,12.726023643060735
300076.SZ,20260602,4.88,4.91,4.78,4.89,4.87,0.02,0.4107,56079.0,27158.922,4.842975445353876
300077.SZ,20260602,22.65,23.65,21.82,23.38,22.65,0.73,3.223,506249.57,1158049.19901,22.875065336055496
300078.SZ,20260602,3.43,3.43,3.29,3.32,3.4,-0.08,-2.3529,221364.81,73643.36416,3.3267873136656183
300079.SZ,20260602,5.23,5.23,5.09,5.13,5.21,-0.08,-1.5355,211337.0,108718.25,5.144307433151791
300080.SZ,20260602,4.13,4.16,4.01,4.07,4.13,-0.06,-1.4528,182882.0,74233.334,4.0590836714384135
300081.SZ,20260602,4.3,4.52,4.24,4.34,4.25,0.09,2.1176,190879.0,83386.947,4.36857627083126
300082.SZ,20260602,9.75,9.87,9.4,9.64,9.78,-0.14,-1.4315,95920.09,91937.80786,9.584833360769366
300083.SZ,20260602,10.18,10.26,9.61,9.93,9.98,-0.05,-0.501,770775.39,765240.29945,9.9281880218049
300084.SZ,20260602,11.76,11.87,11.35,11.85,11.76,0.09,0.7653,127571.8,148813.4112,11.665071058023795
300085.SZ,20260602,41.14,42.75,39.88,41.58,41.6,-0.02,-0.0481,469647.23,1938421.58693,41.27399169223249
300086.SZ,20260602,6.72,6.76,6.43,6.54,6.76,-0.22,-3.2544,123534.0,80639.967,6.527754869104863
300087.SZ,20260602,7.66,7.69,7.46,7.5,7.74,-0.24,-3.1008,144867.65,109110.50582,7.531737128337487
300088.SZ,20260602,7.05,7.3,7.0,7.23,7.16,0.07,0.9777,1582407.15,1136135.3475,7.179791544167378
300091.SZ,20260602,2.96,3.06,2.95,3.06,2.97,0.09,3.0303,172358.48,52027.24669,3.018548706741902
300092.SZ,20260602,14.1,14.12,13.38,13.79,14.09,-0.3,-2.1292,44855.0,61368.403,13.681507747185375
300093.SZ,20260602,23.0,23.91,22.78,23.36,23.6,-0.24,-1.0169,48641.32,114284.01928,23.495254503784025
300094.SZ,20260602,3.03,3.05,2.92,2.96,3.05,-0.09,-2.9508,330449.84,97997.43778,2.9655767961636776
300095.SZ,20260602,9.08,9.12,8.68,8.97,9.08,-0.11,-1.2115,120372.0,106830.816,8.875055328481707
300096.SZ,20260602,9.0,9.13,8.76,8.94,9.0,-0.06,-0.6667,27975.0,24857.977,8.885782663092046
300097.SZ,20260602,9.36,9.74,9.04,9.48,9.17,0.31,3.3806,107101.0,100669.293,9.399472740684027
300098.SZ,20260602,5.39,5.43,5.27,5.36,5.39,-0.03,-0.5566,354762.9,189729.08755,5.348053236400987
300099.SZ,20260602,7.73,7.78,7.13,7.27,7.73,-0.46,-5.9508,300418.0,220961.56492,7.355137339307232
300100.SZ,20260602,30.72,31.19,29.9,30.0,30.16,-0.16,-0.5305,106215.24,323672.46584,30.47326031932894
300101.SZ,20260602,17.2,17.2,16.46,16.73,17.11,-0.38,-2.2209,128994.05,215608.456,16.71460474339708
300102.SZ,20260602,24.4,24.47,23.33,23.95,24.23,-0.28,-1.1556,261585.25,625632.9059,23.916979489478095
300103.SZ,20260602,9.6,9.78,8.81,8.93,9.58,-0.65,-6.785,339114.66,305061.96592,8.995835388537905
300105.SZ,20260602,6.32,6.33,6.11,6.18,6.33,-0.15,-2.3697,67474.82,41756.15794,6.188405977222317
300106.SZ,20260602,13.81,13.9,13.0,13.28,13.81,-0.53,-3.8378,187949.26,250235.81027,13.31400880588729
300107.SZ,20260602,6.58,6.58,6.28,6.31,6.58,-0.27,-4.1033,93545.65,59434.21983,6.353499048860103
300109.SZ,20260602,17.4,17.48,17.17,17.26,17.48,-0.22,-1.2586,58036.98,100427.12316,17.303988450122663
300110.SZ,20260602,2.86,2.86,2.79,2.81,2.87,-0.06,-2.0906,146401.84,41229.6154,2.8161951653066657
300111.SZ,20260602,3.4,3.42,3.28,3.34,3.4,-0.06,-1.7647,273660.0,91101.981,3.329020719140539
300112.SZ,20260602,7.34,7.38,6.98,7.01,7.25,-0.24,-3.3103,82179.98,58151.92598,7.076166966699189
300113.SZ,20260602,21.98,22.16,20.97,21.68,21.95,-0.27,-1.2301,249482.95,536547.57302,21.506382420922954
300115.SZ,20260602,33.76,34.29,32.56,33.11,32.82,0.29,0.8836,491101.28,1633627.56694,33.264575627658715
300118.SZ,20260602,13.82,14.49,13.2,14.16,13.82,0.34,2.4602,629969.42,875764.45829,13.901697931464671
300119.SZ,20260602,16.46,16.59,16.22,16.28,16.49,-0.21,-1.2735,22672.0,37062.276,16.347157727593505
300120.SZ,20260602,8.33,8.8,8.33,8.61,8.54,0.07,0.8197,557202.41,480375.88817,8.621209807222478
300121.SZ,20260602,11.3,11.84,11.11,11.49,11.35,0.14,1.2335,117351.02,134744.867,11.482206716226242
300122.SZ,20260602,13.7,13.71,13.29,13.33,13.7,-0.37,-2.7007,151409.1,203316.91076,13.428315125048627
300123.SZ,20260602,4.63,4.88,4.55,4.73,4.76,-0.03,-0.6303,574958.0,271241.01271,4.717579592074551
300124.SZ,20260602,74.96,77.74,74.88,76.47,74.5,1.97,2.6443,364503.62,2788552.32354,76.5027333210024
300125.SZ,20260602,10.68,10.72,10.4,10.59,10.6,-0.01,-0.0943,29728.9,31349.64164,10.545173766940586
300126.SZ,20260602,7.12,7.2,6.8,6.87,7.05,-0.18,-2.5532,61077.0,42350.92,6.934020989897998
300127.SZ,20260602,28.22,28.39,27.28,27.88,28.23,-0.35,-1.2398,55501.0,154460.25,27.830174231094936
300128.SZ,20260602,8.08,8.17,7.81,7.82,8.09,-0.27,-3.3375,645595.21,511578.79592,7.924141753158299
300129.SZ,20260602,10.41,10.55,10.09,10.25,10.6,-0.35,-3.3019,301802.82,308951.40318,10.236862703270964
300130.SZ,20260602,23.97,24.17,23.33,23.8,24.06,-0.26,-1.0806,133562.77,316638.2206,23.707072008165152
300131.SZ,20260602,16.96,17.44,16.54,17.22,16.79,0.43,2.561,676054.03,1158639.0056,17.138260467140473
300132.SZ,20260602,7.63,7.77,7.01,7.16,7.67,-0.51,-6.6493,239281.09,172227.7628,7.197717245437155
300133.SZ,20260602,8.49,8.51,7.95,8.02,8.36,-0.34,-4.067,877489.73,709247.55156,8.082687777553819
300134.SZ,20260602,10.05,10.58,9.92,10.43,10.05,0.38,3.7811,161778.0,166218.758,10.274497026789799
300135.SZ,20260602,3.62,3.62,3.5,3.56,3.61,-0.05,-1.385,144083.0,51099.97,3.5465648272176455
300136.SZ,20260602,92.08,93.99,88.0,91.97,91.53,0.44,0.4807,807513.19,7384278.13915,91.44467521515037
300137.SZ,20260602,18.93,19.05,18.31,18.8,18.61,0.19,1.021,161562.4,302976.268,18.75289473293291
300138.SZ,20260602,10.64,10.66,10.36,10.49,10.62,-0.13,-1.2241,47175.93,49338.03444,10.458306691569197
300139.SZ,20260602,43.41,44.98,41.58,44.6,43.61,0.99,2.2701,240882.76,1040922.72823,43.2128363287601
300140.SZ,20260602,6.2,6.2,6.05,6.12,6.18,-0.06,-0.9709,127381.6,77845.9752,6.111241749200826
300141.SZ,20260602,11.57,11.68,10.99,11.24,11.52,-0.28,-2.4306,48380.0,54306.068,11.224900372054567
300142.SZ,20260602,12.56,12.57,12.23,12.27,12.56,-0.29,-2.3089,432968.01,534190.71484,12.337879531561697
300143.SZ,20260602,10.29,10.37,10.07,10.21,10.29,-0.08,-0.7775,49695.0,50585.103,10.179113190461816
300144.SZ,20260602,6.83,6.83,6.71,6.72,6.81,-0.09,-1.3216,202677.5,136808.84462,6.750075593985518
300145.SZ,20260602,4.53,4.53,4.38,4.44,4.54,-0.1,-2.2026,540574.11,240133.52844,4.4421944003200595
300146.SZ,20260602,10.0,10.02,9.78,9.82,10.08,-0.26,-2.5794,133231.92,131578.89163,9.875928503469737
300147.SZ,20260602,9.8,10.15,9.73,10.03,9.8,0.23,2.3469,90986.3,89848.58608,9.874957667253202
300148.SZ,20260602,3.7,3.72,3.57,3.67,3.7,-0.03,-0.8108,325937.0,118698.71,3.6417685012747865
300149.SZ,20260602,8.66,8.66,8.25,8.32,8.63,-0.31,-3.5921,108193.81,90417.2056,8.356966595408739
300150.SZ,20260602,4.47,4.5,4.34,4.39,4.46,-0.07,-1.5695,107679.0,47248.048,4.387860957103985
300151.SZ,20260602,23.07,24.2,22.08,23.75,23.01,0.74,3.216,280482.15,653298.94145,23.29199706469734
300152.SZ,20260602,1.86,1.94,1.83,1.85,1.91,-0.06,-3.1414,353203.0,65948.032,1.8671424648148516
300153.SZ,20260602,26.42,26.61,25.3,26.06,26.4,-0.34,-1.2879,85317.23,221650.20451,25.979535963603134
300154.SZ,20260602,9.47,9.99,9.03,9.77,9.47,0.3,3.1679,188995.6,181263.8279,9.590902005126045
300155.SZ,20260602,4.93,5.04,4.82,4.85,4.98,-0.13,-2.6104,132238.0,64956.22,4.912069148051241
300157.SZ,20260602,4.71,4.74,4.47,4.58,4.68,-0.1,-2.1368,210391.9,95923.5142,4.559277909463245
300158.SZ,20260602,5.14,5.15,4.98,5.04,5.12,-0.08,-1.5625,87706.89,44065.74789,5.024205953488945
300159.SZ,20260602,3.91,4.33,3.9,4.25,3.92,0.33,8.4184,582937.07,238744.84374,4.095550892654674
300160.SZ,20260602,4.97,5.02,4.91,4.94,5.02,-0.08,-1.5936,60631.8,30005.82406,4.948859189402261
300161.SZ,20260602,32.11,32.47,31.6,32.0,32.08,-0.08,-0.2494,43890.71,140569.68285,32.02720640654936
300162.SZ,20260602,9.5,9.53,8.96,9.41,9.65,-0.24,-2.487,432703.29,402016.68696,9.290816507542617
300163.SZ,20260602,6.36,6.59,6.25,6.34,6.2,0.14,2.2581,397040.0,253436.975,6.383159757203305
300164.SZ,20260602,10.33,10.39,9.68,9.81,10.1,-0.29,-2.8713,563204.0,558688.407,9.919823136909539
300165.SZ,20260602,6.12,6.22,5.94,6.15,6.13,0.02,0.3263,145458.0,88661.406,6.095326898486161
300166.SZ,20260602,16.72,16.81,15.55,16.22,16.55,-0.33,-1.994,830824.09,1329742.67296,16.005104918900464
300167.SZ,20260602,5.34,5.34,5.16,5.16,5.34,-0.18,-3.3708,60092.0,31365.512,5.219581974306063
300168.SZ,20260602,5.43,5.44,5.26,5.32,5.43,-0.11,-2.0258,164493.64,87594.39068,5.3250928534379804
300169.SZ,20260602,5.74,5.77,5.51,5.58,5.76,-0.18,-3.125,92210.0,51570.622,5.592736362650472
300170.SZ,20260602,20.18,20.2,19.1,19.23,20.2,-0.97,-4.802,766584.48,1489499.90142,19.430342516456896
300171.SZ,20260602,11.75,11.95,11.67,11.67,11.84,-0.17,-1.4358,76910.44,90633.87132,11.784339202844244
300172.SZ,20260602,4.91,4.91,4.81,4.84,4.93,-0.09,-1.8256,113116.99,54767.46117,4.841665356371311
300173.SZ,20260602,3.91,4.1,3.88,4.01,3.95,0.06,1.519,169328.0,67920.524,4.011180903335538
300174.SZ,20260602,26.5,28.4,25.68,26.92,27.39,-0.47,-1.716,633652.05,1705290.76754,26.91210053751108
300176.SZ,20260602,6.15,6.18,5.92,5.96,6.19,-0.23,-3.7157,156958.67,94093.58584,5.994800149619004
300177.SZ,20260602,7.38,7.43,7.1,7.21,7.43,-0.22,-2.961,92905.71,66997.55652,7.21134971359672
300179.SZ,20260602,44.0,49.15,42.2,47.71,44.85,2.86,6.3768,952599.69,4448210.4668,46.6954851391984
300180.SZ,20260602,5.03,5.07,4.91,4.94,5.11,-0.17,-3.3268,366108.0,181822.048,4.966350038786369
300181.SZ,20260602,14.11,14.21,13.92,13.92,14.19,-0.27,-1.9027,73282.0,102861.458,14.03638792609372
300182.SZ,20260602,6.12,6.12,5.85,5.93,6.13,-0.2,-3.2626,2225728.69,1319528.96136,5.928525643257984
300183.SZ,20260602,12.32,12.32,11.94,12.04,12.32,-0.28,-2.2727,61051.4,73683.35982,12.069069639680663
300184.SZ,20260602,15.99,19.03,15.99,18.26,15.86,2.4,15.1324,2909914.3,5115928.10395,17.58102671253927
300185.SZ,20260602,2.84,2.84,2.78,2.79,2.84,-0.05,-1.7606,729974.21,204298.07459,2.798702636220532
300187.SZ,20260602,5.95,5.99,5.75,5.8,6.0,-0.2,-3.3333,250139.0,145834.259,5.830128808382539
300188.SZ,20260602,11.4,11.4,11.03,11.04,11.36,-0.32,-2.8169,123746.25,137672.95168,11.125424138509247
300189.SZ,20260602,5.21,5.23,4.96,5.08,5.24,-0.16,-3.0534,602213.0,304246.854,5.052146898190507
300190.SZ,20260602,4.22,4.22,4.05,4.11,4.21,-0.1,-2.3753,190468.2,77974.5312,4.093834624362492
300191.SZ,20260602,33.02,33.6,31.37,31.55,32.9,-1.35,-4.1033,93232.05,299307.84855,32.1035361284022
300192.SZ,20260602,17.05,17.05,16.14,16.36,16.93,-0.57,-3.3668,76072.0,124824.281,16.408702413502997
300193.SZ,20260602,7.87,7.89,7.69,7.75,7.87,-0.12,-1.5248,45932.72,35611.171,7.7528983696153855
300194.SZ,20260602,3.89,3.89,3.8,3.82,3.9,-0.08,-2.0513,104908.0,40297.826,3.8412538605254127
300195.SZ,20260602,6.12,6.13,5.82,5.9,6.1,-0.2,-3.2787,107818.0,63651.938,5.903646700921924
300196.SZ,20260602,25.99,28.82,24.69,26.58,26.42,0.16,0.6056,647848.44,1741874.91696,26.88707434349923
300197.SZ,20260602,2.09,2.32,2.01,2.32,1.93,0.39,20.2073,4432304.85,982659.09093,2.2170385932050682
300198.SZ,20260602,2.34,2.35,2.27,2.29,2.34,-0.05,-2.1368,113138.0,25969.425,2.2953760009899415
300199.SZ,20260602,22.1,22.95,21.4,22.7,22.19,0.51,2.2983,391469.35,869713.37172,22.216640248336176
300200.SZ,20260602,9.35,9.41,9.05,9.18,9.36,-0.18,-1.9231,84080.0,77237.613,9.186205161750713
300201.SZ,20260602,19.64,21.24,19.3,20.25,19.39,0.86,4.4353,975067.75,1984376.74667,20.351167871873518
300203.SZ,20260602,12.3,12.86,11.96,12.6,12.34,0.26,2.107,151495.25,187364.91775,12.367709070086354
300204.SZ,20260602,24.56,24.7,23.41,23.93,24.75,-0.82,-3.3131,210419.12,503040.22504,23.906583443557793
300205.SZ,20260602,5.97,6.02,5.83,5.98,5.99,-0.01,-0.1669,36687.0,21729.004,5.922807534003871
300206.SZ,20260602,13.56,13.74,13.09,13.54,13.56,-0.02,-0.1475,95364.07,127497.54973,13.369558338900593
300207.SZ,20260602,22.85,22.87,21.84,22.47,22.81,-0.34,-1.4906,485599.76,1082572.47006,22.293513284685314
300209.SZ,20260602,27.19,27.19,23.0,24.98,26.5,-1.52,-5.7358,820024.01,2024867.3539,24.69278129917196
300210.SZ,20260602,11.53,11.62,11.03,11.09,11.6,-0.51,-4.3966,208346.13,233238.21148,11.194746524929453
300211.SZ,20260602,8.6,8.75,8.54,8.66,8.65,0.01,0.1156,35297.0,30549.768,8.655060770037114
300212.SZ,20260602,11.95,12.75,11.3,11.4,12.28,-0.88,-7.1661,589601.54,697288.26098,11.826432152466902
300213.SZ,20260602,7.63,7.63,7.35,7.41,7.62,-0.21,-2.7559,102461.0,76406.776,7.457156967041118
300214.SZ,20260602,7.82,7.82,7.55,7.75,7.74,0.01,0.1292,94271.0,72417.483,7.6818409691209375
300215.SZ,20260602,7.72,7.75,7.23,7.4,7.78,-0.38,-4.8843,287931.0,213515.161,7.41549749766437
300217.SZ,20260602,5.15,5.19,4.98,5.11,5.16,-0.05,-0.969,456356.91,232442.38146,5.0934340286421875
300218.SZ,20260602,13.66,13.8,13.37,13.7,13.66,0.04,0.2928,33969.0,46094.927,13.569703847625778
300219.SZ,20260602,7.96,8.27,7.87,8.2,8.03,0.17,2.1171,378174.88,307967.5307,8.143521608309891
300220.SZ,20260602,13.02,13.02,12.35,12.5,12.91,-0.41,-3.1758,28034.4,35198.9512,12.555628513540508
300221.SZ,20260602,13.38,14.4,13.16,14.19,13.38,0.81,6.0538,569404.31,788925.59634,13.855279675350543
300222.SZ,20260602,15.82,16.58,15.46,16.42,16.27,0.15,0.9219,682690.3,1102807.84098,16.153852500614114
300223.SZ,20260602,143.03,145.2,137.48,142.27,144.11,-1.84,-1.2768,359187.0,5106082.35633,142.15665812877415
300224.SZ,20260602,12.21,12.35,11.82,12.15,12.18,-0.03,-0.2463,172534.37,208619.17859,12.091456246659725
300225.SZ,20260602,9.08,9.39,8.8,9.28,9.08,0.2,2.2026,129490.4,118461.7842,9.148306299154223
300226.SZ,20260602,22.2,22.27,21.38,21.7,22.17,-0.47,-2.12,57705.3,125089.6976,21.6773325153842
300227.SZ,20260602,10.98,11.24,10.86,11.02,11.01,0.01,0.0908,194231.55,214760.85345,11.056949988300047
300228.SZ,20260602,8.43,8.62,8.21,8.42,8.5,-0.08,-0.9412,194670.1,164071.9913,8.428207069293126
300229.SZ,20260602,17.33,17.5,16.63,16.91,17.37,-0.46,-2.6482,216066.95,364906.89655,16.88860311815389
300230.SZ,20260602,4.96,4.99,4.85,4.87,4.98,-0.11,-2.2088,123801.48,60492.70476,4.8862666876034115
300231.SZ,20260602,9.45,9.45,9.08,9.26,9.4,-0.14,-1.4894,91174.6,84178.1852,9.232635536651655
300232.SZ,20260602,5.94,5.96,5.8,5.8,5.92,-0.12,-2.027,202734.16,118597.8848,5.849921138105191
300233.SZ,20260602,13.35,13.46,13.08,13.15,13.44,-0.29,-2.1577,59091.78,77929.67072,13.187903752433925
300234.SZ,20260602,8.45,8.75,8.13,8.58,8.42,0.16,1.9002,246398.06,209359.43701,8.496797296618325
300235.SZ,20260602,13.62,13.72,13.3,13.56,13.65,-0.09,-0.6593,76404.5,103055.8765,13.48819460895628
300236.SZ,20260602,90.8,93.33,89.55,90.92,89.81,1.11,1.2359,100356.79,917420.08145,91.41584554966336
300237.SZ,20260602,2.31,2.32,2.28,2.29,2.31,-0.02,-0.8658,163137.19,37405.39951,2.2928799686938337
300238.SZ,20260602,12.02,12.09,11.64,11.75,12.0,-0.25,-2.0833,36555.0,43092.303,11.78834714813295
300239.SZ,20260602,5.35,5.36,5.08,5.16,5.4,-0.24,-4.4444,151099.0,78164.907,5.173092277248692
300240.SZ,20260602,6.17,6.2,5.95,6.0,6.18,-0.18,-2.9126,81693.0,49234.238,6.026738888276841
300241.SZ,20260602,7.43,7.56,7.27,7.49,7.43,0.06,0.8075,624495.46,462621.85487,7.407929832988698
300242.SZ,20260602,5.18,5.31,5.05,5.14,5.15,-0.01,-0.1942,271743.08,140363.16368,5.165289349042484
300243.SZ,20260602,18.29,20.27,17.86,20.01,18.63,1.38,7.4074,457316.69,883039.59395,19.309148632865334
300244.SZ,20260602,18.19,18.33,17.58,17.67,18.19,-0.52,-2.8587,238331.68,423798.2681,17.781868868628795
300245.SZ,20260602,7.1,7.1,6.73,6.98,7.12,-0.14,-1.9663,167413.01,116351.09594,6.949943492444225
300246.SZ,20260602,16.84,17.68,15.8,17.62,16.72,0.9,5.3828,153890.5,257990.5875,16.764555804289415
300247.SZ,20260602,4.26,4.27,4.12,4.18,4.26,-0.08,-1.8779,184051.0,76689.254,4.166739327686348
300248.SZ,20260602,9.03,9.03,8.65,8.75,8.97,-0.22,-2.4526,76791.19,67207.3062,8.751955295913502
300249.SZ,20260602,14.92,15.08,14.24,14.67,14.9,-0.23,-1.5436,186589.16,271563.79597,14.55410357011093
300250.SZ,20260602,17.05,17.37,16.42,16.86,17.08,-0.22,-1.2881,45481.0,76042.149,16.71954200655219
300251.SZ,20260602,12.89,12.89,12.32,12.41,12.9,-0.49,-3.7984,460418.66,574447.49571,12.476633673144352
300252.SZ,20260602,14.19,14.53,13.79,14.36,14.13,0.23,1.6277,294806.66,420010.9257,14.246995834490308
300253.SZ,20260602,8.14,8.16,7.87,7.92,8.15,-0.23,-2.8221,495897.91,394800.68437,7.961329870698588
300254.SZ,20260602,10.76,10.81,10.17,10.5,10.75,-0.25,-2.3256,120597.4,125821.4612,10.4331819093944
300255.SZ,20260602,39.0,40.21,36.54,38.73,39.2,-0.47,-1.199,175568.46,670608.83827,38.19642994362427
300256.SZ,20260602,3.15,3.16,3.07,3.09,3.15,-0.06,-1.9048,175069.0,54265.901,3.0996864664789308
300257.SZ,20260602,29.0,29.2,27.66,28.4,28.71,-0.31,-1.0798,88189.0,250363.643,28.38944120014968
300258.SZ,20260602,12.8,13.02,12.46,12.75,12.69,0.06,0.4728,183263.49,233461.95299,12.739141494577016
300259.SZ,20260602,6.11,6.22,5.88,5.91,6.17,-0.26,-4.2139,821058.46,493192.97118,6.006794828957734
300260.SZ,20260602,54.32,55.58,53.13,53.83,54.25,-0.42,-0.7742,143099.93,775308.00542,54.17948180827202
300261.SZ,20260602,5.15,5.17,4.96,4.99,5.17,-0.18,-3.4816,112068.01,56187.43444,5.013690743683234
300263.SZ,20260602,11.7,12.09,11.63,11.85,11.68,0.17,1.4555,472405.76,562447.24634,11.90602007773995
300264.SZ,20260602,8.83,8.94,8.31,8.39,8.8,-0.41,-4.6591,130333.0,110412.946,8.471603201031204
300265.SZ,20260602,22.97,24.97,22.1,24.02,23.71,0.31,1.3075,870629.75,2048266.26322,23.526260884377088
300266.SZ,20260602,2.14,2.16,2.09,2.15,2.14,0.01,0.4673,298316.32,63427.11516,2.1261698039182035
300267.SZ,20260602,3.78,3.79,3.56,3.61,3.77,-0.16,-4.244,553239.33,200434.33513,3.6229227435800704
300268.SZ,20260602,13.33,13.56,12.86,13.03,13.31,-0.28,-2.1037,22706.0,29658.648,13.062031181185588
300269.SZ,20260602,5.46,5.5,5.27,5.38,5.46,-0.08,-1.4652,172863.0,92844.356,5.370979099055321
300270.SZ,20260602,12.57,12.73,12.2,12.52,12.57,-0.05,-0.3978,78117.02,97042.0958,12.422657162293184
300271.SZ,20260602,5.78,5.8,5.57,5.67,5.77,-0.1,-1.7331,121321.0,68474.97,5.644115198522926
300272.SZ,20260602,6.16,6.18,5.94,6.12,6.16,-0.04,-0.6494,104594.37,63096.76185,6.032519900449708
300274.SZ,20260602,179.99,181.01,167.5,172.7,174.0,-1.3,-0.7471,635626.22,10944223.2109,172.1801723487744
300275.SZ,20260602,9.69,9.92,9.37,9.5,9.75,-0.25,-2.5641,109281.51,104250.78329,9.539654355983918
300276.SZ,20260602,7.94,8.38,7.77,7.84,7.93,-0.09,-1.1349,811327.64,649066.18398,8.000050189094999
300277.SZ,20260602,15.48,15.77,14.8,15.52,15.63,-0.11,-0.7038,287082.23,439497.40345,15.309112077400261
300278.SZ,20260602,4.58,4.63,4.49,4.55,4.55,0.0,0.0,233105.8,106134.4838,4.553060618826302
300279.SZ,20260602,7.24,7.25,6.96,7.03,7.17,-0.14,-1.9526,98267.0,69244.216,7.046538105365992
300281.SZ,20260602,7.47,7.48,7.18,7.32,7.46,-0.14,-1.8767,87842.0,64197.863,7.308333485121013
300283.SZ,20260602,16.13,16.96,15.31,16.75,16.14,0.61,3.7794,639849.41,1042548.00628,16.293646442215206
300284.SZ,20260602,6.09,6.13,5.93,5.95,6.07,-0.12,-1.9769,94705.0,56837.377,6.001518082466607
300285.SZ,20260602,51.44,59.68,50.13,58.45,51.5,6.95,13.4951,1448218.39,8265864.59135,57.07609189626435
300286.SZ,20260602,31.27,31.28,29.58,30.59,31.25,-0.66,-2.112,113508.5,343560.419,30.26737372091077
300287.SZ,20260602,4.03,4.05,3.92,3.96,4.05,-0.09,-2.2222,190270.61,75375.27159,3.9614773710979327
300288.SZ,20260602,10.56,10.57,10.16,10.22,10.57,-0.35,-3.3113,54126.0,55599.912,10.272311273694712
300289.SZ,20260602,6.12,6.14,5.92,5.98,6.13,-0.15,-2.447,55373.5,33124.476,5.982008722583908
300290.SZ,20260602,10.49,10.78,10.12,10.55,10.36,0.19,1.834,388730.84,406055.54318,10.445673494287202
300291.SZ,20260602,7.0,7.02,6.48,6.58,7.14,-0.56,-7.8431,929331.85,615410.00526,6.622069449788039
300292.SZ,20260602,5.36,5.55,5.29,5.48,5.36,0.12,2.2388,1131788.0,615320.767,5.436714004742937
300293.SZ,20260602,17.57,17.72,17.04,17.3,17.46,-0.16,-0.9164,42867.0,74194.659,17.30810623556582
300294.SZ,20260602,16.9,16.97,16.61,16.79,17.01,-0.22,-1.2934,78439.79,131588.48336,16.77573121498668
300295.SZ,20260602,11.7,12.1,11.62,12.0,11.77,0.23,1.9541,45544.0,54488.3144,11.963884243808188
300296.SZ,20260602,6.62,6.67,6.48,6.58,6.59,-0.01,-0.1517,788108.3,519478.62629,6.591462446087676
300298.SZ,20260602,15.73,15.85,15.51,15.51,15.72,-0.21,-1.3359,40904.75,64011.42725,15.648898294207886
300299.SZ,20260602,5.67,5.67,5.4,5.47,5.64,-0.17,-3.0142,166469.61,90888.15006,5.459744277649237
300300.SZ,20260602,9.71,9.73,9.1,9.55,9.72,-0.17,-1.749,466131.53,438580.53071,9.408943666822967
300301.SZ,20260602,3.39,3.39,3.3,3.36,3.37,-0.01,-0.2967,81973.8,27463.7484,3.3503080740431694
300302.SZ,20260602,48.6,49.02,41.71,46.61,49.25,-2.64,-5.3604,456677.52,2101761.49269,46.022880493219816
300303.SZ,20260602,8.54,8.68,8.32,8.62,8.51,0.11,1.2926,657628.7,562250.60708,8.54966650755966
300304.SZ,20260602,13.17,14.83,13.15,14.73,13.22,1.51,11.4221,779055.4,1117152.2907,14.339831168617788
300305.SZ,20260602,6.99,7.39,6.9,7.28,6.92,0.36,5.2023,425802.0,305244.102,7.168686431721786
300306.SZ,20260602,11.02,11.1,10.67,10.84,11.0,-0.16,-1.4545,31670.4,34456.8584,10.879830504193189
300307.SZ,20260602,6.82,6.91,6.71,6.76,6.8,-0.04,-0.5882,120192.0,81783.693,6.804420676916933
300308.SZ,20260602,1153.6,1205.58,1140.01,1191.81,1130.0,61.81,5.4699,290063.42,34167017.4199,1177.9154165630398
300310.SZ,20260602,5.34,5.34,5.03,5.15,5.35,-0.2,-3.7383,331298.94,171102.76207,5.164603366071741
300311.SZ,20260602,5.51,5.54,5.43,5.52,5.49,0.03,0.5464,88514.71,48628.98967,5.493887927780592
300313.SZ,20260602,9.6,9.77,9.5,9.55,9.66,-0.11,-1.1387,23654.0,22781.012,9.630934302866322
300314.SZ,20260602,10.5,10.51,10.18,10.26,10.44,-0.18,-1.7241,24140.0,24837.547,10.288958989229492
300315.SZ,20260602,4.57,4.61,4.45,4.48,4.6,-0.12,-2.6087,512254.72,230500.50334,4.499724342998733
300316.SZ,20260602,47.98,48.38,45.79,47.0,47.65,-0.65,-1.3641,291672.78,1372438.45208,47.05404638993052
300317.SZ,20260602,5.85,5.85,5.56,5.73,5.91,-0.18,-3.0457,1289526.0,736036.06188,5.707803191870502
300318.SZ,20260602,5.08,5.1,4.95,4.99,5.09,-0.1,-1.9646,50852.0,25412.171,4.9972805396051285
300319.SZ,20260602,15.8,16.73,15.57,16.31,15.46,0.85,5.4981,1495484.9,2418050.87013,16.16900892901025
300320.SZ,20260602,8.98,9.19,8.75,9.09,8.94,0.15,1.6779,102556.76,91982.07036,8.968893943217395
300321.SZ,20260602,44.5,44.72,41.08,41.33,43.95,-2.62,-5.9613,35735.42,151037.22236,42.26541128102035
300322.SZ,20260602,28.86,29.36,27.45,28.63,28.86,-0.23,-0.797,372335.33,1055511.82624,28.348419856906943
300323.SZ,20260602,15.31,15.57,14.8,15.24,15.01,0.23,1.5323,891104.42,1357836.26229,15.237678456246462
300324.SZ,20260602,4.53,4.54,4.33,4.42,4.52,-0.1,-2.2124,363355.57,160149.74277,4.407521337019824
300326.SZ,20260602,6.93,6.98,6.85,6.96,6.95,0.01,0.1439,45482.97,31439.93697,6.912463493478987
300327.SZ,20260602,29.1,29.54,28.18,28.39,29.18,-0.79,-2.7073,256031.1,735813.92878,28.739240224332118
300328.SZ,20260602,18.07,20.8,17.92,20.03,17.99,2.04,11.3396,919722.78,1782433.69882,19.38011907044425
300329.SZ,20260602,13.06,13.06,12.72,12.78,13.03,-0.25,-1.9186,25386.16,32536.16632,12.816497776741343
300331.SZ,20260602,51.12,53.14,49.75,52.36,51.28,1.08,2.1061,154302.03,797560.95382,51.688299487699545
300332.SZ,20260602,5.14,5.16,5.0,5.07,5.14,-0.07,-1.3619,175239.0,88494.307,5.049920793887206
300333.SZ,20260602,10.56,10.61,9.9,10.06,10.38,-0.32,-3.0829,141694.0,142920.607,10.086567321128628
300334.SZ,20260602,7.65,7.69,7.18,7.3,7.62,-0.32,-4.1995,74948.0,54894.79,7.324383572610343
300335.SZ,20260602,6.27,6.28,6.02,6.12,6.3,-0.18,-2.8571,147995.33,90614.23237,6.122776466662834
300337.SZ,20260602,12.16,12.34,11.8,12.24,12.22,0.02,0.1637,256815.05,310947.11604,12.107822965982717
300338.SZ,20260602,3.24,3.26,3.18,3.26,3.24,0.02,0.6173,45856.17,14764.70808,3.2197865805190453
300339.SZ,20260602,44.6,44.71,42.4,43.03,45.15,-2.12,-4.6955,510213.67,2203463.49412,43.1870728614543
300340.SZ,20260602,9.69,9.85,9.3,9.63,9.8,-0.17,-1.7347,63715.8,60852.2024,9.550567112082089
300341.SZ,20260602,14.66,14.8,14.0,14.48,14.69,-0.21,-1.4295,48967.15,70372.8202,14.371434768002631
300342.SZ,20260602,49.0,49.47,46.94,48.76,48.65,0.11,0.2261,192924.26,931848.25947,48.30124834844514
300343.SZ,20260602,6.96,6.97,6.82,6.93,6.98,-0.05,-0.7163,156612.85,107908.27417,6.890129013679274
300345.SZ,20260602,6.08,6.09,5.81,5.88,6.08,-0.2,-3.2895,191349.0,112577.81447,5.883376159269189
300346.SZ,20260602,49.66,50.45,48.28,49.35,49.31,0.04,0.0811,358756.23,1774693.47172,49.46794852092186
300347.SZ,20260602,39.7,40.08,38.92,39.19,39.44,-0.25,-0.6339,128972.51,508134.66951,39.39868034746319
300348.SZ,20260602,10.47,10.52,10.14,10.25,10.48,-0.23,-2.1947,140322.23,144165.43559,10.273884301154563
300349.SZ,20260602,13.24,13.63,12.83,13.33,13.25,0.08,0.6038,102932.97,136442.46661,13.255467768004753
300350.SZ,20260602,4.78,4.78,4.59,4.65,4.74,-0.09,-1.8987,132643.57,61692.38236,4.650989291075323
300351.SZ,20260602,17.61,18.3,17.02,17.84,17.59,0.25,1.4213,195733.76,345792.6946,17.66648199063871
300352.SZ,20260602,3.3,3.41,3.28,3.36,3.3,0.06,1.8182,424687.62,141977.84008,3.3431122875679775
300353.SZ,20260602,20.61,20.79,19.68,19.87,20.69,-0.82,-3.9633,204225.85,409102.1982,20.031851903174843
300354.SZ,20260602,33.13,33.28,31.81,32.36,32.95,-0.59,-1.7906,17795.91,57594.2815,32.36377431668288
300355.SZ,20260602,3.27,3.29,3.2,3.24,3.27,-0.03,-0.9174,172535.95,55675.35035,3.2268840406883315
300357.SZ,20260602,23.13,23.23,22.68,22.81,23.13,-0.32,-1.3835,54942.2,125757.6076,22.88907389947982
300358.SZ,20260602,8.48,8.48,8.25,8.33,8.45,-0.12,-1.4201,125296.95,104295.0216,8.323827643051168
300359.SZ,20260602,4.27,4.3,4.09,4.14,4.29,-0.15,-3.4965,116852.8,48539.1766,4.153873642736845
300360.SZ,20260602,14.92,14.92,14.68,14.75,14.96,-0.21,-1.4037,55104.38,81376.49046,14.767699130268774
300363.SZ,20260602,14.56,14.65,14.02,14.13,14.62,-0.49,-3.3516,134995.11,191940.15256,14.218304097089147
300364.SZ,20260602,26.7,26.75,25.06,25.59,26.6,-1.01,-3.797,512608.16,1308820.22369,25.532567091596825
300365.SZ,20260602,5.59,5.6,5.33,5.43,5.57,-0.14,-2.5135,159204.62,86200.70082,5.414459757512063
300366.SZ,20260602,5.6,5.64,5.45,5.56,5.55,0.01,0.1802,64165.0,35475.202,5.528746512896438
300368.SZ,20260602,10.22,10.25,9.66,10.03,10.27,-0.24,-2.3369,216811.0,215466.038,9.937966154853767
300369.SZ,20260602,6.75,6.76,6.37,6.5,6.62,-0.12,-1.8127,233772.59,151767.19741,6.492086921311006
300370.SZ,20260602,2.46,2.52,2.39,2.47,2.44,0.03,1.2295,296505.0,72405.326,2.441959697138328
300371.SZ,20260602,11.74,11.99,11.32,11.36,11.71,-0.35,-2.9889,33213.0,38183.02042,11.496408159455635
300373.SZ,20260602,99.38,103.98,96.1,101.5,99.25,2.25,2.267,277012.88,2789332.15698,100.69322975090545
300374.SZ,20260602,12.5,12.62,12.12,12.24,12.61,-0.37,-2.9342,43470.77,53309.29038,12.263249622677492
300375.SZ,20260602,4.44,4.44,4.27,4.32,4.41,-0.09,-2.0408,108114.0,46701.873,4.319687829513291
300376.SZ,20260602,5.14,5.19,5.0,5.15,5.12,0.03,0.5859,225235.29,115113.87135,5.11082749732513
300377.SZ,20260602,14.2,14.25,13.61,13.95,14.24,-0.29,-2.0365,218910.94,303752.05207,13.87559945930523
300378.SZ,20260602,40.6,40.6,38.41,38.77,40.39,-1.62,-4.0109,159877.79,625861.45292,39.1462411958534
300380.SZ,20260602,34.0,34.25,32.77,33.47,33.86,-0.39,-1.1518,29651.0,98658.715,33.273317931941584
300381.SZ,20260602,6.66,6.73,6.38,6.41,6.69,-0.28,-4.1854,79796.0,51840.91397,6.496680782244724
300382.SZ,20260602,15.65,16.2,15.2,15.97,15.78,0.19,1.2041,199603.26,314040.45266,15.733232646601063
300383.SZ,20260602,13.6,13.72,13.05,13.53,13.49,0.04,0.2965,643576.61,862712.12716,13.404963974063634
300384.SZ,20260602,12.95,12.99,12.5,12.6,12.93,-0.33,-2.5522,25839.8,32733.646,12.667917708341395
300385.SZ,20260602,14.5,14.94,14.38,14.8,14.65,0.15,1.0239,73074.16,107459.361,14.705521212970494
300386.SZ,20260602,11.2,11.2,10.68,10.9,11.12,-0.22,-1.9784,57421.4,62350.9014,10.858478093533073
300387.SZ,20260602,7.96,7.98,7.72,7.78,7.96,-0.18,-2.2613,46198.04,35989.70504,7.790309943885065
300388.SZ,20260602,7.77,7.78,7.63,7.66,7.8,-0.14,-1.7949,68243.21,52527.69264,7.697130987830144
300389.SZ,20260602,14.17,14.17,13.63,13.88,14.13,-0.25,-1.7693,58272.0,80742.60682,13.856158501510158
300390.SZ,20260602,84.74,85.0,77.98,81.3,84.86,-3.56,-4.1951,479187.49,3848854.15369,80.32042225664114
300393.SZ,20260602,9.28,9.3,8.64,8.97,9.25,-0.28,-3.027,371320.42,330593.36636,8.903183034210723
300394.SZ,20260602,435.08,463.01,424.47,457.0,428.88,28.12,6.5566,475258.15,21081925.8087,443.588938110793
300395.SZ,20260602,117.54,122.44,115.56,119.5,116.44,3.06,2.628,388703.67,4630132.88332,119.11729270063233
300396.SZ,20260602,8.17,8.17,7.92,8.12,8.15,-0.03,-0.3681,51998.0,41658.174,8.01149544213239
300397.SZ,20260602,13.05,13.14,12.6,12.95,13.14,-0.19,-1.446,180907.38,232799.0664,12.86841180276891
300398.SZ,20260602,35.14,35.91,34.28,35.53,35.14,0.39,1.1098,333908.78,1177315.97572,35.25861092122226
300399.SZ,20260602,20.69,20.98,19.61,20.01,20.64,-0.63,-3.0523,46338.0,92526.0576,19.967641590055678
300400.SZ,20260602,27.81,29.38,27.71,28.7,28.85,-0.15,-0.5199,119297.0,341202.7615,28.601118343294466
300401.SZ,20260602,12.3,12.33,12.05,12.06,12.31,-0.25,-2.0309,63499.0,76975.098,12.122253578796515
300402.SZ,20260602,16.02,16.18,15.45,15.67,16.02,-0.35,-2.1848,33029.0,51742.546,15.665792485391625
300403.SZ,20260602,10.51,11.16,10.51,10.66,10.43,0.23,2.2052,124118.01,133398.29999,10.747698902842547
300404.SZ,20260602,10.08,10.08,9.51,9.67,10.0,-0.33,-3.3,106642.77,103352.17671,9.69143775147626
300405.SZ,20260602,6.6,6.75,6.26,6.36,6.6,-0.24,-3.6364,103827.29,66432.57428,6.3983731329210265
300406.SZ,20260602,11.93,12.17,11.86,12.0,11.99,0.01,0.0834,49854.0,59919.47,12.01898944919164
300407.SZ,20260602,12.41,12.53,11.96,12.27,12.46,-0.19,-1.5249,66922.0,81670.2,12.203789486267596
300408.SZ,20260602,122.0,138.18,120.02,134.46,125.63,8.83,7.0286,878183.74,11527844.3514,131.26916186583003
300409.SZ,20260602,22.6,22.68,21.75,22.1,22.55,-0.45,-1.9956,185790.46,410413.78188,22.090142942753896
300410.SZ,20260602,11.42,12.97,11.1,12.8,11.75,1.05,8.9362,985929.66,1203483.6222,12.206587052062112
300411.SZ,20260602,8.3,8.38,8.03,8.35,8.3,0.05,0.6024,71445.0,58544.723,8.194376513401917
300412.SZ,20260602,4.71,4.75,4.55,4.59,4.71,-0.12,-2.5478,99095.4,45657.36192,4.60741486688585
300413.SZ,20260602,17.9,17.9,17.34,17.42,17.9,-0.48,-2.6816,152777.29,267588.75312,17.514956124696283
300414.SZ,20260602,12.07,12.21,11.92,12.01,12.11,-0.1,-0.8258,44386.81,53487.82729,12.05038778186583
300415.SZ,20260602,21.95,22.43,21.6,22.22,21.95,0.27,1.2301,101531.0,224525.73891,22.114008422058284
300416.SZ,20260602,18.55,19.18,18.1,18.6,18.56,0.04,0.2155,227517.55,426231.14072,18.73398956344247
300417.SZ,20260602,13.24,13.58,12.57,12.83,13.23,-0.4,-3.0234,47671.0,61500.85897,12.901105277841875
300418.SZ,20260602,45.0,45.0,41.66,42.3,44.99,-2.69,-5.9791,655352.59,2788682.02369,42.55239189166858
300419.SZ,20260602,6.78,8.1,6.7,7.62,6.76,0.86,12.7219,202442.2,151014.2136,7.459621244977578
300420.SZ,20260602,5.19,5.98,5.19,5.67,5.02,0.65,12.9482,2058729.63,1164666.52457,5.657209706405206
300421.SZ,20260602,22.68,22.9,21.48,22.29,22.41,-0.12,-0.5355,117975.88,262272.93908,22.231064441307833
300422.SZ,20260602,5.44,5.53,5.29,5.4,5.49,-0.09,-1.6393,138253.61,74643.69018,5.399040949455136
300423.SZ,20260602,6.74,6.75,6.37,6.56,6.69,-0.13,-1.9432,96084.38,62678.36125,6.523262287793291
300424.SZ,20260602,20.11,20.2,19.51,19.88,20.11,-0.23,-1.1437,131855.68,261491.08848,19.83161350955833
300425.SZ,20260602,4.5,4.5,4.35,4.37,4.5,-0.13,-2.8889,77743.56,34281.18796,4.4095212465186835
300426.SZ,20260602,6.64,6.66,6.19,6.25,6.63,-0.38,-5.7315,106928.49,67757.62441,6.336723207257487
300427.SZ,20260602,5.83,7.11,5.83,7.04,7.29,-0.25,-3.4294,1267932.51,825802.208,6.51298236686115
300428.SZ,20260602,20.82,21.12,20.68,20.82,20.93,-0.11,-0.5256,64598.62,134687.04495,20.849833162070645
300429.SZ,20260602,13.6,13.68,13.18,13.22,13.58,-0.36,-2.651,193751.4,259175.26709,13.376691321456258
300430.SZ,20260602,5.68,6.18,5.63,6.05,5.63,0.42,7.46,329761.64,195814.89949,5.938073921818195
300432.SZ,20260602,23.78,24.2,23.12,23.95,23.5,0.45,1.9149,357327.67,847465.33121,23.71675642163396
300433.SZ,20260602,41.68,43.0,40.3,41.23,41.83,-0.6,-1.4344,1730262.52,7225102.60536,41.757262391374
300434.SZ,20260602,10.0,10.0,9.8,9.84,10.06,-0.22,-2.1869,85353.0,84385.551,9.886653193209378
300435.SZ,20260602,18.7,18.71,17.85,18.13,18.6,-0.47,-2.5269,75207.0,136322.142,18.126257130320315
300436.SZ,20260602,100.83,101.3,94.22,96.37,101.45,-5.08,-5.0074,76017.98,732976.92879,96.42152143348193
300437.SZ,20260602,12.79,12.79,12.03,12.39,12.66,-0.27,-2.1327,84708.0,104092.918,12.288440052887568
300438.SZ,20260602,78.38,84.28,77.18,82.79,77.66,5.13,6.6057,321447.53,2592342.63565,80.64590310119975
300439.SZ,20260602,9.27,9.35,9.12,9.15,9.29,-0.14,-1.507,32551.0,29956.987,9.203092685324567
300440.SZ,20260602,17.28,17.4,16.48,16.91,17.45,-0.54,-3.0946,127471.79,215776.32452,16.92737856117028
300441.SZ,20260602,6.36,6.44,6.2,6.24,6.37,-0.13,-2.0408,38225.84,23974.76712,6.271874501646008
300442.SZ,20260602,79.61,81.36,75.77,80.23,82.19,-1.96,-2.3847,548839.35,4304198.57152,78.42365113798783
300443.SZ,20260602,26.98,26.98,26.29,26.46,27.06,-0.6,-2.2173,40413.13,107007.94162,26.47850874703345
300444.SZ,20260602,14.75,14.8,13.78,14.15,14.85,-0.7,-4.7138,457055.16,646123.92971,14.136672906394931
300445.SZ,20260602,23.27,24.08,22.9,23.4,23.38,0.02,0.0855,40631.6,95022.5132,23.386357711731755
300446.SZ,20260602,16.35,16.38,15.89,16.08,16.3,-0.22,-1.3497,63195.9,101917.3298,16.127206005452884
300447.SZ,20260602,15.91,16.05,15.4,15.82,15.94,-0.12,-0.7528,49897.0,78419.88,15.716351684470009
300448.SZ,20260602,7.98,7.98,7.32,7.76,7.9,-0.14,-1.7722,252694.76,193289.47148,7.649128596097521
300449.SZ,20260602,7.97,7.98,7.6,7.73,7.96,-0.23,-2.8894,152229.2,117686.2892,7.73086170064613
300450.SZ,20260602,49.01,49.29,46.89,48.19,49.19,-1.0,-2.0329,560002.62,2686547.69709,47.97384157041979
300451.SZ,20260602,3.97,3.98,3.82,3.84,3.96,-0.12,-3.0303,247681.27,95812.55475,3.86838111537461
300452.SZ,20260602,12.77,13.01,12.72,12.82,12.89,-0.07,-0.5431,41470.84,53318.6896,12.85691092825706
300453.SZ,20260602,9.29,9.31,9.1,9.28,9.35,-0.07,-0.7487,63074.72,58151.4834,9.21945961868717
300454.SZ,20260602,120.0,122.87,116.7,120.01,116.84,3.17,2.7131,190906.69,2290939.91814,120.00312394185872
300455.SZ,20260602,22.07,22.27,21.46,21.9,21.92,-0.02,-0.0912,71425.2,156263.2209,21.87788356210413
300456.SZ,20260602,44.0,46.77,43.4,46.2,44.5,1.7,3.8202,488761.37,2223899.36636,45.500718814173055
300457.SZ,20260602,26.44,26.66,25.2,25.66,26.44,-0.78,-2.9501,173405.88,445751.32653,25.70566387541184
300458.SZ,20260602,33.83,34.09,32.4,33.23,33.8,-0.57,-1.6864,365144.85,1211331.75438,33.174006271209905
300459.SZ,20260602,4.01,4.03,3.9,3.92,4.04,-0.12,-2.9703,775376.93,304568.12824,3.928000904540711
300460.SZ,20260602,9.64,9.75,9.46,9.65,9.64,0.01,0.1037,37199.0,35765.155,9.614547434070808
300461.SZ,20260602,47.53,51.8,46.5,49.76,47.53,2.23,4.6918,102335.6,504938.7486,49.34145581791674
300462.SZ,20260602,13.06,13.25,12.7,12.86,12.85,0.01,0.0778,18475.0,23853.824,12.911406765899864
300463.SZ,20260602,9.6,9.62,9.43,9.45,9.63,-0.18,-1.8692,38030.36,36120.1712,9.497720032100668
300464.SZ,20260602,9.3,9.46,8.93,9.02,9.31,-0.29,-3.1149,181426.0,164614.09,9.073346157662076
300465.SZ,20260602,13.98,14.35,13.52,14.05,14.0,0.05,0.3571,166553.73,232143.0732,13.938029079264691
300466.SZ,20260602,8.26,8.29,7.92,8.03,8.26,-0.23,-2.7845,71323.4,57300.3594,8.033879400028603
300467.SZ,20260602,35.44,35.76,33.41,33.94,35.44,-1.5,-4.2325,58637.0,199802.499,34.074474990193906
300468.SZ,20260602,24.53,24.64,23.41,23.78,24.48,-0.7,-2.8595,160149.59,380722.5802,23.772935054032924
300469.SZ,20260602,48.65,50.75,47.18,49.86,48.56,1.3,2.6771,66503.47,328158.03131,49.34449755930029
300470.SZ,20260602,32.08,32.35,31.71,31.77,32.22,-0.45,-1.3966,13624.2,43435.1836,31.88090574125453
300471.SZ,20260602,10.08,10.13,9.7,9.82,10.11,-0.29,-2.8684,60588.0,59486.198,9.818148478246517
300472.SZ,20260602,8.55,8.6,8.2,8.5,8.54,-0.04,-0.4684,37916.0,31854.186,8.401251714315856
300473.SZ,20260602,35.25,37.12,35.08,35.89,35.4,0.49,1.3842,93751.0,338963.316,36.15570137918529
300474.SZ,20260602,56.96,57.18,54.9,55.84,56.61,-0.77,-1.3602,90189.34,504466.32339,55.93414070775992
300475.SZ,20260602,168.0,179.35,165.3,175.13,167.09,8.04,4.8118,348483.36,6050831.56932,173.63329971680713
300476.SZ,20260602,343.0,356.31,334.16,349.08,342.35,6.73,1.9658,420825.07,14573679.0451,346.31204469591125
300477.SZ,20260602,2.7,2.71,2.6,2.63,2.72,-0.09,-3.3088,305014.38,80695.72824,2.6456368463677022
300478.SZ,20260602,45.5,45.8,42.02,42.97,44.81,-1.84,-4.1062,66673.7,288351.6438,43.248183886599975
300479.SZ,20260602,15.22,15.31,14.61,14.84,15.13,-0.29,-1.9167,34430.08,51031.22642,14.821698474124949
300480.SZ,20260602,32.48,33.44,31.53,32.73,32.48,0.25,0.7697,137653.41,448828.17582,32.605670707322105
300481.SZ,20260602,14.55,14.63,13.6,13.95,14.6,-0.65,-4.4521,126957.66,177272.9331,13.96315378686091
300482.SZ,20260602,17.65,17.74,17.39,17.41,17.59,-0.18,-1.0233,37465.73,65660.4403,17.525466686489224
300483.SZ,20260602,20.96,21.12,19.55,19.92,20.8,-0.88,-4.2308,242084.0,486501.92572,20.09640974702996
300484.SZ,20260602,15.59,15.82,14.8,15.06,15.51,-0.45,-2.9014,28852.79,43564.57664,15.098913013264921
300485.SZ,20260602,9.03,9.03,8.77,8.86,9.06,-0.2,-2.2075,40415.0,35794.702,8.856786341704812
300486.SZ,20260602,25.01,29.98,24.99,29.98,24.98,5.0,20.016,653851.02,1837525.67781,28.103124742544562
300487.SZ,20260602,59.05,59.19,56.77,56.86,58.98,-2.12,-3.5944,51231.5,292814.05116,57.15508059689839
300488.SZ,20260602,32.39,32.87,31.45,32.2,32.39,-0.19,-0.5866,38482.65,123554.4079,32.10652278364406
300489.SZ,20260602,136.63,142.2,131.01,137.15,138.61,-1.46,-1.0533,99206.0,1354728.073,136.55707043928797
300490.SZ,20260602,15.73,15.86,14.91,15.56,15.66,-0.1,-0.6386,131690.0,202138.189,15.349547346039943
300491.SZ,20260602,31.87,33.58,31.3,32.7,33.2,-0.5,-1.506,157769.74,511950.51118,32.44922069213019
300492.SZ,20260602,43.84,44.5,42.5,42.76,43.83,-1.07,-2.4413,19494.93,83901.83021,43.03776941491967
300493.SZ,20260602,15.27,15.47,14.88,15.02,15.35,-0.33,-2.1498,188057.28,284628.63671,15.135209693025445
300494.SZ,20260602,9.56,9.64,9.25,9.37,9.59,-0.22,-2.2941,66242.2,61976.749,9.35608252745229
300496.SZ,20260602,67.5,68.26,63.55,63.67,65.76,-2.09,-3.1782,248911.03,1632830.78662,65.59897271808323
300497.SZ,20260602,15.4,15.5,15.03,15.37,15.39,-0.02,-0.13,170737.86,260112.92182,15.2346364081171
300498.SZ,20260602,13.6,13.7,13.15,13.22,13.63,-0.41,-3.0081,560818.56,746430.68421,13.309664434251246
300499.SZ,20260602,36.52,37.28,35.08,36.9,36.64,0.26,0.7096,243455.43,884631.25218,36.33647654439254
300500.SZ,20260602,11.48,11.63,10.89,10.98,11.46,-0.48,-4.1885,45039.0,49851.6836,11.06855915983925
300501.SZ,20260602,13.87,13.99,12.84,13.13,13.87,-0.74,-5.3353,65150.17,85616.40205,13.141393499049965
300502.SZ,20260602,696.0,752.0,693.1,747.0,679.82,67.18,9.882,387106.77,28143777.0596,727.0288003384699
300503.SZ,20260602,74.51,77.88,73.61,74.37,72.37,2.0,2.7636,244570.2,1842988.29297,75.35620827762335
300504.SZ,20260602,18.96,19.1,18.32,18.53,19.06,-0.53,-2.7807,96223.58,178926.0588,18.59482455339949
300505.SZ,20260602,21.09,21.14,19.96,20.32,21.13,-0.81,-3.8334,130634.07,265148.8391,20.297066385514896
300506.SZ,20260602,4.88,4.94,4.83,4.87,4.87,0.0,0.0,56125.7,27379.8329,4.878305820684642
300507.SZ,20260602,7.83,7.87,7.46,7.71,7.82,-0.11,-1.4066,175278.99,133468.67473,7.614641933411415
300508.SZ,20260602,40.63,44.4,40.55,42.6,40.36,2.24,5.55,57311.32,246032.33032,42.92909853062188
300509.SZ,20260602,9.99,10.06,9.56,9.9,10.02,-0.12,-1.1976,64229.5,62982.0835,9.805787605383818
300510.SZ,20260602,3.88,3.9,3.7,3.77,3.85,-0.08,-2.0779,203071.0,76462.79738,3.7653233292789223
300511.SZ,20260602,6.2,6.25,6.02,6.1,6.24,-0.14,-2.2436,184150.85,112001.9828,6.082077970316183
300512.SZ,20260602,8.14,8.24,7.86,7.92,8.17,-0.25,-3.06,41171.2,32802.0707,7.967236976332971
300513.SZ,20260602,8.36,8.42,7.94,8.04,8.36,-0.32,-3.8278,93628.4,75702.282,8.085397379427611
300514.SZ,20260602,11.42,11.48,10.84,10.95,11.36,-0.41,-3.6092,34790.0,38294.81,11.007418798505316
300515.SZ,20260602,16.2,16.38,15.9,15.97,16.21,-0.24,-1.4806,17846.0,28662.602,16.061079233441667
300516.SZ,20260602,33.78,33.92,32.17,32.95,33.79,-0.84,-2.4859,35876.5,117948.6838,32.876307276350815
300517.SZ,20260602,11.94,11.94,11.33,11.72,11.76,-0.04,-0.3401,62975.0,72787.1314,11.558099468042872
300518.SZ,20260602,29.11,29.6,27.6,29.04,29.6,-0.56,-1.8919,134236.06,383679.85584,28.58247298378692
300519.SZ,20260602,14.28,14.36,13.7,13.8,14.29,-0.49,-3.429,28277.0,39254.68,13.882194009265481
300520.SZ,20260602,34.69,35.57,33.79,34.61,34.93,-0.32,-0.9161,139174.03,481087.77565,34.567352519000856
300521.SZ,20260602,25.66,25.81,24.63,24.78,25.25,-0.47,-1.8614,35733.0,89253.002,24.97775221783785
300522.SZ,20260602,12.34,12.45,11.85,12.08,12.35,-0.27,-2.1862,44678.36,53882.29796,12.060043824348075
300523.SZ,20260602,21.88,21.88,21.17,21.45,21.83,-0.38,-1.7407,28375.55,61007.95051,21.5001825550518
300525.SZ,20260602,8.97,9.26,8.76,9.26,8.98,0.28,3.118,201558.53,182561.81066,9.057508539082914
300527.SZ,20260602,7.62,7.85,7.56,7.71,7.65,0.06,0.7843,95650.28,73749.2354,7.710300001212752
300528.SZ,20260602,17.55,17.56,16.32,16.7,17.58,-0.88,-5.0057,160240.0,268292.657,16.743176298052923
300529.SZ,20260602,18.3,18.58,18.13,18.13,18.26,-0.13,-0.7119,53626.49,98293.63156,18.329305453330992
300530.SZ,20260602,21.86,21.88,20.42,20.75,21.63,-0.88,-4.0684,24152.0,50173.092,20.773887048691616
300531.SZ,20260602,15.96,16.03,15.26,15.67,15.99,-0.32,-2.0013,103885.06,161451.42589,15.541351748750014
300532.SZ,20260602,7.1,7.13,6.96,7.03,7.13,-0.1,-1.4025,68432.92,48013.0059,7.016068567584139
300533.SZ,20260602,16.58,16.68,15.88,15.99,16.61,-0.62,-3.7327,62420.36,100133.49824,16.041800822680294
300534.SZ,20260602,8.16,8.24,7.93,7.99,8.17,-0.18,-2.2032,43018.45,34542.6303,8.029724525174663
300535.SZ,20260602,16.7,17.2,15.83,16.01,16.67,-0.66,-3.9592,31805.45,51296.18175,16.128110669712267
300536.SZ,20260602,10.67,10.89,10.1,10.58,10.7,-0.12,-1.1215,182079.0,191611.547,10.523539068206658
300537.SZ,20260602,26.33,26.76,25.55,25.78,26.33,-0.55,-2.0889,121716.6,315675.5226,25.935289237458164
300538.SZ,20260602,16.73,17.18,16.42,17.01,16.75,0.26,1.5522,90085.75,151624.35312,16.83111403523865
300539.SZ,20260602,24.3,24.38,22.93,23.42,24.14,-0.72,-2.9826,58160.21,136310.73619,23.43711210636963
300540.SZ,20260602,25.72,26.01,24.87,25.45,25.74,-0.29,-1.1267,59533.4,150949.7948,25.35548025142189
300541.SZ,20260602,11.14,11.21,10.85,10.98,11.17,-0.19,-1.701,78567.82,86256.45633,10.978598659094779
300542.SZ,20260602,13.32,13.49,12.88,13.04,13.35,-0.31,-2.3221,39998.2,52215.0172,13.054341745378544
300543.SZ,20260602,8.82,9.05,8.51,8.61,8.82,-0.21,-2.381,66361.06,57564.4967,8.674439000823677
300545.SZ,20260602,33.53,35.73,33.53,34.6,33.74,0.86,2.5489,112856.0,391845.29769,34.72082101882044
300546.SZ,20260602,17.67,17.75,16.8,17.04,17.61,-0.57,-3.2368,39455.3,67286.9591,17.053972242005507
300547.SZ,20260602,35.1,37.1,34.7,36.42,33.87,2.55,7.5288,180957.97,651402.07412,35.99742382830665
300548.SZ,20260602,224.0,240.35,218.99,234.6,219.34,15.26,6.9572,201911.38,4646818.90133,230.1415057105746
300549.SZ,20260602,16.12,16.28,15.55,15.62,15.93,-0.31,-1.946,28284.0,44559.082,15.754165605996324
300550.SZ,20260602,12.1,12.88,12.1,12.62,15.12,-2.5,-16.5344,211522.81,263763.5535,12.469745154198735
300551.SZ,20260602,11.85,11.92,11.16,11.49,11.84,-0.35,-2.9561,102773.0,117426.947,11.425855720860538
300552.SZ,20260602,27.9,28.4,26.77,26.96,28.04,-1.08,-3.8516,73935.0,201181.264,27.21055846351525
300553.SZ,20260602,60.43,64.67,59.36,63.42,60.8,2.62,4.3092,40064.4,248656.60747,62.06422845967991
300554.SZ,20260602,26.89,28.6,26.11,27.4,27.05,0.35,1.2939,80288.51,217101.77967,27.040205338223366
300555.SZ,20260602,13.34,13.62,13.1,13.49,13.28,0.21,1.5813,14267.0,19133.696,13.411155814116494
300556.SZ,20260602,19.63,19.77,18.84,18.93,19.63,-0.7,-3.566,55965.0,106939.192,19.108226927544003
300557.SZ,20260602,34.35,35.02,33.89,34.72,34.22,0.5,1.4611,25202.85,87051.1877,34.54021576924832
300558.SZ,20260602,50.64,50.68,47.57,48.33,51.22,-2.89,-5.6423,155000.71,757181.8508,48.85021822158105
300559.SZ,20260602,11.54,11.78,11.16,11.62,11.6,0.02,0.1724,77050.0,88060.68,11.429030499675534
300560.SZ,20260602,18.88,19.08,18.14,18.64,19.14,-0.5,-2.6123,233566.0,433627.0679,18.565504735278253
300561.SZ,20260602,21.7,22.74,20.9,22.03,21.97,0.06,0.2731,331784.64,726060.73025,21.883494373036676
300562.SZ,20260602,12.53,12.64,12.18,12.34,12.59,-0.25,-1.9857,53404.07,66107.81284,12.378796754629375
300563.SZ,20260602,29.89,30.5,29.31,30.16,29.89,0.27,0.9033,46074.44,137987.50794,29.948819332367364
300564.SZ,20260602,15.2,15.25,14.16,14.31,15.02,-0.71,-4.727,46864.6,67626.9792,14.43029049645148
300565.SZ,20260602,13.2,13.46,12.89,12.94,13.2,-0.26,-1.9697,168861.0,221194.475,13.099204375196168
300566.SZ,20260602,22.82,25.5,22.57,24.68,23.0,1.68,7.3043,351635.69,847298.98154,24.09593239923968
300567.SZ,20260602,187.25,194.93,182.84,187.0,184.23,2.77,1.5036,88822.5,1682049.23061,189.37197563792955
300568.SZ,20260602,16.95,17.07,16.12,16.25,17.03,-0.78,-4.5802,811556.34,1328919.04958,16.374945078736005
300569.SZ,20260602,5.46,5.48,5.23,5.33,5.46,-0.13,-2.381,181866.95,96604.08985,5.311800184145607
300570.SZ,20260602,147.99,163.95,146.0,160.85,147.75,13.1,8.8663,243841.01,3822080.059,156.7447599975082
300571.SZ,20260602,45.99,46.38,43.33,45.18,45.43,-0.25,-0.5503,102140.0,457108.679,44.753150479733705
300572.SZ,20260602,29.2,29.53,27.58,28.77,29.18,-0.41,-1.4051,54219.0,154577.716,28.509879562514982
300573.SZ,20260602,38.7,38.94,37.91,38.71,38.81,-0.1,-0.2577,53339.34,205110.09073,38.45381115139408
300575.SZ,20260602,6.23,6.23,5.98,6.03,6.21,-0.18,-2.8986,93899.0,56761.493,6.044951809923429
300576.SZ,20260602,42.52,44.04,41.94,42.08,42.52,-0.44,-1.0348,205494.61,875050.67495,42.58265824831124
300577.SZ,20260602,16.98,17.11,16.63,16.84,16.93,-0.09,-0.5316,21901.14,36753.68498,16.78163099272458
300578.SZ,20260602,19.6,19.71,18.23,18.85,18.94,-0.09,-0.4752,75037.0,140621.321,18.740264269626984
300579.SZ,20260602,23.68,24.11,23.0,23.23,23.73,-0.5,-2.107,31882.0,74539.23925,23.379725001568282
300580.SZ,20260602,23.59,23.8,22.67,23.01,23.01,0.0,0.0,118007.62,273956.98784,23.215194734034974
300581.SZ,20260602,11.02,11.18,10.54,10.78,11.02,-0.24,-2.1779,73025.84,78260.89006,10.716876390603655
300582.SZ,20260602,14.81,14.81,14.12,14.59,14.7,-0.11,-0.7483,67762.08,98305.43102,14.507440004793242
300583.SZ,20260602,13.16,13.21,12.8,12.86,13.18,-0.32,-2.4279,33809.46,43664.31728,12.91482244318602
300584.SZ,20260602,34.54,34.55,33.0,33.39,34.56,-1.17,-3.3854,33997.8,113538.4654,33.39582720058357
300585.SZ,20260602,18.45,18.5,17.31,18.15,18.27,-0.12,-0.6568,57776.0,103328.915,17.884400962337303
300586.SZ,20260602,11.4,11.57,10.97,11.4,11.3,0.1,0.885,271672.13,307033.80845,11.30163069910778
300587.SZ,20260602,5.1,5.1,4.77,4.85,5.06,-0.21,-4.1502,280939.68,136964.5418,4.875229508341435
300588.SZ,20260602,19.25,19.58,18.55,19.28,19.25,0.03,0.1558,37587.0,71268.988,18.96107377550749
300589.SZ,20260602,13.73,13.75,13.13,13.37,13.73,-0.36,-2.622,89654.83,119474.01477,13.325998696333482
300590.SZ,20260602,14.8,14.88,14.51,14.65,14.83,-0.18,-1.2138,137315.67,201466.96929,14.671811985478422
300591.SZ,20260602,7.89,8.0,7.5,7.59,7.89,-0.3,-3.8023,123130.6,94075.4004,7.640294159209814
300592.SZ,20260602,12.26,12.31,11.93,11.99,12.3,-0.31,-2.5203,91773.2,110629.8276,12.054698713785726
300593.SZ,20260602,35.16,36.18,33.56,35.74,35.2,0.54,1.5341,295664.24,1036535.46182,35.05785690619873
300594.SZ,20260602,17.78,17.99,17.07,17.32,17.79,-0.47,-2.6419,25981.0,45251.227,17.41704591817097
300595.SZ,20260602,12.14,12.22,12.0,12.0,12.19,-0.19,-1.5587,64665.7,78273.14418,12.104275401024037
300596.SZ,20260602,47.5,48.27,46.83,47.73,47.59,0.14,0.2942,67123.77,319729.60604,47.63284392995209
300597.SZ,20260602,8.73,8.77,8.32,8.41,8.71,-0.3,-3.4443,71632.0,60456.819,8.439917774179138
300598.SZ,20260602,34.15,34.88,33.2,33.99,34.6,-0.61,-1.763,70099.21,237241.01133,33.843606986441074
300599.SZ,20260602,12.88,13.17,12.52,12.78,13.06,-0.28,-2.144,137554.6,176008.1202,12.795509579468806
300600.SZ,20260602,11.09,11.16,10.66,10.84,11.08,-0.24,-2.1661,33058.2,35755.1992,10.815833650954986
300601.SZ,20260602,12.66,12.71,12.36,12.43,12.69,-0.26,-2.0489,96585.17,120486.92422,12.474681591387167
300602.SZ,20260602,44.01,45.6,43.08,45.0,44.62,0.38,0.8516,371268.16,1654525.92874,44.564175089509426
300603.SZ,20260602,9.21,9.23,8.8,9.13,9.21,-0.08,-0.8686,181075.5,163124.46774,9.00864378339422
300604.SZ,20260602,205.0,212.3,199.73,207.62,203.64,3.98,1.9544,232973.35,4818477.59375,206.82526966067147
300605.SZ,20260602,11.54,11.64,10.96,11.03,11.56,-0.53,-4.5848,74195.0,82492.696,11.11836323202372
300606.SZ,20260602,33.16,33.83,32.01,33.1,33.3,-0.2,-0.6006,77324.5,255446.1745,33.03560637314176
300607.SZ,20260602,31.06,31.38,30.3,30.37,30.62,-0.25,-0.8165,157420.57,483551.69176,30.717185928116
300608.SZ,20260602,12.59,12.97,12.03,12.27,12.4,-0.13,-1.0484,337115.36,419035.56658,12.430034827840535
300609.SZ,20260602,38.02,38.56,37.03,37.9,38.23,-0.33,-0.8632,31913.0,120394.559,37.725866888102026
300610.SZ,20260602,11.23,11.25,10.78,10.83,11.21,-0.38,-3.3898,50228.9,54665.3807,10.883252609553464
300611.SZ,20260602,27.6,27.96,26.59,26.79,27.83,-1.04,-3.737,62723.0,169146.44473,26.96721214387067
300612.SZ,20260602,13.92,14.0,12.9,13.09,13.75,-0.66,-4.8,123222.35,162907.3041,13.220597083240175
300613.SZ,20260602,59.51,60.11,57.1,58.38,59.14,-0.76,-1.2851,97885.83,572303.34273,58.46641365047424
300614.SZ,20260602,12.3,12.3,11.73,11.88,12.3,-0.42,-3.4146,32403.29,38653.57981,11.92890592591061
300615.SZ,20260602,11.86,11.97,11.35,11.49,11.74,-0.25,-2.1295,57913.7,66702.1675,11.517510968907185
300616.SZ,20260602,15.06,15.37,14.22,14.64,15.02,-0.38,-2.53,60700.47,88473.51443,14.575424939872788
300617.SZ,20260602,67.21,67.6,62.01,64.2,68.4,-4.2,-6.1404,91298.73,586155.11225,64.20189111611958
300618.SZ,20260602,38.5,38.77,37.1,38.74,38.5,0.24,0.6234,60228.37,229070.23875,38.03361086311982
300619.SZ,20260602,41.0,41.33,39.54,40.6,41.2,-0.6,-1.4563,52470.65,211951.2325,40.3942456401817
300620.SZ,20260602,284.15,323.33,283.0,320.02,278.65,41.37,14.8466,285909.18,8737358.69605,305.59909605036114
300621.SZ,20260602,8.13,8.15,7.63,7.68,8.04,-0.36,-4.4776,53591.0,41595.67,7.761689462782929
300622.SZ,20260602,17.39,17.54,16.86,16.9,17.59,-0.69,-3.9227,65225.62,111202.92116,17.04896345331788
300623.SZ,20260602,33.0,33.76,32.5,32.59,33.44,-0.85,-2.5419,330952.74,1093730.38564,33.047932633523445
300624.SZ,20260602,63.0,63.88,59.66,60.15,62.9,-2.75,-4.372,97645.04,591223.25785,60.548211957309874
300625.SZ,20260602,11.44,11.52,11.01,11.13,11.45,-0.32,-2.7948,22750.0,25369.836,11.151576263736263
300626.SZ,20260602,33.65,35.3,33.65,34.23,34.05,0.18,0.5286,125967.8,433983.1306,34.45190998016953
300627.SZ,20260602,28.5,29.7,28.26,29.23,27.9,1.33,4.767,160207.31,463100.85623,28.90634991811547
300628.SZ,20260602,38.0,39.94,37.61,39.5,38.15,1.35,3.5387,230054.9,901242.81413,39.1751192489271
300629.SZ,20260602,22.65,22.79,21.81,22.41,22.68,-0.27,-1.1905,76711.53,171295.05766,22.32976681080406
300631.SZ,20260602,24.9,24.9,23.73,24.36,24.63,-0.27,-1.0962,24268.0,58695.41,24.186340036261743
300632.SZ,20260602,26.83,28.16,25.73,27.71,26.82,0.89,3.3184,349143.62,944149.4681,27.04186512415722
300633.SZ,20260602,20.5,20.8,20.11,20.43,20.57,-0.14,-0.6806,46125.17,94266.30295,20.437063527353935
300634.SZ,20260602,26.4,26.97,25.65,25.82,26.35,-0.53,-2.0114,269676.16,706903.7979,26.213062285520536
300635.SZ,20260602,14.2,14.33,13.59,13.86,14.18,-0.32,-2.2567,47508.6,65804.3834,13.851046631557235
300636.SZ,20260602,7.05,7.06,6.8,6.82,7.03,-0.21,-2.9872,50310.84,34588.00908,6.874862172843866
300637.SZ,20260602,10.11,10.13,9.65,9.75,10.1,-0.35,-3.4653,61522.29,60273.33113,9.796990835354146
300638.SZ,20260602,23.29,23.65,22.75,22.83,23.28,-0.45,-1.933,182860.16,422060.85481,23.08107215973124
300639.SZ,20260602,5.82,5.82,5.56,5.61,5.82,-0.21,-3.6082,124511.0,70048.821,5.625914256571708
300640.SZ,20260602,6.92,6.95,6.45,6.53,6.83,-0.3,-4.3924,158031.01,103880.80912,6.573444611915091
300641.SZ,20260602,15.46,15.56,15.1,15.15,15.41,-0.26,-1.6872,48578.5,74111.284,15.255984437559826
300642.SZ,20260602,14.28,14.35,13.69,13.79,14.2,-0.41,-2.8873,24096.03,33347.84606,13.83956031761249
300643.SZ,20260602,17.45,17.65,16.75,17.55,17.15,0.4,2.3324,52012.75,89648.98875,17.235964018437787
300644.SZ,20260602,25.18,25.4,24.31,24.73,25.01,-0.28,-1.1196,23224.0,57227.871,24.641694367895283
300645.SZ,20260602,14.68,14.74,14.03,14.1,14.59,-0.49,-3.3585,44561.0,63330.776,14.212153228159153
300647.SZ,20260602,6.54,6.83,6.46,6.75,6.57,0.18,2.7397,335503.5,223218.363,6.653235003509651
300648.SZ,20260602,49.01,50.27,48.5,48.66,49.04,-0.38,-0.7749,21033.54,103539.52404,49.22591443950947
300649.SZ,20260602,29.15,29.15,24.46,26.05,25.26,0.79,3.1275,220416.33,573036.77504,25.99792742397988
300650.SZ,20260602,13.98,14.0,13.4,13.71,13.96,-0.25,-1.7908,67245.0,92124.6582,13.699852509480259
300651.SZ,20260602,27.95,28.0,24.52,24.54,28.5,-3.96,-13.8947,203859.53,520269.2067,25.520965671803523
300652.SZ,20260602,42.47,44.08,41.35,43.36,42.38,0.98,2.3124,35806.6,152525.7641,42.597108940809804
300653.SZ,20260602,16.43,16.45,15.9,15.97,16.44,-0.47,-2.8589,15914.72,25537.67491,16.04657506384027
300654.SZ,20260602,9.7,10.97,9.66,10.54,9.63,0.91,9.4496,374390.5,392792.84218,10.491528021677901
300655.SZ,20260602,14.6,14.75,14.17,14.5,14.56,-0.06,-0.4121,428805.23,622146.16389,14.508828726039557
300656.SZ,20260602,29.95,32.0,29.0,30.83,30.1,0.73,2.4252,81600.96,248029.61832,30.39542896554158
300657.SZ,20260602,40.75,40.98,38.9,40.12,40.05,0.07,0.1748,508787.42,2036361.00051,40.02380798860947
300658.SZ,20260602,12.4,12.4,11.58,12.07,12.34,-0.27,-2.188,100704.2,120184.5018,11.934408078312524
300659.SZ,20260602,11.53,11.55,11.07,11.25,11.45,-0.2,-1.7467,49024.0,54895.033,11.197583428524805
300660.SZ,20260602,43.35,44.17,42.65,42.87,42.69,0.18,0.4216,57487.62,248719.83656,43.264938879014295
300661.SZ,20260602,106.0,109.5,102.3,106.58,105.66,0.92,0.8707,301164.27,3180080.25585,105.5928797878314
300662.SZ,20260602,22.11,22.25,21.45,21.6,22.25,-0.65,-2.9213,31305.0,67792.638,21.65553042644945
300663.SZ,20260602,8.18,8.25,7.82,7.94,8.2,-0.26,-3.1707,178861.09,142034.69855,7.941061890543103
300664.SZ,20260602,5.04,5.12,4.94,5.08,5.07,0.01,0.1972,120295.0,60426.623,5.023203208778419
300665.SZ,20260602,9.72,9.99,9.26,9.62,9.72,-0.1,-1.0288,100366.0,95297.179,9.49496632325688
300666.SZ,20260602,188.6,215.88,188.6,209.22,188.06,21.16,11.2517,258815.96,5361965.69408,207.17291522825718
300667.SZ,20260602,16.97,17.44,16.52,17.11,16.96,0.15,0.8844,69763.7,118642.3814,17.0063201063017
300668.SZ,20260602,60.89,61.23,58.7,59.69,59.94,-0.25,-0.4171,53975.0,323954.98781,60.019451192218625
300669.SZ,20260602,29.33,29.35,27.48,28.27,29.22,-0.95,-3.2512,20905.75,58818.7225,28.135188883441163
300670.SZ,20260602,6.9,6.98,6.49,6.88,6.87,0.01,0.1456,162542.0,109523.74,6.738180900936373
300671.SZ,20260602,44.63,45.2,42.64,43.87,44.9,-1.03,-2.294,86401.79,379410.786,43.912375657958016
300672.SZ,20260602,318.82,321.82,296.0,314.32,312.58,1.74,0.5567,139795.95,4306848.97937,308.0810981555617
300673.SZ,20260602,15.42,15.49,15.06,15.36,15.46,-0.1,-0.6468,30565.5,46741.6915,15.292303904729188
300674.SZ,20260602,17.23,17.26,16.78,16.88,17.18,-0.3,-1.7462,72593.67,122946.76295,16.93629251007698
300675.SZ,20260602,14.95,14.98,14.13,14.18,14.86,-0.68,-4.576,36903.0,52847.567,14.320669593258001
300676.SZ,20260602,36.3,36.4,35.6,36.1,36.4,-0.3,-0.8242,48046.87,172509.87595,35.90449824306973
300677.SZ,20260602,45.49,49.6,45.14,46.68,45.09,1.59,3.5263,249193.72,1183992.38831,47.51293043460325
300678.SZ,20260602,25.0,25.11,24.32,24.53,24.93,-0.4,-1.6045,40635.0,99746.0285,24.546826258151842
300679.SZ,20260602,53.69,59.2,51.92,58.21,53.81,4.4,8.1769,324537.68,1814495.56297,55.910166208435335
300680.SZ,20260602,34.3,34.54,33.08,34.33,33.97,0.36,1.0598,63782.1,217013.95457,34.024272416555746
300681.SZ,20260602,31.65,33.56,31.5,32.64,31.82,0.82,2.577,140845.57,456315.9626,32.398318427764536
300682.SZ,20260602,12.76,12.85,12.2,12.47,12.78,-0.31,-2.4257,169826.65,211249.32285,12.439114994613625
300683.SZ,20260602,27.49,27.53,25.94,26.13,27.52,-1.39,-5.0509,56340.0,148406.596,26.34124884629038
300684.SZ,20260602,56.84,59.66,55.51,58.04,58.0,0.04,0.069,148464.68,861239.00291,58.00968977335216
300686.SZ,20260602,15.64,16.62,14.85,16.35,15.45,0.9,5.8252,169997.0,266407.17,15.671286552115625
300687.SZ,20260602,26.43,26.82,25.16,25.63,26.08,-0.45,-1.7255,169340.15,437551.44335,25.83861200961497
300688.SZ,20260602,25.73,25.73,24.58,24.87,25.66,-0.79,-3.0787,44959.5,111853.896,24.878812264371266
300689.SZ,20260602,54.54,55.09,51.8,51.93,54.55,-2.62,-4.8029,22953.0,121265.801,52.83222280311942
300690.SZ,20260602,25.52,25.67,24.55,24.9,25.67,-0.77,-2.9996,33331.17,82911.81835,24.875159902877698
300691.SZ,20260602,16.03,16.35,15.77,15.78,16.1,-0.32,-1.9876,71716.69,114288.20748,15.936068365676107
300692.SZ,20260602,8.3,8.45,8.05,8.32,8.18,0.14,1.7115,108242.26,89144.2986,8.235627988550867
300693.SZ,20260602,51.23,51.5,48.21,50.41,50.94,-0.53,-1.0404,144984.91,720394.73084,49.68756616395457
300694.SZ,20260602,10.89,10.9,10.38,10.55,10.81,-0.26,-2.4052,45935.0,48460.66,10.549833460324372
300695.SZ,20260602,62.0,63.22,59.35,61.95,62.26,-0.31,-0.4979,13809.45,84471.13435,61.169079398527806
300696.SZ,20260602,30.43,30.69,28.99,29.22,30.38,-1.16,-3.8183,72781.16,214333.4674,29.449031507604438
300697.SZ,20260602,16.53,17.08,16.39,16.9,16.48,0.42,2.5485,106139.58,178195.7827,16.78881551067001
300698.SZ,20260602,34.66,35.1,33.8,34.19,34.9,-0.71,-2.0344,22120.5,75752.9165,34.2455715286725
300699.SZ,20260602,29.56,29.66,28.6,29.13,29.63,-0.5,-1.6875,145592.85,423175.67165,29.06569049579014
300700.SZ,20260602,18.61,19.42,18.06,19.32,18.74,0.58,3.095,133651.46,251446.0823,18.813567940073384
300701.SZ,20260602,11.06,11.17,10.7,10.87,11.07,-0.2,-1.8067,42668.0,46398.31,10.874264085497327
300702.SZ,20260602,19.3,19.33,18.92,19.07,19.25,-0.18,-0.9351,26186.84,50126.84904,19.141999966395336
300703.SZ,20260602,17.48,17.55,16.2,16.42,17.61,-1.19,-6.7575,116022.51,192837.51902,16.62069877819399
300705.SZ,20260602,11.79,12.2,11.75,12.03,11.85,0.18,1.519,86128.0,103860.34347,12.058836089308937
300706.SZ,20260602,47.33,52.91,47.2,51.31,48.18,3.13,6.4965,159725.4,809189.8478,50.66131296587769
300707.SZ,20260602,13.13,13.25,12.78,12.95,13.13,-0.18,-1.3709,52185.0,67545.056,12.943385263964739
300708.SZ,20260602,8.99,9.05,8.64,8.74,9.0,-0.26,-2.8889,309517.35,272302.13999,8.79763735344723
300709.SZ,20260602,44.23,49.3,44.23,48.1,44.66,3.44,7.7026,169905.33,800863.24557,47.1358518046491
300710.SZ,20260602,35.29,39.78,35.01,36.99,36.92,0.07,0.1896,119638.85,451783.00375,37.762232230583955
300711.SZ,20260602,19.46,19.6,18.9,19.01,19.46,-0.45,-2.3124,43840.8,83857.4748,19.127724585317786
300712.SZ,20260602,23.31,23.58,22.32,22.98,23.44,-0.46,-1.9625,24525.53,55731.42876,22.723842771185787
300713.SZ,20260602,15.96,16.27,15.25,15.43,15.97,-0.54,-3.3813,37442.1,58022.5312,15.496601739752844
300715.SZ,20260602,23.32,24.96,21.9,24.38,21.76,2.62,12.0404,489512.78,1160580.56908,23.708892116769658
300716.SZ,20260602,14.83,15.2,14.6,14.63,15.16,-0.53,-3.496,25413.64,37641.6093,14.811577286842812
300717.SZ,20260602,19.2,19.4,18.28,18.46,19.09,-0.63,-3.3002,19884.0,36955.251,18.58542094146047
300718.SZ,20260602,73.99,77.36,73.3,74.4,71.97,2.43,3.3764,130825.41,986773.2336,75.42672586311788
300719.SZ,20260602,12.67,12.76,12.24,12.56,12.68,-0.12,-0.9464,35879.5,44675.417,12.451516046767653
300720.SZ,20260602,65.6,68.94,64.31,67.0,65.68,1.32,2.0097,83194.59,557321.72973,66.99014079280877
300721.SZ,20260602,32.97,34.2,31.68,31.96,33.4,-1.44,-4.3114,201054.1,654800.7073,32.56838369871592
300722.SZ,20260602,23.97,24.04,23.15,23.48,24.03,-0.55,-2.2888,22248.77,52209.17175,23.466093518877674
300723.SZ,20260602,42.19,42.39,38.5,38.56,42.4,-3.84,-9.0566,200037.85,804830.16249,40.23389386008698
300724.SZ,20260602,78.03,78.62,73.93,75.58,78.62,-3.04,-3.8667,151814.55,1147988.68051,75.61782981341382
300725.SZ,20260602,35.11,35.11,34.0,34.31,35.17,-0.86,-2.4453,55715.56,192104.80097,34.479560282621236
300726.SZ,20260602,60.2,66.3,59.08,65.23,60.16,5.07,8.4275,265989.77,1697935.13218,63.8346028187475
300727.SZ,20260602,33.36,33.99,32.8,33.15,33.77,-0.62,-1.8359,47995.93,160054.76545,33.34757039815668
300729.SZ,20260602,11.56,11.67,11.13,11.22,11.61,-0.39,-3.3592,38109.0,42892.644,11.255253089821302
300730.SZ,20260602,15.3,15.42,14.3,14.57,15.21,-0.64,-4.2078,122399.0,179133.722,14.63522757538869
300731.SZ,20260602,62.6,63.38,57.64,61.44,62.03,-0.59,-0.9512,92646.39,564727.68671,60.95517447684686
300732.SZ,20260602,7.23,7.23,6.86,6.93,7.18,-0.25,-3.4819,83739.69,58305.40932,6.962697057990064
300733.SZ,20260602,16.93,17.49,16.65,16.98,16.97,0.01,0.0589,63948.6,109116.677,17.063184651423175
300735.SZ,20260602,22.05,23.15,21.73,22.53,22.05,0.48,2.1769,287688.8,648807.0272,22.552390889043995
300736.SZ,20260602,33.23,33.59,30.97,31.92,33.28,-1.36,-4.0865,84038.0,266638.691,31.728348009233915
300737.SZ,20260602,7.4,7.72,6.84,7.59,7.76,-0.17,-2.1907,802317.61,591138.56639,7.3678872185044035
300738.SZ,20260602,21.86,22.05,20.87,22.03,21.72,0.31,1.4273,569110.0,1224818.29787,21.521644284408985
300739.SZ,20260602,31.58,32.54,30.5,31.56,31.6,-0.04,-0.1266,325815.44,1029072.04414,31.5845082154486
300740.SZ,20260602,24.78,25.3,24.24,24.66,24.92,-0.26,-1.0433,105091.5,258988.67129,24.644112158452394
300741.SZ,20260602,14.75,14.79,14.3,14.47,14.68,-0.21,-1.4305,19879.66,28734.01294,14.453976043855882
300743.SZ,20260602,18.05,18.17,17.3,17.54,18.01,-0.47,-2.6097,35243.8,61995.5562,17.59048575919736
300745.SZ,20260602,43.36,43.88,41.41,43.5,43.05,0.45,1.0453,57727.68,247932.51792,42.94863710441854
300746.SZ,20260602,11.47,11.47,10.84,11.03,11.4,-0.37,-3.2456,42883.72,47237.29524,11.015204660416586
300747.SZ,20260602,39.11,42.28,38.3,40.66,39.1,1.56,3.9898,453568.39,1828431.49698,40.31214558360206
300748.SZ,20260602,30.8,31.65,29.79,31.32,30.77,0.55,1.7875,290766.36,896733.57653,30.840348124521697
300749.SZ,20260602,22.51,22.71,21.41,21.92,22.55,-0.63,-2.7938,60848.2,132767.0328,21.81938542142578
300750.SZ,20260602,425.0,437.75,423.0,433.89,420.1,13.79,3.2826,387981.6,16719046.2014,430.92368816974835
300751.SZ,20260602,238.36,241.36,217.51,218.72,242.48,-23.76,-9.7987,141453.6,3186754.34196,225.28619575323637
300752.SZ,20260602,14.34,15.48,14.15,15.06,14.5,0.56,3.8621,356463.8,536551.58927,15.05206389176124
300753.SZ,20260602,22.34,22.6,21.36,22.43,22.34,0.09,0.4029,41648.01,91664.51605,22.00933875352028
300755.SZ,20260602,16.31,16.65,15.6,15.7,16.38,-0.68,-4.1514,87414.8,138612.62357,15.8568827669914
300756.SZ,20260602,32.33,34.15,31.17,33.72,32.33,1.39,4.2994,76629.8,253558.8242,33.08880151063946
300757.SZ,20260602,607.3,652.58,591.27,650.59,595.98,54.61,9.1631,92539.61,5764934.65718,622.9694135495059
300758.SZ,20260602,12.78,12.89,11.9,12.0,12.78,-0.78,-6.1033,196218.7,238352.16732,12.147270740250546
300759.SZ,20260602,24.48,24.58,23.7,24.04,24.54,-0.5,-2.0375,229398.61,551573.75396,24.044337232906514
300760.SZ,20260602,149.02,149.16,146.71,146.99,149.43,-2.44,-1.6329,82259.27,1213625.584,147.53663435136247
300761.SZ,20260602,20.47,20.64,19.94,19.94,20.75,-0.81,-3.9036,78773.06,158476.24515,20.11807655434485
300762.SZ,20260602,32.66,34.28,31.33,33.54,32.2,1.34,4.1615,409908.7,1358296.86338,33.13657073831319
300763.SZ,20260602,119.22,123.38,110.18,112.6,117.5,-4.9,-4.1702,178240.22,2048350.15321,114.92075992780977
300765.SZ,20260602,25.97,26.05,24.53,25.56,25.95,-0.39,-1.5029,114214.31,287756.09822,25.194399740277728
300766.SZ,20260602,25.99,26.0,24.3,24.91,25.68,-0.77,-2.9984,188685.47,468677.50965,24.839088545079807
300767.SZ,20260602,19.62,19.82,18.83,19.56,19.61,-0.05,-0.255,65794.36,127223.72168,19.336569529667894
300768.SZ,20260602,16.67,16.68,16.0,16.08,16.56,-0.48,-2.8986,50715.0,82313.3255,16.230567977915808
300769.SZ,20260602,65.97,66.22,62.72,65.19,65.41,-0.22,-0.3363,177506.88,1142422.36776,64.35932893192647
300770.SZ,20260602,35.82,35.83,35.04,35.3,35.83,-0.53,-1.4792,15982.13,56492.04255,35.347004779713345
300771.SZ,20260602,11.99,12.09,11.65,11.85,12.02,-0.17,-1.4143,34262.1,40531.1848,11.829743302366174
300772.SZ,20260602,15.07,15.18,14.31,14.35,15.17,-0.82,-5.4054,193811.28,281658.7345,14.532628570432022
300773.SZ,20260602,24.7,24.76,23.78,23.97,24.6,-0.63,-2.561,223232.98,536674.46124,24.041002419982924
300774.SZ,20260602,14.38,14.64,13.88,13.92,14.2,-0.28,-1.9718,147325.78,208640.46817,14.161843783891728
300775.SZ,20260602,24.83,24.95,23.8,24.16,24.84,-0.68,-2.7375,144900.8,351123.86874,24.23201726560516
300776.SZ,20260602,148.73,154.51,140.54,151.0,146.0,5.0,3.4247,145479.45,2157351.53939,148.29252787180596
300777.SZ,20260602,32.26,32.63,31.0,31.99,32.21,-0.22,-0.683,115955.95,368343.80975,31.76583950629528
300778.SZ,20260602,12.08,12.15,11.4,11.53,12.09,-0.56,-4.6319,66593.57,77307.77787,11.608895253700918
300779.SZ,20260602,80.84,81.16,78.37,78.74,81.26,-2.52,-3.1012,56967.27,451203.92708,79.20406350523731
300780.SZ,20260602,26.92,27.46,25.95,26.76,27.16,-0.4,-1.4728,68867.0,183295.379,26.615850697721694
300781.SZ,20260602,32.98,33.28,30.85,31.49,32.99,-1.5,-4.5468,63992.67,202187.04,31.5953436542029
300782.SZ,20260602,100.14,103.7,99.6,101.32,100.35,0.97,0.9666,206413.96,2092754.03835,101.38626468626444
300783.SZ,20260602,18.36,18.43,17.81,17.81,18.46,-0.65,-3.5211,70692.36,127249.68016,18.000485506496034
300784.SZ,20260602,46.47,47.16,45.44,45.84,46.45,-0.61,-1.3132,9006.22,41415.65252,45.98561052250556
300785.SZ,20260602,47.99,48.58,45.4,46.51,48.67,-2.16,-4.4381,93054.69,432155.3709,46.441009142043235
300786.SZ,20260602,18.11,18.22,17.41,17.71,18.15,-0.44,-2.4242,84645.4,150236.6166,17.74894047402458
300787.SZ,20260602,10.16,10.16,9.7,9.78,10.01,-0.23,-2.2977,58700.75,57707.16695,9.830737588531663
300788.SZ,20260602,28.01,28.16,26.7,26.94,28.07,-1.13,-4.0257,44216.0,119828.191,27.100640265967073
300789.SZ,20260602,22.17,22.25,20.92,21.49,22.1,-0.61,-2.7602,28094.31,60036.50151,21.36963018846165
300790.SZ,20260602,22.92,23.96,22.63,23.15,22.74,0.41,1.803,290674.63,681568.74776,23.447823697582418
300791.SZ,20260602,18.57,18.85,17.72,17.89,18.75,-0.86,-4.5867,26456.48,47767.52638,18.055132950415175
300792.SZ,20260602,36.08,36.08,34.03,34.54,35.66,-1.12,-3.1408,138547.31,480064.55169,34.64986448961008
300793.SZ,20260602,13.7,13.95,13.52,13.62,13.79,-0.17,-1.2328,53783.2,73768.0052,13.715808133394816
300795.SZ,20260602,10.55,10.61,10.04,10.12,10.68,-0.56,-5.2434,103595.28,105595.16728,10.193048107983298
300796.SZ,20260602,7.89,8.16,7.65,7.76,7.86,-0.1,-1.2723,81277.08,63424.0992,7.803442151219015
300797.SZ,20260602,14.22,14.28,13.8,13.94,14.23,-0.29,-2.0379,24781.0,34603.998,13.963923166942415
300798.SZ,20260602,8.01,8.03,7.66,7.83,8.0,-0.17,-2.125,115954.25,90362.771,7.792967571261941
300800.SZ,20260602,11.0,11.12,10.62,10.67,10.96,-0.29,-2.646,33703.57,36208.50228,10.743224613891051
300801.SZ,20260602,26.87,26.99,25.69,26.14,26.94,-0.8,-2.9696,41961.0,109943.802,26.20142560949453
300802.SZ,20260602,21.6,22.17,21.34,21.7,21.7,0.0,0.0,109597.3,238747.28298,21.784047871617275
300803.SZ,20260602,91.0,91.3,87.52,89.69,91.13,-1.44,-1.5802,186782.65,1665615.67443,89.17400381834179
300804.SZ,20260602,38.03,38.98,36.29,37.02,38.04,-1.02,-2.6814,10713.01,39753.788,37.10795378703091
300805.SZ,20260602,9.03,9.06,8.52,8.6,9.01,-0.41,-4.5505,100125.28,86447.78852,8.633962224125614
300806.SZ,20260602,72.94,80.64,70.0,77.28,72.09,5.19,7.1993,296958.12,2223389.88448,74.87217000430903
300807.SZ,20260602,46.1,47.35,44.52,44.84,46.1,-1.26,-2.7332,10375.0,46879.746,45.18529734939759
300808.SZ,20260602,23.99,24.13,23.53,23.59,23.97,-0.38,-1.5853,20703.0,49121.785,23.72689223783993
300809.SZ,20260602,39.53,40.25,36.17,36.45,36.1,0.35,0.9695,166213.92,624744.6752,37.58678425970581
300810.SZ,20260602,27.21,27.4,26.36,26.85,27.41,-0.56,-2.043,18028.6,48227.1621,26.75036447644299
300811.SZ,20260602,80.77,90.73,78.6,87.83,82.45,5.38,6.5252,240689.04,2033237.65462,84.47570585764934
300812.SZ,20260602,35.29,35.88,34.51,34.8,35.1,-0.3,-0.8547,70667.77,248835.87908,35.21207462468392
300813.SZ,20260602,22.0,22.08,21.25,21.55,21.9,-0.35,-1.5982,16594.08,35785.07808,21.56496659049492
300814.SZ,20260602,143.2,154.18,139.51,149.9,144.45,5.45,3.7729,109531.42,1613389.63815,147.2992533238408
300815.SZ,20260602,20.55,20.96,20.29,20.34,20.54,-0.2,-0.9737,32576.12,66967.48556,20.557231972377316
300816.SZ,20260602,92.0,93.0,87.3,90.55,91.49,-0.94,-1.0274,27823.19,249000.93567,89.49402842377168
300817.SZ,20260602,18.55,18.96,18.15,18.42,18.6,-0.18,-0.9677,21685.0,39952.075,18.423829836292366
300818.SZ,20260602,24.46,25.46,24.06,24.61,24.45,0.16,0.6544,60882.72,151052.93196,24.810476923501447
300819.SZ,20260602,65.56,65.97,62.38,64.04,64.74,-0.7,-1.0812,50521.5,322923.5655,63.91804786081174
300820.SZ,20260602,64.22,66.16,63.0,65.0,64.42,0.58,0.9003,69594.62,452596.7274,65.03329242978839
300821.SZ,20260602,15.46,15.48,14.3,14.88,15.67,-0.79,-5.0415,666217.29,985554.9095,14.79329528508634
300822.SZ,20260602,14.64,14.75,14.21,14.29,14.66,-0.37,-2.5239,37865.72,54503.36488,14.393854092831193
300823.SZ,20260602,17.66,17.94,16.86,16.92,17.58,-0.66,-3.7543,40729.1,69543.9311,17.074752719799847
300824.SZ,20260602,8.92,8.92,8.54,8.56,8.83,-0.27,-3.0578,35552.1,30758.1812,8.651579287862038
300825.SZ,20260602,14.25,14.25,13.45,13.89,13.88,0.01,0.072,335177.27,464812.48462,13.867661271302794
300826.SZ,20260602,17.5,19.05,17.38,18.85,17.6,1.25,7.1023,210717.59,381852.94134,18.12155033379036
300827.SZ,20260602,33.23,33.79,31.52,32.33,33.52,-1.19,-3.5501,186352.79,602566.33234,32.3347094690667
300828.SZ,20260602,19.66,20.06,19.04,19.36,19.41,-0.05,-0.2576,43302.0,84000.976,19.398867488799592
300829.SZ,20260602,17.87,17.93,17.26,17.57,17.87,-0.3,-1.6788,53201.0,93084.4054,17.496739798124096
300830.SZ,20260602,9.78,9.95,9.4,9.51,9.8,-0.29,-2.9592,121023.34,115538.261,9.546775109660665
300831.SZ,20260602,21.5,23.0,21.5,21.87,21.16,0.71,3.3554,211253.23,468507.91469,22.177550359348352
300832.SZ,20260602,46.16,46.53,44.47,45.17,46.57,-1.4,-3.0062,61779.65,279727.62938,45.27828004528999
300833.SZ,20260602,35.32,35.38,34.34,34.52,35.33,-0.81,-2.2927,5699.6,19762.091,34.67276826443961
300834.SZ,20260602,46.01,49.02,44.35,48.78,46.01,2.77,6.0204,43093.99,202197.63434,46.92014694856522
300835.SZ,20260602,172.79,197.0,166.49,195.9,170.8,25.1,14.6956,87765.42,1608392.44042,183.2603820980974
300836.SZ,20260602,70.92,71.42,67.64,70.49,69.88,0.61,0.8729,22647.75,157677.25609,69.62159865328786
300837.SZ,20260602,30.17,30.17,28.81,29.19,29.76,-0.57,-1.9153,15597.2,45646.3276,29.26571923165696
300838.SZ,20260602,17.7,17.8,16.68,16.98,17.67,-0.69,-3.9049,49808.0,84803.066,17.025993013170577
300839.SZ,20260602,16.88,16.9,15.84,16.26,16.9,-0.64,-3.787,78231.17,126709.30821,16.196780415018722
300840.SZ,20260602,22.77,23.0,21.85,22.05,22.93,-0.88,-3.8378,79244.79,175563.06426,22.154524513220366
300841.SZ,20260602,48.08,48.4,46.93,47.11,48.05,-0.94,-1.9563,19971.99,94599.00503,47.36583837163948
300842.SZ,20260602,82.85,83.32,78.0,81.88,82.3,-0.42,-0.5103,62649.09,507089.25755,80.94120082989234
300843.SZ,20260602,85.95,87.8,84.0,86.78,85.75,1.03,1.2012,43014.33,370922.07123,86.23220941253763
300844.SZ,20260602,28.01,28.65,26.31,27.07,28.0,-0.93,-3.3214,19732.36,53696.18946,27.212249046743523
300845.SZ,20260602,14.54,14.72,14.02,14.08,14.54,-0.46,-3.1637,53703.59,76997.1057,14.337422451646159
300846.SZ,20260602,24.48,24.68,23.01,23.61,24.46,-0.85,-3.4751,304018.27,718450.31435,23.63181378375714
300847.SZ,20260602,14.71,14.82,14.42,14.59,14.62,-0.03,-0.2052,27746.0,40506.859,14.599170691270814
300848.SZ,20260602,14.54,14.61,14.09,14.38,14.59,-0.21,-1.4393,57707.47,82539.28558,14.303050468162958
300849.SZ,20260602,25.26,25.62,23.83,25.62,25.36,0.26,1.0252,126887.5,313077.0255,24.67359081863856
300850.SZ,20260602,33.75,33.8,32.51,33.05,33.9,-0.85,-2.5074,131543.13,434384.60866,33.02221930252078
300851.SZ,20260602,27.8,28.36,26.92,27.0,27.48,-0.48,-1.7467,37099.18,101577.98462,27.380115846226253
300852.SZ,20260602,50.7,52.16,49.37,51.07,51.07,0.0,0.0,72209.16,368533.73257,51.03697821301341
300853.SZ,20260602,38.1,38.82,36.95,38.61,38.1,0.51,1.3386,93572.6,356429.69906,38.09124669614823
300854.SZ,20260602,27.9,31.6,27.82,30.86,28.92,1.94,6.7082,141253.25,427542.54428,30.26780228277933
300855.SZ,20260602,36.28,36.39,34.2,35.09,36.17,-1.08,-2.9859,86777.19,303812.08382,35.010592509391
300856.SZ,20260602,13.2,13.35,12.64,12.66,13.32,-0.66,-4.955,73563.4,94542.97116,12.851903413925946
300857.SZ,20260602,241.19,242.68,226.8,235.53,236.46,-0.93,-0.3933,198401.34,4631823.63759,233.45727592313642
300858.SZ,20260602,16.2,16.2,15.66,15.77,16.19,-0.42,-2.5942,51279.21,81093.7586,15.814159110485518
300859.SZ,20260602,28.66,29.18,28.32,28.82,28.66,0.16,0.5583,31101.28,89463.91344,28.765347741314827
300860.SZ,20260602,26.16,26.23,25.81,25.94,26.28,-0.34,-1.2938,19620.7,50986.72799,25.986192128721196
300861.SZ,20260602,19.18,19.3,18.31,18.76,19.19,-0.43,-2.2408,185206.62,347732.44362,18.775378742941264
300862.SZ,20260602,22.87,23.14,21.82,22.44,22.86,-0.42,-1.8373,37666.4,84170.6974,22.34636105388357
300863.SZ,20260602,62.93,70.27,62.0,67.38,63.88,3.5,5.479,229011.39,1545395.2993,67.48115450938924
300864.SZ,20260602,22.96,23.35,22.34,22.56,22.86,-0.3,-1.3123,15910.43,36015.32561,22.63629933948988
300865.SZ,20260602,28.33,28.33,26.58,26.9,27.93,-1.03,-3.6878,15789.0,42789.8563,27.10105535499398
300866.SZ,20260602,122.6,122.6,115.73,117.63,122.69,-5.06,-4.1242,53926.84,637747.2684,118.261568525061
300867.SZ,20260602,20.13,20.66,19.87,20.47,20.33,0.14,0.6886,75047.76,152192.44151,20.27941160535638
300868.SZ,20260602,104.6,111.22,103.01,106.25,103.33,2.92,2.8259,48985.89,523608.01407,106.88955821155847
300869.SZ,20260602,11.72,11.75,11.44,11.51,11.7,-0.19,-1.6239,22631.0,26137.94,11.549617780919977
300870.SZ,20260602,257.0,276.7,251.98,271.61,254.0,17.61,6.9331,53356.69,1413223.3077,264.86337658876516
300871.SZ,20260602,21.27,21.28,20.53,20.74,21.27,-0.53,-2.4918,37662.0,78147.32436,20.749648016568422
300872.SZ,20260602,19.88,20.37,19.15,19.26,19.96,-0.7,-3.507,129966.05,252727.9954,19.44569334837829
300873.SZ,20260602,22.27,22.65,21.39,21.46,22.27,-0.81,-3.6372,32281.2,70196.029,21.74517335167218
300875.SZ,20260602,33.93,34.08,32.61,33.55,33.92,-0.37,-1.0908,21221.0,70488.873,33.216565194854155
300876.SZ,20260602,18.9,18.9,17.7,17.88,18.65,-0.77,-4.1287,34153.5,61490.28923,18.004095987234106
300877.SZ,20260602,32.47,32.47,30.5,31.22,32.6,-1.38,-4.2331,34345.58,107326.31954,31.24894660098912
300878.SZ,20260602,30.1,30.22,28.93,29.91,30.8,-0.89,-2.8896,31475.16,93251.2182,29.626924279336468
300879.SZ,20260602,19.43,19.5,18.5,19.12,19.3,-0.18,-0.9326,36924.0,70016.485,18.962323962734263
300880.SZ,20260602,23.17,23.2,22.03,22.59,23.7,-1.11,-4.6835,80708.99,182540.78201,22.617156033051586
300881.SZ,20260602,50.32,50.99,48.35,49.36,50.95,-1.59,-3.1207,25273.27,124650.56186,49.32110560287608
300882.SZ,20260602,17.16,17.29,16.37,16.52,17.18,-0.66,-3.8417,37484.86,62173.20938,16.58621891078158
300883.SZ,20260602,6.62,6.68,6.39,6.66,6.6,0.06,0.9091,193117.0,125551.891,6.5013381007368585
300884.SZ,20260602,11.41,11.43,10.9,11.06,11.38,-0.32,-2.812,46227.35,51177.51538,11.070830445612824
300885.SZ,20260602,26.68,27.24,25.69,26.26,26.46,-0.2,-0.7559,67369.99,178176.77341,26.447498865592824
300886.SZ,20260602,24.98,25.53,23.95,24.57,24.98,-0.41,-1.6413,20740.89,50814.45625,24.499650810548633
300887.SZ,20260602,8.86,8.88,8.46,8.64,8.86,-0.22,-2.4831,101176.0,87050.727,8.603890942516012
300888.SZ,20260602,29.3,29.49,28.87,28.97,29.49,-0.52,-1.7633,25315.3,73689.26566,29.10858874277611
300889.SZ,20260602,23.05,23.15,22.35,22.77,23.05,-0.28,-1.2148,36947.05,83880.01107,22.70276275643116
300890.SZ,20260602,36.38,36.38,34.34,35.18,36.01,-0.83,-2.3049,83994.99,293868.23123,34.98639993051966
300891.SZ,20260602,7.38,7.4,7.08,7.13,7.35,-0.22,-2.9932,65167.9,46668.56103,7.1612804816481725
300892.SZ,20260602,24.7,24.74,23.6,23.83,24.7,-0.87,-3.5223,23656.0,56592.394,23.9230613797768
300893.SZ,20260602,20.73,22.18,20.26,21.39,20.62,0.77,3.7342,39142.19,83336.56269,21.290725605797736
300894.SZ,20260602,9.42,9.52,9.1,9.14,9.43,-0.29,-3.0753,41608.15,38312.76634,9.207995630663705
300895.SZ,20260602,60.0,60.38,57.2,59.4,60.0,-0.6,-1.0,61013.43,358850.5171,58.81500468011715
300896.SZ,20260602,103.95,104.35,100.8,101.31,104.35,-3.04,-2.9133,25882.62,264361.45146,102.13859781583164
300897.SZ,20260602,19.47,19.83,18.03,19.4,19.45,-0.05,-0.2571,64186.31,121269.80392,18.893406385255673
300898.SZ,20260602,22.19,22.25,21.7,21.83,22.45,-0.62,-2.7617,40181.0,87820.78131,21.856295589955455
300899.SZ,20260602,33.89,34.75,32.35,32.74,33.91,-1.17,-3.4503,10306.0,33952.131,32.94404327576169
300900.SZ,20260602,34.4,34.68,32.47,34.3,34.18,0.12,0.3511,182624.35,615154.12969,33.68412425232451
300901.SZ,20260602,15.31,15.38,14.67,15.21,15.32,-0.11,-0.718,30210.0,45586.084,15.089733200926847
300902.SZ,20260602,15.72,15.76,15.09,15.31,15.72,-0.41,-2.6081,26308.4,40278.8716,15.3102703319092
300903.SZ,20260602,67.85,68.65,62.0,66.36,66.56,-0.2,-0.3005,242654.68,1587523.28407,65.42314716823101
300904.SZ,20260602,51.22,51.85,48.36,48.57,51.2,-2.63,-5.1367,14525.0,71185.005,49.00860929432014
300905.SZ,20260602,62.81,63.33,60.3,61.75,62.78,-1.03,-1.6406,94512.4,583943.44429,61.78484984933195
300906.SZ,20260602,30.92,31.34,29.0,29.57,31.06,-1.49,-4.7972,28424.04,84169.49144,29.612078874079828
300907.SZ,20260602,40.14,45.92,39.82,44.49,40.3,4.19,10.397,80666.94,347267.91163,43.049595240627696
300908.SZ,20260602,24.79,25.18,24.33,24.6,24.86,-0.26,-1.0459,18074.43,44564.73509,24.656232639148232
300909.SZ,20260602,47.0,49.5,46.96,47.55,47.15,0.4,0.8484,50362.27,242134.20898,48.07849387646744
300910.SZ,20260602,34.28,34.66,32.87,33.8,34.6,-0.8,-2.3121,71315.21,238880.03843,33.49636612301919
300911.SZ,20260602,25.65,25.8,24.36,25.01,25.62,-0.61,-2.381,49416.0,122620.37401,24.81390116763801
300912.SZ,20260602,26.55,26.94,25.6,26.07,26.33,-0.26,-0.9875,33182.47,86924.64756,26.195954538646458
300913.SZ,20260602,58.37,62.7,58.18,60.59,59.75,0.84,1.4059,231597.98,1397876.15117,60.35787320640706
300915.SZ,20260602,23.9,24.14,22.91,23.09,23.85,-0.76,-3.1866,15499.1,36167.7996,23.335419217890067
300916.SZ,20260602,33.03,33.46,31.24,32.3,33.14,-0.84,-2.5347,44825.62,144824.49978,32.308420894122605
300917.SZ,20260602,30.43,31.49,29.52,29.96,30.6,-0.64,-2.0915,97438.05,293000.89787,30.070480461175073
300918.SZ,20260602,12.43,12.52,11.99,12.22,12.42,-0.2,-1.6103,65505.86,79749.51125,12.174408709388747
300919.SZ,20260602,52.3,52.45,50.4,51.29,51.9,-0.61,-1.1753,132635.58,679270.47559,51.21329251095371
300920.SZ,20260602,46.95,47.81,45.38,46.23,46.86,-0.63,-1.3444,21538.99,99916.28454,46.38856535984277
300921.SZ,20260602,18.78,18.88,17.93,18.7,18.78,-0.08,-0.426,89097.08,163816.84565,18.386331589093604
300922.SZ,20260602,24.0,24.48,23.47,23.76,24.27,-0.51,-2.1014,87392.62,208241.91368,23.82831796094453
300923.SZ,20260602,24.42,24.43,23.01,23.22,23.97,-0.75,-3.1289,14810.0,34781.089,23.48486765698852
300925.SZ,20260602,16.66,18.9,16.26,18.3,16.65,1.65,9.9099,305740.37,544041.07153,17.794217738730413
300926.SZ,20260602,20.18,20.49,19.92,20.22,19.87,0.35,1.7614,53530.5,108247.70411,20.22168746976023
300927.SZ,20260602,24.61,24.87,23.46,23.93,24.47,-0.54,-2.2068,29566.41,70474.1879,23.83589617407051
300928.SZ,20260602,33.48,33.96,32.31,33.51,33.27,0.24,0.7214,19619.99,65204.84004,33.233880363853395
300929.SZ,20260602,12.54,12.77,11.93,12.03,12.39,-0.36,-2.9056,37748.0,45870.354,12.151730952633253
300930.SZ,20260602,33.0,34.49,32.01,34.17,33.14,1.03,3.108,34977.94,116967.6032,33.440392201484705
300931.SZ,20260602,15.58,15.72,15.03,15.18,15.6,-0.42,-2.6923,40988.46,62498.60734,15.247854479041173
300932.SZ,20260602,9.95,10.27,9.63,10.03,10.05,-0.02,-0.199,135434.16,134351.3106,9.92004606518769
300933.SZ,20260602,7.74,7.76,7.37,7.52,7.74,-0.22,-2.8424,127057.63,95493.90597,7.515794680728737
300935.SZ,20260602,36.77,37.48,34.67,35.66,36.9,-1.24,-3.3604,23030.0,82382.5102,35.77182379504994
300936.SZ,20260602,101.85,104.5,93.7,99.15,101.88,-2.73,-2.6796,48528.01,479420.11823,98.7924537251785
300937.SZ,20260602,23.82,23.95,22.96,23.26,23.72,-0.46,-1.9393,18561.0,43185.187,23.266627336889172
300938.SZ,20260602,52.55,53.23,51.48,52.17,52.55,-0.38,-0.7231,81308.01,425860.55824,52.3762121640906
300939.SZ,20260602,68.43,70.31,65.0,67.22,69.16,-1.94,-2.8051,105485.91,708455.18055,67.1611194850573
300940.SZ,20260602,17.83,17.95,16.9,17.29,17.82,-0.53,-2.9742,51245.72,88385.8608,17.247461992923505
300941.SZ,20260602,16.7,16.74,15.91,16.07,16.56,-0.49,-2.9589,38162.0,61584.244,16.137582935904828
300942.SZ,20260602,6.9,6.92,6.66,6.72,6.9,-0.18,-2.6087,51291.0,34567.832,6.739551188317638
300943.SZ,20260602,38.91,39.71,36.89,37.72,39.36,-1.64,-4.1667,87827.54,333882.03165,38.01564197858668
300945.SZ,20260602,12.95,12.99,12.5,12.71,12.98,-0.27,-2.0801,67921.56,85998.12376,12.661388189552774
300946.SZ,20260602,45.96,47.5,45.58,46.35,45.89,0.46,1.0024,15344.34,70909.10806,46.21189836773689
300947.SZ,20260602,16.03,16.05,15.02,15.17,15.77,-0.6,-3.8047,37997.0,58072.646,15.283481853830565
300948.SZ,20260602,27.7,28.18,26.5,27.72,28.13,-0.41,-1.4575,85213.75,232852.58609,27.325705779877076
300949.SZ,20260602,25.87,27.09,24.68,24.79,25.93,-1.14,-4.3965,21187.27,53722.69552,25.35611974548868
300950.SZ,20260602,19.2,19.31,18.45,18.65,19.12,-0.47,-2.4582,19669.66,36795.43722,18.706697126437366
300951.SZ,20260602,38.81,39.94,38.56,39.7,38.77,0.93,2.3988,37535.96,147133.7059,39.19806657402661
300952.SZ,20260602,22.8,23.44,21.73,21.93,22.81,-0.88,-3.858,95435.04,213458.57079,22.366896979348464
300953.SZ,20260602,146.88,149.5,143.5,146.75,145.34,1.41,0.9701,74385.52,1092551.3911,146.87689097286673
300955.SZ,20260602,42.24,42.75,40.24,41.19,42.5,-1.31,-3.0824,31410.18,129868.29331,41.345924572861406
300956.SZ,20260602,19.28,19.86,18.01,19.2,16.94,2.26,13.3412,523969.31,995024.63183,18.990131918795015
300957.SZ,20260602,37.88,38.1,36.75,36.9,38.14,-1.24,-3.2512,58729.98,218049.44025,37.12745011151034
300958.SZ,20260602,13.25,13.3,12.72,12.83,13.27,-0.44,-3.3157,31711.78,40987.14282,12.924895045311239
300959.SZ,20260602,202.16,234.87,200.01,225.0,206.87,18.13,8.764,70382.84,1538098.7864,218.53320871962546
300960.SZ,20260602,18.75,18.95,18.04,18.14,18.75,-0.61,-3.2533,20851.17,38082.47628,18.263951749470174
300961.SZ,20260602,12.4,12.45,11.94,12.18,12.34,-0.16,-1.2966,47742.19,58005.8664,12.149812649985263
300962.SZ,20260602,13.86,13.88,13.5,13.56,13.87,-0.31,-2.235,24630.0,33538.14,13.616784409257004
300963.SZ,20260602,14.72,14.75,13.88,14.37,14.71,-0.34,-2.3114,86552.46,123433.13685,14.261077830716768
300964.SZ,20260602,105.13,112.88,102.19,111.66,106.5,5.16,4.8451,101530.98,1081684.36706,106.53737086552303
300965.SZ,20260602,52.68,52.99,50.41,51.6,52.68,-1.08,-2.0501,23807.41,122823.03167,51.590253484104316
300966.SZ,20260602,27.03,27.46,26.58,26.66,27.04,-0.38,-1.4053,21782.02,58494.68548,26.85457339585585
300967.SZ,20260602,20.36,21.0,19.92,20.52,21.02,-0.5,-2.3787,171737.92,350712.72878,20.42139143061707
300968.SZ,20260602,12.01,13.1,11.8,12.0,11.76,0.24,2.0408,189275.18,230496.61304,12.177857289053959
300969.SZ,20260602,103.99,106.22,100.55,101.15,102.28,-1.13,-1.1048,29653.19,305187.54018,102.91895751519483
300970.SZ,20260602,29.13,29.39,27.8,28.36,29.0,-0.64,-2.2069,43553.8,123455.7407,28.345572762881766
300971.SZ,20260602,22.12,22.12,21.16,21.46,22.01,-0.55,-2.4989,27724.0,59563.16,21.48433126532968
300972.SZ,20260602,193.39,197.98,189.53,191.67,193.38,-1.71,-0.8843,29205.01,562209.46498,192.50445898837225
300973.SZ,20260602,28.2,28.26,27.42,27.59,28.42,-0.83,-2.9205,28492.88,78858.08472,27.6764176594293
300975.SZ,20260602,38.6,44.91,37.5,43.41,38.51,4.9,12.724,1079423.97,4482618.8102,41.527879079802176
300976.SZ,20260602,59.92,65.29,59.61,64.17,59.55,4.62,7.7582,83585.52,526190.32155,62.952329727684884
300977.SZ,20260602,20.59,20.59,16.2,19.29,20.25,-0.96,-4.7407,25430.24,49598.1167,19.503597567305697
300978.SZ,20260602,10.04,10.09,9.72,9.75,10.03,-0.28,-2.7916,27393.0,26838.516,9.797581863979849
300979.SZ,20260602,34.73,35.48,34.58,35.17,34.82,0.35,1.0052,23713.6,83361.9898,35.15366279265906
300980.SZ,20260602,27.66,27.66,26.55,27.14,27.19,-0.05,-0.1839,29943.76,80841.53221,26.997789258930744
300981.SZ,20260602,12.69,12.98,12.41,12.79,12.74,0.05,0.3925,58428.97,74235.78334,12.705304122253052
300982.SZ,20260602,22.0,22.23,20.9,20.9,22.27,-1.37,-6.1518,66581.06,141294.3765,21.221406883579206
300983.SZ,20260602,34.98,35.39,33.94,34.62,34.99,-0.37,-1.0574,15848.16,54738.90792,34.539598237271704
300984.SZ,20260602,56.26,57.17,54.44,56.1,56.26,-0.16,-0.2844,22817.5,127616.7414,55.92932678864906
300985.SZ,20260602,23.76,24.1,23.03,23.29,23.83,-0.54,-2.2661,25226.81,58967.60666,23.374975535947662
300986.SZ,20260602,19.87,19.89,18.57,18.93,19.74,-0.81,-4.1033,173270.08,328347.85934,18.95006104573854
300987.SZ,20260602,15.15,15.15,14.22,14.38,14.93,-0.55,-3.6839,53659.24,77462.89504,14.436077559055999
300988.SZ,20260602,18.3,18.52,17.85,18.24,18.36,-0.12,-0.6536,49331.88,89572.09668,18.157040980396452
300989.SZ,20260602,14.42,14.48,13.65,14.15,14.47,-0.32,-2.2115,53739.33,74867.57161,13.931616119888357
300990.SZ,20260602,77.8,79.88,76.05,78.5,77.8,0.7,0.8997,44150.85,346068.83851,78.38327880663678
300991.SZ,20260602,38.51,38.98,37.08,38.28,38.65,-0.37,-0.9573,33148.18,126191.84616,38.069011981954965
300992.SZ,20260602,28.16,28.16,26.9,27.3,28.14,-0.84,-2.9851,19462.87,53199.38849,27.333784015409854
300993.SZ,20260602,10.93,11.05,10.67,10.85,10.94,-0.09,-0.8227,36309.0,39163.235,10.786095733840096
300994.SZ,20260602,12.84,12.91,12.5,12.54,12.86,-0.32,-2.4883,17209.64,21701.79704,12.610256251728684
300995.SZ,20260602,34.08,34.25,32.49,33.45,33.96,-0.51,-1.5018,18905.74,62838.33546,33.237702126444134
300996.SZ,20260602,12.52,12.54,12.08,12.27,12.64,-0.37,-2.9272,121025.11,148109.89933,12.237947920890136
300997.SZ,20260602,19.45,20.64,18.78,19.32,19.9,-0.58,-2.9146,183366.55,357775.10023,19.51147034341869
300998.SZ,20260602,27.27,27.54,26.2,26.6,27.27,-0.67,-2.4569,31895.22,85051.71924,26.665976669858367
300999.SZ,20260602,27.17,27.95,26.9,27.0,27.44,-0.44,-1.6035,144478.26,393093.12979,27.207770206396447
301000.SZ,20260602,30.77,31.62,29.72,30.01,30.32,-0.31,-1.0224,58116.78,176685.46723,30.401799141315124
301001.SZ,20260602,28.05,28.35,26.56,26.8,27.92,-1.12,-4.0115,15890.49,42857.65761,26.97063313340243
301002.SZ,20260602,47.13,49.86,46.4,48.91,48.34,0.57,1.1791,54460.5,262975.1451,48.28731743190019
301003.SZ,20260602,51.48,51.72,48.5,49.45,51.54,-2.09,-4.0551,30481.0,150884.71934,49.501236619533486
301004.SZ,20260602,39.05,39.23,37.9,38.16,39.06,-0.9,-2.3041,4860.53,18610.75692,38.289562907748746
301005.SZ,20260602,100.98,101.0,95.5,99.01,98.87,0.14,0.1416,62902.12,620550.85451,98.65340858304934
301006.SZ,20260602,15.62,15.85,14.89,15.16,15.57,-0.41,-2.6333,27642.0,42027.351,15.204164315172564
301007.SZ,20260602,34.2,34.89,33.21,34.89,34.15,0.74,2.1669,40652.0,138802.254,34.14401603857129
301008.SZ,20260602,25.23,25.91,24.63,24.89,25.38,-0.49,-1.9307,52157.78,130739.50221,25.066155463288506
301009.SZ,20260602,9.86,9.92,9.61,9.63,9.81,-0.18,-1.8349,32434.0,31466.30409,9.701641515076773
301010.SZ,20260602,20.63,20.76,19.61,19.86,20.71,-0.85,-4.1043,26638.0,53071.197,19.92311622494181
301011.SZ,20260602,17.34,17.37,16.59,16.87,17.28,-0.41,-2.3727,22635.34,38186.47252,16.87028890222104
301012.SZ,20260602,32.99,32.99,31.01,32.4,32.79,-0.39,-1.1894,106155.71,339444.82183,31.976124678550022
301013.SZ,20260602,45.47,53.76,44.44,53.5,46.3,7.2,15.5508,712599.79,3594664.12672,50.44436129738404
301015.SZ,20260602,21.8,21.89,21.0,21.01,21.82,-0.81,-3.7122,40576.44,86109.5894,21.221573257782097
301016.SZ,20260602,15.68,15.9,14.9,15.14,15.71,-0.57,-3.6283,35715.79,54213.96833,15.179271781472565
301017.SZ,20260602,14.58,14.75,14.35,14.55,14.66,-0.11,-0.7503,89442.07,129882.48125,14.52140824222874
301018.SZ,20260602,95.89,101.19,94.5,98.9,94.77,4.13,4.3579,137549.57,1347328.45977,97.95221168412232
301019.SZ,20260602,21.74,21.77,20.96,21.1,21.75,-0.65,-2.9885,11191.23,23732.53009,21.206364349584454
301020.SZ,20260602,25.6,25.99,24.55,25.06,25.68,-0.62,-2.4143,43168.87,107873.63451,24.988755672779945
301021.SZ,20260602,96.01,96.47,91.7,94.52,96.3,-1.78,-1.8484,82573.27,776468.51664,94.03388247068332
301022.SZ,20260602,27.77,27.93,26.53,26.85,27.64,-0.79,-2.8582,19386.32,52100.25218,26.874750948091233
301023.SZ,20260602,38.43,39.94,38.42,38.69,38.4,0.29,0.7552,24637.34,96137.0211,39.02086065297634
301024.SZ,20260602,46.8,47.72,44.51,45.47,46.82,-1.35,-2.8834,10377.61,47272.96544,45.55284447960561
301025.SZ,20260602,9.84,9.84,9.3,9.33,9.78,-0.45,-4.6012,77762.56,73241.53172,9.418611182553661
301026.SZ,20260602,23.69,24.13,23.1,23.72,23.65,0.07,0.296,66140.67,156623.16401,23.680311071841274
301027.SZ,20260602,21.31,21.31,19.82,20.2,21.08,-0.88,-4.1746,49918.0,101011.05,20.235396049521217
301028.SZ,20260602,19.73,20.15,19.37,19.66,20.16,-0.5,-2.4802,107367.59,211330.84086,19.682926743535923
301029.SZ,20260602,27.68,28.48,27.49,28.06,27.42,0.64,2.3341,151562.28,423445.48573,27.93871177775895
301030.SZ,20260602,14.08,14.19,13.6,13.86,14.25,-0.39,-2.7368,101412.23,141521.1744,13.95504017612077
301031.SZ,20260602,169.26,171.0,163.77,165.9,169.29,-3.39,-2.0025,28552.98,477757.28465,167.3230901468078
301032.SZ,20260602,11.39,11.53,11.03,11.13,11.38,-0.25,-2.1968,42176.0,47297.749,11.21437523710167
301033.SZ,20260602,49.79,49.85,47.91,48.68,49.28,-0.6,-1.2175,6239.0,30366.089,48.671404071165256
301035.SZ,20260602,54.58,55.19,52.76,52.83,54.59,-1.76,-3.224,15210.95,81607.2917,53.650358261647035
301036.SZ,20260602,24.82,25.18,24.14,24.21,24.85,-0.64,-2.5755,9983.24,24320.3129,24.361142174284105
301037.SZ,20260602,15.78,15.99,14.62,14.8,15.75,-0.95,-6.0317,29893.57,44759.72403,14.973027319921977
301038.SZ,20260602,19.6,20.1,19.02,19.29,19.65,-0.36,-1.8321,52999.79,102835.84435,19.403066380074335
301039.SZ,20260602,8.15,8.17,8.01,8.07,8.15,-0.08,-0.9816,104466.23,84508.8208,8.08958271012556
301040.SZ,20260602,29.5,30.12,28.93,29.51,29.93,-0.42,-1.4033,23885.0,70219.474,29.39898429976973
301041.SZ,20260602,34.21,35.28,33.18,34.1,34.5,-0.4,-1.1594,89525.51,304726.28018,34.037927310327525
301042.SZ,20260602,102.45,109.87,101.0,109.0,102.31,6.69,6.539,19663.01,206399.3121,104.9683197536898
301043.SZ,20260602,45.38,46.07,43.9,45.4,45.79,-0.39,-0.8517,11623.07,52216.44403,44.92482969645713
301045.SZ,20260602,50.8,53.49,49.12,52.8,51.14,1.66,3.246,54427.38,278838.80331,51.2313477720221
301046.SZ,20260602,26.52,29.09,26.52,28.78,26.49,2.29,8.6448,85975.69,242464.17751,28.20148084999376
301047.SZ,20260602,63.8,66.62,63.77,65.7,63.7,2.0,3.1397,13848.22,90745.9919,65.52899354574089
301048.SZ,20260602,9.91,9.91,9.58,9.63,9.92,-0.29,-2.9234,44862.3,43365.9045,9.666446994469743
301049.SZ,20260602,22.38,22.5,21.25,21.52,22.01,-0.49,-2.2263,17242.0,37150.708,21.546634961141397
301050.SZ,20260602,37.77,37.98,36.37,36.63,37.79,-1.16,-3.0696,47070.97,173777.59329,36.91820952276955
301051.SZ,20260602,17.5,17.88,16.85,17.53,17.51,0.02,0.1142,68927.38,119747.54259,17.37300077124649
301052.SZ,20260602,28.43,28.45,27.06,27.35,28.44,-1.09,-3.8326,32454.0,89093.79,27.45232945091514
301053.SZ,20260602,42.81,44.42,41.27,43.64,43.2,0.44,1.0185,73026.69,313928.58433,42.98819846962802
301055.SZ,20260602,32.66,33.44,32.14,33.44,32.99,0.45,1.364,31689.0,103590.905,32.68986241282464
301056.SZ,20260602,13.2,13.26,12.5,12.83,13.21,-0.38,-2.8766,26982.02,34482.12564,12.779667956661509
301057.SZ,20260602,29.98,30.61,28.85,29.18,30.04,-0.86,-2.8628,16123.05,47454.27836,29.432569123087752
301058.SZ,20260602,9.14,9.14,8.9,8.91,9.13,-0.22,-2.4096,57274.52,51464.20592,8.985532470634412
301059.SZ,20260602,14.36,14.39,13.91,14.07,14.3,-0.23,-1.6084,27377.0,38480.65,14.055831537421923
301060.SZ,20260602,9.86,9.93,9.34,9.38,9.83,-0.45,-4.5778,85752.0,80946.712,9.43962962962963
301061.SZ,20260602,42.93,43.48,41.1,41.18,42.73,-1.55,-3.6274,19866.97,83192.96127,41.87501227917493
301062.SZ,20260602,6.99,7.11,6.7,6.77,6.99,-0.22,-3.1474,59217.0,40190.41,6.786971646655521
301063.SZ,20260602,20.69,20.97,20.0,20.42,20.71,-0.29,-1.4003,15573.23,31814.91178,20.429231302690578
301065.SZ,20260602,21.52,21.58,20.66,20.7,21.44,-0.74,-3.4515,14147.0,29577.431,20.907210716052873
301066.SZ,20260602,14.58,14.8,13.87,14.42,14.38,0.04,0.2782,48732.23,69793.26153,14.321786942645556
301067.SZ,20260602,32.16,32.9,31.86,32.38,32.31,0.07,0.2167,26963.0,87283.776,32.371685643288956
301068.SZ,20260602,30.11,30.39,29.0,29.33,30.09,-0.76,-2.5258,13087.0,38536.881,29.44668831665011
301069.SZ,20260602,19.28,19.4,18.43,18.7,19.33,-0.63,-3.2592,93934.0,176193.69113,18.757179629314198
301070.SZ,20260602,94.62,95.0,89.71,92.8,93.78,-0.98,-1.045,18190.45,168055.8501,92.38685689468925
301071.SZ,20260602,72.55,77.5,71.31,75.81,72.74,3.07,4.2205,312099.46,2332840.64136,74.74670546882714
301072.SZ,20260602,23.04,23.33,22.21,22.81,23.02,-0.21,-0.9123,16534.0,37726.519,22.817539010523767
301073.SZ,20260602,23.02,23.19,22.0,22.14,23.17,-1.03,-4.4454,46475.22,103747.38913,22.32316256491093
301075.SZ,20260602,75.79,77.48,72.79,73.95,76.33,-2.38,-3.118,13265.97,98285.1164,74.08814915155092
301076.SZ,20260602,28.25,28.8,27.18,27.7,28.24,-0.54,-1.9122,44367.1,123186.8862,27.765368076795642
301077.SZ,20260602,27.52,27.96,26.65,27.33,27.51,-0.18,-0.6543,15884.24,43229.56923,27.215384072514645
301078.SZ,20260602,9.45,9.51,9.11,9.13,9.51,-0.38,-3.9958,365979.0,338108.66191,9.238471658483137
301079.SZ,20260602,35.92,36.2,34.2,35.26,35.92,-0.66,-1.8374,42608.43,149672.5028,35.12743905372716
301080.SZ,20260602,39.99,40.08,39.16,39.67,40.08,-0.41,-1.023,18931.3,75011.4356,39.622971269801866
301081.SZ,20260602,19.72,19.81,18.81,19.26,19.62,-0.36,-1.8349,52899.24,101337.81524,19.156762032876088
301082.SZ,20260602,10.68,10.74,10.27,10.36,10.67,-0.31,-2.9053,50663.5,52645.16894,10.391143316194105
301083.SZ,20260602,15.63,15.76,15.0,15.15,15.68,-0.53,-3.3801,22586.0,34357.156,15.21170459576729
301085.SZ,20260602,72.86,74.03,67.8,69.3,72.99,-3.69,-5.0555,42473.0,295856.645,69.65758128693524
301086.SZ,20260602,159.66,160.85,152.2,156.96,156.7,0.26,0.1659,26437.1,414006.4886,156.60056836793748
301087.SZ,20260602,46.93,47.42,46.0,46.08,47.01,-0.93,-1.9783,17146.35,79572.69848,46.407951826482034
301088.SZ,20260602,14.9,14.97,14.41,14.5,14.9,-0.4,-2.6846,14264.0,20781.741,14.569364133482896
301089.SZ,20260602,24.42,24.42,23.6,23.76,24.42,-0.66,-2.7027,12757.85,30458.8117,23.87456483655161
301090.SZ,20260602,7.35,7.35,7.04,7.09,7.28,-0.19,-2.6099,105624.0,75278.614,7.127036847686132
301091.SZ,20260602,18.69,18.85,18.2,18.46,18.69,-0.23,-1.2306,42526.2,78731.5499,18.513657439413823
301092.SZ,20260602,49.88,51.3,48.33,50.63,50.4,0.23,0.4563,55071.26,274863.94448,49.91059664877832
301093.SZ,20260602,129.51,132.2,112.59,116.0,127.1,-11.1,-8.7333,71353.39,844391.38512,118.33935081710904
301095.SZ,20260602,90.47,90.67,87.44,88.0,89.4,-1.4,-1.566,63151.72,559925.43532,88.66352893001172
301096.SZ,20260602,58.0,60.41,56.31,56.35,58.4,-2.05,-3.5103,71159.07,415215.03491,58.35026159138954
301097.SZ,20260602,53.32,55.18,51.77,55.0,53.05,1.95,3.6758,10977.0,59042.794,53.787732531657106
301098.SZ,20260602,9.56,9.71,8.82,9.26,9.68,-0.42,-4.3388,194514.17,178109.70128,9.156644026499457
301099.SZ,20260602,64.35,73.88,64.35,71.47,64.74,6.73,10.3954,143383.4,995410.2994,69.42298058213154
301100.SZ,20260602,17.08,17.08,16.11,16.23,16.77,-0.54,-3.22,16865.0,27559.533,16.341258820041507
301101.SZ,20260602,32.97,33.13,31.87,31.96,32.97,-1.01,-3.0634,19311.0,62248.6655,32.23482238102636
301102.SZ,20260602,10.15,10.15,9.56,9.64,10.1,-0.46,-4.5545,37515.45,36466.98658,9.720524898408522
301103.SZ,20260602,17.64,17.75,17.07,17.11,17.78,-0.67,-3.7683,20214.3,34956.885,17.293146435938915
301105.SZ,20260602,54.02,54.12,51.32,51.7,53.06,-1.36,-2.5631,4925.0,25680.075,52.1422842639594
301106.SZ,20260602,26.44,26.59,25.08,26.02,26.56,-0.54,-2.0331,57385.83,148977.19189,25.960623361202583
301107.SZ,20260602,23.13,24.47,22.01,24.12,22.82,1.3,5.6968,172690.51,402343.37727,23.298522731214355
301108.SZ,20260602,24.51,24.59,23.17,23.41,24.43,-1.02,-4.1752,31771.0,75068.9796,23.628145037927673
301109.SZ,20260602,14.6,14.6,14.28,14.29,14.57,-0.28,-1.9218,63102.3,90628.88758,14.362216207650116
301110.SZ,20260602,45.23,45.24,43.08,44.24,45.86,-1.62,-3.5325,47019.34,207301.8747,44.08863984479578
301111.SZ,20260602,26.93,27.86,26.8,27.73,26.9,0.83,3.0855,55417.84,151712.96246,27.376195546416106
301112.SZ,20260602,33.53,33.72,31.92,32.29,33.5,-1.21,-3.6119,15847.65,51352.50685,32.40386230766076
301113.SZ,20260602,18.96,19.04,17.95,18.31,18.76,-0.45,-2.3987,14345.6,26324.81122,18.350442797791658
301115.SZ,20260602,29.35,29.44,27.8,28.28,29.05,-0.77,-2.6506,56128.2,158850.07559,28.301295176043414
301116.SZ,20260602,10.02,10.2,9.72,9.75,10.1,-0.35,-3.4653,43049.68,42541.51432,9.881958314208143
301117.SZ,20260602,27.18,27.43,25.61,26.5,27.17,-0.67,-2.466,48924.83,129049.10936,26.37701742857359
301118.SZ,20260602,29.75,30.14,28.66,29.36,30.07,-0.71,-2.3612,33345.0,97687.86337,29.29610537411906
301119.SZ,20260602,35.2,35.8,33.77,34.1,35.09,-0.99,-2.8213,10509.0,36085.858,34.338051194214486
301120.SZ,20260602,26.88,26.88,23.28,23.81,27.15,-3.34,-12.302,402556.64,992945.29194,24.665977238383153
301121.SZ,20260602,37.6,37.86,36.08,37.45,37.6,-0.15,-0.3989,13099.6,48354.62476,36.91305441387523
301122.SZ,20260602,27.99,28.27,26.88,27.34,27.92,-0.58,-2.0774,24704.97,67848.78382,27.46361716691014
301123.SZ,20260602,88.28,93.3,87.03,92.07,88.75,3.32,3.7408,190347.93,1734138.12685,91.10359786155804
301125.SZ,20260602,16.27,16.35,15.35,15.7,16.25,-0.55,-3.3846,38640.0,60662.5152,15.699408695652174
301126.SZ,20260602,10.76,10.77,10.1,10.19,10.6,-0.41,-3.8679,46154.0,47363.221,10.261997010009967
301127.SZ,20260602,14.25,14.3,13.34,13.38,14.25,-0.87,-6.1053,142832.88,195578.87592,13.692846907518772
301128.SZ,20260602,129.0,143.66,126.5,140.06,128.01,12.05,9.4133,98588.25,1331756.73612,135.08270368121964
301129.SZ,20260602,26.54,27.27,26.03,26.27,26.17,0.1,0.3821,34318.18,91173.70944,26.567175019188085
301130.SZ,20260602,28.92,29.05,28.01,28.61,28.9,-0.29,-1.0035,11820.72,33677.77348,28.49045868610373
301131.SZ,20260602,38.21,38.31,36.88,37.1,38.05,-0.95,-2.4967,10646.48,39638.76255,37.23180107415784
301132.SZ,20260602,39.3,42.0,39.3,41.08,39.45,1.63,4.1318,104275.56,425016.64459,40.758989411325146
301133.SZ,20260602,39.57,42.47,39.57,42.18,39.54,2.64,6.6768,30140.44,125125.5138,41.514162965106024
301135.SZ,20260602,18.79,18.9,18.01,18.37,18.69,-0.32,-1.7121,27103.3,49790.52075,18.370648869325876
301136.SZ,20260602,13.87,13.97,13.33,13.5,13.86,-0.36,-2.5974,46135.0,62362.106,13.517309201257179
301137.SZ,20260602,40.71,40.73,37.94,38.32,41.02,-2.7,-6.5822,56737.34,220723.23838,38.9026412553003
301138.SZ,20260602,29.39,29.39,28.37,28.7,29.4,-0.7,-2.381,8334.0,23988.491,28.783886489080874
301139.SZ,20260602,5.31,6.2,5.26,6.2,5.17,1.03,19.9226,356529.03,206648.01042,5.796106152141384
301141.SZ,20260602,47.47,47.88,45.23,47.09,47.39,-0.3,-0.633,23097.48,107571.54972,46.572851116225664
301148.SZ,20260602,60.6,60.84,56.0,56.63,60.16,-3.53,-5.8677,30765.82,176527.99045,57.37795724281037
301149.SZ,20260602,11.77,11.81,11.4,11.61,11.79,-0.18,-1.5267,58876.32,67929.20492,11.537610523212049
301150.SZ,20260602,63.3,64.27,60.6,62.44,63.31,-0.87,-1.3742,79656.89,497162.59892,62.4130064480298
301151.SZ,20260602,16.22,16.28,15.54,15.7,16.21,-0.51,-3.1462,17138.0,26990.614,15.748987046329795
301152.SZ,20260602,27.63,27.79,26.34,26.85,27.72,-0.87,-3.1385,34551.0,92748.609,26.843972388642875
301153.SZ,20260602,19.73,19.75,18.78,18.87,19.43,-0.56,-2.8821,41053.44,78031.7272,19.007354121847033
301155.SZ,20260602,61.0,61.11,57.56,59.6,61.13,-1.53,-2.5029,61773.56,364036.28293,58.93075984774068
301156.SZ,20260602,13.96,14.13,13.17,13.25,13.88,-0.63,-4.5389,42042.4,56231.5929,13.374972147165717
301157.SZ,20260602,68.3,69.48,66.83,68.88,68.59,0.29,0.4228,11160.0,76261.673,68.33483243727598
301158.SZ,20260602,16.61,16.7,15.67,15.87,16.47,-0.6,-3.643,41934.3,66657.46408,15.89569018202283
301159.SZ,20260602,36.99,37.05,34.6,35.23,36.04,-0.81,-2.2475,22659.0,80472.34968,35.514519475705015
301160.SZ,20260602,53.69,56.4,52.51,55.12,53.69,1.43,2.6634,23685.39,129187.25169,54.543012249323326
301161.SZ,20260602,30.99,31.19,29.64,30.25,31.0,-0.75,-2.4194,24522.0,74195.542,30.25672538944621
301162.SZ,20260602,50.63,51.05,46.96,47.22,50.63,-3.41,-6.7351,56830.8,272532.9628,47.95515157273872
301163.SZ,20260602,27.0,27.45,26.1,26.28,27.1,-0.82,-3.0258,15328.45,40628.6939,26.505415681298498
301165.SZ,20260602,61.81,64.4,60.55,63.71,61.4,2.31,3.7622,106655.59,669666.73848,62.78777685070235
301166.SZ,20260602,28.92,28.92,27.8,28.0,28.44,-0.44,-1.5471,8882.53,24996.48548,28.1411776599685
301167.SZ,20260602,15.56,15.8,14.86,14.96,15.56,-0.6,-3.856,34429.2,52120.5436,15.138470716717205
301168.SZ,20260602,41.21,42.0,40.67,41.87,41.21,0.66,1.6016,20757.65,86112.4423,41.484677841663185
301169.SZ,20260602,79.15,80.87,75.79,79.11,79.88,-0.77,-0.9639,13745.14,107464.61482,78.1837178959254
301170.SZ,20260602,25.82,26.09,25.37,25.68,25.87,-0.19,-0.7344,16334.0,41968.375,25.69387473980654
301171.SZ,20260602,46.0,46.5,43.7,45.18,46.43,-1.25,-2.6922,942720.39,4230078.38093,44.87097580365266
301172.SZ,20260602,32.0,32.49,30.9,31.73,32.29,-0.56,-1.7343,57771.31,182048.71908,31.5119596699469
301173.SZ,20260602,37.96,37.96,36.18,36.53,37.05,-0.52,-1.4035,6819.0,24982.05,36.635943686757585
301175.SZ,20260602,5.85,5.87,5.72,5.76,5.85,-0.09,-1.5385,160300.15,92392.70525,5.7637316777308065
301176.SZ,20260602,43.03,44.74,41.25,43.0,43.19,-0.19,-0.4399,85692.94,364993.88929,42.593227550601014
301177.SZ,20260602,26.0,26.28,25.23,25.44,26.01,-0.57,-2.1915,10188.0,25938.784,25.46013349038084
301178.SZ,20260602,53.05,54.39,50.89,53.01,53.1,-0.09,-0.1695,23257.94,122053.27726,52.47811167283088
301179.SZ,20260602,23.12,23.3,21.75,22.45,23.44,-0.99,-4.2235,84010.59,187322.77769,22.297519597231727
301180.SZ,20260602,15.43,15.44,14.81,15.21,15.34,-0.13,-0.8475,40604.4,61491.35056,15.14401162435598
301181.SZ,20260602,31.56,32.0,29.9,30.58,31.55,-0.97,-3.0745,22051.75,67463.12715,30.593094493634293
301182.SZ,20260602,75.0,84.9,73.0,84.59,75.05,9.54,12.7115,45800.89,365550.49337,79.81296725238307
301183.SZ,20260602,220.01,229.85,213.54,226.83,218.43,8.4,3.8456,55091.63,1231328.69006,223.50558334541927
301185.SZ,20260602,16.75,17.04,16.21,16.49,16.78,-0.29,-1.7282,33020.07,54395.4431,16.473448754045645
301186.SZ,20260602,65.21,66.0,63.2,65.28,65.16,0.12,0.1842,12057.5,77992.12334,64.68349437279701
301187.SZ,20260602,18.7,19.03,18.08,18.16,18.68,-0.52,-2.7837,12930.0,23578.8888,18.235799535962876
301188.SZ,20260602,43.98,45.4,40.3,42.35,44.22,-1.87,-4.2289,237487.38,1013801.66195,42.68865410658874
301189.SZ,20260602,108.0,109.5,101.71,107.0,108.56,-1.56,-1.437,57126.56,604523.70445,105.82182866428505
301190.SZ,20260602,21.92,21.92,20.8,21.44,21.98,-0.54,-2.4568,26180.0,55569.38,21.225889992360578
301191.SZ,20260602,142.48,147.5,139.03,145.27,141.2,4.07,2.8824,39814.93,573402.38961,144.01692772284164
301192.SZ,20260602,23.53,23.99,22.3,22.72,23.51,-0.79,-3.3603,22123.11,50414.1733,22.78801366534814
301193.SZ,20260602,21.45,21.99,20.96,21.63,21.0,0.63,3.0,70275.11,150203.8251,21.373687654135296
301195.SZ,20260602,29.07,29.3,28.18,28.53,28.92,-0.39,-1.3485,12351.0,35246.2953,28.537199659946562
301196.SZ,20260602,118.82,120.4,115.34,118.99,118.5,0.49,0.4135,33672.64,397311.07418,117.99225548694727
301197.SZ,20260602,31.57,31.99,30.0,31.22,31.44,-0.22,-0.6997,32049.14,98785.27738,30.823066509740976
301198.SZ,20260602,18.17,18.49,17.11,17.64,18.5,-0.86,-4.6486,64801.35,114560.29499,17.678689562794602
301199.SZ,20260602,19.94,20.12,19.26,19.43,19.95,-0.52,-2.6065,16031.84,31265.72094,19.50226607800477
301200.SZ,20260602,273.83,284.9,261.0,279.1,275.8,3.3,1.1965,52421.76,1438090.21366,274.33077669654733
301201.SZ,20260602,33.37,33.75,31.7,33.6,33.31,0.29,0.8706,48400.8,159331.7289,32.91923457876729
301202.SZ,20260602,39.43,39.88,37.82,38.97,39.43,-0.46,-1.1666,21587.72,83962.71368,38.8937385143035
301203.SZ,20260602,43.8,45.3,43.05,44.58,43.8,0.78,1.7808,8179.0,36200.274,44.26002445286709
301205.SZ,20260602,318.0,351.49,317.3,340.02,312.69,27.33,8.7403,141514.76,4772110.51291,337.2164509843355
301206.SZ,20260602,25.55,25.67,24.96,25.02,25.55,-0.53,-2.0744,9502.36,23905.41636,25.15734655390871
301207.SZ,20260602,18.17,18.28,17.66,17.7,18.21,-0.51,-2.8007,40805.5,72750.4895,17.828598963375036
301208.SZ,20260602,30.18,30.58,29.23,29.68,30.07,-0.39,-1.297,13067.0,38664.1828,29.589180990280862
301209.SZ,20260602,91.47,93.0,87.7,89.58,91.47,-1.89,-2.0663,15286.79,136332.55009,89.18324258395648
301210.SZ,20260602,39.03,39.86,38.28,38.88,39.35,-0.47,-1.1944,21488.58,83796.83214,38.9959839784667
301211.SZ,20260602,10.27,10.27,9.93,9.98,10.24,-0.26,-2.5391,28556.91,28659.68118,10.035988200404036
301212.SZ,20260602,30.22,30.25,28.35,28.86,30.33,-1.47,-4.8467,16181.0,46666.314,28.840191582720472
301213.SZ,20260602,65.7,66.48,63.33,65.18,66.0,-0.82,-1.2424,11030.0,71216.086,64.5658077969175
301215.SZ,20260602,5.9,5.9,5.82,5.85,5.88,-0.03,-0.5102,86750.0,50752.685,5.850453602305476
301216.SZ,20260602,24.94,25.62,24.5,25.1,25.07,0.03,0.1197,89642.29,224532.96878,25.04766096225342
301217.SZ,20260602,105.0,106.0,97.4,103.63,104.89,-1.26,-1.2013,321475.11,3287260.40635,102.25551851743671
301218.SZ,20260602,37.99,38.77,36.31,36.96,38.2,-1.24,-3.2461,76031.55,281984.15091,37.0877814420461
301219.SZ,20260602,76.95,78.39,75.92,77.68,76.53,1.15,1.5027,61231.05,473013.80733,77.2506444573464
301220.SZ,20260602,39.05,39.08,37.5,37.58,38.61,-1.03,-2.6677,12530.6,47625.6092,38.007445134311205
301221.SZ,20260602,33.22,33.22,31.61,31.95,32.88,-0.93,-2.8285,22131.32,70928.26761,32.04881932483015
301222.SZ,20260602,32.52,32.59,30.18,31.15,32.62,-1.47,-4.5064,64612.26,201162.91964,31.13386215557233
301223.SZ,20260602,17.69,17.77,17.1,17.2,17.73,-0.53,-2.9893,13893.0,24037.01521,17.301529698409272
301225.SZ,20260602,94.29,96.2,90.08,90.13,93.7,-3.57,-3.81,19313.7,177751.737,92.03401575047764
301226.SZ,20260602,36.28,36.68,34.25,35.52,36.42,-0.9,-2.4712,38713.77,136666.4258,35.301761052979344
301227.SZ,20260602,31.4,33.19,30.59,33.08,31.44,1.64,5.2163,14264.0,45364.53,31.803512338754906
301228.SZ,20260602,72.0,75.5,70.87,73.2,70.45,2.75,3.9035,58429.42,426115.69211,72.92827690399803
301229.SZ,20260602,15.21,15.3,14.5,14.72,15.12,-0.4,-2.6455,27105.98,39925.76614,14.729504758728517
301230.SZ,20260602,35.48,35.6,33.9,34.34,35.61,-1.27,-3.5664,54848.81,188908.84097,34.44173920455157
301231.SZ,20260602,33.94,34.21,31.56,32.22,33.95,-1.73,-5.0957,103402.59,334633.6738,32.362213925202454
301232.SZ,20260602,131.31,132.08,124.0,127.9,128.74,-0.84,-0.6525,36857.08,469147.508,127.28830064671428
301233.SZ,20260602,60.96,62.63,58.01,58.71,64.14,-5.43,-8.4659,25190.54,149969.07638,59.533887078244454
301234.SZ,20260602,40.2,41.33,38.0,41.1,40.31,0.79,1.9598,35007.75,138400.65185,39.53428936449786
301235.SZ,20260602,61.6,64.64,59.02,63.48,61.01,2.47,4.0485,40376.86,248735.29186,61.60342628426282
301236.SZ,20260602,41.41,43.91,39.63,42.4,39.65,2.75,6.9357,1013276.6,4197279.56739,41.422841180680585
301237.SZ,20260602,65.98,67.38,59.86,61.33,66.28,-4.95,-7.4683,31439.71,195793.7954,62.275954644619816
301238.SZ,20260602,24.53,25.75,24.0,25.31,24.91,0.4,1.6058,274667.8,684905.3884,24.93577290093706
301239.SZ,20260602,38.38,38.5,36.7,36.79,38.52,-1.73,-4.4912,30281.72,112908.45284,37.286010451189696
301246.SZ,20260602,31.72,31.98,30.28,30.4,31.71,-1.31,-4.1312,140577.91,432120.54047,30.738865051415264
301248.SZ,20260602,76.88,76.92,72.57,74.9,76.08,-1.18,-1.551,55110.5,411353.9195,74.64165984703459
301251.SZ,20260602,50.5,53.94,49.7,52.72,50.16,2.56,5.1037,88754.34,465022.64816,52.39435594473464
301252.SZ,20260602,34.97,35.79,33.34,34.14,33.71,0.43,1.2756,41322.65,142453.00348,34.47334657385235
301255.SZ,20260602,25.18,25.62,24.31,24.56,25.09,-0.53,-2.1124,23765.19,58682.99523,24.692836552116773
301256.SZ,20260602,11.75,11.84,11.32,11.55,11.75,-0.2,-1.7021,50340.0,57940.95428,11.509923377036152
301257.SZ,20260602,42.44,42.67,40.93,41.74,42.42,-0.68,-1.603,21656.2,90342.5568,41.716717060241415
301258.SZ,20260602,27.18,27.21,26.0,26.45,27.18,-0.73,-2.6858,8378.0,22124.88,26.408307471950344
301259.SZ,20260602,35.64,35.79,34.16,35.09,35.69,-0.6,-1.6811,27479.0,95746.751,34.843608209905746
301260.SZ,20260602,15.62,15.79,15.23,15.3,15.62,-0.32,-2.0487,36035.0,55499.263,15.401488275287914
301261.SZ,20260602,89.42,90.27,84.88,85.34,87.6,-2.26,-2.5799,30986.11,268859.0341,86.76759815930427
301262.SZ,20260602,21.92,22.09,21.23,21.28,22.02,-0.74,-3.3606,40000.0,85933.094,21.483273499999996
301263.SZ,20260602,21.04,21.1,20.05,20.29,21.11,-0.82,-3.8844,58638.72,119057.93384,20.30363791024088
301265.SZ,20260602,26.7,27.07,25.6,25.94,26.94,-1.0,-3.712,96061.64,251056.58183,26.13494646041854
301266.SZ,20260602,26.01,26.16,24.66,25.07,25.92,-0.85,-3.2793,37982.75,95282.58965,25.085753309067933
301267.SZ,20260602,17.57,17.71,17.25,17.31,17.58,-0.27,-1.5358,47666.5,83343.19715,17.484647949818008
301268.SZ,20260602,17.01,17.14,16.4,16.55,17.02,-0.47,-2.7615,49133.0,81602.357,16.608462133393036
301269.SZ,20260602,107.0,109.15,104.68,105.3,105.75,-0.45,-0.4255,201801.25,2157518.34027,106.91303152334288
301270.SZ,20260602,30.3,30.84,29.0,29.95,30.42,-0.47,-1.545,34531.26,102798.47098,29.769684332399105
301272.SZ,20260602,40.47,40.64,38.4,38.86,40.22,-1.36,-3.3814,9372.82,36519.69959,38.96340652012948
301273.SZ,20260602,41.8,44.6,41.01,43.99,41.61,2.38,5.7198,27950.56,120825.14632,43.22816656267352
301275.SZ,20260602,45.05,45.49,43.8,44.66,45.32,-0.66,-1.4563,79575.86,354161.68651,44.50617140801243
301276.SZ,20260602,25.82,26.01,24.31,24.62,25.8,-1.18,-4.5736,26735.0,66383.9586,24.830356685992143
301277.SZ,20260602,10.1,10.14,9.79,9.81,10.09,-0.28,-2.775,25638.78,25362.70466,9.892321186889548
301278.SZ,20260602,35.76,36.38,34.3,34.79,35.74,-0.95,-2.6581,14251.07,49585.14965,34.793983644736855
301279.SZ,20260602,23.18,23.3,22.0,22.17,22.95,-0.78,-3.3987,20123.55,44779.6602,22.25236610836557
301280.SZ,20260602,39.01,41.2,38.51,40.49,39.18,1.31,3.3435,34676.88,138452.49096,39.92645559808149
301281.SZ,20260602,40.8,42.0,39.0,39.93,40.16,-0.23,-0.5727,29357.0,117753.447,40.1108583983377
301282.SZ,20260602,27.7,30.18,27.56,29.8,27.82,1.98,7.1172,205792.16,595987.22625,28.960638065609494
301283.SZ,20260602,27.96,28.19,26.94,27.19,27.97,-0.78,-2.7887,10707.84,29218.14757,27.286686736073754
301285.SZ,20260602,112.13,112.79,106.55,107.01,112.22,-5.21,-4.6427,53380.81,579025.54474,108.47073035047615
301286.SZ,20260602,53.27,54.5,51.54,53.89,53.35,0.54,1.0122,22715.1,120590.36417,53.0881942716519
301287.SZ,20260602,37.82,37.82,35.79,36.59,37.6,-1.01,-2.6862,9796.0,35971.143,36.72023581053491
301288.SZ,20260602,18.0,18.49,17.28,17.6,18.01,-0.41,-2.2765,33906.98,59700.2746,17.607075180390584
301289.SZ,20260602,51.0,51.49,48.9,49.1,51.1,-2.0,-3.9139,14883.81,74017.85846,49.73045104714452
301290.SZ,20260602,31.57,32.37,30.06,31.0,31.57,-0.57,-1.8055,39707.15,122725.4474,30.90764444187004
301291.SZ,20260602,56.0,56.03,53.0,54.46,56.04,-1.58,-2.8194,89194.61,484971.57107,54.3722957104695
301292.SZ,20260602,71.2,71.95,68.28,69.75,72.05,-2.3,-3.1922,86308.64,600070.22578,69.52608983063573
301293.SZ,20260602,58.39,58.84,56.65,57.87,58.38,-0.51,-0.8736,51559.8,297316.6958,57.66443931124635
301295.SZ,20260602,48.38,48.68,46.03,46.8,48.64,-1.84,-3.7829,15550.85,73129.0312,47.025745345109755
301296.SZ,20260602,6.98,7.04,6.84,6.88,6.99,-0.11,-1.5737,27841.0,19278.591,6.924532523975432
301297.SZ,20260602,40.01,44.09,39.4,43.21,40.07,3.14,7.8363,236283.08,989543.92483,41.87959310628591
301298.SZ,20260602,14.55,15.6,14.07,14.19,14.41,-0.22,-1.5267,37537.0,54362.638,14.482414151370648
301299.SZ,20260602,53.54,53.54,51.12,52.61,53.4,-0.79,-1.4794,11466.0,59673.715,52.04405634048491
301300.SZ,20260602,36.52,36.81,35.56,35.78,36.35,-0.57,-1.5681,6574.0,23671.4301,36.007651505932465
301301.SZ,20260602,9.05,9.1,8.85,8.86,9.05,-0.19,-2.0994,71210.68,63569.23548,8.926924371456643
301302.SZ,20260602,26.07,26.31,25.05,25.51,26.21,-0.7,-2.6707,66946.97,170519.0687,25.470767190807887
301303.SZ,20260602,13.81,13.96,13.53,13.53,13.81,-0.28,-2.0275,20811.0,28421.684,13.657048676180867
301305.SZ,20260602,30.36,31.8,29.81,31.16,30.83,0.33,1.0704,162883.52,507720.88883,31.170795475809957
301306.SZ,20260602,127.6,128.54,120.15,126.96,126.61,0.35,0.2764,25772.38,321758.93192,124.84641772315945
301307.SZ,20260602,58.5,60.59,57.6,58.24,58.28,-0.04,-0.0686,82424.35,484687.70914,58.803946787569444
301308.SZ,20260602,505.83,529.66,495.71,519.5,504.81,14.69,2.91,158027.32,8126518.88195,514.2477188090008
301309.SZ,20260602,32.88,33.47,32.52,33.2,32.88,0.32,0.9732,12555.0,41519.514,33.0701027479092
301310.SZ,20260602,32.42,34.37,32.41,33.77,32.74,1.03,3.146,77087.92,257466.63343,33.39908943320821
301311.SZ,20260602,15.2,15.25,14.7,14.82,15.2,-0.38,-2.5,19077.0,28338.42,14.85475703727001
301312.SZ,20260602,118.6,135.0,118.2,133.08,117.05,16.03,13.695,75300.92,955593.07338,126.90324014367953
301313.SZ,20260602,46.07,46.98,43.63,44.06,47.8,-3.74,-7.8243,130199.29,582829.24273,44.76439485422694
301314.SZ,20260602,46.11,46.74,44.99,46.03,46.05,-0.02,-0.0434,10795.14,49410.71876,45.771262586682525
301315.SZ,20260602,44.42,44.62,42.7,43.44,44.55,-1.11,-2.4916,12400.94,53854.28016,43.4275790061076
301316.SZ,20260602,44.0,44.24,42.66,43.06,43.48,-0.42,-0.966,119875.6,517918.9292,43.20469963862537
301317.SZ,20260602,62.93,66.48,60.21,65.49,63.1,2.39,3.7876,52396.6,332704.8889,63.49741946996561
301318.SZ,20260602,22.98,22.98,22.12,22.42,22.8,-0.38,-1.6667,12380.0,27806.5194,22.46083957996769
301319.SZ,20260602,106.0,117.38,92.41,112.67,108.95,3.72,3.4144,142666.15,1472066.04289,103.18257294319639
301320.SZ,20260602,15.01,15.1,14.45,14.85,14.92,-0.07,-0.4692,30468.4,44968.44307,14.759043162752228
301321.SZ,20260602,31.39,32.06,30.21,31.26,31.45,-0.19,-0.6041,75949.06,235154.97388,30.962196751348866
301322.SZ,20260602,51.0,53.55,50.0,50.73,51.15,-0.42,-0.8211,73892.83,383011.59976,51.83339165112501
301323.SZ,20260602,77.4,79.66,74.8,78.19,77.83,0.36,0.4625,21797.0,169063.279,77.56263660136716
301325.SZ,20260602,46.66,46.87,44.0,45.03,46.82,-1.79,-3.8232,49874.64,225990.00213,45.31160568377035
301326.SZ,20260602,141.75,143.0,135.5,141.31,141.8,-0.49,-0.3456,16406.7,228678.77029,139.38133219355504
301327.SZ,20260602,55.93,56.88,55.4,55.55,55.87,-0.32,-0.5728,18015.76,100759.28843,55.928414027495926
301328.SZ,20260602,54.02,55.53,51.0,54.5,53.76,0.74,1.3765,34308.98,183747.20773,53.55659297653267
301329.SZ,20260602,30.13,30.5,28.11,30.04,31.38,-1.34,-4.2702,283113.3,831814.89369,29.380989649373596
301330.SZ,20260602,27.58,27.62,26.41,27.11,27.6,-0.49,-1.7754,25309.69,68214.85244,26.95206951961877
301331.SZ,20260602,25.0,25.49,24.11,24.44,25.06,-0.62,-2.4741,15780.86,38741.29108,24.549543611691632
301332.SZ,20260602,8.82,8.84,8.61,8.65,8.82,-0.17,-1.9274,22655.57,19672.66342,8.683367233753113
301333.SZ,20260602,50.2,50.2,48.55,48.91,50.13,-1.22,-2.4337,13988.13,68653.75992,49.08001278226611
301335.SZ,20260602,23.46,23.46,22.29,22.38,23.45,-1.07,-4.5629,24322.0,54858.442,22.5550703067182
301336.SZ,20260602,41.47,42.21,40.32,41.84,41.2,0.64,1.5534,18946.92,78078.62229,41.20913704707679
301337.SZ,20260602,26.46,26.46,25.23,25.49,26.27,-0.78,-2.9692,17543.5,44827.1485,25.55199846096845
301338.SZ,20260602,235.06,264.8,235.06,258.44,234.5,23.94,10.209,58984.93,1508691.82003,255.77580918210805
301339.SZ,20260602,11.89,11.97,11.72,11.81,11.91,-0.1,-0.8396,34225.65,40514.499,11.837466636864457
301345.SZ,20260602,213.5,216.99,205.99,207.47,212.32,-4.85,-2.2843,16213.18,340557.82643,210.04998799125158
301348.SZ,20260602,25.19,25.59,24.31,24.51,25.28,-0.77,-3.0459,140945.74,350124.11027,24.841056584611923
301349.SZ,20260602,60.18,63.43,60.01,62.33,61.78,0.55,0.8903,84719.17,523902.79756,61.839935112678745
301353.SZ,20260602,20.35,20.73,19.76,19.82,20.43,-0.61,-2.9858,19062.2,38320.53852,20.1028939576754
301355.SZ,20260602,11.32,11.38,10.89,10.94,11.3,-0.36,-3.1858,28638.63,31578.97096,11.02670447573784
301356.SZ,20260602,24.84,25.0,23.86,24.19,24.85,-0.66,-2.6559,19233.42,46479.04855,24.165774235679358
301357.SZ,20260602,92.0,93.5,88.11,90.36,92.84,-2.48,-2.6713,14592.24,131428.86902,90.06764487152076
301358.SZ,20260602,86.0,86.07,81.56,83.98,85.07,-1.09,-1.2813,215083.31,1793239.58506,83.37418580084154
301359.SZ,20260602,21.19,21.5,20.3,20.59,21.2,-0.61,-2.8774,16992.4,35190.1184,20.709327934841454
301360.SZ,20260602,73.5,83.68,72.9,82.0,74.27,7.73,10.408,98479.92,774539.69408,78.64950480057254
301361.SZ,20260602,39.76,39.76,37.51,37.51,39.98,-2.47,-6.1781,38464.05,147340.35167,38.305990053049534
301362.SZ,20260602,152.0,170.6,149.11,168.9,152.5,16.4,10.7541,46182.41,746410.29787,161.62220591562888
301363.SZ,20260602,25.11,25.13,24.23,24.8,24.92,-0.12,-0.4815,61117.35,150681.1802,24.654403405906834
301365.SZ,20260602,33.21,33.21,31.81,32.28,33.05,-0.77,-2.3298,19604.5,63135.3465,32.20451758524828
301366.SZ,20260602,42.2,46.88,41.3,45.13,42.36,2.77,6.5392,113044.4,499107.00516,44.15141352955122
301367.SZ,20260602,44.66,46.4,44.25,45.45,44.63,0.82,1.8373,12843.95,58253.79525,45.35504673406545
301368.SZ,20260602,47.51,48.33,46.03,46.87,47.31,-0.44,-0.93,22776.0,107211.36882,47.07207974183351
301369.SZ,20260602,181.73,187.0,177.01,180.08,182.65,-2.57,-1.4071,19008.2,343884.1607,180.91358503172316
301370.SZ,20260602,9.57,9.66,9.37,9.4,9.57,-0.17,-1.7764,33335.5,31618.93865,9.485065065770725
301371.SZ,20260602,29.7,30.22,28.6,28.71,30.24,-1.53,-5.0595,34200.0,99290.4901,29.032307046783625
301372.SZ,20260602,35.33,35.7,33.6,34.08,35.32,-1.24,-3.5108,15123.52,51822.94648,34.266458126150525
301373.SZ,20260602,139.24,146.96,136.19,140.34,140.48,-0.14,-0.0997,81857.47,1158217.99663,141.49203446307342
301376.SZ,20260602,18.38,18.4,17.58,17.76,18.2,-0.44,-2.4176,32468.0,58017.178,17.869033509917458
301377.SZ,20260602,338.37,357.32,338.04,344.28,338.37,5.91,1.7466,53578.67,1854467.42082,346.1204656293261
301378.SZ,20260602,30.02,30.39,28.8,29.31,30.02,-0.71,-2.3651,20577.0,60176.7935,29.24468751518686
301379.SZ,20260602,31.43,33.99,31.11,33.72,31.64,2.08,6.574,249361.76,823435.62657,33.02172821406137
301380.SZ,20260602,32.16,33.18,30.98,32.61,32.12,0.49,1.5255,29605.79,95495.19971,32.255582340481375
301381.SZ,20260602,19.26,19.45,18.8,18.83,19.26,-0.43,-2.2326,49421.0,93839.556,18.987789805952936
301382.SZ,20260602,41.91,42.06,39.54,40.28,42.14,-1.86,-4.4139,100430.45,405981.8234,40.42417647237467
301383.SZ,20260602,27.9,30.25,27.74,29.93,27.7,2.23,8.0505,56836.65,168492.24404,29.644999140519364
301386.SZ,20260602,23.75,23.75,22.98,23.39,23.78,-0.39,-1.64,12728.0,29600.861,23.256490414833436
301387.SZ,20260602,90.79,93.18,88.23,91.64,91.35,0.29,0.3175,34579.67,313708.41584,90.72047704330318
301388.SZ,20260602,28.92,29.68,27.6,28.21,29.2,-0.99,-3.3904,16377.85,46263.96929,28.24788924675705
301389.SZ,20260602,80.11,84.6,77.1,82.0,80.2,1.8,2.2444,128944.48,1042622.94609,80.85828459581984
301390.SZ,20260602,34.34,34.97,32.8,32.96,34.32,-1.36,-3.9627,9005.0,29981.528,33.29431204886174
301391.SZ,20260602,62.65,63.51,60.67,62.39,63.05,-0.66,-1.0468,15293.03,95279.83663,62.30278540616215
301392.SZ,20260602,166.0,169.62,161.6,164.67,166.49,-1.82,-1.0932,36813.73,609641.256,165.60159918595588
301393.SZ,20260602,56.25,56.25,53.61,53.85,56.19,-2.34,-4.1644,14806.0,80726.698,54.522962312575984
301395.SZ,20260602,13.12,13.69,12.41,12.7,13.12,-0.42,-3.2012,71710.37,91728.62134,12.791542051728362
301396.SZ,20260602,175.09,181.38,167.38,173.43,169.77,3.66,2.1559,115994.13,2007101.78886,173.03477243719144
301397.SZ,20260602,32.0,32.6,31.03,32.1,31.85,0.25,0.7849,27917.0,89003.204,31.881364043414404
301398.SZ,20260602,39.83,40.25,38.5,39.18,39.82,-0.64,-1.6072,13762.0,54062.22401,39.283697144310416
301399.SZ,20260602,18.85,18.85,17.97,18.37,18.62,-0.25,-1.3426,14859.98,27148.33227,18.269427193037945
301408.SZ,20260602,18.0,18.2,17.31,17.33,18.3,-0.97,-5.3005,166624.54,292811.15312,17.573110966727945
301413.SZ,20260602,89.37,90.2,85.7,85.85,87.63,-1.78,-2.0313,36300.78,316719.11874,87.24857117119798
301418.SZ,20260602,39.45,40.12,37.94,38.32,39.45,-1.13,-2.8644,12241.0,47068.345,38.45138877542685
301419.SZ,20260602,37.29,44.88,37.17,44.88,37.4,7.48,20.0,170702.01,737613.79509,43.21060982761714
301421.SZ,20260602,89.98,91.84,88.41,90.47,89.95,0.52,0.5781,47381.23,428696.51775,90.47813189948846
301428.SZ,20260602,31.72,37.8,31.01,36.74,31.58,5.16,16.3395,163605.87,575956.6077,35.20390849668169
301429.SZ,20260602,20.59,20.94,19.75,19.93,20.57,-0.64,-3.1113,16811.0,33937.52,20.18768663375171
301439.SZ,20260602,24.9,25.35,21.88,22.52,23.48,-0.96,-4.0886,672118.63,1560035.64671,23.21071871955104
301446.SZ,20260602,46.5,47.75,45.34,46.12,46.94,-0.82,-1.7469,16065.5,74175.4287,46.17063191310572
301448.SZ,20260602,34.21,34.89,32.9,33.51,34.43,-0.92,-2.6721,9515.9,31936.6278,33.56133187612312
301449.SZ,20260602,61.77,62.88,61.4,62.65,61.41,1.24,2.0192,6826.79,42441.18163,62.16857649056145
301456.SZ,20260602,29.11,29.12,27.88,28.53,29.12,-0.59,-2.0261,17922.38,50861.024,28.37849883776596
301458.SZ,20260602,48.0,51.23,47.1,50.1,47.75,2.35,4.9215,220578.54,1097377.82471,49.74998133136615
301459.SZ,20260602,35.0,35.59,34.6,35.11,35.06,0.05,0.1426,6176.75,21673.0607,35.088130003642696
301468.SZ,20260602,44.01,47.0,43.78,44.53,44.45,0.08,0.18,130585.36,590936.07086,45.252857660307406
301469.SZ,20260602,34.46,34.5,32.93,33.0,34.3,-1.3,-3.7901,11783.0,39361.35503,33.405206679113974
301479.SZ,20260602,66.88,68.15,64.18,67.5,66.86,0.64,0.9572,34237.71,227393.66389,66.41614286995247
301486.SZ,20260602,228.89,254.74,228.51,243.56,225.5,18.06,8.0089,92385.68,2236736.46066,242.10856711343143
301487.SZ,20260602,25.12,25.48,24.18,24.93,25.11,-0.18,-0.7168,165460.68,410378.19066,24.802157869773048
301488.SZ,20260602,148.58,149.2,142.31,142.63,146.89,-4.26,-2.9001,22160.75,320844.15167,144.78036694155205
301489.SZ,20260602,157.39,170.88,152.8,170.0,154.18,15.82,10.2607,78522.16,1270633.94399,161.81851645318977
301491.SZ,20260602,44.56,44.75,43.58,43.93,44.61,-0.68,-1.5243,4523.99,19882.84264,43.94979352297419
301498.SZ,20260602,45.19,45.6,43.42,43.73,44.55,-0.82,-1.8406,45277.29,199159.1109,43.98653517028073
301499.SZ,20260602,33.56,34.13,32.7,33.3,33.55,-0.25,-0.7452,15541.11,51675.93169,33.25112021599487
301500.SZ,20260602,25.44,27.42,25.08,26.96,25.4,1.56,6.1417,194348.82,512069.86149,26.347978932416463
301501.SZ,20260602,31.61,31.7,30.0,30.36,31.78,-1.42,-4.4682,20866.46,63652.71528,30.504798264775147
301502.SZ,20260602,77.78,82.37,75.18,81.0,77.76,3.24,4.1667,19418.5,153425.2,79.00981023251023
301503.SZ,20260602,34.26,35.75,32.51,32.67,33.2,-0.53,-1.5964,22389.0,75771.20536,33.84305031935326
301505.SZ,20260602,20.29,20.44,19.2,19.4,20.34,-0.94,-4.6214,30768.14,60297.60417,19.597416083650167
301507.SZ,20260602,13.12,13.17,12.77,12.8,13.13,-0.33,-2.5133,25784.4,33227.6744,12.886735545523651
301508.SZ,20260602,26.41,26.52,25.92,25.92,26.31,-0.39,-1.4823,12717.87,33249.53439,26.14394893956299
301509.SZ,20260602,29.06,29.1,27.9,28.12,29.05,-0.93,-3.2014,20254.67,57211.40492,28.246031616412417
301510.SZ,20260602,32.22,33.25,31.27,32.62,32.08,0.54,1.6833,144810.59,469262.08286,32.405232439146886
301511.SZ,20260602,125.0,128.87,118.89,127.02,128.53,-1.51,-1.1748,455962.1,5649174.56443,123.89570458663123
301512.SZ,20260602,53.71,54.88,51.82,53.36,53.71,-0.35,-0.6516,18083.66,96345.84084,53.27784355600581
301513.SZ,20260602,68.99,68.99,65.5,67.55,69.49,-1.94,-2.7918,22111.62,147358.32567,66.64293510380514
301515.SZ,20260602,21.82,22.0,20.6,20.85,21.71,-0.86,-3.9613,17247.91,36254.29325,21.01952830806747
301516.SZ,20260602,17.76,17.88,17.04,17.24,17.75,-0.51,-2.8732,49964.0,86369.348,17.286315747338083
301517.SZ,20260602,54.9,54.9,51.9,53.88,54.16,-0.28,-0.517,38847.13,207541.0971,53.425078532185005
301518.SZ,20260602,31.84,31.84,30.42,30.95,31.61,-0.66,-2.0879,16442.32,50857.4474,30.930822049443144
301519.SZ,20260602,13.95,14.05,13.36,13.42,13.8,-0.38,-2.7536,30044.0,40740.368,13.560234322992944
301520.SZ,20260602,38.15,38.15,36.92,37.02,37.95,-0.93,-2.4506,5225.66,19455.59446,37.23088463466816
301522.SZ,20260602,27.52,27.73,26.4,26.68,27.43,-0.75,-2.7342,45782.0,122446.905,26.745643484338824
301525.SZ,20260602,71.38,72.26,68.5,69.7,71.38,-1.68,-2.3536,12684.05,88622.71945,69.86941824574959
301526.SZ,20260602,21.28,23.66,20.95,23.18,21.36,1.82,8.5206,1865976.55,4189805.00364,22.453685195775904
301528.SZ,20260602,66.5,72.61,65.58,68.68,66.1,2.58,3.9032,23361.41,160901.18608,68.87477514413729
301529.SZ,20260602,110.5,113.09,107.24,108.09,109.79,-1.7,-1.5484,28338.92,310296.51449,109.49482707527315
301531.SZ,20260602,76.04,77.0,71.71,75.3,77.31,-2.01,-2.5999,75596.01,561426.72818,74.26671436495127
301533.SZ,20260602,28.5,28.99,27.75,27.92,28.5,-0.58,-2.0351,7347.0,20664.412,28.12632639172451
301535.SZ,20260602,16.8,16.98,16.13,16.34,16.57,-0.23,-1.3881,18188.51,29746.05803,16.35431271170646
301536.SZ,20260602,80.32,80.74,77.0,79.33,80.0,-0.67,-0.8375,68527.0,542478.17016,79.1626906416449
301538.SZ,20260602,91.3,92.96,88.8,89.91,90.06,-0.15,-0.1666,11286.0,102053.59468,90.4249465532518
301539.SZ,20260602,16.18,16.32,15.71,15.85,16.17,-0.32,-1.979,26548.0,42346.265,15.950830571041132
301548.SZ,20260602,75.4,77.39,73.37,75.34,76.5,-1.16,-1.5163,10767.83,80985.87213,75.2109497735384
301550.SZ,20260602,110.85,111.88,107.11,108.36,108.3,0.06,0.0554,72825.74,796611.00764,109.38591322793286
301551.SZ,20260602,25.04,25.24,24.31,24.42,25.26,-0.84,-3.3254,45031.72,110809.71149,24.60703510547676
301552.SZ,20260602,26.87,26.87,25.84,26.1,26.67,-0.57,-2.1372,9204.15,24038.72894,26.117272034897304
301555.SZ,20260602,39.48,40.62,38.4,39.86,39.49,0.37,0.9369,38608.67,153410.23008,39.73465806514444
301556.SZ,20260602,73.45,73.79,68.7,71.36,70.3,1.06,1.5078,17713.0,125488.239,70.84527691525997
301557.SZ,20260602,89.04,89.04,86.01,86.3,89.49,-3.19,-3.5646,14976.26,130564.17432,87.18076096435291
301558.SZ,20260602,7.16,7.23,6.98,7.01,7.22,-0.21,-2.9086,66897.0,47126.787,7.044678685142831
301559.SZ,20260602,14.78,14.78,14.27,14.28,14.68,-0.4,-2.7248,20560.0,29604.73112,14.399188287937744
301560.SZ,20260602,32.99,33.0,31.18,32.11,32.67,-0.56,-1.7141,24747.7,79286.86261,32.03807327953709
301563.SZ,20260602,168.06,211.7,164.45,211.7,176.42,35.28,19.9977,94482.14,1808351.20532,191.39608875497527
301565.SZ,20260602,27.01,27.47,26.13,26.55,27.26,-0.71,-2.6045,187631.5,500326.19363,26.665362352803236
301566.SZ,20260602,31.23,37.3,30.83,37.3,31.08,6.22,20.0129,330296.18,1135066.36919,34.365107376960886
301567.SZ,20260602,43.98,44.68,43.1,44.33,44.14,0.19,0.4304,10576.18,46512.13012,43.9781945087924
301568.SZ,20260602,73.0,77.48,72.58,76.4,73.5,2.9,3.9456,69419.22,526829.88463,75.89106945165906
301571.SZ,20260602,60.36,60.62,57.57,59.23,59.75,-0.52,-0.8703,27660.27,162665.97971,58.80852924067625
301575.SZ,20260602,42.74,42.95,41.66,41.78,42.74,-0.96,-2.2461,4985.31,20948.54541,42.02054718763727
301577.SZ,20260602,79.17,86.67,78.5,86.39,82.53,3.86,4.6771,41493.31,344406.90854,83.00299699879331
301578.SZ,20260602,32.68,34.57,31.99,32.11,32.48,-0.37,-1.1392,17099.11,56392.10018,32.97955284222395
301580.SZ,20260602,56.08,57.14,54.85,55.77,56.3,-0.53,-0.9414,38620.42,216417.50693,56.037067160326075
301581.SZ,20260602,50.01,50.97,48.34,48.7,50.62,-1.92,-3.793,20852.02,102406.2166,49.11093342515497
301584.SZ,20260602,23.45,23.49,22.9,23.07,23.33,-0.26,-1.1144,20112.8,46628.46192,23.183476154488684
301585.SZ,20260602,27.07,27.78,26.39,26.57,26.91,-0.34,-1.2635,13720.23,36887.4259,26.885428232617095
301586.SZ,20260602,37.96,38.02,36.55,37.3,37.96,-0.66,-1.7387,7482.0,27707.301,37.03194466720128
301587.SZ,20260602,27.28,27.5,25.32,25.71,27.55,-1.84,-6.6788,63137.85,163098.14306,25.832071104733533
301588.SZ,20260602,35.33,35.97,34.2,35.57,35.47,0.1,0.2819,32928.84,115858.14093,35.184397910767586
301589.SZ,20260602,157.0,157.69,151.52,151.8,157.6,-5.8,-3.6802,12373.6,189972.78364,153.53072965022307
301590.SZ,20260602,169.0,180.86,162.07,176.33,167.97,8.36,4.9771,10116.49,174177.32616,172.17169804942228
301591.SZ,20260602,49.5,51.9,46.61,50.82,49.2,1.62,3.2927,157168.61,775130.66194,49.31841427750746
301592.SZ,20260602,108.01,108.97,104.17,104.24,108.0,-3.76,-3.4815,7841.52,82267.35967,104.91251654016057
301595.SZ,20260602,45.89,46.64,44.3,45.1,46.22,-1.12,-2.4232,10210.83,45963.41577,45.01437764608753
301596.SZ,20260602,73.58,75.01,71.2,72.3,73.12,-0.82,-1.1214,18831.51,136987.62424,72.74383426501646
301598.SZ,20260602,58.28,58.31,56.13,56.28,58.3,-2.02,-3.4648,8059.0,45798.573,56.829101625511846
301599.SZ,20260602,55.15,55.2,51.0,52.85,54.79,-1.94,-3.5408,94535.89,497029.36216,52.575732048431554
301600.SZ,20260602,99.88,101.28,96.75,99.84,99.2,0.64,0.6452,10471.62,103783.08954,99.10891489568948
301601.SZ,20260602,19.46,19.46,18.69,18.86,19.4,-0.54,-2.7835,15886.4,29984.0434,18.87403275757881
301602.SZ,20260602,16.71,16.79,16.23,16.25,16.72,-0.47,-2.811,15903.8,26151.6576,16.443653466467133
301603.SZ,20260602,125.93,134.46,124.14,131.5,125.92,5.58,4.4314,30601.87,399566.88762,130.56943501165125
301606.SZ,20260602,71.3,71.3,68.63,69.78,71.3,-1.52,-2.1318,34577.98,241330.37162,69.79307976347953
301607.SZ,20260602,53.5,56.57,52.02,55.26,53.03,2.23,4.2052,75275.22,411655.59917,54.686734780715355
301608.SZ,20260602,54.86,55.0,52.84,54.22,54.86,-0.64,-1.1666,16482.58,89138.6955,54.08054776618709
301609.SZ,20260602,49.86,50.14,48.5,49.4,50.64,-1.24,-2.4487,38358.31,188247.5186,49.07607206886852
301611.SZ,20260602,89.59,90.78,86.86,89.37,89.39,-0.02,-0.0224,83515.96,745604.09066,89.27683890121122
301613.SZ,20260602,43.99,44.57,42.97,44.57,43.57,1.0,2.2952,13598.08,59283.04988,43.596632671671294
301616.SZ,20260602,40.01,40.05,38.92,39.1,39.77,-0.67,-1.6847,6658.7,26124.46188,39.233576944448615
301617.SZ,20260602,51.67,53.78,51.16,53.0,52.0,1.0,1.9231,34513.57,181753.3155,52.66140694804971
301618.SZ,20260602,39.53,41.27,39.26,40.63,39.78,0.85,2.1368,28789.38,116357.41768,40.41678482829432
301622.SZ,20260602,55.3,56.7,53.28,55.5,54.88,0.62,1.1297,17463.0,96083.345,55.02109889480616
301626.SZ,20260602,320.3,325.66,309.02,317.68,321.79,-4.11,-1.2772,21770.39,693906.08983,318.73847451974905
301628.SZ,20260602,123.0,127.73,120.5,124.12,124.68,-0.56,-0.4491,43891.5,544760.33281,124.11522340544298
301629.SZ,20260602,354.66,365.0,343.01,354.0,353.03,0.97,0.2748,11572.33,411175.34551,355.3090393291585
301630.SZ,20260602,246.29,259.78,240.0,256.52,244.8,11.72,4.7876,14010.76,352473.60601,251.57350922433898
301631.SZ,20260602,83.18,83.86,80.26,82.34,82.88,-0.54,-0.6515,20960.71,172072.84932,82.09304423371157
301632.SZ,20260602,17.25,17.57,16.95,17.07,17.34,-0.27,-1.5571,24990.52,42761.72537,17.11117870696568
301633.SZ,20260602,54.11,54.11,52.5,53.15,53.84,-0.69,-1.2816,2611.0,13876.815,53.14751053236308
301636.SZ,20260602,52.89,52.89,49.92,50.84,52.34,-1.5,-2.8659,11096.72,56403.83076,50.82928176974818
301638.SZ,20260602,27.3,27.4,25.88,27.05,27.87,-0.82,-2.9422,268365.45,716353.37665,26.693204235120426
301656.SZ,20260602,18.17,18.34,17.94,17.96,18.14,-0.18,-0.9923,54628.01,98997.19683,18.12205804860913
301658.SZ,20260602,36.05,36.63,34.31,34.67,36.41,-1.74,-4.7789,66626.69,233615.44457,35.06334241878142
301662.SZ,20260602,141.0,143.5,136.0,140.03,141.95,-1.92,-1.3526,16919.78,237074.58424,140.11682435587227
301665.SZ,20260602,23.55,23.84,23.02,23.19,23.66,-0.47,-1.9865,19629.2,45707.18313,23.285301046400257
301666.SZ,20260602,708.4,759.01,695.98,757.0,723.0,34.0,4.7026,54776.77,3976786.15736,725.9986591688412
301667.SZ,20260602,88.76,89.38,84.12,87.13,87.19,-0.06,-0.0688,24169.86,208141.68335,86.11621389201261
301668.SZ,20260602,40.59,40.6,38.3,38.8,40.11,-1.31,-3.266,11559.25,45030.33555,38.956104894348684
301678.SZ,20260602,53.05,53.39,49.26,50.2,53.47,-3.27,-6.1156,36965.62,187032.80222,50.59641965155731
301680.SZ,20260602,116.25,129.78,115.02,128.16,116.25,11.91,10.2452,45875.45,567100.35271,123.61739289968818
301682.SZ,20260602,160.6,186.69,155.88,181.6,159.3,22.3,13.9987,80330.7,1382182.82913,172.06159402694112
301683.SZ,20260602,136.2,146.66,132.38,144.9,136.27,8.63,6.333,34338.27,481819.46498,140.31559102424205
301687.SZ,20260602,58.36,59.66,56.23,58.61,58.36,0.25,0.4284,22220.03,129377.36952,58.225560235517236
301696.SZ,20260602,122.89,125.86,119.51,123.11,122.0,1.11,0.9098,46654.2,575325.70991,123.31702395711426
302132.SZ,20260602,62.18,62.49,60.8,60.88,62.53,-1.65,-2.6387,57842.38,353731.4065,61.15436579546
600000.SH,20260602,9.3,9.43,9.26,9.31,9.32,-0.01,-0.1073,727782.38,679643.069,9.338548001120884
600004.SH,20260602,8.28,8.32,8.21,8.23,8.3,-0.07,-0.8434,57738.45,47646.94,8.252202821516686
600006.SH,20260602,6.22,6.27,6.18,6.18,6.21,-0.03,-0.4831,136246.23,84675.448,6.21488374393919
600007.SH,20260602,21.6,21.94,21.6,21.79,21.73,0.06,0.2761,25915.86,56505.148,21.803308090103897
600008.SH,20260602,3.19,3.28,3.19,3.24,3.2,0.04,1.25,1435164.63,465847.454,3.245951330336228
600009.SH,20260602,24.77,24.77,24.28,24.35,24.84,-0.49,-1.9726,164614.65,402428.899,24.446724456176895
600010.SH,20260602,2.37,2.39,2.32,2.37,2.37,0.0,0.0,4864998.89,1147366.389,2.358410381877806
600011.SH,20260602,9.39,9.39,8.89,9.09,9.76,-0.67,-6.8648,5329692.07,4880218.609,9.156661482320873
600012.SH,20260602,16.96,17.68,16.83,17.6,17.0,0.6,3.5294,67148.01,116957.18,17.41781774322128
600015.SH,20260602,6.84,6.95,6.83,6.92,6.86,0.06,0.8746,782575.25,540477.126,6.9063917623257325
600016.SH,20260602,3.58,3.64,3.57,3.59,3.59,0.0,0.0,2026760.45,730732.215,3.6054197475582277
600017.SH,20260602,2.84,2.85,2.81,2.82,2.85,-0.03,-1.0526,269398.75,76213.854,2.8290351755529675
600018.SH,20260602,5.12,5.19,5.11,5.14,5.14,0.0,0.0,594149.01,306115.976,5.152175142057378
600019.SH,20260602,6.03,6.07,5.91,5.94,6.04,-0.1,-1.6556,1276509.81,762913.71,5.976559710105165
600020.SH,20260602,4.08,4.14,4.01,4.01,4.08,-0.07,-1.7157,236407.31,96215.385,4.0698988961043545
600021.SH,20260602,20.11,20.5,19.3,19.9,20.59,-0.69,-3.3511,1452791.68,2876903.401,19.802587257382974
600022.SH,20260602,1.37,1.37,1.34,1.35,1.37,-0.02,-1.4599,923055.67,124990.798,1.3540981553149443
600023.SH,20260602,6.6,6.6,6.37,6.39,6.7,-0.31,-4.6269,1233165.36,793924.89,6.438105673029932
600025.SH,20260602,10.07,10.25,9.98,10.18,10.1,0.08,0.7921,564578.06,572591.947,10.141944711772894
600026.SH,20260602,18.98,19.0,18.15,18.55,18.8,-0.25,-1.3298,678511.91,1249336.113,18.412884056817806
600027.SH,20260602,5.77,5.79,5.55,5.6,5.92,-0.32,-5.4054,3549354.84,1995506.972,5.62216814591578
600028.SH,20260602,4.88,4.95,4.8,4.82,4.87,-0.05,-1.0267,4012503.79,1950610.991,4.861331211353198
600029.SH,20260602,5.36,5.39,5.29,5.35,5.43,-0.08,-1.4733,1243790.53,663414.683,5.333813588370061
600030.SH,20260602,25.6,25.68,25.25,25.58,25.67,-0.09,-0.3506,1781079.57,4532467.327,25.44786545948646
600031.SH,20260602,18.0,18.36,17.66,18.14,18.07,0.07,0.3874,885397.55,1594117.604,18.004540491443645
600032.SH,20260602,10.61,11.13,10.18,10.92,10.67,0.25,2.343,978939.57,1056621.017,10.793526478861203
600033.SH,20260602,3.65,3.68,3.61,3.62,3.65,-0.03,-0.8219,255807.0,93345.494,3.6490594080693652
600035.SH,20260602,3.91,3.94,3.89,3.91,3.93,-0.02,-0.5089,135848.42,53209.428,3.916823471336656
600036.SH,20260602,38.16,38.88,38.05,38.8,38.2,0.6,1.5707,1256969.53,4860567.502,38.668936565232414
600037.SH,20260602,7.39,7.41,7.15,7.17,7.4,-0.23,-3.1081,191992.0,138709.105,7.224733582649278
600038.SH,20260602,27.63,27.88,27.39,27.74,27.71,0.03,0.1083,69164.84,190933.979,27.605641681524894
600039.SH,20260602,8.45,8.58,8.43,8.48,8.47,0.01,0.1181,238607.64,202935.572,8.504990535927515
600048.SH,20260602,5.74,5.78,5.56,5.6,5.74,-0.14,-2.439,1730853.89,975281.326,5.634683156300385
600050.SH,20260602,4.39,4.43,4.38,4.42,4.4,0.02,0.4545,1159787.04,511540.457,4.410641258760746
600051.SH,20260602,6.95,7.01,6.69,6.73,6.96,-0.23,-3.3046,67536.0,45795.249,6.78086487206823
600052.SH,20260602,4.34,4.63,4.19,4.22,4.35,-0.13,-2.9885,281292.78,122595.309,4.358281396344406
600053.SH,20260602,9.74,9.93,9.56,9.7,9.6,0.1,1.0417,73403.0,71525.333,9.744197512363256
600054.SH,20260602,11.16,11.22,11.1,11.16,11.2,-0.04,-0.3571,49733.01,55413.397,11.142176393506043
600055.SH,20260602,13.17,13.19,12.77,12.84,13.16,-0.32,-2.4316,51752.4,66832.981,12.913986790950759
600056.SH,20260602,9.9,10.03,9.86,9.87,9.95,-0.08,-0.804,117534.0,116717.298,9.930513553524937
600057.SH,20260602,6.49,6.52,6.28,6.28,6.49,-0.21,-3.2357,196523.11,125180.262,6.369747659702719
600058.SH,20260602,10.02,10.2,9.75,10.02,10.06,-0.04,-0.3976,113707.0,113507.329,9.982439867378437
600059.SH,20260602,8.35,8.4,8.23,8.23,8.34,-0.11,-1.3189,76375.01,63418.09,8.303513151749506
600060.SH,20260602,26.92,27.82,25.6,26.01,26.14,-0.13,-0.4973,166736.89,437303.575,26.227163946742678
600061.SH,20260602,6.46,6.51,6.4,6.46,6.49,-0.03,-0.4622,343015.04,221292.828,6.451403063842332
600062.SH,20260602,16.85,17.07,16.82,16.96,16.89,0.07,0.4144,50316.5,85316.551,16.955978853855097
600063.SH,20260602,7.03,7.49,7.03,7.37,7.15,0.22,3.0769,1725869.05,1264097.479,7.324411310348257
600064.SH,20260602,7.75,7.8,7.61,7.61,7.75,-0.14,-1.8065,175566.24,135257.637,7.704080066873904
600066.SH,20260602,32.43,33.47,32.38,33.35,32.67,0.68,2.0814,193416.29,639844.43,33.0812068621521
600067.SH,20260602,3.14,3.15,3.03,3.08,3.14,-0.06,-1.9108,242726.33,74520.419,3.070141545830648
600071.SH,20260602,17.7,18.0,17.38,17.83,17.7,0.13,0.7345,35872.38,63527.522,17.70931340490929
600072.SH,20260602,11.21,11.21,10.67,10.73,11.18,-0.45,-4.025,345785.68,374254.528,10.823309050854853
600073.SH,20260602,5.45,5.45,5.31,5.33,5.46,-0.13,-2.381,77964.26,41760.536,5.3563691876252015
600075.SH,20260602,5.22,5.23,4.97,5.02,5.2,-0.18,-3.4615,196938.81,99265.458,5.04042133696248
600076.SH,20260602,3.61,3.68,3.47,3.65,3.59,0.06,1.6713,333768.0,119340.249,3.575544959372978
600078.SH,20260602,12.18,12.21,11.6,11.89,12.09,-0.2,-1.6543,204572.0,243473.494,11.901604031832314
600079.SH,20260602,17.75,17.75,17.6,17.63,17.77,-0.14,-0.7878,72476.58,127862.25,17.64187134657844
600080.SH,20260602,5.73,5.87,5.63,5.78,5.73,0.05,0.8726,93937.0,54131.162,5.7624963539393415
600081.SH,20260602,10.92,11.06,10.78,10.89,10.92,-0.03,-0.2747,29674.0,32389.724,10.915186358428253
600082.SH,20260602,3.43,3.44,3.3,3.39,3.42,-0.03,-0.8772,132381.0,44577.884,3.367392903815502
600084.SH,20260602,5.03,5.15,4.95,5.11,5.03,0.08,1.5905,48606.0,24550.518,5.050923342797185
600085.SH,20260602,25.92,26.34,25.66,25.66,26.04,-0.38,-1.4593,79273.9,205744.38,25.95360894317045
600088.SH,20260602,15.36,15.46,14.01,14.26,15.46,-1.2,-7.762,175444.59,253189.571,14.431312530070034
600089.SH,20260602,26.49,26.5,25.71,26.12,26.46,-0.34,-1.285,1263215.94,3284234.297,25.998993465836094
600094.SH,20260602,4.33,4.33,4.14,4.16,4.31,-0.15,-3.4803,199807.0,83662.05,4.187143093084827
600095.SH,20260602,8.48,8.52,8.14,8.29,8.5,-0.21,-2.4706,310006.3,256708.983,8.280766648935845
600096.SH,20260602,31.0,31.32,30.2,31.07,31.01,0.06,0.1935,301830.17,931974.205,30.877436970598403
600097.SH,20260602,9.38,9.44,9.02,9.05,9.37,-0.32,-3.4152,36603.0,33378.784,9.119138868398766
600098.SH,20260602,8.0,8.11,7.9,8.02,8.04,-0.02,-0.2488,482624.68,387185.57,8.02249835213566
600099.SH,20260602,10.01,10.03,9.58,9.65,9.93,-0.28,-2.8197,44290.0,43086.124,9.72818333709641
600100.SH,20260602,7.99,8.03,7.75,7.87,8.01,-0.14,-1.7478,410966.63,323118.611,7.862405057072395
600101.SH,20260602,10.34,10.35,10.06,10.19,10.45,-0.26,-2.488,314549.44,319964.626,10.172156911167923
600103.SH,20260602,3.69,3.71,3.54,3.7,3.69,0.01,0.271,862762.8,313710.859,3.636119440940198
600104.SH,20260602,12.23,12.35,12.14,12.28,12.21,0.07,0.5733,389524.02,477520.671,12.259081506706568
600105.SH,20260602,45.11,49.62,45.11,49.62,45.11,4.51,9.9978,1895284.56,9117969.412,48.10870939612361
600106.SH,20260602,5.36,5.42,5.27,5.34,5.36,-0.02,-0.3731,93818.12,50022.651,5.331875228367399
600107.SH,20260602,6.33,6.73,6.27,6.67,6.43,0.24,3.7325,56177.66,36568.314,6.509404984116461
600108.SH,20260602,3.53,3.54,3.4,3.43,3.54,-0.11,-3.1073,609562.67,209652.86,3.439397953946228
600109.SH,20260602,8.64,8.77,8.56,8.74,8.64,0.1,1.1574,332894.15,288404.938,8.663562817189788
600110.SH,20260602,12.18,12.32,11.33,11.84,12.37,-0.53,-4.2846,2119837.17,2491723.513,11.75431560623121
600111.SH,20260602,47.87,48.78,46.81,48.57,47.86,0.71,1.4835,777657.97,3726592.817,47.92071785749202
600113.SH,20260602,38.88,39.0,36.66,36.8,38.83,-2.03,-5.2279,62824.0,234704.219,37.359005953138926
600114.SH,20260602,35.96,38.79,35.59,38.79,35.26,3.53,10.0113,362489.43,1357893.315,37.46021821932849
600115.SH,20260602,4.21,4.24,4.13,4.17,4.28,-0.11,-2.5701,2688137.3,1120433.452,4.168066311196233
600116.SH,20260602,6.97,7.11,6.95,6.99,7.04,-0.05,-0.7102,422211.21,296338.265,7.018720914586801
600117.SH,20260602,2.47,2.47,2.37,2.41,2.44,-0.03,-1.2295,167305.0,40209.633,2.403373061175697
600118.SH,20260602,77.2,77.38,73.01,76.4,76.6,-0.2,-0.2611,352756.44,2659594.487,75.39464019423714
600119.SH,20260602,5.86,5.9,5.74,5.87,5.9,-0.03,-0.5085,31724.05,18482.88,5.826141365935308
600120.SH,20260602,4.99,4.99,4.87,4.89,4.93,-0.04,-0.8114,265618.75,130339.015,4.906996023435846
600121.SH,20260602,5.07,5.17,4.95,5.17,4.7,0.47,10.0,2047256.62,1043484.565,5.096989575249243
600123.SH,20260602,7.15,7.34,7.06,7.21,7.12,0.09,1.264,705890.82,509347.99,7.215676639625375
600125.SH,20260602,5.84,5.88,5.75,5.76,5.83,-0.07,-1.2007,129260.0,74993.584,5.801762648924647
600126.SH,20260602,7.88,7.89,7.59,7.75,7.87,-0.12,-1.5248,509791.97,393433.985,7.717539862387397
600127.SH,20260602,6.3,6.3,6.15,6.2,6.33,-0.13,-2.0537,138626.68,85996.319,6.203446479422288
600128.SH,20260602,9.41,9.42,9.01,9.12,9.41,-0.29,-3.0818,40589.0,37170.731,9.157833649510952
600129.SH,20260602,14.49,14.85,14.47,14.59,14.52,0.07,0.4821,84284.0,123659.86,14.67180722319776
600130.SH,20260602,5.01,5.05,4.85,4.96,5.03,-0.07,-1.3917,308298.0,151932.503,4.92810537207507
600131.SH,20260602,17.51,17.56,16.81,17.12,17.62,-0.5,-2.8377,145644.87,248764.33,17.08019856792759
600132.SH,20260602,53.15,53.89,52.7,52.9,53.51,-0.61,-1.14,49454.47,263151.232,53.2108082444317
600133.SH,20260602,8.7,8.76,8.59,8.66,8.71,-0.05,-0.5741,147032.72,127592.101,8.67780321278148
600135.SH,20260602,9.23,9.25,8.78,9.08,9.21,-0.13,-1.4115,112929.53,101610.348,8.997677401119088
600136.SH,20260602,1.65,1.68,1.62,1.63,1.65,-0.02,-1.2121,138100.0,22688.068,1.6428724112961621
600137.SH,20260602,21.33,21.51,20.39,20.53,21.44,-0.91,-4.2444,23537.0,48635.8,20.66355100480095
600138.SH,20260602,7.93,7.95,7.87,7.9,7.97,-0.07,-0.8783,58749.65,46441.039,7.904904795177502
600141.SH,20260602,31.63,31.94,29.71,31.23,31.63,-0.4,-1.2646,245909.75,760886.9,30.941713372487264
600143.SH,20260602,17.33,17.5,16.7,16.74,17.0,-0.26,-1.5294,630235.92,1075365.535,17.062904554853045
600148.SH,20260602,17.54,17.66,16.88,17.0,17.55,-0.55,-3.1339,18609.02,31839.965,17.1099633403586
600149.SH,20260602,5.85,5.85,5.52,5.65,5.85,-0.2,-3.4188,215487.0,121610.293,5.643509492451981
600150.SH,20260602,36.63,36.74,35.82,36.45,36.74,-0.29,-0.7893,747758.66,2715210.924,36.31132702628947
600151.SH,20260602,13.76,13.9,12.71,12.8,13.75,-0.95,-6.9091,782700.22,1019164.965,13.021140648203728
600152.SH,20260602,12.62,12.79,11.9,12.23,12.54,-0.31,-2.4721,626820.85,766755.194,12.232445586326621
600153.SH,20260602,9.92,10.18,9.71,9.77,9.93,-0.16,-1.6113,169726.48,167024.647,9.840812523773543
600155.SH,20260602,5.75,5.79,5.66,5.69,5.76,-0.07,-1.2153,187989.83,107545.511,5.720815376023268
600156.SH,20260602,11.5,11.5,10.36,10.38,11.28,-0.9,-7.9787,469470.1,497939.009,10.606405157644758
600157.SH,20260602,1.85,1.86,1.81,1.84,1.87,-0.03,-1.6043,10958331.87,2012303.933,1.8363232258998923
600158.SH,20260602,11.44,11.44,10.4,10.4,11.55,-1.15,-9.9567,646508.6,685907.04,10.609403185046574
600159.SH,20260602,2.92,2.94,2.78,2.81,2.92,-0.11,-3.7671,322625.0,91055.07,2.822319101123596
600160.SH,20260602,37.2,38.5,36.41,38.23,36.32,1.91,5.2588,1264358.54,4742709.748,37.510797752036375
600161.SH,20260602,13.42,13.49,13.23,13.25,13.47,-0.22,-1.6333,83509.75,111373.689,13.336609078580643
600162.SH,20260602,2.91,3.21,2.91,3.21,2.92,0.29,9.9315,1789151.7,560450.741,3.132494248531301
600163.SH,20260602,7.0,7.0,6.73,6.91,7.14,-0.23,-3.2213,711561.6,489151.33,6.874335686467623
600165.SH,20260602,3.04,3.04,2.96,2.99,3.04,-0.05,-1.6447,46360.0,13838.71,2.985053925798102
600166.SH,20260602,2.98,3.02,2.93,3.0,2.98,0.02,0.6711,1496372.21,445014.256,2.9739542944332014
600167.SH,20260602,6.91,6.94,6.8,6.92,6.92,0.0,0.0,139723.61,96157.206,6.88195831756709
600168.SH,20260602,4.96,4.99,4.74,4.8,4.98,-0.18,-3.6145,131916.25,63857.411,4.840753963215297
600169.SH,20260602,2.29,2.3,2.27,2.27,2.3,-0.03,-1.3043,106958.3,24372.729,2.278713199443147
600170.SH,20260602,2.58,2.61,2.56,2.58,2.59,-0.01,-0.3861,1257713.6,324805.592,2.5825083866470075
600171.SH,20260602,27.27,27.43,26.6,26.89,27.19,-0.3,-1.1033,160397.76,433288.734,27.013390586003197
600172.SH,20260602,13.44,14.54,12.91,13.9,13.47,0.43,3.1923,2880358.0,3984679.895,13.833974439982807
600173.SH,20260602,7.1,7.13,6.89,7.0,7.13,-0.13,-1.8233,139415.0,97459.65,6.990614352831473
600176.SH,20260602,37.56,39.64,37.3,38.9,38.32,0.58,1.5136,1778027.41,6871368.967,38.64602383716908
600177.SH,20260602,7.66,7.79,7.54,7.58,7.66,-0.08,-1.0444,263935.68,202334.785,7.666064133504042
600178.SH,20260602,9.11,9.14,8.93,9.01,9.13,-0.12,-1.3143,31274.0,28121.456,8.99196009464731
600179.SH,20260602,4.46,4.5,4.38,4.39,4.45,-0.06,-1.3483,342858.0,151785.155,4.427055953193451
600180.SH,20260602,1.44,1.48,1.43,1.48,1.41,0.07,4.9645,264439.73,38799.819,1.4672462038892569
600182.SH,20260602,13.95,14.07,13.79,14.04,13.95,0.09,0.6452,20455.0,28496.04,13.931087753605475
600183.SH,20260602,133.21,144.33,128.67,141.07,135.63,5.44,4.0109,1083317.95,14742603.927,136.0875071533708
600184.SH,20260602,25.67,27.33,24.49,26.67,25.7,0.97,3.7743,422872.45,1102648.464,26.075202203406718
600185.SH,20260602,5.49,5.5,5.35,5.36,5.48,-0.12,-2.1898,193716.03,104651.329,5.4023060972290216
600186.SH,20260602,9.69,10.03,9.09,9.64,9.84,-0.2,-2.0325,2590739.61,2458774.701,9.490628434866135
600187.SH,20260602,1.42,1.47,1.42,1.47,1.4,0.07,5.0,448223.5,65289.897,1.4566370794927084
600188.SH,20260602,24.49,26.0,23.29,23.86,23.98,-0.12,-0.5004,1063123.73,2583447.526,24.300534858722422
600189.SH,20260602,8.23,8.23,7.82,7.88,8.22,-0.34,-4.1363,163781.7,129835.556,7.927354277065142
600191.SH,20260602,10.83,10.85,10.43,10.51,10.84,-0.33,-3.0443,44568.0,46961.512,10.537047208759649
600192.SH,20260602,7.66,7.69,7.33,7.47,7.65,-0.18,-2.3529,60783.0,45204.844,7.43708668542191
600195.SH,20260602,6.83,6.88,6.74,6.84,6.83,0.01,0.1464,60772.0,41383.761,6.809675673007306
600196.SH,20260602,22.95,23.02,22.65,22.72,22.99,-0.27,-1.1744,187444.06,426840.517,22.771621410675806
600197.SH,20260602,12.77,12.77,12.35,12.36,12.77,-0.41,-3.2106,100107.0,125287.4,12.515348577022586
600198.SH,20260602,8.07,8.25,7.81,8.05,8.05,0.0,0.0,322640.42,258721.887,8.01889258016711
600199.SH,20260602,8.44,8.56,8.18,8.18,8.47,-0.29,-3.4238,228116.78,189388.54,8.302262551663231
600201.SH,20260602,11.86,12.17,11.33,11.48,11.79,-0.31,-2.6293,265679.12,306948.585,11.553357486278937
600202.SH,20260602,5.67,5.7,5.36,5.43,5.65,-0.22,-3.8938,126422.0,68940.954,5.453240258815713
600203.SH,20260602,13.06,13.3,12.8,12.98,13.06,-0.08,-0.6126,380522.15,497463.976,13.073193662970738
600206.SH,20260602,27.59,28.32,26.76,27.87,27.27,0.6,2.2002,471852.61,1305303.723,27.66337825279805
600207.SH,20260602,7.05,7.38,6.76,7.08,7.27,-0.19,-2.6135,633836.26,448006.427,7.068172890582183
600208.SH,20260602,3.0,3.03,2.94,2.99,3.01,-0.02,-0.6645,1214528.08,361281.189,2.9746631218275335
600210.SH,20260602,6.69,6.73,6.66,6.66,6.69,-0.03,-0.4484,124209.62,83115.895,6.691582745362235
600211.SH,20260602,38.4,39.06,38.23,38.88,38.4,0.48,1.25,26114.71,101291.543,38.787159803804066
600212.SH,20260602,6.38,6.42,6.14,6.3,6.37,-0.07,-1.0989,87646.98,54662.665,6.236685508160122
600215.SH,20260602,6.78,6.89,6.5,6.52,6.81,-0.29,-4.2584,126251.61,83728.266,6.6318572887902185
600216.SH,20260602,12.89,12.9,12.65,12.7,12.89,-0.19,-1.474,94173.72,120000.823,12.74249578332469
600217.SH,20260602,3.5,3.51,3.42,3.44,3.5,-0.06,-1.7143,105351.0,36441.105,3.459018424125068
600218.SH,20260602,8.59,8.63,8.37,8.47,8.6,-0.13,-1.5116,53321.37,45131.214,8.46400120627058
600219.SH,20260602,5.28,5.37,5.23,5.32,5.25,0.07,1.3333,2096609.56,1111954.203,5.303582623175675
600221.SH,20260602,1.51,1.53,1.49,1.51,1.52,-0.01,-0.6579,3993382.95,600581.839,1.5039425132017454
600222.SH,20260602,7.99,8.2,7.84,8.17,7.99,0.18,2.2528,349120.21,280845.193,8.044369387839222
600223.SH,20260602,6.24,6.26,6.04,6.04,6.23,-0.19,-3.0498,71653.35,43896.366,6.1262126613759165
600226.SH,20260602,6.01,6.17,5.81,6.08,6.08,0.0,0.0,1128881.51,680411.656,6.027308003299655
600227.SH,20260602,3.14,3.15,2.97,3.02,3.1,-0.08,-2.5806,616086.95,186064.632,3.0201034448140804
600228.SH,20260602,6.3,6.48,6.27,6.36,6.32,0.04,0.6329,55815.35,35627.031,6.383016679103509
600229.SH,20260602,5.96,5.98,5.67,5.71,5.95,-0.24,-4.0336,66035.35,38035.107,5.7598100108502495
600230.SH,20260602,15.36,15.36,14.64,15.09,15.34,-0.25,-1.6297,98797.54,148006.683,14.980806505910977
600231.SH,20260602,2.05,2.05,2.0,2.02,2.04,-0.02,-0.9804,104424.2,21143.443,2.024764661831261
600232.SH,20260602,7.83,7.9,7.48,7.51,7.8,-0.29,-3.7179,76861.69,58313.174,7.5867670877390285
600233.SH,20260602,18.68,18.7,17.62,17.85,18.63,-0.78,-4.1868,393807.53,706582.9,17.9423410212598
600234.SH,20260602,25.7,25.91,23.64,24.38,25.66,-1.28,-4.9883,47091.0,114343.817,24.281458665137713
600235.SH,20260602,6.15,6.19,5.91,5.95,6.17,-0.22,-3.5656,63238.87,37941.867,5.999769919987501
600236.SH,20260602,11.92,11.92,11.35,11.39,12.14,-0.75,-6.1779,397168.03,460407.267,11.592253963643548
600237.SH,20260602,10.35,10.88,9.99,10.87,10.22,0.65,6.3601,792862.11,829966.493,10.467980277175815
600238.SH,20260602,5.3,5.3,5.09,5.14,5.2,-0.06,-1.1538,44370.0,22935.955,5.169248366013073
600239.SH,20260602,1.55,1.57,1.51,1.54,1.55,-0.01,-0.6452,295892.71,45485.541,1.5372308766917575
600241.SH,20260602,8.07,8.07,7.71,7.8,8.08,-0.28,-3.4653,48758.0,38021.724,7.798048320275647
600243.SH,20260602,3.81,4.06,3.78,3.97,3.88,0.09,2.3196,195786.96,76609.758,3.9129142206406393
600246.SH,20260602,16.18,16.3,15.0,15.62,15.84,-0.22,-1.3889,1483898.49,2322465.364,15.65110672765763
600248.SH,20260602,3.31,3.31,3.24,3.24,3.31,-0.07,-2.1148,137758.0,45076.956,3.272184265160644
600249.SH,20260602,5.45,5.47,5.29,5.35,5.45,-0.1,-1.8349,95379.0,50963.435,5.343255328741128
600250.SH,20260602,9.53,9.55,9.35,9.43,9.58,-0.15,-1.5658,86502.0,81427.535,9.413370211093387
600251.SH,20260602,10.29,10.29,9.96,10.07,10.23,-0.16,-1.564,102452.93,102982.357,10.051675144868966
600252.SH,20260602,2.31,2.31,2.23,2.24,2.29,-0.05,-2.1834,352230.87,79722.923,2.2633712655565934
600255.SH,20260602,3.63,3.99,3.53,3.99,3.63,0.36,9.9174,2126758.99,824417.064,3.87640098326327
600256.SH,20260602,6.75,6.79,6.53,6.6,6.75,-0.15,-2.2222,1654430.17,1096754.185,6.6291959907863625
600257.SH,20260602,5.61,5.63,5.32,5.4,5.6,-0.2,-3.5714,147653.37,79989.341,5.417373203198816
600258.SH,20260602,13.59,13.68,13.31,13.46,13.58,-0.12,-0.8837,144555.44,194765.906,13.47344008637793
600259.SH,20260602,82.3,84.49,79.56,83.86,81.62,2.24,2.7444,102514.46,842502.09,82.18373193401204
600261.SH,20260602,3.39,3.51,3.35,3.44,3.36,0.08,2.381,312109.15,107002.452,3.4283663904118153
600262.SH,20260602,22.7,22.79,22.25,22.45,22.7,-0.25,-1.1013,27739.0,62178.608,22.41559104509896
600265.SH,20260602,26.95,26.95,26.8,26.95,25.67,1.28,4.9864,38698.11,104285.029,26.948351999619618
600266.SH,20260602,4.86,4.97,4.85,4.91,4.86,0.05,1.0288,632427.14,310818.943,4.914699628482105
600267.SH,20260602,10.15,10.2,9.95,9.98,10.15,-0.17,-1.6749,126024.0,126662.551,10.05066899955564
600268.SH,20260602,14.21,14.21,13.48,13.8,14.17,-0.37,-2.6112,200886.8,275801.884,13.72921884364727
600269.SH,20260602,4.42,4.46,4.39,4.39,4.42,-0.03,-0.6787,147445.77,65229.279,4.4239505141449635
600271.SH,20260602,7.55,7.55,7.33,7.44,7.5,-0.06,-0.8,139552.51,103608.42,7.4243322459768
600272.SH,20260602,11.6,11.7,11.4,11.48,11.6,-0.12,-1.0345,21949.0,25198.206,11.480343523622942
600273.SH,20260602,7.48,7.55,7.31,7.31,7.48,-0.17,-2.2727,171133.0,126280.859,7.379106250693904
600276.SH,20260602,48.82,49.1,47.9,48.4,49.17,-0.77,-1.566,611443.12,2958267.989,48.381736456532536
600278.SH,20260602,6.82,6.83,6.63,6.67,6.82,-0.15,-2.1994,58567.0,39205.928,6.694201171308074
600279.SH,20260602,5.06,5.43,5.03,5.34,5.02,0.32,6.3745,471323.81,248844.125,5.279685000424656
600280.SH,20260602,3.42,3.87,3.37,3.87,3.52,0.35,9.9432,1516798.09,552412.308,3.641963367714947
600281.SH,20260602,5.09,5.15,4.92,5.03,5.09,-0.06,-1.1788,71529.25,35820.236,5.007774581727055
600282.SH,20260602,5.01,5.22,5.0,5.16,5.0,0.16,3.2,605755.8,312008.257,5.150726695476956
600283.SH,20260602,8.92,8.92,8.74,8.74,8.93,-0.19,-2.1277,52080.0,45799.356,8.794039170506911
600284.SH,20260602,6.13,6.13,5.91,5.92,6.11,-0.19,-3.1097,156815.0,93588.477,5.968081943691611
600285.SH,20260602,21.89,22.21,21.85,22.05,21.9,0.15,0.6849,76766.64,169407.011,22.06779025368311
600287.SH,20260602,5.32,5.32,5.06,5.09,5.32,-0.23,-4.3233,63654.0,32725.528,5.141158136173689
600288.SH,20260602,13.34,13.34,12.93,13.05,13.24,-0.19,-1.435,74483.07,97453.184,13.08393759816828
600289.SH,20260602,6.44,6.49,6.21,6.32,6.39,-0.07,-1.0955,35452.0,22318.339,6.29536810335101
600292.SH,20260602,14.02,14.3,13.68,14.06,14.02,0.04,0.2853,177992.22,248915.018,13.984601012336382
600293.SH,20260602,3.3,3.4,3.25,3.32,3.33,-0.01,-0.3003,491662.77,162691.842,3.309012842278052
600295.SH,20260602,13.75,13.85,13.57,13.62,13.72,-0.1,-0.7289,84888.58,116414.065,13.71374865735768
600298.SH,20260602,36.74,37.27,36.44,36.86,36.74,0.12,0.3266,103882.49,383671.971,36.93326671318718
600299.SH,20260602,11.09,11.18,10.71,10.85,11.09,-0.24,-2.1641,111131.0,120363.562,10.830781870045262
600300.SH,20260602,3.29,3.3,3.23,3.23,3.31,-0.08,-2.4169,311580.09,101167.501,3.246918023548937
600301.SH,20260602,62.53,66.55,60.65,66.55,60.5,6.05,10.0,261749.56,1671565.262,63.86124438948436
600302.SH,20260602,11.38,11.59,11.06,11.1,11.3,-0.2,-1.7699,105602.58,118792.434,11.249008688992257
600303.SH,20260602,3.41,3.45,3.23,3.28,3.37,-0.09,-2.6706,493632.0,162810.032,3.298206599248023
600305.SH,20260602,7.29,7.31,7.2,7.21,7.3,-0.09,-1.2329,74849.16,54265.262,7.249949364829211
600307.SH,20260602,1.66,1.68,1.62,1.64,1.67,-0.03,-1.7964,594123.0,97466.909,1.6405173507842652
600308.SH,20260602,3.59,3.6,3.5,3.52,3.58,-0.06,-1.676,96634.95,34128.639,3.5317076275198573
600309.SH,20260602,75.85,76.0,74.36,75.16,75.85,-0.69,-0.9097,300968.41,2259564.386,75.07646353981137
600310.SH,20260602,5.7,5.95,5.49,5.77,5.84,-0.07,-1.1986,1509873.85,865283.886,5.730835632394057
600312.SH,20260602,21.35,21.36,20.17,20.63,21.32,-0.69,-3.2364,263119.11,541064.885,20.563496319214522
600313.SH,20260602,6.19,6.19,6.0,6.03,6.19,-0.16,-2.5848,257406.34,155673.342,6.047766422536446
600315.SH,20260602,18.68,18.72,18.1,18.1,18.73,-0.63,-3.3636,73647.0,135607.912,18.413229595231307
600316.SH,20260602,29.22,29.22,28.26,28.55,29.17,-0.62,-2.1255,76816.52,219498.944,28.5744451844473
600318.SH,20260602,6.86,6.9,6.66,6.72,6.87,-0.15,-2.1834,112736.0,75780.224,6.721918819188192
600319.SH,20260602,7.47,7.59,7.2,7.33,7.46,-0.13,-1.7426,32577.0,23873.255,7.3282545968014245
600320.SH,20260602,4.81,4.83,4.68,4.7,4.82,-0.12,-2.4896,413777.31,195425.837,4.7229713248413745
600322.SH,20260602,2.74,2.85,2.66,2.7,2.7,0.0,0.0,637769.26,173821.697,2.7254637045379075
600323.SH,20260602,31.13,31.89,30.76,31.0,31.42,-0.42,-1.3367,82768.89,258624.313,31.246560513255645
600325.SH,20260602,2.97,2.99,2.83,2.85,2.96,-0.11,-3.7162,517131.72,149442.177,2.8898280886734233
600326.SH,20260602,7.94,7.95,7.66,7.72,7.96,-0.24,-3.0151,218698.86,169259.991,7.739408929703613
600327.SH,20260602,3.8,3.83,3.71,3.74,3.83,-0.09,-2.3499,160665.02,60177.363,3.745517412564353
600328.SH,20260602,7.04,7.04,6.89,6.92,7.05,-0.13,-1.844,213612.89,148184.142,6.937041205706266
600329.SH,20260602,40.02,40.2,39.24,39.39,40.09,-0.7,-1.7461,38204.39,151126.987,39.557492476649934
600330.SH,20260602,30.5,32.6,29.85,32.0,30.6,1.4,4.5752,1599638.53,5016853.084,31.36241713307568
600331.SH,20260602,14.36,15.0,14.03,14.85,14.16,0.69,4.8729,578514.38,844457.478,14.597000648454062
600332.SH,20260602,21.6,21.91,21.6,21.78,21.71,0.07,0.3224,92360.46,201052.192,21.768210335894818
600333.SH,20260602,5.95,6.01,5.75,5.81,5.97,-0.16,-2.6801,194567.0,113385.088,5.827560069282047
600335.SH,20260602,5.67,5.73,5.6,5.63,5.67,-0.04,-0.7055,117022.0,66180.074,5.65535318145306
600336.SH,20260602,7.97,8.05,7.7,7.81,8.01,-0.2,-2.4969,123135.4,95939.029,7.791344243816157
600337.SH,20260602,3.32,3.45,3.31,3.39,3.29,0.1,3.0395,414381.0,140210.528,3.3836138239928952
600338.SH,20260602,18.06,18.1,17.05,17.81,17.88,-0.07,-0.3915,469686.01,823933.199,17.54221291368674
600339.SH,20260602,3.65,3.66,3.54,3.57,3.61,-0.04,-1.108,681723.86,244551.009,3.5872443866054504
600340.SH,20260602,1.24,1.27,1.2,1.27,1.26,0.01,0.7937,1077073.35,133128.117,1.236017184902031
600343.SH,20260602,26.0,26.08,24.31,25.33,25.72,-0.39,-1.5163,282198.87,705373.82,24.995628791851647
600345.SH,20260602,47.97,51.73,47.08,51.73,47.03,4.7,9.9936,153790.93,763729.899,49.66026923694395
600346.SH,20260602,17.5,18.05,17.28,17.79,17.47,0.32,1.8317,471057.91,830312.742,17.626553431615235
600348.SH,20260602,9.79,9.79,9.41,9.42,9.8,-0.38,-3.8776,683335.47,654447.478,9.577250219427363
600350.SH,20260602,11.56,11.63,11.27,11.46,11.62,-0.16,-1.3769,107520.57,123311.216,11.468616284307272
600351.SH,20260602,6.46,6.46,6.3,6.38,6.46,-0.08,-1.2384,110068.0,70296.007,6.38659801213795
600352.SH,20260602,11.28,11.36,11.03,11.28,11.24,0.04,0.3559,324289.82,363239.627,11.201080163416785
600353.SH,20260602,22.48,24.03,22.12,23.22,22.39,0.83,3.707,679224.41,1593541.873,23.46119853083607
600354.SH,20260602,5.64,5.66,5.45,5.5,5.67,-0.17,-2.9982,150787.2,82996.753,5.504230664141253
600356.SH,20260602,9.17,9.21,9.01,9.06,9.17,-0.11,-1.1996,57862.01,52546.529,9.081352168720029
600358.SH,20260602,5.86,5.9,5.74,5.81,5.89,-0.08,-1.3582,89252.0,51805.241,5.804378725406714
600359.SH,20260602,6.69,6.78,6.54,6.61,6.76,-0.15,-2.2189,95654.0,63407.022,6.628789386748071
600360.SH,20260602,11.51,12.77,11.41,12.77,11.61,1.16,9.9914,636268.5,790966.578,12.431333281468437
600361.SH,20260602,4.54,4.58,4.45,4.5,4.55,-0.05,-1.0989,547610.0,246397.863,4.49951357718084
600362.SH,20260602,44.0,47.48,44.0,47.48,43.16,4.32,10.0093,840925.73,3844118.712,45.712939619530964
600363.SH,20260602,35.77,35.98,33.12,34.45,35.75,-1.3,-3.6364,201763.72,689621.634,34.17966490705068
600365.SH,20260602,2.81,2.83,2.77,2.78,2.82,-0.04,-1.4184,54452.0,15220.956,2.79529787702931
600366.SH,20260602,12.2,12.53,11.86,12.39,12.16,0.23,1.8914,245867.05,301105.553,12.246681814419624
600367.SH,20260602,35.77,38.84,35.1,38.84,35.31,3.53,9.9972,306044.65,1137411.913,37.16490103649908
600368.SH,20260602,3.98,4.01,3.96,3.99,3.99,0.0,0.0,166914.62,66542.968,3.9866470654278214
600369.SH,20260602,4.01,4.05,3.99,4.01,4.03,-0.02,-0.4963,362877.87,145744.981,4.016364541601835
600370.SH,20260602,1.42,1.53,1.41,1.53,1.46,0.07,4.7945,1216205.93,181809.526,1.4948909680123004
600371.SH,20260602,7.89,7.89,7.42,7.48,7.78,-0.3,-3.856,56900.6,42793.867,7.520811204099781
600372.SH,20260602,11.3,11.35,11.12,11.21,11.35,-0.14,-1.2335,217841.17,243897.86,11.196132484965995
600373.SH,20260602,7.82,7.87,7.62,7.64,7.84,-0.2,-2.551,100618.0,77595.451,7.711885646703374
600375.SH,20260602,4.36,4.37,4.22,4.27,4.35,-0.08,-1.8391,155576.0,66252.847,4.258551897464905
600376.SH,20260602,4.4,4.58,4.3,4.3,4.33,-0.03,-0.6928,1402438.11,617514.232,4.40314782946108
600377.SH,20260602,12.9,13.07,12.82,13.02,12.93,0.09,0.6961,103375.04,134035.894,12.96598231062353
600378.SH,20260602,42.0,44.53,41.01,43.41,40.88,2.53,6.1888,698120.59,2964788.014,42.468135970606454
600379.SH,20260602,13.79,13.86,12.9,13.23,13.88,-0.65,-4.683,230244.83,305078.418,13.250174520748196
600380.SH,20260602,10.24,10.29,10.1,10.12,10.24,-0.12,-1.1719,102130.54,103996.851,10.182737798116019
600381.SH,20260602,5.3,5.51,5.25,5.39,5.5,-0.11,-2.0,109792.64,58701.633,5.346590900810838
600382.SH,20260602,8.07,8.17,7.87,8.0,8.1,-0.1,-1.2346,146450.82,116861.337,7.979561807847849
600383.SH,20260602,2.77,2.8,2.67,2.7,2.78,-0.08,-2.8777,838416.04,227647.919,2.7152142628378146
600386.SH,20260602,3.83,3.87,3.68,3.73,3.84,-0.11,-2.8646,99904.15,37424.388,3.7460293691503304
600388.SH,20260602,18.58,18.67,17.76,17.77,18.5,-0.73,-3.9459,182050.59,328581.649,18.048919753569596
600389.SH,20260602,25.1,26.32,25.01,25.28,24.83,0.45,1.8123,82468.0,210522.155,25.52773863801717
600390.SH,20260602,4.86,4.89,4.8,4.82,4.85,-0.03,-0.6186,241793.4,116922.078,4.835619086377047
600391.SH,20260602,34.92,35.09,32.57,33.72,34.92,-1.2,-3.4364,149449.21,500388.597,33.48218414804602
600392.SH,20260602,21.67,22.68,21.3,22.42,21.69,0.73,3.3656,513059.93,1130522.073,22.03489313616832
600395.SH,20260602,6.03,6.09,5.85,5.88,6.05,-0.17,-2.8099,685939.0,408069.743,5.9490675264126995
600396.SH,20260602,18.5,19.88,17.63,19.4,18.5,0.9,4.8649,2936978.0,5622382.039,19.143425790046777
600397.SH,20260602,13.26,13.86,12.81,13.69,13.38,0.31,2.3169,444889.0,593959.876,13.350743129185034
600398.SH,20260602,5.87,5.96,5.81,5.87,5.87,0.0,0.0,234307.47,137932.19,5.886802926086821
600399.SH,20260602,4.82,4.84,4.61,4.65,4.81,-0.16,-3.3264,449610.39,210017.471,4.671099148754102
600400.SH,20260602,2.89,2.89,2.72,2.81,2.88,-0.07,-2.4306,603150.6,168719.794,2.7973079028687033
600403.SH,20260602,6.11,6.12,6.03,6.12,5.56,0.56,10.0719,250361.05,153175.912,6.118200574729976
600405.SH,20260602,4.57,4.93,4.43,4.84,4.57,0.27,5.9081,279825.08,132167.121,4.723204975050843
600406.SH,20260602,25.23,25.25,24.5,24.64,25.22,-0.58,-2.2998,903893.06,2228578.646,24.65533528933168
600408.SH,20260602,3.15,3.24,3.08,3.1,3.2,-0.1,-3.125,871252.0,273261.126,3.1364189235720548
600409.SH,20260602,6.52,6.54,6.26,6.3,6.5,-0.2,-3.0769,363463.0,229907.829,6.325480970552711
600410.SH,20260602,18.9,18.99,17.71,18.63,19.01,-0.38,-1.9989,789249.27,1443693.909,18.291989158254147
600415.SH,20260602,12.85,12.95,12.56,12.66,12.96,-0.3,-2.3148,572855.46,725903.275,12.671665466887582
600416.SH,20260602,11.55,11.57,11.11,11.21,11.56,-0.35,-3.0277,283522.78,318472.923,11.2327102252595
600418.SH,20260602,36.4,37.0,35.11,35.45,36.58,-1.13,-3.0891,617609.17,2205338.096,35.70766437940032
600419.SH,20260602,8.75,8.82,8.5,8.56,8.79,-0.23,-2.6166,57732.36,49680.669,8.605341787517434
600420.SH,20260602,9.26,9.39,9.24,9.27,9.27,0.0,0.0,57546.05,53615.355,9.3169479051994
600421.SH,20260602,0.38,0.38,0.35,0.35,0.39,-0.04,-10.2564,307968.0,11161.741,0.3624318435681629
600422.SH,20260602,9.45,9.69,9.1,9.11,9.47,-0.36,-3.8015,197337.09,183966.778,9.322463303781362
600423.SH,20260602,2.84,2.84,2.76,2.79,2.82,-0.03,-1.0638,87034.42,24219.863,2.7827913370365427
600425.SH,20260602,3.78,3.81,3.72,3.74,3.78,-0.04,-1.0582,165094.0,61990.241,3.7548451791100828
600426.SH,20260602,30.0,30.58,29.33,29.69,29.8,-0.11,-0.3691,236670.59,704947.638,29.78602613869345
600428.SH,20260602,8.01,8.19,7.99,8.05,8.07,-0.02,-0.2478,423258.99,342122.982,8.083064744826803
600429.SH,20260602,4.98,4.99,4.8,4.83,4.98,-0.15,-3.012,127751.0,62006.211,4.853677153212108
600433.SH,20260602,4.15,4.16,3.81,3.88,4.15,-0.27,-6.506,857122.67,333811.045,3.8945539149022856
600435.SH,20260602,11.98,12.0,11.62,11.81,11.96,-0.15,-1.2542,177196.33,208464.118,11.76458440194557
600436.SH,20260602,128.9,129.22,124.3,124.5,128.91,-4.41,-3.421,51158.09,645958.22,126.2670713468779
600438.SH,20260602,14.58,14.6,13.96,14.11,14.53,-0.42,-2.8906,504091.25,712936.952,14.143013829341415
600439.SH,20260602,2.45,2.45,2.36,2.38,2.45,-0.07,-2.8571,174368.2,41555.18,2.383185695556873
600444.SH,20260602,15.69,15.7,14.76,14.94,15.52,-0.58,-3.7371,32775.0,49086.79,14.976900076277651
600446.SH,20260602,13.38,13.45,12.78,13.03,13.42,-0.39,-2.9061,226839.01,295909.147,13.044896775030008
600448.SH,20260602,3.14,3.16,3.02,3.05,3.14,-0.09,-2.8662,291601.2,89259.222,3.061003246900218
600449.SH,20260602,14.45,14.48,13.85,13.94,14.5,-0.56,-3.8621,96126.0,134590.489,14.001465680461063
600452.SH,20260602,13.11,13.16,12.6,12.85,13.35,-0.5,-3.7453,712786.35,916278.332,12.854880456114234
600455.SH,20260602,27.41,27.72,26.44,26.65,27.42,-0.77,-2.8082,25236.03,67877.924,26.897227495766963
600456.SH,20260602,31.94,32.18,31.4,32.03,31.93,0.1,0.3132,64647.59,205462.536,31.781932783573215
600458.SH,20260602,12.65,12.99,12.61,12.95,12.69,0.26,2.0489,208520.56,267700.493,12.838086229962169
600459.SH,20260602,21.23,23.45,20.91,23.45,21.32,2.13,9.9906,573448.23,1292437.002,22.537989209592645
600460.SH,20260602,32.85,33.93,32.51,33.03,32.8,0.23,0.7012,861359.29,2859771.72,33.200683538224794
600461.SH,20260602,10.33,10.36,9.97,10.04,10.31,-0.27,-2.6188,146613.27,148674.346,10.140579089464412
600463.SH,20260602,10.15,10.4,9.72,9.82,10.41,-0.59,-5.6676,106012.0,105405.537,9.942792985699732
600467.SH,20260602,2.34,2.35,2.27,2.29,2.35,-0.06,-2.5532,368892.4,84768.934,2.2979311582456017
600468.SH,20260602,6.63,6.66,6.31,6.49,6.66,-0.17,-2.5526,222888.26,143629.232,6.444001671510199
600469.SH,20260602,6.05,6.12,5.9,5.94,6.09,-0.15,-2.4631,58287.0,34774.839,5.966139791034021
600470.SH,20260602,5.67,5.68,5.39,5.49,5.66,-0.17,-3.0035,163569.03,89417.664,5.466662240400888
600475.SH,20260602,16.0,16.03,15.16,15.24,16.16,-0.92,-5.6931,138466.45,213814.455,15.441607335206468
600476.SH,20260602,11.68,11.9,11.36,11.89,11.76,0.13,1.1054,28734.0,33361.448,11.610443377183824
600477.SH,20260602,2.79,2.8,2.72,2.75,2.8,-0.05,-1.7857,312733.9,85873.579,2.7458992773089195
600478.SH,20260602,6.08,6.14,5.9,6.0,6.11,-0.11,-1.8003,296374.63,177174.828,5.978069985275055
600479.SH,20260602,10.31,10.32,10.2,10.2,10.34,-0.14,-1.354,52928.68,54191.544,10.238597297344276
600480.SH,20260602,10.97,11.13,10.83,10.85,10.99,-0.14,-1.2739,169646.91,185616.941,10.941368811256273
600481.SH,20260602,5.34,5.35,4.93,5.04,5.35,-0.31,-5.7944,1463660.3,739799.262,5.0544464586489095
600482.SH,20260602,36.11,36.81,33.8,36.41,36.53,-0.12,-0.3285,441841.66,1557928.79,35.25988902902456
600483.SH,20260602,11.31,11.41,11.11,11.38,11.56,-0.18,-1.5571,403491.27,455605.36,11.291579121402055
600486.SH,20260602,58.57,59.18,57.81,58.15,58.57,-0.42,-0.7171,42907.13,249943.184,58.252132920565884
600487.SH,20260602,74.61,83.12,74.61,83.12,75.56,7.56,10.0053,1913933.32,15481292.596,80.8873142769676
600488.SH,20260602,5.53,5.76,5.26,5.44,5.66,-0.22,-3.8869,1172882.62,641130.307,5.466278518135088
600489.SH,20260602,22.49,23.32,22.03,23.18,22.56,0.62,2.7482,712789.76,1622186.448,22.758273743999915
600490.SH,20260602,7.4,7.55,7.19,7.49,7.41,0.08,1.0796,330488.0,244622.001,7.401842154631938
600491.SH,20260602,1.44,1.45,1.38,1.41,1.4,0.01,0.7143,720279.51,102177.899,1.4185867789019848
600493.SH,20260602,6.76,6.78,6.42,6.43,6.71,-0.28,-4.1729,62432.0,40605.391,6.503938845463865
600495.SH,20260602,4.19,4.23,4.15,4.17,4.2,-0.03,-0.7143,83535.84,34889.496,4.17659007199784
600496.SH,20260602,4.05,4.28,3.97,4.22,4.06,0.16,3.9409,675249.9,277717.496,4.112810620186689
600497.SH,20260602,9.5,9.8,9.18,9.71,9.42,0.29,3.0786,1575886.75,1507297.6,9.564758381273274
600498.SH,20260602,47.3,50.41,46.09,49.5,47.55,1.95,4.1009,829605.72,4041536.924,48.716357982681224
600499.SH,20260602,15.99,16.0,15.48,15.85,15.99,-0.14,-0.8755,207916.66,327861.363,15.768883695996273
600500.SH,20260602,5.68,6.27,5.48,6.27,5.7,0.57,10.0,1725945.69,1038654.407,6.017885806128697
600501.SH,20260602,18.6,18.64,17.68,18.4,18.66,-0.26,-1.3934,60858.0,110372.148,18.136013013901213
600502.SH,20260602,5.3,5.36,5.2,5.25,5.34,-0.09,-1.6854,277210.0,146271.366,5.276554453302551
600503.SH,20260602,2.95,3.07,2.84,2.85,2.92,-0.07,-2.3973,1788069.53,525125.954,2.9368318468018413
600505.SH,20260602,13.02,13.3,12.63,13.04,13.12,-0.08,-0.6098,146691.0,190717.884,13.001335051230136
600506.SH,20260602,18.0,18.18,17.58,17.77,18.14,-0.37,-2.0397,73598.6,131147.742,17.8193256393464
600507.SH,20260602,4.84,4.88,4.62,4.64,4.84,-0.2,-4.1322,338416.1,158561.322,4.685395346143402
600508.SH,20260602,14.66,14.84,14.26,14.38,14.9,-0.52,-3.4899,231476.6,334927.397,14.469168676229042
600509.SH,20260602,9.64,9.7,9.21,9.38,9.8,-0.42,-4.2857,851532.74,804204.9,9.444204106585497
600510.SH,20260602,8.46,8.55,8.19,8.29,8.46,-0.17,-2.0095,109568.43,91108.741,8.315236514751557
600511.SH,20260602,27.28,27.74,27.27,27.42,27.38,0.04,0.1461,37846.03,104027.799,27.487110008632346
600512.SH,20260602,2.24,2.25,2.18,2.21,2.24,-0.03,-1.3393,259651.0,57283.617,2.206177407366041
600513.SH,20260602,17.66,17.76,16.67,17.08,17.66,-0.58,-3.2843,107102.51,182362.975,17.02695623099776
600515.SH,20260602,3.19,3.2,3.12,3.15,3.2,-0.05,-1.5625,819314.9,258142.613,3.150713028653574
600516.SH,20260602,5.09,5.13,4.92,4.98,5.09,-0.11,-2.1611,478909.86,238864.823,4.987678119636126
600517.SH,20260602,5.41,5.43,5.29,5.32,5.41,-0.09,-1.6636,249066.11,132717.33,5.328598499410457
600518.SH,20260602,1.55,1.57,1.53,1.54,1.55,-0.01,-0.6452,1527469.29,236524.231,1.548471269101587
600519.SH,20260602,1306.0,1326.36,1301.0,1307.22,1309.6,-2.38,-0.1817,36361.85,4769963.104,1311.8042959860404
600520.SH,20260602,30.0,30.35,28.75,28.98,30.22,-1.24,-4.1032,145281.01,425783.014,29.307547765533847
600521.SH,20260602,15.96,16.07,15.64,15.71,16.07,-0.36,-2.2402,182051.94,286431.56,15.733507701153858
600522.SH,20260602,39.03,43.33,39.03,42.89,39.39,3.5,8.8855,4059782.44,17069390.712,42.04508730275705
600523.SH,20260602,12.35,12.39,11.88,11.95,12.15,-0.2,-1.6461,39539.8,47646.599,12.050288317088098
600525.SH,20260602,5.28,5.36,5.26,5.33,5.3,0.03,0.566,82154.6,43612.755,5.308619967719396
600526.SH,20260602,4.88,4.9,4.74,4.79,4.88,-0.09,-1.8443,91933.5,44041.348,4.790565789402122
600527.SH,20260602,2.6,2.6,2.45,2.51,2.6,-0.09,-3.4615,908125.8,226814.165,2.4976073248882478
600528.SH,20260602,7.5,7.52,7.4,7.42,7.53,-0.11,-1.4608,97569.05,72687.749,7.449877701996687
600529.SH,20260602,19.1,19.33,19.0,19.21,19.16,0.05,0.261,119576.74,229097.295,19.159018300716344
600530.SH,20260602,7.32,7.34,6.91,7.01,7.32,-0.31,-4.235,245976.0,172312.039,7.00523786873516
600531.SH,20260602,13.13,13.5,12.7,13.44,13.09,0.35,2.6738,561211.23,738167.537,13.153114149194769
600533.SH,20260602,2.37,2.39,2.27,2.3,2.37,-0.07,-2.9536,252264.0,58084.786,2.3025396410110046
600535.SH,20260602,14.23,14.5,14.23,14.34,14.34,0.0,0.0,102451.4,147356.333,14.383047279002534
600536.SH,20260602,38.0,38.07,37.23,37.48,38.27,-0.79,-2.0643,145044.96,544444.481,37.53625641318389
600537.SH,20260602,3.09,3.09,2.95,3.01,3.1,-0.09,-2.9032,436194.42,130766.008,2.9978835584370844
600538.SH,20260602,6.44,6.44,6.11,6.2,6.43,-0.23,-3.577,131123.0,81529.081,6.217755923827246
600539.SH,20260602,16.0,16.1,14.8,15.24,16.02,-0.78,-4.8689,205456.19,313226.177,15.24539985872414
600540.SH,20260602,4.9,5.07,4.8,4.92,4.99,-0.07,-1.4028,456848.0,224311.326,4.909977191538543
600543.SH,20260602,4.67,4.69,4.61,4.65,4.69,-0.04,-0.8529,27934.0,12970.469,4.643255172907567
600545.SH,20260602,7.46,7.47,6.94,7.28,7.42,-0.14,-1.8868,1626346.12,1167774.617,7.18035725999088
600546.SH,20260602,14.9,15.73,14.23,14.42,15.27,-0.85,-5.5665,791046.16,1164461.38,14.720523768170493
600547.SH,20260602,29.53,30.07,28.8,29.93,29.41,0.52,1.7681,459718.56,1357233.744,29.52314442123024
600548.SH,20260602,9.03,9.06,8.96,8.98,9.03,-0.05,-0.5537,24895.69,22414.971,9.003554832181797
600549.SH,20260602,53.0,56.18,51.47,55.81,52.85,2.96,5.6008,788300.05,4271449.05,54.18557375456211
600550.SH,20260602,13.82,13.83,13.21,13.34,13.82,-0.48,-3.4732,376191.98,503514.337,13.384504821181995
600551.SH,20260602,7.53,7.65,7.33,7.38,7.54,-0.16,-2.122,47846.8,35573.177,7.4348079704389844
600552.SH,20260602,18.27,19.06,17.85,18.84,18.34,0.5,2.7263,810877.13,1515042.323,18.68399375130977
600556.SH,20260602,5.44,5.49,5.15,5.22,5.43,-0.21,-3.8674,613622.54,321161.894,5.233867289164442
600557.SH,20260602,12.86,12.93,12.68,12.68,12.86,-0.18,-1.3997,35979.59,46027.835,12.792762507855148
600558.SH,20260602,5.75,5.81,5.6,5.63,5.78,-0.15,-2.5952,192599.0,109075.152,5.6633290930897875
600559.SH,20260602,13.14,13.32,12.9,12.91,13.14,-0.23,-1.7504,141826.95,185470.321,13.077226930424716
600560.SH,20260602,13.19,13.24,12.82,12.86,13.2,-0.34,-2.5758,25983.0,33605.232,12.933545779933036
600561.SH,20260602,6.41,6.44,5.95,6.02,6.3,-0.28,-4.4444,69839.0,42411.77,6.072791706639556
600562.SH,20260602,23.5,23.55,22.3,22.63,23.48,-0.85,-3.6201,102679.76,233131.031,22.70467237165338
600563.SH,20260602,155.2,169.5,152.0,165.88,154.4,11.48,7.4352,116223.35,1872265.831,161.0920551679159
600566.SH,20260602,27.69,29.05,27.4,28.13,27.73,0.4,1.4425,72950.18,207436.481,28.435362462436697
600567.SH,20260602,1.37,1.38,1.35,1.36,1.37,-0.01,-0.7299,614300.06,83592.779,1.360780902414367
600568.SH,20260602,2.77,2.77,2.63,2.66,2.64,0.02,0.7576,283993.6,76941.554,2.7092707018749724
600569.SH,20260602,1.95,1.96,1.9,1.92,1.94,-0.02,-1.0309,189729.77,36502.569,1.9239241685688022
600570.SH,20260602,24.74,24.85,24.11,24.38,24.65,-0.27,-1.0953,253478.45,617704.07,24.36909607108612
600571.SH,20260602,11.91,11.99,11.42,11.53,11.86,-0.33,-2.7825,73286.0,84773.133,11.56743893785989
600572.SH,20260602,4.26,4.29,4.22,4.23,4.26,-0.03,-0.7042,278978.96,118441.524,4.245536079136577
600573.SH,20260602,13.57,13.84,12.72,12.88,13.58,-0.7,-5.1546,257363.0,337373.26,13.108848591289346
600575.SH,20260602,4.2,4.58,4.16,4.38,4.16,0.22,5.2885,2200530.12,962124.134,4.372237967822044
600576.SH,20260602,6.15,6.16,5.93,6.01,6.11,-0.1,-1.6367,141579.7,85141.936,6.013710722653035
600577.SH,20260602,12.55,12.85,12.2,12.62,12.58,0.04,0.318,624362.74,786589.544,12.59827810993334
600578.SH,20260602,8.39,8.75,7.93,8.49,8.44,0.05,0.5924,3201300.26,2687015.517,8.393512944018566
600579.SH,20260602,6.78,6.82,6.57,6.61,6.72,-0.11,-1.6369,48076.0,31944.306,6.644543223229887
600580.SH,20260602,40.85,41.9,39.68,39.9,40.19,-0.29,-0.7216,673192.97,2750753.856,40.861298001968144
600581.SH,20260602,2.7,2.71,2.63,2.65,2.66,-0.01,-0.3759,182184.2,48667.314,2.671324626394605
600582.SH,20260602,5.56,5.57,5.48,5.5,5.53,-0.03,-0.5425,179765.0,99182.579,5.517346480126832
600583.SH,20260602,5.79,5.81,5.63,5.68,5.73,-0.05,-0.8726,401516.0,228713.579,5.6962506849042125
600584.SH,20260602,76.86,77.54,72.65,75.35,75.65,-0.3,-0.3966,2532512.01,19021217.125,75.1081023501247
600585.SH,20260602,20.31,20.38,20.11,20.13,20.31,-0.18,-0.8863,217294.51,439384.529,20.22069167785233
600586.SH,20260602,5.1,5.11,4.92,4.99,5.12,-0.13,-2.5391,413470.85,206165.44,4.9862146267385
600587.SH,20260602,13.64,13.64,13.37,13.37,13.6,-0.23,-1.6912,42947.3,57899.066,13.481421649323703
600588.SH,20260602,11.5,11.54,11.09,11.28,11.41,-0.13,-1.1394,907661.05,1022149.522,11.261357111225605
600589.SH,20260602,10.55,10.88,10.14,10.39,10.44,-0.05,-0.4789,1282074.48,1342878.836,10.474265395252232
600590.SH,20260602,12.9,13.04,12.35,12.84,12.9,-0.06,-0.4651,367403.29,467536.413,12.725428043935045
600592.SH,20260602,19.86,20.2,19.53,20.13,19.85,0.28,1.4106,91781.24,182839.341,19.92121058726162
600593.SH,20260602,37.66,38.7,37.1,38.33,37.73,0.6,1.5902,67140.64,255001.536,37.98020632511099
600594.SH,20260602,3.67,3.67,3.52,3.56,3.66,-0.1,-2.7322,201214.0,71664.179,3.5615900981045057
600595.SH,20260602,7.4,7.63,7.34,7.55,7.31,0.24,3.2832,1061345.63,795631.314,7.496439345588111
600596.SH,20260602,13.26,13.67,12.75,13.09,13.26,-0.17,-1.2821,718847.38,941385.993,13.09576996719387
600597.SH,20260602,7.1,7.15,7.02,7.03,7.12,-0.09,-1.264,80229.82,56739.721,7.072148610080391
600598.SH,20260602,14.62,14.62,14.39,14.49,14.61,-0.12,-0.8214,167659.15,242508.319,14.464365291127862
600599.SH,20260602,0.56,0.58,0.51,0.51,0.57,-0.06,-10.5263,132729.07,7057.863,0.5317496008975275
600600.SH,20260602,61.37,61.63,60.8,61.01,61.47,-0.46,-0.7483,62631.32,382569.822,61.08282916598277
600601.SH,20260602,12.5,12.97,12.05,12.67,12.43,0.24,1.9308,2675987.53,3365850.473,12.577975178382093
600602.SH,20260602,18.84,19.29,18.06,19.15,18.63,0.52,2.7912,338926.25,634111.794,18.709432922354054
600603.SH,20260602,4.99,5.0,4.82,4.95,4.97,-0.02,-0.4024,134366.92,65886.94,4.9035089886707235
600604.SH,20260602,4.53,4.54,4.42,4.45,4.56,-0.11,-2.4123,146489.45,65332.379,4.459869226077372
600605.SH,20260602,29.95,30.19,28.96,29.21,30.03,-0.82,-2.7306,36467.02,107021.046,29.347351661857758
600606.SH,20260602,1.5,1.54,1.46,1.48,1.5,-0.02,-1.3333,1449876.32,215777.38,1.4882468043894945
600609.SH,20260602,3.7,3.7,3.59,3.61,3.69,-0.08,-2.168,149136.29,54107.983,3.628089648736736
600610.SH,20260602,7.99,8.01,7.65,7.79,7.97,-0.18,-2.2585,132249.0,102723.808,7.767454423095828
600611.SH,20260602,4.72,4.72,4.51,4.55,4.77,-0.22,-4.6122,920056.8,420658.632,4.572094157665048
600612.SH,20260602,36.79,37.18,36.56,36.65,36.8,-0.15,-0.4076,12370.0,45577.406,36.84511398544867
600613.SH,20260602,5.29,5.32,5.15,5.17,5.28,-0.11,-2.0833,59631.28,31026.334,5.203030020485892
600615.SH,20260602,10.53,10.61,10.17,10.29,10.54,-0.25,-2.3719,26936.0,27717.99,10.290314077814077
600616.SH,20260602,4.64,4.68,4.48,4.54,4.64,-0.1,-2.1552,120666.89,54916.74,4.551102626412266
600617.SH,20260602,3.72,3.76,3.59,3.65,3.67,-0.02,-0.545,957842.59,349697.632,3.6508883155842966
600618.SH,20260602,10.7,10.77,10.41,10.48,10.67,-0.19,-1.7807,59079.0,62139.135,10.517973391560453
600619.SH,20260602,15.18,15.32,14.79,14.95,15.25,-0.3,-1.9672,151124.36,226889.569,15.013434564751837
600620.SH,20260602,5.05,5.05,4.73,4.77,4.95,-0.18,-3.6364,77976.29,37535.526,4.81371016753939
600621.SH,20260602,13.24,13.27,13.08,13.15,13.21,-0.06,-0.4542,81523.0,107267.091,13.157892987255131
600622.SH,20260602,2.64,2.71,2.54,2.57,2.65,-0.08,-3.0189,607644.16,158278.238,2.604784978102974
600623.SH,20260602,8.95,8.99,8.67,8.73,8.94,-0.21,-2.349,148893.2,130276.676,8.7496726512695
600624.SH,20260602,4.3,4.32,4.22,4.27,4.29,-0.02,-0.4662,30431.54,12947.268,4.254555635370409
600626.SH,20260602,3.78,3.78,3.64,3.66,3.77,-0.11,-2.9178,139801.04,51420.924,3.678150319911783
600628.SH,20260602,6.51,6.55,6.34,6.4,6.55,-0.15,-2.2901,86331.38,55373.557,6.414070642679405
600629.SH,20260602,17.16,17.17,16.37,16.71,17.17,-0.46,-2.6791,207036.67,344800.107,16.65405973734025
600630.SH,20260602,7.81,7.93,7.74,7.9,7.82,0.08,1.023,68655.0,53887.815,7.849073629014639
600633.SH,20260602,12.48,12.48,12.18,12.32,12.49,-0.17,-1.3611,149467.91,183625.354,12.285269393276456
600635.SH,20260602,5.38,5.41,5.18,5.2,5.36,-0.16,-2.9851,662219.04,347689.376,5.250368156131541
600636.SH,20260602,2.4,2.42,2.25,2.25,2.5,-0.25,-10.0,324049.85,74123.34,2.2874054717198606
600637.SH,20260602,9.74,9.75,9.33,9.44,9.73,-0.29,-2.9805,597798.09,565687.591,9.462853770576618
600638.SH,20260602,5.84,5.94,5.63,5.7,5.85,-0.15,-2.5641,106917.0,61341.803,5.737329236697625
600639.SH,20260602,10.04,10.06,9.85,9.86,10.02,-0.16,-1.5968,43519.19,43206.442,9.928135610979892
600640.SH,20260602,11.97,12.03,11.58,11.64,12.0,-0.36,-3.0,98604.43,115431.472,11.706519879482089
600641.SH,20260602,26.49,26.49,25.47,25.65,26.05,-0.4,-1.5355,269563.12,697599.053,25.87887590112475
600642.SH,20260602,10.56,10.98,10.4,10.65,10.76,-0.11,-1.0223,657378.44,699146.014,10.635365741535423
600643.SH,20260602,4.39,4.42,4.28,4.31,4.4,-0.09,-2.0455,112990.34,48941.517,4.331477982985094
600644.SH,20260602,11.31,11.35,11.1,11.2,11.48,-0.28,-2.439,198385.13,222383.917,11.209706947289849
600645.SH,20260602,20.19,20.2,19.32,19.53,20.13,-0.6,-2.9806,96740.28,189777.999,19.617267905364756
600648.SH,20260602,9.77,9.79,9.63,9.72,9.78,-0.06,-0.6135,17476.89,16949.923,9.698477818421926
600649.SH,20260602,4.02,4.03,3.83,3.89,3.98,-0.09,-2.2613,340964.83,133599.869,3.9182888452160887
600650.SH,20260602,11.59,11.59,11.36,11.39,11.59,-0.2,-1.7256,25466.0,29065.199,11.41333503494856
600651.SH,20260602,6.63,6.75,6.4,6.49,6.63,-0.14,-2.1116,258647.87,169622.879,6.558062086496208
600653.SH,20260602,1.74,1.76,1.73,1.74,1.75,-0.01,-0.5714,191844.95,33373.34,1.7395996089550438
600654.SH,20260602,3.35,3.36,3.19,3.24,3.33,-0.09,-2.7027,635328.34,206113.084,3.2441978583861064
600655.SH,20260602,4.72,4.76,4.67,4.69,4.73,-0.04,-0.8457,110877.37,52209.145,4.708728661222754
600657.SH,20260602,2.91,2.96,2.84,2.86,2.91,-0.05,-1.7182,230731.57,66733.654,2.892263681125214
600658.SH,20260602,4.77,4.77,4.56,4.67,4.77,-0.1,-2.0964,136333.0,63429.11,4.652513331328438
600660.SH,20260602,52.5,54.35,52.35,54.24,52.48,1.76,3.3537,203595.87,1091739.782,53.622884491713904
600661.SH,20260602,8.78,8.8,8.38,8.46,8.74,-0.28,-3.2037,47107.53,40122.404,8.51719544624819
600662.SH,20260602,4.62,4.64,4.48,4.5,4.59,-0.09,-1.9608,148785.76,67601.938,4.543575809943102
600663.SH,20260602,7.57,7.62,7.18,7.27,7.53,-0.26,-3.4529,161232.04,119339.849,7.401745273458054
600664.SH,20260602,3.37,3.38,3.32,3.33,3.39,-0.06,-1.7699,380195.55,127121.502,3.343582059285018
600665.SH,20260602,3.51,3.58,3.37,3.42,3.5,-0.08,-2.2857,270707.85,93131.6,3.4402992007804727
600666.SH,20260602,4.55,4.65,4.3,4.61,4.56,0.05,1.0965,1856342.18,836371.806,4.505482960043498
600667.SH,20260602,13.63,14.94,13.49,14.94,13.58,1.36,10.0147,3908634.75,5578535.691,14.272338163600473
600668.SH,20260602,8.09,8.19,7.98,8.13,8.1,0.03,0.3704,57100.81,46118.139,8.076617301926191
600671.SH,20260602,17.93,17.93,17.32,17.42,17.82,-0.4,-2.2447,13688.0,23939.039,17.48906998831093
600673.SH,20260602,37.6,37.8,34.42,35.62,35.75,-0.13,-0.3636,880500.91,3159220.411,35.879808585319914
600674.SH,20260602,15.68,15.89,15.35,15.44,15.74,-0.3,-1.906,613824.53,954158.968,15.544490670648173
600675.SH,20260602,2.47,2.49,2.41,2.43,2.47,-0.04,-1.6194,278890.45,68597.413,2.459654427033984
600676.SH,20260602,6.57,6.65,6.45,6.6,6.54,0.06,0.9174,108245.91,71047.676,6.563543694168215
600678.SH,20260602,7.2,7.37,6.99,7.1,7.02,0.08,1.1396,485852.26,351248.221,7.229527367023055
600679.SH,20260602,10.0,10.01,9.71,9.75,10.01,-0.26,-2.5974,34983.0,34319.243,9.81026298487837
600681.SH,20260602,3.91,3.92,3.83,3.87,3.91,-0.04,-1.023,169753.9,65718.864,3.871419979158064
600682.SH,20260602,6.05,6.24,5.94,6.17,5.97,0.2,3.3501,299197.12,182625.455,6.103850698830255
600683.SH,20260602,14.43,14.59,13.88,14.21,14.43,-0.22,-1.5246,205616.04,292170.202,14.209504375242318
600684.SH,20260602,3.78,3.85,3.6,3.64,3.77,-0.13,-3.4483,185096.82,68075.612,3.677838009318582
600685.SH,20260602,28.18,28.24,27.35,27.86,28.09,-0.23,-0.8188,82805.02,229802.299,27.752218283384266
600686.SH,20260602,13.55,13.67,13.35,13.63,13.55,0.08,0.5904,113418.0,153169.746,13.504888642014496
600688.SH,20260602,2.76,2.8,2.73,2.79,2.76,0.03,1.087,581619.0,160571.838,2.7607735992118547
600689.SH,20260602,11.98,12.04,11.49,11.67,11.98,-0.31,-2.5876,32088.01,37319.258,11.630281217189848
600690.SH,20260602,21.0,21.28,20.8,21.13,21.08,0.05,0.2372,408229.19,857244.858,20.999107339678478
600691.SH,20260602,2.8,2.81,2.68,2.73,2.79,-0.06,-2.1505,303867.11,82731.047,2.7226061747847607
600692.SH,20260602,7.07,7.1,6.81,6.83,7.08,-0.25,-3.5311,73321.0,50639.847,6.906595245564027
600693.SH,20260602,10.43,11.1,10.15,10.72,10.73,-0.01,-0.0932,1134470.74,1205045.601,10.622095030851126
600694.SH,20260602,15.55,15.62,15.1,15.23,15.62,-0.39,-2.4968,60714.99,93006.288,15.318505034753363
600696.SH,20260602,0.58,0.61,0.57,0.61,0.55,0.06,10.9091,31568.47,1889.172,0.5984363512073914
600697.SH,20260602,12.06,12.09,11.51,11.6,11.9,-0.3,-2.521,42459.0,49568.719,11.67449044961021
600698.SH,20260602,6.8,6.83,6.54,6.62,6.79,-0.17,-2.5037,74452.4,49358.849,6.629584674234814
600699.SH,20260602,26.26,26.57,25.81,26.35,25.99,0.36,1.3851,325549.73,854643.248,26.252310146287023
600702.SH,20260602,43.5,44.32,42.31,42.6,44.32,-1.72,-3.8809,124453.5,536105.779,43.07679406364626
600703.SH,20260602,15.2,15.47,14.59,15.16,15.16,0.0,0.0,2002946.81,3019305.857,15.074318708443384
600704.SH,20260602,4.99,5.02,4.95,4.97,5.0,-0.03,-0.6,421754.47,210018.671,4.979643037334021
600706.SH,20260602,8.42,8.49,8.14,8.21,8.41,-0.2,-2.3781,61347.4,50448.66,8.223438972148779
600707.SH,20260602,9.85,10.15,9.43,10.09,9.88,0.21,2.1255,1538447.07,1512325.212,9.830206326175395
600708.SH,20260602,3.23,3.29,3.15,3.23,3.25,-0.02,-0.6154,289845.95,92916.744,3.2057285602921137
600710.SH,20260602,11.57,11.63,11.33,11.44,11.55,-0.11,-0.9524,87402.53,99973.538,11.438288800106818
600711.SH,20260602,12.39,12.87,12.06,12.61,12.2,0.41,3.3607,1075855.32,1343616.216,12.488818812551859
600712.SH,20260602,6.1,6.1,5.86,5.92,6.03,-0.11,-1.8242,77414.0,45894.198,5.928410623401451
600713.SH,20260602,5.1,5.13,5.05,5.08,5.12,-0.04,-0.7813,75355.0,38269.634,5.078579258177958
600714.SH,20260602,29.2,30.03,28.5,28.92,29.71,-0.79,-2.659,156068.21,456303.786,29.237458800866627
600715.SH,20260602,1.94,1.94,1.88,1.9,1.94,-0.04,-2.0619,255517.0,48645.535,1.9038081614921905
600716.SH,20260602,3.76,3.8,3.66,3.69,3.77,-0.08,-2.122,74953.0,27750.18,3.702344135658346
600717.SH,20260602,4.54,4.6,4.53,4.53,4.55,-0.02,-0.4396,234121.11,106800.526,4.561764037424904
600718.SH,20260602,8.46,8.48,8.28,8.32,8.43,-0.11,-1.3049,95178.83,79569.505,8.360000327803988
600719.SH,20260602,9.53,9.53,9.0,9.29,9.72,-0.43,-4.4239,423919.0,391680.369,9.23950964689009
600720.SH,20260602,6.21,6.24,6.07,6.08,6.22,-0.14,-2.2508,87664.6,53761.617,6.132648412243938
600721.SH,20260602,7.45,7.5,7.22,7.31,7.46,-0.15,-2.0107,64416.0,47088.647,7.310085537754595
600722.SH,20260602,10.77,10.77,10.02,10.22,10.52,-0.3,-2.8517,253820.7,260125.418,10.24839258578989
600724.SH,20260602,6.9,6.99,6.61,6.68,6.88,-0.2,-2.907,107467.0,72197.103,6.7180718732262
600725.SH,20260602,3.94,3.95,3.85,3.94,3.96,-0.02,-0.5051,157107.03,61134.037,3.891234975290412
600726.SH,20260602,9.5,9.65,8.87,9.24,9.5,-0.26,-2.7368,4068224.7,3756542.061,9.233860806656033
600727.SH,20260602,9.01,9.18,8.51,8.7,8.84,-0.14,-1.5837,753521.57,653973.289,8.678892748883088
600728.SH,20260602,4.98,5.0,4.83,4.86,4.96,-0.1,-2.0161,250031.2,121975.833,4.878424492623321
600729.SH,20260602,20.51,21.05,20.21,20.31,20.51,-0.2,-0.9751,62280.0,128289.031,20.59875256904303
600730.SH,20260602,15.1,15.12,14.52,14.58,15.28,-0.7,-4.5812,313359.6,462011.033,14.743796998719683
600731.SH,20260602,5.86,5.86,5.66,5.68,5.85,-0.17,-2.906,78125.0,44630.937,5.712759935999999
600732.SH,20260602,12.27,12.32,11.68,11.79,12.28,-0.49,-3.9902,381828.07,453425.105,11.875111879543061
600733.SH,20260602,6.13,6.15,6.02,6.1,6.13,-0.03,-0.4894,515932.86,313990.351,6.085876193270575
600734.SH,20260602,2.28,2.3,2.22,2.24,2.23,0.01,0.4484,1021601.0,230207.725,2.2534015236868408
600735.SH,20260602,6.98,7.06,6.78,6.86,7.01,-0.15,-2.1398,105712.12,72949.694,6.900788102631941
600736.SH,20260602,7.14,7.19,6.86,7.06,7.16,-0.1,-1.3966,423770.96,296114.016,6.98759575219595
600737.SH,20260602,14.0,14.33,13.81,14.15,14.19,-0.04,-0.2819,463016.28,653074.827,14.104791887663215
600738.SH,20260602,4.48,4.49,4.3,4.34,4.48,-0.14,-3.125,119917.0,52445.033,4.373444382364469
600739.SH,20260602,10.85,10.88,10.65,10.71,10.86,-0.15,-1.3812,88213.97,94732.578,10.738954158848081
600740.SH,20260602,4.06,4.1,3.97,4.03,4.03,0.0,0.0,643838.75,259870.286,4.03626352095148
600741.SH,20260602,16.91,17.1,16.85,16.97,16.98,-0.01,-0.0589,197966.95,335792.951,16.962071244720395
600742.SH,20260602,8.28,8.28,8.07,8.09,8.25,-0.16,-1.9394,36211.8,29466.02,8.137132095062935
600743.SH,20260602,2.55,2.59,2.42,2.53,2.58,-0.05,-1.938,1364806.12,339038.793,2.4841535221134556
600744.SH,20260602,8.48,9.09,8.1,8.83,8.63,0.2,2.3175,2318321.88,1985435.815,8.564107651004873
600745.SH,20260602,22.79,22.79,22.79,22.79,21.7,1.09,5.023,27397.0,62437.763,22.79
600746.SH,20260602,6.65,6.66,6.46,6.5,6.64,-0.14,-2.1084,95126.0,61964.628,6.513952862519185
600748.SH,20260602,4.6,4.6,4.4,4.47,4.56,-0.09,-1.9737,206707.63,92375.703,4.468906300168987
600749.SH,20260602,15.02,15.05,14.52,14.8,15.02,-0.22,-1.4647,49312.08,72825.121,14.768211156373853
600750.SH,20260602,25.88,26.49,25.65,26.02,25.88,0.14,0.541,64007.54,167561.359,26.17837820356789
600751.SH,20260602,3.35,3.35,3.21,3.26,3.34,-0.08,-2.3952,358425.87,116789.657,3.258404785346549
600753.SH,20260602,13.38,13.45,12.76,12.83,13.43,-0.6,-4.4676,28670.52,37139.701,12.953968396806196
600754.SH,20260602,20.8,20.98,20.39,20.5,20.84,-0.34,-1.6315,104898.65,215910.088,20.5827327615751
600755.SH,20260602,6.03,6.04,5.94,5.95,6.04,-0.09,-1.4901,153990.28,91932.727,5.970034407366491
600756.SH,20260602,14.74,14.8,14.18,14.35,14.75,-0.4,-2.7119,73140.9,105109.47,14.370819883266408
600757.SH,20260602,8.15,8.2,8.08,8.11,8.13,-0.02,-0.246,83883.01,68248.058,8.136100266311379
600758.SH,20260602,5.2,5.68,4.95,5.25,5.16,0.09,1.7442,2710985.01,1440060.302,5.311944908171956
600759.SH,20260602,3.05,3.05,3.05,3.05,2.9,0.15,5.1724,75135.8,22916.419,3.05
600760.SH,20260602,43.53,44.0,43.1,43.27,43.8,-0.53,-1.21,132233.93,574494.102,43.44528684884431
600761.SH,20260602,17.51,17.58,17.18,17.2,17.47,-0.27,-1.5455,119590.13,207729.177,17.37009375272023
600763.SH,20260602,37.33,37.5,36.7,36.81,37.55,-0.74,-1.9707,52847.29,195530.003,36.99905955442559
600764.SH,20260602,21.1,21.23,20.73,20.81,21.1,-0.29,-1.3744,34059.37,71185.5,20.900415950148226
600765.SH,20260602,14.31,14.35,13.98,14.1,14.32,-0.22,-1.5363,169233.0,238674.253,14.103292679323774
600768.SH,20260602,16.71,17.32,16.12,16.95,16.73,0.22,1.315,59716.0,99821.442,16.71602953982182
600769.SH,20260602,16.95,17.04,15.95,16.31,16.56,-0.25,-1.5097,294477.48,483416.97,16.416093006500873
600770.SH,20260602,6.14,6.17,5.89,6.01,6.15,-0.14,-2.2764,347531.86,208594.864,6.002179598728014
600771.SH,20260602,15.11,15.14,14.84,14.84,15.09,-0.25,-1.6567,52953.38,79159.433,14.948891458864384
600773.SH,20260602,17.18,17.3,15.98,16.14,17.0,-0.86,-5.0588,254927.46,416254.768,16.32836133070953
600774.SH,20260602,7.77,7.89,7.41,7.45,7.77,-0.32,-4.1184,52364.13,39360.142,7.516622924891524
600775.SH,20260602,10.9,10.9,10.49,10.79,10.89,-0.1,-0.9183,139186.75,148746.619,10.686837576134224
600776.SH,20260602,14.58,14.84,14.42,14.73,14.59,0.14,0.9596,166434.22,243686.976,14.641638961026164
600777.SH,20260602,5.41,5.48,5.33,5.36,5.35,0.01,0.1869,109211.04,58854.385,5.389050868849889
600778.SH,20260602,6.39,6.44,6.06,6.1,6.37,-0.27,-4.2386,118915.0,73333.826,6.166911323214061
600779.SH,20260602,33.65,34.24,31.92,32.39,33.72,-1.33,-3.9442,154189.47,506454.78,32.8462624587788
600780.SH,20260602,7.7,7.73,7.47,7.49,7.86,-0.37,-4.7074,464421.45,351295.049,7.564143495094811
600782.SH,20260602,2.89,2.9,2.8,2.81,2.88,-0.07,-2.4306,553876.67,157474.708,2.8431366860062908
600783.SH,20260602,21.1,22.2,20.82,21.4,20.92,0.48,2.2945,286571.14,614079.998,21.428535964926546
600784.SH,20260602,7.65,7.73,7.41,7.54,7.65,-0.11,-1.4379,157712.0,119285.101,7.563476526833722
600785.SH,20260602,16.43,16.6,15.71,16.05,16.54,-0.49,-2.9625,66810.0,106776.617,15.9821309684179
600787.SH,20260602,4.89,4.91,4.82,4.83,4.89,-0.06,-1.227,184542.0,89594.822,4.8549827139621335
600789.SH,20260602,7.9,7.93,7.8,7.8,7.92,-0.12,-1.5152,84424.5,66296.204,7.8527209518563925
600790.SH,20260602,4.17,4.19,4.07,4.1,4.17,-0.07,-1.6787,194814.0,79870.46,4.099831634276797
600791.SH,20260602,14.2,14.58,13.85,14.45,14.3,0.15,1.049,161928.0,232152.755,14.336788881478189
600792.SH,20260602,4.3,4.5,4.2,4.31,4.3,0.01,0.2326,445647.28,191814.825,4.304184802833308
600793.SH,20260602,14.56,14.67,13.99,14.11,14.57,-0.46,-3.1572,30028.0,42443.96,14.134794192087385
600794.SH,20260602,3.32,3.33,3.23,3.25,3.33,-0.08,-2.4024,107301.0,34922.351,3.254615614020373
600795.SH,20260602,5.23,5.37,5.15,5.32,5.25,0.07,1.3333,4340441.05,2294523.897,5.2863841959102285
600796.SH,20260602,5.54,5.55,5.38,5.41,5.55,-0.14,-2.5225,78105.0,42510.64,5.442755265347929
600797.SH,20260602,8.15,8.55,8.05,8.25,7.77,0.48,6.1776,1045187.88,869194.271,8.316153369478412
600798.SH,20260602,3.75,3.84,3.64,3.65,3.81,-0.16,-4.1995,777454.31,288585.103,3.711923637030194
600800.SH,20260602,3.97,3.99,3.79,3.9,3.95,-0.05,-1.2658,222778.0,86012.909,3.860924732244656
600801.SH,20260602,18.85,19.25,18.78,18.92,18.85,0.07,0.3714,150557.67,286620.597,19.037263063382955
600802.SH,20260602,5.22,5.25,5.04,5.07,5.23,-0.16,-3.0593,70313.81,35811.216,5.093055830710923
600803.SH,20260602,19.83,20.15,19.62,19.63,19.83,-0.2,-1.0086,66058.2,130841.913,19.80706604176317
600805.SH,20260602,4.85,4.86,4.72,4.73,4.82,-0.09,-1.8672,78664.62,37363.11,4.749671453316624
600807.SH,20260602,2.85,2.86,2.73,2.74,2.83,-0.09,-3.1802,239670.0,66068.768,2.7566557349689154
600808.SH,20260602,2.97,2.99,2.87,2.88,2.98,-0.1,-3.3557,591350.67,171872.352,2.906437089180942
600809.SH,20260602,127.5,128.88,125.6,125.7,128.13,-2.43,-1.8965,91285.79,1153939.523,126.40954556015785
600810.SH,20260602,6.07,6.07,5.74,5.78,6.04,-0.26,-4.3046,187333.1,109154.98,5.826785549377018
600812.SH,20260602,4.63,4.63,4.53,4.54,4.63,-0.09,-1.9438,130553.32,59676.809,4.571067897775407
600814.SH,20260602,7.31,7.37,7.23,7.29,7.4,-0.11,-1.4865,84599.0,61681.457,7.291038546554924
600815.SH,20260602,3.41,3.43,3.24,3.33,3.4,-0.07,-2.0588,383648.0,126940.388,3.308772312119443
600816.SH,20260602,3.07,3.08,3.01,3.03,3.06,-0.03,-0.9804,585908.4,178132.098,3.0402721312751275
600817.SH,20260602,10.33,10.34,10.09,10.11,10.34,-0.23,-2.2244,24888.0,25258.107,10.148709016393443
600818.SH,20260602,6.08,6.13,5.86,6.0,6.08,-0.08,-1.3158,76355.4,45579.837,5.969432024454067
600819.SH,20260602,6.76,6.76,6.48,6.54,6.78,-0.24,-3.5398,102352.0,67169.756,6.562622713772081
600820.SH,20260602,5.77,5.82,5.73,5.8,5.78,0.02,0.346,186465.1,107742.844,5.778177471280149
600821.SH,20260602,8.01,8.14,7.66,7.99,8.15,-0.16,-1.9632,1432136.63,1131156.532,7.898384192575257
600822.SH,20260602,9.08,9.1,8.81,8.89,9.06,-0.17,-1.8764,32291.01,28715.851,8.892831472289037
600824.SH,20260602,3.93,3.94,3.82,3.84,3.92,-0.08,-2.0408,93392.6,36075.204,3.8627475838556795
600825.SH,20260602,5.29,5.32,5.13,5.14,5.31,-0.17,-3.2015,75937.0,39350.515,5.181994943176581
600826.SH,20260602,8.99,9.01,8.73,8.75,8.98,-0.23,-2.5612,48949.11,43038.731,8.792546177039785
600827.SH,20260602,8.53,8.62,8.38,8.38,8.54,-0.16,-1.8735,151896.73,128813.903,8.480360505456568
600828.SH,20260602,4.65,4.78,4.48,4.59,4.74,-0.15,-3.1646,490879.0,225730.405,4.598493824343677
600829.SH,20260602,8.86,8.92,8.65,8.75,8.87,-0.12,-1.3529,46707.0,40798.646,8.735017449204616
600830.SH,20260602,8.41,8.41,8.07,8.12,8.41,-0.29,-3.4483,88475.0,71987.727,8.13650488838655
600831.SH,20260602,3.74,3.75,3.58,3.61,3.74,-0.13,-3.4759,220625.0,80029.163,3.6273841586402265
600833.SH,20260602,10.91,10.94,10.54,10.61,10.92,-0.31,-2.8388,33575.79,35803.083,10.66336279801607
600834.SH,20260602,7.75,7.75,7.5,7.59,7.75,-0.16,-2.0645,30626.58,23277.938,7.600567219715684
600835.SH,20260602,22.0,22.38,21.26,22.22,21.99,0.23,1.0459,85948.5,188148.311,21.890819618725168
600838.SH,20260602,8.58,8.66,8.27,8.34,8.62,-0.28,-3.2483,110650.0,92815.805,8.388233619521012
600839.SH,20260602,7.33,7.33,7.11,7.19,7.3,-0.11,-1.5068,506613.92,364310.86,7.191094551843344
600841.SH,20260602,7.99,7.99,7.5,7.56,7.99,-0.43,-5.3817,443482.57,339731.623,7.660540593511939
600843.SH,20260602,7.83,7.97,7.51,7.72,7.82,-0.1,-1.2788,94811.46,72946.708,7.693870340146645
600844.SH,20260602,3.07,3.13,2.97,3.05,3.07,-0.02,-0.6515,266374.0,80787.5,3.032859813645476
600845.SH,20260602,20.6,20.88,20.21,20.84,20.46,0.38,1.8573,167437.74,344725.539,20.588281889136823
600846.SH,20260602,11.25,11.58,11.06,11.31,11.25,0.06,0.5333,45381.22,51279.467,11.299710981767346
600847.SH,20260602,16.02,16.42,14.78,15.35,15.98,-0.63,-3.9424,85455.0,131226.677,15.356231583874553
600848.SH,20260602,9.15,9.67,9.11,9.51,9.14,0.37,4.0481,356981.03,339179.128,9.501320784468575
600850.SH,20260602,25.8,25.8,24.45,25.41,25.59,-0.18,-0.7034,346890.56,869014.277,25.051540088032375
600851.SH,20260602,8.05,8.2,7.64,7.66,8.08,-0.42,-5.198,141251.55,109962.252,7.784852767987324
600853.SH,20260602,3.7,3.7,3.6,3.62,3.68,-0.06,-1.6304,69503.0,25239.586,3.631438355178913
600854.SH,20260602,5.12,5.12,4.85,4.9,5.1,-0.2,-3.9216,144217.01,71139.804,4.932830322858586
600855.SH,20260602,15.94,15.97,15.1,15.35,15.93,-0.58,-3.6409,129384.79,199048.814,15.384251425534641
600857.SH,20260602,15.5,16.88,15.13,16.53,15.72,0.81,5.1527,291193.35,471746.215,16.200446026669223
600858.SH,20260602,5.38,5.39,5.18,5.23,5.39,-0.16,-2.9685,108106.0,56672.353,5.242294877250107
600859.SH,20260602,11.21,11.26,10.94,10.98,11.24,-0.26,-2.3132,177049.58,195885.973,11.063904980740425
600860.SH,20260602,9.39,9.41,9.06,9.24,9.39,-0.15,-1.5974,54020.0,49693.23,9.199042947056647
600861.SH,20260602,14.58,14.67,14.42,14.43,14.57,-0.14,-0.9609,27395.96,39846.381,14.544619352634477
600862.SH,20260602,17.88,17.95,17.49,17.76,17.86,-0.1,-0.5599,131450.0,232499.661,17.68730779764169
600863.SH,20260602,7.49,7.59,7.2,7.38,7.92,-0.54,-6.8182,5832056.62,4299085.599,7.371474385651626
600864.SH,20260602,5.63,5.66,5.54,5.57,5.66,-0.09,-1.5901,269174.97,150493.313,5.590910365848653
600865.SH,20260602,10.94,11.12,10.46,10.85,11.28,-0.43,-3.8121,284651.59,307309.331,10.795981536586531
600866.SH,20260602,5.14,5.14,5.04,5.05,5.12,-0.07,-1.3672,153647.0,77923.801,5.071612267079734
600867.SH,20260602,8.56,8.68,8.5,8.5,8.6,-0.1,-1.1628,238100.15,204339.0,8.582060952082559
600868.SH,20260602,3.45,3.45,3.31,3.41,3.48,-0.07,-2.0115,824070.16,279199.811,3.3880587424740627
600869.SH,20260602,23.19,25.28,23.0,25.28,22.98,2.3,10.0087,1213752.07,2977574.147,24.53197997017628
600871.SH,20260602,2.4,2.43,2.33,2.36,2.38,-0.02,-0.8403,1286958.3,303500.846,2.358280342105879
600872.SH,20260602,19.51,19.68,18.95,18.97,19.61,-0.64,-3.2636,107885.68,206761.077,19.16483049464952
600873.SH,20260602,9.4,9.61,9.38,9.44,9.41,0.03,0.3188,186436.93,177190.064,9.504021762212027
600874.SH,20260602,5.89,5.94,5.83,5.85,5.89,-0.04,-0.6791,102148.0,60104.266,5.884037475036222
600875.SH,20260602,35.07,35.09,32.02,33.07,35.3,-2.23,-6.3173,961847.11,3180897.036,33.07071366051097
600876.SH,20260602,8.84,8.84,8.42,8.56,8.78,-0.22,-2.5057,38047.2,32559.01,8.55753117180765
600877.SH,20260602,14.21,14.29,13.67,13.88,14.2,-0.32,-2.2535,195194.23,271234.713,13.895631699768993
600879.SH,20260602,19.33,19.57,18.1,19.39,19.2,0.19,0.9896,1291795.64,2443633.718,18.91656576577391
600880.SH,20260602,4.45,4.49,4.29,4.35,4.49,-0.14,-3.118,201832.0,87671.261,4.343774079432399
600881.SH,20260602,1.54,1.55,1.5,1.55,1.54,0.01,0.6494,435093.3,66565.16,1.5299054248824335
600882.SH,20260602,20.0,20.15,19.3,19.39,20.0,-0.61,-3.05,112967.0,221631.523,19.619138597997644
600883.SH,20260602,8.81,9.16,8.39,8.42,8.82,-0.4,-4.5351,64697.0,55450.787,8.570843624897599
600884.SH,20260602,14.15,14.29,13.59,14.08,14.23,-0.15,-1.0541,796137.76,1110344.793,13.946641508374128
600885.SH,20260602,34.51,36.0,33.5,35.11,34.89,0.22,0.6306,254032.64,881766.753,34.71076602597209
600886.SH,20260602,14.43,14.75,14.36,14.46,14.51,-0.05,-0.3446,671380.75,976054.706,14.538020430284902
600887.SH,20260602,26.95,27.12,26.8,26.86,27.0,-0.14,-0.5185,415202.19,1117322.837,26.910331012464074
600888.SH,20260602,11.98,12.0,11.49,11.83,11.82,0.01,0.0846,725665.73,852424.207,11.746788800402632
600889.SH,20260602,16.2,16.45,15.92,16.2,16.19,0.01,0.0618,19425.0,31323.608,16.125409523809523
600892.SH,20260602,3.98,4.02,3.92,3.97,3.99,-0.02,-0.5013,41856.0,16614.119,3.96935182530581
600893.SH,20260602,41.54,41.54,40.12,41.12,41.52,-0.4,-0.9634,256203.4,1046621.494,40.85119455869829
600894.SH,20260602,8.84,8.99,8.79,8.85,8.86,-0.01,-0.1129,72782.82,64671.128,8.8854935821393
600895.SH,20260602,33.96,33.99,32.65,33.33,33.78,-0.45,-1.3321,292713.66,973997.602,33.27475738576738
600897.SH,20260602,14.96,15.14,14.8,15.06,15.11,-0.05,-0.3309,28098.24,42116.56,14.989038459348343
600900.SH,20260602,27.82,28.15,27.62,27.96,27.77,0.19,0.6842,1257574.46,3513868.172,27.941631161943285
600901.SH,20260602,6.5,6.68,6.46,6.66,6.49,0.17,2.6194,466517.43,309188.495,6.627587205048266
600903.SH,20260602,9.72,9.94,9.33,9.63,9.82,-0.19,-1.9348,493371.46,473123.443,9.589598940319735
600905.SH,20260602,4.33,4.37,4.27,4.32,4.38,-0.06,-1.3699,3303973.07,1427404.94,4.320268082572477
600906.SH,20260602,6.66,6.92,6.59,6.82,6.71,0.11,1.6393,861583.24,583783.481,6.775706094282893
600908.SH,20260602,5.58,5.66,5.55,5.55,5.59,-0.04,-0.7156,168551.87,94503.443,5.606786978987537
600909.SH,20260602,7.27,7.35,7.03,7.11,7.23,-0.12,-1.6598,1427858.51,1016966.104,7.122317070477803
600916.SH,20260602,8.0,8.05,7.88,7.99,8.01,-0.02,-0.2497,237019.14,188591.245,7.956793911242778
600917.SH,20260602,5.28,5.29,5.21,5.24,5.28,-0.04,-0.7576,48447.89,25378.139,5.2382341109179364
600918.SH,20260602,5.48,5.57,5.47,5.51,5.5,0.01,0.1818,334222.05,184408.466,5.517543381712846
600919.SH,20260602,11.38,11.55,11.35,11.5,11.39,0.11,0.9658,1035841.05,1188473.136,11.473508758896935
600925.SH,20260602,4.85,4.91,4.77,4.81,4.85,-0.04,-0.8247,325950.31,158065.036,4.849359891696375
600926.SH,20260602,16.33,16.44,16.17,16.23,16.37,-0.14,-0.8552,454713.69,740306.465,16.280716443791256
600927.SH,20260602,13.91,13.95,13.54,13.56,13.92,-0.36,-2.5862,87338.48,119282.131,13.657454423296581
600928.SH,20260602,3.59,3.64,3.57,3.58,3.59,-0.01,-0.2786,234995.79,84649.101,3.6021539364598825
600929.SH,20260602,5.6,5.61,5.39,5.41,5.59,-0.18,-3.22,190969.0,104276.941,5.460411951678021
600930.SH,20260602,6.32,6.41,6.25,6.35,6.41,-0.06,-0.936,1855505.27,1171012.267,6.311015581216861
600933.SH,20260602,15.95,16.04,15.6,15.61,15.76,-0.15,-0.9518,103244.82,163013.189,15.788994450278475
600935.SH,20260602,2.49,2.49,2.42,2.44,2.5,-0.06,-2.4,241236.0,58883.654,2.4409148717438525
600936.SH,20260602,5.38,5.92,5.2,5.92,5.38,0.54,10.0372,1538627.36,870122.992,5.655189909010847
600938.SH,20260602,35.2,36.06,35.04,35.18,34.82,0.36,1.0339,417463.62,1478894.943,35.42572028192541
600939.SH,20260602,2.9,3.05,2.89,2.99,2.89,0.1,3.4602,292001.75,86774.129,2.9716989367358244
600941.SH,20260602,98.9,100.49,98.38,100.42,98.9,1.52,1.5369,95446.57,955025.962,100.05869901872849
600955.SH,20260602,16.47,16.54,16.07,16.21,16.49,-0.28,-1.698,38167.0,61736.345,16.17532030287945
600956.SH,20260602,9.48,10.24,9.44,9.87,9.85,0.02,0.203,574820.45,565765.944,9.842481143459667
600958.SH,20260602,9.28,9.31,9.18,9.25,9.3,-0.05,-0.5376,418158.96,386583.725,9.244898758118204
600959.SH,20260602,3.59,3.59,3.5,3.52,3.58,-0.06,-1.676,347825.43,122770.917,3.5296705304152143
600960.SH,20260602,4.48,4.5,4.35,4.39,4.48,-0.09,-2.0089,119822.48,52647.244,4.393770184025568
600961.SH,20260602,25.18,26.19,24.6,25.98,24.94,1.04,4.17,429731.28,1100533.415,25.60980469003792
600962.SH,20260602,25.6,25.79,24.5,24.94,25.66,-0.72,-2.8059,65617.0,163940.584,24.98446804943841
600963.SH,20260602,4.07,4.1,3.95,3.97,4.08,-0.11,-2.6961,295723.54,118410.17,4.004083340812166
600965.SH,20260602,3.31,3.33,3.16,3.2,3.26,-0.06,-1.8405,89461.0,28840.51,3.2238081398598273
600966.SH,20260602,5.98,6.01,5.76,5.9,5.96,-0.06,-1.0067,132147.13,77582.997,5.870955880767141
600967.SH,20260602,12.7,12.75,12.34,12.39,12.75,-0.36,-2.8235,128064.79,159471.562,12.452412720155166
600968.SH,20260602,4.08,4.08,3.97,4.0,4.05,-0.05,-1.2346,430302.0,172893.528,4.017957806377846
600969.SH,20260602,11.5,11.59,10.93,11.19,11.41,-0.22,-1.9281,150793.41,168681.78,11.186283273254446
600970.SH,20260602,8.96,9.02,8.91,8.96,8.98,-0.02,-0.2227,168866.0,151347.573,8.9625841199531
600971.SH,20260602,8.21,8.3,7.92,7.95,8.24,-0.29,-3.5194,374441.58,302822.85,8.087318988452083
600973.SH,20260602,6.86,6.92,6.47,6.87,6.83,0.04,0.5857,278472.62,187524.044,6.734020888660436
600975.SH,20260602,5.11,5.12,5.0,5.01,5.11,-0.1,-1.9569,74688.0,37605.363,5.034993974935732
600976.SH,20260602,29.51,29.7,28.53,28.74,29.68,-0.94,-3.1671,24064.74,69559.857,28.90530169866784
600977.SH,20260602,14.87,14.91,14.1,14.38,15.0,-0.62,-4.1333,588231.44,848193.287,14.419380354780087
600979.SH,20260602,5.28,5.3,5.09,5.2,5.27,-0.07,-1.3283,994455.16,515168.355,5.180408083960266
600980.SH,20260602,21.2,21.21,20.28,20.77,21.0,-0.23,-1.0952,29165.01,60155.991,20.626082761500854
600981.SH,20260602,2.74,2.76,2.63,2.66,2.72,-0.06,-2.2059,571498.19,153186.99,2.6804457595919944
600982.SH,20260602,6.64,6.8,6.4,6.74,6.67,0.07,1.0495,929739.25,617223.817,6.638676564423843
600983.SH,20260602,8.94,8.96,8.77,8.8,8.89,-0.09,-1.0124,28095.6,24765.861,8.814853927305343
600984.SH,20260602,4.58,4.63,4.37,4.45,4.6,-0.15,-3.2609,326431.3,145853.302,4.468116323404036
600985.SH,20260602,15.56,15.78,15.16,15.68,15.81,-0.13,-0.8223,452810.53,701284.419,15.487369938150511
600986.SH,20260602,9.05,9.06,8.41,8.56,9.02,-0.46,-5.0998,891553.21,764593.694,8.575973766052618
600987.SH,20260602,6.67,6.71,6.63,6.68,6.68,0.0,0.0,58894.58,39304.306,6.673671159553222
600988.SH,20260602,33.55,34.42,32.41,34.15,33.5,0.65,1.9403,480893.27,1607547.91,33.42837195455033
600989.SH,20260602,25.01,25.08,24.26,24.55,24.63,-0.08,-0.3248,543327.71,1330527.343,24.48848675507458
600990.SH,20260602,19.28,19.34,18.52,18.88,19.24,-0.36,-1.8711,32000.37,60176.402,18.804908193249016
600992.SH,20260602,13.05,13.12,12.45,12.5,13.18,-0.68,-5.1593,146768.66,185449.532,12.635499431554393
600993.SH,20260602,24.26,24.57,24.16,24.32,24.29,0.03,0.1235,47115.33,115006.121,24.40949071140964
600995.SH,20260602,15.9,15.95,15.36,15.58,16.34,-0.76,-4.6512,677245.76,1055606.988,15.58676407217374
600996.SH,20260602,9.35,9.35,8.92,9.08,9.44,-0.36,-3.8136,400111.96,363941.856,9.096000429479789
600997.SH,20260602,5.71,5.75,5.62,5.67,5.71,-0.04,-0.7005,189246.8,107695.04,5.690719208990588
600998.SH,20260602,4.88,4.95,4.88,4.89,4.9,-0.01,-0.2041,242491.71,118977.979,4.9064761430401065
600999.SH,20260602,17.1,17.27,16.98,17.13,17.12,0.01,0.0584,532442.46,911264.765,17.114802696238765
601000.SH,20260602,4.32,4.41,4.3,4.32,4.32,0.0,0.0,502709.34,218801.293,4.352441372981055
601001.SH,20260602,20.78,22.22,20.22,20.65,20.2,0.45,2.2277,756855.7,1602686.979,21.175595017649997
601002.SH,20260602,5.15,5.22,5.07,5.12,5.16,-0.04,-0.7752,137509.79,70337.736,5.1151075134359525
601003.SH,20260602,4.0,4.02,3.85,3.85,3.98,-0.13,-3.2663,199755.89,77825.79,3.896044817502001
601005.SH,20260602,1.32,1.32,1.3,1.31,1.32,-0.01,-0.7576,525528.0,68797.464,1.3091112937845368
601006.SH,20260602,5.21,5.27,5.15,5.18,5.22,-0.04,-0.7663,1311743.16,681812.237,5.197757135627069
601007.SH,20260602,6.98,7.0,6.81,6.85,6.98,-0.13,-1.8625,70628.4,48534.337,6.871787694468514
601008.SH,20260602,4.59,4.62,4.49,4.53,4.6,-0.07,-1.5217,93735.97,42460.658,4.529814755210833
601009.SH,20260602,11.19,11.37,11.18,11.26,11.23,0.03,0.2671,471004.99,531264.245,11.279376148435285
601010.SH,20260602,1.69,1.77,1.69,1.73,1.7,0.03,1.7647,594278.5,102306.809,1.7215297036658737
601011.SH,20260602,2.95,3.09,2.93,2.98,2.96,0.02,0.6757,717443.97,215369.79,3.001903967497281
601012.SH,20260602,13.7,13.76,13.25,13.48,13.68,-0.2,-1.462,1455341.51,1950269.645,13.400769727237423
601015.SH,20260602,3.82,4.1,3.71,3.9,3.8,0.1,2.6316,1296576.38,507613.559,3.9150301272648513
601016.SH,20260602,4.81,4.95,4.61,4.93,4.9,0.03,0.6122,4555080.48,2184406.232,4.795538172357384
601018.SH,20260602,3.5,3.53,3.43,3.47,3.51,-0.04,-1.1396,735707.14,255912.892,3.4784614432313377
601019.SH,20260602,7.31,7.37,7.15,7.17,7.33,-0.16,-2.1828,102904.0,74566.717,7.246240865272488
601020.SH,20260602,24.84,25.31,24.22,25.09,24.84,0.25,1.0064,215551.09,535863.304,24.86015282966094
601021.SH,20260602,47.77,47.79,46.8,47.35,48.38,-1.03,-2.129,106873.04,504203.048,47.177758581584285
601022.SH,20260602,8.4,8.48,8.28,8.29,8.54,-0.25,-2.9274,69810.0,58304.353,8.351862627130783
601026.SH,20260602,17.69,17.77,17.34,17.39,17.68,-0.29,-1.6403,22310.33,38929.576,17.44912603264945
601033.SH,20260602,14.64,15.25,14.62,15.0,14.67,0.33,2.2495,81059.0,121541.076,14.994149446699318
601038.SH,20260602,13.05,13.08,12.91,12.91,13.0,-0.09,-0.6923,56352.0,73126.72,12.976774559909144
601058.SH,20260602,12.66,12.77,12.56,12.75,12.67,0.08,0.6314,270929.46,343070.099,12.662709289716961
601059.SH,20260602,17.1,17.12,16.91,17.03,17.12,-0.09,-0.5257,99160.68,168725.058,17.01531877352999
601061.SH,20260602,12.93,13.15,12.59,13.04,12.93,0.11,0.8507,177399.7,228519.837,12.881636045607742
601065.SH,20260602,7.85,7.85,7.72,7.73,7.85,-0.12,-1.5287,30612.0,23750.711,7.758627662354632
601066.SH,20260602,24.06,26.0,23.91,25.8,24.3,1.5,6.1728,931834.55,2357247.61,25.296847063676697
601068.SH,20260602,5.53,5.57,5.39,5.47,5.52,-0.05,-0.9058,155881.36,85416.171,5.479562854724902
601069.SH,20260602,27.23,28.05,26.6,27.9,27.48,0.42,1.5284,152817.4,417955.017,27.34996256970738
601077.SH,20260602,6.64,6.83,6.63,6.78,6.68,0.1,1.497,496966.4,336211.034,6.765266907380458
601083.SH,20260602,11.56,11.66,11.45,11.51,11.6,-0.09,-0.7759,55000.83,63481.202,11.541862550074244
601086.SH,20260602,8.36,8.37,7.87,8.0,8.36,-0.36,-4.3062,219586.0,175775.849,8.0048750375707
601088.SH,20260602,48.7,50.16,47.7,48.24,49.0,-0.76,-1.551,566863.38,2761140.882,48.709106628126165
601089.SH,20260602,17.84,18.12,17.4,17.53,18.03,-0.5,-2.7732,26765.0,47213.169,17.639891275920046
601096.SH,20260602,5.1,5.11,4.91,4.96,5.08,-0.12,-2.3622,232354.37,115543.817,4.972741291674437
601098.SH,20260602,11.24,11.37,11.09,11.16,11.24,-0.08,-0.7117,77798.18,87407.429,11.235150873709387
601099.SH,20260602,3.39,3.4,3.33,3.36,3.39,-0.03,-0.885,900320.74,302591.601,3.36093113882948
601100.SH,20260602,112.09,113.01,110.0,111.36,111.3,0.06,0.0539,68195.33,758157.16,111.1743516748141
601101.SH,20260602,14.1,14.6,13.03,13.32,13.27,0.05,0.3768,1221383.16,1674523.625,13.710059871793224
601106.SH,20260602,3.76,3.77,3.6,3.69,3.76,-0.07,-1.8617,650493.9,238814.144,3.671274150303331
601107.SH,20260602,6.28,6.37,6.22,6.26,6.28,-0.02,-0.3185,123704.0,77757.261,6.285751552092091
601108.SH,20260602,7.85,7.94,7.77,7.9,7.86,0.04,0.5089,471522.75,370480.516,7.8571079762323235
601111.SH,20260602,6.71,6.75,6.64,6.67,6.78,-0.11,-1.6224,1162979.0,776830.847,6.679663579479938
601112.SH,20260602,18.16,18.16,17.3,17.6,18.12,-0.52,-2.8698,88240.21,155360.644,17.606558733257774
601113.SH,20260602,4.17,4.17,4.06,4.08,4.16,-0.08,-1.9231,68947.0,28199.943,4.090089924144633
601116.SH,20260602,12.98,12.98,12.42,12.53,13.02,-0.49,-3.7634,208161.21,262030.444,12.587861302305075
601117.SH,20260602,7.82,7.88,7.69,7.75,7.84,-0.09,-1.148,759786.31,588790.58,7.7494233872152805
601118.SH,20260602,6.7,6.86,6.45,6.71,6.72,-0.01,-0.1488,745735.06,495030.286,6.638152241360356
601121.SH,20260602,6.66,6.7,6.48,6.64,6.62,0.02,0.3021,110195.0,72526.799,6.581677843822314
601126.SH,20260602,75.32,77.63,71.33,76.66,75.66,1.0,1.3217,337962.25,2525683.788,74.7327190536813
601127.SH,20260602,80.3,83.28,79.52,82.01,80.09,1.92,2.3973,276059.19,2254555.787,81.66928936508144
601128.SH,20260602,7.2,7.27,7.14,7.18,7.22,-0.04,-0.554,496312.51,357019.216,7.193435764897403
601133.SH,20260602,25.63,26.73,24.92,26.4,25.36,1.04,4.1009,226070.1,583558.623,25.813171357025983
601136.SH,20260602,14.65,14.68,14.33,14.47,14.65,-0.18,-1.2287,95431.0,138043.611,14.465279730905053
601137.SH,20260602,19.61,21.52,19.56,21.52,19.56,1.96,10.0204,282744.82,588298.019,20.806677165650637
601138.SH,20260602,75.0,81.11,73.85,80.01,73.75,6.26,8.4881,3778912.46,29404852.121,77.81300157717864
601139.SH,20260602,6.71,6.74,6.61,6.63,6.73,-0.1,-1.4859,269937.9,180064.181,6.670577973674686
601155.SH,20260602,13.21,13.28,12.64,12.71,13.21,-0.5,-3.785,169657.75,217819.641,12.838767518725199
601156.SH,20260602,17.0,17.13,16.71,16.76,17.03,-0.27,-1.5854,76000.0,128142.473,16.860851710526315
601158.SH,20260602,4.34,4.37,4.28,4.3,4.34,-0.04,-0.9217,127974.49,55283.074,4.319851089072517
601162.SH,20260602,3.36,3.37,3.32,3.34,3.36,-0.02,-0.5952,758355.54,253312.237,3.3402833320107344
601163.SH,20260602,14.28,14.37,14.11,14.11,14.23,-0.12,-0.8433,39157.87,55627.394,14.205929484928571
601166.SH,20260602,18.4,18.7,18.36,18.61,18.44,0.17,0.9219,1094948.66,2034756.554,18.58312292011938
601168.SH,20260602,31.68,33.27,31.3,32.96,30.85,2.11,6.8395,720368.53,2335469.936,32.42048810766345
601169.SH,20260602,5.16,5.2,5.14,5.16,5.17,-0.01,-0.1934,1045336.54,540261.172,5.168298928878924
601177.SH,20260602,17.57,18.2,17.32,17.62,17.76,-0.14,-0.7883,176366.25,313393.468,17.769469385440807
601179.SH,20260602,17.01,17.01,16.26,16.54,17.0,-0.46,-2.7059,1347643.75,2223669.441,16.500424841505776
601186.SH,20260602,6.49,6.5,6.42,6.44,6.49,-0.05,-0.7704,501089.87,323765.243,6.461221077967512
601187.SH,20260602,7.45,7.71,7.42,7.47,7.45,0.02,0.2685,224312.88,169623.333,7.5619078583450055
601188.SH,20260602,3.19,3.2,3.13,3.16,3.2,-0.04,-1.25,121347.99,38350.853,3.1604028216701407
601198.SH,20260602,13.28,13.36,13.13,13.31,13.28,0.03,0.2259,200676.94,265897.087,13.250007051134027
601199.SH,20260602,5.87,5.88,5.67,5.71,5.88,-0.17,-2.8912,115300.0,66284.482,5.748870945359931
601200.SH,20260602,7.84,7.88,7.74,7.76,7.84,-0.08,-1.0204,73647.61,57491.28,7.806265539370524
601208.SH,20260602,48.23,52.4,45.99,51.35,47.79,3.56,7.4493,863893.68,4235369.221,49.02651007934217
601211.SH,20260602,15.85,16.4,15.81,16.22,15.87,0.35,2.2054,2220757.86,3583339.296,16.135659634679847
601212.SH,20260602,6.28,6.42,6.13,6.41,6.28,0.13,2.0701,993348.42,626398.559,6.305929987788171
601216.SH,20260602,5.21,5.23,5.14,5.19,5.21,-0.02,-0.3839,427133.6,221201.624,5.178745572813752
601218.SH,20260602,5.39,5.39,5.17,5.26,5.38,-0.12,-2.2305,276907.37,145294.211,5.247033006019306
601222.SH,20260602,6.55,6.58,6.37,6.47,6.6,-0.13,-1.9697,471287.64,305022.623,6.472111659877182
601225.SH,20260602,26.77,27.33,26.1,26.37,26.77,-0.4,-1.4942,699919.38,1860369.562,26.579769258568035
601226.SH,20260602,7.86,7.94,7.63,7.66,7.9,-0.24,-3.038,121535.04,93570.341,7.699042267974734
601228.SH,20260602,3.13,3.16,3.11,3.12,3.15,-0.03,-0.9524,187934.0,58842.644,3.1310270626922216
601229.SH,20260602,9.25,9.4,9.23,9.3,9.26,0.04,0.432,518736.27,483353.843,9.317911064903944
601231.SH,20260602,39.54,41.98,39.01,39.65,40.34,-0.69,-1.7105,524131.2,2119579.645,40.43986782317099
601233.SH,20260602,20.0,20.21,19.54,19.84,19.87,-0.03,-0.151,341924.75,680146.45,19.891699855011957
601236.SH,20260602,6.89,6.95,6.84,6.88,6.91,-0.03,-0.4342,101422.42,69854.297,6.887461076160479
601238.SH,20260602,6.18,6.28,6.16,6.21,6.18,0.03,0.4854,244244.3,151859.183,6.217511851863073
601279.SH,20260602,3.65,3.68,3.56,3.59,3.65,-0.06,-1.6438,91588.0,32968.533,3.5996563960344155
601288.SH,20260602,6.5,6.56,6.43,6.45,6.49,-0.04,-0.6163,3219041.23,2086288.151,6.481085521852728
601298.SH,20260602,9.39,9.63,9.31,9.36,9.39,-0.03,-0.3195,148954.0,140712.583,9.446713951958323
601311.SH,20260602,8.82,8.84,8.71,8.72,8.82,-0.1,-1.1338,98557.26,86175.623,8.743711320708389
601318.SH,20260602,53.86,54.55,53.62,54.08,53.85,0.23,0.4271,784941.04,4245154.925,54.08246872911626
601319.SH,20260602,6.81,6.84,6.7,6.76,6.84,-0.08,-1.1696,623657.04,421277.975,6.754962230523365
601326.SH,20260602,3.39,3.42,3.34,3.35,3.39,-0.04,-1.1799,200875.0,67836.022,3.37702660858743
601328.SH,20260602,6.77,6.86,6.76,6.85,6.79,0.06,0.8837,1988897.67,1358889.004,6.832372647910035
601330.SH,20260602,9.53,9.85,9.4,9.7,9.71,-0.01,-0.103,425741.0,410379.976,9.639193218412135
601333.SH,20260602,3.07,3.19,3.07,3.15,3.09,0.06,1.9417,1204772.0,379983.744,3.1539888377219922
601336.SH,20260602,58.76,58.8,57.2,57.71,58.75,-1.04,-1.7702,249773.79,1439956.139,57.65040995694544
601339.SH,20260602,7.65,7.75,7.11,7.2,7.67,-0.47,-6.1278,236085.52,171539.394,7.265985393767479
601360.SH,20260602,10.63,10.63,10.22,10.35,10.5,-0.15,-1.4286,831823.97,860043.418,10.339247833889662
601366.SH,20260602,3.94,3.94,3.84,3.88,3.95,-0.07,-1.7722,123310.0,47852.975,3.880705133403617
601368.SH,20260602,4.77,4.79,4.67,4.68,4.78,-0.1,-2.0921,52598.0,24780.651,4.711329518232633
601369.SH,20260602,9.69,9.78,9.16,9.19,9.67,-0.48,-4.9638,227417.62,212451.778,9.341922494835712
601375.SH,20260602,4.05,4.11,4.03,4.04,4.06,-0.02,-0.4926,426423.15,173320.363,4.064515798450436
601377.SH,20260602,5.76,5.83,5.73,5.81,5.77,0.04,0.6932,750624.0,434171.317,5.784138490109561
601388.SH,20260602,3.52,3.56,3.48,3.55,3.51,0.04,1.1396,346557.0,122362.587,3.530806966819311
601390.SH,20260602,4.81,4.84,4.76,4.79,4.82,-0.03,-0.6224,1024177.23,490800.581,4.7921450177133895
601398.SH,20260602,7.3,7.41,7.29,7.34,7.3,0.04,0.5479,3164271.36,2326193.349,7.351434451563597
601399.SH,20260602,3.94,3.94,3.76,3.85,3.95,-0.1,-2.5316,1273014.77,487337.654,3.828216808513541
601456.SH,20260602,8.84,8.93,8.77,8.84,8.87,-0.03,-0.3382,257276.19,227624.332,8.847469795009014
601500.SH,20260602,4.26,4.33,4.2,4.22,4.27,-0.05,-1.171,147497.4,62655.685,4.247917929400789
601512.SH,20260602,8.84,8.87,8.68,8.73,8.85,-0.12,-1.3559,49730.0,43451.981,8.73757912728735
601515.SH,20260602,4.05,4.07,3.97,4.0,4.05,-0.05,-1.2346,171508.27,68658.759,4.003233138553611
601518.SH,20260602,3.13,3.14,3.07,3.1,3.13,-0.03,-0.9585,229091.0,71032.163,3.1006090592821196
601519.SH,20260602,10.1,10.14,9.61,9.84,10.09,-0.25,-2.4777,439812.36,430776.353,9.794548588857303
601528.SH,20260602,4.83,4.93,4.82,4.85,4.85,0.0,0.0,158912.95,77541.774,4.879512588495777
601555.SH,20260602,7.92,8.02,7.87,7.93,7.94,-0.01,-0.1259,332426.67,263847.81,7.937022922980277
601566.SH,20260602,12.6,12.85,12.15,12.28,12.74,-0.46,-3.6107,264622.14,326867.151,12.352222342393572
601567.SH,20260602,16.58,16.71,15.96,16.16,16.51,-0.35,-2.1199,194136.9,313911.603,16.16960006057581
601568.SH,20260602,3.82,3.91,3.81,3.83,3.82,0.01,0.2618,217634.59,83860.487,3.853270153425519
601577.SH,20260602,9.69,9.77,9.65,9.71,9.69,0.02,0.2064,207446.0,201417.939,9.709415414131872
601579.SH,20260602,17.0,17.0,16.27,16.33,16.82,-0.49,-2.9132,70110.49,115480.675,16.471240608930277
601588.SH,20260602,2.06,2.15,2.03,2.07,2.07,0.0,0.0,918084.01,190207.125,2.07178344169179
601595.SH,20260602,21.5,21.5,20.29,20.36,21.5,-1.14,-5.3023,73683.0,152108.009,20.64356893720397
601598.SH,20260602,6.1,6.25,6.07,6.18,6.11,0.07,1.1457,146015.6,90270.616,6.18225833404102
601599.SH,20260602,3.36,3.36,3.24,3.26,3.37,-0.11,-3.2641,218088.0,71548.843,3.2807326858882653
601600.SH,20260602,11.43,11.88,11.37,11.81,11.29,0.52,4.6058,3819183.77,4441864.892,11.630403666069203
601601.SH,20260602,31.91,32.12,31.3,31.7,32.02,-0.32,-0.9994,503316.92,1591324.058,31.61674076047354
601606.SH,20260602,34.34,34.34,32.8,33.24,34.34,-1.1,-3.2033,100755.56,335510.802,33.29948262904797
601607.SH,20260602,16.39,16.61,16.38,16.5,16.44,0.06,0.365,93727.69,154897.32,16.526313621940325
601608.SH,20260602,5.54,5.54,5.29,5.41,5.55,-0.14,-2.5225,478836.11,258208.911,5.392427713941625
601609.SH,20260602,12.32,12.88,12.3,12.6,12.31,0.29,2.3558,713170.19,898675.472,12.601136230890413
601611.SH,20260602,11.73,11.8,11.23,11.56,11.78,-0.22,-1.8676,379245.79,435217.938,11.47588053647214
601615.SH,20260602,16.04,16.33,14.89,15.14,16.17,-1.03,-6.3698,1190370.73,1825897.33,15.338896395747232
601616.SH,20260602,4.3,4.3,4.06,4.16,4.3,-0.14,-3.2558,216565.6,89864.7,4.149537137938805
601618.SH,20260602,2.82,2.83,2.79,2.8,2.83,-0.03,-1.0601,908192.46,254720.075,2.8046926859533716
601619.SH,20260602,5.6,5.62,5.37,5.5,5.7,-0.2,-3.5088,689381.3,378365.055,5.48847285239678
601628.SH,20260602,33.45,33.65,33.06,33.24,33.58,-0.34,-1.0125,233519.41,778378.789,33.33250923338664
601633.SH,20260602,16.9,17.28,16.72,17.04,16.99,0.05,0.2943,372245.92,631625.68,16.96796784233391
601636.SH,20260602,6.7,6.75,6.39,6.5,6.76,-0.26,-3.8462,842575.88,548540.104,6.510275418755164
601658.SH,20260602,5.01,5.05,4.98,5.01,5.02,-0.01,-0.1992,1362539.84,683645.785,5.017437031419206
601665.SH,20260602,6.21,6.3,6.18,6.21,6.23,-0.02,-0.321,350336.04,218367.828,6.233096315183559
601666.SH,20260602,8.25,8.66,8.14,8.31,8.31,0.0,0.0,634850.42,534222.085,8.41492843306302
601668.SH,20260602,4.85,4.88,4.83,4.86,4.85,0.01,0.2062,1619494.64,786869.896,4.858737266336368
601669.SH,20260602,5.38,5.38,5.29,5.3,5.39,-0.09,-1.6698,1446481.44,768199.053,5.310811682450623
601677.SH,20260602,19.27,19.77,19.18,19.68,19.07,0.61,3.1987,520307.98,1013557.974,19.479962117821067
601678.SH,20260602,5.54,5.64,5.4,5.56,5.59,-0.03,-0.5367,886956.5,488114.153,5.5032479383149004
601686.SH,20260602,5.69,5.93,5.66,5.93,5.39,0.54,10.0186,404574.84,237828.729,5.878485399635824
601688.SH,20260602,18.53,18.71,18.25,18.61,18.53,0.08,0.4317,970125.28,1792749.256,18.47956437131501
601689.SH,20260602,62.5,64.19,61.6,62.96,61.18,1.78,2.9094,407208.29,2561465.826,62.9030864278328
601696.SH,20260602,11.36,11.4,11.17,11.26,11.37,-0.11,-0.9675,270080.29,304177.594,11.262487684680732
601698.SH,20260602,29.96,29.98,28.23,29.73,29.67,0.06,0.2022,395238.81,1151246.002,29.127858218174477
601699.SH,20260602,17.64,18.8,17.4,17.8,17.6,0.2,1.1364,1011996.58,1817940.593,17.96390055982205
601700.SH,20260602,5.35,5.41,5.25,5.35,5.41,-0.06,-1.1091,148010.25,78895.464,5.330405428002453
601702.SH,20260602,20.4,20.68,20.1,20.39,20.26,0.13,0.6417,184279.68,375509.484,20.377150861125873
601717.SH,20260602,18.36,18.56,18.19,18.26,18.35,-0.09,-0.4905,116555.0,213049.241,18.278858993608168
601718.SH,20260602,2.13,2.19,2.09,2.11,2.13,-0.02,-0.939,421033.0,89860.635,2.1342895925022503
601727.SH,20260602,8.23,8.23,7.94,7.99,8.2,-0.21,-2.561,1749517.91,1402964.944,8.019151653040236
601728.SH,20260602,6.03,6.18,6.02,6.16,6.05,0.11,1.8182,1464017.62,895720.79,6.118237770936117
601766.SH,20260602,5.76,5.79,5.65,5.69,5.78,-0.09,-1.5571,2505625.08,1430461.065,5.708998829944662
601777.SH,20260602,10.99,11.07,10.8,10.8,10.87,-0.07,-0.644,394038.54,428581.487,10.87663879274347
601778.SH,20260602,5.79,5.88,5.44,5.84,5.85,-0.01,-0.1709,2640350.5,1501441.446,5.686523232426906
601788.SH,20260602,14.27,14.41,14.14,14.37,14.32,0.05,0.3492,271252.72,387395.594,14.281722004483495
601789.SH,20260602,5.03,5.04,4.86,4.91,5.04,-0.13,-2.5794,467363.09,229617.021,4.913032841339696
601798.SH,20260602,7.94,8.05,7.69,7.76,7.96,-0.2,-2.5126,59855.0,46622.121,7.789177345251023
601799.SH,20260602,127.17,128.82,124.36,127.03,126.5,0.53,0.419,25250.12,319608.039,126.57683963482154
601800.SH,20260602,6.5,6.52,6.39,6.43,6.52,-0.09,-1.3804,521796.44,336434.553,6.447620704349766
601801.SH,20260602,5.83,5.86,5.74,5.76,5.83,-0.07,-1.2007,81350.98,47133.821,5.793884843181976
601808.SH,20260602,13.16,13.26,12.96,13.07,13.09,-0.02,-0.1528,206560.49,270403.808,13.09078071997215
601811.SH,20260602,13.09,13.25,13.0,13.08,13.1,-0.02,-0.1527,25677.64,33645.439,13.10301063493374
601816.SH,20260602,5.03,5.11,5.0,5.1,5.02,0.08,1.5936,2390617.22,1215457.351,5.084282589581615
601818.SH,20260602,3.13,3.16,3.12,3.15,3.14,0.01,0.3185,2052592.91,644725.897,3.141031491724289
601825.SH,20260602,8.64,8.95,8.62,8.84,8.64,0.2,2.3148,305332.07,270593.259,8.8622613078279
601827.SH,20260602,8.5,8.65,8.4,8.52,8.58,-0.06,-0.6993,190289.0,162140.705,8.520760790166534
601828.SH,20260602,2.54,2.58,2.48,2.51,2.54,-0.03,-1.1811,384860.7,96806.863,2.515374082102953
601838.SH,20260602,18.91,19.36,18.91,19.31,18.95,0.36,1.8997,325480.15,626561.463,19.250374039707182
601857.SH,20260602,10.88,11.08,10.58,10.66,10.82,-0.16,-1.4787,2353927.52,2540576.009,10.792923687811765
601858.SH,20260602,25.22,25.54,24.72,24.8,25.23,-0.43,-1.7043,94936.0,238171.747,25.087611338164656
601860.SH,20260602,2.64,2.67,2.62,2.62,2.64,-0.02,-0.7576,361655.0,95558.995,2.642269428046066
601865.SH,20260602,11.81,11.83,11.39,11.56,11.77,-0.21,-1.7842,153889.95,177704.293,11.547491762782428
601866.SH,20260602,2.58,2.6,2.55,2.58,2.58,0.0,0.0,657770.01,169272.549,2.5734306281309483
601868.SH,20260602,2.9,2.91,2.84,2.86,2.91,-0.05,-1.7182,5005170.48,1434071.373,2.865179874952031
601869.SH,20260602,373.11,408.74,368.58,408.74,371.58,37.16,10.0005,197540.83,7838952.148,396.8269318297387
601872.SH,20260602,15.62,15.64,15.0,15.49,15.53,-0.04,-0.2576,955035.29,1461470.401,15.302789502155465
601877.SH,20260602,29.2,29.48,28.36,28.99,29.42,-0.43,-1.4616,292498.26,841867.237,28.781957096086654
601878.SH,20260602,9.4,9.44,9.32,9.38,9.42,-0.04,-0.4246,251315.04,235714.142,9.379229432508296
601880.SH,20260602,1.62,1.62,1.6,1.61,1.62,-0.01,-0.6173,688232.77,110770.837,1.6094966968806208
601881.SH,20260602,12.3,12.43,12.17,12.38,12.35,0.03,0.2429,422733.74,519863.53,12.297658805280127
601882.SH,20260602,21.3,21.67,20.85,20.89,21.31,-0.42,-1.9709,46136.0,97423.454,21.116580110976244
601886.SH,20260602,8.89,8.93,8.51,8.69,8.85,-0.16,-1.8079,68657.67,59587.55,8.678935652782858
601888.SH,20260602,58.6,58.6,56.5,56.94,58.68,-1.74,-2.9652,531294.47,3033284.022,57.09233190400043
601890.SH,20260602,9.08,9.1,8.82,8.92,9.1,-0.18,-1.978,181249.57,161777.986,8.92570316166819
601898.SH,20260602,16.96,17.28,16.26,16.4,16.89,-0.49,-2.9011,869097.34,1446809.449,16.647265874729293
601899.SH,20260602,30.36,31.74,30.12,31.58,30.19,1.39,4.6042,3333213.56,10347790.078,31.044485724461047
601900.SH,20260602,12.36,12.36,12.06,12.11,12.39,-0.28,-2.2599,72633.48,88347.473,12.16346414903981
601901.SH,20260602,6.76,6.79,6.68,6.72,6.79,-0.07,-1.0309,717243.28,482342.151,6.724944861107657
601908.SH,20260602,3.81,3.83,3.75,3.78,3.88,-0.1,-2.5773,504437.51,190778.435,3.7820033446759336
601916.SH,20260602,3.06,3.09,3.05,3.07,3.06,0.01,0.3268,1700350.27,522027.511,3.070117494085498
601918.SH,20260602,11.31,12.16,10.56,10.97,11.28,-0.31,-2.7482,1986784.73,2201099.722,11.078702633274215
601919.SH,20260602,14.94,14.98,14.78,14.91,14.86,0.05,0.3365,989224.81,1472364.336,14.884021519840367
601921.SH,20260602,7.6,7.6,7.37,7.41,7.6,-0.19,-2.5,120164.0,89905.969,7.481938767018407
601928.SH,20260602,9.19,9.23,9.0,9.03,9.19,-0.16,-1.741,91597.0,83404.019,9.105540465299082
601929.SH,20260602,2.86,2.87,2.8,2.83,2.88,-0.05,-1.7361,717917.57,202635.438,2.8225446272334582
601933.SH,20260602,3.67,3.71,3.58,3.61,3.67,-0.06,-1.6349,1471831.53,533773.182,3.6265915705719394
601939.SH,20260602,10.06,10.31,10.06,10.18,10.08,0.1,0.9921,1018393.22,1039897.823,10.211162079417615
601949.SH,20260602,5.35,5.37,5.24,5.27,5.35,-0.08,-1.4953,120256.92,63578.233,5.286866901297655
601952.SH,20260602,8.88,8.91,8.78,8.82,8.93,-0.11,-1.2318,88611.99,78265.365,8.832367380531688
601956.SH,20260602,5.36,5.43,5.2,5.25,5.39,-0.14,-2.5974,87795.8,46222.398,5.264761867879785
601958.SH,20260602,23.35,24.93,22.31,24.06,23.2,0.86,3.7069,947802.46,2236001.1,23.591425369374967
601963.SH,20260602,11.95,12.09,11.75,11.82,11.86,-0.04,-0.3373,150940.82,179277.785,11.87735597302307
601965.SH,20260602,15.87,16.07,15.54,15.92,15.81,0.11,0.6958,73122.0,115673.687,15.819272859057467
601966.SH,20260602,12.08,12.32,12.06,12.18,12.12,0.06,0.495,81862.23,99978.107,12.21297135443293
601968.SH,20260602,4.66,4.67,4.56,4.6,4.67,-0.07,-1.4989,93360.3,43036.762,4.609749754445947
601969.SH,20260602,9.83,9.91,9.62,9.69,9.76,-0.07,-0.7172,144805.28,140792.143,9.72285976036233
601975.SH,20260602,5.0,5.04,4.63,4.71,4.95,-0.24,-4.8485,3565414.71,1712117.922,4.802016206412072
601985.SH,20260602,9.15,9.32,9.12,9.28,9.18,0.1,1.0893,2521424.7,2337917.875,9.272209774894328
601988.SH,20260602,5.93,6.05,5.92,5.97,5.93,0.04,0.6745,3296888.73,1976798.793,5.995952411169182
601990.SH,20260602,6.7,6.73,6.65,6.69,6.72,-0.03,-0.4464,175581.44,117493.385,6.691674530064225
601991.SH,20260602,8.1,9.19,7.93,9.18,8.37,0.81,9.6774,10089825.33,8742058.773,8.664232022934335
601992.SH,20260602,1.65,1.66,1.6,1.61,1.64,-0.03,-1.8293,748500.0,121074.765,1.6175653306613227
601995.SH,20260602,33.79,34.5,33.56,34.3,33.85,0.45,1.3294,291870.84,993824.135,34.05013447043905
601996.SH,20260602,2.69,2.7,2.59,2.66,2.7,-0.04,-1.4815,325452.0,85836.289,2.637448502390521
601997.SH,20260602,6.0,6.06,5.99,6.04,6.01,0.03,0.4992,458225.6,276065.957,6.024673370496978
601998.SH,20260602,7.42,7.65,7.4,7.51,7.43,0.08,1.0767,1234380.95,929918.265,7.533478744953088
601999.SH,20260602,6.26,6.26,6.01,6.04,6.23,-0.19,-3.0498,70945.0,43079.241,6.072202551272112
603000.SH,20260602,18.02,18.02,17.35,17.52,17.98,-0.46,-2.5584,188299.68,330283.376,17.5403046887812
603001.SH,20260602,9.98,10.5,9.82,10.45,9.94,0.51,5.1308,256804.0,261563.884,10.185350851232846
603002.SH,20260602,16.7,18.74,16.67,18.38,17.04,1.34,7.8638,1230453.53,2195876.868,17.846077193992038
603004.SH,20260602,19.3,19.47,18.47,18.6,19.34,-0.74,-3.8263,24837.0,46571.29,18.750771027096672
603005.SH,20260602,38.25,39.13,37.44,38.63,37.73,0.9,2.3854,734288.34,2818935.091,38.39002933098462
603006.SH,20260602,13.93,14.12,13.59,13.84,14.04,-0.2,-1.4245,71450.0,98657.818,13.807952134359692
603007.SH,20260602,6.04,6.62,5.74,6.21,6.02,0.19,3.1561,913901.84,560622.817,6.134387660276514
603008.SH,20260602,9.74,9.74,9.74,9.74,9.28,0.46,4.9569,21390.91,20834.746,9.73999984105398
603009.SH,20260602,48.39,49.69,47.35,47.85,47.91,-0.06,-0.1252,91877.49,442910.37,48.20662493065494
603010.SH,20260602,14.57,15.05,14.05,14.49,14.57,-0.08,-0.5491,134739.14,195595.141,14.516579295370297
603011.SH,20260602,28.23,29.43,24.67,28.99,27.41,1.58,5.7643,1465550.11,3976650.538,27.134183340888974
603012.SH,20260602,9.35,9.39,8.96,9.13,9.39,-0.26,-2.7689,145333.81,133057.827,9.155325041021081
603013.SH,20260602,19.68,19.96,19.21,19.32,19.68,-0.36,-1.8293,29213.0,56821.775,19.450852360250575
603014.SH,20260602,33.7,34.02,33.4,33.6,33.85,-0.25,-0.7386,11048.75,37188.537,33.65859214843308
603015.SH,20260602,11.25,12.11,10.79,11.79,11.19,0.6,5.3619,137075.4,158050.299,11.53017237228562
603016.SH,20260602,43.0,43.7,41.94,42.83,43.06,-0.23,-0.5341,24791.67,105265.298,42.45994642555342
603017.SH,20260602,12.0,12.05,11.51,11.66,12.06,-0.4,-3.3167,71837.0,83903.606,11.679720199896988
603018.SH,20260602,7.27,7.3,7.14,7.17,7.28,-0.11,-1.511,40141.9,28860.178,7.189539608239769
603019.SH,20260602,86.03,86.54,83.45,86.02,85.4,0.62,0.726,386343.89,3290617.422,85.17327456634554
603020.SH,20260602,10.2,10.31,9.86,9.92,10.2,-0.28,-2.7451,34115.25,34012.456,9.969868607147829
603021.SH,20260602,7.65,7.89,7.36,7.36,7.51,-0.15,-1.9973,91537.28,70142.765,7.662753907479008
603022.SH,20260602,10.43,10.48,9.93,10.06,10.4,-0.34,-3.2692,48240.0,48470.769,10.047837686567165
603023.SH,20260602,4.58,4.64,4.44,4.47,4.59,-0.12,-2.6144,95523.0,42881.109,4.489087340221726
603025.SH,20260602,15.81,16.45,15.71,15.94,15.81,0.13,0.8223,129464.95,207360.186,16.01670459842606
603026.SH,20260602,89.5,89.55,86.0,87.51,89.55,-2.04,-2.2781,98239.24,857857.485,87.3233022771756
603027.SH,20260602,7.91,7.94,7.72,7.76,7.89,-0.13,-1.6477,167910.71,131188.322,7.812981196970698
603028.SH,20260602,8.18,8.36,7.83,7.92,8.19,-0.27,-3.2967,55394.18,43951.427,7.934304109204254
603029.SH,20260602,17.43,17.56,16.71,16.78,17.35,-0.57,-3.2853,21890.0,37088.398,16.943078117862036
603030.SH,20260602,2.7,2.71,2.57,2.59,2.66,-0.07,-2.6316,334150.08,87162.696,2.608489454798275
603031.SH,20260602,58.14,62.97,56.87,61.83,58.0,3.83,6.6034,294188.67,1758302.629,59.767856763484474
603032.SH,20260602,24.6,25.29,23.71,24.58,24.95,-0.37,-1.483,213508.14,523638.615,24.525463759836043
603033.SH,20260602,10.15,10.16,9.89,10.0,10.08,-0.08,-0.7937,57485.14,57603.026,10.020507212820565
603035.SH,20260602,12.36,12.49,12.28,12.41,12.37,0.04,0.3234,29709.07,36840.318,12.400360563289258
603036.SH,20260602,13.78,13.85,13.24,13.33,13.78,-0.45,-3.2656,46486.0,62254.609,13.392119993116207
603037.SH,20260602,12.94,13.1,12.52,12.65,12.94,-0.29,-2.2411,67154.31,84990.546,12.656007633761705
603038.SH,20260602,16.31,16.45,15.62,15.93,16.38,-0.45,-2.7473,62771.53,99842.587,15.905711872882499
603039.SH,20260602,41.5,42.13,39.55,42.08,40.3,1.78,4.4169,242388.59,992956.94,40.9654984172316
603040.SH,20260602,81.0,83.2,79.22,80.73,80.1,0.63,0.7865,24319.78,196779.996,80.91355925094717
603041.SH,20260602,12.92,12.92,12.27,12.35,12.93,-0.58,-4.4857,26347.0,32951.625,12.506784453637984
603042.SH,20260602,19.21,20.04,19.08,19.68,19.26,0.42,2.1807,119902.9,234161.23,19.52923824194411
603043.SH,20260602,14.35,14.58,14.15,14.15,14.33,-0.18,-1.2561,45544.0,65251.736,14.32718601791674
603045.SH,20260602,68.42,75.26,68.0,75.26,68.42,6.84,9.9971,156051.63,1123234.095,71.97836350700085
603048.SH,20260602,20.23,20.88,19.58,19.9,20.13,-0.23,-1.1426,16356.0,32488.574,19.863398141354857
603049.SH,20260602,47.41,47.79,46.75,47.53,47.48,0.05,0.1053,18295.13,86379.662,47.21456584347856
603050.SH,20260602,23.1,23.47,22.12,22.64,23.36,-0.72,-3.0822,115909.64,264530.412,22.822123509312945
603051.SH,20260602,21.75,21.8,20.52,21.2,21.75,-0.55,-2.5287,59624.53,125028.375,20.969284789330835
603052.SH,20260602,90.05,94.8,89.77,92.18,88.01,4.17,4.7381,64365.0,592450.96,92.04551541987104
603053.SH,20260602,9.63,9.63,9.42,9.47,9.63,-0.16,-1.6615,29106.0,27643.945,9.497679172679172
603055.SH,20260602,8.8,8.8,8.53,8.57,8.78,-0.21,-2.3918,56086.99,48456.999,8.639614819764798
603057.SH,20260602,26.76,26.81,25.66,26.17,26.28,-0.11,-0.4186,21470.0,56022.035,26.09316953889148
603058.SH,20260602,9.93,9.98,9.51,9.67,9.93,-0.26,-2.6183,49560.99,47759.209,9.63645177386489
603059.SH,20260602,28.3,28.7,27.25,27.34,28.45,-1.11,-3.9016,13052.76,36134.563,27.683465412679006
603060.SH,20260602,7.0,7.17,6.92,6.95,7.03,-0.08,-1.138,246707.06,172941.937,7.010011671331984
603061.SH,20260602,288.07,298.66,286.21,291.97,288.14,3.83,1.3292,20300.47,594422.353,292.8121137096826
603062.SH,20260602,44.56,44.78,43.05,43.6,44.56,-0.96,-2.1544,6843.0,29839.931,43.60650445710945
603063.SH,20260602,53.0,54.37,50.59,53.41,53.0,0.41,0.7736,267077.0,1407304.795,52.69284869157583
603065.SH,20260602,7.83,7.84,7.57,7.63,7.81,-0.18,-2.3047,46395.0,35465.97,7.644351762043325
603066.SH,20260602,11.31,11.32,11.02,11.06,11.32,-0.26,-2.2968,50398.0,56209.532,11.153127505059723
603067.SH,20260602,35.2,35.32,33.01,34.58,35.12,-0.54,-1.5376,273902.14,938286.669,34.25627375529085
603068.SH,20260602,34.5,35.0,33.8,33.9,34.7,-0.8,-2.3055,41406.4,141605.731,34.19899604891997
603069.SH,20260602,16.2,16.27,15.16,15.37,16.31,-0.94,-5.7633,74224.0,114997.853,15.49335161133865
603070.SH,20260602,16.86,17.06,15.95,16.45,16.95,-0.5,-2.9499,82920.66,135488.288,16.33950911630467
603071.SH,20260602,14.68,14.84,14.41,14.51,14.69,-0.18,-1.2253,96753.0,141641.793,14.639524665901833
603072.SH,20260602,36.1,36.28,34.97,36.07,36.07,0.0,0.0,28235.23,100589.768,35.625623733187226
603073.SH,20260602,18.5,18.6,17.68,17.91,18.5,-0.59,-3.1892,18714.0,33679.007,17.99669071283531
603075.SH,20260602,26.93,27.64,25.28,25.28,28.09,-2.81,-10.0036,45063.0,116971.702,25.9573712358254
603076.SH,20260602,26.0,26.15,24.6,24.95,26.03,-1.08,-4.1491,42859.17,107166.828,25.004410491383755
603077.SH,20260602,2.49,2.51,2.42,2.46,2.5,-0.04,-1.6,1263735.85,310921.422,2.460335536101156
603078.SH,20260602,34.5,37.4,34.5,36.12,34.0,2.12,6.2353,520235.95,1883841.182,36.21128416827018
603079.SH,20260602,14.32,14.46,13.8,13.85,14.32,-0.47,-3.2821,18154.0,25311.128,13.94245235209871
603080.SH,20260602,22.65,22.99,21.88,21.96,22.58,-0.62,-2.7458,33732.0,74894.207,22.2027175975335
603081.SH,20260602,10.62,10.62,10.35,10.37,10.64,-0.27,-2.5376,24259.0,25286.846,10.423696772331919
603082.SH,20260602,35.33,35.96,34.43,34.89,35.28,-0.39,-1.1054,41961.6,147086.774,35.05270866697171
603083.SH,20260602,187.33,194.99,183.0,189.85,187.0,2.85,1.5241,322554.0,6116024.856,189.61243252292638
603085.SH,20260602,13.31,13.53,12.85,13.29,13.38,-0.09,-0.6726,95368.0,126102.796,13.222757738444761
603086.SH,20260602,6.37,6.39,6.17,6.23,6.36,-0.13,-2.044,63885.4,39882.192,6.24277096175339
603087.SH,20260602,52.98,55.36,52.55,54.99,52.71,2.28,4.3256,102908.68,560437.815,54.45972244518149
603088.SH,20260602,10.55,10.61,10.12,10.31,10.49,-0.18,-1.7159,85669.82,88279.079,10.304571551568568
603089.SH,20260602,10.65,10.78,10.38,10.45,10.64,-0.19,-1.7857,18642.13,19557.814,10.491190652570278
603090.SH,20260602,59.27,59.35,55.35,57.15,59.26,-2.11,-3.5606,34397.0,195888.004,56.94915370526499
603091.SH,20260602,71.51,72.78,71.0,71.99,71.5,0.49,0.6853,5142.4,36990.132,71.93165059116366
603092.SH,20260602,65.8,66.1,64.6,65.35,65.81,-0.46,-0.699,12639.53,82616.788,65.3638133696427
603093.SH,20260602,22.08,22.89,21.18,21.48,21.8,-0.32,-1.4679,247433.0,538731.101,21.77280722458201
603095.SH,20260602,19.53,19.72,18.7,19.21,19.72,-0.51,-2.5862,41220.6,78862.978,19.131933547789213
603096.SH,20260602,17.39,17.5,16.3,16.44,17.39,-0.95,-5.4629,31197.42,51875.217,16.62804712697396
603097.SH,20260602,27.85,27.89,26.12,27.15,27.89,-0.74,-2.6533,32500.0,87604.682,26.95528676923077
603098.SH,20260602,12.77,12.82,12.15,12.23,12.82,-0.59,-4.6022,72912.0,89737.879,12.307696812596006
603099.SH,20260602,39.0,40.1,39.0,39.9,39.2,0.7,1.7857,119650.45,473764.372,39.59570331745513
603100.SH,20260602,19.7,19.85,19.33,19.33,19.7,-0.37,-1.8782,41928.95,81555.556,19.450893952746252
603101.SH,20260602,7.69,7.75,7.43,7.53,7.74,-0.21,-2.7132,112649.66,84615.829,7.511414504047327
603102.SH,20260602,37.4,37.69,36.2,36.38,37.44,-1.06,-2.8312,5086.0,18613.472,36.597467558002364
603103.SH,20260602,22.46,22.65,21.21,21.72,22.65,-0.93,-4.106,155398.62,336738.965,21.66936649759181
603105.SH,20260602,9.01,9.01,8.55,8.8,9.01,-0.21,-2.3307,114038.91,99825.473,8.75363268554566
603106.SH,20260602,7.91,7.91,7.56,7.64,7.85,-0.21,-2.6752,66813.59,51070.055,7.64366276381796
603107.SH,20260602,13.48,13.56,13.33,13.37,13.53,-0.16,-1.1826,13098.0,17549.483,13.398597495800885
603108.SH,20260602,13.0,13.44,12.93,13.18,13.0,0.18,1.3846,254115.26,336443.582,13.239802363699054
603109.SH,20260602,19.5,19.57,18.94,19.3,19.48,-0.18,-0.924,19538.8,37571.476,19.229162486949047
603110.SH,20260602,21.96,22.47,21.29,21.43,22.09,-0.66,-2.9878,87344.4,188334.354,21.562270048222896
603111.SH,20260602,6.34,6.38,6.28,6.3,6.34,-0.04,-0.6309,42776.74,27026.505,6.318037559664434
603112.SH,20260602,21.6,22.05,20.66,21.94,21.56,0.38,1.7625,147344.72,317659.479,21.558931938653792
603113.SH,20260602,5.4,5.4,5.22,5.25,5.38,-0.13,-2.4164,80864.0,42520.429,5.258264369806094
603115.SH,20260602,103.2,109.19,101.46,106.25,103.7,2.55,2.459,112009.0,1178238.218,105.19138801346321
603116.SH,20260602,7.41,7.49,7.12,7.4,7.29,0.11,1.5089,134258.6,98374.549,7.327243766879738
603117.SH,20260602,4.57,4.6,4.32,4.36,4.58,-0.22,-4.8035,153791.0,68122.984,4.4295819651345
603118.SH,20260602,12.56,12.81,12.29,12.68,12.59,0.09,0.7149,298666.14,376424.432,12.60351883209794
603119.SH,20260602,68.4,69.81,65.04,65.67,67.45,-1.78,-2.639,201096.32,1345900.41,66.92814716848125
603120.SH,20260602,46.8,47.7,44.86,47.49,46.8,0.69,1.4744,19648.44,91178.653,46.40503419100958
603121.SH,20260602,17.75,18.3,16.46,16.9,17.96,-1.06,-5.902,134820.78,229774.622,17.042967857032128
603122.SH,20260602,12.88,12.9,12.35,12.64,12.97,-0.33,-2.5443,99571.0,125202.172,12.57416034789246
603123.SH,20260602,10.22,10.25,9.68,9.86,10.28,-0.42,-4.0856,182818.31,179943.833,9.842768648282549
603124.SH,20260602,132.98,144.59,130.2,142.97,132.2,10.77,8.1467,42921.07,593136.923,138.19248285282728
603125.SH,20260602,24.11,24.23,23.22,23.86,24.23,-0.37,-1.527,51308.38,122015.502,23.78081358249861
603126.SH,20260602,7.77,7.82,7.47,7.59,7.79,-0.2,-2.5674,89069.03,67415.893,7.568948825422259
603127.SH,20260602,33.36,33.76,32.32,32.97,33.56,-0.59,-1.758,201385.27,663410.74,32.94236663883113
603128.SH,20260602,5.5,5.58,5.47,5.47,5.51,-0.04,-0.726,111714.0,61656.461,5.51913466530605
603129.SH,20260602,236.0,240.2,230.8,232.76,236.31,-3.55,-1.5023,9256.57,216633.67,234.0323359516538
603130.SH,20260602,41.5,41.96,39.9,41.2,41.51,-0.31,-0.7468,15986.0,65423.344,40.92539972475916
603131.SH,20260602,18.75,18.78,17.93,18.51,18.78,-0.27,-1.4377,78291.05,143963.792,18.388282185511624
603132.SH,20260602,17.48,17.9,17.19,17.6,17.42,0.18,1.0333,71375.0,125797.627,17.624886444833624
603135.SH,20260602,10.2,10.74,9.99,10.54,10.27,0.27,2.629,71230.18,73306.482,10.2914918929027
603136.SH,20260602,9.7,9.7,9.33,9.37,9.69,-0.32,-3.3024,41892.23,39515.352,9.432620798654069
603137.SH,20260602,12.87,12.88,12.33,12.34,12.88,-0.54,-4.1925,18286.2,22930.661,12.539872144021174
603138.SH,20260602,17.73,17.8,16.76,17.34,17.69,-0.35,-1.9785,209241.03,359279.73,17.170615629257796
603139.SH,20260602,37.92,38.39,36.5,37.74,38.0,-0.26,-0.6842,26713.0,99860.227,37.382632800509114
603150.SH,20260602,64.01,65.98,61.31,64.15,63.91,0.24,0.3755,22374.0,142227.348,63.56813622955216
603151.SH,20260602,13.9,13.95,13.17,13.25,13.88,-0.63,-4.5389,23692.0,31750.648,13.401421576903596
603153.SH,20260602,14.7,14.81,14.4,14.42,14.76,-0.34,-2.3035,14210.0,20630.548,14.51833075299085
603155.SH,20260602,18.19,18.55,17.68,18.4,18.2,0.2,1.0989,47381.52,86084.126,18.168291350720704
603156.SH,20260602,41.83,42.3,41.3,42.09,41.93,0.16,0.3816,67793.0,283519.042,41.82128567846238
603158.SH,20260602,14.75,14.99,14.33,14.76,14.7,0.06,0.4082,302284.0,442117.359,14.625893497505658
603159.SH,20260602,26.56,26.9,25.73,26.24,26.53,-0.29,-1.0931,22315.0,58652.522,26.283899619090295
603160.SH,20260602,56.8,57.2,55.23,55.64,57.04,-1.4,-2.4544,83603.0,467995.699,55.97833797830222
603161.SH,20260602,13.89,15.13,13.61,14.45,13.95,0.5,3.5842,156319.17,224897.375,14.387063019845868
603162.SH,20260602,11.42,11.55,11.19,11.32,11.51,-0.19,-1.6507,109648.47,124355.653,11.34130307518199
603163.SH,20260602,100.51,102.6,96.1,98.97,101.64,-2.67,-2.6269,24939.25,245646.396,98.49790831721081
603165.SH,20260602,17.06,17.23,16.53,16.84,16.93,-0.09,-0.5316,60942.69,102155.367,16.762530009751785
603166.SH,20260602,12.52,12.61,12.18,12.36,12.41,-0.05,-0.4029,57730.58,71323.319,12.354512807596944
603167.SH,20260602,9.23,9.26,9.12,9.21,9.24,-0.03,-0.3247,52518.0,48303.388,9.197491907536463
603168.SH,20260602,5.96,5.96,5.71,5.73,5.94,-0.21,-3.5354,59933.38,34566.251,5.767445620453911
603169.SH,20260602,8.0,8.05,7.68,7.83,8.0,-0.17,-2.125,128687.06,100595.67,7.817077334737464
603170.SH,20260602,12.67,12.67,12.25,12.35,12.67,-0.32,-2.5257,27937.0,34597.149,12.383988617245944
603171.SH,20260602,53.9,55.25,53.41,54.2,52.58,1.62,3.081,122770.99,665705.21,54.22333158672093
603172.SH,20260602,20.59,20.79,19.5,19.81,20.61,-0.8,-3.8816,20448.0,40574.525,19.842784135367765
603173.SH,20260602,35.21,35.51,34.37,34.6,35.21,-0.61,-1.7325,11283.1,39037.702,34.598383422995454
603175.SH,20260602,88.3,89.65,84.28,87.07,86.84,0.23,0.2649,31629.29,275206.532,87.01002520132447
603176.SH,20260602,5.36,5.39,5.09,5.14,5.36,-0.22,-4.1045,55222.0,28605.82,5.180149215892217
603177.SH,20260602,10.7,11.27,10.25,10.37,10.56,-0.19,-1.7992,47000.0,49521.359,10.536459361702127
603178.SH,20260602,18.13,18.2,16.97,17.17,17.76,-0.59,-3.3221,98586.64,170992.842,17.344423341742857
603179.SH,20260602,51.0,52.98,49.93,51.22,50.51,0.71,1.4057,289484.17,1493470.325,51.59074242297947
603180.SH,20260602,17.78,17.78,17.0,17.29,17.66,-0.37,-2.0951,10392.12,17942.687,17.265665715946316
603181.SH,20260602,14.15,14.25,13.63,13.77,14.23,-0.46,-3.2326,58003.04,80012.135,13.794472669018727
603182.SH,20260602,13.77,13.77,13.18,13.24,13.66,-0.42,-3.0747,22456.0,29967.148,13.344828998931245
603183.SH,20260602,4.26,4.28,4.05,4.08,4.24,-0.16,-3.7736,135824.76,55807.078,4.108755870431871
603185.SH,20260602,18.08,18.13,17.26,17.61,18.08,-0.47,-2.5996,141784.91,249760.208,17.615429455786234
603186.SH,20260602,121.2,123.2,114.17,121.57,120.32,1.25,1.0389,151099.7,1805412.213,119.48483107511132
603187.SH,20260602,13.39,13.45,13.08,13.17,13.5,-0.33,-2.4444,59043.09,77862.605,13.187420407705625
603188.SH,20260602,4.62,4.67,4.47,4.49,4.65,-0.16,-3.4409,113329.0,51324.965,4.528846544132569
603189.SH,20260602,12.65,13.01,12.65,13.01,12.39,0.62,5.004,66454.61,85750.22,12.903577343994645
603190.SH,20260602,27.8,27.83,26.71,26.85,26.27,0.58,2.2078,45858.0,124223.156,27.08865541454054
603191.SH,20260602,22.35,22.57,20.46,21.03,22.57,-1.54,-6.8232,274539.06,581613.37,21.185086377144295
603192.SH,20260602,20.67,20.67,19.87,20.13,20.51,-0.38,-1.8528,10603.0,21305.838,20.094160143355655
603193.SH,20260602,24.13,24.13,23.36,23.45,24.32,-0.87,-3.5773,56042.45,132616.657,23.663608032839395
603194.SH,20260602,35.16,35.25,34.08,34.98,34.79,0.19,0.5461,11522.0,39953.782,34.6760822773824
603195.SH,20260602,42.41,42.47,41.6,41.73,42.41,-0.68,-1.6034,61475.4,257503.007,41.88716250727934
603196.SH,20260602,24.16,24.34,23.26,24.05,24.13,-0.08,-0.3315,32098.0,76255.012,23.75693563461898
603197.SH,20260602,32.18,32.18,30.97,31.03,31.89,-0.86,-2.6968,42018.0,131677.056,31.338249321719264
603198.SH,20260602,37.44,38.4,36.46,36.75,37.55,-0.8,-2.1305,80128.12,297837.922,37.1702121552334
603199.SH,20260602,33.32,33.38,32.78,32.91,33.4,-0.49,-1.4671,11957.0,39481.276,33.019382788324826
603200.SH,20260602,49.53,49.78,47.28,48.41,49.3,-0.89,-1.8053,40364.98,194553.214,48.198516139485264
603201.SH,20260602,17.21,17.35,16.6,17.33,17.3,0.03,0.1734,62274.73,105978.257,17.01785892929604
603202.SH,20260602,66.43,66.69,65.66,65.91,66.79,-0.88,-1.3176,7946.28,52515.974,66.08875347961562
603203.SH,20260602,67.37,71.98,66.02,69.94,68.6,1.34,1.9534,135986.25,944157.502,69.43036534943789
603205.SH,20260602,23.9,24.49,23.9,24.08,24.36,-0.28,-1.1494,5516.72,13291.107,24.092408170072073
603206.SH,20260602,17.3,17.35,16.04,16.29,16.89,-0.6,-3.5524,88780.0,145270.045,16.36292464519036
603207.SH,20260602,23.82,23.9,23.26,23.33,23.82,-0.49,-2.0571,7846.53,18391.73,23.439316487670347
603208.SH,20260602,13.13,13.21,12.73,12.89,13.14,-0.25,-1.9026,27207.83,35061.87,12.8866837230312
603209.SH,20260602,13.82,14.0,13.64,13.75,13.96,-0.21,-1.5043,23901.6,32871.09,13.752673461190883
603210.SH,20260602,14.3,14.3,13.95,14.01,14.24,-0.23,-1.6152,24049.91,33789.035,14.049547378763581
603211.SH,20260602,26.45,26.78,25.5,26.5,26.68,-0.18,-0.6747,51625.0,135259.177,26.20032484261501
603212.SH,20260602,14.34,15.93,13.8,15.46,14.48,0.98,6.768,510943.68,776171.241,15.190935349273722
603213.SH,20260602,14.43,14.85,14.3,14.59,14.43,0.16,1.1088,73458.14,107113.558,14.581577752989663
603214.SH,20260602,15.21,15.3,14.56,14.66,15.21,-0.55,-3.616,36924.14,54512.253,14.763310127195922
603215.SH,20260602,16.23,16.38,15.96,16.11,16.24,-0.13,-0.8005,11710.0,18827.839,16.078427839453457
603216.SH,20260602,24.79,24.92,24.04,24.29,24.84,-0.55,-2.2142,23528.0,57205.828,24.313935736144167
603217.SH,20260602,26.7,26.7,25.33,25.53,26.71,-1.18,-4.4178,39116.0,100924.337,25.801292821351876
603218.SH,20260602,12.0,12.0,11.67,11.68,11.97,-0.29,-2.4227,77096.16,90821.668,11.780310199626026
603219.SH,20260602,16.08,16.64,15.4,16.44,16.0,0.44,2.75,69099.2,111217.304,16.095309931229306
603220.SH,20260602,23.18,23.3,22.21,22.68,23.01,-0.33,-1.4342,202655.3,459136.121,22.65601348694063
603221.SH,20260602,13.04,13.12,12.56,12.73,12.92,-0.19,-1.4706,24711.0,31577.708,12.778806199668164
603222.SH,20260602,8.82,8.83,8.3,8.62,8.7,-0.08,-0.9195,108577.5,92534.306,8.522420022564528
603223.SH,20260602,10.31,10.31,9.85,9.88,10.05,-0.17,-1.6915,148547.28,148975.613,10.028834792532049
603225.SH,20260602,18.05,18.84,17.59,18.59,18.0,0.59,3.2778,327048.86,597539.322,18.270643780871154
603226.SH,20260602,47.94,49.08,45.2,49.04,47.0,2.04,4.3404,55954.7,263288.569,47.05387912007392
603227.SH,20260602,9.15,9.21,8.78,8.79,9.13,-0.34,-3.724,217932.0,194714.228,8.934632270616522
603228.SH,20260602,72.63,76.45,69.2,75.58,72.0,3.58,4.9722,432525.81,3172071.132,73.33830857400163
603229.SH,20260602,9.67,9.77,9.38,9.48,9.69,-0.21,-2.1672,108433.88,103697.373,9.563189383244424
603230.SH,20260602,10.14,10.16,9.9,9.94,10.14,-0.2,-1.9724,16884.77,16850.744,9.979848111641438
603231.SH,20260602,16.69,16.69,16.25,16.36,16.7,-0.34,-2.0359,16400.0,26900.04,16.40246341463415
603232.SH,20260602,22.0,22.54,21.5,22.49,22.89,-0.4,-1.7475,260516.02,572676.131,21.98237678435284
603233.SH,20260602,16.63,17.1,16.57,16.67,16.63,0.04,0.2405,89084.7,149302.48,16.75960967483754
603235.SH,20260602,24.5,24.55,24.02,24.08,24.51,-0.43,-1.7544,4459.03,10807.839,24.238094383756106
603236.SH,20260602,53.18,53.8,51.3,52.49,53.4,-0.91,-1.7041,81160.53,424456.249,52.298358450838116
603237.SH,20260602,16.46,16.56,16.21,16.34,16.45,-0.11,-0.6687,20687.14,33833.714,16.35494998341965
603238.SH,20260602,13.73,13.77,13.11,13.18,13.65,-0.47,-3.4432,28448.25,37917.678,13.328650444227677
603239.SH,20260602,19.52,19.6,18.92,19.02,19.58,-0.56,-2.8601,39099.9,74850.68,19.1434453796557
603248.SH,20260602,25.97,26.07,25.0,25.45,25.98,-0.53,-2.04,52329.0,133028.302,25.42152573142999
603255.SH,20260602,27.82,29.31,27.0,29.11,28.98,0.13,0.4486,56772.0,159317.086,28.062616430634822
603256.SH,20260602,163.75,200.13,163.75,198.8,181.94,16.86,9.2668,292712.81,5412136.115,184.89577258337277
603257.SH,20260602,61.9,63.33,60.3,63.15,61.6,1.55,2.5162,24892.3,154154.701,61.928669106510846
603258.SH,20260602,14.53,14.75,13.9,14.15,14.4,-0.25,-1.7361,34013.57,48117.013,14.146416562566058
603259.SH,20260602,99.98,100.56,96.08,99.75,99.99,-0.24,-0.24,384078.39,3778545.937,98.37955051311269
603260.SH,20260602,37.51,37.64,35.85,36.2,37.75,-1.55,-4.106,94047.99,341960.974,36.36026394609815
603261.SH,20260602,34.28,34.69,33.53,34.19,34.04,0.15,0.4407,6293.0,21481.996,34.13633561099634
603262.SH,20260602,27.18,27.68,26.72,27.68,27.0,0.68,2.5185,18031.15,49302.383,27.342894380003493
603266.SH,20260602,18.92,19.27,18.16,18.3,18.78,-0.48,-2.5559,27458.0,50556.452,18.412284944278532
603267.SH,20260602,70.69,78.98,68.31,78.98,71.8,7.18,10.0,286626.23,2177893.336,75.98374147404445
603268.SH,20260602,133.88,133.88,125.58,130.3,132.55,-2.25,-1.6975,85137.16,1097964.988,128.96424874872497
603269.SH,20260602,20.92,21.58,20.16,21.21,21.2,0.01,0.0472,208886.97,436222.492,20.88318347477586
603270.SH,20260602,27.99,28.71,27.5,27.91,28.12,-0.21,-0.7468,30171.0,84229.696,27.917435948427297
603271.SH,20260602,47.5,47.6,46.0,47.42,47.12,0.3,0.6367,19075.0,89572.873,46.95825583224115
603272.SH,20260602,42.0,46.33,42.0,46.01,44.13,1.88,4.2601,37864.12,168460.23,44.4907289539543
603273.SH,20260602,15.4,15.44,14.72,14.86,15.3,-0.44,-2.8758,23407.0,34982.03,14.945114709275003
603275.SH,20260602,42.0,42.14,40.51,41.8,41.95,-0.15,-0.3576,19489.0,80591.8,41.352455231156036
603276.SH,20260602,16.6,16.82,16.28,16.36,16.6,-0.24,-1.4458,22936.5,37814.867,16.486764327600113
603277.SH,20260602,12.18,12.32,11.82,11.89,12.05,-0.16,-1.3278,30684.15,36882.099,12.01991875284145
603278.SH,20260602,12.48,12.89,12.07,12.58,12.28,0.3,2.443,309089.38,384797.299,12.449385967256461
603279.SH,20260602,15.0,15.09,14.6,14.72,15.0,-0.28,-1.8667,102442.44,151138.791,14.75353291077409
603280.SH,20260602,29.81,29.81,28.54,28.77,29.77,-1.0,-3.3591,11796.0,34043.047,28.859822821295353
603281.SH,20260602,34.54,34.92,33.36,33.8,34.63,-0.83,-2.3968,26193.71,88630.269,33.83647028236932
603282.SH,20260602,16.83,16.83,16.07,16.15,16.67,-0.52,-3.1194,14856.0,24234.598,16.313003500269254
603283.SH,20260602,49.0,49.98,47.8,48.21,48.2,0.01,0.0207,161047.51,784880.088,48.73593438358655
603284.SH,20260602,42.4,42.59,41.36,42.04,42.2,-0.16,-0.3791,12404.4,51726.079,41.69978314146593
603285.SH,20260602,44.72,46.83,44.58,45.34,46.33,-0.99,-2.1368,35569.31,161539.339,45.41537044154076
603286.SH,20260602,55.9,57.34,54.19,54.48,55.97,-1.49,-2.6621,30460.0,167743.304,55.07002757715036
603288.SH,20260602,35.5,36.09,34.35,34.68,35.71,-1.03,-2.8843,413501.73,1445670.606,34.96165798387349
603289.SH,20260602,10.54,10.66,10.19,10.24,10.63,-0.39,-3.6689,77290.3,79965.167,10.346080556033552
603290.SH,20260602,117.0,119.99,114.66,116.91,117.11,-0.2,-0.1708,96366.4,1130582.244,117.32120780687043
603291.SH,20260602,10.53,10.63,10.3,10.56,10.54,0.02,0.1898,39216.0,41127.576,10.487447980416158
603293.SH,20260602,44.41,45.5,43.52,45.48,44.83,0.65,1.4499,23500.17,104656.624,44.53441145319374
603296.SH,20260602,121.68,126.69,115.87,124.6,117.04,7.56,6.4593,545235.3,6685616.759,122.6189272594786
603297.SH,20260602,125.8,127.35,123.01,124.5,125.82,-1.32,-1.0491,14126.6,176908.888,125.23104497897583
603298.SH,20260602,25.03,25.74,24.59,24.88,25.24,-0.36,-1.4263,49492.26,123110.916,24.874781632521934
603299.SH,20260602,10.4,10.57,10.37,10.43,10.41,0.02,0.1921,59345.99,62116.991,10.466923038945009
603300.SH,20260602,5.64,5.64,5.45,5.47,5.61,-0.14,-2.4955,392778.23,215930.075,5.497506188161193
603301.SH,20260602,82.98,85.31,81.94,84.93,82.98,1.95,2.35,26486.66,222152.156,83.8732237284731
603303.SH,20260602,25.12,27.5,23.79,25.58,26.16,-0.58,-2.2171,145407.48,368018.236,25.309443228092526
603305.SH,20260602,15.01,15.19,14.7,14.76,14.95,-0.19,-1.2709,221075.22,328818.575,14.873606141837154
603306.SH,20260602,103.84,104.5,100.0,101.81,102.39,-0.58,-0.5665,132069.1,1344853.818,101.8295587688566
603307.SH,20260602,40.39,40.54,38.69,38.96,40.38,-1.42,-3.5166,8205.24,32274.587,39.33411697890617
603308.SH,20260602,64.81,64.81,60.46,62.38,63.55,-1.17,-1.8411,226585.44,1408113.836,62.14493905698441
603309.SH,20260602,12.6,12.61,12.08,12.09,12.59,-0.5,-3.9714,65172.6,79721.827,12.232414695746371
603310.SH,20260602,16.32,16.39,15.98,16.03,16.24,-0.21,-1.2931,27494.81,44247.524,16.093045923939826
603311.SH,20260602,30.82,34.1,29.4,34.1,31.0,3.1,10.0,209368.0,663937.977,31.711530749684762
603312.SH,20260602,39.1,39.92,37.5,38.37,39.01,-0.64,-1.6406,22615.0,86922.587,38.43581118726509
603313.SH,20260602,5.8,5.81,5.58,5.63,5.78,-0.15,-2.5952,92373.38,52115.89,5.641873232310001
603315.SH,20260602,16.52,16.65,15.96,16.39,16.65,-0.26,-1.5616,111092.0,181103.583,16.30212643574695
603316.SH,20260602,20.99,21.31,19.76,20.86,21.02,-0.16,-0.7612,325659.01,666904.877,20.47862508087831
603317.SH,20260602,15.01,15.2,14.29,14.6,14.95,-0.35,-2.3411,116556.96,170793.17,14.653193597362183
603318.SH,20260602,9.24,9.48,8.87,9.05,9.25,-0.2,-2.1622,328301.71,297678.426,9.067221306888714
603319.SH,20260602,37.6,39.13,36.5,38.73,37.63,1.1,2.9232,315778.4,1203045.594,38.09777977214401
603320.SH,20260602,22.89,22.89,21.7,22.14,22.87,-0.73,-3.192,27963.3,61580.211,22.02179678364142
603321.SH,20260602,6.89,6.97,6.57,6.62,6.9,-0.28,-4.058,60122.69,40364.975,6.713767298169792
603322.SH,20260602,31.2,31.78,30.54,31.49,31.36,0.13,0.4145,54863.0,171574.908,31.273336857262635
603323.SH,20260602,4.85,4.9,4.83,4.83,4.83,0.0,0.0,277353.92,134853.704,4.862152444068576
603324.SH,20260602,33.03,34.96,32.82,33.95,32.87,1.08,3.2857,164628.41,557896.635,33.88823563320572
603325.SH,20260602,56.0,56.88,55.09,55.7,55.98,-0.28,-0.5002,4039.2,22507.543,55.72277431174491
603326.SH,20260602,7.9,7.9,7.36,7.47,7.8,-0.33,-4.2308,78263.2,59253.868,7.571102127181102
603327.SH,20260602,10.72,10.98,10.68,10.73,10.83,-0.1,-0.9234,414503.95,447299.914,10.791209926950032
603328.SH,20260602,12.54,12.85,12.31,12.52,12.38,0.14,1.1309,356062.38,446790.433,12.548094325494315
603329.SH,20260602,11.0,11.07,10.48,10.53,11.01,-0.48,-4.3597,40920.22,43633.0,10.662943649863074
603330.SH,20260602,7.1,7.77,6.9,7.77,7.06,0.71,10.0567,465276.67,343023.03,7.372452824681711
603331.SH,20260602,12.74,12.85,12.29,12.49,12.61,-0.12,-0.9516,43745.9,54729.877,12.510858617607592
603332.SH,20260602,12.43,12.53,11.95,12.08,12.41,-0.33,-2.6591,47253.0,57201.67,12.105404947834
603333.SH,20260602,8.8,9.13,8.67,8.94,8.83,0.11,1.2458,230753.0,205753.107,8.916595103855638
603334.SH,20260602,45.5,45.5,43.75,43.82,45.07,-1.25,-2.7735,12941.16,57148.592,44.160331840422344
603335.SH,20260602,7.52,7.55,6.96,7.19,7.56,-0.37,-4.8942,271850.18,194260.221,7.145855890181863
603336.SH,20260602,9.56,9.65,9.2,9.37,9.64,-0.27,-2.8008,160963.99,150876.686,9.373319212576677
603337.SH,20260602,39.21,39.76,38.28,38.83,39.13,-0.3,-0.7667,30680.57,119024.5,38.79474859821705
603338.SH,20260602,51.21,51.28,50.35,50.75,50.64,0.11,0.2172,37820.38,192333.429,50.85444117695275
603339.SH,20260602,12.98,13.03,12.71,12.83,12.98,-0.15,-1.1556,23031.8,29552.117,12.831006260908831
603341.SH,20260602,40.0,40.4,38.36,39.67,37.91,1.76,4.6426,304229.43,1202145.163,39.51442708879282
603344.SH,20260602,31.68,35.0,31.5,33.9,31.82,2.08,6.5368,212786.16,715642.413,33.63199998533739
603345.SH,20260602,99.25,100.0,93.51,93.97,100.0,-6.03,-6.03,89646.46,856664.966,95.56037862510131
603348.SH,20260602,16.67,16.69,16.4,16.46,16.62,-0.16,-0.9627,13211.82,21793.856,16.495725797051428
603350.SH,20260602,31.02,31.31,30.51,31.11,31.08,0.03,0.0965,5911.02,18263.442,30.897276612158304
603351.SH,20260602,26.01,26.15,25.39,25.68,26.01,-0.33,-1.2687,9306.76,24024.927,25.814490757256014
603352.SH,20260602,30.35,30.39,29.33,29.58,30.31,-0.73,-2.4084,13834.0,41037.996,29.664591585947665
603353.SH,20260602,47.15,47.64,44.13,45.59,47.12,-1.53,-3.247,70515.0,320633.946,45.4703178047224
603355.SH,20260602,27.29,27.45,26.1,26.21,27.17,-0.96,-3.5333,25635.0,67691.823,26.406016383850208
603356.SH,20260602,19.21,19.25,18.33,18.6,18.83,-0.23,-1.2215,54519.68,101792.217,18.670728991806264
603357.SH,20260602,7.1,7.18,7.01,7.04,7.14,-0.1,-1.4006,35236.42,24900.57,7.066713928372973
603358.SH,20260602,37.6,39.1,36.75,38.78,37.6,1.18,3.1383,107894.02,411171.436,38.108825308390585
603359.SH,20260602,3.0,3.1,2.97,3.01,2.98,0.03,1.0067,188188.6,56951.495,3.026298883141699
603360.SH,20260602,20.36,20.48,18.95,19.36,20.36,-1.0,-4.9116,211350.99,412030.384,19.495077075342778
603363.SH,20260602,3.26,3.29,3.18,3.19,3.29,-0.1,-3.0395,371531.27,119173.416,3.2076281493075935
603365.SH,20260602,18.96,19.07,18.64,18.9,19.05,-0.15,-0.7874,18266.0,34485.729,18.879737764151976
603366.SH,20260602,7.84,7.84,7.6,7.61,7.87,-0.26,-3.3037,93059.0,71324.313,7.664418594655004
603367.SH,20260602,14.15,14.15,13.82,13.92,14.1,-0.18,-1.2766,42582.29,59273.808,13.91982629398278
603368.SH,20260602,16.31,16.38,16.26,16.35,16.37,-0.02,-0.1222,27490.16,44861.553,16.319131281884136
603369.SH,20260602,29.96,30.25,28.9,29.19,29.96,-0.77,-2.5701,162519.84,478449.021,29.43942234991125
603370.SH,20260602,42.43,42.56,41.56,41.95,42.42,-0.47,-1.108,5530.97,23164.893,41.88215267846327
603373.SH,20260602,44.36,48.65,44.0,48.65,44.23,4.42,9.9932,24345.37,115018.393,47.24446291019607
603375.SH,20260602,46.6,48.8,46.01,48.25,46.36,1.89,4.0768,38324.02,182575.905,47.640071422569974
603376.SH,20260602,29.12,29.12,28.39,28.4,29.14,-0.74,-2.5395,9510.43,27176.873,28.575861448956562
603377.SH,20260602,3.63,3.81,3.62,3.74,3.63,0.11,3.0303,109827.12,41217.324,3.7529276921765775
603378.SH,20260602,5.9,5.95,5.75,5.95,5.67,0.28,4.9383,173809.06,102950.303,5.9231839237839505
603379.SH,20260602,61.88,63.0,60.18,61.05,61.42,-0.37,-0.6024,113691.27,697468.941,61.34762510789087
603380.SH,20260602,36.5,37.67,36.3,37.49,36.79,0.7,1.9027,33649.0,124930.163,37.12745193022081
603381.SH,20260602,19.95,20.19,18.83,19.12,19.95,-0.83,-4.1604,50425.5,96506.937,19.138518606657346
603382.SH,20260602,22.0,22.33,21.37,21.59,22.0,-0.41,-1.8636,10379.0,22447.883,21.628175161383567
603383.SH,20260602,32.36,32.59,31.43,31.97,32.36,-0.39,-1.2052,55636.9,177489.672,31.90143088489833
603385.SH,20260602,6.01,6.06,5.76,5.82,6.03,-0.21,-3.4826,56853.6,33319.988,5.860664584124839
603386.SH,20260602,16.61,17.68,16.6,17.1,16.69,0.41,2.4566,305523.0,521355.537,17.064362977582704
603387.SH,20260602,9.04,9.04,8.78,8.83,9.04,-0.21,-2.323,75933.0,67195.675,8.849337573913846
603389.SH,20260602,61.33,64.29,61.33,64.29,61.23,3.06,4.9976,10008.2,63493.284,63.441262165024675
603390.SH,20260602,12.81,13.09,12.6,12.61,12.89,-0.28,-2.1722,89504.0,114176.204,12.756547640328924
603391.SH,20260602,59.95,61.88,57.52,59.22,59.5,-0.28,-0.4706,21163.11,125524.13,59.31270498523138
603392.SH,20260602,36.3,36.3,35.3,35.51,36.38,-0.87,-2.3914,32588.5,116191.196,35.654048514046366
603393.SH,20260602,27.99,28.05,27.41,27.6,27.8,-0.2,-0.7194,81543.5,225910.754,27.704323949793665
603395.SH,20260602,24.52,24.69,23.97,23.99,24.54,-0.55,-2.2412,21610.4,52197.635,24.153942083441304
603396.SH,20260602,31.91,31.95,30.42,30.68,31.82,-1.14,-3.5827,32167.0,99138.525,30.819947461684333
603398.SH,20260602,14.96,14.96,14.39,14.57,14.79,-0.22,-1.4875,66143.0,96286.825,14.557371906324176
603399.SH,20260602,18.13,18.45,17.04,17.04,18.93,-1.89,-9.9842,730730.29,1260702.392,17.252636290744153
603400.SH,20260602,68.31,68.31,65.31,66.55,67.4,-0.85,-1.2611,8125.4,54143.026,66.63429000418441
603402.SH,20260602,94.16,94.16,91.8,92.92,94.3,-1.38,-1.4634,6947.87,64500.807,92.83536824954986
603406.SH,20260602,29.92,30.15,29.58,29.76,30.04,-0.28,-0.9321,6552.0,19564.955,29.86104242979243
603407.SH,20260602,61.5,62.5,57.3,58.75,59.62,-0.87,-1.4592,79310.27,472140.706,59.530840835619394
603408.SH,20260602,11.08,11.17,10.86,10.89,11.09,-0.2,-1.8034,28681.0,31435.119,10.96025905651825
603409.SH,20260602,40.68,41.4,40.42,41.2,40.7,0.5,1.2285,13654.0,55830.087,40.88918045993849
603416.SH,20260602,54.19,57.71,54.0,54.99,54.06,0.93,1.7203,41250.57,230496.45,55.8771551520379
603418.SH,20260602,52.0,54.0,51.76,54.0,51.99,2.01,3.8661,29752.94,158312.776,53.209120174342445
603421.SH,20260602,7.28,7.33,7.01,7.12,7.28,-0.16,-2.1978,91148.0,64905.532,7.120894808443411
603429.SH,20260602,9.08,9.66,9.08,9.66,9.2,0.46,5.0,34613.2,33146.487,9.57625616816706
603435.SH,20260602,81.0,81.0,76.82,76.82,85.36,-8.54,-10.0047,107842.93,835449.301,77.46908406513066
603439.SH,20260602,16.09,17.46,16.09,16.43,16.51,-0.08,-0.4846,294590.0,488476.356,16.58156610882922
603444.SH,20260602,341.0,341.95,332.1,336.52,342.05,-5.53,-1.6167,14285.87,478184.41,334.72543849272034
603456.SH,20260602,12.81,13.13,12.72,12.78,12.79,-0.01,-0.0782,135252.26,174210.821,12.880436970147484
603458.SH,20260602,12.97,13.24,12.67,13.0,13.08,-0.08,-0.6116,168744.26,218477.356,12.947246679679651
603459.SH,20260602,91.7,100.0,88.08,97.11,91.7,5.41,5.8997,232982.02,2176785.828,93.43149432733051
603466.SH,20260602,11.21,11.36,10.95,11.15,11.42,-0.27,-2.3643,544380.54,605215.767,11.117512889053675
603477.SH,20260602,15.92,15.98,15.43,15.46,16.02,-0.56,-3.4956,109602.84,170733.601,15.577479652899505
603486.SH,20260602,59.66,60.06,57.5,58.4,59.59,-1.19,-1.997,53150.23,310477.454,58.41507252179341
603488.SH,20260602,11.08,11.34,10.92,11.27,11.2,0.07,0.625,73522.0,82081.211,11.16417004434047
603489.SH,20260602,34.75,34.96,33.0,33.56,34.59,-1.03,-2.9777,36962.11,123864.528,33.51121675683558
603496.SH,20260602,23.3,23.44,22.36,23.04,23.3,-0.26,-1.1159,110076.25,251027.611,22.804883978151512
603499.SH,20260602,18.26,18.75,17.68,17.94,18.44,-0.5,-2.7115,44782.8,80624.161,18.003376519556614
603500.SH,20260602,10.84,10.88,10.28,10.33,10.75,-0.42,-3.907,118554.82,123607.723,10.426208145733762
603501.SH,20260602,92.02,93.38,90.97,92.65,92.23,0.42,0.4554,182219.55,1682531.851,92.3354190590417
603505.SH,20260602,18.99,19.03,18.35,18.63,18.88,-0.25,-1.3242,149873.14,279477.995,18.647637261753506
603506.SH,20260602,11.91,12.05,11.29,11.38,11.91,-0.53,-4.45,45099.0,51850.664,11.497076210115523
603507.SH,20260602,38.8,39.82,38.27,38.4,39.34,-0.94,-2.3894,57672.35,223117.607,38.68710170471638
603508.SH,20260602,22.65,22.88,22.23,22.58,22.53,0.05,0.2219,42480.78,96070.745,22.615108526726676
603511.SH,20260602,14.01,14.15,13.65,13.75,13.96,-0.21,-1.5043,13125.63,18053.039,13.754036187215394
603515.SH,20260602,18.68,19.08,18.37,18.91,18.7,0.21,1.123,28220.19,53014.007,18.785843397936016
603516.SH,20260602,110.66,112.5,108.38,110.81,110.47,0.34,0.3078,53710.53,591419.495,110.11239229998289
603517.SH,20260602,13.58,13.9,13.3,13.87,13.65,0.22,1.6117,99163.09,135454.932,13.659813545544013
603518.SH,20260602,9.42,9.42,8.93,9.01,9.41,-0.4,-4.2508,88888.2,80457.619,9.051552287030226
603519.SH,20260602,12.78,12.79,12.51,12.66,12.78,-0.12,-0.939,31525.0,39837.507,12.636798413957175
603520.SH,20260602,10.26,10.31,9.93,10.18,10.25,-0.07,-0.6829,203400.81,205293.853,10.093069590037523
603527.SH,20260602,13.68,14.09,12.99,13.39,13.82,-0.43,-3.1114,231895.42,310788.567,13.402100265714603
603528.SH,20260602,7.15,7.18,6.81,6.85,7.12,-0.27,-3.7921,96848.0,66906.539,6.908406885015696
603529.SH,20260602,22.33,22.52,21.9,21.91,22.33,-0.42,-1.8809,94804.3,209651.24,22.11410663862293
603530.SH,20260602,59.14,59.35,56.02,57.01,59.15,-2.14,-3.6179,39000.41,222259.52,56.989021397467354
603533.SH,20260602,26.48,26.88,25.49,26.25,26.44,-0.19,-0.7186,435843.1,1132581.86,25.985999548920248
603535.SH,20260602,7.37,7.37,7.06,7.13,7.36,-0.23,-3.125,42961.76,30757.904,7.159367772642461
603536.SH,20260602,9.77,9.95,9.32,9.37,9.79,-0.42,-4.2901,69797.0,66301.001,9.499119016576644
603538.SH,20260602,46.42,47.9,44.03,44.05,46.59,-2.54,-5.4518,292504.28,1324293.591,45.27433208840567
603551.SH,20260602,11.33,11.48,10.85,10.95,11.32,-0.37,-3.2686,41046.0,45650.572,11.121807727915023
603556.SH,20260602,26.73,26.89,25.29,25.36,26.73,-1.37,-5.1253,77596.42,198592.702,25.5930237503225
603557.SH,20260602,4.66,4.95,4.62,4.95,4.71,0.24,5.0955,73473.51,35196.007,4.790298843760152
603558.SH,20260602,11.89,12.22,11.8,11.91,11.89,0.02,0.1682,47936.0,57599.398,12.015895777703605
603559.SH,20260602,9.55,9.93,9.38,9.93,9.46,0.47,4.9683,98921.52,97089.786,9.814829573989561
603565.SH,20260602,10.62,10.92,10.6,10.88,10.69,0.19,1.7774,131676.12,142078.682,10.790011279190184
603566.SH,20260602,10.88,11.0,10.67,10.74,10.93,-0.19,-1.7383,34647.1,37300.34,10.765789921811637
603567.SH,20260602,7.18,7.2,6.8,6.91,7.19,-0.28,-3.8943,132327.05,91940.639,6.947985238090021
603568.SH,20260602,15.3,15.49,14.9,14.95,15.35,-0.4,-2.6059,120493.65,181835.498,15.090878067018469
603569.SH,20260602,6.21,6.22,6.04,6.09,6.22,-0.13,-2.09,42905.0,26202.072,6.106997319659714
603577.SH,20260602,10.62,10.7,10.04,10.28,10.61,-0.33,-3.1103,60826.34,62439.54,10.26521405036042
603578.SH,20260602,14.96,15.22,14.31,14.32,15.06,-0.74,-4.9137,64970.2,94311.633,14.516137090543051
603579.SH,20260602,19.45,19.54,19.0,19.24,19.55,-0.31,-1.5857,25369.2,48723.759,19.205871292748686
603580.SH,20260602,23.9,24.25,23.33,24.14,24.3,-0.16,-0.6584,9196.92,22048.341,23.973613992510536
603583.SH,20260602,25.63,25.94,25.06,25.08,25.45,-0.37,-1.4538,40560.62,102964.3,25.38528750300168
603585.SH,20260602,16.43,16.51,15.9,16.07,16.47,-0.4,-2.4287,27569.2,44296.37,16.06733963988799
603586.SH,20260602,17.31,17.6,17.22,17.55,17.38,0.17,0.9781,31411.94,54922.134,17.484476921832908
603587.SH,20260602,13.14,13.14,12.5,12.55,13.0,-0.45,-3.4615,31188.0,39683.988,12.724120815698345
603588.SH,20260602,12.4,13.02,12.05,12.79,12.37,0.42,3.3953,490425.38,613655.515,12.512719366195935
603589.SH,20260602,22.02,22.36,21.39,21.46,22.12,-0.66,-2.9837,83664.52,182027.839,21.75687364249505
603590.SH,20260602,34.19,34.24,32.25,32.81,34.19,-1.38,-4.0363,44553.0,146484.453,32.878695710726554
603595.SH,20260602,23.8,23.97,22.61,23.49,23.46,0.03,0.1279,43419.0,101456.497,23.36684331744167
603596.SH,20260602,32.11,32.59,31.48,31.93,32.11,-0.18,-0.5606,178974.74,573499.913,32.043623195094455
603598.SH,20260602,24.25,24.34,22.66,23.0,24.23,-1.23,-5.0764,387102.34,894787.306,23.11500638306655
603599.SH,20260602,11.42,11.48,11.08,11.18,11.37,-0.19,-1.6711,103693.48,115991.196,11.18596810522706
603600.SH,20260602,10.78,10.83,10.55,10.66,10.79,-0.13,-1.2048,46235.5,49167.511,10.63414713802165
603601.SH,20260602,17.15,18.14,17.15,17.15,19.06,-1.91,-10.021,2883838.22,4986927.72,17.292675037783496
603602.SH,20260602,13.35,13.78,12.92,13.56,13.39,0.17,1.2696,61561.39,82519.311,13.404393727951886
603605.SH,20260602,65.99,66.65,64.51,64.88,67.13,-2.25,-3.3517,81137.22,530842.357,65.42525822304485
603606.SH,20260602,43.75,43.88,41.5,42.6,43.88,-1.28,-2.917,223737.72,947194.396,42.33503389593851
603607.SH,20260602,22.21,22.31,21.4,21.82,22.23,-0.41,-1.8444,32695.16,71041.547,21.7284598087301
603608.SH,20260602,18.78,19.8,18.49,19.31,18.96,0.35,1.846,325828.48,623569.215,19.13795918024109
603609.SH,20260602,6.62,6.63,6.39,6.42,6.63,-0.21,-3.1674,40727.0,26315.606,6.461464384806148
603610.SH,20260602,17.82,17.87,17.08,17.56,17.67,-0.11,-0.6225,58238.73,101586.381,17.44309688758666
603611.SH,20260602,18.26,18.3,17.77,18.03,18.24,-0.21,-1.1513,24618.83,44347.096,18.013486424821973
603612.SH,20260602,20.85,21.4,20.09,21.3,20.86,0.44,2.1093,153711.34,319876.257,20.810192468558274
603613.SH,20260602,23.67,23.67,22.96,23.08,23.65,-0.57,-2.4101,88240.6,204268.84,23.149076502199666
603615.SH,20260602,19.23,19.45,18.65,19.31,19.23,0.08,0.416,36319.0,69275.372,19.074140807841626
603616.SH,20260602,6.01,6.13,5.71,5.79,6.03,-0.24,-3.9801,262372.0,152052.922,5.795318174195417
603617.SH,20260602,7.45,7.52,7.3,7.37,7.48,-0.11,-1.4706,82480.0,60864.018,7.379245635305528
603618.SH,20260602,36.5,42.28,36.5,42.24,38.44,3.8,9.8855,1151069.01,4644330.041,40.34797219499463
603619.SH,20260602,26.5,26.68,25.65,25.73,26.29,-0.56,-2.1301,150069.15,391547.029,26.09110726621694
603626.SH,20260602,23.55,23.68,22.4,22.74,23.37,-0.63,-2.6958,367440.26,841491.186,22.901442155522098
603628.SH,20260602,11.08,11.08,10.6,10.8,11.08,-0.28,-2.5271,44851.07,48322.342,10.773955225594394
603629.SH,20260602,194.99,210.0,194.99,195.41,216.66,-21.25,-9.808,408981.31,8163078.282,199.59538693834196
603630.SH,20260602,14.54,14.73,14.03,14.09,14.68,-0.59,-4.0191,42719.0,60710.485,14.211588520330531
603633.SH,20260602,8.59,9.45,8.51,9.06,8.59,0.47,5.4715,861591.22,784806.038,9.10879799819687
603636.SH,20260602,9.63,9.7,9.16,9.31,9.59,-0.28,-2.9197,173131.05,161522.001,9.32946464542322
603637.SH,20260602,21.73,22.14,19.94,19.94,22.15,-2.21,-9.9774,97711.12,202408.051,20.714945340919236
603638.SH,20260602,21.66,22.22,21.36,21.92,21.75,0.17,0.7816,89121.71,194808.552,21.85870894981705
603639.SH,20260602,11.38,11.49,11.08,11.15,11.38,-0.23,-2.0211,18483.0,20599.312,11.145004598820538
603648.SH,20260602,9.36,9.36,9.06,9.11,9.3,-0.19,-2.043,32474.0,29727.199,9.154153784566114
603650.SH,20260602,51.31,53.03,49.85,52.32,50.89,1.43,2.81,124849.2,644050.718,51.58629114163327
603655.SH,20260602,38.0,38.6,37.02,37.22,38.2,-0.98,-2.5654,14408.0,54136.469,37.573895752359796
603656.SH,20260602,18.12,18.4,17.91,18.35,18.12,0.23,1.2693,30206.0,54799.064,18.1417811030921
603657.SH,20260602,26.91,27.43,25.85,26.62,27.03,-0.41,-1.5168,21167.8,56249.924,26.573344419353923
603658.SH,20260602,32.12,32.35,31.81,31.81,32.13,-0.32,-0.996,24071.86,77199.113,32.07027333990809
603659.SH,20260602,30.7,31.0,30.13,30.85,30.69,0.16,0.5213,278732.91,854702.41,30.663849848229265
603660.SH,20260602,11.8,11.9,11.35,11.4,11.8,-0.4,-3.3898,220413.44,254126.952,11.529557907176622
603661.SH,20260602,31.17,34.53,31.09,33.7,31.39,2.31,7.359,79019.41,265085.851,33.54692865967995
603662.SH,20260602,60.1,62.18,59.87,60.8,58.66,2.14,3.6481,79710.31,486820.808,61.073756707256564
603663.SH,20260602,60.04,62.6,59.88,61.79,59.53,2.26,3.7964,209137.25,1281935.586,61.29637766586296
603665.SH,20260602,29.03,29.67,28.43,28.5,28.8,-0.3,-1.0417,36016.0,104425.418,28.994174255886275
603666.SH,20260602,29.6,30.0,28.68,28.68,29.51,-0.83,-2.8126,40868.87,118544.124,29.005970559009825
603667.SH,20260602,69.79,72.21,68.7,69.03,68.33,0.7,1.0244,286259.86,2009056.511,70.18296281567385
603668.SH,20260602,11.53,11.64,11.07,11.36,11.53,-0.17,-1.4744,58624.95,65931.442,11.246310998985926
603669.SH,20260602,4.26,4.34,4.17,4.22,4.31,-0.09,-2.0882,87503.1,36946.759,4.222337151483775
603676.SH,20260602,9.54,9.63,9.28,9.33,9.55,-0.22,-2.3037,14805.0,13883.704,9.377712934819318
603677.SH,20260602,17.58,17.99,17.01,17.14,17.78,-0.64,-3.5996,38073.99,65810.897,17.285001388086723
603678.SH,20260602,52.15,58.61,51.5,58.61,53.28,5.33,10.0038,480739.22,2688520.938,55.92472646604536
603679.SH,20260602,16.8,17.13,16.22,16.56,16.85,-0.29,-1.7211,63859.15,106049.865,16.606839427082885
603680.SH,20260602,12.18,12.25,11.88,11.98,12.13,-0.15,-1.2366,37710.02,45349.589,12.025872433904837
603681.SH,20260602,24.93,25.15,23.88,24.93,24.44,0.49,2.0049,141633.1,348398.284,24.598648479769203
603682.SH,20260602,9.03,9.28,8.96,9.19,9.23,-0.04,-0.4334,159073.0,145484.29,9.145756350857784
603683.SH,20260602,29.95,30.02,29.2,29.74,29.5,0.24,0.8136,160998.8,475042.495,29.505964951291563
603685.SH,20260602,32.6,33.1,32.31,32.9,32.78,0.12,0.3661,31348.64,102471.205,32.687607819669374
603686.SH,20260602,15.78,15.78,15.18,15.36,15.77,-0.41,-2.5999,105440.0,161938.563,15.358361437784522
603687.SH,20260602,16.06,17.89,16.02,17.89,16.26,1.63,10.0246,806652.0,1407825.718,17.452702255743496
603688.SH,20260602,62.66,63.0,60.75,61.78,61.43,0.35,0.5698,193139.38,1200856.332,62.17563357612518
603689.SH,20260602,8.26,8.35,8.15,8.19,8.33,-0.14,-1.6807,74703.1,61514.597,8.234544081838639
603690.SH,20260602,24.48,26.63,23.95,25.34,24.53,0.81,3.3021,289254.77,731186.609,25.278290449626812
603693.SH,20260602,16.8,17.49,16.01,16.98,17.11,-0.13,-0.7598,286449.65,481714.594,16.81672831508085
603696.SH,20260602,13.94,13.98,13.33,13.42,13.94,-0.52,-3.7303,59293.0,79732.337,13.447175383266153
603697.SH,20260602,11.16,11.56,11.14,11.35,11.2,0.15,1.3393,126059.8,142920.591,11.337523223105224
603698.SH,20260602,32.6,32.8,31.27,32.03,32.33,-0.3,-0.9279,123254.54,393040.732,31.8885399272108
603699.SH,20260602,57.71,58.0,56.4,57.18,57.4,-0.22,-0.3833,48513.48,276353.02,56.96417160756145
603700.SH,20260602,11.62,11.75,11.32,11.36,11.69,-0.33,-2.8229,34929.0,39930.528,11.431912737267027
603701.SH,20260602,25.45,25.45,24.13,24.35,24.9,-0.55,-2.2088,46603.0,113875.026,24.435127781473295
603703.SH,20260602,12.42,12.6,12.11,12.52,12.44,0.08,0.6431,110792.6,136718.386,12.340028666174454
603706.SH,20260602,22.99,23.12,22.5,22.64,22.93,-0.29,-1.2647,15755.0,35904.945,22.789555696604253
603707.SH,20260602,8.27,8.3,8.15,8.15,8.28,-0.13,-1.57,71591.15,58777.944,8.210224867179813
603708.SH,20260602,10.06,10.1,9.78,9.84,10.13,-0.29,-2.8628,70225.0,69606.407,9.911912709149163
603709.SH,20260602,16.63,17.0,15.8,16.1,16.72,-0.62,-3.7081,27527.0,44347.747,16.11063573945581
603711.SH,20260602,14.7,14.79,14.19,14.31,14.75,-0.44,-2.9831,55523.0,80074.474,14.421856527925366
603712.SH,20260602,14.79,14.79,14.32,14.64,14.81,-0.17,-1.1479,82430.0,119599.488,14.509218488414412
603713.SH,20260602,57.71,58.16,56.2,56.28,57.66,-1.38,-2.3933,40822.17,232114.443,56.85989818767596
603716.SH,20260602,17.27,17.27,16.59,16.98,17.28,-0.3,-1.7361,69891.29,117634.278,16.83103545520479
603717.SH,20260602,6.96,7.0,6.68,6.84,6.92,-0.08,-1.1561,94550.4,64594.915,6.831797115612415
603718.SH,20260602,3.58,3.64,3.51,3.52,3.55,-0.03,-0.8451,114984.3,41027.845,3.5681258223948835
603719.SH,20260602,10.75,10.78,10.25,10.33,10.73,-0.4,-3.7279,61572.09,64280.645,10.439899798756223
603721.SH,20260602,26.0,27.2,23.1,24.09,24.95,-0.86,-3.4469,93501.6,233779.837,25.002763268222147
603722.SH,20260602,37.0,37.0,34.87,35.35,36.23,-0.88,-2.4289,13378.0,47324.702,35.375020182388994
603725.SH,20260602,12.64,12.97,11.82,11.96,12.21,-0.25,-2.0475,263534.09,322183.316,12.225489157778409
603726.SH,20260602,26.56,27.0,25.71,26.19,26.82,-0.63,-2.349,46485.0,121816.629,26.20557792836399
603727.SH,20260602,15.49,15.49,14.85,15.02,15.25,-0.23,-1.5082,25951.0,38972.691,15.017799314091942
603728.SH,20260602,60.93,64.55,60.93,62.51,59.77,2.74,4.5842,130436.79,818191.087,62.72701796786015
603729.SH,20260602,13.52,13.61,13.2,13.34,13.57,-0.23,-1.6949,18692.0,24970.047,13.35868125401241
603730.SH,20260602,12.67,12.89,12.21,12.48,12.69,-0.21,-1.6548,259656.42,325783.046,12.546697131540208
603733.SH,20260602,24.34,25.34,24.12,24.57,24.33,0.24,0.9864,114911.08,284793.348,24.78380222342354
603737.SH,20260602,31.48,32.28,30.4,30.59,31.48,-0.89,-2.8272,96639.09,302452.359,31.297103377111686
603738.SH,20260602,42.9,44.3,41.28,43.64,42.4,1.24,2.9245,357439.26,1538349.217,43.0380595852845
603739.SH,20260602,13.19,13.27,12.82,12.91,13.15,-0.24,-1.8251,36397.19,47228.913,12.97597781586985
603755.SH,20260602,26.63,26.65,25.41,25.8,26.41,-0.61,-2.3097,14770.0,37981.418,25.71524576844956
603757.SH,20260602,60.7,61.86,56.1,59.75,58.55,1.2,2.0495,223395.62,1306334.023,58.47625942710963
603758.SH,20260602,11.11,11.22,10.83,10.94,11.06,-0.12,-1.085,26313.0,28844.36,10.962018773990042
603759.SH,20260602,8.34,8.35,8.14,8.23,8.34,-0.11,-1.3189,35185.68,28894.406,8.211978850486902
603766.SH,20260602,13.12,13.64,12.95,13.55,12.92,0.63,4.8762,190525.5,255358.674,13.402860719431258
603767.SH,20260602,18.0,18.4,17.04,17.17,17.96,-0.79,-4.3987,113224.4,198182.839,17.503545083921843
603768.SH,20260602,11.55,11.85,11.37,11.54,11.6,-0.06,-0.5172,71046.0,82404.592,11.598765869999719
603773.SH,20260602,118.21,123.44,110.61,122.0,114.49,7.51,6.5595,430032.19,4999057.031,116.24843784368794
603776.SH,20260602,19.46,19.51,18.68,19.29,19.46,-0.17,-0.8736,49945.0,95274.603,19.075904094503954
603777.SH,20260602,17.78,17.78,16.89,17.35,17.6,-0.25,-1.4205,104188.4,179713.095,17.24885831820049
603778.SH,20260602,17.94,19.8,17.82,18.28,18.39,-0.11,-0.5982,720991.0,1362384.246,18.89599517885799
603779.SH,20260602,9.88,10.18,9.36,9.45,9.88,-0.43,-4.3522,444864.45,425368.491,9.561755069437442
603786.SH,20260602,48.58,48.79,47.52,48.22,48.43,-0.21,-0.4336,26976.38,129537.782,48.01896399739327
603787.SH,20260602,10.53,10.57,10.25,10.41,10.53,-0.12,-1.1396,46485.0,48366.444,10.404742174895127
603788.SH,20260602,16.55,16.88,16.23,16.88,16.44,0.44,2.6764,48889.53,81140.439,16.596690334310843
603789.SH,20260602,5.77,5.79,5.67,5.74,5.75,-0.01,-0.1739,25324.6,14505.562,5.727854339259061
603790.SH,20260602,25.2,25.8,24.54,24.93,25.31,-0.38,-1.5014,28890.0,72326.792,25.03523433714088
603797.SH,20260602,4.56,4.58,4.36,4.5,4.57,-0.07,-1.5317,66659.0,29648.377,4.447768043324983
603798.SH,20260602,16.15,16.23,15.37,15.71,16.15,-0.44,-2.7245,76767.1,120163.482,15.652992232349535
603799.SH,20260602,53.48,53.93,51.44,53.58,53.48,0.1,0.187,608575.21,3207146.04,52.69925536401655
603800.SH,20260602,63.5,72.59,63.5,70.99,65.99,5.0,7.5769,187969.55,1314366.35,69.92442924931194
603801.SH,20260602,7.66,7.69,7.35,7.44,7.65,-0.21,-2.7451,52467.0,39119.12,7.455947547982542
603803.SH,20260602,13.26,13.88,13.12,13.35,13.29,0.06,0.4515,252714.36,338986.36,13.41381471159771
603806.SH,20260602,17.38,17.67,16.61,17.23,17.44,-0.21,-1.2041,518282.66,891217.08,17.195579724777982
603808.SH,20260602,10.0,10.08,9.34,9.42,9.98,-0.56,-5.6112,97023.0,92224.921,9.505469940117292
603809.SH,20260602,10.41,10.56,10.33,10.36,10.4,-0.04,-0.3846,87209.54,90650.247,10.394533327431839
603810.SH,20260602,14.09,14.09,13.34,13.47,13.99,-0.52,-3.7169,21736.08,29428.364,13.538947225074622
603811.SH,20260602,11.24,11.26,11.08,11.1,11.25,-0.15,-1.3333,35167.44,39253.838,11.161983357332804
603813.SH,20260602,35.0,36.75,33.55,36.75,35.0,1.75,5.0,5890.0,21078.982,35.78774533106961
603815.SH,20260602,7.13,7.13,6.4,6.4,7.11,-0.71,-9.9859,259626.0,172356.459,6.63864401100044
603816.SH,20260602,29.21,30.02,28.66,29.39,29.21,0.18,0.6162,85538.15,251720.255,29.42783483159269
603817.SH,20260602,6.47,6.47,6.22,6.27,6.43,-0.16,-2.4883,86518.0,54418.755,6.289876673062253
603818.SH,20260602,3.32,3.36,3.15,3.18,3.32,-0.14,-4.2169,205155.0,65849.684,3.209752821037752
603819.SH,20260602,13.75,14.18,13.13,13.18,13.82,-0.64,-4.631,124863.1,168751.564,13.514926667686451
603822.SH,20260602,83.16,83.16,79.3,80.75,79.2,1.55,1.9571,15702.73,127787.21,81.37897677664967
603823.SH,20260602,28.0,28.43,26.43,28.27,28.07,0.2,0.7125,283811.4,783673.719,27.612482056746135
603825.SH,20260602,8.42,8.46,8.24,8.43,8.42,0.01,0.1188,20049.47,16766.981,8.362805101581237
603826.SH,20260602,31.37,31.87,30.4,30.4,31.1,-0.7,-2.2508,58635.12,181745.478,30.996010240961386
603828.SH,20260602,5.61,5.8,5.4,5.48,5.68,-0.2,-3.5211,56785.36,31178.317,5.490555488245562
603829.SH,20260602,23.79,24.0,22.22,22.88,23.86,-0.98,-4.1073,41878.0,95307.512,22.75837241511056
603833.SH,20260602,39.6,40.12,37.8,38.1,39.64,-1.54,-3.885,50465.47,194514.012,38.54398106269494
603836.SH,20260602,13.34,13.57,12.75,12.78,13.23,-0.45,-3.4014,30018.0,39022.699,12.999766473449263
603838.SH,20260602,9.25,9.3,9.06,9.25,9.33,-0.08,-0.8574,10915.0,10019.005,9.179115895556574
603839.SH,20260602,7.21,7.35,6.86,6.89,7.21,-0.32,-4.4383,71730.0,50297.722,7.012090059947024
603843.SH,20260602,7.85,7.99,7.66,7.88,7.95,-0.07,-0.8805,186818.2,146105.473,7.820730153700229
603848.SH,20260602,14.75,14.86,14.45,14.51,14.78,-0.27,-1.8268,20427.0,29787.246,14.58229108532824
603855.SH,20260602,18.15,18.24,17.85,18.02,18.05,-0.03,-0.1662,18986.59,34202.57,18.01406677028366
603856.SH,20260602,12.96,12.97,12.4,12.42,13.06,-0.64,-4.9005,140114.78,176204.468,12.575723132134954
603858.SH,20260602,15.18,15.34,14.96,15.31,15.16,0.15,0.9894,57083.16,86553.756,15.16274782265032
603859.SH,20260602,44.38,44.84,42.59,43.29,43.9,-0.61,-1.3895,90087.2,391660.598,43.47572107913222
603860.SH,20260602,29.4,29.4,28.23,28.41,29.31,-0.9,-3.0706,13884.0,39687.601,28.58513468740997
603861.SH,20260602,17.4,17.65,16.77,17.21,17.65,-0.44,-2.4929,267088.83,458221.646,17.156151606939158
603863.SH,20260602,16.08,16.25,15.4,15.99,16.01,-0.02,-0.1249,58401.0,92450.623,15.830315063098235
603866.SH,20260602,4.87,4.9,4.82,4.85,4.87,-0.02,-0.4107,91853.84,44554.847,4.850624317938151
603867.SH,20260602,37.02,37.35,35.55,36.76,36.9,-0.14,-0.3794,68502.08,250301.852,36.53930683564645
603868.SH,20260602,38.57,38.99,37.95,38.46,38.48,-0.02,-0.052,25852.0,99724.658,38.575219712207954
603869.SH,20260602,10.47,10.48,10.21,10.43,10.43,0.0,0.0,7378.25,7634.703,10.347579710635992
603871.SH,20260602,12.17,12.58,12.17,12.38,12.25,0.13,1.0612,217631.42,271406.149,12.470908336673077
603876.SH,20260602,28.07,28.88,27.0,28.8,28.06,0.74,2.6372,369989.12,1030727.591,27.858321644701334
603877.SH,20260602,14.0,14.0,13.35,13.43,13.86,-0.43,-3.1025,49050.2,66672.155,13.592636727271245
603878.SH,20260602,6.87,6.95,6.63,6.68,6.89,-0.21,-3.0479,108052.01,72434.312,6.703652435526188
603879.SH,20260602,5.21,5.23,4.97,5.02,5.2,-0.18,-3.4615,98347.36,49642.258,5.0476452036943344
603880.SH,20260602,8.18,8.29,8.02,8.15,8.23,-0.08,-0.9721,63682.8,51731.008,8.123230762466475
603881.SH,20260602,35.85,36.82,34.04,36.81,35.71,1.1,3.0804,363190.62,1288447.516,35.47579273936095
603882.SH,20260602,26.05,26.25,25.53,25.74,26.07,-0.33,-1.2658,46488.0,119853.67,25.781636121149543
603883.SH,20260602,12.51,12.56,12.33,12.34,12.52,-0.18,-1.4377,68711.74,85372.101,12.424674589815364
603885.SH,20260602,11.73,11.78,11.41,11.45,11.92,-0.47,-3.943,258020.8,298061.325,11.551833224298198
603886.SH,20260602,11.1,11.1,10.74,10.87,11.12,-0.25,-2.2482,28556.0,30985.395,10.850747653733015
603887.SH,20260602,12.23,12.32,11.78,12.09,12.29,-0.2,-1.6273,119291.45,143514.053,12.03053974111305
603888.SH,20260602,18.94,18.99,18.12,18.28,18.84,-0.56,-2.9724,102260.41,187657.718,18.35096475752444
603889.SH,20260602,6.05,6.14,5.93,6.02,6.1,-0.08,-1.3115,141457.48,84890.881,6.001158864133589
603890.SH,20260602,30.02,30.02,30.02,30.02,27.29,2.73,10.0037,38142.52,114503.845,30.019999989513018
603893.SH,20260602,180.67,181.7,174.48,175.5,180.66,-5.16,-2.8562,118617.11,2095521.908,176.6627013590198
603895.SH,20260602,36.72,39.38,36.54,37.77,37.09,0.68,1.8334,42614.0,161999.462,38.015549349978876
603896.SH,20260602,15.75,15.82,15.55,15.6,15.79,-0.19,-1.2033,14588.8,22817.46,15.64039537179206
603897.SH,20260602,47.01,47.44,44.78,45.72,47.0,-1.28,-2.7234,54328.0,248499.316,45.740560300397576
603898.SH,20260602,12.7,12.98,12.55,12.83,12.67,0.16,1.2628,45762.3,58526.923,12.78933161139191
603899.SH,20260602,23.19,23.6,22.94,23.13,23.24,-0.11,-0.4733,64462.03,149668.086,23.218022454458854
603900.SH,20260602,6.88,6.9,6.65,6.7,6.89,-0.19,-2.7576,63179.2,42410.652,6.712755463823537
603901.SH,20260602,11.36,11.47,11.01,11.21,11.28,-0.07,-0.6206,80801.44,90646.316,11.218403533402375
603903.SH,20260602,11.66,11.66,11.22,11.29,11.56,-0.27,-2.3356,51446.4,58302.141,11.332598782422094
603906.SH,20260602,25.27,25.27,24.2,24.87,25.3,-0.43,-1.6996,234595.19,578953.304,24.678822443034743
603908.SH,20260602,21.68,21.75,20.65,20.85,21.64,-0.79,-3.6506,18834.05,39441.903,20.94180646223197
603909.SH,20260602,10.7,10.74,10.15,10.27,10.55,-0.28,-2.654,35312.82,36482.065,10.331110627811658
603912.SH,20260602,8.97,9.03,8.64,8.97,8.98,-0.01,-0.1114,154274.96,136517.332,8.848962398045671
603915.SH,20260602,15.8,16.28,15.58,15.64,15.66,-0.02,-0.1277,106471.0,168423.879,15.818756187130766
603916.SH,20260602,13.72,13.72,13.28,13.58,13.73,-0.15,-1.0925,89812.43,120931.05,13.464845567590144
603917.SH,20260602,12.4,12.47,12.02,12.19,12.41,-0.22,-1.7728,49637.0,60617.125,12.212084735177388
603918.SH,20260602,11.71,11.77,11.28,11.43,11.71,-0.28,-2.3911,85026.4,97046.562,11.413697628030825
603919.SH,20260602,21.24,22.19,20.7,21.06,21.61,-0.55,-2.5451,162005.76,347189.495,21.43068832861251
603920.SH,20260602,55.98,58.54,53.66,57.58,55.98,1.6,2.8582,338440.87,1900116.465,56.14323308529493
603922.SH,20260602,15.31,15.67,15.12,15.16,15.32,-0.16,-1.0444,19014.93,29120.899,15.314754774274741
603926.SH,20260602,20.19,20.6,19.8,20.49,20.39,0.1,0.4904,45672.0,92428.351,20.237421396041334
603927.SH,20260602,15.53,15.61,15.1,15.18,15.51,-0.33,-2.1277,86398.64,132086.06,15.287979070040919
603928.SH,20260602,15.52,15.68,15.03,15.14,15.53,-0.39,-2.5113,33933.0,51661.638,15.22460083104942
603929.SH,20260602,146.74,152.45,144.11,149.65,146.56,3.09,2.1084,42254.52,628894.13,148.83475897963106
603931.SH,20260602,64.71,66.7,59.89,61.5,65.81,-4.31,-6.5492,129395.21,805560.574,62.255826471474485
603933.SH,20260602,24.0,24.28,23.31,23.54,23.85,-0.31,-1.2998,47853.0,113517.499,23.722127975257557
603936.SH,20260602,22.65,22.78,21.3,22.13,22.36,-0.23,-1.0286,531779.05,1174805.535,22.091986041947305
603937.SH,20260602,14.81,15.05,14.43,14.97,15.04,-0.07,-0.4654,82492.0,121367.036,14.712582553459727
603938.SH,20260602,42.0,44.04,40.37,43.07,41.81,1.26,3.0136,270050.86,1147046.611,42.47520674438882
603939.SH,20260602,20.85,21.03,20.36,20.52,20.93,-0.41,-1.9589,92008.8,189674.319,20.614801953726165
603948.SH,20260602,26.23,26.26,25.62,26.12,26.23,-0.11,-0.4194,13897.0,36123.765,25.99393034467871
603949.SH,20260602,16.04,16.07,15.25,15.55,16.05,-0.5,-3.1153,29301.0,45720.931,15.603880754923038
603950.SH,20260602,68.45,69.88,63.88,67.06,69.56,-2.5,-3.594,117534.63,791739.524,67.36223392203642
603955.SH,20260602,24.26,25.02,23.81,24.64,24.49,0.15,0.6125,28577.0,69617.576,24.36140112678028
603956.SH,20260602,5.6,5.67,5.29,5.29,5.61,-0.32,-5.7041,231285.0,124503.994,5.383141751518689
603958.SH,20260602,21.43,21.76,20.87,21.06,21.31,-0.25,-1.1732,47109.0,99706.811,21.165130017618715
603959.SH,20260602,4.59,4.65,4.39,4.51,4.56,-0.05,-1.0965,143241.72,64438.909,4.498613183365851
603960.SH,20260602,20.15,20.53,19.66,20.36,20.19,0.17,0.842,76442.24,153990.442,20.14467943377902
603966.SH,20260602,9.6,9.68,9.27,9.33,9.52,-0.19,-1.9958,101302.23,94934.913,9.37145342210137
603967.SH,20260602,12.52,12.67,12.39,12.45,12.52,-0.07,-0.5591,35437.2,44428.393,12.537218798324925
603968.SH,20260602,12.48,12.54,11.41,11.59,12.63,-1.04,-8.2344,135415.0,158673.028,11.717537052763724
603969.SH,20260602,8.08,8.15,7.81,8.12,8.06,0.06,0.7444,166243.8,131732.908,7.924079454391682
603970.SH,20260602,11.82,11.87,11.54,11.65,11.81,-0.16,-1.3548,21723.12,25297.387,11.645374605489451
603976.SH,20260602,21.53,21.73,20.95,21.37,21.76,-0.39,-1.7923,31479.0,67209.762,21.35066615839131
603977.SH,20260602,15.39,15.84,15.2,15.4,15.48,-0.08,-0.5168,205352.6,317372.679,15.455011477819127
603978.SH,20260602,28.48,28.75,27.37,27.63,28.3,-0.67,-2.3675,76122.67,211635.511,27.80190329635048
603979.SH,20260602,73.95,77.72,73.31,76.35,73.31,3.04,4.1468,94409.96,714562.168,75.68715927853374
603980.SH,20260602,5.75,5.79,5.55,5.65,5.78,-0.13,-2.2491,149832.0,84308.61,5.626876101233381
603982.SH,20260602,6.92,6.98,6.69,6.77,6.93,-0.16,-2.3088,60019.6,40542.697,6.754909562876127
603983.SH,20260602,24.0,24.45,23.53,23.65,24.33,-0.68,-2.7949,20156.0,47996.32,23.812423099821395
603985.SH,20260602,22.97,23.1,22.26,22.7,22.97,-0.27,-1.1754,119413.57,270657.868,22.66558716902945
603986.SH,20260602,471.0,480.66,448.11,474.69,468.0,6.69,1.4295,490192.77,23013728.744,469.4832350138497
603987.SH,20260602,7.72,7.79,7.59,7.68,7.7,-0.02,-0.2597,46021.3,35320.283,7.674768639738556
603988.SH,20260602,21.42,21.6,20.6,21.14,21.62,-0.48,-2.2202,56636.0,119390.839,21.08037979377075
603989.SH,20260602,30.49,33.36,30.31,31.74,32.23,-0.49,-1.5203,401677.29,1271473.768,31.654111388771817
603990.SH,20260602,20.65,22.72,20.07,22.01,20.65,1.36,6.586,406916.9,870039.862,21.381266347010897
603991.SH,20260602,111.42,116.0,110.0,110.13,113.69,-3.56,-3.1313,39253.0,442771.674,112.7994481950424
603992.SH,20260602,29.55,29.8,28.35,28.83,29.5,-0.67,-2.2712,26778.6,77181.458,28.822066127430116
603993.SH,20260602,18.71,19.78,18.52,19.74,18.42,1.32,7.1661,3523745.25,6789919.58,19.26904216472516
603995.SH,20260602,20.4,20.49,19.72,20.21,20.49,-0.28,-1.3665,99225.99,199620.862,20.117799983653477
603997.SH,20260602,13.73,15.08,13.72,15.08,13.71,1.37,9.9927,409515.88,602250.27,14.706396001053733
603998.SH,20260602,10.15,10.17,9.89,9.94,10.16,-0.22,-2.1654,46358.21,46234.443,9.973302032153528
603999.SH,20260602,6.15,6.15,5.8,5.86,6.12,-0.26,-4.2484,118440.2,69762.015,5.890062242380543
605001.SH,20260602,6.58,6.62,6.33,6.37,6.52,-0.15,-2.3006,49570.5,31826.619,6.420475686143976
605003.SH,20260602,26.18,26.18,24.0,24.4,24.97,-0.57,-2.2827,12541.0,30738.027,24.510028705844825
605005.SH,20260602,16.76,16.95,16.18,16.61,16.75,-0.14,-0.8358,32152.2,52789.768,16.418711005778764
605006.SH,20260602,16.29,17.28,15.68,16.85,16.49,0.36,2.1831,702615.06,1162339.167,16.54304374005305
605007.SH,20260602,14.24,14.29,13.89,13.99,14.24,-0.25,-1.7556,39748.0,55702.071,14.013804719734326
605008.SH,20260602,11.32,11.47,11.06,11.13,11.3,-0.17,-1.5044,16177.06,18132.671,11.20887911647728
605009.SH,20260602,25.98,26.13,25.41,25.52,26.08,-0.56,-2.1472,14858.4,38331.725,25.79801661013299
605011.SH,20260602,22.61,23.18,22.22,22.68,23.06,-0.38,-1.6479,117440.3,266110.446,22.659210339210645
605016.SH,20260602,25.22,25.59,24.82,24.91,25.41,-0.5,-1.9677,33542.9,84036.306,25.05338119244311
605018.SH,20260602,13.95,14.51,13.85,14.37,13.85,0.52,3.7545,112130.0,159600.151,14.233492464104165
605020.SH,20260602,34.9,35.87,34.12,35.6,35.11,0.49,1.3956,262629.04,922679.809,35.13243657289385
605028.SH,20260602,23.22,23.26,22.17,22.8,23.28,-0.48,-2.0619,17670.0,40052.119,22.666734012450483
605033.SH,20260602,20.65,20.71,19.83,20.07,20.5,-0.43,-2.0976,17437.0,35008.541,20.077158341457817
605050.SH,20260602,11.07,11.32,10.8,11.08,11.02,0.06,0.5445,43067.0,47619.959,11.057180439779879
605055.SH,20260602,12.24,12.9,11.89,12.02,12.96,-0.94,-7.2531,201002.0,245356.742,12.206681625058458
605056.SH,20260602,20.16,20.5,18.84,18.99,20.89,-1.9,-9.0953,132234.0,257754.972,19.49233722038205
605058.SH,20260602,39.88,41.51,39.03,39.66,40.28,-0.62,-1.5392,66192.92,264891.014,40.018028212080694
605060.SH,20260602,49.55,49.59,46.96,48.15,49.52,-1.37,-2.7666,65775.14,315407.585,47.95240040538112
605066.SH,20260602,7.55,7.58,7.18,7.36,7.58,-0.22,-2.9024,292376.5,215225.309,7.361238300615815
605068.SH,20260602,23.2,23.5,21.1,22.14,23.15,-1.01,-4.3629,45715.0,100163.663,21.910458930329213
605069.SH,20260602,12.38,12.65,11.61,11.63,12.38,-0.75,-6.0582,79126.5,93827.998,11.85797400365238
605077.SH,20260602,17.99,18.57,17.36,17.39,18.0,-0.61,-3.3889,177990.02,317267.399,17.82501058205398
605080.SH,20260602,24.4,24.94,22.95,23.37,24.66,-1.29,-5.2311,28120.4,66140.611,23.520508598739703
605086.SH,20260602,32.34,32.6,31.45,31.49,32.21,-0.72,-2.2353,25157.0,80095.151,31.83811702508248
605088.SH,20260602,34.6,34.82,33.71,34.61,34.45,0.16,0.4644,30522.0,104634.136,34.28154642552913
605089.SH,20260602,23.33,23.37,22.4,22.66,23.31,-0.65,-2.7885,13872.07,31610.559,22.78719686391433
605090.SH,20260602,37.05,37.19,35.85,36.64,37.07,-0.43,-1.16,80472.84,293467.543,36.46789935585721
605098.SH,20260602,56.83,57.15,55.54,56.15,56.83,-0.68,-1.1966,11575.04,65291.57,56.40720895996903
605099.SH,20260602,44.38,44.38,40.45,40.45,44.94,-4.49,-9.9911,74842.0,307811.791,41.128215574142864
605100.SH,20260602,36.42,36.86,34.24,35.38,36.56,-1.18,-3.2276,47964.0,168669.409,35.165834584271536
605108.SH,20260602,13.9,13.9,13.56,13.64,13.9,-0.26,-1.8705,21977.0,30018.995,13.659277881421485
605111.SH,20260602,61.99,63.41,59.73,62.01,62.05,-0.04,-0.0645,277164.8,1713878.703,61.8360882406424
605116.SH,20260602,20.02,20.12,19.38,19.46,19.96,-0.5,-2.505,29785.0,58275.17,19.565274467013595
605117.SH,20260602,113.7,114.2,107.61,111.1,114.0,-2.9,-2.5439,197686.57,2181196.336,110.33609091401607
605118.SH,20260602,35.61,36.5,34.48,35.17,36.02,-0.85,-2.3598,42464.98,148894.83,35.0629695339548
605122.SH,20260602,13.32,13.53,12.91,13.09,13.43,-0.34,-2.5316,32120.4,42101.846,13.107509869117443
605123.SH,20260602,99.63,100.15,95.35,97.77,99.16,-1.39,-1.4018,32056.65,313190.272,97.69900223510567
605128.SH,20260602,23.14,23.72,23.0,23.4,23.15,0.25,1.0799,44986.21,105028.223,23.34675959588505
605133.SH,20260602,36.0,36.59,35.29,36.04,35.75,0.29,0.8112,83797.09,302039.508,36.0441523685369
605136.SH,20260602,10.05,10.05,9.38,9.48,10.0,-0.52,-5.2,141124.47,134630.793,9.539861726318618
605138.SH,20260602,7.14,7.22,7.08,7.15,7.15,0.0,0.0,68272.0,48892.793,7.161470734708225
605151.SH,20260602,22.04,22.1,21.29,21.41,22.02,-0.61,-2.7702,20434.0,44203.341,21.6322506606636
605155.SH,20260602,15.52,15.62,14.63,14.88,15.52,-0.64,-4.1237,36377.6,54341.532,14.938185036945812
605158.SH,20260602,7.01,7.05,6.73,6.82,7.01,-0.19,-2.7104,53251.9,36277.596,6.812451011137631
605162.SH,20260602,10.08,10.55,9.87,10.5,10.2,0.3,2.9412,207656.8,212799.368,10.247647464470223
605166.SH,20260602,10.67,11.06,10.2,10.26,10.67,-0.41,-3.8425,164947.79,173048.297,10.491095212612427
605167.SH,20260602,15.3,15.7,14.88,15.49,15.31,0.18,1.1757,74335.35,114071.639,15.345544078288459
605168.SH,20260602,50.05,50.05,47.91,48.8,50.31,-1.51,-3.0014,62371.41,302993.912,48.57897424477016
605169.SH,20260602,11.89,11.99,11.63,11.74,11.89,-0.15,-1.2616,31579.31,37107.847,11.750683279653673
605177.SH,20260602,22.99,23.79,22.33,22.6,22.76,-0.16,-0.703,92162.35,212084.5,23.01205427161959
605178.SH,20260602,63.86,63.86,57.6,59.1,63.86,-4.76,-7.4538,51291.02,305462.144,59.554702558069614
605179.SH,20260602,15.42,15.59,14.96,15.03,15.55,-0.52,-3.3441,36661.0,55514.061,15.142538665066422
605180.SH,20260602,14.05,14.21,13.5,13.61,14.06,-0.45,-3.2006,34787.0,47539.258,13.665811366315005
605183.SH,20260602,15.76,15.9,15.24,15.45,15.99,-0.54,-3.3771,37090.5,57389.188,15.472745851363555
605186.SH,20260602,26.88,27.68,25.9,27.23,27.26,-0.03,-0.1101,71156.0,190738.768,26.80571814042386
605188.SH,20260602,14.51,15.02,14.15,14.31,14.69,-0.38,-2.5868,123658.0,178913.946,14.468448947904704
605189.SH,20260602,14.7,14.77,14.11,14.41,14.65,-0.24,-1.6382,63143.23,90309.581,14.302337875335171
605196.SH,20260602,41.85,42.36,40.3,41.14,42.56,-1.42,-3.3365,264429.93,1091634.247,41.28255250833369
605198.SH,20260602,57.88,58.91,55.55,55.98,57.88,-1.9,-3.2827,33180.0,187650.77,56.555385774562986
605199.SH,20260602,6.82,6.84,6.66,6.71,6.81,-0.1,-1.4684,14049.0,9442.8,6.721332479180012
605208.SH,20260602,14.39,14.6,13.9,14.28,14.31,-0.03,-0.2096,105608.56,150352.927,14.236812527317861
605218.SH,20260602,16.49,16.67,16.03,16.58,16.53,0.05,0.3025,44516.94,73249.257,16.454243485738235
605222.SH,20260602,29.6,29.6,27.95,28.39,29.48,-1.09,-3.6974,94900.4,271250.778,28.58268015730176
605228.SH,20260602,12.8,12.84,12.43,12.57,12.74,-0.17,-1.3344,41491.41,52044.838,12.543521177033995
605255.SH,20260602,85.0,85.0,80.13,82.92,86.1,-3.18,-3.6934,15041.01,123654.366,82.21147781964109
605258.SH,20260602,36.33,37.77,35.53,35.88,36.42,-0.54,-1.4827,37814.04,137843.153,36.45290294292807
605259.SH,20260602,19.42,19.84,19.2,19.63,19.43,0.2,1.0293,20611.01,40142.261,19.47612513894273
605266.SH,20260602,18.85,18.85,18.22,18.26,18.86,-0.6,-3.1813,16974.36,31312.589,18.446992405015564
605268.SH,20260602,10.78,10.79,10.41,10.49,10.73,-0.24,-2.2367,32872.0,34559.565,10.513374604526648
605277.SH,20260602,25.3,25.5,24.1,24.55,25.74,-1.19,-4.6232,432795.55,1070078.595,24.724805858100897
605286.SH,20260602,35.64,35.65,34.04,34.58,35.7,-1.12,-3.1373,18241.13,63030.26,34.55392292034539
605287.SH,20260602,43.0,43.46,40.84,41.9,43.33,-1.43,-3.3003,36758.46,153454.971,41.74684439990141
605288.SH,20260602,86.33,94.96,85.0,94.96,86.33,8.63,9.9965,14570.21,132606.805,91.01228122312583
605289.SH,20260602,108.83,108.83,103.0,107.07,106.81,0.26,0.2434,43079.25,458602.655,106.45558012268089
605296.SH,20260602,26.88,27.13,26.24,26.46,27.2,-0.74,-2.7206,20765.0,55060.738,26.516127137009388
605298.SH,20260602,57.51,59.99,54.77,55.0,57.51,-2.51,-4.3645,31039.0,175750.238,56.62239054093238
605299.SH,20260602,18.09,18.09,16.28,16.28,18.09,-1.81,-10.0055,128196.2,214448.338,16.72813531134308
605300.SH,20260602,10.38,10.45,10.02,10.2,10.45,-0.25,-2.3923,86535.14,88059.326,10.176134920449657
605303.SH,20260602,25.76,27.89,25.75,26.91,26.02,0.89,3.4204,107146.5,285637.772,26.658618993620884
605305.SH,20260602,40.67,41.55,39.73,40.3,40.54,-0.24,-0.592,48167.22,194114.519,40.30012921650865
605318.SH,20260602,93.1,93.22,90.66,92.93,92.95,-0.02,-0.0215,10744.0,98958.581,92.10590189873417
605319.SH,20260602,25.05,25.35,24.53,24.87,24.87,0.0,0.0,29135.2,72351.462,24.83300680963233
605333.SH,20260602,20.65,21.12,20.42,20.58,20.61,-0.03,-0.1456,22625.9,46748.224,20.661376564026185
605336.SH,20260602,16.88,17.4,16.88,17.15,16.7,0.45,2.6946,31029.54,53353.977,17.194575556066894
605337.SH,20260602,10.1,10.11,9.83,9.85,10.14,-0.29,-2.86,39954.0,39631.54,9.919292186013916
605338.SH,20260602,22.06,22.18,21.39,21.73,22.06,-0.33,-1.4959,24213.0,52534.646,21.69687605831578
605339.SH,20260602,14.45,14.53,13.92,14.07,14.54,-0.47,-3.2325,16232.0,22863.844,14.085660423854115
605358.SH,20260602,55.69,56.18,53.58,53.84,56.1,-2.26,-4.0285,517504.16,2832389.365,54.731721673503074
605365.SH,20260602,17.42,17.47,16.9,17.35,17.32,0.03,0.1732,46777.0,80282.103,17.162730187912864
605366.SH,20260602,10.78,10.87,10.49,10.66,10.68,-0.02,-0.1873,185572.7,197925.448,10.665655454708585
605368.SH,20260602,7.22,7.22,7.12,7.15,7.22,-0.07,-0.9695,33797.4,24191.482,7.157793794788948
605369.SH,20260602,18.55,18.85,18.09,18.16,18.56,-0.4,-2.1552,15976.24,29317.897,18.350936766097657
605376.SH,20260602,180.0,194.58,170.08,190.64,178.78,11.86,6.6339,214222.62,4018265.028,187.57426400629402
605377.SH,20260602,9.22,9.22,8.91,8.97,9.16,-0.19,-2.0742,49310.72,44296.359,8.983109352286885
605378.SH,20260602,17.06,17.2,16.51,16.67,17.09,-0.42,-2.4576,22032.4,36776.682,16.692090739093334
605388.SH,20260602,6.15,6.17,5.81,5.84,6.17,-0.33,-5.3485,119348.39,70581.137,5.913874246648824
605389.SH,20260602,82.18,85.0,80.0,81.62,82.92,-1.3,-1.5678,19104.24,156936.121,82.14727254263975
605398.SH,20260602,24.99,25.18,23.31,23.65,24.76,-1.11,-4.483,48828.16,116167.247,23.791035132186018
605399.SH,20260602,14.16,14.28,12.91,13.32,14.16,-0.84,-5.9322,97712.54,130622.889,13.368078344908444
605488.SH,20260602,33.8,34.84,32.71,34.32,33.41,0.91,2.7237,78436.09,266709.21,34.003379056758185
605499.SH,20260602,150.0,154.9,148.55,149.6,152.3,-2.7,-1.7728,89532.53,1349991.063,150.78218642989316
605500.SH,20260602,8.15,8.17,7.63,7.71,8.1,-0.39,-4.8148,183448.72,142828.785,7.785760783722012
605507.SH,20260602,15.84,16.09,15.58,15.64,15.83,-0.19,-1.2003,44679.26,70482.582,15.775234862887164
605555.SH,20260602,15.04,15.3,14.76,14.78,15.05,-0.27,-1.794,42660.06,63798.624,14.955118206584803
605566.SH,20260602,41.55,42.89,40.1,42.0,41.75,0.25,0.5988,120611.36,503693.446,41.761691933496145
605567.SH,20260602,10.09,10.17,9.47,9.53,10.02,-0.49,-4.8902,57407.0,55332.07,9.638558015573013
605577.SH,20260602,10.8,10.92,10.54,10.59,10.8,-0.21,-1.9444,41969.0,44712.985,10.65381233767781
605580.SH,20260602,25.0,27.0,24.26,25.71,26.96,-1.25,-4.6365,256506.43,641043.909,24.99133877462643
605588.SH,20260602,55.62,56.44,53.31,54.35,56.25,-1.9,-3.3778,26460.0,144725.801,54.696069916855635
605589.SH,20260602,48.22,54.12,48.21,54.12,49.2,4.92,10.0,710110.15,3688214.967,51.93863187281579
605598.SH,20260602,44.75,44.75,42.23,43.55,44.46,-0.91,-2.0468,35547.6,154125.63,43.357534685885966
605599.SH,20260602,15.95,16.14,15.78,16.08,16.02,0.06,0.3745,59289.96,94545.725,15.946329698991198
688001.SH,20260602,69.57,72.23,65.77,70.86,69.7,1.16,1.6643,148626.23,1028998.28,69.23396226897499
688002.SH,20260602,122.0,128.0,120.56,123.71,121.03,2.68,2.2143,129796.83,1606510.228,123.77114510423712
688003.SH,20260602,95.9,100.0,95.38,97.81,94.7,3.11,3.2841,58785.78,575936.836,97.97213475775945
688004.SH,20260602,21.71,22.17,20.9,21.1,21.76,-0.66,-3.0331,22403.62,47715.904,21.298300899586767
688005.SH,20260602,32.94,33.22,31.54,31.74,32.88,-1.14,-3.4672,223449.35,717144.686,32.09428382763252
688006.SH,20260602,37.0,37.6,35.4,36.07,36.66,-0.59,-1.6094,246731.44,892869.032,36.18789044476861
688007.SH,20260602,13.73,14.25,13.48,13.91,13.73,0.18,1.311,84768.49,117706.916,13.88569219529568
688008.SH,20260602,236.04,242.3,224.95,237.0,232.3,4.7,2.0232,666310.87,15623059.971,234.47103558433622
688009.SH,20260602,4.88,4.99,4.87,4.96,4.9,0.06,1.2245,589983.03,291845.399,4.946674466213036
688010.SH,20260602,36.09,37.33,34.51,36.23,35.94,0.29,0.8069,72220.35,259783.415,35.97094378523505
688011.SH,20260602,56.33,57.4,54.02,56.78,56.31,0.47,0.8347,17486.36,97671.365,55.85574413428524
688012.SH,20260602,278.46,286.32,268.44,282.8,273.0,9.8,3.5897,269236.12,7511327.699,278.98662701720707
688013.SH,20260602,29.36,29.8,28.11,28.63,29.41,-0.78,-2.6522,14182.5,40681.752,28.68447170809096
688015.SH,20260602,18.25,18.34,17.63,17.8,18.25,-0.45,-2.4658,14073.54,25203.575,17.908482869270983
688016.SH,20260602,100.51,104.82,98.15,104.45,100.5,3.95,3.9303,34910.57,357087.229,102.28627862564261
688017.SH,20260602,299.98,318.77,299.98,306.0,287.3,18.7,6.5089,128645.21,3964868.856,308.20182547022154
688018.SH,20260602,165.11,165.94,158.5,162.72,164.78,-2.06,-1.2502,46961.43,761313.43,162.11461831549852
688019.SH,20260602,271.0,280.89,267.33,274.18,268.0,6.18,2.306,57545.44,1579654.571,274.50560305038937
688020.SH,20260602,138.65,146.93,131.12,143.2,138.57,4.63,3.3413,51067.67,719389.195,140.86979002566594
688021.SH,20260602,24.92,25.34,23.63,24.12,24.9,-0.78,-3.1325,15993.8,38785.839,24.25054646175393
688022.SH,20260602,9.49,9.55,9.26,9.32,9.53,-0.21,-2.2036,30816.97,28879.98,9.37145345567718
688023.SH,20260602,42.59,42.88,40.62,41.04,42.11,-1.07,-2.541,20852.56,85829.628,41.16023548187848
688025.SH,20260602,377.63,390.77,360.57,380.8,369.83,10.97,2.9662,38027.44,1442862.118,379.4265714441992
688026.SH,20260602,14.23,14.38,13.72,13.92,14.24,-0.32,-2.2472,14258.69,19951.856,13.992769321725909
688027.SH,20260602,547.0,549.98,530.37,548.99,546.96,2.03,0.3711,21998.48,1192890.226,542.2602952567632
688028.SH,20260602,111.24,118.2,107.7,115.74,109.88,5.86,5.3331,68623.62,777403.769,113.28515881266539
688029.SH,20260602,79.7,80.4,78.42,79.81,80.19,-0.38,-0.4739,17062.25,135787.487,79.58357602309191
688030.SH,20260602,16.89,18.0,16.26,17.3,16.81,0.49,2.9149,61239.57,105291.632,17.19339832072629
688031.SH,20260602,140.1,141.0,130.04,137.03,135.25,1.78,1.3161,158459.12,2154388.593,135.9586367133681
688032.SH,20260602,96.4,97.44,93.88,95.64,97.0,-1.36,-1.4021,10570.37,100877.382,95.43410684772623
688033.SH,20260602,7.19,7.9,7.04,7.89,7.39,0.5,6.7659,168842.52,124283.35,7.360903521222024
688035.SH,20260602,74.99,76.01,72.5,74.88,75.4,-0.52,-0.6897,55081.89,411168.245,74.64672054644457
688036.SH,20260602,62.17,62.73,60.53,62.26,62.0,0.26,0.4194,113524.0,699904.237,61.65253488249181
688037.SH,20260602,242.06,245.96,232.99,242.79,237.32,5.47,2.3049,65335.71,1576930.726,241.35816783807815
688038.SH,20260602,18.8,18.94,18.02,18.48,18.65,-0.17,-0.9115,19311.67,35502.431,18.383925885228983
688039.SH,20260602,45.0,46.36,42.78,43.7,44.8,-1.1,-2.4554,34386.08,150595.233,43.79540587353952
688041.SH,20260602,278.99,288.8,274.06,283.49,275.36,8.13,2.9525,282596.6,7964212.796,281.82266863791006
688045.SH,20260602,65.06,65.64,62.12,63.9,65.06,-1.16,-1.783,20601.29,131472.499,63.81760511113625
688046.SH,20260602,19.0,19.0,17.92,18.25,18.81,-0.56,-2.9771,50469.3,92085.987,18.245940997794698
688047.SH,20260602,145.7,145.7,137.66,140.09,144.23,-4.14,-2.8704,98071.81,1376613.693,140.3679296833616
688048.SH,20260602,346.99,362.6,330.91,353.7,340.0,13.7,4.0294,133438.99,4670997.025,350.0473905715264
688049.SH,20260602,44.61,44.61,42.72,43.36,44.35,-0.99,-2.2322,73191.18,319116.477,43.600400622042166
688050.SH,20260602,43.78,44.03,43.01,43.61,43.78,-0.17,-0.3883,23601.5,102668.423,43.500804186174605
688051.SH,20260602,32.2,33.0,30.8,31.15,32.1,-0.95,-2.9595,19229.22,60342.914,31.380843320737917
688052.SH,20260602,238.88,245.18,230.01,239.58,236.5,3.08,1.3023,41638.73,995889.751,239.17390155751627
688053.SH,20260602,36.28,36.8,35.68,36.2,36.2,0.0,0.0,6389.15,23156.338,36.2432217118083
688055.SH,20260602,4.68,4.96,4.57,4.88,4.75,0.13,2.7368,416050.33,200741.993,4.8249449291387405
688056.SH,20260602,32.89,34.21,31.77,34.06,33.0,1.06,3.2121,12782.23,42343.853,33.12712492264652
688057.SH,20260602,15.0,15.86,14.69,15.52,14.98,0.54,3.6048,104689.74,159711.92,15.255737572755459
688058.SH,20260602,26.0,26.46,24.67,24.9,25.98,-1.08,-4.157,16500.95,41437.415,25.112138998057688
688059.SH,20260602,138.8,143.18,134.8,140.98,138.38,2.6,1.8789,31914.64,446661.702,139.95511213662445
688060.SH,20260602,40.0,40.39,38.67,39.31,39.96,-0.65,-1.6266,5218.98,20582.089,39.43699535158211
688061.SH,20260602,37.0,37.74,36.14,36.31,37.24,-0.93,-2.4973,17381.88,63694.825,36.644381965587144
688062.SH,20260602,28.88,29.26,27.71,28.51,28.98,-0.47,-1.6218,76125.97,216038.07,28.379023610470906
688063.SH,20260602,66.41,66.8,62.52,63.48,66.22,-2.74,-4.1377,104095.32,663147.494,63.705793305597204
688065.SH,20260602,40.43,41.22,39.51,40.67,40.4,0.27,0.6683,67411.46,271450.981,40.26777954371556
688066.SH,20260602,14.29,14.55,13.77,14.21,14.4,-0.19,-1.3194,99057.1,139413.921,14.074096758334333
688067.SH,20260602,24.65,24.95,24.06,24.34,24.64,-0.3,-1.2175,9921.11,24239.314,24.43205850958209
688068.SH,20260602,85.11,85.89,79.0,81.0,85.82,-4.82,-5.6164,18588.42,149762.675,80.56772711182553
688069.SH,20260602,60.26,60.7,53.0,54.45,60.37,-5.92,-9.8062,74074.43,415483.75,56.09003673737348
688070.SH,20260602,42.0,42.25,40.47,41.35,42.1,-0.75,-1.7815,14024.14,57856.022,41.25459529069162
688071.SH,20260602,34.13,35.43,33.33,34.68,34.16,0.52,1.5222,38244.97,131570.796,34.402117716395125
688072.SH,20260602,585.0,605.99,575.0,596.0,583.35,12.65,2.1685,103612.18,6150461.51,593.6041023362311
688073.SH,20260602,50.31,50.45,48.46,49.51,49.98,-0.47,-0.9404,12758.1,62839.598,49.25466801482979
688075.SH,20260602,34.98,34.98,33.22,33.5,34.75,-1.25,-3.5971,4717.99,15923.522,33.75064805139477
688076.SH,20260602,30.06,30.06,29.48,29.56,30.06,-0.5,-1.6633,15328.67,45350.04,29.585110776081684
688077.SH,20260602,27.53,27.77,26.5,27.4,27.54,-0.14,-0.5084,22627.84,61456.994,27.159903022117888
688078.SH,20260602,24.6,24.83,23.52,23.59,24.58,-0.99,-4.0277,10464.95,25000.535,23.889779693166236
688079.SH,20260602,24.76,26.76,24.71,26.76,22.3,4.46,20.0,207857.69,540700.001,26.01298999329782
688080.SH,20260602,42.14,42.28,40.8,41.4,42.15,-0.75,-1.7794,11321.2,46946.684,41.467939794368085
688081.SH,20260602,50.1,53.5,49.15,52.65,50.58,2.07,4.0925,21590.79,111570.804,51.675183724171276
688082.SH,20260602,217.0,233.17,210.33,225.05,215.15,9.9,4.6014,108297.49,2404811.917,222.05610831793052
688083.SH,20260602,56.74,57.78,55.39,55.53,56.74,-1.21,-2.1325,29377.89,165352.469,56.28466475979045
688084.SH,20260602,53.5,53.5,49.96,51.79,52.97,-1.18,-2.2277,15770.3,80542.048,51.07198214364977
688085.SH,20260602,15.4,15.65,14.9,14.97,15.4,-0.43,-2.7922,28860.27,43389.539,15.034349643991549
688087.SH,20260602,38.27,39.74,37.55,39.36,37.79,1.57,4.1545,28827.27,112105.343,38.888643635002545
688088.SH,20260602,40.6,40.97,39.31,39.41,40.29,-0.88,-2.1842,63284.09,252746.748,39.93843444695183
688089.SH,20260602,13.33,13.33,12.8,12.88,13.2,-0.32,-2.4242,21038.01,27251.753,12.9535792596353
688090.SH,20260602,85.31,90.01,83.01,89.02,84.37,4.65,5.5114,51008.0,446100.893,87.45704458124216
688091.SH,20260602,44.15,46.2,41.61,45.86,44.6,1.26,2.8251,76069.41,335611.506,44.119115160745956
688092.SH,20260602,27.42,27.52,26.81,27.07,27.43,-0.36,-1.3124,7697.97,20881.091,27.12545125533095
688093.SH,20260602,30.5,31.33,30.05,30.77,30.42,0.35,1.1506,30000.5,92248.41,30.748957517374713
688095.SH,20260602,76.61,77.5,74.11,74.69,75.63,-0.94,-1.2429,29889.47,224917.622,75.24978596141048
688096.SH,20260602,12.9,13.55,12.36,12.74,13.11,-0.37,-2.8223,123794.17,158673.453,12.817522262962788
688097.SH,20260602,59.25,66.58,58.86,64.92,59.0,5.92,10.0339,176459.5,1120495.836,63.49875387836868
688098.SH,20260602,8.03,8.03,7.82,7.87,8.01,-0.14,-1.7478,19185.17,15100.302,7.870820013583409
688099.SH,20260602,102.1,103.0,97.51,101.7,101.1,0.6,0.5935,149492.66,1505417.049,100.70173672740856
688100.SH,20260602,36.45,37.0,35.3,35.65,36.79,-1.14,-3.0987,36019.94,128806.418,35.75975362535307
688101.SH,20260602,17.86,17.92,17.1,17.53,17.86,-0.33,-1.8477,49913.61,86979.303,17.42596918956573
688102.SH,20260602,35.0,35.15,33.64,34.72,34.61,0.11,0.3178,113172.14,391734.773,34.61406429179478
688103.SH,20260602,61.65,63.46,58.8,62.24,62.05,0.19,0.3062,26561.91,162785.773,61.285416974908806
688105.SH,20260602,19.26,19.26,18.64,18.78,19.27,-0.49,-2.5428,21940.5,41301.039,18.824110207151158
688106.SH,20260602,25.9,25.99,25.06,25.46,25.33,0.13,0.5132,207740.63,529681.046,25.497229213177988
688107.SH,20260602,46.13,47.4,43.11,43.39,46.17,-2.78,-6.0212,193414.58,866659.225,44.80837096148594
688108.SH,20260602,21.69,21.89,20.9,21.22,21.59,-0.37,-1.7138,196642.11,416944.392,21.20320983130216
688109.SH,20260602,81.0,81.01,76.66,80.6,81.63,-1.03,-1.2618,9391.58,74133.455,78.93608423715712
688110.SH,20260602,127.25,129.38,124.6,126.5,125.53,0.97,0.7727,179158.2,2273137.889,126.87880817065587
688111.SH,20260602,258.18,263.76,253.0,262.25,256.1,6.15,2.4014,139684.37,3614518.195,258.76325282492235
688112.SH,20260602,64.29,66.61,62.8,64.8,64.65,0.15,0.232,36901.29,238056.237,64.5116300812248
688113.SH,20260602,39.89,39.91,38.62,39.19,39.6,-0.41,-1.0354,12067.56,47566.455,39.4167959388642
688114.SH,20260602,48.54,50.17,46.7,49.0,48.83,0.17,0.3481,50667.45,246074.894,48.56666242331122
688115.SH,20260602,52.87,54.11,51.51,52.03,53.42,-1.39,-2.602,15449.33,81286.318,52.614785236641325
688116.SH,20260602,43.75,43.75,41.74,42.48,43.75,-1.27,-2.9029,117217.37,498743.221,42.54857629035697
688117.SH,20260602,34.42,34.42,32.98,33.1,34.33,-1.23,-3.5829,19872.82,66042.857,33.23275559281471
688118.SH,20260602,24.4,24.63,23.13,23.42,24.31,-0.89,-3.661,29800.11,70166.416,23.54569026758626
688119.SH,20260602,4.49,4.52,4.38,4.47,4.52,-0.05,-1.1062,101641.41,45200.071,4.447013377716819
688120.SH,20260602,245.0,249.98,238.18,244.76,244.7,0.06,0.0245,84139.99,2060733.668,244.91727037286313
688122.SH,20260602,67.71,67.9,63.02,64.21,67.32,-3.11,-4.6197,184035.55,1188821.857,64.59740289308235
688123.SH,20260602,131.11,131.11,123.62,127.2,127.67,-0.47,-0.3681,82570.87,1052443.478,127.45941492441582
688125.SH,20260602,186.43,186.8,167.95,180.68,186.37,-5.69,-3.0531,8385.5,148415.898,176.99111323117282
688126.SH,20260602,25.88,26.22,24.6,24.71,25.88,-1.17,-4.5209,1328870.32,3325609.337,25.02583801405091
688127.SH,20260602,81.49,83.42,79.2,82.16,80.46,1.7,2.1129,92087.36,753428.69,81.81673250270178
688128.SH,20260602,25.17,25.61,24.77,25.21,25.42,-0.21,-0.8261,23120.73,58247.902,25.192933787125234
688129.SH,20260602,29.19,29.19,26.7,27.16,28.85,-1.69,-5.8579,17433.82,47876.544,27.461878119654788
688130.SH,20260602,26.0,26.24,24.68,24.8,25.98,-1.18,-4.542,22659.55,57021.027,25.164236271241048
688131.SH,20260602,78.5,78.65,76.58,77.05,78.5,-1.45,-1.8471,43593.37,336974.472,77.29947742053436
688132.SH,20260602,15.18,15.77,14.75,14.92,15.49,-0.57,-3.6798,25565.66,38236.702,14.956274158382767
688133.SH,20260602,22.39,22.39,20.9,21.3,22.39,-1.09,-4.8682,73280.61,158001.747,21.56119429136848
688135.SH,20260602,35.68,36.29,33.91,34.69,35.97,-1.28,-3.5585,145034.53,506628.324,34.93156588296594
688136.SH,20260602,21.0,21.01,19.95,20.18,21.11,-0.93,-4.4055,37951.93,76722.497,20.21570365459675
688137.SH,20260602,42.2,42.2,40.38,41.29,42.0,-0.71,-1.6905,6782.13,27840.05,41.04912468501783
688138.SH,20260602,30.2,31.7,29.6,31.12,30.49,0.63,2.0663,92285.53,284877.101,30.869097354699054
688139.SH,20260602,31.61,31.64,30.78,30.94,31.61,-0.67,-2.1196,35146.14,109387.823,31.123708890933685
688141.SH,20260602,90.5,101.8,90.0,98.78,88.92,9.86,11.0886,216698.46,2096659.495,96.75470213309316
688143.SH,20260602,151.43,175.47,151.0,175.0,153.33,21.67,14.1329,98372.83,1626547.991,165.34524736149197
688146.SH,20260602,173.39,196.58,173.39,192.0,169.99,22.01,12.9478,232035.12,4268286.89,183.95003695992227
688147.SH,20260602,79.77,85.4,76.77,84.3,78.0,6.3,8.0769,145975.05,1199181.073,82.14972853237592
688148.SH,20260602,8.66,8.71,8.19,8.32,8.66,-0.34,-3.9261,173323.82,144840.6,8.356647112901157
688150.SH,20260602,49.99,52.75,49.61,52.32,49.99,2.33,4.6609,143274.71,736640.508,51.41455236587113
688151.SH,20260602,17.46,17.56,16.95,17.1,17.56,-0.46,-2.6196,16255.13,27803.018,17.104149889911678
688152.SH,20260602,33.41,33.86,32.22,32.7,33.39,-0.69,-2.0665,14365.86,47173.124,32.836964859743865
688153.SH,20260602,28.77,28.95,27.78,27.96,28.77,-0.81,-2.8154,51296.17,144450.213,28.160038653957983
688155.SH,20260602,83.75,84.38,80.31,82.25,83.57,-1.32,-1.5795,29276.39,240304.309,82.0812637760325
688156.SH,20260602,25.19,25.2,24.31,24.86,25.19,-0.33,-1.31,23040.06,57236.045,24.84196872751199
688157.SH,20260602,30.05,31.16,29.1,29.52,29.44,0.08,0.2717,28073.52,84116.934,29.96308763560822
688158.SH,20260602,39.55,39.78,37.39,38.98,38.74,0.24,0.6195,242394.28,933994.943,38.53205376793545
688159.SH,20260602,47.4,48.1,45.02,46.23,47.4,-1.17,-2.4684,42647.61,197966.883,46.41922091296558
688160.SH,20260602,107.88,111.88,105.33,106.32,105.5,0.82,0.7773,32196.79,346887.793,107.7398687881618
688161.SH,20260602,26.38,26.39,25.26,25.31,26.38,-1.07,-4.0561,14393.34,36717.014,25.50972463653329
688162.SH,20260602,29.7,29.98,28.67,29.29,29.95,-0.66,-2.2037,22075.05,64775.017,29.343089596626054
688163.SH,20260602,35.42,36.52,34.51,36.06,35.47,0.59,1.6634,13877.24,49348.71,35.56089683539378
688165.SH,20260602,18.6,19.37,18.47,18.62,18.5,0.12,0.6486,112461.68,212208.888,18.869439617121138
688166.SH,20260602,51.23,51.75,49.51,49.92,51.3,-1.38,-2.6901,83325.21,418185.465,50.18714804319125
688167.SH,20260602,428.0,441.81,418.0,441.5,421.48,20.02,4.7499,39521.1,1709895.524,432.65382896731114
688168.SH,20260602,58.88,59.34,57.05,57.92,59.07,-1.15,-1.9468,15117.41,88034.955,58.23415188183691
688169.SH,20260602,107.98,108.77,103.8,106.03,107.98,-1.95,-1.8059,54600.47,575934.477,105.48159695328629
688170.SH,20260602,70.9,73.7,68.41,71.4,70.06,1.34,1.9126,81766.82,581016.258,71.05770506912216
688171.SH,20260602,56.47,57.23,54.32,54.69,56.7,-2.01,-3.545,22709.84,126093.879,55.52389580904137
688172.SH,20260602,64.59,67.35,62.99,64.66,63.68,0.98,1.5389,254305.22,1662215.094,65.36299545876408
688173.SH,20260602,16.4,16.55,15.84,16.14,16.26,-0.12,-0.738,128724.61,208719.44,16.214416186617306
688175.SH,20260602,35.72,38.71,35.71,38.19,35.7,2.49,6.9748,55474.69,208421.988,37.570644919331684
688176.SH,20260602,10.96,10.98,10.45,10.61,10.96,-0.35,-3.1934,101603.12,108140.092,10.64338299847485
688177.SH,20260602,19.0,19.37,18.29,18.39,19.14,-0.75,-3.9185,32968.16,61362.775,18.612738775837048
688178.SH,20260602,37.53,39.5,37.02,39.1,37.3,1.8,4.8257,40377.0,155233.881,38.446115610372246
688179.SH,20260602,20.35,20.52,19.6,20.47,20.29,0.18,0.8871,83172.84,167716.967,20.164871970224894
688180.SH,20260602,33.43,33.98,32.1,32.19,33.03,-0.84,-2.5431,134289.45,436298.192,32.48938706651937
688181.SH,20260602,41.0,41.52,39.29,40.13,40.5,-0.37,-0.9136,109036.22,441320.906,40.47470702854519
688182.SH,20260602,33.98,34.43,33.49,33.8,33.89,-0.09,-0.2656,73952.2,251185.673,33.96595003258862
688183.SH,20260602,122.83,135.77,117.5,131.55,123.0,8.55,6.9512,415483.53,5280767.544,127.09932314284515
688184.SH,20260602,12.89,13.1,12.8,12.98,12.98,0.0,0.0,4904.14,6367.344,12.98360976644223
688185.SH,20260602,56.73,56.73,54.57,54.78,57.01,-2.23,-3.9116,19117.01,105454.605,55.1627084988709
688186.SH,20260602,20.9,21.16,20.24,20.7,20.8,-0.1,-0.4808,57740.77,119290.738,20.6597068241383
688187.SH,20260602,58.22,58.42,56.1,56.88,57.7,-0.82,-1.4211,108026.6,618167.806,57.22366583785845
688188.SH,20260602,155.6,156.96,150.0,153.4,154.46,-1.06,-0.6863,30569.54,470177.873,153.80600198759942
688189.SH,20260602,8.27,8.37,7.84,7.87,8.31,-0.44,-5.2948,81417.06,64745.868,7.952371161523151
688190.SH,20260602,113.0,117.0,110.58,112.77,114.01,-1.24,-1.0876,34584.35,392930.207,113.61503310023176
688191.SH,20260602,51.66,52.77,47.83,47.92,50.3,-2.38,-4.7316,68164.8,337757.221,49.55009344999178
688192.SH,20260602,47.6,48.48,42.32,43.15,48.61,-5.46,-11.2323,107831.61,476388.796,44.17895605935959
688193.SH,20260602,50.94,51.64,49.12,49.83,50.79,-0.96,-1.8901,8514.68,42564.57,49.9896296748674
688195.SH,20260602,221.8,236.88,214.8,231.82,220.71,11.11,5.0338,78413.64,1788569.041,228.0941225276623
688196.SH,20260602,43.77,44.49,42.06,42.99,43.57,-0.58,-1.3312,8799.02,37570.718,42.69875281565447
688197.SH,20260602,36.18,36.18,34.36,34.85,36.09,-1.24,-3.4359,13463.9,47165.032,35.030735522396924
688198.SH,20260602,85.1,85.55,81.45,83.14,84.39,-1.25,-1.4812,4309.55,35847.184,83.18080542051953
688199.SH,20260602,25.6,26.0,25.0,25.58,25.79,-0.21,-0.8143,48620.11,124214.83,25.54803557622556
688200.SH,20260602,382.96,386.38,367.79,373.46,377.3,-3.84,-1.0178,35887.43,1351772.431,376.67016863564766
688201.SH,20260602,8.41,8.64,8.4,8.53,8.38,0.15,1.79,55461.64,47281.759,8.5251281786835
688202.SH,20260602,57.88,57.99,55.03,56.09,57.7,-1.61,-2.7903,26844.05,150103.73,55.9169462134067
688203.SH,20260602,12.36,12.6,11.83,12.0,12.37,-0.37,-2.9911,40113.01,48218.644,12.020699518684834
688205.SH,20260602,221.99,234.57,218.0,232.59,220.01,12.58,5.7179,89396.32,2043890.377,228.63249594614186
688206.SH,20260602,36.63,37.5,35.88,36.2,36.2,0.0,0.0,89511.61,328423.679,36.690623596201654
688207.SH,20260602,15.74,16.02,15.02,15.1,15.8,-0.7,-4.4304,92244.07,141003.767,15.28594380104867
688208.SH,20260602,30.23,31.48,29.34,30.87,30.22,0.65,2.1509,239866.64,728768.262,30.382226640603292
688209.SH,20260602,23.36,23.36,21.82,22.02,23.14,-1.12,-4.8401,179327.68,399164.422,22.258940839473308
688210.SH,20260602,46.8,48.88,44.8,48.42,46.62,1.8,3.861,61639.0,291666.982,47.318577848440114
688211.SH,20260602,34.18,34.2,33.09,33.53,34.18,-0.65,-1.9017,9520.56,31947.577,33.556405295486826
688212.SH,20260602,30.72,31.4,30.1,30.88,30.71,0.17,0.5536,18074.9,55534.025,30.724388516672292
688213.SH,20260602,98.99,99.77,94.26,96.34,98.1,-1.76,-1.7941,111000.0,1073626.794,96.7231345945946
688215.SH,20260602,69.19,69.99,66.7,67.55,68.85,-1.3,-1.8882,5217.62,35347.131,67.74569823022757
688216.SH,20260602,33.23,33.48,31.64,32.16,33.16,-1.0,-3.0157,34704.46,112651.262,32.46016852012681
688217.SH,20260602,26.02,26.07,24.51,24.9,26.0,-1.1,-4.2308,11530.97,28926.559,25.08597195205607
688218.SH,20260602,43.12,45.45,42.96,43.2,44.0,-0.8,-1.8182,57292.07,252522.655,44.07637130234603
688219.SH,20260602,11.38,11.38,10.98,11.2,11.37,-0.17,-1.4952,78896.8,87999.869,11.15379445047201
688220.SH,20260602,101.42,104.23,98.16,103.85,100.42,3.43,3.4157,121544.99,1234665.616,101.58095500275246
688221.SH,20260602,19.41,19.41,18.36,19.17,19.52,-0.35,-1.793,118149.66,223363.199,18.905107217405448
688222.SH,20260602,27.05,28.1,26.58,27.23,27.41,-0.18,-0.6567,132262.66,363003.916,27.445683914114536
688223.SH,20260602,5.8,5.84,5.5,5.61,5.79,-0.18,-3.1088,1454254.93,814689.513,5.60210934268588
688225.SH,20260602,15.39,15.52,14.61,14.81,15.07,-0.26,-1.7253,44114.32,65696.851,14.892409312894316
688226.SH,20260602,47.07,47.75,44.5,47.4,46.74,0.66,1.4121,69929.62,324082.492,46.34409453390424
688227.SH,20260602,82.0,86.99,81.15,83.83,80.61,3.22,3.9945,71707.97,601529.876,83.88605562254796
688228.SH,20260602,91.49,91.49,86.3,89.38,90.0,-0.62,-0.6889,17620.44,156352.048,88.73333923556962
688229.SH,20260602,90.0,101.58,87.35,99.27,88.51,10.76,12.1568,48383.46,461459.364,95.37543697784326
688230.SH,20260602,65.93,66.85,63.72,64.44,66.61,-2.17,-3.2578,13996.52,91017.105,65.02838205496795
688231.SH,20260602,46.49,46.76,43.14,44.56,46.54,-1.98,-4.2544,57135.84,253253.596,44.32482238818927
688232.SH,20260602,21.37,21.37,20.12,20.26,20.71,-0.45,-2.1729,27176.75,56078.136,20.63459979578132
688233.SH,20260602,82.3,82.3,78.09,79.43,80.85,-1.42,-1.7563,59723.71,478332.196,80.09083762545897
688234.SH,20260602,137.89,139.0,129.32,135.0,135.98,-0.98,-0.7207,155873.43,2081745.231,133.5535652869126
688235.SH,20260602,232.0,232.0,218.89,220.82,234.62,-13.8,-5.8819,57455.99,1278766.682,222.5645545399183
688236.SH,20260602,16.11,16.38,15.89,15.95,16.11,-0.16,-0.9932,19607.68,31423.799,16.026270828573292
688237.SH,20260602,47.43,48.48,46.91,47.92,48.3,-0.38,-0.7867,6285.04,29868.097,47.5225249163092
688238.SH,20260602,6.08,6.27,6.01,6.11,6.08,0.03,0.4934,164400.65,101126.398,6.151216433754977
688239.SH,20260602,59.19,59.19,55.8,57.39,58.7,-1.31,-2.2317,49126.07,281527.756,57.30720084061274
688244.SH,20260602,17.34,17.46,16.73,17.0,17.26,-0.26,-1.5064,15823.32,26947.501,17.030244601006615
688246.SH,20260602,22.22,22.52,21.25,21.4,22.2,-0.8,-3.6036,47864.12,103909.767,21.70932360189637
688247.SH,20260602,8.72,8.72,8.41,8.49,8.72,-0.23,-2.6376,19400.28,16532.38,8.521722366893675
688248.SH,20260602,58.0,58.28,54.28,55.09,58.5,-3.41,-5.8291,65734.02,365712.592,55.635208678854575
688249.SH,20260602,42.2,43.19,40.9,42.1,42.43,-0.33,-0.7778,380405.62,1602275.028,42.12017235707506
688251.SH,20260602,25.62,25.96,24.95,25.31,25.69,-0.38,-1.4792,20937.63,53093.956,25.358149895666315
688252.SH,20260602,21.77,22.0,21.12,21.24,21.78,-0.54,-2.4793,66706.38,143105.975,21.45311662842445
688253.SH,20260602,57.5,58.0,55.56,57.41,57.51,-0.1,-0.1739,24415.19,138628.407,56.77957329023449
688255.SH,20260602,29.94,31.4,29.16,30.95,30.1,0.85,2.8239,37238.38,113005.186,30.346429141117312
688256.SH,20260602,1246.0,1319.58,1245.0,1300.0,1238.0,62.0,5.0081,124338.95,16088931.664,1293.9574979521703
688257.SH,20260602,91.08,99.55,89.0,98.21,90.77,7.44,8.1965,123994.59,1175509.944,94.8033252095918
688258.SH,20260602,148.0,150.96,136.18,149.72,144.21,5.51,3.8208,101361.25,1456050.123,143.64958236012282
688259.SH,20260602,37.3,37.95,36.01,36.55,37.29,-0.74,-1.9844,21954.34,80787.428,36.79793061417469
688260.SH,20260602,83.0,94.3,82.83,92.1,82.82,9.28,11.205,80085.6,708481.504,88.46552988302514
688261.SH,20260602,84.69,85.28,80.12,81.8,84.44,-2.64,-3.1265,72905.06,603919.893,82.83648528648081
688262.SH,20260602,36.99,37.29,35.28,36.31,36.4,-0.09,-0.2473,136173.16,494601.702,36.32152635658892
688265.SH,20260602,35.62,35.8,34.45,34.77,35.62,-0.85,-2.3863,4078.7,14211.31,34.842744011572314
688266.SH,20260602,100.0,100.0,95.0,96.26,99.62,-3.36,-3.3728,34683.78,335395.994,96.70110754940782
688267.SH,20260602,33.75,33.88,31.6,32.08,33.79,-1.71,-5.0607,40016.62,129801.758,32.43696194231297
688268.SH,20260602,147.65,150.11,142.5,146.89,147.65,-0.76,-0.5147,68758.52,1006314.088,146.35482090074072
688269.SH,20260602,36.71,37.3,35.9,36.28,37.29,-1.01,-2.7085,15894.84,57984.385,36.48000546089171
688270.SH,20260602,107.9,108.65,104.0,105.3,105.9,-0.6,-0.5666,75159.86,799854.034,106.42037305551128
688271.SH,20260602,117.8,118.8,116.1,118.22,117.35,0.87,0.7414,71243.08,836725.491,117.44656337148814
688272.SH,20260602,34.78,34.84,33.2,34.05,34.5,-0.45,-1.3043,11015.96,37477.011,34.020649130897354
688273.SH,20260602,42.01,42.86,40.5,42.21,42.01,0.2,0.4761,14261.58,59388.032,41.64197234808485
688275.SH,20260602,135.12,137.82,129.01,134.18,135.98,-1.8,-1.3237,34714.92,460265.837,132.58444409493094
688276.SH,20260602,16.03,16.03,15.55,15.55,15.96,-0.41,-2.5689,15954.98,25124.235,15.74695486926339
688277.SH,20260602,17.4,17.71,16.83,16.98,17.33,-0.35,-2.0196,62501.68,106806.686,17.08861041815196
688278.SH,20260602,55.61,56.48,54.6,55.15,56.0,-0.85,-1.5179,24988.34,137969.176,55.21342193999281
688279.SH,20260602,215.0,215.0,203.97,211.54,212.87,-1.33,-0.6248,19859.35,418183.683,210.57269397034648
688280.SH,20260602,5.93,6.04,5.71,5.76,5.88,-0.12,-2.0408,130410.25,75723.652,5.806572106103624
688281.SH,20260602,55.01,55.01,52.67,53.2,54.28,-1.08,-1.9897,27280.8,145678.949,53.39980829007946
688282.SH,20260602,75.26,76.0,72.0,73.0,74.85,-1.85,-2.4716,10023.9,73173.827,72.99935853310588
688283.SH,20260602,36.83,37.72,35.4,37.12,37.1,0.02,0.0539,20582.38,75250.498,36.560639731653964
688285.SH,20260602,8.19,8.27,7.93,8.04,8.23,-0.19,-2.3086,35569.34,28611.366,8.043828195856321
688286.SH,20260602,63.84,64.57,61.0,62.3,64.25,-1.95,-3.035,16870.61,105953.654,62.80368878185199
688287.SH,20260602,0.36,0.37,0.35,0.36,0.36,0.0,0.0,95048.29,3427.647,0.36062163769595434
688288.SH,20260602,21.55,21.81,21.11,21.54,21.54,0.0,0.0,17603.58,37771.449,21.456686083171718
688289.SH,20260602,16.55,16.7,16.22,16.22,16.55,-0.33,-1.994,34194.68,56225.35,16.442718574936215
688290.SH,20260602,61.68,62.16,59.75,60.3,62.02,-1.72,-2.7733,12358.27,74885.647,60.59557446147397
688291.SH,20260602,47.4,48.47,46.25,46.68,46.39,0.29,0.6251,27720.37,130351.143,47.0235942016647
688292.SH,20260602,23.11,23.42,22.01,22.41,23.25,-0.84,-3.6129,44356.98,99625.366,22.459907324619483
688293.SH,20260602,44.68,44.82,40.5,41.21,44.96,-3.75,-8.3407,28020.14,116799.07,41.6839708866551
688295.SH,20260602,47.34,47.7,45.82,47.2,47.35,-0.15,-0.3168,76586.1,359570.136,46.94979062780321
688296.SH,20260602,15.07,15.62,14.73,14.86,15.06,-0.2,-1.328,33109.66,49709.415,15.013568547668562
688297.SH,20260602,44.91,46.6,43.7,45.82,45.0,0.82,1.8222,99413.25,447732.161,45.03747347561819
688298.SH,20260602,21.6,21.72,20.95,20.95,21.74,-0.79,-3.6339,16712.42,35392.23,21.177202344124915
688299.SH,20260602,17.15,17.23,16.06,16.5,16.95,-0.45,-2.6549,71740.43,118027.244,16.45198446677836
688300.SH,20260602,176.3,191.48,172.8,183.52,174.5,9.02,5.1691,112967.15,2076105.999,183.77962080126835
688301.SH,20260602,184.2,185.5,173.0,182.49,185.89,-3.4,-1.829,119432.12,2149975.892,180.01655601524953
688302.SH,20260602,41.0,41.29,39.95,40.05,41.0,-0.95,-2.3171,8034.12,32415.555,40.347362250003734
688303.SH,20260602,19.54,19.62,18.46,18.78,19.55,-0.77,-3.9386,177602.33,333852.066,18.797730074825033
688305.SH,20260602,60.59,61.58,59.54,60.85,60.59,0.26,0.4291,28492.48,172210.205,60.44058116387201
688306.SH,20260602,9.28,9.35,8.96,9.03,9.18,-0.15,-1.634,127650.17,116330.15,9.113199770905123
688307.SH,20260602,67.7,70.7,66.63,67.84,67.3,0.54,0.8024,68607.77,472200.675,68.82612202670339
688308.SH,20260602,135.87,142.55,132.0,138.58,135.11,3.47,2.5683,110469.96,1530581.101,138.55179281317743
688309.SH,20260602,68.58,69.0,64.1,64.49,67.48,-2.99,-4.4309,16093.26,105189.969,65.36274751044847
688310.SH,20260602,17.17,17.28,16.57,17.08,17.18,-0.1,-0.5821,31018.6,52396.955,16.89210828341705
688311.SH,20260602,28.88,28.88,27.41,28.4,28.38,0.02,0.0705,38877.52,109560.36,28.180902485549492
688312.SH,20260602,79.51,83.18,78.8,81.64,80.07,1.57,1.9608,56135.61,457668.269,81.52904528872136
688313.SH,20260602,151.78,157.4,146.88,154.5,146.3,8.2,5.6049,262673.89,4020697.247,153.0680208451628
688314.SH,20260602,42.38,42.44,40.62,42.38,42.25,0.13,0.3077,11721.69,48803.446,41.63516182393494
688315.SH,20260602,14.4,14.45,13.95,14.09,14.48,-0.39,-2.6934,29289.61,41309.843,14.103923882905917
688316.SH,20260602,63.87,63.98,60.1,62.08,62.77,-0.69,-1.0993,20805.48,128368.035,61.69914609035697
688317.SH,20260602,20.12,20.43,18.92,19.14,20.22,-1.08,-5.3412,72315.32,139843.829,19.33806405060504
688318.SH,20260602,115.18,117.3,111.6,114.9,114.49,0.41,0.3581,36709.75,418982.595,114.13387315358997
688319.SH,20260602,32.76,33.26,31.1,31.82,32.94,-1.12,-3.4001,112479.59,358404.583,31.86396598707374
688320.SH,20260602,36.68,38.8,36.22,37.2,36.83,0.37,1.0046,47733.95,179179.324,37.53708293573023
688321.SH,20260602,27.05,27.17,26.6,26.61,27.19,-0.58,-2.1331,75765.49,203239.831,26.824855353010978
688322.SH,20260602,106.0,107.36,102.98,103.23,103.04,0.19,0.1844,170909.3,1795500.384,105.05574500626942
688323.SH,20260602,29.27,31.29,28.81,30.19,29.68,0.51,1.7183,150512.36,452927.713,30.092393275874485
688325.SH,20260602,110.28,119.11,109.1,118.0,109.87,8.13,7.3997,23315.56,267709.02,114.81989709876152
688326.SH,20260602,83.54,83.54,80.0,80.68,83.22,-2.54,-3.0522,15017.14,121740.423,81.06764870008536
688327.SH,20260602,14.38,14.48,13.31,13.34,14.35,-1.01,-7.0383,448548.16,612973.559,13.6657245233154
688328.SH,20260602,74.26,75.72,70.75,73.88,73.9,-0.02,-0.0271,69765.17,509771.068,73.06956580196106
688329.SH,20260602,24.1,24.39,23.3,23.64,24.09,-0.45,-1.868,19947.67,47291.825,23.707944336356075
688330.SH,20260602,38.71,38.85,37.3,37.76,38.7,-0.94,-2.4289,11440.12,43217.363,37.777018947353696
688331.SH,20260602,114.2,114.2,107.0,109.0,115.25,-6.25,-5.423,108890.0,1191901.381,109.4592139774084
688332.SH,20260602,92.4,94.55,90.12,94.42,92.4,2.02,2.1861,43545.27,404129.532,92.80675765703143
688333.SH,20260602,98.34,101.05,95.18,96.97,98.31,-1.34,-1.363,123425.43,1201996.109,97.3864226359187
688334.SH,20260602,19.7,19.7,19.05,19.26,19.57,-0.31,-1.5841,21741.06,41773.654,19.214175389792402
688335.SH,20260602,29.0,29.02,27.45,28.04,29.23,-1.19,-4.0712,35057.5,98631.285,28.1341467588961
688336.SH,20260602,62.0,62.3,59.25,60.6,65.22,-4.62,-7.0837,66565.66,404347.843,60.7442100025749
688337.SH,20260602,56.8,59.17,56.18,57.39,56.8,0.59,1.0387,53689.66,309988.121,57.737024410286814
688338.SH,20260602,26.3,26.31,25.55,25.71,26.14,-0.43,-1.645,7407.93,19113.31,25.801148228992442
688339.SH,20260602,22.43,22.69,21.42,21.9,22.28,-0.38,-1.7056,32764.23,71653.036,21.869287329505376
688343.SH,20260602,66.66,67.28,64.38,64.81,65.96,-1.15,-1.7435,108639.37,709776.351,65.33325358937557
688345.SH,20260602,49.78,52.48,49.5,51.32,49.78,1.54,3.0936,25642.37,131224.394,51.17483056363355
688347.SH,20260602,225.0,234.37,220.0,226.5,222.9,3.6,1.6151,290078.51,6569373.164,226.46879853319712
688348.SH,20260602,41.59,41.99,39.56,40.1,41.56,-1.46,-3.513,23707.2,95285.169,40.19250227778902
688349.SH,20260602,20.3,20.37,19.27,19.51,20.27,-0.76,-3.7494,95440.45,187221.227,19.61654906279256
688350.SH,20260602,35.5,36.0,34.63,35.3,35.54,-0.24,-0.6753,21985.46,77654.71,35.32093938448411
688351.SH,20260602,25.25,25.35,24.34,24.67,25.17,-0.5,-1.9865,49776.75,123419.912,24.794690693948482
688352.SH,20260602,21.88,24.58,21.65,23.62,21.62,2.0,9.2507,709307.93,1627889.788,22.950396000789105
688353.SH,20260602,88.0,88.03,81.6,84.22,86.2,-1.98,-2.297,33140.56,277753.369,83.81070476781323
688355.SH,20260602,19.57,19.8,18.84,19.04,19.57,-0.53,-2.7082,20681.73,39528.437,19.11273234879287
688356.SH,20260602,75.33,75.99,72.01,73.01,75.31,-2.3,-3.054,8006.73,58826.374,73.47115988674528
688357.SH,20260602,29.3,29.78,28.03,28.9,29.39,-0.49,-1.6672,16244.92,46682.261,28.736528711744963
688358.SH,20260602,33.33,33.33,31.44,31.86,33.3,-1.44,-4.3243,16256.39,52008.644,31.992738855305515
688359.SH,20260602,133.83,135.43,123.03,129.12,133.99,-4.87,-3.6346,51684.86,663567.735,128.38725595851474
688360.SH,20260602,21.76,22.65,21.43,21.58,21.66,-0.08,-0.3693,106431.79,233602.613,21.94857504510636
688361.SH,20260602,205.54,211.98,200.0,204.82,202.6,2.22,1.0958,97106.55,2003216.079,206.29052097927482
688362.SH,20260602,59.66,62.09,58.0,60.1,59.66,0.44,0.7375,313026.5,1882637.812,60.14308092126385
688363.SH,20260602,36.81,37.1,36.13,36.3,37.1,-0.8,-2.1563,27017.49,98528.666,36.46847505079117
688365.SH,20260602,21.74,21.75,20.36,20.78,21.35,-0.57,-2.6698,318257.24,663000.29,20.832213903444902
688366.SH,20260602,34.87,34.98,34.09,34.27,34.8,-0.53,-1.523,4354.72,14976.332,34.39103317779329
688367.SH,20260602,34.01,35.52,33.89,35.07,35.17,-0.1,-0.2843,14922.77,51715.152,34.65519605274356
688368.SH,20260602,203.0,220.0,196.1,216.43,204.09,12.34,6.0464,49661.84,1040299.994,209.47673183273113
688369.SH,20260602,22.56,23.4,21.77,21.9,22.37,-0.47,-2.101,43115.79,95724.905,22.201820957009023
688370.SH,20260602,23.08,23.28,22.55,22.89,23.03,-0.14,-0.6079,5483.88,12526.934,22.84319496414947
688371.SH,20260602,34.43,36.98,33.0,35.1,34.41,0.69,2.0052,109974.28,382320.681,34.76455413029301
688372.SH,20260602,149.35,152.86,142.0,148.37,148.98,-0.61,-0.4095,88101.16,1299430.556,147.49301325884926
688373.SH,20260602,4.79,4.79,4.62,4.7,4.78,-0.08,-1.6736,92546.19,43314.094,4.6802676587766605
688375.SH,20260602,91.07,91.85,85.68,89.35,89.89,-0.54,-0.6007,63777.69,561378.152,88.02108574330616
688376.SH,20260602,67.94,68.84,65.9,67.71,67.94,-0.23,-0.3385,19370.54,131178.738,67.72074397512925
688377.SH,20260602,29.66,30.1,28.33,29.98,29.08,0.9,3.0949,52475.78,153495.158,29.250667260210328
688378.SH,20260602,40.8,41.74,40.05,40.55,40.88,-0.33,-0.8072,81417.4,332818.796,40.87809190664403
688379.SH,20260602,66.59,67.94,64.5,66.65,66.68,-0.03,-0.045,28279.05,188930.594,66.80938503945501
688380.SH,20260602,43.01,43.75,41.88,43.06,43.01,0.05,0.1163,73517.26,314866.546,42.828928336012524
688381.SH,20260602,40.58,41.55,38.78,39.43,40.58,-1.15,-2.8339,137669.45,549072.014,39.88335930738445
688382.SH,20260602,18.6,18.6,17.61,17.95,18.69,-0.74,-3.9593,127285.09,230290.739,18.09251492063996
688383.SH,20260602,134.18,147.77,134.18,144.17,134.09,10.08,7.5173,28626.88,408395.998,142.66172143104663
688385.SH,20260602,59.91,60.0,56.92,57.41,59.47,-2.06,-3.4639,215392.01,1248015.488,57.94158696973021
688386.SH,20260602,80.65,83.66,79.9,80.29,80.0,0.29,0.3625,15895.32,129585.072,81.52404103849435
688387.SH,20260602,15.5,15.99,14.91,15.72,15.27,0.45,2.947,615306.93,947427.879,15.397646813436667
688388.SH,20260602,46.01,48.31,44.61,47.54,45.8,1.74,3.7991,347841.51,1630639.794,46.878815412226096
688389.SH,20260602,11.88,11.91,11.72,11.74,11.88,-0.14,-1.1785,17185.25,20309.318,11.817877540332553
688390.SH,20260602,146.98,149.58,136.0,139.84,144.47,-4.63,-3.2048,82116.58,1164061.813,141.75722040542848
688391.SH,20260602,30.76,31.2,29.83,30.23,30.9,-0.67,-2.1683,22331.07,67813.602,30.367376932677207
688392.SH,20260602,150.31,159.05,145.1,156.58,149.04,7.54,5.059,51059.77,768901.192,150.58845584302478
688393.SH,20260602,21.95,22.15,21.05,21.26,21.98,-0.72,-3.2757,12463.06,26576.292,21.32405043384209
688395.SH,20260602,27.3,27.65,26.38,26.76,27.3,-0.54,-1.978,23619.61,63263.062,26.784126410215915
688396.SH,20260602,65.0,71.41,63.0,67.65,65.6,2.05,3.125,568340.4,3873629.876,68.15686296451915
688398.SH,20260602,29.18,29.78,28.24,29.4,29.38,0.02,0.0681,26175.19,75926.123,29.00690424787748
688399.SH,20260602,53.56,53.79,51.52,52.01,53.35,-1.34,-2.5117,7137.35,37223.6,52.15325015587017
688400.SH,20260602,56.54,57.45,54.71,54.8,55.63,-0.83,-1.492,168713.52,941450.612,55.80172899006553
688401.SH,20260602,72.99,77.0,71.03,76.68,72.88,3.8,5.2141,77823.94,579631.733,74.47987508728035
688403.SH,20260602,19.68,20.08,18.71,19.58,19.74,-0.16,-0.8105,580321.14,1129082.039,19.45615903291064
688408.SH,20260602,34.94,34.94,32.88,33.12,34.74,-1.62,-4.6632,52918.52,176704.585,33.39182293835882
688409.SH,20260602,144.28,145.01,139.3,140.0,142.1,-2.1,-1.4778,88668.64,1257353.035,141.8035773414366
688410.SH,20260602,16.44,17.02,15.65,16.48,16.44,0.04,0.2433,94380.43,154365.512,16.355669496314015
688411.SH,20260602,300.0,305.53,289.6,300.76,293.04,7.72,2.6345,92460.2,2767628.285,299.3318514344551
688416.SH,20260602,115.87,118.8,109.77,114.5,114.5,0.0,0.0,39064.88,446993.877,114.4234609193731
688418.SH,20260602,45.45,46.71,44.0,44.4,45.9,-1.5,-3.268,53103.1,238346.869,44.88379567294565
688419.SH,20260602,49.0,49.88,46.66,47.99,48.32,-0.33,-0.6829,29139.12,140993.6,48.38636170206925
688420.SH,20260602,25.59,26.0,24.2,24.72,25.59,-0.87,-3.3998,12195.24,30236.87,24.793993394143943
688425.SH,20260602,4.47,4.5,4.4,4.41,4.48,-0.07,-1.5625,134733.17,59674.676,4.429100569666697
688426.SH,20260602,18.98,19.17,18.1,18.18,18.99,-0.81,-4.2654,11293.37,20854.475,18.46612215839913
688428.SH,20260602,23.13,23.13,22.17,22.65,23.24,-0.59,-2.5387,89305.75,201925.575,22.61059058347307
688429.SH,20260602,12.2,12.21,11.71,11.8,12.2,-0.4,-3.2787,27014.85,32102.07,11.883119839643753
688432.SH,20260602,18.02,18.58,17.55,18.05,17.94,0.11,0.6132,228512.51,411866.637,18.023811344070396
688433.SH,20260602,91.0,96.17,88.93,95.79,90.08,5.71,6.3388,55361.2,518536.813,93.66430153248125
688435.SH,20260602,42.42,43.09,40.72,41.41,42.6,-1.19,-2.7934,28422.71,118435.49,41.669316543003816
688439.SH,20260602,49.56,50.87,48.57,49.84,49.49,0.35,0.7072,31005.31,153910.009,49.63988716771417
688443.SH,20260602,24.75,24.83,23.81,24.05,24.79,-0.74,-2.9851,50080.05,121001.714,24.161659982368228
688448.SH,20260602,52.0,56.88,51.6,56.05,51.6,4.45,8.624,32304.44,176257.862,54.561497428836404
688449.SH,20260602,71.42,72.5,67.92,68.15,70.83,-2.68,-3.7837,151861.87,1058792.156,69.72073740432671
688450.SH,20260602,45.71,47.47,44.74,45.32,46.65,-1.33,-2.851,12688.14,57911.743,45.642421190182326
688455.SH,20260602,20.88,21.22,19.42,19.65,20.88,-1.23,-5.8908,40105.61,79481.647,19.818087045677647
688456.SH,20260602,79.0,83.98,77.44,81.12,76.02,5.1,6.7088,75265.26,610285.239,81.08458523892696
688458.SH,20260602,38.31,38.31,36.67,36.98,38.08,-1.1,-2.8887,31894.14,119332.72,37.41524932166222
688459.SH,20260602,8.59,8.62,8.5,8.54,8.59,-0.05,-0.5821,10561.65,9037.196,8.55661378667159
688466.SH,20260602,16.6,16.8,16.1,16.33,16.76,-0.43,-2.5656,11135.9,18243.431,16.3825384567031
688468.SH,20260602,6.74,6.79,6.57,6.59,6.75,-0.16,-2.3704,30267.47,20066.087,6.629588465768695
688469.SH,20260602,7.68,7.87,7.45,7.71,7.67,0.04,0.5215,2246760.98,1726727.543,7.685408276050798
688472.SH,20260602,13.07,13.08,12.12,12.16,12.99,-0.83,-6.3895,657590.88,815654.587,12.403678515127828
688475.SH,20260602,28.02,28.18,27.38,27.6,27.97,-0.37,-1.3228,32744.28,90566.391,27.658690617109308
688478.SH,20260602,62.0,62.59,57.76,59.35,62.56,-3.21,-5.1311,80702.79,482192.435,59.74916542538368
688479.SH,20260602,41.1,42.18,40.15,41.41,40.85,0.56,1.3709,16976.83,70051.855,41.26321286129389
688480.SH,20260602,92.0,94.99,90.58,92.73,91.73,1.0,1.0902,17014.13,158131.237,92.94112423027212
688484.SH,20260602,40.51,42.24,39.8,39.86,41.03,-1.17,-2.8516,88161.5,357418.114,40.541292287449735
688485.SH,20260602,50.35,54.69,49.0,52.73,50.65,2.08,4.1066,58703.12,303645.241,51.72557114511119
688486.SH,20260602,69.98,70.32,67.59,69.9,69.5,0.4,0.5755,40985.45,284096.181,69.31635031456285
688488.SH,20260602,14.9,15.08,14.25,14.4,14.98,-0.58,-3.8718,58646.27,85013.948,14.496053713219956
688489.SH,20260602,25.71,26.26,25.0,25.47,25.59,-0.12,-0.4689,10473.6,26712.687,25.504780591200735
688496.SH,20260602,1.04,1.28,1.04,1.28,1.07,0.21,19.6262,211120.49,25120.139,1.1898484604691852
688498.SH,20260602,1089.36,1235.0,1089.36,1206.91,1073.44,133.47,12.4339,79421.72,9300037.838,1170.9690797429216
688499.SH,20260602,55.4,56.3,52.68,53.8,55.85,-2.05,-3.6705,87935.96,477012.656,54.245459536690106
688500.SH,20260602,55.0,55.54,50.84,52.31,55.72,-3.41,-6.1199,24162.69,128083.167,53.00865383779704
688501.SH,20260602,21.44,21.57,20.75,20.99,21.45,-0.46,-2.1445,13043.56,27443.065,21.039551318811736
688502.SH,20260602,433.09,437.94,418.01,436.05,432.99,3.06,0.7067,12575.58,541909.226,430.9218548965535
688503.SH,20260602,88.53,89.66,85.22,87.7,87.88,-0.18,-0.2048,85237.32,749126.313,87.88712655442474
688505.SH,20260602,7.23,7.26,7.02,7.04,7.23,-0.19,-2.6279,33012.19,23432.481,7.0981298120482155
688506.SH,20260602,211.0,218.0,200.1,212.31,213.15,-0.84,-0.3941,32077.48,681769.072,212.5382268183162
688507.SH,20260602,159.55,176.0,144.59,171.13,162.64,8.49,5.2201,112966.99,1773854.631,157.02415643720346
688508.SH,20260602,94.47,96.99,90.6,92.8,94.76,-1.96,-2.0684,75853.7,710357.325,93.64834213756218
688509.SH,20260602,4.82,4.85,4.73,4.78,4.83,-0.05,-1.0352,110558.75,52882.653,4.783217339197485
688510.SH,20260602,26.14,26.35,24.83,25.69,26.18,-0.49,-1.8717,60942.24,155642.064,25.539275221915048
688511.SH,20260602,23.8,24.51,23.13,24.24,23.92,0.32,1.3378,27404.94,65488.421,23.896575216001207
688512.SH,20260602,13.29,13.57,13.0,13.21,13.37,-0.16,-1.1967,173533.31,231097.327,13.317173918943862
688513.SH,20260602,48.25,49.48,45.45,46.68,48.39,-1.71,-3.5338,21127.64,98804.952,46.76573057852178
688515.SH,20260602,185.0,220.85,181.0,217.0,184.04,32.96,17.9092,85567.17,1775506.246,207.4985354780344
688516.SH,20260602,62.28,62.33,57.47,58.5,61.71,-3.21,-5.2018,136029.92,801670.535,58.933397520192614
688517.SH,20260602,22.32,22.33,20.8,21.06,22.2,-1.14,-5.1351,37049.35,78482.986,21.183363810701135
688518.SH,20260602,26.1,26.34,25.02,25.68,26.08,-0.4,-1.5337,220978.08,572029.652,25.88626220302032
688519.SH,20260602,216.55,242.0,203.66,238.92,216.55,22.37,10.3302,78245.61,1716083.535,219.32010434834615
688520.SH,20260602,39.0,39.0,37.06,37.08,39.22,-2.14,-5.4564,29712.05,111712.107,37.59824953175564
688521.SH,20260602,230.93,243.97,221.31,235.4,227.3,8.1,3.5636,223935.53,5234304.91,233.74160009356268
688522.SH,20260602,21.81,21.97,21.01,21.15,21.88,-0.73,-3.3364,42873.39,91262.026,21.28640305793407
688523.SH,20260602,57.85,57.86,54.8,56.72,57.28,-0.56,-0.9777,47421.76,268451.826,56.60941854541037
688525.SH,20260602,305.0,311.82,287.41,303.4,305.0,-1.6,-0.5246,347698.91,10477905.299,301.3499610625757
688526.SH,20260602,13.27,13.27,13.01,13.06,13.27,-0.21,-1.5825,10743.26,14038.506,13.067268222122522
688528.SH,20260602,11.75,11.91,11.1,11.28,11.76,-0.48,-4.0816,31143.89,35218.555,11.30833527860521
688529.SH,20260602,18.53,18.53,17.62,17.86,18.33,-0.47,-2.5641,18253.18,32698.102,17.91364682756648
688530.SH,20260602,47.2,49.98,46.74,48.61,47.16,1.45,3.0746,62393.76,304433.695,48.792330354830355
688531.SH,20260602,168.11,182.0,162.8,180.36,168.3,12.06,7.1658,76059.19,1326111.724,174.35259618199981
688533.SH,20260602,25.59,25.66,25.03,25.12,25.6,-0.48,-1.875,11755.57,29741.945,25.30030019811885
688535.SH,20260602,115.26,116.0,110.6,112.77,114.15,-1.38,-1.2089,76416.79,864857.785,113.17640861386616
688536.SH,20260602,284.82,291.7,275.16,283.31,280.56,2.75,0.9802,61663.73,1756775.774,284.89612516141983
688538.SH,20260602,2.37,2.41,2.33,2.4,2.36,0.04,1.6949,1244256.73,295748.856,2.376911845194521
688539.SH,20260602,32.22,32.22,30.51,31.4,31.97,-0.57,-1.7829,30211.45,94159.127,31.16670235953587
688543.SH,20260602,43.2,43.43,41.97,42.46,43.46,-1.0,-2.301,36127.01,153741.129,42.55573018636194
688545.SH,20260602,73.51,76.0,72.92,75.03,74.27,0.76,1.0233,82963.89,620015.107,74.7331287141912
688548.SH,20260602,26.86,28.57,26.51,27.62,26.81,0.81,3.0213,235953.64,650837.281,27.58326936596528
688549.SH,20260602,14.25,14.54,13.61,14.13,14.25,-0.12,-0.8421,609435.3,858694.184,14.089997477993151
688550.SH,20260602,45.55,45.99,42.5,42.82,46.01,-3.19,-6.9333,95810.41,423231.395,44.17384238309804
688551.SH,20260602,66.72,67.63,59.02,66.2,66.6,-0.4,-0.6006,50412.69,323029.784,64.07707741840397
688552.SH,20260602,31.41,31.47,29.19,29.46,31.19,-1.73,-5.5466,98676.86,292617.9,29.654155999694357
688553.SH,20260602,17.33,17.52,16.49,17.15,17.45,-0.3,-1.7192,83525.59,141004.74,16.881621548557753
688556.SH,20260602,11.35,11.47,10.81,10.93,11.38,-0.45,-3.9543,471092.93,519031.069,11.017594108236777
688557.SH,20260602,30.89,31.24,30.21,30.39,30.98,-0.59,-1.9045,8714.52,26610.687,30.53603296567109
688558.SH,20260602,33.68,34.11,32.92,33.2,33.66,-0.46,-1.3666,19377.83,64519.061,33.29529725464616
688559.SH,20260602,61.48,61.98,58.13,60.24,61.18,-0.94,-1.5364,108584.13,649985.419,59.86007522462076
688560.SH,20260602,14.79,14.79,14.08,14.33,14.72,-0.39,-2.6495,40902.29,58719.042,14.355930193639526
688561.SH,20260602,27.75,28.18,26.78,26.88,27.69,-0.81,-2.9252,62794.34,170380.279,27.13306310728005
688562.SH,20260602,17.2,17.53,16.97,17.18,17.32,-0.14,-0.8083,32224.99,55700.285,17.284810639196476
688563.SH,20260602,51.75,51.98,50.62,51.05,51.58,-0.53,-1.0275,26082.13,133381.695,51.139111337916034
688565.SH,20260602,11.4,11.75,10.93,10.96,11.44,-0.48,-4.1958,50751.63,56608.417,11.154009634764442
688566.SH,20260602,25.27,25.27,24.89,24.95,25.32,-0.37,-1.4613,5584.64,13950.102,24.979411385514556
688567.SH,20260602,13.14,13.31,12.72,13.03,13.16,-0.13,-0.9878,149771.06,194939.349,13.01582221558691
688568.SH,20260602,47.43,47.49,45.22,45.81,46.88,-1.07,-2.2824,111340.07,511017.232,45.89697419805826
688569.SH,20260602,19.19,19.27,18.95,18.99,19.25,-0.26,-1.3506,6934.34,13223.393,19.069432707366527
688570.SH,20260602,16.17,16.3,16.05,16.15,16.17,-0.02,-0.1237,10448.78,16899.885,16.174027015594163
688571.SH,20260602,8.89,8.95,8.63,8.69,8.9,-0.21,-2.3596,72453.31,63299.533,8.736596437070991
688573.SH,20260602,21.33,21.88,20.42,20.8,21.38,-0.58,-2.7128,30430.98,63576.029,20.891876962227308
688575.SH,20260602,10.52,10.62,10.25,10.34,10.51,-0.17,-1.6175,63094.43,65324.486,10.353447364529643
688576.SH,20260602,71.76,73.5,70.48,71.95,71.77,0.18,0.2508,3672.46,26445.696,72.010848314209
688577.SH,20260602,71.47,73.38,69.0,70.08,71.5,-1.42,-1.986,12958.56,91577.234,70.6692981318912
688578.SH,20260602,89.48,89.6,86.62,86.88,89.21,-2.33,-2.6118,43352.74,378789.296,87.37378444822633
688579.SH,20260602,9.11,9.16,8.83,8.87,9.12,-0.25,-2.7412,30485.66,27169.145,8.91210654451962
688580.SH,20260602,51.91,53.3,51.35,52.21,51.85,0.36,0.6943,14064.29,73516.94,52.27205923654873
688581.SH,20260602,56.39,56.39,54.87,55.34,56.0,-0.66,-1.1786,4798.22,26517.595,55.26548386693399
688582.SH,20260602,46.82,47.18,45.16,46.15,46.8,-0.65,-1.3889,50745.53,233006.973,45.91674833231616
688583.SH,20260602,118.96,121.99,115.98,118.88,119.5,-0.62,-0.5188,14441.19,171843.18,118.99516591084252
688584.SH,20260602,25.99,25.99,24.31,24.4,25.45,-1.05,-4.1257,162644.24,403790.489,24.82660861522056
688585.SH,20260602,173.0,182.0,169.0,170.31,172.92,-2.61,-1.5094,54291.76,943330.672,173.75208908313158
688586.SH,20260602,13.02,13.99,12.66,13.66,12.89,0.77,5.9736,133275.91,177879.308,13.346696188380928
688588.SH,20260602,10.8,10.81,10.34,10.46,10.62,-0.16,-1.5066,42457.8,44577.562,10.499263268468926
688589.SH,20260602,21.45,21.6,20.5,20.84,21.52,-0.68,-3.1599,48745.31,102219.391,20.970097636059755
688590.SH,20260602,14.57,14.69,13.8,13.94,14.66,-0.72,-4.9113,115875.92,163043.505,14.070525179001816
688591.SH,20260602,32.78,33.1,31.5,31.76,32.81,-1.05,-3.2002,48868.33,156679.796,32.061622731941114
688592.SH,20260602,37.56,38.27,36.0,37.58,37.64,-0.06,-0.1594,10930.16,40545.195,37.0947863526243
688593.SH,20260602,35.22,37.52,34.22,35.71,34.85,0.86,2.4677,214823.83,781144.367,36.36209106782986
688595.SH,20260602,34.88,39.38,34.88,36.97,34.98,1.99,5.689,125959.69,472186.882,37.48714227543748
688596.SH,20260602,38.6,39.36,37.61,38.47,38.1,0.37,0.9711,128023.12,494064.422,38.591812322649226
688597.SH,20260602,7.91,8.97,7.71,8.8,7.95,0.85,10.6918,220770.63,186401.429,8.443216790204385
688598.SH,20260602,29.65,31.33,29.51,30.51,30.06,0.45,1.497,93049.21,283945.592,30.515637048396215
688599.SH,20260602,15.2,15.29,14.43,14.79,15.17,-0.38,-2.5049,466971.9,689358.781,14.762318267972868
688600.SH,20260602,25.99,28.38,25.32,28.23,25.91,2.32,8.9541,48117.17,129926.974,27.00220607321669
688601.SH,20260602,53.96,54.95,51.0,54.36,53.37,0.99,1.855,67105.24,356775.738,53.16659891239492
688602.SH,20260602,6.91,7.04,6.83,6.98,6.96,0.02,0.2874,62572.95,43515.907,6.954427911741416
688603.SH,20260602,157.0,163.45,147.1,162.17,159.89,2.28,1.426,80359.42,1264747.99,157.38640099692108
688605.SH,20260602,67.0,67.5,64.3,65.9,66.92,-1.02,-1.5242,42236.38,279275.809,66.12209876888124
688606.SH,20260602,47.85,49.27,46.95,49.22,47.42,1.8,3.7959,7089.43,34240.899,48.298521883987846
688607.SH,20260602,55.44,56.79,53.73,55.67,55.88,-0.21,-0.3758,21091.61,116140.716,55.06488883494433
688608.SH,20260602,161.7,165.61,157.11,162.92,161.79,1.13,0.6984,37452.06,603067.507,161.02385476259516
688609.SH,20260602,11.49,11.82,11.09,11.57,11.49,0.08,0.6963,243478.3,278470.263,11.437169677954873
688610.SH,20260602,171.16,178.0,166.13,171.7,171.18,0.52,0.3038,17763.3,307448.856,173.08093428585906
688611.SH,20260602,78.32,79.3,74.09,75.9,78.78,-2.88,-3.6558,25154.46,190504.805,75.73400701108272
688612.SH,20260602,34.5,37.39,34.27,36.25,34.42,1.83,5.3167,98454.3,355437.18,36.10174263592347
688613.SH,20260602,17.27,17.27,16.56,16.73,17.14,-0.41,-2.3921,23198.1,38923.1,16.778572383083098
688615.SH,20260602,143.0,143.3,135.65,136.76,136.62,0.14,0.1025,75158.86,1037834.949,138.08550967909838
688616.SH,20260602,12.52,12.61,12.05,12.1,12.51,-0.41,-3.2774,23482.91,28710.704,12.226212168764434
688617.SH,20260602,204.0,209.5,201.11,208.69,204.58,4.11,2.009,20320.65,418366.565,205.88247177132618
688618.SH,20260602,34.46,34.89,32.58,33.88,34.42,-0.54,-1.5689,28043.38,94400.708,33.66238591781732
688619.SH,20260602,17.56,18.5,16.98,18.37,17.56,0.81,4.6128,78802.96,140691.153,17.85353659304168
688620.SH,20260602,12.03,12.22,11.7,11.77,12.0,-0.23,-1.9167,116233.75,138528.069,11.918058997494272
688621.SH,20260602,51.31,53.1,50.0,51.97,52.5,-0.53,-1.0095,18917.8,96826.293,51.18263910179831
688622.SH,20260602,117.0,129.98,114.5,128.73,118.0,10.73,9.0932,23019.92,283853.554,123.30779342413007
688623.SH,20260602,107.45,108.64,100.0,100.76,107.0,-6.24,-5.8318,12777.1,130171.194,101.87851233848056
688625.SH,20260602,97.3,102.55,95.95,100.43,98.0,2.43,2.4796,38310.4,379967.244,99.18122598563315
688626.SH,20260602,51.5,52.04,49.47,50.8,51.51,-0.71,-1.3784,13213.97,66657.442,50.44467484033943
688627.SH,20260602,352.0,358.0,340.08,348.19,349.58,-1.39,-0.3976,55190.05,1920379.019,347.9574704135981
688628.SH,20260602,81.71,87.44,80.1,83.78,81.07,2.71,3.3428,37423.24,314050.315,83.91852629542498
688629.SH,20260602,133.0,141.21,131.01,137.9,131.04,6.86,5.235,183426.62,2507216.36,136.68770432557716
688630.SH,20260602,342.52,374.99,341.0,353.3,339.89,13.41,3.9454,89023.0,3200734.612,359.5401875919706
688631.SH,20260602,48.33,48.78,46.5,46.8,48.31,-1.51,-3.1256,17561.05,82902.354,47.20808493797353
688633.SH,20260602,30.17,30.36,29.06,29.64,30.17,-0.53,-1.7567,57670.42,171120.013,29.672059437056294
688635.SH,20260602,559.42,644.49,559.42,611.0,595.8,15.2,2.5512,55530.32,3344216.676,602.2325597979626
688636.SH,20260602,36.07,36.38,34.43,35.53,36.0,-0.47,-1.3056,36544.33,129058.423,35.31558055654598
688638.SH,20260602,36.9,38.39,35.51,36.08,36.7,-0.62,-1.6894,11388.57,41310.717,36.27384035045664
688639.SH,20260602,23.71,23.71,22.4,22.51,23.57,-1.06,-4.4972,61437.29,139816.088,22.75752853031115
688646.SH,20260602,68.0,69.58,67.44,68.2,68.0,0.2,0.2941,9919.94,67853.643,68.40126351570675
688648.SH,20260602,40.12,40.32,38.6,39.27,40.19,-0.92,-2.2891,13803.68,54254.916,39.30467527499913
688651.SH,20260602,36.05,36.18,34.48,35.37,35.84,-0.47,-1.3114,12675.96,44594.228,35.180158346981216
688652.SH,20260602,131.56,133.8,126.52,130.75,130.8,-0.05,-0.0382,56344.17,734617.205,130.38034014876783
688653.SH,20260602,14.14,14.37,13.83,14.02,14.15,-0.13,-0.9187,114943.57,161864.595,14.082092195326801
688655.SH,20260602,47.61,49.76,45.0,48.88,46.88,2.0,4.2662,97603.86,465274.305,47.66966234737028
688656.SH,20260602,111.16,111.16,107.0,107.64,111.11,-3.47,-3.123,3545.64,38538.181,108.69174817522365
688657.SH,20260602,36.89,36.98,35.91,36.48,36.8,-0.32,-0.8696,10679.95,38713.73,36.24898056638842
688658.SH,20260602,17.26,17.5,16.66,17.22,17.57,-0.35,-1.992,91056.23,155181.6,17.042392376666594
688659.SH,20260602,10.57,10.97,10.21,10.27,10.82,-0.55,-5.0832,50086.27,52170.792,10.41618631213704
688660.SH,20260602,10.11,10.28,9.75,10.12,10.16,-0.04,-0.3937,186433.84,186909.014,10.02548754024484
688661.SH,20260602,111.25,115.67,108.77,112.58,109.07,3.51,3.2181,34939.18,391364.96,112.01320694990554
688662.SH,20260602,87.6,91.68,84.0,89.25,87.8,1.45,1.6515,53663.58,474155.335,88.35700767634214
688663.SH,20260602,90.0,93.24,86.38,89.23,91.13,-1.9,-2.0849,45029.69,402200.902,89.31904749954974
688665.SH,20260602,51.1,51.42,49.1,50.65,51.1,-0.45,-0.8806,10313.53,51991.885,50.41133830996759
688667.SH,20260602,118.3,120.1,112.1,116.05,115.7,0.35,0.3025,17425.82,200695.592,115.17139049984449
688668.SH,20260602,271.41,293.84,271.0,289.74,266.09,23.65,8.888,48920.77,1377478.161,281.573278793445
688669.SH,20260602,40.0,40.97,39.03,40.75,40.3,0.45,1.1166,34512.73,138944.679,40.258965025368894
688670.SH,20260602,16.96,17.23,16.2,16.26,16.95,-0.69,-4.0708,14918.71,24529.339,16.44199733086842
688671.SH,20260602,25.77,26.88,25.01,25.98,25.98,0.0,0.0,25005.48,64078.123,25.62563206145213
688676.SH,20260602,101.15,102.5,91.3,96.25,100.69,-4.44,-4.4096,209576.94,2014642.054,96.12899463080241
688677.SH,20260602,142.53,152.5,139.0,148.78,143.52,5.26,3.665,43109.11,634153.996,147.1044046142451
688678.SH,20260602,21.85,22.07,21.07,21.56,21.73,-0.17,-0.7823,137089.45,295400.343,21.547999718432017
688679.SH,20260602,55.79,58.86,55.79,57.08,58.09,-1.01,-1.7387,34721.13,200133.083,57.64014103227632
688680.SH,20260602,42.53,43.47,40.49,42.39,42.76,-0.37,-0.8653,37049.19,155568.897,41.989824069028224
688681.SH,20260602,17.5,17.63,16.7,16.86,17.38,-0.52,-2.9919,23522.11,40183.384,17.083239556315313
688682.SH,20260602,41.3,41.3,38.65,39.6,41.07,-1.47,-3.5793,20906.86,82845.784,39.62612463086279
688683.SH,20260602,38.77,38.77,36.5,37.72,37.64,0.08,0.2125,21433.66,80704.902,37.65334618539251
688685.SH,20260602,44.81,50.54,44.22,50.09,45.7,4.39,9.6061,60059.55,284382.36,47.35006506042752
688686.SH,20260602,139.9,141.77,134.87,138.66,138.89,-0.23,-0.1656,22655.08,314125.404,138.65561454649463
688687.SH,20260602,17.45,17.45,16.96,17.04,17.34,-0.3,-1.7301,13380.02,22876.383,17.09742063165825
688689.SH,20260602,39.46,40.29,38.22,38.63,39.74,-1.11,-2.7932,29186.11,113521.152,38.89560890437266
688690.SH,20260602,38.24,41.01,38.1,39.8,38.24,1.56,4.0795,209041.96,830330.915,39.72077735015497
688691.SH,20260602,98.12,100.83,94.33,97.45,98.1,-0.65,-0.6626,65179.09,638953.637,98.03046299050817
688692.SH,20260602,296.0,308.99,293.0,304.88,285.2,19.68,6.9004,46684.67,1416233.556,303.3615865764929
688693.SH,20260602,104.83,107.56,101.0,104.05,105.23,-1.18,-1.1214,26951.15,280945.227,104.24238928580041
688695.SH,20260602,22.65,22.95,21.66,21.79,22.66,-0.87,-3.8394,11541.67,25351.242,21.964968674377275
688696.SH,20260602,76.87,76.87,74.5,74.87,76.28,-1.41,-1.8485,5952.41,44900.386,75.4322803704718
688697.SH,20260602,21.0,21.46,20.63,20.73,20.73,0.0,0.0,82163.35,171972.669,20.930581457547675
688698.SH,20260602,65.48,67.0,64.09,64.91,64.79,0.12,0.1852,54142.46,354010.139,65.3849379950597
688699.SH,20260602,60.0,61.43,58.58,59.4,60.05,-0.65,-1.0824,39669.2,237636.015,59.9044132475573
688700.SH,20260602,79.89,87.99,78.85,86.27,79.99,6.28,7.851,141330.81,1186769.766,83.97105811535361
688701.SH,20260602,9.81,10.09,9.52,9.65,9.81,-0.16,-1.631,33826.65,32718.704,9.672463575317096
688702.SH,20260602,260.0,274.63,252.82,265.52,253.0,12.52,4.9486,77582.62,2039874.947,262.9293709080719
688707.SH,20260602,16.1,16.18,15.4,15.49,16.24,-0.75,-4.6182,290676.18,455340.521,15.66487219558204
688708.SH,20260602,50.6,50.66,47.11,47.18,50.69,-3.51,-6.9244,34267.67,167246.672,48.8059655062629
688709.SH,20260602,35.1,35.65,33.68,34.2,34.99,-0.79,-2.2578,68856.15,236238.547,34.308997380771366
688710.SH,20260602,57.7,58.89,55.27,57.77,58.49,-0.72,-1.231,15104.13,85833.596,56.82789806496635
688711.SH,20260602,32.96,33.45,31.56,32.3,32.97,-0.67,-2.0322,114772.67,371702.134,32.38594466783774
688712.SH,20260602,40.46,41.08,39.18,40.68,40.76,-0.08,-0.1963,27068.87,108914.956,40.236240375013814
688716.SH,20260602,32.88,33.63,31.68,31.9,32.85,-0.95,-2.8919,24038.52,77114.503,32.07955523052168
688717.SH,20260602,106.7,108.58,103.3,107.0,107.06,-0.06,-0.056,46464.16,496134.159,106.77781735427907
688718.SH,20260602,16.03,16.22,15.15,15.27,16.04,-0.77,-4.8005,22390.27,34525.733,15.41997171092622
688719.SH,20260602,71.36,73.0,68.55,70.89,71.36,-0.47,-0.6586,37227.51,263030.235,70.65480205364258
688720.SH,20260602,88.93,90.47,85.78,86.76,87.92,-1.16,-1.3194,37427.03,329006.549,87.90613334801078
688721.SH,20260602,41.83,42.49,40.75,41.38,42.15,-0.77,-1.8268,25779.43,107436.376,41.675233315864624
688722.SH,20260602,16.18,16.4,15.62,15.81,16.18,-0.37,-2.2868,31696.07,50301.962,15.870094305066843
688726.SH,20260602,58.12,58.49,55.81,56.89,57.69,-0.8,-1.3867,108788.6,617821.36,56.79100199837115
688727.SH,20260602,51.49,51.49,48.93,49.6,50.77,-1.17,-2.3045,44857.87,224699.359,50.09140179861415
688728.SH,20260602,13.88,14.07,13.6,13.61,13.88,-0.27,-1.9452,296703.76,409704.847,13.808549207465386
688729.SH,20260602,24.42,24.8,23.93,24.19,24.2,-0.01,-0.0413,115272.45,281151.645,24.3901855994212
688733.SH,20260602,35.08,38.76,35.0,38.37,35.8,2.57,7.1788,135459.94,504523.4,37.2452106504698
688737.SH,20260602,26.47,26.47,24.6,25.25,26.34,-1.09,-4.1382,25174.4,63373.952,25.173967204779455
688739.SH,20260602,21.9,21.94,21.37,21.37,21.86,-0.49,-2.2415,13888.8,30057.827,21.641773947353265
688750.SH,20260602,17.44,17.44,16.97,17.21,17.31,-0.1,-0.5777,23206.91,39904.803,17.195224611979793
688755.SH,20260602,38.43,38.55,37.33,37.41,38.34,-0.93,-2.4257,4298.65,16189.461,37.66173333488421
688757.SH,20260602,36.96,40.21,36.62,38.3,36.93,1.37,3.7097,103440.84,403573.553,39.0149145153887
688758.SH,20260602,18.29,18.58,17.81,18.28,18.3,-0.02,-0.1093,26468.7,48120.614,18.180195476166187
688759.SH,20260602,34.03,35.15,33.86,34.53,34.37,0.16,0.4655,33585.08,115729.167,34.4585056816896
688765.SH,20260602,51.43,51.48,49.3,49.88,51.11,-1.23,-2.4066,11946.78,59784.234,50.042131854775924
688766.SH,20260602,378.0,381.84,355.7,372.03,373.04,-1.01,-0.2707,63835.13,2355081.018,368.93181199756316
688767.SH,20260602,40.33,40.48,38.11,38.5,38.06,0.44,1.1561,43014.47,169955.108,39.51114776027695
688768.SH,20260602,50.96,51.8,49.0,50.26,49.12,1.14,2.3208,17423.9,87600.095,50.275825159694435
688772.SH,20260602,16.26,16.31,15.4,15.7,16.13,-0.43,-2.6658,427531.02,678185.426,15.86283554348875
688775.SH,20260602,171.5,172.0,165.0,166.95,171.3,-4.35,-2.5394,12512.11,209622.263,167.5355020056569
688776.SH,20260602,64.37,64.99,61.41,63.34,64.4,-1.06,-1.646,20733.14,130534.936,62.9595594299754
688777.SH,20260602,90.0,94.96,86.0,94.09,88.46,5.63,6.3645,349887.84,3198404.041,91.41226631368498
688778.SH,20260602,61.68,61.89,59.46,60.72,61.13,-0.41,-0.6707,57778.17,349906.708,60.560365272904974
688779.SH,20260602,8.92,8.99,8.58,8.64,8.92,-0.28,-3.139,283456.44,246326.828,8.690112244406937
688781.SH,20260602,49.07,49.91,47.79,49.06,48.71,0.35,0.7185,43692.35,214017.331,48.98279241102848
688783.SH,20260602,35.0,35.6,33.77,34.02,35.15,-1.13,-3.2148,232081.86,803144.323,34.60607920843103
688785.SH,20260602,335.0,338.96,322.1,331.75,333.0,-1.25,-0.3754,6326.79,210420.301,332.58619457892553
688786.SH,20260602,35.93,40.43,35.93,40.0,36.79,3.21,8.7252,74101.67,283950.172,38.3189976690134
688787.SH,20260602,141.0,141.0,130.86,131.8,138.11,-6.31,-4.5688,31253.24,417935.029,133.7253446362681
688788.SH,20260602,44.0,44.92,42.61,43.89,44.36,-0.47,-1.0595,15171.33,66100.671,43.56946358691032
688789.SH,20260602,53.48,54.28,52.55,52.82,53.8,-0.98,-1.8216,12954.91,68764.791,53.08009936001099
688790.SH,20260602,126.5,126.92,121.0,124.2,126.57,-2.37,-1.8725,6072.25,75425.423,124.2133031413397
688793.SH,20260602,19.01,20.06,18.46,18.63,19.27,-0.64,-3.3212,26642.6,50445.672,18.93421512915406
688795.SH,20260602,600.03,627.87,596.0,616.4,600.03,16.37,2.7282,23518.0,1444504.918,614.2124832043542
688796.SH,20260602,99.8,101.0,94.81,96.96,100.0,-3.04,-3.04,13793.04,134078.387,97.20727772847754
688798.SH,20260602,74.12,74.79,71.25,73.15,74.92,-1.77,-2.3625,47807.86,349983.736,73.20631712023922
688799.SH,20260602,49.91,50.7,46.51,46.8,50.25,-3.45,-6.8657,50510.9,239736.748,47.46237901126292
688800.SH,20260602,118.8,121.36,115.01,119.29,119.01,0.28,0.2353,73942.25,879651.197,118.96462401401094
688802.SH,20260602,637.59,677.78,634.0,663.47,637.6,25.87,4.0574,18465.48,1216165.475,658.6156845096906
688805.SH,20260602,51.5,53.6,51.5,53.58,52.2,1.38,2.6437,16353.56,86381.749,52.82137283869689
688807.SH,20260602,389.77,426.0,381.18,407.39,390.0,17.39,4.459,21882.38,882652.813,403.36234586914213
688808.SH,20260602,1661.34,1895.0,1642.98,1860.0,1628.77,231.23,14.1966,22186.26,3917879.071,1765.9033433305121
688809.SH,20260602,458.6,500.0,458.46,488.5,458.33,30.17,6.5826,28348.23,1381159.101,487.21175925269404
688811.SH,20260602,28.0,28.29,26.5,27.34,27.68,-0.34,-1.2283,107172.48,291256.04,27.176383340200765
688813.SH,20260602,162.36,171.62,146.18,162.5,162.78,-0.28,-0.172,62898.79,990633.262,157.49639412777256
688816.SH,20260602,62.49,63.62,61.25,63.29,62.5,0.79,1.264,9377.18,58379.114,62.256578203681705
688818.SH,20260602,65.41,66.28,63.47,65.58,65.2,0.38,0.5828,106900.21,695474.49,65.05829034386367
688819.SH,20260602,24.8,25.03,24.57,24.6,24.95,-0.35,-1.4028,25723.78,63582.56,24.717424888566146
688820.SH,20260602,183.41,188.27,176.88,180.42,178.85,1.57,0.8778,309944.16,5688566.044,183.53519046785718
688981.SH,20260602,132.98,135.5,129.3,132.48,132.44,0.04,0.0302,923688.2,12256037.221,132.68586976644283
689009.SH,20260602,38.16,38.66,37.71,37.84,38.67,-0.83,-2.1464,84656.96,322053.957,38.04223031396355
920000.BJ,20260602,14.25,14.3,13.84,14.1,14.08,0.02,0.142,3700.53,5207.71541,14.072890667012562
920001.BJ,20260602,15.25,16.29,15.2,16.2,15.47,0.73,4.7188,54043.17,86024.20436,15.917682911642675
920002.BJ,20260602,59.1,61.23,58.79,59.55,58.4,1.15,1.9692,10690.91,63990.76606,59.85530329971911
920003.BJ,20260602,29.4,29.4,28.82,29.36,29.16,0.2,0.6859,2046.44,5960.15058,29.124482418248277
920005.BJ,20260602,33.8,35.66,33.5,35.16,36.02,-0.86,-2.3876,19909.69,68558.19268,34.434585711781544
920006.BJ,20260602,17.0,17.04,16.53,16.98,16.93,0.05,0.2953,6701.8,11292.48528,16.84992879524904
920007.BJ,20260602,45.47,45.47,43.77,44.18,45.08,-0.9,-1.9965,1573.0,6956.64003,44.225302161474886
920008.BJ,20260602,23.46,23.46,22.78,23.1,23.25,-0.15,-0.6452,6839.46,15751.03347,23.029644840382137
920009.BJ,20260602,37.78,38.16,36.9,37.38,38.0,-0.62,-1.6316,1836.52,6867.35441,37.39330042689434
920010.BJ,20260602,10.97,10.97,10.51,10.62,10.88,-0.26,-2.3897,53782.85,57181.74656,10.631966613892718
920011.BJ,20260602,24.95,25.65,24.81,25.23,24.96,0.27,1.0817,20377.88,51435.33161,25.240766757876678
920012.BJ,20260602,73.0,77.8,71.02,76.9,75.0,1.9,2.5333,42668.02,317612.45199,74.43805735302459
920014.BJ,20260602,10.27,10.28,9.85,9.98,10.1,-0.12,-1.1881,10385.2,10375.73331,9.99088444132034
920015.BJ,20260602,42.98,44.82,42.78,44.77,42.8,1.97,4.6028,21391.77,94018.37723,43.95072368018168
920016.BJ,20260602,15.1,15.17,14.62,14.93,14.99,-0.06,-0.4003,4703.64,7009.48962,14.90226637242646
920017.BJ,20260602,16.59,16.59,16.1,16.22,16.43,-0.21,-1.2781,7675.2,12463.05782,16.238088675213675
920018.BJ,20260602,20.0,20.0,19.01,19.2,19.59,-0.39,-1.9908,11445.61,22136.29583,19.340424695581973
920019.BJ,20260602,17.69,18.48,17.2,18.44,17.48,0.96,5.492,39100.78,70540.17299,18.04060506977099
920020.BJ,20260602,14.89,14.99,14.6,14.9,14.93,-0.03,-0.2009,4366.95,6477.70827,14.833483941881635
920021.BJ,20260602,9.3,9.44,8.78,9.06,9.37,-0.31,-3.3084,190664.51,171738.63198,9.007372792136302
920022.BJ,20260602,23.62,23.86,23.23,23.58,23.75,-0.17,-0.7158,4228.46,9907.59402,23.4307384248639
920023.BJ,20260602,2.34,2.48,2.31,2.42,2.36,0.06,2.5424,102774.42,24468.8952,2.3808351533387393
920026.BJ,20260602,32.37,36.89,31.79,35.47,31.72,3.75,11.8222,26399.77,90778.826,34.38621851629768
920027.BJ,20260602,16.55,16.55,16.18,16.42,16.42,0.0,0.0,6192.18,10101.521,16.31335167905326
920028.BJ,20260602,17.68,18.37,17.52,18.12,17.68,0.44,2.4887,33655.63,60196.5679,17.886032114092057
920029.BJ,20260602,44.5,44.5,43.33,44.08,44.13,-0.05,-0.1133,6026.2,26432.08122,43.86193823636786
920030.BJ,20260602,5.17,5.19,5.05,5.14,5.17,-0.03,-0.5803,9600.93,4916.42313,5.120778018379469
920033.BJ,20260602,15.66,16.04,15.32,15.88,15.7,0.18,1.1465,7596.89,11926.21043,15.698806261509642
920035.BJ,20260602,28.4,28.91,27.57,27.95,28.4,-0.45,-1.5845,2792.76,7814.27084,27.980459617009696
920036.BJ,20260602,41.76,45.18,40.9,45.07,41.69,3.38,8.1075,25729.55,111283.57378,43.25127092389879
920037.BJ,20260602,45.8,46.8,45.8,46.3,45.76,0.54,1.1801,12497.25,57847.0887,46.28785428794335
920039.BJ,20260602,8.48,8.52,8.26,8.42,8.52,-0.1,-1.1737,8088.02,6780.0492,8.382829419313998
920045.BJ,20260602,500.03,539.98,500.03,539.95,496.0,43.95,8.8609,12236.25,638579.49458,521.8751615731944
920046.BJ,20260602,31.36,32.55,30.36,32.22,32.45,-0.23,-0.7088,97276.82,306194.15624,31.476579542793438
920047.BJ,20260602,22.0,22.09,18.99,20.66,21.7,-1.04,-4.7926,142075.24,289841.52658,20.400565684773788
920050.BJ,20260602,29.09,29.35,28.73,28.95,28.94,0.01,0.0346,2026.47,5871.54658,28.9742585875932
920055.BJ,20260602,31.37,31.65,30.78,31.18,31.2,-0.02,-0.0641,6294.07,19622.29191,31.175839973181105
920056.BJ,20260602,20.26,20.26,19.8,20.1,20.18,-0.08,-0.3964,3374.3,6767.11768,20.05487858222446
920057.BJ,20260602,5.51,5.53,5.31,5.46,5.53,-0.07,-1.2658,10761.39,5857.0835,5.442683054884174
920058.BJ,20260602,24.81,24.81,23.45,23.88,24.56,-0.68,-2.7687,5436.08,12941.17467,23.806078405762978
920060.BJ,20260602,30.4,32.18,30.37,31.56,31.06,0.5,1.6098,70473.6,222273.74447,31.54000142890387
920061.BJ,20260602,22.26,23.3,22.13,23.29,22.38,0.91,4.0661,11185.07,25607.83602,22.894658701286623
920062.BJ,20260602,10.83,11.49,10.42,11.48,10.8,0.68,6.2963,117763.05,129570.05152,11.002606634254121
920066.BJ,20260602,23.27,25.48,22.71,25.34,23.32,2.02,8.6621,17599.38,43316.94118,24.61276543832794
920068.BJ,20260602,17.99,18.29,17.0,18.15,17.99,0.16,0.8894,13418.76,24166.99824,18.00985951011867
920069.BJ,20260602,36.3,36.84,35.83,36.35,36.3,0.05,0.1377,4929.03,17935.18395,36.38684274593581
920075.BJ,20260602,19.69,19.93,19.0,19.65,19.8,-0.15,-0.7576,12157.13,23670.28644,19.470291458592612
920076.BJ,20260602,14.21,14.28,14.05,14.24,14.24,0.0,0.0,6471.3,9168.70488,14.168258124333594
920077.BJ,20260602,16.05,16.78,15.88,16.78,16.11,0.67,4.1589,81964.6,134633.9731,16.42586837488379
920078.BJ,20260602,31.6,35.66,31.43,35.18,32.02,3.16,9.8688,58640.06,198103.18732,33.78291006523527
920080.BJ,20260602,22.8,22.8,22.19,22.51,22.67,-0.16,-0.7058,2944.96,6639.79186,22.546288778115834
920082.BJ,20260602,9.24,9.39,9.08,9.33,9.24,0.09,0.974,11099.57,10300.8434,9.280398610036244
920086.BJ,20260602,27.93,28.0,27.54,27.56,27.93,-0.37,-1.3247,10568.8,29312.37773,27.73482110551813
920087.BJ,20260602,11.96,11.97,11.53,11.67,12.15,-0.48,-3.9506,46457.75,54332.10778,11.694950310766234
920088.BJ,20260602,37.7,38.73,34.84,35.2,36.56,-1.36,-3.7199,36382.79,132034.57806,36.2903939087684
920089.BJ,20260602,16.04,16.07,15.64,15.95,15.92,0.03,0.1884,8355.07,13245.26806,15.8529707830096
920090.BJ,20260602,4.19,4.35,4.12,4.3,4.2,0.1,2.381,45200.02,19167.16917,4.240522276317577
920091.BJ,20260602,41.27,41.83,40.05,40.5,41.39,-0.89,-2.1503,5601.06,22774.6174,40.6612630466376
920092.BJ,20260602,30.2,30.87,29.6,30.74,30.18,0.56,1.8555,14081.25,42735.2063,30.34901468264536
920096.BJ,20260602,57.01,58.4,55.0,57.0,58.02,-1.02,-1.758,24800.89,140904.23359,56.81418432564315
920098.BJ,20260602,22.28,22.68,21.87,22.56,22.25,0.31,1.3933,6084.52,13568.99386,22.300845194033382
920099.BJ,20260602,28.0,28.25,27.28,28.0,28.05,-0.05,-0.1783,5792.25,16108.90317,27.811132409685353
920100.BJ,20260602,42.43,44.99,41.6,42.4,41.13,1.27,3.0878,39797.28,172099.77259,43.24410426792987
920101.BJ,20260602,30.18,30.18,29.67,30.1,30.18,-0.08,-0.2651,2336.43,6986.3032,29.90161571286108
920106.BJ,20260602,46.3,46.3,44.25,45.31,46.32,-1.01,-2.1805,4763.08,21442.18492,45.01747801842505
920108.BJ,20260602,10.59,10.59,10.32,10.49,10.51,-0.02,-0.1903,6583.49,6865.53139,10.428407106261268
920110.BJ,20260602,28.15,28.8,27.6,28.52,28.2,0.32,1.1348,2021.57,5722.09812,28.30521881507937
920111.BJ,20260602,31.6,33.5,31.01,33.32,32.6,0.72,2.2086,80319.2,260861.37513,32.478084334754335
920112.BJ,20260602,28.78,28.83,28.13,28.34,28.9,-0.56,-1.9377,1654.62,4703.64521,28.427344103177766
920116.BJ,20260602,59.6,60.21,54.24,55.79,59.73,-3.94,-6.5964,48599.41,272092.41819,55.98677395260559
920118.BJ,20260602,20.35,20.45,19.76,20.18,20.25,-0.07,-0.3457,4006.1,8048.73364,20.091195027582938
920119.BJ,20260602,56.29,57.63,55.8,56.6,55.8,0.8,1.4337,4609.1,26175.1542,56.79016337245883
920121.BJ,20260602,34.4,34.48,33.69,33.87,34.39,-0.52,-1.5121,1771.46,6030.53035,34.04271250832646
920122.BJ,20260602,23.05,23.29,22.49,23.0,23.05,-0.05,-0.2169,6125.89,13942.95305,22.760697710863237
920123.BJ,20260602,11.45,11.45,11.17,11.23,11.43,-0.2,-1.7498,9352.51,10525.56354,11.254266009873284
920124.BJ,20260602,15.41,15.75,15.25,15.7,15.38,0.32,2.0806,17080.55,26586.8138,15.565549001642221
920125.BJ,20260602,173.8,208.0,173.8,207.79,176.49,31.3,17.7347,33564.15,654473.65673,194.99187577519467
920128.BJ,20260602,25.7,33.28,25.5,33.28,25.6,7.68,30.0,77750.95,240784.19838,30.96865033546214
920130.BJ,20260602,17.23,17.8,17.06,17.62,17.37,0.25,1.4393,14650.68,25661.22322,17.515380323643683
920132.BJ,20260602,12.3,12.3,11.92,12.1,12.22,-0.12,-0.982,4040.18,4895.3197,12.116588122311382
920139.BJ,20260602,17.99,18.77,17.9,18.26,18.1,0.16,0.884,55837.25,102494.5828,18.355951054179783
920145.BJ,20260602,12.17,13.37,12.01,12.95,12.15,0.8,6.5844,23414.4,30115.86248,12.862111555282219
920146.BJ,20260602,6.03,6.07,5.88,6.0,6.02,-0.02,-0.3322,12165.05,7275.84823,5.980943958306789
920149.BJ,20260602,9.06,9.21,8.81,9.12,9.1,0.02,0.2198,10564.89,9548.52573,9.0379793163961
920152.BJ,20260602,19.03,22.5,18.55,21.56,19.29,2.27,11.7678,97631.54,203113.17631,20.804053312075176
920156.BJ,20260602,57.85,59.5,56.9,57.13,57.85,-0.72,-1.2446,19683.94,114013.86554,57.92227853773178
920158.BJ,20260602,10.02,10.02,9.63,9.81,9.9,-0.09,-0.9091,11699.69,11409.90291,9.752312163826563
920159.BJ,20260602,34.43,34.51,33.67,33.83,34.39,-0.56,-1.6284,5279.39,17898.27598,33.90216668971225
920160.BJ,20260602,21.05,21.07,20.45,20.9,21.05,-0.15,-0.7126,5806.01,12067.84746,20.78509589201534
920161.BJ,20260602,37.69,44.8,34.67,44.8,37.51,7.29,19.4348,160771.59,630329.279,39.20650899826269
920163.BJ,20260602,11.17,11.2,10.86,10.91,11.08,-0.17,-1.5343,5612.05,6180.45655,11.012832298357997
920166.BJ,20260602,24.18,24.18,23.38,23.81,23.73,0.08,0.3371,2347.92,5569.79467,23.722250630345158
920167.BJ,20260602,18.0,18.0,17.33,17.78,17.84,-0.06,-0.3363,13181.0,23165.14467,17.574648865791673
920168.BJ,20260602,19.38,19.5,19.0,19.47,19.45,0.02,0.1028,3567.29,6901.24667,19.345908715018965
920169.BJ,20260602,24.24,25.28,23.86,24.88,24.27,0.61,2.5134,19305.72,47745.35419,24.731195826936265
920171.BJ,20260602,19.72,19.72,18.9,19.34,19.75,-0.41,-2.0759,23749.31,45789.14648,19.28020076372745
920174.BJ,20260602,38.99,38.99,37.61,37.8,38.9,-1.1,-2.8278,11208.95,42691.38414,38.0868717765714
920175.BJ,20260602,9.16,9.96,8.97,9.65,9.16,0.49,5.3493,29254.58,28112.70074,9.60967504575352
920177.BJ,20260602,31.41,31.68,30.9,31.4,31.31,0.09,0.2874,6526.11,20424.86177,31.297146033395084
920178.BJ,20260602,145.0,151.47,139.6,145.03,145.01,0.02,0.0138,23038.74,336954.49125,146.255607403009
920179.BJ,20260602,61.41,65.75,61.28,65.34,62.08,3.26,5.2513,45291.97,291659.96887,64.39551401054094
920180.BJ,20260602,13.87,13.94,13.51,13.77,13.8,-0.03,-0.2174,6356.37,8713.04142,13.707574323080626
920181.BJ,20260602,103.0,110.25,102.0,106.1,104.78,1.32,1.2598,14345.69,153270.49214,106.84079478923634
920183.BJ,20260602,37.09,38.5,36.63,38.47,37.05,1.42,3.8327,5816.7,22009.63631,37.838699451579075
920184.BJ,20260602,13.46,13.46,12.95,13.23,13.24,-0.01,-0.0755,15724.21,20672.96174,13.147218041478714
920185.BJ,20260602,27.37,28.0,27.21,27.95,27.52,0.43,1.5625,73287.73,202941.59871,27.691074441792644
920186.BJ,20260602,92.1,97.71,92.1,94.36,95.02,-0.66,-0.6946,86799.71,827686.79922,95.35594061546979
920187.BJ,20260602,21.94,22.07,21.45,21.62,21.8,-0.18,-0.8257,4537.34,9829.16617,21.662838072527077
920188.BJ,20260602,25.95,26.0,25.54,26.0,25.86,0.14,0.5414,8173.49,21082.75394,25.794065864153502
920190.BJ,20260602,33.96,39.86,33.0,37.29,31.33,5.96,19.0233,284596.03,1043089.46377,36.65158167420677
920191.BJ,20260602,11.3,11.31,11.12,11.19,11.23,-0.04,-0.3562,18341.1,20525.43773,11.190952412886904
920195.BJ,20260602,14.27,14.34,13.92,14.2,14.23,-0.03,-0.2108,4561.6,6477.92989,14.201003792528937
920198.BJ,20260602,8.31,8.39,8.07,8.37,8.27,0.1,1.2092,24525.81,20292.83649,8.27407392049437
920199.BJ,20260602,25.9,26.16,25.21,26.01,25.48,0.53,2.0801,11527.36,29726.77355,25.788015252408183
920200.BJ,20260602,54.98,55.88,50.11,51.0,54.48,-3.48,-6.3877,39994.23,209863.23587,52.4733782523129
920204.BJ,20260602,14.53,15.37,14.1,15.3,14.5,0.8,5.5172,15951.37,23823.95713,14.935367388506439
920207.BJ,20260602,25.79,26.18,25.47,25.96,25.77,0.19,0.7373,29889.98,77267.0081,25.85047166307907
920208.BJ,20260602,21.73,21.73,21.02,21.3,21.52,-0.22,-1.0223,9715.93,20719.92558,21.32572546323409
920212.BJ,20260602,11.51,12.39,11.3,11.85,11.4,0.45,3.9474,28735.55,34083.51191,11.861096067414753
920218.BJ,20260602,28.12,30.79,28.06,29.75,31.79,-2.04,-6.4171,94184.57,273841.37931,29.074972610694086
920220.BJ,20260602,72.3,74.5,71.31,73.79,72.65,1.14,1.5692,19845.36,143698.05118,72.40889113626561
920221.BJ,20260602,15.29,15.75,14.92,15.39,15.09,0.3,1.9881,10688.46,16384.83608,15.329463814244523
920223.BJ,20260602,16.01,17.3,15.15,17.16,15.1,2.06,13.6424,88997.03,146345.28504,16.44383919777997
920225.BJ,20260602,21.71,25.65,21.12,24.98,21.75,3.23,14.8506,69083.91,159627.63615,23.10634070219824
920227.BJ,20260602,63.91,68.26,62.01,68.03,65.7,2.33,3.5464,20021.61,131187.94359,65.52317400548708
920230.BJ,20260602,10.92,10.92,10.62,10.7,10.92,-0.22,-2.0147,10900.48,11693.85694,10.72783670076914
920237.BJ,20260602,16.88,18.48,16.71,18.18,17.46,0.72,4.1237,48259.21,85634.32345,17.74465919562297
920239.BJ,20260602,27.18,27.68,26.8,27.5,27.18,0.32,1.1773,14415.05,39343.85006,27.293592502280603
920242.BJ,20260602,24.0,24.08,23.36,23.94,23.95,-0.01,-0.0418,2154.8,5103.06183,23.682299192500462
920245.BJ,20260602,22.36,22.36,21.52,21.87,22.3,-0.43,-1.9283,3727.33,8162.31918,21.898568626872322
920247.BJ,20260602,17.24,17.57,16.9,17.44,17.04,0.4,2.3474,20931.97,36338.43361,17.360254964057372
920249.BJ,20260602,9.08,9.51,8.95,9.49,9.01,0.48,5.3274,80407.9,74688.38502,9.288687432453777
920252.BJ,20260602,21.49,21.5,20.8,21.32,21.76,-0.44,-2.0221,22817.96,48222.53517,21.133587389056693
920260.BJ,20260602,8.72,8.79,8.53,8.7,8.72,-0.02,-0.2294,6807.61,5899.29138,8.665730528041411
920261.BJ,20260602,14.31,14.44,14.15,14.34,14.39,-0.05,-0.3475,10856.43,15486.06432,14.264416866317934
920262.BJ,20260602,14.83,14.98,14.54,14.77,14.84,-0.07,-0.4717,6539.6,9638.05446,14.737987736252979
920263.BJ,20260602,8.73,8.75,8.41,8.55,8.7,-0.15,-1.7241,8670.85,7416.78577,8.553700928974667
920266.BJ,20260602,7.4,7.41,7.25,7.26,7.4,-0.14,-1.8919,4456.35,3262.30766,7.320582225363807
920267.BJ,20260602,16.54,17.29,16.46,16.94,16.53,0.41,2.4803,6896.99,11612.2103,16.83663496684786
920270.BJ,20260602,15.74,17.59,15.7,16.4,15.12,1.28,8.4656,43559.34,71775.25637,16.477581242048206
920271.BJ,20260602,11.08,11.28,10.83,11.22,11.08,0.14,1.2635,7086.66,7882.97096,11.123675977117571
920273.BJ,20260602,21.55,24.58,21.1,22.86,22.5,0.36,1.6,70394.93,161294.65873,22.912823228888787
920274.BJ,20260602,19.88,20.29,19.16,19.98,19.85,0.13,0.6549,13420.71,26480.92876,19.731391826512905
920275.BJ,20260602,6.56,6.56,6.23,6.35,6.34,0.01,0.1577,10843.41,6838.07584,6.306204266001194
920278.BJ,20260602,6.9,6.94,6.73,6.85,6.92,-0.07,-1.0116,10253.72,7003.68427,6.830383772913635
920284.BJ,20260602,28.44,29.13,28.13,28.6,28.59,0.01,0.035,22093.44,63178.20885,28.595913017619715
920299.BJ,20260602,24.0,24.17,22.0,23.24,23.79,-0.55,-2.3119,38193.6,88099.66221,23.066603360248838
920300.BJ,20260602,10.54,10.81,10.3,10.57,10.57,0.0,0.0,13343.53,14043.58976,10.524643598807813
920304.BJ,20260602,10.11,10.18,9.82,9.98,10.09,-0.11,-1.0902,9220.69,9191.59569,9.968446710604086
920339.BJ,20260602,9.6,10.55,9.28,10.2,9.67,0.53,5.4809,62845.48,61347.64633,9.761664057621964
920344.BJ,20260602,20.1,20.25,19.48,19.62,20.19,-0.57,-2.8232,5094.91,10061.88372,19.74889393531976
920346.BJ,20260602,18.6,19.18,18.1,18.99,18.39,0.6,3.2626,9077.26,16993.10114,18.720518240085664
920351.BJ,20260602,14.29,14.29,13.96,14.08,14.37,-0.29,-2.0181,8520.64,11979.9536,14.059922259360802
920357.BJ,20260602,18.0,19.5,17.86,19.14,18.05,1.09,6.0388,39231.3,74106.44019,18.889621345711202
920363.BJ,20260602,11.8,12.57,11.46,12.43,11.7,0.73,6.2393,26670.46,32426.74333,12.158299230684435
920367.BJ,20260602,16.66,16.89,16.31,16.56,16.66,-0.1,-0.6002,6906.29,11419.10357,16.53435284356724
920368.BJ,20260602,32.7,33.17,31.51,31.83,32.8,-0.97,-2.9573,52230.58,167358.66096,32.04227503504652
920370.BJ,20260602,3.09,3.12,3.03,3.09,3.09,0.0,0.0,15089.62,4648.83511,3.0808165546912383
920371.BJ,20260602,9.5,9.56,9.0,9.22,9.72,-0.5,-5.144,76348.77,70700.10392,9.260149694618523
920374.BJ,20260602,17.72,18.8,17.63,18.8,17.83,0.97,5.4403,15101.33,27691.77161,18.337306455788994
920375.BJ,20260602,13.91,13.98,13.22,13.76,13.2,0.56,4.2424,48173.21,65717.69213,13.641958285528409
920378.BJ,20260602,8.1,8.11,7.88,8.02,8.0,0.02,0.25,8735.46,6982.20361,7.992943256565768
920392.BJ,20260602,16.69,16.69,16.11,16.43,16.59,-0.16,-0.9644,4631.56,7588.69821,16.384756345594138
920394.BJ,20260602,45.04,46.37,43.53,45.99,44.6,1.39,3.1166,14245.67,64427.08903,45.22573457759446
920395.BJ,20260602,8.68,8.74,8.46,8.72,8.59,0.13,1.5134,10831.72,9332.33342,8.615744701672497
920396.BJ,20260602,24.58,24.78,23.92,24.71,24.71,0.0,0.0,11856.03,28898.11487,24.374191757274566
920402.BJ,20260602,10.01,10.37,9.93,10.37,10.08,0.29,2.877,79501.45,81445.58328,10.244540606492084
920403.BJ,20260602,20.64,20.64,20.22,20.27,20.8,-0.53,-2.5481,9634.69,19597.15634,20.340204344924434
920405.BJ,20260602,13.5,13.55,12.99,13.03,13.32,-0.29,-2.1772,13280.19,17492.24821,13.171685201793046
920407.BJ,20260602,15.83,16.02,15.51,15.9,15.83,0.07,0.4422,6434.62,10193.62215,15.841840155285006
920414.BJ,20260602,10.18,10.19,9.82,9.99,10.07,-0.08,-0.7944,9719.54,9702.87647,9.982855639258647
920415.BJ,20260602,10.71,11.1,10.68,10.97,10.85,0.12,1.106,17966.92,19577.9819,10.896682291678264
920418.BJ,20260602,21.85,22.05,21.28,21.59,21.79,-0.2,-0.9179,20516.03,44371.07467,21.62751500655829
920419.BJ,20260602,11.55,11.64,11.33,11.36,11.59,-0.23,-1.9845,7704.6,8823.17905,11.451832736287413
920422.BJ,20260602,10.49,10.53,10.22,10.29,10.55,-0.26,-2.4645,9473.09,9787.19885,10.331580139109837
920425.BJ,20260602,23.68,24.38,23.1,24.12,23.81,0.31,1.302,13995.95,33330.45207,23.814354916958116
920427.BJ,20260602,13.59,15.55,13.43,15.42,13.7,1.72,12.5547,96037.81,142202.31178,14.806909047592818
920429.BJ,20260602,12.0,12.11,11.65,11.8,12.05,-0.25,-2.0747,20069.19,23716.27068,11.817253551339144
920433.BJ,20260602,4.87,4.94,4.74,4.81,4.89,-0.08,-1.636,12215.97,5945.11702,4.866676178805285
920436.BJ,20260602,12.99,13.02,12.6,12.78,12.84,-0.06,-0.4673,8492.68,10873.42156,12.803286547944818
920438.BJ,20260602,66.77,71.04,66.37,68.99,67.8,1.19,1.7552,79309.22,546385.61652,68.89307655780753
920445.BJ,20260602,8.03,8.09,7.78,7.91,8.0,-0.09,-1.125,12165.42,9647.56242,7.930315944702279
920454.BJ,20260602,12.99,13.38,12.91,13.2,13.04,0.16,1.227,7527.94,9925.46417,13.184834323865493
920455.BJ,20260602,7.04,7.07,6.87,6.97,7.02,-0.05,-0.7123,4909.57,3417.47467,6.960843149196366
920469.BJ,20260602,6.9,6.9,6.63,6.78,6.9,-0.12,-1.7391,50132.16,33672.39819,6.716725987868864
920471.BJ,20260602,12.3,12.3,11.88,12.04,12.2,-0.16,-1.3115,13012.44,15709.82088,12.072924739710615
920475.BJ,20260602,13.8,13.9,13.2,13.53,13.29,0.24,1.8059,10154.94,13716.12126,13.506846185206411
920476.BJ,20260602,19.15,20.02,18.86,19.7,19.22,0.48,2.4974,23371.41,45663.11669,19.53802388901654
920478.BJ,20260602,9.97,10.05,9.74,9.89,9.97,-0.08,-0.8024,11486.9,11333.54946,9.86649963001332
920489.BJ,20260602,15.11,16.09,15.03,15.8,15.1,0.7,4.6358,36861.65,57929.0807,15.71527066748233
920491.BJ,20260602,26.39,27.68,25.73,27.36,26.13,1.23,4.7072,53877.14,144797.40623,26.875481183670846
920493.BJ,20260602,144.46,144.46,139.3,141.18,142.39,-1.21,-0.8498,11353.11,159748.29812,140.70884376175337
920496.BJ,20260602,7.96,8.25,7.84,8.25,8.12,0.13,1.601,35630.93,28663.90287,8.044668738649257
920504.BJ,20260602,18.99,19.11,18.33,18.87,19.1,-0.23,-1.2042,2375.88,4437.9231,18.679070912672355
920505.BJ,20260602,32.95,34.28,32.5,34.16,32.98,1.18,3.5779,9615.6,32284.68791,33.5753233391572
920508.BJ,20260602,16.91,17.27,16.55,17.07,16.99,0.08,0.4709,4224.35,7117.47065,16.848676482772497
920509.BJ,20260602,31.02,32.09,30.62,31.37,31.05,0.32,1.0306,18108.31,56856.05132,31.397767831454175
920510.BJ,20260602,15.61,16.12,15.42,15.8,15.37,0.43,2.7977,20919.94,32960.18839,15.755393366328969
920519.BJ,20260602,11.02,11.03,10.76,10.97,10.97,0.0,0.0,3665.62,3987.68612,10.878612949514679
920522.BJ,20260602,33.76,34.0,31.3,31.89,33.84,-1.95,-5.7624,61961.69,201084.86942,32.45309632774703
920523.BJ,20260602,19.07,19.25,18.64,19.23,19.06,0.17,0.8919,9110.83,17325.73388,19.01663611328496
920526.BJ,20260602,25.05,27.95,24.4,27.3,25.0,2.3,9.2,53930.97,143996.07615,26.70007161933116
920527.BJ,20260602,16.02,16.04,15.51,15.68,15.8,-0.12,-0.7595,2456.94,3840.9738,15.633160760946543
920533.BJ,20260602,22.98,23.77,22.5,23.02,22.63,0.39,1.7234,23041.79,52992.16494,22.998284829433825
920541.BJ,20260602,10.67,10.85,10.5,10.76,10.66,0.1,0.9381,9439.7,10080.90472,10.679263874911278
920547.BJ,20260602,20.59,20.68,20.01,20.52,20.67,-0.15,-0.7257,2311.45,4714.55234,20.3965144822514
920553.BJ,20260602,7.62,7.8,7.52,7.76,7.65,0.11,1.4379,7669.9,5891.93855,7.681897482366132
920556.BJ,20260602,8.15,8.88,8.0,8.82,8.17,0.65,7.9559,65839.1,56737.78525,8.617642897609475
920564.BJ,20260602,22.5,23.21,21.95,23.09,22.3,0.79,3.5426,14299.13,32525.27464,22.746331168399756
920566.BJ,20260602,10.05,10.12,9.92,9.98,10.04,-0.06,-0.5976,8378.84,8350.61041,9.966308474681458
920570.BJ,20260602,26.75,27.3,26.01,27.25,26.6,0.65,2.4436,7527.91,20170.04267,26.793682004699843
920571.BJ,20260602,9.88,10.04,9.62,9.83,10.04,-0.21,-2.0916,120927.95,118138.55706,9.769334306915813
920575.BJ,20260602,3.9,4.25,3.79,4.1,3.92,0.18,4.5918,108226.84,43417.83429,4.011743694078104
920576.BJ,20260602,58.19,58.51,54.71,56.17,57.82,-1.65,-2.8537,16984.57,95085.13158,55.98324336736226
920578.BJ,20260602,16.95,17.26,16.7,16.98,16.7,0.28,1.6766,6530.5,11106.18726,17.00664154352653
920579.BJ,20260602,17.08,17.28,16.62,17.23,16.92,0.31,1.8322,12533.98,21276.41543,16.974987537877034
920580.BJ,20260602,12.81,13.28,12.51,13.19,12.78,0.41,3.2081,34085.87,44249.07936,12.981648806382234
920592.BJ,20260602,28.58,28.76,27.68,28.16,28.79,-0.63,-2.1883,13651.74,38435.20331,28.154069232200435
920593.BJ,20260602,28.0,29.29,27.91,28.18,27.65,0.53,1.9168,34838.75,99559.21958,28.5771503225575
920599.BJ,20260602,16.83,17.14,16.7,16.9,16.69,0.21,1.2582,35748.94,60593.6884,16.949786035613922
920608.BJ,20260602,14.97,15.09,14.56,14.83,15.0,-0.17,-1.1333,1901.62,2822.23964,14.841238733290563
920627.BJ,20260602,17.99,18.33,17.57,18.13,17.9,0.23,1.2849,8721.38,15683.40892,17.982714799722064
920634.BJ,20260602,17.22,17.68,17.03,17.66,17.22,0.44,2.5552,7578.23,13201.57482,17.42039344279601
920639.BJ,20260602,7.38,7.44,7.26,7.37,7.42,-0.05,-0.6739,15348.05,11293.28659,7.358124706395927
920640.BJ,20260602,31.14,31.66,29.77,31.66,31.09,0.57,1.8334,41686.86,128416.73568,30.805087185746302
920641.BJ,20260602,15.41,16.7,15.07,16.2,15.4,0.8,5.1948,30848.72,49407.47313,16.016052896197962
920642.BJ,20260602,11.29,11.35,11.02,11.2,11.3,-0.1,-0.885,14266.11,15971.25437,11.195241288620375
920651.BJ,20260602,23.15,23.76,22.75,23.47,23.33,0.14,0.6001,5169.84,12056.51367,23.320864224037884
920656.BJ,20260602,14.61,14.61,14.17,14.38,14.62,-0.24,-1.6416,4249.46,6071.61944,14.287978802012491
920662.BJ,20260602,20.06,21.05,19.74,20.99,20.15,0.84,4.1687,11660.28,24047.5545,20.62347945332359
920663.BJ,20260602,15.28,15.33,14.85,15.11,15.1,0.01,0.0662,7936.19,11975.00551,15.089111412403183
920665.BJ,20260602,12.78,13.88,12.53,13.65,12.88,0.77,5.9783,73543.21,98161.21,13.347419836583146
920670.BJ,20260602,14.17,14.87,14.11,14.69,14.23,0.46,3.2326,27689.65,40534.97237,14.639033851998853
920675.BJ,20260602,8.33,8.46,8.15,8.34,8.34,0.0,0.0,14442.38,12043.63565,8.339093452741169
920679.BJ,20260602,16.86,16.98,16.43,16.76,16.87,-0.11,-0.652,2065.3,3450.14392,16.70529182201133
920682.BJ,20260602,6.5,6.59,6.37,6.58,6.5,0.08,1.2308,23590.99,15310.20334,6.489851990103
920685.BJ,20260602,11.68,11.68,11.41,11.6,11.63,-0.03,-0.258,3469.8,3998.29067,11.523115655080984
920689.BJ,20260602,24.39,24.92,23.64,24.92,24.19,0.73,3.0178,8984.37,22008.40132,24.49632118890918
920690.BJ,20260602,18.64,18.88,18.0,18.77,18.29,0.48,2.6244,9388.31,17391.61337,18.524754050516016
920693.BJ,20260602,27.18,27.83,26.77,27.83,27.18,0.65,2.3915,6757.32,18577.53043,27.492453265495786
920694.BJ,20260602,15.86,15.92,15.26,15.55,15.78,-0.23,-1.4575,6798.19,10583.66068,15.5683508110247
920699.BJ,20260602,70.43,70.45,67.18,68.61,69.06,-0.45,-0.6516,9612.22,65972.37699,68.6338608458816
920701.BJ,20260602,13.35,14.09,13.15,13.86,13.42,0.44,3.2787,11558.84,15866.40558,13.726641756439228
920703.BJ,20260602,10.55,10.55,10.22,10.46,10.46,0.0,0.0,4792.3,4957.11672,10.343919871460468
920706.BJ,20260602,19.5,19.6,18.9,19.12,19.55,-0.43,-2.1995,12544.91,24055.75823,19.175712085618787
920717.BJ,20260602,8.0,8.12,7.85,8.07,8.04,0.03,0.3731,10061.71,8048.60195,7.999238648301334
920718.BJ,20260602,11.39,11.5,11.05,11.18,11.33,-0.15,-1.3239,9520.91,10659.34729,11.195723192425934
920719.BJ,20260602,10.2,10.88,10.11,10.63,10.21,0.42,4.1136,37217.01,39373.52679,10.579443859138603
920720.BJ,20260602,10.92,11.03,10.61,10.85,10.85,0.0,0.0,15159.98,16375.32854,10.801682152614978
920725.BJ,20260602,59.03,80.6,59.03,80.6,62.0,18.6,30.0,94624.78,666940.81849,70.4826810154803
920726.BJ,20260602,18.76,19.49,18.4,18.58,19.2,-0.62,-3.2292,45339.0,85283.5312,18.810192373012196
920729.BJ,20260602,7.38,7.45,7.28,7.39,7.43,-0.04,-0.5384,4818.33,3537.12712,7.340981460381501
920735.BJ,20260602,25.37,25.39,24.59,24.98,25.4,-0.42,-1.6535,18548.86,46009.72833,24.80461242901181
920748.BJ,20260602,28.55,28.94,27.52,28.03,28.75,-0.72,-2.5043,8298.36,23196.98511,27.953698212658885
920751.BJ,20260602,22.38,22.45,21.54,22.02,22.16,-0.14,-0.6318,7425.47,16352.14347,22.02169488261349
920753.BJ,20260602,16.55,16.74,16.15,16.43,16.56,-0.13,-0.785,3135.74,5134.62473,16.374523174753012
920765.BJ,20260602,13.98,13.98,13.57,13.83,13.86,-0.03,-0.2165,12033.58,16562.64002,13.76368463915144
920768.BJ,20260602,8.17,8.17,7.97,8.07,8.07,0.0,0.0,9172.49,7390.80097,8.057573210763927
920770.BJ,20260602,12.57,12.57,12.13,12.43,12.6,-0.17,-1.3492,27583.12,33948.89784,12.307852715718887
920779.BJ,20260602,28.3,28.79,27.82,28.5,28.39,0.11,0.3875,4684.95,13261.47999,28.30655607850671
920781.BJ,20260602,6.47,6.55,6.31,6.47,6.42,0.05,0.7788,18350.9,11809.90835,6.4356017143573325
920786.BJ,20260602,7.84,7.98,7.61,7.81,7.95,-0.14,-1.761,75005.05,58349.17017,7.779365545386609
920790.BJ,20260602,19.55,20.01,19.18,19.66,19.66,0.0,0.0,10642.47,20813.85051,19.557349478081687
920792.BJ,20260602,10.31,10.57,10.14,10.51,10.31,0.2,1.9399,13775.73,14398.4329,10.452028966885965
920799.BJ,20260602,30.87,31.16,30.05,30.83,30.68,0.15,0.4889,24900.4,76285.66561,30.636321348251432
920802.BJ,20260602,12.48,12.49,12.15,12.4,12.35,0.05,0.4049,4326.95,5336.76188,12.333772934746182
920806.BJ,20260602,10.77,10.9,10.55,10.78,10.76,0.02,0.1859,19650.21,21086.03965,10.730694303012537
920807.BJ,20260602,11.65,13.98,11.42,13.9,11.65,2.25,19.3133,180403.62,235452.57632,13.05143302113339
920808.BJ,20260602,75.52,75.91,72.59,74.95,74.51,0.44,0.5905,17859.81,132720.69784,74.31249147667305
920809.BJ,20260602,8.26,8.32,8.06,8.14,8.29,-0.15,-1.8094,137737.22,112302.89987,8.153417055317364
920810.BJ,20260602,9.92,9.95,9.66,9.77,9.75,0.02,0.2051,5151.82,5037.60667,9.77830489031061
920819.BJ,20260602,3.04,3.09,3.01,3.04,3.04,0.0,0.0,41999.38,12808.91787,3.0497873706707104
920821.BJ,20260602,21.53,22.96,21.46,22.92,21.7,1.22,5.6221,36276.26,81704.13414,22.522755692014552
920826.BJ,20260602,10.28,10.72,10.08,10.69,10.45,0.24,2.2967,76267.21,79807.69685,10.464221367216657
920832.BJ,20260602,7.17,7.28,7.02,7.21,7.16,0.05,0.6983,34895.33,24996.69234,7.163334560813724
920833.BJ,20260602,14.2,14.35,13.94,14.15,14.21,-0.06,-0.4222,6690.69,9457.06139,14.134657845453908
920834.BJ,20260602,10.73,10.94,10.42,10.77,10.73,0.04,0.3728,14412.13,15265.93554,10.592421481071847
920837.BJ,20260602,11.6,11.6,11.26,11.39,11.54,-0.15,-1.2998,9407.64,10713.22485,11.387792103014148
920839.BJ,20260602,27.77,28.25,27.26,27.99,27.77,0.22,0.7922,4392.11,12223.94989,27.831611435050583
920855.BJ,20260602,14.21,14.21,13.81,14.05,14.14,-0.09,-0.6365,2263.54,3166.6773,13.989933025261315
920856.BJ,20260602,10.29,11.41,10.29,10.8,10.65,0.15,1.4085,14451.92,15425.48493,10.673657846154699
920857.BJ,20260602,20.01,21.29,18.88,20.15,21.46,-1.31,-6.1044,60100.58,119457.26536,19.87622504807774
920866.BJ,20260602,6.82,6.88,6.7,6.81,6.85,-0.04,-0.5839,6643.62,4496.46852,6.768100102052798
920870.BJ,20260602,13.93,14.08,13.54,13.94,13.79,0.15,1.0877,6805.21,9453.18861,13.891104918143597
920871.BJ,20260602,12.71,12.81,12.51,12.81,12.71,0.1,0.7868,5054.35,6426.08565,12.713970441303035
920873.BJ,20260602,8.0,8.39,7.82,8.35,8.03,0.32,3.9851,49802.33,40685.35151,8.169367077805397
920876.BJ,20260602,24.2,28.93,23.48,26.3,24.73,1.57,6.3486,92848.66,244185.33251,26.299284503405865
920879.BJ,20260602,16.66,16.82,16.34,16.82,16.66,0.16,0.9604,8154.4,13588.86908,16.664462228980675
920885.BJ,20260602,14.75,15.23,14.51,15.08,14.72,0.36,2.4457,19285.44,28809.76461,14.938608924660262
920892.BJ,20260602,13.39,13.67,13.1,13.51,13.5,0.01,0.0741,15989.19,21435.75837,13.406406684766395
920895.BJ,20260602,14.24,14.7,14.01,14.32,14.26,0.06,0.4208,8916.3,12819.19845,14.37726237340601
920896.BJ,20260602,15.18,15.37,14.96,15.22,15.15,0.07,0.462,4439.62,6737.25198,15.175289732004092
920906.BJ,20260602,20.78,21.33,20.4,21.07,20.78,0.29,1.3956,5612.16,11744.02196,20.926028409738855
920914.BJ,20260602,21.61,21.83,20.9,21.83,21.61,0.22,1.018,14704.8,31514.12974,21.431185558457102
920924.BJ,20260602,17.66,18.05,17.48,17.91,17.7,0.21,1.1864,12323.46,21918.80035,17.78623888907823
920925.BJ,20260602,13.28,13.32,12.93,13.02,13.28,-0.26,-1.9578,9062.56,11821.70007,13.044548196094702
920926.BJ,20260602,12.44,12.6,12.29,12.45,12.44,0.01,0.0804,3704.21,4609.26094,12.443303538406301
920931.BJ,20260602,10.81,10.88,10.5,10.65,10.81,-0.16,-1.4801,3198.76,3410.90582,10.663212682414436
920932.BJ,20260602,15.66,18.98,15.45,17.8,15.29,2.51,16.416,114236.42,201429.46233,17.632683371030012
920942.BJ,20260602,21.88,23.2,21.41,22.86,21.79,1.07,4.9105,16260.24,36538.52143,22.47108371709151
920943.BJ,20260602,15.6,15.74,15.23,15.4,15.56,-0.16,-1.0283,8520.4,13118.90437,15.39705221585841
920946.BJ,20260602,9.66,9.67,9.39,9.5,9.74,-0.24,-2.4641,21719.54,20652.31593,9.508634128531266
920950.BJ,20260602,14.26,14.48,13.94,14.31,14.15,0.16,1.1307,2042.29,2904.16382,14.220134358979381
920953.BJ,20260602,26.82,27.99,26.2,27.58,27.07,0.51,1.884,28712.53,78250.24942,27.252997008623062
920957.BJ,20260602,10.5,10.71,10.29,10.59,10.47,0.12,1.1461,4776.2,5010.28388,10.490104853230601
920961.BJ,20260602,17.03,17.55,16.77,17.36,17.01,0.35,2.0576,14668.3,25240.99573,17.20785348677079
920964.BJ,20260602,5.16,5.17,5.07,5.1,5.17,-0.07,-1.354,11204.39,5724.73593,5.109368676027879
920970.BJ,20260602,6.32,6.38,6.19,6.31,6.35,-0.04,-0.6299,10118.15,6358.3288,6.284082366835834
920971.BJ,20260602,35.6,44.0,35.57,43.49,35.98,7.51,20.8727,145298.41,597537.69259,41.124861076594016
920974.BJ,20260602,7.41,7.6,7.3,7.6,7.41,0.19,2.5641,25409.14,18876.62847,7.429070196787455
920976.BJ,20260602,23.45,23.59,22.5,22.99,23.0,-0.01,-0.0435,5274.07,12150.88498,23.038914879779753
920978.BJ,20260602,22.88,23.23,22.6,23.2,22.8,0.4,1.7544,17505.23,40278.02081,23.009135446949283
920981.BJ,20260602,33.65,35.8,33.65,35.47,34.08,1.39,4.0786,29707.24,104034.56646,35.0199367090312
920982.BJ,20260602,161.44,163.99,157.0,158.18,161.43,-3.25,-2.0133,7014.38,111214.70478,158.55243767802713
920985.BJ,20260602,5.75,5.75,5.54,5.58,5.7,-0.12,-2.1053,22831.55,12819.15761,5.614668128094676
920992.BJ,20260602,13.38,13.48,13.0,13.28,13.38,-0.1,-0.7474,4174.63,5536.64234,13.262594146068036
