ts_code,trade_date,open,high,low,close,pre_close,change,pct_chg,vol,amount,vwap
000001.SZ,20260601,10.9,10.99,10.81,10.99,10.93,0.06,0.5489,954595.69,1042306.45586,10.918826334319611
000002.SZ,20260601,3.45,3.5,3.41,3.47,3.55,-0.08,-2.2535,3284125.03,1135995.93281,3.4590520227848938
000006.SZ,20260601,9.04,9.13,8.87,8.88,9.1,-0.22,-2.4176,278446.99,249715.59132,8.968155530070554
000007.SZ,20260601,11.18,11.87,11.14,11.61,11.33,0.28,2.4713,99468.2,115499.2518,11.611676073358119
000008.SZ,20260601,2.56,2.61,2.54,2.61,2.57,0.04,1.5564,334414.49,86464.47271,2.5855480338187498
000009.SZ,20260601,7.34,7.54,7.34,7.47,7.4,0.07,0.9459,157354.78,117572.96717,7.471839569792542
000010.SZ,20260601,2.21,2.21,2.21,2.21,2.1,0.11,5.2381,50943.0,11258.403,2.21
000011.SZ,20260601,7.36,7.62,7.23,7.57,7.35,0.22,2.9932,47664.0,35718.733,7.493859726418261
000012.SZ,20260601,4.06,4.3,4.02,4.16,4.05,0.11,2.716,685881.93,287832.49991,4.19653131713209
000014.SZ,20260601,10.6,11.34,10.55,11.19,10.67,0.52,4.8735,104010.24,115672.63256,11.121273497686381
000016.SZ,20260601,3.42,3.45,3.29,3.37,3.46,-0.09,-2.6012,357253.46,120012.66772,3.3593143568154664
000017.SZ,20260601,5.38,5.61,5.33,5.57,5.41,0.16,2.9575,84192.14,46641.04242,5.539833340737033
000019.SZ,20260601,6.47,6.67,6.4,6.67,6.45,0.22,3.4109,122972.03,80938.19326,6.581837614618545
000020.SZ,20260601,12.46,12.97,12.3,12.75,12.46,0.29,2.3274,44735.0,57194.93,12.785275511344585
000021.SZ,20260601,39.01,39.7,36.28,36.43,39.79,-3.36,-8.4443,1815753.23,6862487.71575,37.794164990966316
000025.SZ,20260601,15.34,15.85,15.2,15.6,15.66,-0.06,-0.3831,126714.45,196073.83905,15.473676368401552
000026.SZ,20260601,23.9,24.11,22.71,22.8,23.95,-1.15,-4.8017,177993.53,413308.99685,23.220450588850056
000027.SZ,20260601,8.17,8.24,7.64,8.02,8.08,-0.06,-0.7426,1239521.71,982552.26236,7.926866100312193
000028.SZ,20260601,23.51,23.64,23.32,23.62,23.62,0.0,0.0,24096.37,56620.67525,23.497595384699025
000029.SZ,20260601,24.4,25.58,23.79,23.93,24.75,-0.82,-3.3131,101911.94,250055.74546,24.53645229989734
000030.SZ,20260601,4.6,4.7,4.56,4.68,4.58,0.1,2.1834,111436.44,51776.62531,4.6462921204230865
000031.SZ,20260601,2.59,2.87,2.55,2.87,2.61,0.26,9.9617,539678.0,150114.997,2.7815659893492044
000032.SZ,20260601,16.47,16.9,16.34,16.49,16.47,0.02,0.1214,195611.22,325160.43592,16.622790651783678
000034.SZ,20260601,26.39,27.75,26.38,26.59,25.84,0.75,2.9025,689659.28,1868270.18452,27.089756328951303
000035.SZ,20260601,5.89,5.96,5.81,5.9,5.89,0.01,0.1698,315228.0,185676.156,5.89021774715444
000036.SZ,20260601,5.13,5.26,5.08,5.19,5.19,0.0,0.0,281354.81,146281.9938,5.199200035002067
000037.SZ,20260601,12.25,12.65,11.31,12.65,11.5,1.15,10.0,1032596.09,1268046.51839,12.280179352509462
000039.SZ,20260601,11.02,11.19,10.74,10.81,11.02,-0.21,-1.9056,396556.52,431542.22988,10.882237666398726
000042.SZ,20260601,9.75,10.0,9.69,9.94,9.8,0.14,1.4286,59032.0,58172.868,9.854463341916249
001914.SZ,20260601,9.65,10.1,9.57,10.07,9.69,0.38,3.9216,126596.68,125302.95627,9.897807451980574
000045.SZ,20260601,11.1,11.52,11.05,11.38,11.28,0.1,0.8865,70786.0,80344.869,11.350389766337978
000048.SZ,20260601,12.8,13.79,12.7,13.79,12.54,1.25,9.9681,82742.62,110866.19563,13.398922541974137
000049.SZ,20260601,25.33,25.95,25.33,25.52,25.32,0.2,0.7899,70977.24,182324.99679,25.68781158438959
000050.SZ,20260601,7.6,8.05,7.58,7.8,7.62,0.18,2.3622,468363.0,367894.966,7.8549109558184576
000055.SZ,20260601,3.45,3.81,3.42,3.81,3.46,0.35,10.1156,282069.91,105946.76871,3.7560464606097126
000056.SZ,20260601,1.52,1.63,1.52,1.56,1.6,-0.04,-2.5,666456.67,103711.20086,1.5561581949506185
000058.SZ,20260601,7.18,7.4,7.16,7.32,7.24,0.08,1.105,73921.4,54105.626,7.319345412830385
000059.SZ,20260601,4.4,4.58,4.39,4.56,4.43,0.13,2.9345,278680.0,125451.321,4.501626273862494
000060.SZ,20260601,7.71,8.01,7.66,7.68,7.71,-0.03,-0.3891,2316877.7,1809617.72449,7.810588036174718
000061.SZ,20260601,6.4,6.67,6.28,6.6,6.46,0.14,2.1672,214792.86,140424.96177,6.537692257088993
000062.SZ,20260601,29.18,31.54,29.02,30.47,29.14,1.33,4.5642,456651.69,1384358.17347,30.315406770311085
000063.SZ,20260601,36.65,36.83,35.06,35.1,36.72,-1.62,-4.4118,1615572.17,5788833.39478,35.83147507907369
000065.SZ,20260601,12.0,12.45,11.83,12.2,12.26,-0.06,-0.4894,191479.32,231915.00416,12.11175202418726
000066.SZ,20260601,18.52,19.39,18.34,18.48,17.8,0.68,3.8202,2826607.49,5314231.19657,18.80073981042907
000068.SZ,20260601,3.19,3.21,3.1,3.16,3.14,0.02,0.6369,227526.93,71988.87316,3.163971542181842
000069.SZ,20260601,1.92,2.09,1.89,2.02,1.94,0.08,4.1237,1090819.33,220203.0864,2.018694391856807
000070.SZ,20260601,17.61,17.71,17.0,17.01,18.07,-1.06,-5.8661,479583.3,827087.46285,17.245960458798294
000078.SZ,20260601,1.75,1.76,1.7,1.76,1.68,0.08,4.7619,957897.23,167655.25912,1.7502426551541441
000088.SZ,20260601,4.47,4.51,4.41,4.5,4.47,0.03,0.6711,269679.05,120558.93516,4.4704597987867425
000089.SZ,20260601,6.78,6.87,6.64,6.86,6.8,0.06,0.8824,108746.01,73720.18785,6.779116571725253
000090.SZ,20260601,3.84,4.01,3.65,3.87,3.85,0.02,0.5195,1511519.75,576753.18543,3.8157171643308
000096.SZ,20260601,8.23,8.51,8.17,8.5,8.21,0.29,3.5323,78722.38,66219.65176,8.411794938110354
000099.SZ,20260601,15.57,15.82,15.53,15.68,15.6,0.08,0.5128,66397.0,104203.519,15.694010120939199
000100.SZ,20260601,4.27,4.53,4.27,4.4,4.28,0.12,2.8037,10253294.47,4534573.14412,4.422552339043472
000151.SZ,20260601,13.25,13.98,12.85,13.74,13.31,0.43,3.2307,413326.84,564579.36369,13.659392738443987
000153.SZ,20260601,5.66,5.85,5.6,5.84,5.68,0.16,2.8169,77040.16,44468.34259,5.77209894034488
000155.SZ,20260601,14.28,14.65,14.22,14.6,14.25,0.35,2.4561,494457.75,717036.02872,14.501462030274578
000156.SZ,20260601,6.99,7.18,6.91,7.11,6.95,0.16,2.3022,99490.0,70423.773,7.078477535430697
000157.SZ,20260601,7.18,7.27,7.14,7.22,7.21,0.01,0.1387,591147.01,425907.96351,7.204772354511274
000158.SZ,20260601,15.25,16.22,15.25,15.9,15.33,0.57,3.7182,353297.35,560465.84399,15.863856436794672
000159.SZ,20260601,6.47,6.98,6.42,6.89,6.47,0.42,6.4915,355130.35,243338.37449,6.8520861280935295
000166.SZ,20260601,4.41,4.45,4.36,4.43,4.41,0.02,0.4535,987222.45,435509.73178,4.4114650328302405
000301.SZ,20260601,12.04,12.46,11.95,12.2,12.05,0.15,1.2448,194725.0,238183.99956,12.231814074207215
000333.SZ,20260601,80.32,82.0,80.29,81.7,80.85,0.85,1.0513,376711.19,3058758.97678,81.19639283292858
000338.SZ,20260601,35.18,35.7,32.86,33.7,35.34,-1.64,-4.6406,1443625.15,4923451.28013,34.10477629965092
000400.SZ,20260601,26.98,27.29,26.8,27.22,26.62,0.6,2.2539,324743.8,880326.11429,27.108327065520577
000401.SZ,20260601,3.97,4.11,3.93,4.1,3.99,0.11,2.7569,140303.68,56861.40131,4.052737697970573
000402.SZ,20260601,3.11,3.17,3.02,3.13,3.09,0.04,1.2945,1516816.23,471986.89393,3.111694644314295
000403.SZ,20260601,12.9,12.94,12.39,12.39,12.9,-0.51,-3.9535,160621.73,201644.34613,12.553989185024964
000404.SZ,20260601,8.25,8.4,8.13,8.28,8.33,-0.05,-0.6002,188595.38,156099.19816,8.276936484870415
000407.SZ,20260601,4.15,4.31,4.13,4.3,4.15,0.15,3.6145,180383.0,76784.184,4.256730623174024
000408.SZ,20260601,77.0,78.16,75.79,76.05,77.18,-1.13,-1.4641,121021.64,929427.18129,76.79842888346249
000409.SZ,20260601,9.5,10.19,9.41,9.98,9.59,0.39,4.0667,171948.33,169202.40531,9.840305242278307
000410.SZ,20260601,5.27,5.47,5.18,5.34,5.26,0.08,1.5209,226360.92,120554.20028,5.325751471587941
000411.SZ,20260601,11.65,12.18,11.42,12.15,11.68,0.47,4.024,219761.81,259653.01108,11.815201698602682
000415.SZ,20260601,4.08,4.12,4.0,4.07,4.12,-0.05,-1.2136,617901.99,251378.9391,4.0682655691074885
000417.SZ,20260601,7.4,8.08,7.32,7.85,7.5,0.35,4.6667,1036719.96,811626.95647,7.82879647142127
000419.SZ,20260601,5.1,5.37,5.02,5.34,5.12,0.22,4.2969,122515.0,64428.817,5.258851324327633
000420.SZ,20260601,4.4,4.5,4.34,4.43,4.46,-0.03,-0.6726,893431.53,395140.94581,4.422733388533982
000421.SZ,20260601,5.76,6.08,5.71,6.03,5.77,0.26,4.5061,112673.02,67167.07381,5.961238441110392
000422.SZ,20260601,14.12,14.46,14.06,14.4,14.12,0.28,1.983,240977.5,344814.98887,14.309011790312374
000423.SZ,20260601,49.8,50.0,48.83,49.72,49.99,-0.27,-0.5401,74741.98,368712.83627,49.33142475888384
000425.SZ,20260601,9.7,9.99,9.68,9.81,9.75,0.06,0.6154,1245273.55,1225905.17606,9.844464905401708
000426.SZ,20260601,38.91,40.96,38.44,39.69,39.7,-0.01,-0.0252,550380.89,2204897.95012,40.06131008872782
000428.SZ,20260601,3.59,3.75,3.55,3.74,3.59,0.15,4.1783,144233.9,52897.2678,3.6674642923750937
000429.SZ,20260601,14.0,14.16,13.66,14.16,14.01,0.15,1.0707,84233.98,117619.21949,13.963393334851329
000430.SZ,20260601,7.45,8.08,7.42,7.98,7.51,0.47,6.2583,194447.9,152379.88974,7.83654077724676
000488.SZ,20260601,2.26,2.3,2.24,2.3,2.28,0.02,0.8772,90240.93,20521.90374,2.2741236975283834
000498.SZ,20260601,5.28,5.34,5.24,5.34,5.27,0.07,1.3283,93172.88,49251.50294,5.286034191494348
000501.SZ,20260601,7.75,7.87,7.59,7.87,7.81,0.06,0.7682,93026.01,72197.18085,7.760967158539854
000503.SZ,20260601,7.12,7.31,7.01,7.23,7.13,0.1,1.4025,118149.85,84654.78455,7.165035296278411
000504.SZ,20260601,9.47,9.56,9.32,9.54,9.46,0.08,0.8457,25490.6,24117.366,9.461278275128873
000505.SZ,20260601,5.91,6.13,5.82,6.11,5.9,0.21,3.5593,95402.26,57582.68006,6.03577735579849
000506.SZ,20260601,14.01,14.74,14.01,14.1,14.19,-0.09,-0.6342,418070.43,602348.23664,14.40781728188717
000507.SZ,20260601,5.15,5.5,5.1,5.45,5.13,0.32,6.2378,450419.11,241549.66047,5.3627755818353275
000509.SZ,20260601,4.98,5.2,4.72,4.92,5.16,-0.24,-4.6512,2436777.12,1208270.24566,4.958476652390761
000510.SZ,20260601,16.7,18.32,16.69,18.32,16.65,1.67,10.03,283743.0,504955.405,17.796224224033722
000513.SZ,20260601,30.86,31.16,30.64,30.9,30.86,0.04,0.1296,46556.55,143700.51084,30.86579887040599
000514.SZ,20260601,4.4,4.61,4.28,4.57,4.45,0.12,2.6966,163787.17,73998.9682,4.517995408309455
000516.SZ,20260601,4.23,4.31,4.21,4.28,4.25,0.03,0.7059,156511.13,66843.98651,4.27087750947808
000517.SZ,20260601,1.88,1.96,1.83,1.95,1.88,0.07,3.7234,282667.35,54318.31462,1.921633843455921
000518.SZ,20260601,3.41,3.74,3.41,3.59,3.5,0.09,2.5714,1177963.32,422121.31942,3.5834844112123965
000519.SZ,20260601,19.89,20.28,19.15,19.28,19.67,-0.39,-1.9827,809261.9,1584769.08055,19.58289498801315
000520.SZ,20260601,3.6,3.89,3.6,3.83,3.61,0.22,6.0942,274463.22,103879.87203,3.7848376197728797
000521.SZ,20260601,5.97,6.11,5.66,5.81,5.57,0.24,4.3088,260662.9,151290.86332,5.804081183781812
000523.SZ,20260601,3.14,3.33,3.08,3.28,3.14,0.14,4.4586,368418.01,119299.77289,3.2381634353325994
000524.SZ,20260601,9.4,9.55,9.21,9.51,9.38,0.13,1.3859,84224.98,79509.87039,9.440176820463478
000525.SZ,20260601,4.8,4.99,4.8,4.96,4.84,0.12,2.4793,192733.9,95185.1635,4.938682997645977
000526.SZ,20260601,28.8,29.88,28.67,29.64,29.03,0.61,2.1013,23355.15,68628.4553,29.384720414983416
000528.SZ,20260601,8.96,9.1,8.91,9.06,8.98,0.08,0.8909,192792.94,173917.95601,9.020971204132268
000529.SZ,20260601,5.1,5.27,5.0,5.26,5.08,0.18,3.5433,57903.2,30088.1466,5.196283901407868
000530.SZ,20260601,6.2,6.44,6.17,6.39,6.23,0.16,2.5682,718109.75,455591.4358,6.344314859950028
000531.SZ,20260601,7.87,8.23,7.51,8.22,7.84,0.38,4.8469,694786.04,550505.59773,7.923383114174257
000532.SZ,20260601,12.0,12.33,11.86,12.17,12.11,0.06,0.4955,92334.15,112322.93261,12.164830954744264
000533.SZ,20260601,11.99,12.69,11.8,12.69,11.54,1.15,9.9653,528232.99,652458.03579,12.351709343068482
000534.SZ,20260601,33.36,34.26,32.06,32.33,32.83,-0.5,-1.523,192420.5,638360.53899,33.17528740388888
000536.SZ,20260601,3.8,4.05,3.77,3.92,3.89,0.03,0.7712,840998.25,332223.39704,3.9503458781275707
000537.SZ,20260601,11.03,11.17,10.4,10.9,10.98,-0.08,-0.7286,689696.57,749802.48786,10.871483496865878
000538.SZ,20260601,49.98,50.09,49.41,49.82,49.94,-0.12,-0.2403,110358.79,548600.96593,49.71067242853968
000539.SZ,20260601,9.77,9.77,8.5,9.77,8.88,0.89,10.0225,4764888.84,4494654.37633,9.432863026307242
000541.SZ,20260601,4.96,5.05,4.92,5.05,4.96,0.09,1.8145,76710.36,38488.49313,5.017378764745727
000543.SZ,20260601,9.92,9.94,9.25,9.82,9.8,0.02,0.2041,1371944.08,1324084.77004,9.651156992054661
000544.SZ,20260601,7.88,8.14,7.88,8.12,7.91,0.21,2.6549,54931.46,44216.18586,8.049337457988555
000545.SZ,20260601,2.44,2.6,2.41,2.55,2.46,0.09,3.6585,380561.45,96861.8731,2.5452360742266453
000546.SZ,20260601,5.55,5.68,5.53,5.61,5.59,0.02,0.3578,238063.0,133816.511,5.621054552786448
000547.SZ,20260601,20.12,20.61,20.06,20.1,20.3,-0.2,-0.9852,640754.7,1303467.00818,20.342683528969822
000548.SZ,20260601,4.82,5.02,4.76,5.0,4.83,0.17,3.5197,103909.0,51240.573,4.931293054499609
000550.SZ,20260601,16.65,16.83,16.6,16.73,16.75,-0.02,-0.1194,63556.0,106266.3428,16.720111838378752
000551.SZ,20260601,15.69,15.8,15.49,15.64,15.82,-0.18,-1.1378,121269.6,189699.9156,15.642825209285755
000552.SZ,20260601,2.73,2.87,2.69,2.86,2.73,0.13,4.7619,1503227.7,422794.07794,2.8125750871940425
000553.SZ,20260601,6.24,6.42,6.19,6.41,6.27,0.14,2.2329,113964.76,72339.53013,6.347534986253645
000554.SZ,20260601,6.86,6.95,6.74,6.93,6.74,0.19,2.819,141467.32,97441.61589,6.887924072499571
000555.SZ,20260601,12.81,13.37,12.81,13.18,12.78,0.4,3.1299,251366.03,330990.61651,13.167674904600277
000557.SZ,20260601,4.15,4.31,4.13,4.29,4.19,0.1,2.3866,82529.95,35091.59647,4.25198324608218
000558.SZ,20260601,3.76,3.85,3.68,3.83,3.75,0.08,2.1333,307791.11,116984.19405,3.8007658522041137
000559.SZ,20260601,14.92,15.24,14.7,15.07,14.78,0.29,1.9621,562211.06,842290.39815,14.981747213404159
000560.SZ,20260601,2.73,2.79,2.68,2.78,2.78,0.0,0.0,1075896.03,294187.53002,2.734349061776908
000561.SZ,20260601,8.1,8.26,8.04,8.18,8.1,0.08,0.9877,78186.11,63952.86509,8.17956860751865
000563.SZ,20260601,2.98,3.03,2.94,3.02,2.98,0.04,1.3423,405199.55,121308.42117,2.9937945678863667
000564.SZ,20260601,1.72,1.76,1.68,1.73,1.74,-0.01,-0.5747,3556798.92,613174.20823,1.723949601935889
000565.SZ,20260601,6.8,7.08,6.73,7.03,6.79,0.24,3.5346,103541.0,72032.25975,6.956882756589176
000566.SZ,20260601,4.11,4.21,4.06,4.18,4.11,0.07,1.7032,218888.45,91100.02059,4.16193821967308
000567.SZ,20260601,6.22,6.34,6.08,6.3,6.24,0.06,0.9615,251445.1,157436.83569,6.261280720523088
000568.SZ,20260601,90.91,91.38,89.4,90.4,91.04,-0.64,-0.703,140821.75,1270525.75702,90.22226730032826
000570.SZ,20260601,5.5,5.68,5.45,5.66,5.54,0.12,2.1661,141237.7,79305.3079,5.615024026871012
000571.SZ,20260601,5.66,5.9,5.52,5.8,5.59,0.21,3.7567,270212.3,155209.0858,5.743968198338862
000572.SZ,20260601,4.5,4.65,4.47,4.59,4.5,0.09,2.0,428348.44,196740.20252,4.5929944911203595
000573.SZ,20260601,4.4,4.57,4.36,4.51,4.42,0.09,2.0362,191213.87,86134.4085,4.504610910285954
000576.SZ,20260601,7.49,7.71,7.4,7.65,7.49,0.16,2.1362,65421.0,49869.966,7.622929334617324
000581.SZ,20260601,19.2,19.33,19.1,19.25,19.28,-0.03,-0.1556,85923.77,165272.32121,19.234761371620447
000582.SZ,20260601,13.51,13.73,13.0,13.22,13.57,-0.35,-2.5792,687518.79,909803.08957,13.233137810968046
000586.SZ,20260601,15.22,15.22,15.22,15.22,16.91,-1.69,-9.9941,24193.0,36821.746,15.22
000589.SZ,20260601,4.72,4.81,4.67,4.79,4.7,0.09,1.9149,398109.47,189740.8942,4.766048247985662
000590.SZ,20260601,10.16,10.53,10.07,10.44,10.15,0.29,2.8571,50457.21,52553.83494,10.415525341175227
000591.SZ,20260601,6.04,6.08,5.72,5.92,6.07,-0.15,-2.4712,2192394.44,1292950.18166,5.8974341389955365
000592.SZ,20260601,8.58,8.74,8.53,8.61,8.58,0.03,0.3497,782142.44,676284.40781,8.646563250167068
000593.SZ,20260601,20.65,21.78,20.48,21.25,20.59,0.66,3.2054,164355.05,349219.1874,21.24785258499815
000595.SZ,20260601,7.88,7.98,7.71,7.8,8.03,-0.23,-2.8643,131811.0,103237.692,7.832251633020006
000596.SZ,20260601,93.0,95.33,92.2,94.89,93.03,1.86,1.9994,41975.25,394596.5363,94.00695321647875
000597.SZ,20260601,4.66,4.7,4.62,4.7,4.66,0.04,0.8584,105510.18,49148.38491,4.658165203585095
000598.SZ,20260601,7.01,7.15,6.93,7.14,7.01,0.13,1.8545,459629.34,325054.69574,7.072105008353034
000599.SZ,20260601,5.05,5.19,5.01,5.16,5.07,0.09,1.7751,121560.41,62517.09015,5.142882468889337
000600.SZ,20260601,12.6,12.6,11.71,12.21,12.55,-0.34,-2.7092,1243019.46,1517934.32001,12.211669799682783
000601.SZ,20260601,8.47,8.49,7.61,8.17,8.46,-0.29,-3.4279,1724839.56,1382505.51725,8.01527022751032
000603.SZ,20260601,30.74,31.45,30.29,30.87,30.9,-0.03,-0.0971,133672.17,415358.39641,31.072914908914843
000605.SZ,20260601,6.24,6.64,6.15,6.61,6.26,0.35,5.5911,85202.2,55171.2738,6.475334416247468
000607.SZ,20260601,3.61,3.81,3.56,3.8,3.6,0.2,5.5556,203695.43,76220.94134,3.7419072848124286
000608.SZ,20260601,4.54,5.04,4.37,4.93,4.58,0.35,7.6419,902130.72,429543.68959,4.761435123171507
000609.SZ,20260601,12.81,13.17,12.48,12.49,13.14,-0.65,-4.9467,131850.86,168854.8563,12.806503977296774
000610.SZ,20260601,7.38,7.7,7.27,7.68,7.34,0.34,4.6322,60428.11,45857.28399,7.588733784657506
000612.SZ,20260601,11.57,11.9,11.54,11.78,11.56,0.22,1.9031,354171.8,417118.45723,11.777291620337927
000615.SZ,20260601,3.75,3.87,3.71,3.82,3.78,0.04,1.0582,111233.83,42281.89853,3.801172586613263
000617.SZ,20260601,7.81,7.94,7.71,7.88,7.8,0.08,1.0256,747124.92,587289.13319,7.860655125651544
000619.SZ,20260601,5.56,5.92,5.47,5.77,5.55,0.22,3.964,138596.01,80182.05747,5.785307778340805
000620.SZ,20260601,2.78,2.83,2.75,2.81,2.8,0.01,0.3571,1177777.38,330145.34964,2.803121839884546
000623.SZ,20260601,17.22,17.44,17.11,17.38,17.25,0.13,0.7536,112560.16,194848.49245,17.310609051195378
000625.SZ,20260601,7.87,8.08,7.81,8.07,7.92,0.15,1.8939,1048446.02,837463.12886,7.987660908474812
000626.SZ,20260601,7.6,8.2,7.51,8.2,7.45,0.75,10.0671,129993.0,103566.429,7.9670773810897515
000628.SZ,20260601,60.89,61.28,56.38,56.45,60.89,-4.44,-7.2918,141158.16,819584.80724,58.06145441680452
000629.SZ,20260601,3.42,3.49,3.38,3.45,3.42,0.03,0.8772,1153797.09,396943.0588,3.4403194655309797
000630.SZ,20260601,6.9,7.05,6.8,6.82,6.9,-0.08,-1.1594,4149544.15,2866898.96354,6.908949175875137
000631.SZ,20260601,3.45,3.46,3.35,3.42,3.46,-0.04,-1.1561,311055.68,106193.62756,3.413974872923073
000632.SZ,20260601,3.95,4.16,3.95,4.1,4.01,0.09,2.2444,128223.01,52502.38508,4.094614927539137
000633.SZ,20260601,5.57,5.84,5.45,5.76,5.57,0.19,3.4111,105261.97,60432.96587,5.7411965470530335
000635.SZ,20260601,6.93,7.37,6.9,7.33,6.96,0.37,5.3161,78326.05,56632.54078,7.230358326508231
000636.SZ,20260601,48.98,58.26,48.98,55.05,53.03,2.02,3.8092,2583335.93,14108174.7816,54.61223458305711
000637.SZ,20260601,4.22,4.47,4.16,4.45,4.23,0.22,5.2009,128114.77,56277.26171,4.392722377755508
000639.SZ,20260601,1.56,1.63,1.56,1.61,1.64,-0.03,-1.8293,867390.83,136253.96372,1.5708485610805916
000650.SZ,20260601,5.37,5.44,5.31,5.43,5.35,0.08,1.4953,146563.65,78801.50617,5.376606421169232
000651.SZ,20260601,38.9,39.29,38.63,39.09,39.17,-0.08,-0.2042,486477.35,1898417.13944,39.023751865117674
000652.SZ,20260601,3.74,3.84,3.68,3.83,3.73,0.1,2.681,211031.96,79800.39565,3.7814365013716413
000655.SZ,20260601,7.18,7.46,7.15,7.42,7.22,0.2,2.7701,70348.0,51880.975,7.374904048444874
000656.SZ,20260601,1.45,1.46,1.44,1.46,1.46,0.0,0.0,651221.25,94385.55077,1.4493622677392668
000657.SZ,20260601,68.02,70.8,63.01,63.18,68.0,-4.82,-7.0882,930469.73,6103847.86752,65.59963930820189
000659.SZ,20260601,3.97,4.03,3.92,3.97,4.0,-0.03,-0.75,146691.91,58311.63607,3.975109197910096
000661.SZ,20260601,73.0,73.82,72.18,73.15,73.57,-0.42,-0.5709,54620.58,398901.7002,73.03139223347684
000663.SZ,20260601,5.94,6.28,5.86,6.23,5.95,0.28,4.7059,78873.0,48754.306,6.181368275582265
000665.SZ,20260601,4.39,4.46,4.32,4.43,4.4,0.03,0.6818,130340.79,57559.1906,4.41605353166879
000668.SZ,20260601,18.36,19.27,18.09,19.27,18.35,0.92,5.0136,27920.09,53220.61406,19.061763074545965
000669.SZ,20260601,4.56,4.58,4.35,4.45,4.37,0.08,1.8307,178960.77,79682.03763,4.452486297974691
000670.SZ,20260601,8.48,8.84,8.4,8.5,8.7,-0.2,-2.2989,622033.56,536068.06644,8.617992676150784
000672.SZ,20260601,16.72,16.9,15.87,16.64,17.04,-0.4,-2.3474,400916.12,657839.8412,16.40841583521261
000676.SZ,20260601,5.77,6.19,5.76,6.07,5.76,0.31,5.3819,412060.46,248172.7467,6.022726536295183
000677.SZ,20260601,1.98,2.15,1.96,2.1,2.06,0.04,1.9417,810818.58,163720.13433,2.0191956421373574
000678.SZ,20260601,11.44,11.84,11.37,11.65,11.44,0.21,1.8357,88363.94,102667.8209,11.618746391344706
000679.SZ,20260601,6.48,6.73,6.21,6.66,6.54,0.12,1.8349,73588.71,48193.86373,6.549083919258809
000680.SZ,20260601,10.7,11.42,10.69,11.25,10.76,0.49,4.5539,299282.65,336448.93923,11.241845767871943
000681.SZ,20260601,21.65,22.65,21.38,22.65,20.59,2.06,10.0049,465317.87,1034602.84375,22.234324328657312
000682.SZ,20260601,13.99,14.45,13.88,14.35,13.99,0.36,2.5733,431455.26,612666.2169,14.199994152348497
000683.SZ,20260601,7.17,7.37,7.08,7.26,7.2,0.06,0.8333,462845.85,336395.71608,7.267986006140057
000685.SZ,20260601,11.46,11.63,11.34,11.53,11.46,0.07,0.6108,201026.67,231056.19389,11.493807955431983
000686.SZ,20260601,7.93,7.99,7.86,7.97,7.96,0.01,0.1256,209568.21,166332.14306,7.936897636335206
000688.SZ,20260601,41.34,42.76,39.18,39.31,42.18,-2.87,-6.8042,221259.43,895099.67766,40.45475836487512
000690.SZ,20260601,6.27,6.33,5.85,6.08,6.19,-0.11,-1.7771,2997245.28,1826095.24307,6.092578592933843
000691.SZ,20260601,8.58,9.45,8.35,9.32,8.59,0.73,8.4983,353256.65,311424.4744,8.815813499901559
000692.SZ,20260601,5.32,5.48,5.14,5.48,5.27,0.21,3.9848,671914.45,359808.52427,5.354975239332925
000695.SZ,20260601,14.88,16.19,14.85,15.26,15.14,0.12,0.7926,222293.02,348103.45092,15.65966627832039
000697.SZ,20260601,11.71,12.33,11.71,11.9,11.77,0.13,1.1045,183550.0,220953.272,12.037770198855897
000698.SZ,20260601,3.42,3.53,3.41,3.51,3.43,0.08,2.3324,45700.85,15924.23746,3.484451046315331
000700.SZ,20260601,14.18,14.35,13.65,13.7,14.18,-0.48,-3.385,493140.56,685170.39905,13.894018351481776
000701.SZ,20260601,5.54,5.77,5.46,5.72,5.59,0.13,2.3256,175790.19,99984.08237,5.687694084066921
000702.SZ,20260601,6.05,6.37,5.97,6.35,6.06,0.29,4.7855,88572.26,55432.49052,6.258448245534211
000703.SZ,20260601,12.66,13.26,12.52,12.89,12.85,0.04,0.3113,419378.3,541806.42748,12.919276640684556
000705.SZ,20260601,6.98,7.31,6.92,7.22,7.0,0.22,3.1429,80911.0,58136.517,7.185242674049263
000707.SZ,20260601,4.85,5.13,4.84,5.1,4.83,0.27,5.5901,146674.55,74092.34756,5.051479452979403
000708.SZ,20260601,14.0,14.09,13.32,14.08,14.14,-0.06,-0.4243,212695.81,293963.60953,13.820846284183972
000709.SZ,20260601,2.23,2.27,2.18,2.26,2.23,0.03,1.3453,1042304.48,233140.4918,2.236779139623385
000710.SZ,20260601,8.75,9.05,8.7,8.98,8.82,0.16,1.8141,60195.0,53681.764,8.917977240634604
000711.SZ,20260601,6.01,6.18,5.87,5.87,6.18,-0.31,-5.0162,1038830.8,617441.61972,5.943620652371877
000712.SZ,20260601,11.07,11.19,10.97,11.05,11.24,-0.19,-1.6904,358091.09,395912.53804,11.056196289050364
000713.SZ,20260601,5.83,6.03,5.8,6.02,5.88,0.14,2.381,65743.0,39165.87534,5.957421374138692
000715.SZ,20260601,5.12,5.3,5.05,5.28,5.18,0.1,1.9305,97363.15,50744.0464,5.2118328546272386
000716.SZ,20260601,5.67,6.22,5.63,6.11,5.84,0.27,4.6233,773667.13,464630.52065,6.005561082193061
000717.SZ,20260601,2.23,2.3,2.19,2.29,2.23,0.06,2.6906,225467.78,51117.95037,2.2671953558064923
000718.SZ,20260601,1.99,2.08,1.96,2.07,2.01,0.06,2.9851,510447.47,104365.92872,2.044596845979078
000719.SZ,20260601,13.15,13.47,12.92,13.33,13.16,0.17,1.2918,67125.51,88709.78755,13.215510399846497
000720.SZ,20260601,5.06,5.27,4.84,5.11,5.28,-0.17,-3.2197,1351310.0,684214.60144,5.063342988951462
000721.SZ,20260601,6.51,6.7,6.43,6.68,6.51,0.17,2.6114,126937.0,84283.733,6.63980817255804
000722.SZ,20260601,14.9,16.26,14.56,16.26,14.78,1.48,10.0135,547359.41,839629.27009,15.33963342459025
000723.SZ,20260601,4.28,4.44,4.22,4.43,4.33,0.1,2.3095,1166135.83,509284.0683,4.3672791384859515
000725.SZ,20260601,5.12,5.59,5.12,5.36,5.11,0.25,4.8924,33868875.93,18297384.7135,5.4024186546128465
000726.SZ,20260601,6.05,6.19,5.98,6.18,6.04,0.14,2.3179,103455.32,63017.88457,6.091314063887676
000727.SZ,20260601,2.74,3.01,2.72,3.01,2.74,0.27,9.854,3590636.16,1067669.38492,2.973482517705164
000728.SZ,20260601,7.12,7.2,7.06,7.19,7.13,0.06,0.8415,311668.66,222747.99493,7.146948779835611
000729.SZ,20260601,12.77,13.08,12.75,12.99,12.77,0.22,1.7228,448116.36,579731.29989,12.937070628039557
000731.SZ,20260601,6.06,6.2,6.0,6.17,6.06,0.11,1.8152,69043.43,42393.13311,6.140067651621596
000733.SZ,20260601,50.62,53.17,50.58,50.87,51.49,-0.62,-1.2041,357522.53,1853944.20472,51.85531118052896
000735.SZ,20260601,5.55,5.65,5.49,5.63,5.59,0.04,0.7156,208791.0,116557.346,5.582488996173208
000736.SZ,20260601,5.34,5.39,5.22,5.37,5.36,0.01,0.1866,52526.92,27991.54248,5.3289898741445345
000737.SZ,20260601,13.96,14.16,13.86,13.97,13.9,0.07,0.5036,355623.23,498230.95082,14.010078892202852
000738.SZ,20260601,19.16,19.44,19.12,19.17,19.14,0.03,0.1567,125004.86,240585.06933,19.246057259693742
000739.SZ,20260601,16.55,16.95,16.49,16.8,16.61,0.19,1.1439,88350.0,148264.88474,16.781537604980194
000750.SZ,20260601,3.72,3.75,3.69,3.73,3.72,0.01,0.2688,437353.01,162522.38768,3.716045939183087
000751.SZ,20260601,5.15,5.32,5.11,5.21,5.17,0.04,0.7737,387816.3,203509.7752,5.247581785499991
000752.SZ,20260601,9.08,9.12,8.99,9.11,9.07,0.04,0.441,24519.22,22198.46876,9.053497117771283
000753.SZ,20260601,5.34,5.51,5.29,5.5,5.34,0.16,2.9963,187876.4,102548.7345,5.458308467694719
000755.SZ,20260601,5.3,5.35,5.15,5.32,5.28,0.04,0.7576,162061.92,85441.99645,5.272182166544738
000756.SZ,20260601,13.38,13.59,13.33,13.57,13.38,0.19,1.42,33669.17,45347.41984,13.468529173721837
000757.SZ,20260601,4.04,4.27,3.95,4.23,4.01,0.22,5.4863,191827.99,79990.48201,4.169906696619195
000758.SZ,20260601,6.66,6.82,6.66,6.76,6.7,0.06,0.8955,279321.36,188965.59364,6.765168035842301
000759.SZ,20260601,5.75,6.14,5.6,5.98,6.11,-0.13,-2.1277,1003408.72,597502.80219,5.954730014604617
000761.SZ,20260601,2.51,2.61,2.44,2.6,2.51,0.09,3.5857,200761.51,51188.2194,2.5497028489176037
000762.SZ,20260601,29.42,29.87,29.18,29.35,29.57,-0.22,-0.744,142623.32,421233.13239,29.534660418085906
000766.SZ,20260601,22.95,23.9,22.94,23.73,23.17,0.56,2.4169,173407.88,407391.29951,23.493240301997808
000767.SZ,20260601,6.14,6.14,5.5,6.14,5.58,0.56,10.0358,6870789.33,4103194.98776,5.971941200182308
000768.SZ,20260601,21.85,22.09,21.71,22.04,21.75,0.29,1.3333,162258.6,356266.91657,21.956735517870854
000776.SZ,20260601,18.9,19.38,18.68,19.0,18.89,0.11,0.5823,769428.39,1466517.27814,19.059828012584774
000777.SZ,20260601,17.52,17.87,17.36,17.66,17.63,0.03,0.1702,56344.61,99609.91284,17.678694171456687
000778.SZ,20260601,4.45,4.51,4.35,4.45,4.49,-0.04,-0.8909,1148894.54,510134.31796,4.440218838188577
000779.SZ,20260601,7.36,7.71,7.28,7.68,7.36,0.32,4.3478,90817.64,68889.29248,7.585452834933831
000782.SZ,20260601,7.43,7.6,7.32,7.34,7.46,-0.12,-1.6086,193896.45,144167.12665,7.435263856042748
000783.SZ,20260601,8.11,8.12,7.92,7.95,8.13,-0.18,-2.214,986045.3,789662.39172,8.008378435757464
000785.SZ,20260601,2.4,2.49,2.37,2.48,2.41,0.07,2.9046,637132.48,156260.44215,2.45255809513902
000786.SZ,20260601,22.45,23.29,22.0,23.25,22.9,0.35,1.5284,133982.38,306628.76984,22.88575332368331
000788.SZ,20260601,5.36,5.54,5.3,5.53,5.38,0.15,2.7881,166378.03,90773.74605,5.455873353591216
000789.SZ,20260601,4.51,4.64,4.49,4.63,4.54,0.09,1.9824,45803.27,21013.73268,4.5878236815843065
000790.SZ,20260601,3.92,4.02,3.88,3.96,3.92,0.04,1.0204,177862.69,70415.26014,3.958967456300138
000791.SZ,20260601,9.88,9.94,9.18,9.63,9.84,-0.21,-2.1341,1090320.02,1042525.16801,9.561643819123857
000792.SZ,20260601,30.5,31.02,30.33,30.38,30.77,-0.39,-1.2675,560780.46,1719367.41175,30.66025894964315
000793.SZ,20260601,2.65,2.65,2.52,2.59,2.65,-0.06,-2.2642,201771.24,51985.95992,2.576480172298094
000795.SZ,20260601,8.79,8.96,8.78,8.85,8.83,0.02,0.2265,112573.14,99924.5477,8.87641116699774
000796.SZ,20260601,4.65,4.75,4.58,4.72,4.65,0.07,1.5054,334059.8,156971.18195,4.698894687418241
000797.SZ,20260601,2.53,2.66,2.51,2.63,2.55,0.08,3.1373,321308.6,83861.4794,2.6099979707981675
000798.SZ,20260601,8.35,8.69,8.3,8.66,8.39,0.27,3.2181,65078.2,55913.8628,8.591796146789555
000799.SZ,20260601,45.76,46.9,44.43,45.3,45.74,-0.44,-0.962,305964.7,1389083.87515,45.4001352165789
000800.SZ,20260601,6.06,6.11,6.01,6.1,6.08,0.02,0.3289,151762.44,92241.38091,6.078011193678753
000801.SZ,20260601,12.47,13.37,12.46,12.92,12.46,0.46,3.6918,210262.79,272402.79598,12.955349635567948
000802.SZ,20260601,5.08,5.34,5.05,5.17,5.07,0.1,1.9724,510533.0,266007.288,5.210383814562428
000803.SZ,20260601,7.9,8.5,7.83,8.3,7.88,0.42,5.3299,219686.96,181163.13196,8.24642172480333
000807.SZ,20260601,28.6,29.13,28.32,28.91,28.49,0.42,1.4742,604960.9,1744729.13167,28.84036194190401
000809.SZ,20260601,4.17,4.26,4.16,4.23,4.18,0.05,1.1962,454863.0,191978.642,4.220581625676302
000810.SZ,20260601,11.45,11.92,11.43,11.68,11.51,0.17,1.477,163927.76,192235.00144,11.726811946921007
000811.SZ,20260601,33.0,33.41,31.0,31.17,32.93,-1.76,-5.3447,377133.07,1205092.58501,31.954041712915817
000812.SZ,20260601,3.7,3.83,3.65,3.83,3.69,0.14,3.794,161277.01,60957.40473,3.7796710597499295
000813.SZ,20260601,3.31,3.47,3.3,3.41,3.37,0.04,1.1869,388925.49,132461.24809,3.4058258328606854
000815.SZ,20260601,16.01,16.55,15.92,16.22,16.07,0.15,0.9334,373267.79,608989.7284,16.31508918570231
000816.SZ,20260601,2.64,2.77,2.6,2.76,2.71,0.05,1.845,338674.6,92143.00425,2.7206942667091067
000818.SZ,20260601,14.54,14.65,14.26,14.46,14.46,0.0,0.0,183930.42,266266.71559,14.476491468349824
000819.SZ,20260601,14.85,15.31,14.69,14.98,14.83,0.15,1.0115,46145.49,69578.91756,15.078162039237204
000820.SZ,20260601,3.65,3.74,3.61,3.72,3.71,0.01,0.2695,37232.61,13726.92809,3.6868025341226414
000821.SZ,20260601,8.76,9.06,8.76,8.95,8.75,0.2,2.2857,95691.0,85576.446,8.942998401103551
000822.SZ,20260601,4.84,5.05,4.81,5.03,4.81,0.22,4.5738,174208.14,86834.3921,4.984519787651713
000823.SZ,20260601,15.87,16.77,15.58,15.91,16.26,-0.35,-2.1525,527098.48,850975.09817,16.144518158542212
000825.SZ,20260601,3.86,3.94,3.82,3.93,3.87,0.06,1.5504,275765.39,107673.5662,3.904535163023902
000826.SZ,20260601,2.22,2.3,2.17,2.28,2.21,0.07,3.1674,313010.45,70656.33455,2.257315516143311
000828.SZ,20260601,10.08,10.23,9.95,10.22,10.12,0.1,0.9881,62432.67,63184.23826,10.120380605218388
000829.SZ,20260601,8.37,8.81,8.36,8.67,8.43,0.24,2.847,229687.66,198252.8021,8.63140850056986
000830.SZ,20260601,13.0,13.59,12.93,13.42,12.99,0.43,3.3102,340470.55,454832.25585,13.358930922219265
000831.SZ,20260601,48.8,49.58,48.13,48.85,48.8,0.05,0.1025,198099.15,969607.9654,48.94558938794034
000833.SZ,20260601,23.54,23.97,23.23,23.82,23.35,0.47,2.0128,241122.1,571517.94237,23.702428867781094
000837.SZ,20260601,11.57,11.69,11.44,11.45,11.6,-0.15,-1.2931,149915.03,172984.23638,11.538818781545785
000838.SZ,20260601,1.85,1.93,1.85,1.91,1.89,0.02,1.0582,259434.16,49126.00141,1.8935826110948533
000839.SZ,20260601,2.97,3.05,2.93,3.03,2.99,0.04,1.3378,551048.75,165784.5765,3.0085283107892
000848.SZ,20260601,8.18,8.28,8.11,8.25,8.24,0.01,0.1214,214341.61,175603.70141,8.192702360031728
000850.SZ,20260601,3.97,4.17,3.94,4.15,3.97,0.18,4.534,155706.01,63695.47405,4.0907524410907445
000852.SZ,20260601,5.86,6.02,5.8,5.97,5.86,0.11,1.8771,127590.04,76070.03983,5.962067245217574
000856.SZ,20260601,8.94,9.29,8.87,9.24,8.98,0.26,2.8953,83544.0,76765.486,9.188629464713205
000858.SZ,20260601,83.95,83.95,82.83,83.41,84.89,-1.48,-1.7434,279987.2,2332216.89166,83.29726829155048
000859.SZ,20260601,10.65,10.89,10.43,10.53,10.78,-0.25,-2.3191,730287.49,778177.73088,10.65577243942656
000860.SZ,20260601,11.38,11.53,11.24,11.51,11.5,0.01,0.087,94019.3,107295.0147,11.412020159690616
000862.SZ,20260601,7.14,7.66,6.77,7.44,7.15,0.29,4.0559,873545.66,627553.48672,7.183980362514766
000863.SZ,20260601,4.98,5.14,4.85,5.03,4.99,0.04,0.8016,241447.0,121563.592,5.0347940541816625
000868.SZ,20260601,3.88,4.0,3.82,3.95,3.88,0.07,1.8041,133089.39,52541.40105,3.9478279260277622
000869.SZ,20260601,18.24,18.51,18.03,18.49,18.24,0.25,1.3706,11949.41,21873.04864,18.30471014050066
000875.SZ,20260601,7.35,7.4,6.95,7.1,7.18,-0.08,-1.1142,1369926.21,977296.96505,7.133938732729261
000876.SZ,20260601,7.82,7.96,7.76,7.94,7.89,0.05,0.6337,174242.55,137581.4549,7.895973451949597
000877.SZ,20260601,4.33,4.43,4.27,4.4,4.34,0.06,1.3825,113552.01,49680.82643,4.375160459951347
000878.SZ,20260601,17.71,18.23,17.61,17.9,17.72,0.18,1.0158,411107.69,738720.85065,17.96903508786226
000880.SZ,20260601,30.05,30.57,29.35,29.38,30.08,-0.7,-2.3271,198404.59,593576.65601,29.91748608285726
000881.SZ,20260601,7.32,7.5,7.23,7.42,7.37,0.05,0.6784,92198.01,68252.76128,7.402845384623813
000882.SZ,20260601,1.5,1.55,1.46,1.54,1.5,0.04,2.6667,971440.0,147776.97,1.5212156180515524
000883.SZ,20260601,5.34,5.46,5.2,5.42,5.33,0.09,1.6886,1098555.0,588751.3707,5.359325392902495
000885.SZ,20260601,13.25,13.55,13.13,13.5,13.18,0.32,2.4279,50482.76,67447.2841,13.360458917063964
000886.SZ,20260601,4.76,4.88,4.75,4.85,4.79,0.06,1.2526,144985.15,70156.21465,4.8388551965494395
000887.SZ,20260601,21.12,21.77,20.92,21.13,21.17,-0.04,-0.1889,602868.1,1285151.31223,21.31728834599144
000888.SZ,20260601,10.4,10.62,10.24,10.61,10.37,0.24,2.3144,75096.71,78909.64352,10.507736426802186
000889.SZ,20260601,3.97,4.11,3.87,4.01,4.04,-0.03,-0.7426,655140.0,263412.0642,4.020698846048173
000890.SZ,20260601,10.45,11.07,10.33,10.81,10.55,0.26,2.4645,299631.0,323502.768,10.796705547823821
000892.SZ,20260601,4.22,4.46,4.16,4.29,4.37,-0.08,-1.8307,860977.0,373683.988,4.340231945801108
000893.SZ,20260601,44.95,46.92,44.74,45.8,44.3,1.5,3.386,142190.72,652122.21315,45.86250165622623
000895.SZ,20260601,25.0,25.14,24.68,25.03,25.02,0.01,0.04,139867.05,348292.50558,24.901683819026715
000897.SZ,20260601,1.93,2.01,1.89,2.0,1.93,0.07,3.6269,462084.04,91105.14689,1.9716142303897795
000898.SZ,20260601,2.03,2.09,2.0,2.08,2.04,0.04,1.9608,503373.79,103496.65985,2.05605976922239
000899.SZ,20260601,14.14,14.66,13.4,14.52,14.04,0.48,3.4188,652959.15,921689.48773,14.115576567538719
000900.SZ,20260601,3.84,3.91,3.77,3.9,3.84,0.06,1.5625,138258.14,53410.70483,3.863114665798339
000901.SZ,20260601,19.0,19.26,18.88,18.93,19.01,-0.08,-0.4208,139552.67,265903.08248,19.053958801361517
000902.SZ,20260601,13.03,13.22,12.91,13.2,13.02,0.18,1.3825,119999.66,157407.78623,13.117352684999272
000903.SZ,20260601,1.89,1.94,1.84,1.94,1.85,0.09,4.8649,618987.2,118659.69204,1.9169975088337854
000905.SZ,20260601,9.25,9.48,9.15,9.34,9.28,0.06,0.6466,89345.98,83745.40728,9.373158958019152
000906.SZ,20260601,6.27,6.43,6.08,6.41,6.28,0.13,2.0701,143469.31,90669.04292,6.319751793606592
000908.SZ,20260601,7.08,7.35,7.01,7.16,7.11,0.05,0.7032,111679.2,80035.8669,7.16658669653794
000909.SZ,20260601,4.52,4.85,4.51,4.85,4.62,0.23,4.9784,91449.0,43407.038,4.746584216339162
000910.SZ,20260601,6.28,6.5,6.17,6.43,6.33,0.1,1.5798,60956.46,38856.38186,6.3744485588566
000911.SZ,20260601,5.5,5.78,5.5,5.78,5.5,0.28,5.0909,44775.0,25531.951,5.70227828029034
000912.SZ,20260601,3.76,3.91,3.74,3.89,3.77,0.12,3.183,284648.0,109917.802,3.861534316067564
000913.SZ,20260601,11.45,11.7,11.36,11.66,11.4,0.26,2.2807,49184.09,56981.10113,11.58527099515311
000915.SZ,20260601,27.33,27.81,27.18,27.77,27.32,0.45,1.6471,21698.94,59905.77671,27.607697293047497
000917.SZ,20260601,7.96,8.4,7.9,8.23,7.96,0.27,3.392,648732.49,533175.14314,8.218721142515923
000919.SZ,20260601,6.31,6.48,6.31,6.47,6.34,0.13,2.0505,108733.0,69784.65269,6.4179828285801
000920.SZ,20260601,12.78,13.1,12.26,12.26,12.85,-0.59,-4.5914,243526.0,305733.90238,12.554466561270665
000921.SZ,20260601,24.28,25.28,23.95,25.18,24.66,0.52,2.1087,144225.93,360610.76014,25.00318494323455
000922.SZ,20260601,13.37,13.46,12.8,13.16,13.5,-0.34,-2.5185,231192.56,303013.51792,13.106542784940832
000923.SZ,20260601,15.48,15.82,15.37,15.63,15.52,0.11,0.7088,107293.78,167862.09842,15.645091301657935
000925.SZ,20260601,7.72,7.92,7.61,7.8,7.81,-0.01,-0.128,273490.0,213056.924,7.790300340048997
000926.SZ,20260601,2.48,2.74,2.43,2.48,2.59,-0.11,-4.2471,1849480.07,468380.50913,2.532498277367217
000927.SZ,20260601,2.7,2.75,2.67,2.74,2.7,0.04,1.4815,620412.86,168479.64606,2.7156053157892313
000928.SZ,20260601,5.87,6.07,5.83,6.05,5.91,0.14,2.3689,157405.94,94093.17167,5.977739573868686
000929.SZ,20260601,10.38,10.55,10.21,10.52,10.38,0.14,1.3487,19745.01,20590.06335,10.427983247412891
000930.SZ,20260601,5.1,5.27,5.06,5.26,5.11,0.15,2.9354,191919.19,99649.90553,5.192284603222847
000931.SZ,20260601,4.21,4.35,4.16,4.34,4.2,0.14,3.3333,85168.08,36608.93136,4.2984333285428065
000932.SZ,20260601,4.03,4.09,3.97,4.08,4.01,0.07,1.7456,822454.12,333721.982,4.05763645514962
000933.SZ,20260601,29.35,30.48,29.06,30.25,29.05,1.2,4.1308,566728.16,1694026.0645,29.89133387160433
000935.SZ,20260601,29.16,30.01,28.2,28.88,29.44,-0.56,-1.9022,91395.65,264887.78972,28.982537978558064
000936.SZ,20260601,6.31,6.6,6.27,6.5,6.37,0.13,2.0408,193550.27,124606.61148,6.4379456293189365
000937.SZ,20260601,5.46,5.66,5.39,5.65,5.44,0.21,3.8603,569337.4,317361.85224,5.574231593427728
000938.SZ,20260601,29.11,29.89,27.65,27.84,28.64,-0.8,-2.7933,1803935.93,5157391.6495,28.589660883909556
000948.SZ,20260601,13.09,13.79,13.05,13.78,13.14,0.64,4.8706,67589.73,91876.57532,13.593274498951246
000949.SZ,20260601,6.77,7.0,6.7,6.72,6.82,-0.1,-1.4663,449421.33,306499.25386,6.81986442121027
000950.SZ,20260601,5.85,5.86,5.72,5.83,5.81,0.02,0.3442,305540.15,176782.75949,5.785909298336077
000951.SZ,20260601,21.59,21.9,20.98,21.67,21.49,0.18,0.8376,164646.05,355098.20479,21.567368594023364
000952.SZ,20260601,6.65,6.96,6.6,6.86,6.71,0.15,2.2355,54066.33,37096.62772,6.861317888600908
000953.SZ,20260601,6.47,6.71,6.42,6.59,6.46,0.13,2.0124,65513.0,43227.883,6.598367194297316
000955.SZ,20260601,4.28,4.46,4.19,4.45,4.27,0.18,4.2155,190388.01,83530.12143,4.387362493572994
000957.SZ,20260601,10.35,10.51,10.21,10.42,10.25,0.17,1.6585,133464.14,138550.25938,10.381085089972482
000958.SZ,20260601,6.14,6.25,6.05,6.2,6.1,0.1,1.6393,641398.65,396453.68163,6.181080699655355
000959.SZ,20260601,3.6,3.67,3.55,3.65,3.61,0.04,1.108,326567.41,118492.24762,3.6284161858037214
000960.SZ,20260601,38.17,41.02,38.09,39.26,37.5,1.76,4.6933,982208.59,3908102.60636,39.78892718052894
000962.SZ,20260601,57.31,59.19,54.59,55.31,59.66,-4.35,-7.2913,396054.91,2227380.03739,56.23917242662135
000963.SZ,20260601,29.15,29.42,28.84,29.06,29.02,0.04,0.1378,118117.79,342794.95278,29.021449925536196
000965.SZ,20260601,3.3,3.47,3.2,3.45,3.31,0.14,4.2296,236063.8,80178.0054,3.3964549160015216
000966.SZ,20260601,5.41,5.46,5.03,5.33,5.4,-0.07,-1.2963,1862541.68,982119.10938,5.273004732865898
000967.SZ,20260601,10.64,10.84,10.26,10.4,10.69,-0.29,-2.7128,940877.49,994061.8486,10.565263375575071
000968.SZ,20260601,7.51,7.96,7.5,7.85,7.49,0.36,4.8064,332982.1,259160.7777,7.783024303708819
000969.SZ,20260601,22.67,23.48,22.46,22.51,22.97,-0.46,-2.0026,574649.53,1317404.1502,22.925349824962005
000970.SZ,20260601,11.16,11.34,11.05,11.08,11.18,-0.1,-0.8945,171218.96,191248.31938,11.169809662434583
000972.SZ,20260601,3.57,3.73,3.55,3.73,3.56,0.17,4.7753,124162.11,45769.14143,3.686240627676189
000973.SZ,20260601,14.68,15.06,14.53,14.72,14.76,-0.04,-0.271,441157.76,653225.76714,14.80707869991905
000975.SZ,20260601,22.36,23.06,22.27,22.7,22.46,0.24,1.0686,453370.03,1031451.00548,22.750754069032748
000977.SZ,20260601,66.71,67.48,63.86,64.14,64.63,-0.49,-0.7582,1017625.67,6706456.53814,65.90298118305132
000978.SZ,20260601,6.66,6.76,6.55,6.71,6.65,0.06,0.9023,146065.19,97401.1893,6.668336877527082
000980.SZ,20260601,2.68,2.76,2.61,2.7,2.69,0.01,0.3717,1477799.69,399510.98341,2.7034176966839123
000981.SZ,20260601,3.54,3.62,3.5,3.59,3.59,0.0,0.0,1882971.99,673364.14754,3.5760709724630586
000983.SZ,20260601,6.88,7.35,6.74,7.3,6.79,0.51,7.511,2091648.48,1493940.83538,7.1424087252940325
000985.SZ,20260601,17.04,17.91,16.5,17.7,17.08,0.62,3.63,21171.0,37038.585,17.494962448632563
000987.SZ,20260601,8.0,8.07,7.94,7.97,8.03,-0.06,-0.7472,285512.17,228333.78073,7.997339683628898
000988.SZ,20260601,154.9,154.92,142.58,143.07,151.92,-8.85,-5.8254,850158.92,12563483.2696,147.77805624388438
000989.SZ,20260601,8.06,8.29,8.0,8.26,8.07,0.19,2.3544,120086.5,98296.49755,8.185474433012871
000990.SZ,20260601,9.59,9.89,9.52,9.72,9.58,0.14,1.4614,264148.27,256307.88997,9.70318260914599
000993.SZ,20260601,15.0,15.09,13.6,14.43,14.88,-0.45,-3.0242,374719.33,537812.73307,14.352414994710841
000995.SZ,20260601,12.91,13.55,12.8,13.35,13.39,-0.04,-0.2987,171996.0,227320.81143,13.216633609502546
000997.SZ,20260601,20.6,21.12,20.52,20.73,20.68,0.05,0.2418,259842.05,541097.44548,20.82409084595815
000998.SZ,20260601,8.48,8.72,8.48,8.68,8.49,0.19,2.2379,167693.61,144451.77776,8.614029941868388
000999.SZ,20260601,24.3,24.59,24.22,24.52,24.45,0.07,0.2863,118649.54,289309.24854,24.383512025415357
001201.SZ,20260601,11.72,12.03,11.61,12.0,11.76,0.24,2.0408,24442.7,29112.2325,11.910399628518944
001202.SZ,20260601,15.36,16.06,15.3,16.01,15.5,0.51,3.2903,19552.1,30905.4036,15.806692682627443
001203.SZ,20260601,39.0,39.13,37.38,37.66,39.0,-1.34,-3.4359,238876.47,912085.49631,38.18230804859097
001205.SZ,20260601,13.81,14.36,13.71,14.35,13.84,0.51,3.685,36660.98,51982.64093,14.179282967885747
001206.SZ,20260601,16.8,17.33,16.59,17.21,16.82,0.39,2.3187,28909.96,49399.04968,17.087207896517324
001207.SZ,20260601,18.2,18.66,18.01,18.36,18.3,0.06,0.3279,50663.6,92952.1636,18.346932235372144
001208.SZ,20260601,15.8,16.46,15.7,16.11,15.88,0.23,1.4484,139137.0,225844.591,16.231814039400014
001209.SZ,20260601,20.53,21.46,20.4,21.17,20.67,0.5,2.419,34631.58,73400.05346,21.194543667946995
001210.SZ,20260601,30.6,33.51,30.59,33.51,30.46,3.05,10.0131,70639.25,232290.25151,32.88402007524146
001211.SZ,20260601,40.83,45.99,40.4,43.85,42.0,1.85,4.4048,64058.02,283422.73106,44.24469115030406
001212.SZ,20260601,50.5,52.33,50.4,50.68,50.61,0.07,0.1383,59620.47,305256.05327,51.19987367929169
001213.SZ,20260601,3.82,3.88,3.77,3.87,3.81,0.06,1.5748,100967.0,38717.929,3.8347112422870837
001215.SZ,20260601,39.3,40.49,39.06,39.82,39.31,0.51,1.2974,24479.55,97733.31855,39.924475143538174
001216.SZ,20260601,16.28,17.11,16.01,16.85,16.12,0.73,4.5285,60319.6,101321.0364,16.79736543345778
001217.SZ,20260601,9.87,10.13,9.74,10.09,9.82,0.27,2.7495,39438.0,39511.181,10.018555961255641
001218.SZ,20260601,24.05,25.86,24.02,25.68,24.29,1.39,5.7225,37648.22,95410.28217,25.34257454137274
001219.SZ,20260601,13.53,13.97,13.43,13.96,13.62,0.34,2.4963,32051.33,44239.60162,13.802735056548354
001220.SZ,20260601,32.6,33.47,32.52,33.28,32.68,0.6,1.836,8398.29,27839.85997,33.14943871907257
001221.SZ,20260601,51.56,51.56,49.6,49.93,51.6,-1.67,-3.2364,16037.83,80584.64948,50.24660411040645
001222.SZ,20260601,16.18,16.54,15.95,16.4,16.21,0.19,1.1721,23225.2,37889.951,16.314154883488627
001223.SZ,20260601,56.5,57.44,54.61,54.96,56.95,-1.99,-3.4943,10477.0,58268.958,55.61607139448316
001225.SZ,20260601,45.62,50.75,44.62,49.81,46.14,3.67,7.9541,46573.46,227658.99122,48.88170026877969
001226.SZ,20260601,48.6,50.6,48.03,49.1,48.87,0.23,0.4706,11609.0,57268.061,49.330744250150744
001227.SZ,20260601,2.12,2.16,2.11,2.15,2.12,0.03,1.4151,498548.36,106570.45029,2.1376151009703452
001228.SZ,20260601,30.05,30.5,29.56,30.12,29.82,0.3,1.006,10367.0,31305.633,30.19738882994116
001229.SZ,20260601,37.18,38.49,36.62,37.95,36.79,1.16,3.153,22918.27,86683.16271,37.82273387563721
001230.SZ,20260601,24.52,25.68,24.49,25.12,24.57,0.55,2.2385,26473.97,66659.90113,25.17941250594452
001231.SZ,20260601,21.51,22.29,21.19,22.18,21.64,0.54,2.4954,17948.34,39502.21586,22.008840851020203
001233.SZ,20260601,52.5,53.0,52.11,52.16,52.88,-0.72,-1.3616,11400.35,59874.07736,52.51950805019145
001234.SZ,20260601,24.0,25.5,23.85,24.94,23.94,1.0,4.1771,31518.8,78815.4764,25.005862025204006
001236.SZ,20260601,8.33,8.47,8.2,8.43,8.37,0.06,0.7168,96497.18,80853.42202,8.37883780852456
001237.SZ,20260601,71.0,73.33,69.0,72.35,70.74,1.61,2.2759,62927.43,453358.56898,72.0446662099501
001238.SZ,20260601,40.99,42.35,40.49,42.18,41.0,1.18,2.878,4501.79,18739.81633,41.627477803273806
001239.SZ,20260601,13.41,13.83,13.32,13.7,13.44,0.26,1.9345,18861.0,25817.515,13.688306558506971
001255.SZ,20260601,30.91,32.16,30.81,31.83,31.29,0.54,1.7258,14877.91,47282.27541,31.78018647108364
001256.SZ,20260601,22.86,23.44,22.14,22.93,22.59,0.34,1.5051,26831.0,61732.669,23.00796429503187
001257.SZ,20260601,24.91,26.45,24.62,24.91,25.2,-0.29,-1.1508,299020.74,763885.24955,25.5462296545049
001258.SZ,20260601,10.47,10.74,9.92,10.74,10.46,0.28,2.6769,631449.0,660954.037,10.467259224418758
001259.SZ,20260601,82.88,87.6,74.59,74.59,82.88,-8.29,-10.0024,52252.69,426702.86252,81.66141542569389
001260.SZ,20260601,18.87,19.77,18.57,19.58,18.88,0.7,3.7076,13981.0,27232.876,19.478489378442173
001266.SZ,20260601,50.02,50.93,48.21,48.8,50.31,-1.51,-3.0014,51391.41,253368.4994,49.30172170796637
001267.SZ,20260601,57.1,58.59,53.45,53.53,57.94,-4.41,-7.6113,370884.43,2038486.13028,54.96283924024527
001268.SZ,20260601,40.0,42.5,39.51,40.75,40.55,0.2,0.4932,24273.0,99824.727,41.125829934495115
001269.SZ,20260601,25.48,27.0,24.88,26.08,25.77,0.31,1.2029,163713.01,429773.20196,26.251621783754384
001270.SZ,20260601,141.13,144.0,131.22,131.55,145.8,-14.25,-9.7737,114916.54,1575168.34568,137.07063801955752
001277.SZ,20260601,31.81,33.25,31.6,32.91,31.98,0.93,2.9081,9732.07,31886.94349,32.76481107308106
001278.SZ,20260601,18.21,19.22,17.91,18.68,18.25,0.43,2.3562,33056.0,62304.969,18.848308627783155
001279.SZ,20260601,30.09,30.25,29.86,30.17,29.97,0.2,0.6673,5745.0,17310.188,30.13087554395126
001280.SZ,20260601,72.01,72.83,70.6,70.86,72.47,-1.61,-2.2216,70986.94,508471.18489,71.62883551396918
001282.SZ,20260601,17.77,18.26,17.65,18.1,17.75,0.35,1.9718,22541.06,40724.88976,18.066980771977892
001283.SZ,20260601,55.01,56.99,54.58,54.78,54.53,0.25,0.4585,53815.86,299668.07776,55.6839708145517
001285.SZ,20260601,46.49,48.71,45.99,47.96,46.5,1.46,3.1398,20726.09,98437.40887,47.494442449106415
001286.SZ,20260601,12.94,13.79,12.48,13.75,12.82,0.93,7.2543,783227.16,1027154.37814,13.114386612180303
001287.SZ,20260601,25.99,26.83,25.26,25.3,25.99,-0.69,-2.6549,282610.72,731285.9194,25.87608564176193
001288.SZ,20260601,24.9,25.45,24.32,24.79,25.12,-0.33,-1.3137,34851.4,86816.4966,24.91047607843587
001289.SZ,20260601,19.27,19.5,18.3,18.98,18.74,0.24,1.2807,191366.49,361512.68026,18.89111726196159
001296.SZ,20260601,19.82,21.14,19.68,20.78,19.82,0.96,4.8436,32482.63,67259.30102,20.706236231487413
001298.SZ,20260601,21.27,21.8,21.01,21.29,21.35,-0.06,-0.281,102575.16,219988.52538,21.44656906993857
001299.SZ,20260601,12.62,13.62,12.48,13.34,12.67,0.67,5.2881,232743.65,305748.65294,13.13671298615451
001300.SZ,20260601,15.6,16.39,15.39,15.93,15.6,0.33,2.1154,34781.0,55635.349,15.995902647997472
001301.SZ,20260601,86.94,94.2,86.94,91.98,87.52,4.46,5.096,70367.0,643524.527,91.45260235621812
001306.SZ,20260601,61.9,63.83,61.22,62.92,62.15,0.77,1.2389,5421.16,34088.25372,62.87999933593548
001308.SZ,20260601,22.54,23.17,21.8,21.94,22.35,-0.41,-1.8345,134407.17,301923.92212,22.463379157525594
001309.SZ,20260601,641.4,646.0,597.0,597.41,640.0,-42.59,-6.6547,121728.45,7477473.56464,614.2749344660185
001311.SZ,20260601,20.32,22.13,19.93,21.65,20.3,1.35,6.6502,86679.5,185406.6678,21.389909701832615
001312.SZ,20260601,21.2,21.65,21.04,21.57,21.31,0.26,1.2201,29397.48,63133.90925,21.475959589053208
001313.SZ,20260601,8.36,8.49,8.26,8.35,8.37,-0.02,-0.2389,106922.0,89615.25,8.381366790744655
001314.SZ,20260601,62.0,64.46,60.97,64.46,58.6,5.86,10.0,45206.0,287143.051,63.51879197451665
001316.SZ,20260601,36.5,37.19,35.89,36.18,36.71,-0.53,-1.4437,26375.24,96218.81616,36.48073578098247
001317.SZ,20260601,51.2,55.26,50.8,53.68,51.26,2.42,4.721,42067.0,224628.54322,53.39780426937979
001318.SZ,20260601,12.05,12.3,11.8,12.3,12.03,0.27,2.2444,33846.0,41218.431,12.17822815103705
001319.SZ,20260601,22.79,23.44,22.7,23.26,22.85,0.41,1.7943,26704.0,61714.201,23.1104707159976
001322.SZ,20260601,6.52,6.75,6.51,6.71,6.62,0.09,1.3595,37257.0,24808.581,6.6587704324019645
001323.SZ,20260601,20.77,21.17,20.14,21.03,20.35,0.68,3.3415,18529.4,38638.8143,20.852706671559787
001324.SZ,20260601,18.21,19.48,18.01,19.31,18.26,1.05,5.7503,40096.0,76303.942,19.030312749401435
001325.SZ,20260601,41.35,42.16,41.13,41.71,41.35,0.36,0.8706,12072.52,50340.35436,41.69829858223469
001326.SZ,20260601,64.56,65.88,63.26,63.26,63.5,-0.24,-0.378,13772.53,88722.95395,64.42022921714455
001328.SZ,20260601,30.97,31.58,30.6,31.52,30.96,0.56,1.8088,18754.86,58680.30384,31.28805218487368
001330.SZ,20260601,9.06,9.3,8.99,9.09,9.05,0.04,0.442,853264.28,780809.08304,9.150846945567674
001332.SZ,20260601,46.28,48.39,44.2,47.99,46.45,1.54,3.3154,58215.54,270181.6275,46.410567951443895
001333.SZ,20260601,22.28,22.83,22.0,22.6,22.28,0.32,1.4363,14145.0,31933.788,22.57602545068929
001335.SZ,20260601,45.59,49.5,45.5,49.2,45.0,4.2,9.3333,31081.91,150964.37206,48.56985045642304
001336.SZ,20260601,26.66,27.6,24.48,27.31,26.91,0.4,1.4864,22709.0,61277.569,26.983825355585893
001337.SZ,20260601,49.0,50.49,48.61,49.12,49.13,-0.01,-0.0204,73561.0,365042.164,49.624415655034596
001338.SZ,20260601,11.32,11.59,11.27,11.59,11.4,0.19,1.6667,59937.71,68874.40383,11.490996874922315
001339.SZ,20260601,105.0,112.39,104.63,106.17,104.0,2.17,2.0865,142713.45,1547386.083,108.426086188793
001356.SZ,20260601,10.03,10.19,10.02,10.18,10.08,0.1,0.9921,19693.91,19949.37781,10.129719192379778
001358.SZ,20260601,25.74,26.23,25.2,25.9,25.84,0.06,0.2322,15558.72,40164.64206,25.814875555315602
001359.SZ,20260601,96.43,98.33,90.91,91.21,97.8,-6.59,-6.7382,28466.17,264787.98439,93.01847926503638
001360.SZ,20260601,20.15,21.43,20.1,20.23,20.52,-0.29,-1.4133,73606.0,152930.395,20.77689250876287
001365.SZ,20260601,46.23,47.36,45.49,46.37,45.09,1.28,2.8388,89939.44,418812.31065,46.56603495085137
001366.SZ,20260601,13.56,14.94,13.56,14.76,14.9,-0.14,-0.9396,154922.0,224650.24,14.500861078478202
001367.SZ,20260601,20.88,21.05,20.56,20.73,20.7,0.03,0.1449,15748.9,32841.3778,20.853124853164353
001368.SZ,20260601,25.1,25.9,24.7,25.5,25.03,0.47,1.8777,23413.0,59525.051,25.423931576474608
001369.SZ,20260601,14.42,14.67,14.29,14.46,14.59,-0.13,-0.891,118487.17,171874.23847,14.505725680679184
001373.SZ,20260601,37.42,39.19,36.93,38.07,37.68,0.39,1.035,20652.4,79261.971,38.3790605450214
001376.SZ,20260601,14.5,14.93,14.13,14.59,14.56,0.03,0.206,199830.0,291565.689,14.590686533553521
001378.SZ,20260601,19.75,20.42,19.37,20.23,19.75,0.48,2.4304,32420.75,65231.00821,20.120141640770186
001379.SZ,20260601,18.8,19.47,18.65,19.26,18.89,0.37,1.9587,20433.0,39309.158,19.238074683110653
001380.SZ,20260601,17.45,17.8,17.28,17.64,17.45,0.19,1.0888,14478.89,25484.28344,17.600992507022294
001382.SZ,20260601,20.46,21.06,20.3,21.04,20.56,0.48,2.3346,40411.66,84390.57994,20.882730365444033
001386.SZ,20260601,16.27,16.72,16.2,16.59,16.4,0.19,1.1585,38338.51,63450.25652,16.550005860947646
001387.SZ,20260601,12.71,13.13,12.24,12.99,12.49,0.5,4.0032,54932.09,71021.02454,12.928877189999508
001388.SZ,20260601,33.55,34.7,33.41,34.29,33.55,0.74,2.2057,9216.67,31630.32474,34.31860394263872
001389.SZ,20260601,195.5,196.68,176.83,182.3,196.48,-14.18,-7.217,168769.52,3087078.54086,182.91682887170623
001390.SZ,20260601,17.8,18.26,17.58,18.22,17.7,0.52,2.9379,20271.14,36581.10536,18.045904354663826
001391.SZ,20260601,5.17,5.24,5.14,5.24,5.16,0.08,1.5504,137471.3,71526.0509,5.202980614862884
001393.SZ,20260601,65.94,71.41,65.94,68.56,65.94,2.62,3.9733,84984.85,590009.74783,69.42528554560019
001395.SZ,20260601,35.51,36.28,35.06,36.28,35.6,0.68,1.9101,5631.4,20258.9018,35.97489398728558
001396.SZ,20260601,46.0,48.24,45.32,45.77,47.18,-1.41,-2.9886,19711.4,91162.17576,46.248453057621475
001400.SZ,20260601,110.0,111.0,105.05,106.12,110.12,-4.0,-3.6324,21416.59,229927.24084,107.3594072819249
001696.SZ,20260601,14.7,15.0,14.65,14.86,14.74,0.12,0.8141,163458.7,243032.36616,14.868120580917381
001872.SZ,20260601,22.01,22.28,21.6,22.22,22.3,-0.08,-0.3587,24998.29,55064.18977,22.0271825672876
001896.SZ,20260601,16.4,18.01,15.09,17.65,16.37,1.28,7.8192,2698035.09,4508601.45395,16.710685011698644
001965.SZ,20260601,9.99,10.0,9.7,9.98,10.04,-0.06,-0.5976,182749.1,180306.74246,9.866354606397515
001979.SZ,20260601,8.71,9.15,8.61,9.1,8.82,0.28,3.1746,819354.14,737421.73105,9.000036675838361
002001.SZ,20260601,29.28,29.95,29.0,29.85,29.37,0.48,1.6343,290969.97,863928.66714,29.69133437172228
002003.SZ,20260601,9.2,9.34,9.09,9.3,9.19,0.11,1.197,83540.21,77225.24716,9.244081043128812
002004.SZ,20260601,4.53,4.65,4.51,4.63,4.53,0.1,2.2075,207424.85,95148.1159,4.5871126771936925
002005.SZ,20260601,2.93,2.99,2.91,2.97,2.93,0.04,1.3652,167085.0,49476.437,2.961153724152377
002006.SZ,20260601,16.52,16.92,16.52,16.6,16.94,-0.34,-2.0071,94448.81,157541.82866,16.680128490766585
002007.SZ,20260601,13.68,14.15,13.65,14.01,13.74,0.27,1.9651,145493.46,202967.20694,13.950263258568462
002008.SZ,20260601,133.68,136.52,124.8,124.91,131.85,-6.94,-5.2636,401492.08,5138824.53472,127.9931732332055
002009.SZ,20260601,21.55,22.13,21.32,21.61,21.45,0.16,0.7459,153805.32,335264.27228,21.797963313622702
002010.SZ,20260601,5.31,5.4,5.25,5.39,5.33,0.06,1.1257,250562.87,134172.03106,5.354824961096591
002011.SZ,20260601,12.48,12.77,12.23,12.41,12.47,-0.06,-0.4812,216407.42,269261.60127,12.442346074362883
002012.SZ,20260601,7.42,7.98,7.4,7.55,7.82,-0.27,-3.4527,629821.21,484879.2706,7.698681195572947
002014.SZ,20260601,10.62,10.64,10.44,10.56,10.6,-0.04,-0.3774,40601.04,42728.77214,10.524058531505599
002015.SZ,20260601,24.09,24.09,21.04,22.63,23.38,-0.75,-3.2079,1572289.53,3533606.62711,22.47427436033362
002016.SZ,20260601,4.73,4.94,4.61,4.91,4.75,0.16,3.3684,181915.74,87744.0323,4.823333720325685
002017.SZ,20260601,16.29,16.81,16.25,16.62,16.3,0.32,1.9632,107678.95,178911.7219,16.615292208922913
002019.SZ,20260601,10.45,10.58,10.39,10.5,10.48,0.02,0.1908,92299.0,96724.914,10.47951917138864
002020.SZ,20260601,13.5,13.62,13.34,13.47,13.44,0.03,0.2232,85624.75,115265.2414,13.461673336272515
002021.SZ,20260601,2.75,2.81,2.72,2.77,2.75,0.02,0.7273,288346.31,79948.38993,2.772651744008793
002022.SZ,20260601,5.41,5.77,5.32,5.68,5.42,0.26,4.797,119370.48,66894.81204,5.6039660760348795
002023.SZ,20260601,10.94,11.39,10.79,11.1,10.91,0.19,1.7415,283022.53,315205.22058,11.137107020419894
002024.SZ,20260601,1.25,1.27,1.22,1.26,1.26,0.0,0.0,411194.01,51237.27925,1.2460609348370615
002025.SZ,20260601,65.16,65.97,61.3,61.42,65.15,-3.73,-5.7252,182179.78,1153005.72105,63.28944524194728
002026.SZ,20260601,12.16,12.45,12.16,12.21,12.28,-0.07,-0.57,59459.51,73079.82924,12.29068810691511
002027.SZ,20260601,5.55,5.7,5.54,5.68,5.58,0.1,1.7921,1571000.21,887792.92118,5.651131779161251
002028.SZ,20260601,205.5,219.81,203.5,216.0,202.15,13.85,6.8513,217503.21,4662151.89738,214.34864788340366
002029.SZ,20260601,8.62,8.94,8.5,8.84,8.59,0.25,2.9104,187270.48,164966.49868,8.808996414170561
002030.SZ,20260601,6.89,6.92,6.56,6.71,7.08,-0.37,-5.226,806143.83,542399.14192,6.728317227460514
002031.SZ,20260601,6.2,6.35,6.12,6.27,6.24,0.03,0.4808,948644.62,595539.64272,6.2777949736330125
002032.SZ,20260601,45.05,46.64,44.76,46.18,45.15,1.03,2.2813,39194.26,181077.68615,46.200052290820125
002033.SZ,20260601,8.62,8.74,8.47,8.74,8.63,0.11,1.2746,178073.09,154012.66694,8.648845647593356
002034.SZ,20260601,19.4,20.83,19.0,20.0,19.37,0.63,3.2525,216843.98,430120.2885,19.835472882392217
002035.SZ,20260601,5.11,5.25,5.05,5.24,5.09,0.15,2.947,120998.64,62656.9249,5.178316458763503
002036.SZ,20260601,9.03,9.84,9.03,9.52,9.21,0.31,3.3659,862146.02,821001.84161,9.52277018700382
002037.SZ,20260601,7.41,7.56,7.32,7.5,7.41,0.09,1.2146,68219.0,50817.592,7.449184538031926
002038.SZ,20260601,5.83,5.95,5.77,5.93,5.88,0.05,0.8503,223078.5,131032.0135,5.8738073592928055
002039.SZ,20260601,22.92,22.97,21.39,22.62,23.18,-0.56,-2.4159,277142.95,618438.44503,22.314781777057647
002040.SZ,20260601,8.9,9.36,8.88,9.27,8.99,0.28,3.1146,99285.0,91386.15,9.204426650551444
002041.SZ,20260601,8.68,8.93,8.63,8.87,8.69,0.18,2.0713,159771.64,141218.94816,8.838799436495737
002042.SZ,20260601,4.19,4.28,4.16,4.18,4.24,-0.06,-1.4151,347713.17,146328.86615,4.208321075385209
002043.SZ,20260601,13.07,13.59,12.75,13.52,12.93,0.59,4.563,169707.44,224506.64338,13.229039538867596
002044.SZ,20260601,5.62,5.8,5.54,5.7,5.69,0.01,0.1757,1303178.06,737989.2885,5.66299657086001
002045.SZ,20260601,9.14,9.58,9.11,9.46,9.14,0.32,3.5011,190061.04,179103.13182,9.423453213767536
002046.SZ,20260601,52.33,53.12,50.0,50.11,53.0,-2.89,-5.4528,170518.11,872991.16689,51.196390042676406
002047.SZ,20260601,4.91,4.97,4.82,4.88,4.89,-0.01,-0.2045,213226.01,104851.79893,4.9174019121776
002048.SZ,20260601,26.08,26.59,25.43,25.56,26.07,-0.51,-1.9563,171815.69,445040.30399,25.902192284651065
002049.SZ,20260601,79.0,81.05,76.5,76.51,79.3,-2.79,-3.5183,449713.75,3508820.25308,78.02341496296256
002050.SZ,20260601,46.34,47.0,44.54,44.57,46.34,-1.77,-3.8196,1411432.37,6433059.08656,45.57823118765513
002051.SZ,20260601,10.77,11.34,10.67,11.07,11.01,0.06,0.545,780115.08,857710.54432,10.994666893504995
002052.SZ,20260601,9.88,10.04,9.7,9.78,9.86,-0.08,-0.8114,116957.0,115063.972,9.838143249228349
002053.SZ,20260601,11.68,11.95,11.3,11.95,11.52,0.43,3.7326,185687.46,217235.32484,11.698976594326833
002054.SZ,20260601,7.67,7.95,7.61,7.86,7.7,0.16,2.0779,83418.92,65477.18007,7.849200165861654
002055.SZ,20260601,7.53,7.77,7.52,7.77,7.4,0.37,5.0,626216.47,482525.45525,7.705409844139041
002056.SZ,20260601,25.06,26.11,24.29,24.33,25.21,-0.88,-3.4907,736538.66,1851975.04443,25.144301922047102
002057.SZ,20260601,9.08,9.36,9.08,9.22,9.08,0.14,1.5419,119948.0,110750.783,9.233232984293194
002058.SZ,20260601,25.77,26.14,25.53,25.65,25.77,-0.12,-0.4657,8018.0,20661.514,25.768912446994264
002059.SZ,20260601,4.55,4.63,4.49,4.62,4.58,0.04,0.8734,81449.0,37264.67672,4.575215990374345
002060.SZ,20260601,3.54,3.66,3.5,3.64,3.55,0.09,2.5352,398878.86,143470.5548,3.5968452878149524
002061.SZ,20260601,3.6,3.73,3.56,3.69,3.59,0.1,2.7855,320643.2,117155.8886,3.653777426123492
002062.SZ,20260601,8.06,8.97,8.06,8.97,8.15,0.82,10.0613,480698.56,424977.72291,8.840836197012948
002063.SZ,20260601,5.89,6.07,5.89,6.06,5.89,0.17,2.8862,354449.28,213232.34771,6.015877580848803
002064.SZ,20260601,10.05,10.53,9.93,10.17,10.11,0.06,0.5935,430290.9,440281.92648,10.232192372183562
002065.SZ,20260601,7.43,7.72,7.43,7.64,7.43,0.21,2.8264,423301.95,322423.22243,7.616861260147751
002066.SZ,20260601,24.05,24.3,23.16,23.36,24.04,-0.68,-2.8286,62334.0,147345.397,23.63804617062919
002067.SZ,20260601,4.83,4.94,4.72,4.87,4.83,0.04,0.8282,425977.41,206950.9255,4.858260570672046
002068.SZ,20260601,9.41,10.41,9.36,10.41,9.46,0.95,10.0423,318235.0,318995.36952,10.023893334171287
002069.SZ,20260601,3.36,3.61,3.35,3.58,3.41,0.17,4.9853,159009.23,56183.96789,3.5333777724727042
002072.SZ,20260601,7.92,8.09,7.7,7.7,7.85,-0.15,-1.9108,166838.0,131286.057,7.869074011915751
002073.SZ,20260601,5.68,5.8,5.67,5.8,5.68,0.12,2.1127,202705.53,116629.01928,5.753618033015675
002074.SZ,20260601,32.95,33.48,32.55,32.58,32.95,-0.37,-1.1229,241257.89,794954.86391,32.95041931727082
002075.SZ,20260601,3.9,3.98,3.85,3.96,3.9,0.06,1.5385,279970.38,110195.95195,3.935986083599272
002076.SZ,20260601,2.74,2.74,2.65,2.73,2.74,-0.01,-0.365,320178.3,86638.7978,2.705954707111631
002077.SZ,20260601,16.89,17.8,16.85,17.19,17.0,0.19,1.1176,405639.77,703190.31528,17.3353395619961
002078.SZ,20260601,13.77,13.99,13.5,13.95,13.81,0.14,1.0138,187364.13,259010.61055,13.823916592252743
002079.SZ,20260601,12.28,12.84,12.2,12.23,12.45,-0.22,-1.7671,611939.73,763488.97519,12.476538746552706
002080.SZ,20260601,72.4,72.4,64.04,64.04,71.15,-7.11,-9.993,612648.71,4043836.91635,66.00580153592423
002081.SZ,20260601,6.29,6.78,6.17,6.78,6.16,0.62,10.0649,6334938.26,4135981.8537,6.528843193019532
002082.SZ,20260601,15.38,16.15,15.25,15.97,15.41,0.56,3.634,139043.9,220251.42291,15.840423269916911
002083.SZ,20260601,10.0,10.13,9.95,9.97,10.03,-0.06,-0.5982,179746.01,180065.46495,10.017772575313353
002084.SZ,20260601,3.3,3.48,3.25,3.45,3.31,0.14,4.2296,169728.92,58036.89612,3.419387581091071
002085.SZ,20260601,11.85,12.09,11.75,11.93,11.86,0.07,0.5902,242533.89,290239.86642,11.96698186880192
002086.SZ,20260601,1.9,1.94,1.86,1.93,1.91,0.02,1.0471,420034.67,80070.73697,1.9062887587350823
002088.SZ,20260601,8.81,9.05,8.77,9.01,8.85,0.16,1.8079,24384.76,21828.85364,8.951842724718226
002090.SZ,20260601,10.59,10.82,10.53,10.68,10.59,0.09,0.8499,74125.0,79443.3337,10.717481780775717
002091.SZ,20260601,8.92,9.05,8.9,9.01,8.93,0.08,0.8959,160252.57,144115.82107,8.993042736849711
002092.SZ,20260601,4.67,4.77,4.61,4.74,4.64,0.1,2.1552,516168.34,243765.3645,4.722594270311116
002093.SZ,20260601,7.37,7.59,7.33,7.5,7.37,0.13,1.7639,106969.36,80149.0448,7.492710510748125
002094.SZ,20260601,5.2,5.4,5.14,5.38,5.22,0.16,3.0651,210665.34,112475.15992,5.339044378159217
002095.SZ,20260601,14.1,14.67,14.04,14.57,14.09,0.48,3.4067,31529.0,45622.357,14.46996638015795
002096.SZ,20260601,10.26,11.01,10.14,10.93,10.24,0.69,6.7383,163712.84,174452.31815,10.655994859657925
002097.SZ,20260601,8.58,8.7,8.52,8.67,8.58,0.09,1.049,127693.5,110291.896,8.637236507731403
002098.SZ,20260601,7.36,7.83,7.16,7.71,7.33,0.38,5.1842,77422.07,59266.34748,7.654968083390175
002099.SZ,20260601,5.52,6.07,5.48,6.07,5.52,0.55,9.9638,545304.98,321150.04343,5.88936567991732
002100.SZ,20260601,6.58,6.69,6.5,6.64,6.6,0.04,0.6061,162878.0,107647.574,6.609092326772185
002101.SZ,20260601,8.91,9.16,8.88,9.14,8.89,0.25,2.8121,69313.9,62656.3513,9.039507414818674
002102.SZ,20260601,2.33,2.38,2.27,2.35,2.32,0.03,1.2931,290838.15,67502.5058,2.3209646258580587
002103.SZ,20260601,7.06,7.28,7.01,7.23,7.04,0.19,2.6989,66623.02,47969.9124,7.200200831484373
002104.SZ,20260601,11.9,12.49,11.89,12.19,11.97,0.22,1.8379,295000.08,361321.11423,12.248170042191175
002105.SZ,20260601,5.88,6.16,5.8,6.12,5.9,0.22,3.7288,77977.65,47210.0728,6.054308228062785
002106.SZ,20260601,11.65,12.5,11.63,11.9,11.65,0.25,2.1459,329558.82,398989.14618,12.106765832575805
002107.SZ,20260601,6.45,6.6,6.4,6.57,6.47,0.1,1.5456,91950.85,59989.39315,6.524071626309055
002108.SZ,20260601,5.01,5.08,4.98,5.04,4.98,0.06,1.2048,299882.19,151045.55695,5.036829861419912
002109.SZ,20260601,2.9,3.03,2.88,3.02,2.9,0.12,4.1379,155105.45,46183.2645,2.977539764076633
002110.SZ,20260601,3.13,3.23,3.09,3.23,3.12,0.11,3.5256,288884.0,92151.177,3.1899024175793746
002111.SZ,20260601,10.14,10.45,10.09,10.34,10.18,0.16,1.5717,104010.51,107472.25596,10.332826553778073
002112.SZ,20260601,18.49,19.18,18.38,18.89,18.3,0.59,3.224,168086.5,317106.60089,18.8656793311777
002114.SZ,20260601,7.88,8.17,7.68,7.97,7.91,0.06,0.7585,98685.01,79001.52299,8.005422808388023
002115.SZ,20260601,12.21,12.56,12.16,12.25,12.2,0.05,0.4098,330351.87,408692.18474,12.371420350670332
002116.SZ,20260601,9.03,9.36,8.94,9.27,8.99,0.28,3.1146,40863.0,37567.029,9.193409441303869
002117.SZ,20260601,9.29,9.95,9.23,9.58,9.26,0.32,3.4557,155301.31,150023.97801,9.660187541882292
002119.SZ,20260601,22.3,23.15,21.4,21.45,23.0,-1.55,-6.7391,392679.37,869489.12751,22.142470268045912
002120.SZ,20260601,6.94,6.99,6.87,6.98,6.9,0.08,1.1594,377520.0,261935.362,6.938317493112947
002121.SZ,20260601,8.28,8.34,7.86,7.88,8.28,-0.4,-4.8309,613935.74,494797.70138,8.059437969517786
002122.SZ,20260601,2.75,2.83,2.75,2.81,2.81,0.0,0.0,157579.76,44005.85004,2.7926080126026336
002123.SZ,20260601,8.26,8.63,8.2,8.57,8.32,0.25,3.0048,176277.25,150190.43875,8.520126037250979
002124.SZ,20260601,2.58,2.66,2.55,2.63,2.57,0.06,2.3346,863005.84,226243.11232,2.6215710466107622
002125.SZ,20260601,14.99,15.64,14.87,15.05,14.81,0.24,1.6205,473734.8,720796.1779,15.215183218543372
002126.SZ,20260601,50.17,52.01,49.5,49.9,49.92,-0.02,-0.0401,202711.28,1031560.89826,50.8881843309361
002127.SZ,20260601,2.98,3.25,2.95,3.15,2.98,0.17,5.7047,699587.92,218952.64146,3.1297373096436543
002128.SZ,20260601,30.7,32.32,30.36,32.19,30.95,1.24,4.0065,305055.73,951777.86869,31.200130831504133
002129.SZ,20260601,9.75,10.07,9.54,9.56,9.75,-0.19,-1.9487,1903955.19,1856147.12395,9.748901306600604
002130.SZ,20260601,22.5,22.72,21.83,22.36,21.99,0.37,1.6826,552911.59,1232344.44043,22.288272894225276
002131.SZ,20260601,5.88,6.2,5.76,6.1,5.98,0.12,2.0067,3822924.96,2323577.00207,6.078008400327063
002132.SZ,20260601,4.85,4.9,4.81,4.84,4.85,-0.01,-0.2062,464624.59,225338.04767,4.849895001682971
002133.SZ,20260601,2.86,3.02,2.78,3.0,2.88,0.12,4.1667,270978.0,79915.349,2.9491452811667367
002134.SZ,20260601,29.94,30.18,28.09,28.26,29.35,-1.09,-3.7138,136646.3,395871.2439,28.9705058900241
002135.SZ,20260601,7.2,7.43,7.11,7.31,7.23,0.08,1.1065,263318.61,193165.16648,7.335796223442013
002136.SZ,20260601,13.36,13.7,13.22,13.41,13.36,0.05,0.3743,48222.0,65110.833,13.502308697275103
002137.SZ,20260601,8.33,8.65,8.23,8.59,8.49,0.1,1.1779,170878.48,146218.62997,8.556877962046478
002138.SZ,20260601,48.85,50.33,46.0,46.5,50.35,-3.85,-7.6465,730369.2,3477555.30702,47.613663158577886
002139.SZ,20260601,10.38,10.6,10.36,10.47,10.37,0.1,0.9643,189624.62,198880.08433,10.488094021229946
002140.SZ,20260601,10.16,10.65,10.15,10.56,10.16,0.4,3.937,108138.0,113683.63364,10.512829314394569
002141.SZ,20260601,3.28,3.47,3.24,3.38,3.31,0.07,2.1148,156527.31,52738.69347,3.3692966083682134
002142.SZ,20260601,31.26,31.43,30.9,31.41,31.03,0.38,1.2246,309975.0,966421.93689,31.17741549770143
002144.SZ,20260601,11.9,12.39,11.72,12.3,12.02,0.28,2.3295,40531.0,49463.675,12.203911820581778
002145.SZ,20260601,4.34,4.5,4.33,4.43,4.34,0.09,2.0737,498213.07,221088.11131,4.437621664762829
002146.SZ,20260601,1.28,1.32,1.25,1.31,1.3,0.01,0.7692,1431729.67,184873.1057,1.2912570688012635
002148.SZ,20260601,6.62,6.86,6.56,6.78,6.63,0.15,2.2624,109654.2,74205.8038,6.767255955540234
002149.SZ,20260601,59.0,61.17,56.64,56.65,60.06,-3.41,-5.6777,399284.56,2338400.92517,58.56477208059335
002150.SZ,20260601,30.95,34.0,30.61,32.29,31.5,0.79,2.5079,239656.62,787110.37844,32.84325625722336
002151.SZ,20260601,34.01,34.78,33.88,34.1,34.14,-0.04,-0.1172,121736.68,418372.81914,34.36703047429912
002152.SZ,20260601,10.45,10.63,10.31,10.51,10.42,0.09,0.8637,229629.81,241129.94961,10.50081213802337
002153.SZ,20260601,8.23,8.76,8.2,8.48,8.23,0.25,3.0377,335929.65,285723.2125,8.505447866837596
002154.SZ,20260601,4.06,4.23,4.02,4.2,4.1,0.1,2.439,397587.82,165438.81978,4.161063580368231
002155.SZ,20260601,24.21,24.76,24.06,24.39,24.28,0.11,0.453,295866.83,725448.48201,24.519425919086636
002156.SZ,20260601,65.0,66.0,60.96,61.39,66.0,-4.61,-6.9848,1587862.98,10013725.1824,63.06416427946446
002157.SZ,20260601,3.09,3.15,3.07,3.12,3.1,0.02,0.6452,1480887.07,462247.59963,3.1214236993101707
002158.SZ,20260601,29.88,31.2,28.72,28.78,30.25,-1.47,-4.8595,135124.36,399451.58856,29.561774691106773
002159.SZ,20260601,14.94,15.27,14.75,15.23,14.93,0.3,2.0094,35314.5,53430.856,15.130004955471549
002160.SZ,20260601,4.48,4.65,4.45,4.6,4.47,0.13,2.9083,249672.42,114497.98646,4.585928492221928
002161.SZ,20260601,6.21,6.44,6.16,6.35,6.24,0.11,1.7628,158150.0,100560.987,6.3585828011381595
002162.SZ,20260601,3.83,3.99,3.78,3.97,3.83,0.14,3.6554,136826.9,53854.7564,3.9359772383939124
002163.SZ,20260601,10.25,10.43,10.18,10.29,10.27,0.02,0.1947,195993.0,202214.955,10.317458021459949
002164.SZ,20260601,12.57,12.96,12.5,12.75,12.59,0.16,1.2708,110126.0,140044.811,12.716779961135424
002165.SZ,20260601,6.76,7.09,6.67,6.98,6.82,0.16,2.346,395695.0,276556.433,6.989131351166935
002166.SZ,20260601,8.26,8.34,8.23,8.27,8.29,-0.02,-0.2413,86451.64,71619.99904,8.284400277426778
002167.SZ,20260601,13.37,13.57,12.88,13.01,13.4,-0.39,-2.9104,405507.63,531746.97815,13.113118935641236
002168.SZ,20260601,3.77,3.78,3.68,3.74,3.76,-0.02,-0.5319,60847.0,22680.893,3.7275285552286883
002169.SZ,20260601,16.58,16.98,16.33,16.35,16.43,-0.08,-0.4869,472921.86,787632.1753,16.65459438267455
002170.SZ,20260601,11.6,12.14,11.51,12.12,11.49,0.63,5.483,292379.38,348182.15572,11.908574254449817
002171.SZ,20260601,11.7,12.04,11.6,11.75,11.92,-0.17,-1.4262,507221.49,601519.62852,11.859111657907082
002172.SZ,20260601,3.29,3.44,3.29,3.41,3.32,0.09,2.7108,178643.0,60563.085,3.3901739782695097
002173.SZ,20260601,17.23,17.23,17.23,17.23,19.14,-1.91,-9.9791,46427.0,79993.721,17.23
002174.SZ,20260601,11.18,11.48,11.11,11.23,11.25,-0.02,-0.1778,289388.03,326947.31231,11.297886519701592
002175.SZ,20260601,2.62,2.77,2.6,2.7,2.65,0.05,1.8868,243453.0,65859.866,2.7052394507358706
002176.SZ,20260601,11.7,11.85,11.5,11.58,11.77,-0.19,-1.6143,610989.68,714305.97501,11.69096628620634
002177.SZ,20260601,6.78,7.08,6.73,6.97,6.83,0.14,2.0498,298936.15,208495.57858,6.974585662523585
002178.SZ,20260601,5.65,5.89,5.62,5.83,5.72,0.11,1.9231,184021.07,106907.96491,5.809550227590786
002179.SZ,20260601,36.75,37.18,35.75,35.84,36.42,-0.58,-1.5925,363487.49,1325834.76464,36.47538914310366
002180.SZ,20260601,15.8,15.99,15.33,15.37,15.88,-0.51,-3.2116,187032.0,291592.84577,15.590532409961932
002181.SZ,20260601,16.51,18.16,16.15,18.16,16.51,1.65,9.9939,1489632.16,2644759.18795,17.75444474795711
002182.SZ,20260601,14.29,14.56,14.14,14.16,14.29,-0.13,-0.9097,227508.0,325404.505,14.302991762927018
002183.SZ,20260601,6.15,6.23,6.0,6.11,6.15,-0.04,-0.6504,826609.4,506902.22175,6.132306525306874
002184.SZ,20260601,12.0,12.25,11.91,12.04,12.1,-0.06,-0.4959,118334.87,142971.18825,12.081915351747124
002185.SZ,20260601,19.65,20.27,18.26,18.43,19.34,-0.91,-4.7053,6747936.83,12919091.5036,19.145246656969668
002186.SZ,20260601,9.6,9.87,9.5,9.83,9.6,0.23,2.3958,36945.1,36064.07176,9.761530422166945
002187.SZ,20260601,5.7,5.86,5.57,5.82,5.8,0.02,0.3448,237940.0,137404.529,5.7747553584937386
002188.SZ,20260601,6.01,6.29,5.91,6.25,6.09,0.16,2.6273,124410.01,76909.03021,6.181900492572905
002189.SZ,20260601,21.36,21.63,21.05,21.08,21.24,-0.16,-0.7533,32184.0,68472.451,21.275307916977383
002190.SZ,20260601,27.46,28.0,26.92,27.83,27.71,0.12,0.4331,25543.21,70913.00707,27.76197943406487
002191.SZ,20260601,3.63,3.77,3.63,3.75,3.68,0.07,1.9022,160335.41,59703.0648,3.7236356460497406
002192.SZ,20260601,80.05,83.86,79.5,81.52,81.1,0.42,0.5179,175070.82,1439417.50902,82.21915616891495
002193.SZ,20260601,4.71,4.99,4.65,4.99,4.75,0.24,5.0526,79498.0,38912.163,4.8947348360965055
002194.SZ,20260601,11.28,11.39,10.92,10.99,11.32,-0.33,-2.9152,200826.0,222708.75464,11.089637529005207
002195.SZ,20260601,7.6,7.83,7.51,7.71,7.67,0.04,0.5215,1119443.59,865697.96576,7.73328797889673
002196.SZ,20260601,13.46,13.88,13.25,13.55,13.53,0.02,0.1478,288489.12,393210.40776,13.629990890471015
002197.SZ,20260601,6.53,6.98,6.5,6.81,6.53,0.28,4.2879,196334.81,133366.48364,6.792808857481768
002198.SZ,20260601,3.85,4.04,3.85,4.04,3.85,0.19,4.9351,130694.45,52226.8988,3.9961068584014092
002199.SZ,20260601,15.11,15.26,14.35,14.35,15.1,-0.75,-4.9669,56016.6,81367.4324,14.525592842121801
002200.SZ,20260601,7.24,7.42,7.19,7.42,7.24,0.18,2.4862,11621.0,8503.121,7.317030376043369
002201.SZ,20260601,11.1,11.1,10.85,10.86,11.06,-0.2,-1.8083,172178.8,188595.25639,10.953453990270578
002202.SZ,20260601,23.88,24.08,23.37,23.46,23.42,0.04,0.1708,1015201.17,2406303.57185,23.702726542858493
002203.SZ,20260601,20.52,20.78,19.91,20.06,20.51,-0.45,-2.1941,408742.34,827397.78047,20.242526880626066
002204.SZ,20260601,6.07,6.13,6.04,6.09,6.11,-0.02,-0.3273,191594.25,116395.2432,6.075090625110096
002205.SZ,20260601,12.89,13.48,12.51,13.17,12.99,0.18,1.3857,38308.02,50266.03494,13.121543462700501
002206.SZ,20260601,5.18,5.63,5.12,5.53,5.15,0.38,7.3786,363495.77,197913.84479,5.444735843556034
002207.SZ,20260601,9.21,9.29,9.15,9.29,8.85,0.44,4.9718,45575.9,42148.4611,9.247971208467632
002208.SZ,20260601,17.2,17.6,16.98,17.25,17.06,0.19,1.1137,625996.02,1083950.22718,17.31560892639541
002209.SZ,20260601,11.91,12.82,11.88,12.6,11.99,0.61,5.0876,77915.02,97391.74333,12.499739245398382
002210.SZ,20260601,2.82,2.88,2.74,2.81,2.9,-0.09,-3.1034,1591784.56,447771.35353,2.813014806036314
002211.SZ,20260601,3.7,3.81,3.7,3.73,3.8,-0.07,-1.8421,120849.2,45297.9126,3.7483005762553665
002212.SZ,20260601,6.69,6.89,6.64,6.81,6.62,0.19,2.8701,239209.39,162463.47055,6.791684496582679
002213.SZ,20260601,34.59,34.8,33.05,33.06,34.13,-1.07,-3.1351,110232.22,372993.64248,33.83707980116884
002214.SZ,20260601,14.13,14.13,14.13,14.13,14.87,-0.74,-4.9765,30726.0,43415.838,14.13
002215.SZ,20260601,8.83,9.28,8.69,9.24,8.79,0.45,5.1195,224951.0,203483.34442,9.045674143257866
002216.SZ,20260601,13.78,13.88,13.45,13.56,13.82,-0.26,-1.8813,99492.02,135152.35074,13.584240297865094
002217.SZ,20260601,2.55,2.64,2.52,2.58,2.59,-0.01,-0.3861,2820141.67,730150.48387,2.589056045081594
002218.SZ,20260601,4.54,4.63,4.49,4.6,4.56,0.04,0.8772,342891.21,157210.45018,4.584849234834571
002219.SZ,20260601,2.16,2.19,2.13,2.17,2.17,0.0,0.0,545187.93,117922.12137,2.162962803853709
002221.SZ,20260601,6.32,6.69,6.29,6.65,6.34,0.31,4.8896,216097.0,141371.812,6.5420534297098065
002222.SZ,20260601,99.51,100.36,91.0,91.34,100.56,-9.22,-9.1687,397463.86,3771463.44125,94.88821049667258
002223.SZ,20260601,26.31,26.77,25.44,26.6,26.43,0.17,0.6432,154016.77,402751.88887,26.14987243726771
002224.SZ,20260601,3.71,3.82,3.68,3.81,3.72,0.09,2.4194,100434.97,37995.10096,3.7830549419191346
002225.SZ,20260601,3.74,3.9,3.71,3.8,3.75,0.05,1.3333,412688.74,157377.72036,3.813472603105188
002226.SZ,20260601,5.05,5.18,5.05,5.17,5.09,0.08,1.5717,260186.93,133531.07763,5.132120880553071
002227.SZ,20260601,8.43,8.82,8.33,8.75,8.41,0.34,4.0428,44974.0,38928.644,8.65581091297194
002228.SZ,20260601,3.38,3.49,3.34,3.47,3.38,0.09,2.6627,230706.0,79573.981,3.4491509106828606
002229.SZ,20260601,13.26,14.31,13.26,14.31,13.01,1.3,9.9923,452431.07,637124.60735,14.082246989580092
002230.SZ,20260601,47.9,49.87,47.6,49.14,47.9,1.24,2.5887,703031.48,3444255.48983,48.99148313856443
002232.SZ,20260601,15.41,15.99,15.32,15.8,15.45,0.35,2.2654,47788.27,75257.26865,15.74806299746779
002233.SZ,20260601,8.35,8.39,8.15,8.21,8.36,-0.15,-1.7943,113853.76,93337.77403,8.198040541656244
002234.SZ,20260601,7.36,8.08,7.31,7.97,7.36,0.61,8.288,146924.74,115395.24874,7.854037974816222
002235.SZ,20260601,10.12,11.0,10.0,11.0,10.0,1.0,10.0,231427.0,248889.65375,10.754564236238641
002236.SZ,20260601,16.76,17.08,16.7,16.85,16.69,0.16,0.9587,345842.47,585223.19791,16.921669507796427
002237.SZ,20260601,13.4,13.72,13.36,13.57,13.46,0.11,0.8172,160358.24,218056.30894,13.59807322280414
002238.SZ,20260601,6.51,6.81,6.48,6.75,6.53,0.22,3.3691,81565.96,54650.02454,6.700101922419597
002239.SZ,20260601,2.64,2.7,2.62,2.69,2.65,0.04,1.5094,475805.64,127122.39028,2.671729370000742
002240.SZ,20260601,45.34,45.85,43.65,43.76,45.45,-1.69,-3.7184,474650.59,2121172.44637,44.689135356810574
002241.SZ,20260601,27.31,27.98,26.41,26.5,26.83,-0.33,-1.23,1732805.88,4701952.2043,27.134904483934466
002242.SZ,20260601,9.1,9.18,9.02,9.15,9.08,0.07,0.7709,122251.0,111379.3,9.11070666088621
002243.SZ,20260601,9.02,9.17,8.75,8.9,9.06,-0.16,-1.766,331497.28,294766.03069,8.891959254989963
002244.SZ,20260601,10.17,10.78,10.03,10.54,10.38,0.16,1.5414,340981.49,359833.67378,10.55287997539104
002245.SZ,20260601,21.09,21.89,20.23,20.28,20.68,-0.4,-1.9342,1205249.11,2525421.05659,20.953519364888805
002246.SZ,20260601,21.71,21.88,20.58,20.76,21.68,-0.92,-4.2435,176509.27,371965.38242,21.073419113908294
002247.SZ,20260601,2.53,2.7,2.5,2.66,2.53,0.13,5.1383,377477.06,99439.06812,2.634307582028958
002248.SZ,20260601,10.18,10.35,10.08,10.23,10.18,0.05,0.4912,84294.64,86512.36744,10.263092343712483
002249.SZ,20260601,8.55,8.72,8.5,8.63,8.58,0.05,0.5828,321139.72,276000.26795,8.594398349416261
002250.SZ,20260601,14.24,14.75,14.11,14.43,14.25,0.18,1.2632,139638.52,202010.21493,14.466653966971293
002251.SZ,20260601,4.61,5.2,4.61,5.0,4.88,0.12,2.459,4893200.48,2425995.55226,4.957891184258201
002252.SZ,20260601,5.28,5.31,5.22,5.31,5.31,0.0,0.0,409153.03,215252.93676,5.26093957461344
002253.SZ,20260601,11.72,12.08,11.62,11.99,11.82,0.17,1.4382,40952.5,48834.375,11.924638300470056
002254.SZ,20260601,13.37,13.76,13.36,13.54,13.49,0.05,0.3706,283270.54,384491.47136,13.573295386099806
002255.SZ,20260601,9.71,9.96,9.71,9.83,9.75,0.08,0.8205,130035.35,128213.44562,9.859891607935841
002256.SZ,20260601,4.46,4.73,4.45,4.72,4.45,0.27,6.0674,1596265.74,739487.92863,4.632611664208241
002258.SZ,20260601,12.36,12.72,12.35,12.63,12.43,0.2,1.609,138435.75,174399.31234,12.597852241202146
002259.SZ,20260601,4.72,5.03,4.68,4.9,4.77,0.13,2.7254,219102.88,106817.33968,4.875213857526656
002261.SZ,20260601,29.74,30.86,29.73,30.48,29.68,0.8,2.6954,514072.27,1566598.09589,30.47427739858444
002262.SZ,20260601,20.36,20.75,20.23,20.66,20.29,0.37,1.8236,96678.43,198851.26531,20.568317597834387
002263.SZ,20260601,3.88,3.95,3.83,3.85,3.9,-0.05,-1.2821,1411686.82,548113.00449,3.882681319430325
002264.SZ,20260601,6.82,7.12,6.75,7.05,6.82,0.23,3.3724,229283.01,160567.57304,7.003029707260035
002265.SZ,20260601,20.75,20.85,20.4,20.44,20.45,-0.01,-0.0489,59103.74,121591.05138,20.572480079940796
002266.SZ,20260601,5.11,5.21,5.03,5.07,5.15,-0.08,-1.5534,806095.8,410800.9196,5.096179878371777
002267.SZ,20260601,7.43,7.73,7.39,7.71,7.43,0.28,3.7685,143733.33,109058.60943,7.587565767104958
002268.SZ,20260601,14.14,14.5,14.11,14.34,14.15,0.19,1.3428,90118.26,129233.25942,14.34040775088201
002269.SZ,20260601,1.54,1.6,1.52,1.6,1.54,0.06,3.8961,744867.03,117411.78526,1.5762784568408137
002270.SZ,20260601,22.44,22.7,21.62,21.73,22.27,-0.54,-2.4248,314364.76,692083.11615,22.0152893775371
002271.SZ,20260601,13.64,14.07,13.5,13.94,13.63,0.31,2.2744,502176.35,697788.93111,13.895296564842212
002272.SZ,20260601,21.05,21.12,19.62,19.7,20.83,-1.13,-5.4249,499900.54,1005904.64896,20.122095666469978
002273.SZ,20260601,38.52,39.27,36.19,36.53,39.36,-2.83,-7.19,1001891.75,3735285.14323,37.282322598524246
002274.SZ,20260601,5.5,5.79,5.5,5.75,5.56,0.19,3.4173,168287.5,96055.379,5.707814246453243
002275.SZ,20260601,13.5,13.73,13.32,13.72,13.56,0.16,1.1799,29639.95,40096.78833,13.527954105860502
002276.SZ,20260601,11.93,12.06,11.88,11.95,11.86,0.09,0.7589,145729.77,174565.51495,11.978713405641141
002277.SZ,20260601,6.77,6.85,6.63,6.68,6.88,-0.2,-2.907,397520.18,266743.19433,6.710179954386216
002278.SZ,20260601,8.8,9.13,8.73,9.08,8.88,0.2,2.2523,94882.02,85917.352,9.055177366586419
002279.SZ,20260601,6.72,7.32,6.7,7.32,6.65,0.67,10.0752,695128.13,503439.57487,7.242399683494323
002281.SZ,20260601,208.06,213.85,202.0,204.3,203.95,0.35,0.1716,520073.06,10783911.396,207.35377825569356
002282.SZ,20260601,6.15,6.46,6.12,6.39,6.19,0.2,3.231,64896.02,41138.44066,6.339131530716368
002283.SZ,20260601,11.33,11.47,10.93,11.0,11.19,-0.19,-1.6979,325673.98,364264.03923,11.184929150004555
002284.SZ,20260601,11.5,11.77,11.46,11.51,11.57,-0.06,-0.5186,160411.89,186067.14862,11.599336471878736
002285.SZ,20260601,2.61,2.68,2.56,2.66,2.62,0.04,1.5267,413460.41,109180.95905,2.6406629609350025
002286.SZ,20260601,9.07,9.36,9.01,9.2,9.16,0.04,0.4367,128274.02,117664.62344,9.172911509283017
002287.SZ,20260601,21.08,21.36,20.94,21.34,21.05,0.29,1.3777,17602.23,37315.62182,21.199371795505456
002289.SZ,20260601,45.1,45.1,43.01,43.76,42.95,0.81,1.8859,45708.5,202710.143,44.34845663279259
002290.SZ,20260601,92.0,92.94,86.74,87.35,90.67,-3.32,-3.6616,92057.96,823156.21927,89.41716927792012
002291.SZ,20260601,5.78,6.16,5.75,6.09,5.81,0.28,4.8193,394413.35,237599.26733,6.024118284282213
002292.SZ,20260601,7.65,8.15,7.62,7.86,7.59,0.27,3.5573,544271.97,429015.38335,7.8823714429019756
002293.SZ,20260601,9.82,10.01,9.61,9.98,9.94,0.04,0.4024,73615.1,72454.4781,9.842339153244374
002294.SZ,20260601,33.43,33.59,32.69,32.8,33.42,-0.62,-1.8552,172635.9,569956.58901,33.01495164157629
002295.SZ,20260601,9.99,10.43,9.96,10.28,10.07,0.21,2.0854,38209.1,39441.1463,10.322448395801
002296.SZ,20260601,10.01,10.28,9.96,10.21,10.01,0.2,1.998,77682.4,78943.845,10.162384916017013
002297.SZ,20260601,20.39,20.78,19.66,19.66,20.61,-0.95,-4.6094,1122350.78,2266149.83487,20.19110134952639
002298.SZ,20260601,9.33,9.58,9.3,9.48,9.32,0.16,1.7167,236060.78,223333.95025,9.460866402712046
002299.SZ,20260601,16.99,17.74,16.91,17.55,16.99,0.56,3.2961,147926.0,258501.09299,17.475027580682234
002300.SZ,20260601,8.48,8.79,8.42,8.69,8.55,0.14,1.6374,197002.15,170603.09436,8.659961039003889
002301.SZ,20260601,7.94,8.07,7.72,7.82,7.93,-0.11,-1.3871,177253.43,139696.02612,7.881146566246984
002302.SZ,20260601,5.2,5.28,5.14,5.27,5.18,0.09,1.7375,68521.23,35826.45814,5.228519415077634
002303.SZ,20260601,3.28,3.39,3.27,3.38,3.29,0.09,2.7356,137913.57,46210.97877,3.3507202206425375
002304.SZ,20260601,45.28,45.69,44.91,45.59,45.39,0.2,0.4406,63183.15,286534.588,45.34984216519752
002305.SZ,20260601,2.37,2.39,2.34,2.38,2.38,0.0,0.0,195328.0,46262.269,2.3684402133846656
002306.SZ,20260601,2.06,2.11,2.01,2.1,2.09,0.01,0.4785,146365.0,30327.398,2.072038943736549
002307.SZ,20260601,3.89,3.98,3.84,3.94,3.9,0.04,1.0256,112851.92,44345.86057,3.929561904662322
002309.SZ,20260601,3.53,3.65,3.49,3.61,3.54,0.07,1.9774,1429883.0,513476.859,3.5910410781861173
002310.SZ,20260601,2.92,2.97,2.81,2.97,2.92,0.05,1.7123,1922878.58,559175.56688,2.908012875571166
002311.SZ,20260601,46.85,48.85,46.85,48.56,46.83,1.73,3.6942,158830.11,765126.84074,48.172656981727215
002312.SZ,20260601,9.0,9.2,8.96,9.15,9.05,0.1,1.105,164611.0,150243.5515,9.127187824628974
002313.SZ,20260601,8.86,9.25,8.81,9.13,8.93,0.2,2.2396,85556.0,78033.065,9.12070047688064
002314.SZ,20260601,2.28,2.41,2.23,2.38,2.29,0.09,3.9301,437937.6,103193.336,2.3563479363270017
002315.SZ,20260601,26.93,28.8,26.84,28.29,26.95,1.34,4.9722,118991.16,334194.0136,28.085616914735514
002316.SZ,20260601,4.94,5.2,4.85,5.16,4.98,0.18,3.6145,200654.0,102600.4,5.113299510600337
002317.SZ,20260601,23.56,23.97,22.96,23.15,23.54,-0.39,-1.6568,349669.46,816139.51533,23.34031445954702
002318.SZ,20260601,23.5,23.93,23.01,23.56,23.52,0.04,0.1701,78564.54,184239.11704,23.450670880272455
002319.SZ,20260601,11.17,12.17,11.1,11.84,11.18,0.66,5.9034,167596.0,198036.192,11.8162839208573
002320.SZ,20260601,7.67,7.77,7.54,7.68,7.62,0.06,0.7874,191154.5,146997.8355,7.690001307842609
002321.SZ,20260601,1.9,1.97,1.87,1.97,1.9,0.07,3.6842,278834.11,54129.05023,1.9412635789071861
002322.SZ,20260601,11.25,11.64,11.16,11.61,11.25,0.36,3.2,43204.9,49623.67436,11.485658885913402
002323.SZ,20260601,1.48,1.54,1.44,1.54,1.47,0.07,4.7619,753616.55,112934.11378,1.498562017779466
002324.SZ,20260601,12.29,12.54,12.29,12.34,12.3,0.04,0.3252,146244.52,181632.87048,12.41980694250971
002326.SZ,20260601,20.65,21.94,20.6,21.39,20.7,0.69,3.3333,261861.59,558463.39357,21.32666320287752
002327.SZ,20260601,6.83,7.14,6.79,7.13,6.83,0.3,4.3924,89703.26,62894.42514,7.011386781260793
002328.SZ,20260601,10.18,10.49,9.92,10.49,9.54,0.95,9.9581,863775.3,896276.69898,10.37627145601408
002329.SZ,20260601,4.27,4.4,4.22,4.37,4.33,0.04,0.9238,240337.01,104378.69333,4.343013726017478
002330.SZ,20260601,4.05,4.24,4.0,4.22,4.09,0.13,3.1785,153136.0,63916.253,4.173822811096019
002331.SZ,20260601,8.45,8.81,8.33,8.59,8.44,0.15,1.7773,120397.2,103279.2938,8.578213928563123
002332.SZ,20260601,8.42,8.6,8.4,8.58,8.41,0.17,2.0214,108653.93,92364.91584,8.500835251886427
002333.SZ,20260601,5.02,5.19,5.02,5.18,5.04,0.14,2.7778,71656.0,36777.507,5.132509071117561
002334.SZ,20260601,8.51,8.78,8.43,8.59,8.51,0.08,0.9401,279759.82,241052.43231,8.616406470021321
002335.SZ,20260601,39.07,39.32,38.1,38.15,39.06,-0.91,-2.3297,242691.41,938997.04555,38.69098809677689
002337.SZ,20260601,5.23,5.43,5.2,5.37,5.23,0.14,2.6769,101766.88,54534.94945,5.358811181987696
002338.SZ,20260601,55.77,56.2,54.1,54.2,55.75,-1.55,-2.7803,57781.0,317325.759,54.91870320693654
002339.SZ,20260601,8.7,8.9,8.61,8.76,8.68,0.08,0.9217,111989.4,98450.9339,8.791093969607838
002340.SZ,20260601,7.87,7.92,7.7,7.73,7.8,-0.07,-0.8974,1372293.65,1071545.05191,7.808423888793772
002342.SZ,20260601,11.3,11.86,11.3,11.57,11.3,0.27,2.3894,878665.5,1023212.9848,11.645079780644625
002343.SZ,20260601,5.26,5.55,5.24,5.51,5.29,0.22,4.1588,143976.0,78580.636,5.457898260821247
002344.SZ,20260601,3.92,4.09,3.89,4.06,3.95,0.11,2.7848,124262.2,49957.555,4.020334019516795
002345.SZ,20260601,9.13,9.49,9.04,9.45,9.21,0.24,2.6059,220031.99,203626.52688,9.25440554712067
002346.SZ,20260601,20.78,21.68,20.31,20.44,20.85,-0.41,-1.9664,64211.0,133607.224,20.80752892806528
002347.SZ,20260601,6.99,7.68,6.96,7.08,6.98,0.1,1.4327,436317.0,316157.09235,7.246041120332235
002348.SZ,20260601,15.34,15.41,13.97,14.7,15.37,-0.67,-4.3591,571399.02,837727.63208,14.660991754588588
002349.SZ,20260601,7.05,7.07,6.96,7.07,7.05,0.02,0.2837,59478.4,41784.90273,7.02522306080863
002350.SZ,20260601,16.24,16.85,15.46,15.83,16.97,-1.14,-6.7177,314666.05,503977.25901,16.01625783938242
002351.SZ,20260601,11.11,11.49,11.08,11.48,11.15,0.33,2.9596,238027.51,270853.94869,11.379102721782033
002352.SZ,20260601,34.9,35.13,34.53,35.13,34.95,0.18,0.515,125683.87,438859.14125,34.91769797110799
002353.SZ,20260601,143.0,154.44,142.56,147.0,140.4,6.6,4.7009,248028.0,3706009.2638,149.41898752560195
002354.SZ,20260601,7.05,7.48,7.0,7.44,7.15,0.29,4.0559,2714184.35,1980818.83536,7.298026146823814
002355.SZ,20260601,5.47,5.65,5.38,5.58,5.49,0.09,1.6393,149227.77,83037.4878,5.5644795737415365
002356.SZ,20260601,3.23,3.28,3.13,3.28,2.98,0.3,10.0671,410971.2,134253.3846,3.266734617900232
002357.SZ,20260601,10.34,10.83,10.12,10.53,10.26,0.27,2.6316,76788.0,80960.832,10.543422409751525
002358.SZ,20260601,6.38,6.6,6.35,6.56,6.4,0.16,2.5,218551.0,142713.373,6.529980324958476
002360.SZ,20260601,6.06,6.11,6.03,6.09,6.06,0.03,0.495,56917.66,34601.36762,6.07919714549052
002361.SZ,20260601,15.24,15.5,15.07,15.12,15.23,-0.11,-0.7223,629352.05,961424.72052,15.276421527823734
002362.SZ,20260601,16.55,17.19,16.4,16.85,16.54,0.31,1.8742,46937.01,79436.20315,16.92400158212038
002363.SZ,20260601,7.1,7.35,7.03,7.28,7.08,0.2,2.8249,66044.8,47926.2455,7.256626638281892
002364.SZ,20260601,55.62,56.04,50.48,50.66,56.05,-5.39,-9.6164,597264.19,3141462.96894,52.59754429509662
002365.SZ,20260601,11.7,12.04,11.67,12.03,11.76,0.27,2.2959,67163.32,80180.1107,11.93808029442261
002366.SZ,20260601,6.83,6.9,6.75,6.83,6.9,-0.07,-1.0145,418168.99,285284.21617,6.8222231440451875
002367.SZ,20260601,5.63,6.16,5.59,5.99,5.68,0.31,5.4577,197779.71,117225.55698,5.927076997938768
002368.SZ,20260601,15.37,16.13,15.3,15.82,15.37,0.45,2.9278,123826.67,195680.48588,15.802773819242654
002369.SZ,20260601,6.38,6.7,6.35,6.56,6.38,0.18,2.8213,242635.51,159723.8675,6.582872700702382
002370.SZ,20260601,5.9,6.2,5.89,5.96,5.98,-0.02,-0.3344,220231.0,132887.554,6.034007655597986
002371.SZ,20260601,624.99,629.8,588.92,589.89,629.87,-39.98,-6.3473,151000.0,9081578.56233,601.4290438629139
002372.SZ,20260601,10.04,10.27,9.9,10.06,10.03,0.03,0.2991,159377.36,160377.12434,10.062729382642555
002373.SZ,20260601,8.01,8.28,7.99,8.17,8.01,0.16,1.9975,218023.7,178206.92215,8.173740843311988
002374.SZ,20260601,3.38,3.5,3.33,3.44,3.33,0.11,3.3033,375622.79,129251.93334,3.4410034955546767
002375.SZ,20260601,4.18,4.42,4.12,4.39,4.13,0.26,6.2954,405848.41,175531.58161,4.325052834628575
002376.SZ,20260601,6.58,6.75,6.48,6.7,6.54,0.16,2.4465,121211.82,80736.50161,6.660777934858169
002377.SZ,20260601,2.87,2.99,2.81,2.98,2.87,0.11,3.8328,272603.0,80299.679,2.9456638041400867
002378.SZ,20260601,29.41,31.14,28.83,29.07,28.93,0.14,0.4839,603967.42,1797983.55488,29.769545431440655
002379.SZ,20260601,20.41,21.29,19.72,20.96,21.26,-0.3,-1.4111,394618.39,820562.96729,20.793834957615633
002380.SZ,20260601,39.64,41.0,37.91,39.73,39.64,0.09,0.227,126411.0,499790.26,39.536927957218914
002381.SZ,20260601,5.79,6.08,5.72,6.05,5.86,0.19,3.2423,76718.52,45821.33056,5.972655697737652
002382.SZ,20260601,6.44,6.51,6.25,6.41,6.4,0.01,0.1563,157922.6,100956.58148,6.392788712951787
002383.SZ,20260601,7.71,7.97,7.69,7.86,7.77,0.09,1.1583,103532.3,81609.20687,7.8824875782726735
002384.SZ,20260601,209.22,212.0,191.75,191.75,213.05,-21.3,-9.9977,1359589.57,26724508.1081,196.56305621776724
002385.SZ,20260601,3.33,3.41,3.33,3.4,3.35,0.05,1.4925,505094.99,170664.40412,3.3788575911236025
002386.SZ,20260601,5.67,5.93,5.65,5.91,5.68,0.23,4.0493,243476.7,142050.9873,5.834274380258973
002387.SZ,20260601,7.96,8.35,7.88,8.12,8.03,0.09,1.1208,237235.58,193743.54723,8.166715432398462
002388.SZ,20260601,5.33,5.75,5.32,5.54,5.45,0.09,1.6514,976103.69,548467.00173,5.618941997135572
002389.SZ,20260601,19.66,19.85,19.45,19.75,19.74,0.01,0.0507,132399.02,260920.23334,19.7071121327031
002390.SZ,20260601,3.03,3.08,3.0,3.08,3.03,0.05,1.6502,258584.12,78764.48724,3.0459908845137127
002391.SZ,20260601,5.59,5.84,5.54,5.79,5.6,0.19,3.3929,89852.61,51541.83209,5.736264321092063
002392.SZ,20260601,8.06,8.25,8.05,8.05,8.02,0.03,0.3741,248568.0,202313.885,8.139176603585337
002393.SZ,20260601,14.84,15.05,14.68,15.02,14.86,0.16,1.0767,18998.06,28400.67648,14.949250860351002
002394.SZ,20260601,10.05,10.65,9.8,10.44,9.94,0.5,5.0302,90128.5,93261.4775,10.347612297996749
002395.SZ,20260601,14.37,14.87,14.28,14.69,14.35,0.34,2.3693,62937.46,92233.69286,14.654816521035325
002396.SZ,20260601,22.61,23.19,21.75,21.78,22.69,-0.91,-4.0106,333023.48,744044.96213,22.342117202366634
002397.SZ,20260601,4.81,4.9,4.6,4.84,4.8,0.04,0.8333,297249.99,143142.62919,4.815563801701053
002398.SZ,20260601,4.43,4.69,4.38,4.64,4.44,0.2,4.5045,202535.58,92915.6103,4.587619138326215
002399.SZ,20260601,9.94,10.06,9.88,10.0,9.94,0.06,0.6036,47853.6,47674.20988,9.962512722135848
002400.SZ,20260601,8.08,8.55,8.06,8.52,8.12,0.4,4.9261,1274962.54,1068534.20633,8.380906676128696
002401.SZ,20260601,12.81,13.38,12.81,13.33,12.96,0.37,2.8549,37094.98,49039.07991,13.219869618476675
002402.SZ,20260601,27.15,27.45,26.41,26.44,27.19,-0.75,-2.7584,327613.4,882149.39727,26.926535888641915
002403.SZ,20260601,10.5,10.64,10.23,10.57,10.35,0.22,2.1256,40849.43,42876.39171,10.496203180803258
002404.SZ,20260601,6.11,6.73,6.05,6.73,6.12,0.61,9.9673,280036.58,184653.56282,6.5939086536480325
002405.SZ,20260601,8.59,8.82,8.4,8.69,8.73,-0.04,-0.4582,648490.24,561100.79912,8.652417022035674
002406.SZ,20260601,8.85,9.18,8.7,8.72,8.85,-0.13,-1.4689,802188.4,714037.49241,8.90111964234337
002407.SZ,20260601,33.77,35.67,33.77,34.42,33.7,0.72,2.1365,1264696.49,4414415.54905,34.90494030745669
002408.SZ,20260601,5.11,5.24,5.05,5.2,5.1,0.1,1.9608,294671.02,152316.83378,5.169046952089146
002409.SZ,20260601,108.0,110.8,104.59,104.99,107.36,-2.37,-2.2075,214900.51,2306379.65037,107.32313526710568
002410.SZ,20260601,9.9,10.22,9.9,10.11,9.9,0.21,2.1212,446366.47,451321.03023,10.110997589715913
002412.SZ,20260601,6.66,6.93,6.54,6.87,6.69,0.18,2.6906,118263.73,80297.95736,6.789736579422955
002413.SZ,20260601,10.45,10.64,10.38,10.49,10.47,0.02,0.191,387031.42,407676.58018,10.533423363405483
002414.SZ,20260601,12.88,13.16,12.83,12.96,12.87,0.09,0.6993,533812.54,694494.64082,13.010084791563719
002415.SZ,20260601,30.56,30.76,30.01,30.06,30.56,-0.5,-1.6361,707627.22,2145921.55073,30.32559361877006
002416.SZ,20260601,10.45,10.71,10.43,10.56,10.54,0.02,0.1898,191510.42,202592.84908,10.578685435497452
002418.SZ,20260601,4.65,4.75,4.58,4.65,4.63,0.02,0.432,427362.0,199994.369,4.679741507199985
002419.SZ,20260601,4.91,5.01,4.8,5.0,4.9,0.1,2.0408,154344.78,76334.22468,4.945695259664759
002420.SZ,20260601,6.0,6.25,5.83,6.18,5.93,0.25,4.2159,137118.0,84048.264,6.129630245481993
002421.SZ,20260601,3.95,4.52,3.9,4.52,4.11,0.41,9.9757,3696336.8,1605318.70227,4.342998999090126
002422.SZ,20260601,36.91,38.27,36.0,36.21,36.37,-0.16,-0.4399,292924.19,1081317.53589,36.9145865314162
002423.SZ,20260601,9.15,9.34,9.08,9.33,9.17,0.16,1.7448,147309.59,136365.38333,9.257060815253102
002424.SZ,20260601,4.56,4.8,4.56,4.72,4.59,0.13,2.8322,101428.0,47590.329,4.692030701581417
002425.SZ,20260601,3.1,3.23,3.03,3.16,3.1,0.06,1.9355,233225.6,73463.6628,3.149897043892266
002426.SZ,20260601,3.66,3.66,3.66,3.66,3.33,0.33,9.9099,764388.81,279766.30446,3.66
002427.SZ,20260601,4.63,4.82,4.59,4.77,4.63,0.14,3.0238,140606.93,66876.16332,4.756249448017961
002428.SZ,20260601,87.27,88.88,82.06,82.06,91.18,-9.12,-10.0022,948089.59,7904057.39228,83.3682541781732
002429.SZ,20260601,11.6,11.82,11.2,11.25,11.6,-0.35,-3.0172,928212.2,1065654.1569,11.480716983681102
002430.SZ,20260601,24.87,25.28,24.75,24.88,24.84,0.04,0.161,92852.85,232164.65439,25.003503327038427
002431.SZ,20260601,1.6,1.68,1.59,1.68,1.6,0.08,5.0,318964.01,52821.72864,1.6560403990406316
002432.SZ,20260601,76.33,80.68,76.32,77.79,76.29,1.5,1.9662,298472.84,2345127.35288,78.57087944350313
002434.SZ,20260601,7.06,7.19,7.05,7.09,7.1,-0.01,-0.1408,143082.58,101671.4729,7.105789740442198
002436.SZ,20260601,38.5,40.2,37.15,38.62,38.68,-0.06,-0.1551,2317150.01,9004103.27701,38.858525508281616
002437.SZ,20260601,2.96,3.0,2.92,2.99,2.96,0.03,1.0135,339687.06,101049.82076,2.97479158493703
002438.SZ,20260601,16.54,17.24,16.42,16.9,16.7,0.2,1.1976,112731.12,190660.58148,16.91286146008307
002439.SZ,20260601,14.06,14.78,14.05,14.48,14.07,0.41,2.914,296676.02,429716.04381,14.484353801496999
002440.SZ,20260601,9.4,9.59,9.36,9.43,9.47,-0.04,-0.4224,256518.0,242789.91,9.464829368699272
002441.SZ,20260601,9.53,9.8,9.41,9.71,9.49,0.22,2.3182,99621.0,96087.665,9.645322271408638
002442.SZ,20260601,5.78,5.98,5.63,5.85,5.91,-0.06,-1.0152,504488.78,295278.64426,5.853026984267123
002443.SZ,20260601,12.0,12.31,11.61,11.69,11.99,-0.3,-2.5021,296300.91,350977.79965,11.845316291806192
002444.SZ,20260601,32.21,32.76,31.45,32.3,32.4,-0.1,-0.3086,130193.32,419563.11755,32.22616318179765
002445.SZ,20260601,3.44,3.6,3.42,3.52,3.46,0.06,1.7341,991487.4,348649.79154,3.5164318935369225
002446.SZ,20260601,9.7,9.91,9.4,9.46,9.8,-0.34,-3.4694,317683.55,305787.87736,9.625549618795182
002448.SZ,20260601,13.38,13.96,13.31,13.54,13.4,0.14,1.0448,133176.19,181780.80235,13.649647309327591
002449.SZ,20260601,8.06,8.52,8.0,8.33,8.1,0.23,2.8395,320196.43,265257.91649,8.284224670774748
002451.SZ,20260601,8.37,8.69,8.31,8.61,8.39,0.22,2.6222,88521.16,75898.02608,8.573998135587015
002452.SZ,20260601,11.58,12.29,11.5,11.85,11.57,0.28,2.4201,283010.28,337773.9527,11.93504181897562
002453.SZ,20260601,5.75,6.02,5.71,5.91,5.8,0.11,1.8966,168816.02,99823.42684,5.913148932192573
002454.SZ,20260601,5.78,5.88,5.74,5.85,5.81,0.04,0.6885,144365.4,84083.5502,5.824356126883589
002455.SZ,20260601,8.62,8.85,8.56,8.77,8.63,0.14,1.6222,277053.4,242813.07407,8.764125402178784
002456.SZ,20260601,8.96,9.85,8.92,9.5,8.96,0.54,6.0268,2366427.87,2238901.65436,9.461102460562214
002457.SZ,20260601,12.37,13.23,12.26,12.58,12.25,0.33,2.6939,592808.02,755537.47648,12.745061655542377
002458.SZ,20260601,8.12,8.51,8.1,8.39,8.06,0.33,4.0943,231837.84,193883.41255,8.362889015442864
002459.SZ,20260601,9.08,9.24,9.03,9.06,9.11,-0.05,-0.5488,395700.08,361018.38541,9.12353582061444
002460.SZ,20260601,71.48,72.77,69.8,69.86,71.48,-1.62,-2.2664,424394.14,3028673.57315,71.36464167837002
002461.SZ,20260601,9.78,10.2,9.75,10.19,9.9,0.29,2.9293,262599.05,263686.70867,10.041418987235485
002462.SZ,20260601,13.66,14.04,13.55,13.99,13.73,0.26,1.8937,96259.0,133175.215,13.835092303057376
002463.SZ,20260601,132.04,134.99,122.28,122.51,132.04,-9.53,-7.2175,920138.66,11636648.7773,126.46625213312959
002465.SZ,20260601,15.5,16.49,15.34,15.68,15.84,-0.16,-1.0101,1292947.2,2071791.75904,16.023792456799473
002466.SZ,20260601,62.88,64.29,62.05,62.17,62.88,-0.71,-1.1291,449103.73,2838832.01829,63.211054120837524
002467.SZ,20260601,5.51,5.71,5.43,5.64,5.51,0.13,2.3593,404910.96,228358.65452,5.639725200819459
002468.SZ,20260601,15.22,15.33,14.93,15.13,15.3,-0.17,-1.1111,198039.77,300067.12352,15.15186184673917
002469.SZ,20260601,6.28,6.62,6.26,6.56,6.27,0.29,4.6252,124485.7,81056.5712,6.51131585394949
002470.SZ,20260601,2.28,2.34,2.26,2.32,2.3,0.02,0.8696,761136.0,176219.605,2.3152183709613
002471.SZ,20260601,6.9,7.11,6.78,7.0,6.98,0.02,0.2865,395328.08,277450.72116,7.018239664635004
002472.SZ,20260601,39.23,39.87,38.69,38.78,39.23,-0.45,-1.1471,218916.06,857681.77285,39.17856793375506
002474.SZ,20260601,6.66,7.27,6.66,7.27,6.61,0.66,9.9849,262939.81,187840.48975,7.14385888352167
002475.SZ,20260601,73.35,75.93,70.67,70.71,73.29,-2.58,-3.5203,2302540.2,16789308.0258,72.91645994193716
002476.SZ,20260601,5.23,5.42,5.18,5.35,5.23,0.12,2.2945,102429.07,54772.29203,5.347338605144028
002478.SZ,20260601,7.4,7.57,7.38,7.43,7.39,0.04,0.5413,221503.44,165483.3946,7.47091758936114
002479.SZ,20260601,5.39,5.57,5.23,5.56,5.34,0.22,4.1199,332765.0,182407.12416,5.481559784232116
002480.SZ,20260601,6.01,6.1,5.96,6.05,6.01,0.04,0.6656,66628.01,40209.34002,6.034900339962128
002481.SZ,20260601,4.21,4.31,4.16,4.3,4.21,0.09,2.1378,146068.36,62170.62283,4.256268970911976
002482.SZ,20260601,1.51,1.54,1.42,1.54,1.51,0.03,1.9868,781668.7,116766.63308,1.4938123156268124
002483.SZ,20260601,5.72,5.96,5.68,5.94,5.72,0.22,3.8462,140759.2,82753.691,5.879096428510534
002484.SZ,20260601,77.85,82.5,75.1,79.15,77.85,1.3,1.6699,844612.44,6643173.86985,78.6535167520147
002485.SZ,20260601,4.74,4.79,4.63,4.75,4.76,-0.01,-0.2101,38992.0,18347.825,4.705535750923266
002486.SZ,20260601,2.44,2.59,2.39,2.57,2.47,0.1,4.0486,322006.0,81838.398,2.5415177978050094
002487.SZ,20260601,74.77,76.7,72.2,72.9,72.99,-0.09,-0.1233,193156.27,1435804.08556,74.33380679591711
002488.SZ,20260601,10.18,10.35,10.02,10.09,10.19,-0.1,-0.9814,159060.25,161864.02675,10.176271365724624
002489.SZ,20260601,3.85,4.06,3.85,3.95,3.77,0.18,4.7745,729878.15,288307.29315,3.9500743124040634
002490.SZ,20260601,7.8,7.99,7.77,7.97,7.79,0.18,2.3107,202337.0,160637.451,7.939104118376767
002491.SZ,20260601,23.61,24.7,22.48,23.2,23.93,-0.73,-3.0506,1841858.7,4327614.29668,23.49590821858376
002492.SZ,20260601,6.2,6.64,6.08,6.42,6.18,0.24,3.8835,167297.0,107436.086,6.421877618845526
002493.SZ,20260601,11.21,11.72,11.0,11.5,11.16,0.34,3.0466,646691.21,741861.63818,11.471651797772234
002494.SZ,20260601,5.27,5.65,5.2,5.57,5.32,0.25,4.6992,154748.5,84865.8515,5.484114644083787
002495.SZ,20260601,2.43,2.53,2.38,2.52,2.42,0.1,4.1322,337869.32,83922.31772,2.4838691397017048
002496.SZ,20260601,2.56,2.62,2.51,2.6,2.57,0.03,1.1673,162765.4,41995.5824,2.5801295852804094
002497.SZ,20260601,23.12,23.85,22.83,23.28,22.91,0.37,1.615,353883.42,827777.6875,23.391253749610538
002498.SZ,20260601,8.08,8.44,8.01,8.22,8.18,0.04,0.489,848642.13,699998.72757,8.24845600783454
002500.SZ,20260601,5.18,5.23,5.14,5.23,5.2,0.03,0.5769,297625.87,154396.71505,5.187610709042194
002501.SZ,20260601,1.43,1.44,1.4,1.43,1.44,-0.01,-0.6944,387629.0,55150.408,1.4227626931937498
002506.SZ,20260601,3.44,3.55,3.41,3.49,3.46,0.03,0.8671,2424600.34,850246.09076,3.506747387324049
002507.SZ,20260601,11.65,11.94,11.62,11.92,11.73,0.19,1.6198,119145.22,140626.84277,11.802978144654062
002508.SZ,20260601,17.31,17.38,16.91,17.32,17.31,0.01,0.0578,56946.32,98096.46728,17.226129323194193
002510.SZ,20260601,6.41,6.52,6.34,6.49,6.45,0.04,0.6202,139132.78,89968.7057,6.466391723072018
002511.SZ,20260601,7.32,7.42,7.26,7.4,7.25,0.15,2.069,140053.46,103166.85934,7.366248526812548
002512.SZ,20260601,4.54,4.65,4.41,4.64,4.5,0.14,3.1111,325684.0,148724.812,4.5665372569730165
002513.SZ,20260601,5.73,6.01,5.54,5.93,5.67,0.26,4.5855,111086.0,65518.409,5.897989755684785
002514.SZ,20260601,4.3,4.57,4.16,4.57,4.35,0.22,5.0575,471981.49,209369.82193,4.435975273733722
002515.SZ,20260601,6.1,6.3,5.98,6.24,6.16,0.08,1.2987,421101.0,260669.692,6.190194086454319
002516.SZ,20260601,6.0,6.17,5.97,6.1,6.05,0.05,0.8264,299148.0,181617.689,6.071165075481034
002517.SZ,20260601,15.81,16.37,15.62,16.08,16.04,0.04,0.2494,564944.22,910761.26245,16.12125994403483
002518.SZ,20260601,54.3,55.38,51.63,51.95,54.29,-2.34,-4.3102,177709.62,944335.73499,53.13925802047183
002519.SZ,20260601,6.55,6.75,6.44,6.66,6.64,0.02,0.3012,359360.16,238876.73795,6.647279374263414
002520.SZ,20260601,5.84,5.97,5.78,5.88,5.87,0.01,0.1704,224940.89,132467.45054,5.88898934915746
002521.SZ,20260601,7.58,7.68,7.53,7.65,7.51,0.14,1.8642,41667.02,31717.31718,7.612091572663465
002522.SZ,20260601,6.11,6.42,6.01,6.33,6.22,0.11,1.7685,402658.15,253293.56501,6.290536153558546
002523.SZ,20260601,3.42,3.53,3.4,3.5,3.44,0.06,1.7442,172767.71,60380.4075,3.494889612185055
002524.SZ,20260601,3.79,4.02,3.76,3.99,3.83,0.16,4.1775,152265.54,60043.50556,3.9433417147438607
002526.SZ,20260601,3.09,3.14,3.09,3.13,3.12,0.01,0.3205,247552.93,77335.74226,3.1240083589396415
002527.SZ,20260601,14.5,15.46,14.2,15.46,14.05,1.41,10.0356,438864.25,660840.39925,15.057968363793588
002528.SZ,20260601,4.16,4.35,4.04,4.35,4.14,0.21,5.0725,123727.97,52953.12886,4.279802607284351
002529.SZ,20260601,7.93,8.25,7.84,8.11,7.9,0.21,2.6582,35834.0,29076.458,8.114209410057487
002530.SZ,20260601,7.65,7.91,7.58,7.84,7.65,0.19,2.4837,131970.09,103217.10099,7.82124957177797
002531.SZ,20260601,11.03,11.25,10.55,10.6,11.03,-0.43,-3.8985,466023.06,504533.37338,10.826360682237484
002532.SZ,20260601,15.09,15.14,14.78,14.96,14.93,0.03,0.2009,727747.98,1088822.22478,14.96152864319871
002533.SZ,20260601,12.33,12.95,12.33,12.74,12.26,0.48,3.9152,181287.36,230547.42085,12.71723637268478
002534.SZ,20260601,20.11,20.96,19.87,20.05,20.16,-0.11,-0.5456,191321.2,388801.84381,20.321942566218482
002535.SZ,20260601,2.61,2.84,2.61,2.78,2.58,0.2,7.7519,857334.79,239122.06796,2.7891329122430686
002536.SZ,20260601,38.99,40.85,37.62,38.68,38.65,0.03,0.0776,392326.84,1545062.05747,39.38201264715919
002537.SZ,20260601,6.31,6.52,6.2,6.43,6.3,0.13,2.0635,208060.28,133565.42624,6.419554286863404
002538.SZ,20260601,6.24,6.34,6.21,6.32,6.22,0.1,1.6077,85180.0,53460.911,6.276228105189011
002539.SZ,20260601,12.27,12.68,12.04,12.55,12.62,-0.07,-0.5547,221179.0,275736.91968,12.466686244173271
002540.SZ,20260601,5.47,5.62,5.43,5.58,5.49,0.09,1.6393,101812.17,56718.00086,5.57084687027101
002541.SZ,20260601,18.74,18.98,18.44,18.65,18.7,-0.05,-0.2674,80944.6,150633.19475,18.60941863323804
002542.SZ,20260601,1.65,1.72,1.61,1.7,1.66,0.04,2.4096,433777.05,72842.24395,1.6792553674750659
002543.SZ,20260601,7.47,7.7,7.45,7.63,7.45,0.18,2.4161,50182.64,38149.76627,7.602183996298322
002544.SZ,20260601,21.56,21.92,21.12,21.15,21.7,-0.55,-2.5346,126664.44,272029.3058,21.476375358387877
002545.SZ,20260601,21.94,22.79,21.79,21.95,21.8,0.15,0.6881,194284.59,432729.34771,22.27296296170479
002546.SZ,20260601,7.53,7.7,7.48,7.61,7.53,0.08,1.0624,146923.8,111967.2338,7.620768983650029
002547.SZ,20260601,3.47,3.6,3.36,3.59,3.53,0.06,1.6997,471853.84,164988.97667,3.4966119311437627
002548.SZ,20260601,4.1,4.24,4.04,4.18,4.1,0.08,1.9512,218941.6,91639.2742,4.185557893063721
002549.SZ,20260601,15.08,15.55,15.01,15.32,15.22,0.1,0.657,142529.04,219533.00832,15.402686239940998
002550.SZ,20260601,6.36,6.39,6.26,6.33,6.33,0.0,0.0,104446.28,66000.3544,6.319071813759187
002551.SZ,20260601,3.07,3.22,3.05,3.2,3.09,0.11,3.5599,152724.3,48409.5993,3.1697378413258406
002552.SZ,20260601,51.93,62.09,51.93,57.93,57.7,0.23,0.3986,452856.02,2629214.8288,58.05851556969475
002553.SZ,20260601,18.1,18.65,18.02,18.4,18.17,0.23,1.2658,60289.49,111148.04099,18.435724201680923
002554.SZ,20260601,3.12,3.25,3.11,3.21,3.11,0.1,3.2154,217655.86,69620.34492,3.198643258215056
002555.SZ,20260601,19.19,20.02,19.05,19.95,19.2,0.75,3.9063,445546.0,878536.2233,19.718193481705594
002556.SZ,20260601,5.16,5.37,5.15,5.34,5.17,0.17,3.2882,155929.0,82861.93193,5.314080891303093
002557.SZ,20260601,21.84,22.7,21.8,22.57,21.95,0.62,2.8246,126118.45,282843.23746,22.426793023542547
002558.SZ,20260601,25.9,26.95,25.89,26.35,25.87,0.48,1.8554,486200.46,1285609.34434,26.441960674821246
002559.SZ,20260601,9.84,9.91,9.58,9.61,9.78,-0.17,-1.7382,249622.0,243073.882,9.73767865011898
002560.SZ,20260601,9.1,9.31,8.9,9.19,9.16,0.03,0.3275,530326.82,485626.55651,9.15711855776029
002561.SZ,20260601,7.28,7.6,7.21,7.53,7.32,0.21,2.8689,68179.23,50803.22428,7.45142241706162
002562.SZ,20260601,5.02,5.2,5.01,5.19,5.04,0.15,2.9762,218308.6,112472.4772,5.15199480002162
002563.SZ,20260601,5.53,5.66,5.42,5.64,5.48,0.16,2.9197,215425.63,119877.17141,5.564666163910022
002564.SZ,20260601,5.16,5.33,4.99,5.28,5.16,0.12,2.3256,169050.08,88233.69016,5.219381745338422
002565.SZ,20260601,14.58,15.05,14.34,14.6,14.59,0.01,0.0685,769605.49,1131015.77369,14.696046070175512
002566.SZ,20260601,6.99,7.34,6.96,7.27,7.05,0.22,3.1206,70482.0,50832.907,7.2121828268210315
002567.SZ,20260601,3.65,3.72,3.62,3.72,3.65,0.07,1.9178,155002.65,57195.0012,3.689936991399825
002568.SZ,20260601,19.73,20.34,19.51,20.19,19.74,0.45,2.2796,378981.57,758585.63322,20.016425421953894
002569.SZ,20260601,16.0,16.25,15.69,16.15,15.86,0.29,1.8285,20000.0,31967.176,15.983588
002570.SZ,20260601,5.03,5.29,4.94,5.14,4.99,0.15,3.006,537314.7,274424.67885,5.10733614490726
002571.SZ,20260601,12.09,12.31,11.92,11.98,12.1,-0.12,-0.9917,100605.0,121536.878,12.080600168977684
002572.SZ,20260601,9.26,9.44,9.18,9.42,9.28,0.14,1.5086,111527.0,104091.52,9.33330224967945
002573.SZ,20260601,3.41,3.52,3.38,3.51,3.4,0.11,3.2353,115869.34,40236.64554,3.4725877906959686
002574.SZ,20260601,5.0,5.15,4.89,5.1,5.01,0.09,1.7964,81344.21,41369.67014,5.085754737798793
002575.SZ,20260601,5.51,5.75,5.41,5.66,5.55,0.11,1.982,265687.46,150709.61466,5.672439890840161
002576.SZ,20260601,16.5,17.2,16.37,17.1,16.7,0.4,2.3952,75061.7,127291.7928,16.958288021720797
002577.SZ,20260601,17.89,18.8,17.88,18.41,17.88,0.53,2.9642,48789.96,90419.32573,18.532363160371517
002578.SZ,20260601,4.11,4.3,4.07,4.22,4.11,0.11,2.6764,553834.24,233474.42004,4.215601044095793
002579.SZ,20260601,17.36,18.87,17.35,18.87,17.15,1.72,10.0292,2080731.89,3818034.50082,18.34947846557973
002580.SZ,20260601,24.31,26.71,24.31,26.71,24.28,2.43,10.0082,553759.92,1445251.13212,26.098875702669126
002581.SZ,20260601,4.31,4.47,4.24,4.43,4.3,0.13,3.0233,68745.0,29993.712,4.363039057385992
002582.SZ,20260601,10.47,10.49,10.04,10.36,10.59,-0.23,-2.1719,221350.42,227353.58728,10.271206500534312
002583.SZ,20260601,8.31,8.54,8.27,8.44,8.38,0.06,0.716,218305.66,184100.50704,8.433153177979902
002584.SZ,20260601,7.45,7.67,7.4,7.6,7.51,0.09,1.1984,183224.7,138963.0237,7.584295332452447
002585.SZ,20260601,10.17,11.05,10.0,10.57,10.23,0.34,3.3236,1436013.66,1513575.55063,10.540119448654828
002586.SZ,20260601,4.44,4.44,4.33,4.34,4.42,-0.08,-1.81,31286.0,13649.942,4.362955315476571
002587.SZ,20260601,6.62,6.94,6.56,6.86,6.74,0.12,1.7804,285387.19,195465.23643,6.849124392373743
002588.SZ,20260601,9.09,9.33,9.06,9.28,9.09,0.19,2.0902,140614.95,129919.16316,9.239356352934022
002589.SZ,20260601,2.87,2.95,2.84,2.94,2.87,0.07,2.439,296752.57,86515.67958,2.915414669534285
002590.SZ,20260601,11.41,11.69,11.28,11.56,11.5,0.06,0.5217,94263.39,108489.16345,11.509151479699595
002591.SZ,20260601,7.8,8.04,7.6,7.92,7.81,0.11,1.4085,141936.0,112281.043,7.910681081614249
002592.SZ,20260601,6.96,7.21,6.79,7.2,6.98,0.22,3.1519,33109.0,23541.859,7.110410764444714
002593.SZ,20260601,4.71,4.9,4.67,4.85,4.72,0.13,2.7542,152731.01,73676.59682,4.82394484394492
002594.SZ,20260601,96.18,96.22,93.6,93.65,96.18,-2.53,-2.6305,445980.76,4207350.42992,94.33928113670194
002595.SZ,20260601,52.03,53.5,51.68,52.6,52.31,0.29,0.5544,47006.68,247591.94293,52.67165069517779
002596.SZ,20260601,3.7,3.82,3.65,3.76,3.71,0.05,1.3477,205651.66,77499.98237,3.768507502929954
002597.SZ,20260601,20.89,21.29,20.86,21.13,20.92,0.21,1.0038,49846.36,105189.91424,21.102827616700598
002598.SZ,20260601,7.31,7.62,7.25,7.6,7.41,0.19,2.5641,46873.0,35115.105,7.491542039127004
002599.SZ,20260601,6.23,6.5,6.22,6.44,6.24,0.2,3.2051,135108.0,86753.727,6.421065147881695
002600.SZ,20260601,14.59,15.43,14.59,14.97,14.55,0.42,2.8866,2622254.64,3965562.08176,15.122719286178858
002601.SZ,20260601,14.28,14.64,14.07,14.55,14.3,0.25,1.7483,227514.96,328103.02754,14.421162790350138
002602.SZ,20260601,14.98,15.59,14.86,15.21,14.58,0.63,4.321,1955733.98,2987514.28296,15.275667925757471
002603.SZ,20260601,16.14,16.15,15.86,15.96,16.22,-0.26,-1.603,148651.8,237305.9336,15.963878917039686
002605.SZ,20260601,18.85,19.65,18.81,19.6,18.81,0.79,4.1999,85874.44,166654.75945,19.406794320871263
002606.SZ,20260601,16.16,17.62,16.0,17.62,16.44,1.18,7.1776,818360.3,1381841.83157,16.88549446460196
002607.SZ,20260601,2.44,2.45,2.4,2.43,2.42,0.01,0.4132,1163955.23,282799.00145,2.429638135222778
002608.SZ,20260601,9.96,10.12,9.49,10.12,9.2,0.92,10.0,1471421.78,1453668.20163,9.87934405612781
002609.SZ,20260601,7.82,8.22,7.75,8.14,7.77,0.37,4.7619,127153.52,102422.85712,8.055054796752776
002611.SZ,20260601,16.78,17.29,16.67,16.83,16.74,0.09,0.5376,340964.57,579039.00421,16.98238043354475
002612.SZ,20260601,13.07,13.7,13.01,13.67,13.2,0.47,3.5606,64258.82,86544.45506,13.468105243762645
002613.SZ,20260601,4.25,4.87,4.18,4.87,4.43,0.44,9.9323,1535098.76,718506.1974,4.680520993971749
002614.SZ,20260601,5.11,5.32,5.07,5.3,5.11,0.19,3.7182,92537.29,48346.77256,5.2245719060932085
002615.SZ,20260601,7.76,8.12,7.71,7.88,7.78,0.1,1.2853,115349.25,91625.3555,7.943298764404624
002616.SZ,20260601,5.76,5.96,5.61,5.96,5.73,0.23,4.014,264916.5,154419.221,5.828977092782065
002617.SZ,20260601,9.59,9.7,9.18,9.21,9.23,-0.02,-0.2167,2215135.76,2091188.84823,9.440454558098958
002620.SZ,20260601,7.34,7.34,7.33,7.34,6.99,0.35,5.0072,45583.0,33457.738,7.339959634074106
002622.SZ,20260601,2.54,2.67,2.5,2.63,2.53,0.1,3.9526,241334.8,63104.0312,2.6147920316506363
002623.SZ,20260601,19.17,19.48,18.84,19.0,19.16,-0.16,-0.8351,44221.9,84772.44968,19.169789104493475
002624.SZ,20260601,13.88,14.3,13.77,13.95,14.01,-0.06,-0.4283,584582.8,820331.23254,14.03276375117434
002625.SZ,20260601,39.99,40.08,38.41,38.41,40.21,-1.8,-4.4765,371254.56,1446949.82042,38.97460061958566
002626.SZ,20260601,15.23,15.39,15.16,15.32,15.19,0.13,0.8558,36652.92,55950.28002,15.264890224298638
002627.SZ,20260601,7.22,7.56,7.1,7.32,7.31,0.01,0.1368,258925.0,190133.76462,7.343198401853819
002628.SZ,20260601,4.95,5.2,4.95,5.09,4.94,0.15,3.0364,216838.46,110492.21768,5.095600553518043
002629.SZ,20260601,5.25,5.73,5.15,5.73,5.21,0.52,9.9808,273783.04,151324.01904,5.527150952812856
002630.SZ,20260601,1.6,1.62,1.55,1.6,1.63,-0.03,-1.8405,481089.83,76129.16936,1.5824314839496814
002631.SZ,20260601,6.9,7.19,6.9,7.01,6.99,0.02,0.2861,140492.0,98924.768,7.041309683113629
002632.SZ,20260601,10.28,10.84,10.27,10.35,10.17,0.18,1.7699,172433.02,182000.42056,10.554847358122013
002633.SZ,20260601,17.48,18.0,17.28,17.82,17.47,0.35,2.0034,22420.0,39786.591,17.746026315789475
002634.SZ,20260601,4.63,4.79,4.56,4.79,4.56,0.23,5.0439,165499.0,78688.565,4.754624801358316
002635.SZ,20260601,16.61,17.58,16.61,17.0,16.64,0.36,2.1635,342404.27,586231.42021,17.121031236263494
002636.SZ,20260601,53.0,53.51,48.17,49.87,53.51,-3.64,-6.8025,573756.84,2883226.40202,50.25171293853334
002637.SZ,20260601,10.92,11.94,10.92,11.94,10.85,1.09,10.0461,153275.68,179494.56442,11.71057041926025
002638.SZ,20260601,4.5,4.78,4.49,4.55,4.54,0.01,0.2203,752889.5,348736.936,4.631980337087978
002639.SZ,20260601,16.88,16.92,16.19,16.25,17.18,-0.93,-5.4133,753822.61,1244067.57533,16.503452653536087
002640.SZ,20260601,3.75,3.89,3.71,3.83,3.8,0.03,0.7895,1308192.0,500472.1823,3.8256783583755287
002641.SZ,20260601,4.11,4.33,4.09,4.27,4.16,0.11,2.6442,282274.98,119217.99145,4.223470016719158
002642.SZ,20260601,8.58,8.83,8.52,8.66,8.74,-0.08,-0.9153,195508.5,170786.2015,8.735487280604168
002643.SZ,20260601,14.73,15.04,14.49,14.57,14.85,-0.28,-1.8855,251561.06,369241.80037,14.678018941802836
002644.SZ,20260601,7.76,7.88,7.64,7.84,7.78,0.06,0.7712,46395.05,36108.10985,7.782750498167369
002645.SZ,20260601,29.41,30.07,28.29,28.59,29.47,-0.88,-2.9861,278020.17,808330.03196,29.074510383904887
002646.SZ,20260601,7.66,7.85,7.53,7.83,7.74,0.09,1.1628,69979.87,53948.71331,7.709175983036265
002647.SZ,20260601,11.78,12.8,11.7,12.8,11.64,1.16,9.9656,529543.13,661139.7012,12.485096373547515
002648.SZ,20260601,23.28,24.33,23.28,23.81,23.27,0.54,2.3206,481232.58,1150097.83294,23.899001870156006
002649.SZ,20260601,9.51,9.92,9.5,9.84,9.5,0.34,3.5789,120551.19,117862.28577,9.776949175698721
002650.SZ,20260601,7.33,7.56,7.2,7.56,7.2,0.36,5.0,51138.0,37828.023,7.397243341546405
002651.SZ,20260601,8.23,8.48,8.21,8.4,8.23,0.17,2.0656,60773.0,50946.734,8.383119806493015
002652.SZ,20260601,5.57,5.74,5.46,5.5,5.61,-0.11,-1.9608,217885.8,121903.9216,5.594853891350423
002653.SZ,20260601,52.0,54.0,49.71,50.13,51.57,-1.44,-2.7923,67411.71,345101.85732,51.19316174000036
002654.SZ,20260601,15.32,15.78,15.08,15.15,15.31,-0.16,-1.0451,505778.94,780310.8188,15.42790252990763
002655.SZ,20260601,39.57,42.0,37.13,37.82,40.52,-2.7,-6.6634,554936.9,2198423.92777,39.615746002293236
002656.SZ,20260601,3.44,3.49,3.41,3.49,3.43,0.06,1.7493,64690.0,22404.209,3.4633187509661463
002657.SZ,20260601,17.6,19.36,17.6,19.36,17.6,1.76,10.0,161032.66,303412.81893,18.84169453140748
002658.SZ,20260601,7.68,7.87,7.55,7.8,7.68,0.12,1.5625,97255.4,75664.3982,7.779968844917608
002659.SZ,20260601,4.4,4.63,4.38,4.58,4.43,0.15,3.386,141681.0,64525.079,4.554250675813976
002660.SZ,20260601,7.65,8.18,7.6,8.0,7.66,0.34,4.4386,100975.0,80722.74498,7.99432978261946
002661.SZ,20260601,7.79,8.21,7.71,8.21,7.84,0.37,4.7194,45516.9,36601.6967,8.041342160823783
002662.SZ,20260601,3.46,3.55,3.43,3.54,3.47,0.07,2.0173,116212.0,40880.845,3.517781726499845
002663.SZ,20260601,1.94,2.01,1.9,1.96,1.95,0.01,0.5128,466244.81,91973.65057,1.9726471715577918
002664.SZ,20260601,19.0,19.14,18.4,18.41,19.2,-0.79,-4.1146,102281.0,191026.20592,18.6766071821746
002666.SZ,20260601,4.48,4.71,4.46,4.67,4.49,0.18,4.0089,118887.0,55084.374,4.633338716596432
002667.SZ,20260601,17.77,19.55,17.69,19.55,18.62,0.93,4.9946,174277.98,328129.05889,18.82791267663304
002668.SZ,20260601,9.31,9.6,9.19,9.55,9.34,0.21,2.2484,141582.69,134352.01524,9.489296695803704
002669.SZ,20260601,14.71,16.49,14.71,15.91,15.72,0.19,1.2087,629988.1,1000794.7062,15.885930324715659
002670.SZ,20260601,11.48,11.59,11.42,11.54,11.54,0.0,0.0,100518.0,115859.3854,11.526232654847888
002671.SZ,20260601,4.32,4.58,4.3,4.51,4.38,0.13,2.968,190805.52,85667.43408,4.489777553605368
002672.SZ,20260601,3.79,3.96,3.76,3.93,3.77,0.16,4.244,117047.88,45425.2934,3.880915519358403
002673.SZ,20260601,6.59,6.72,6.52,6.69,6.59,0.1,1.5175,298852.24,198545.25452,6.643592650334494
002674.SZ,20260601,14.94,15.4,14.75,14.97,15.12,-0.15,-0.9921,60395.0,90992.159,15.06617418660485
002675.SZ,20260601,12.79,12.8,12.46,12.78,12.79,-0.01,-0.0782,88531.0,111858.139,12.634911951745716
002676.SZ,20260601,5.32,5.56,5.29,5.52,5.33,0.19,3.5647,142020.8,78026.6672,5.494030958845465
002677.SZ,20260601,7.05,7.23,6.99,7.2,7.05,0.15,2.1277,46131.0,33017.408,7.1573146040623445
002678.SZ,20260601,5.98,6.17,5.9,6.07,6.01,0.06,0.9983,166842.13,101510.27947,6.084211432088526
002679.SZ,20260601,9.23,9.77,9.18,9.69,9.33,0.36,3.8585,45148.0,43501.729,9.635361256312573
002681.SZ,20260601,5.41,5.59,5.38,5.51,5.43,0.08,1.4733,341653.08,188902.40912,5.529070866857105
002682.SZ,20260601,5.05,5.39,5.03,5.29,5.08,0.21,4.1339,197421.43,103910.63918,5.263392083625369
002683.SZ,20260601,31.98,31.99,31.2,31.71,32.05,-0.34,-1.0608,91969.3,291054.08806,31.646874343938684
002685.SZ,20260601,7.9,7.97,7.75,7.8,7.93,-0.13,-1.6393,389110.6,304168.6248,7.817022327328015
002686.SZ,20260601,6.33,6.54,6.3,6.5,6.33,0.17,2.6856,119920.0,77323.242,6.447902101400934
002687.SZ,20260601,4.29,4.53,4.23,4.53,4.32,0.21,4.8611,123402.7,54641.77001,4.427923376879112
002688.SZ,20260601,5.5,5.57,5.41,5.5,5.42,0.08,1.476,211584.97,116339.48043,5.498475644560196
002689.SZ,20260601,3.16,3.31,3.15,3.3,3.15,0.15,4.7619,146465.46,48055.11773,3.28098636565918
002690.SZ,20260601,15.37,15.64,15.33,15.57,15.4,0.17,1.1039,49740.3,77188.4286,15.518287706346765
002691.SZ,20260601,5.22,5.52,5.12,5.52,5.26,0.26,4.943,115396.2,62583.61506,5.423368798972583
002692.SZ,20260601,4.54,4.76,4.54,4.69,4.56,0.13,2.8509,154380.0,72147.027,4.673340264282938
002693.SZ,20260601,10.41,10.46,9.76,9.82,10.67,-0.85,-7.9663,280757.32,281313.99492,10.019827619098232
002694.SZ,20260601,2.44,2.54,2.41,2.54,2.42,0.12,4.9587,50107.71,12579.01134,2.5103943764342853
002695.SZ,20260601,11.33,11.72,11.3,11.46,11.47,-0.01,-0.0872,61342.0,70598.177,11.508946072837533
002696.SZ,20260601,5.85,6.15,5.81,6.13,5.88,0.25,4.2517,73093.0,44302.726,6.0611448428714105
002697.SZ,20260601,4.89,4.97,4.85,4.97,4.97,0.0,0.0,328593.0,161945.467,4.9284515190524445
002698.SZ,20260601,12.42,12.7,12.42,12.62,12.58,0.04,0.318,73704.99,92748.95098,12.58380890900331
002700.SZ,20260601,6.95,7.67,6.93,7.67,6.97,0.7,10.043,264794.4,198779.816,7.506949391678978
002701.SZ,20260601,5.02,5.1,4.96,5.09,5.03,0.06,1.1928,310898.74,156358.04716,5.029227431413842
002702.SZ,20260601,5.5,5.79,5.41,5.69,5.5,0.19,3.4545,317124.8,180200.936,5.682335030246767
002703.SZ,20260601,18.52,19.58,18.37,18.85,18.84,0.01,0.0531,402847.39,763711.26568,18.957830797414374
002705.SZ,20260601,12.66,12.95,12.55,12.89,12.89,0.0,0.0,100856.33,129253.81577,12.815637429004207
002706.SZ,20260601,14.9,15.1,13.94,14.53,14.65,-0.12,-0.8191,619800.28,905282.41201,14.606034253646996
002707.SZ,20260601,5.77,5.86,5.66,5.83,5.74,0.09,1.5679,165205.93,95804.52731,5.799097363514736
002708.SZ,20260601,13.61,14.12,13.43,13.6,13.7,-0.1,-0.7299,189150.84,260148.72712,13.753506308510183
002709.SZ,20260601,52.08,54.2,51.51,51.73,52.03,-0.3,-0.5766,815409.34,4312182.81559,52.88365737373084
002712.SZ,20260601,5.07,5.49,5.06,5.38,5.1,0.28,5.4902,230569.0,123271.363,5.346397954625296
002713.SZ,20260601,11.51,11.98,11.51,11.73,11.91,-0.18,-1.5113,111978.11,131424.73602,11.73664531576752
002714.SZ,20260601,37.99,38.34,37.25,37.82,38.07,-0.25,-0.6567,387114.06,1468599.37028,37.93712298333985
002715.SZ,20260601,15.49,16.25,15.05,16.06,15.53,0.53,3.4127,50683.0,80846.187,15.951342067359866
002716.SZ,20260601,9.33,9.51,9.26,9.39,9.39,0.0,0.0,819046.46,772300.44202,9.429262926305793
002717.SZ,20260601,0.86,0.94,0.86,0.91,0.91,0.0,0.0,1401365.23,123648.82491,0.8823454604336087
002718.SZ,20260601,86.71,95.0,86.71,92.35,87.18,5.17,5.9303,25575.35,235354.50365,92.02396199856503
002719.SZ,20260601,7.51,7.88,7.4,7.85,7.5,0.35,4.6667,89285.0,68839.514,7.710087248697989
002721.SZ,20260601,2.63,2.76,2.63,2.75,2.64,0.11,4.1667,398797.0,108044.76,2.709267120866005
002722.SZ,20260601,13.51,14.13,13.43,14.04,13.58,0.46,3.3873,42500.74,59115.16674,13.909208813775948
002723.SZ,20260601,9.0,9.09,8.85,8.92,9.03,-0.11,-1.2182,140016.0,125371.283,8.95406832076334
002724.SZ,20260601,5.42,5.69,5.41,5.64,5.41,0.23,4.2514,97810.13,54795.41227,5.6022226194771445
002725.SZ,20260601,15.3,15.57,14.7,14.75,15.52,-0.77,-4.9613,141741.2,213589.1992,15.068956605418888
002726.SZ,20260601,1.67,1.76,1.62,1.76,1.71,0.05,2.924,596726.83,99485.1125,1.6671801484106221
002727.SZ,20260601,11.56,12.0,11.51,11.92,11.57,0.35,3.0251,87118.78,102803.64716,11.80040023058174
002728.SZ,20260601,8.85,8.93,8.71,8.9,8.85,0.05,0.565,84034.27,74356.14777,8.848312452764805
002729.SZ,20260601,19.0,20.33,19.0,19.57,19.0,0.57,3.0,75682.94,149518.96121,19.755966299670707
002730.SZ,20260601,29.95,30.59,29.42,29.59,30.13,-0.54,-1.7922,97226.4,289663.4882,29.792678552327352
002732.SZ,20260601,14.5,15.06,14.37,14.97,14.62,0.35,2.394,19019.0,28193.406,14.823810925916188
002733.SZ,20260601,33.65,33.7,30.08,30.08,33.42,-3.34,-9.994,325352.3,1019574.41509,31.337550559501196
002734.SZ,20260601,16.15,16.56,16.03,16.5,16.2,0.3,1.8519,89771.97,147501.15903,16.430647453765356
002735.SZ,20260601,14.5,14.97,14.41,14.46,14.8,-0.34,-2.2973,198696.9,290862.4291,14.638498592579957
002736.SZ,20260601,10.11,10.18,10.04,10.15,10.12,0.03,0.2964,211099.0,213645.33964,10.120623008162045
002737.SZ,20260601,13.0,13.14,12.88,13.01,13.08,-0.07,-0.5352,60900.99,79169.436,12.999696064054131
002738.SZ,20260601,61.78,62.78,60.7,60.83,61.89,-1.06,-1.7127,200525.59,1236434.14265,61.65966860638585
002739.SZ,20260601,9.18,9.44,9.17,9.39,9.21,0.18,1.9544,434482.95,405460.27023,9.332017982063508
002741.SZ,20260601,28.36,29.2,27.15,27.35,28.86,-1.51,-5.2322,511365.07,1419620.36102,27.76138700713367
002742.SZ,20260601,4.2,4.3,4.17,4.3,4.21,0.09,2.1378,63120.5,26898.7145,4.261486284170752
002743.SZ,20260601,4.75,4.99,4.68,4.94,4.75,0.19,4.0,72279.0,35405.765,4.898485728911578
002745.SZ,20260601,10.29,10.47,10.03,10.05,10.39,-0.34,-3.2724,640749.49,654829.17879,10.219737807204499
002746.SZ,20260601,5.76,6.2,5.73,6.17,5.79,0.38,6.563,232042.0,139985.41538,6.032761973263461
002747.SZ,20260601,27.55,27.88,26.75,26.77,27.72,-0.95,-3.4271,540280.01,1470221.60435,27.212215464903093
002748.SZ,20260601,11.07,11.53,10.92,11.46,11.06,0.4,3.6166,54678.0,62135.1,11.363820915176122
002749.SZ,20260601,9.23,9.59,9.2,9.43,9.3,0.13,1.3978,39263.99,36917.98393,9.402504414350147
002752.SZ,20260601,6.62,6.88,6.62,6.82,6.63,0.19,2.8658,155495.55,105622.48725,6.792637297337448
002753.SZ,20260601,6.42,6.72,6.38,6.67,6.43,0.24,3.7325,66382.0,43794.231,6.597305142960441
002755.SZ,20260601,14.63,14.84,14.27,14.33,14.56,-0.23,-1.5797,105250.99,152175.50915,14.45834468160347
002756.SZ,20260601,62.61,63.05,61.31,61.8,62.46,-0.66,-1.0567,107111.13,666255.09333,62.202228034565586
002757.SZ,20260601,23.45,24.29,23.0,23.78,23.4,0.38,1.6239,146724.25,348630.1975,23.7609118806196
002758.SZ,20260601,8.29,8.71,8.22,8.64,8.29,0.35,4.222,92637.1,79118.5329,8.540696211345132
002759.SZ,20260601,27.73,29.24,27.53,28.34,27.9,0.44,1.5771,357396.87,1026076.88354,28.709733343215902
002760.SZ,20260601,18.98,19.96,18.98,19.73,19.25,0.48,2.4935,65817.0,129464.04666,19.670305036692646
002761.SZ,20260601,7.92,8.03,7.78,8.03,7.98,0.05,0.6266,101646.53,80784.67464,7.947607718630434
002762.SZ,20260601,9.4,9.4,9.14,9.23,9.31,-0.08,-0.8593,26043.0,24067.74856,9.24154228007526
002763.SZ,20260601,7.89,8.32,7.8,8.29,7.94,0.35,4.4081,75713.44,61742.32392,8.154737642352533
002765.SZ,20260601,8.2,8.38,8.13,8.3,8.19,0.11,1.3431,98432.63,81670.23043,8.297068810413782
002766.SZ,20260601,4.57,5.07,4.38,5.07,4.61,0.46,9.9783,581421.53,284462.72171,4.892538494575528
002767.SZ,20260601,17.35,17.95,17.33,17.79,17.42,0.37,2.124,21651.71,38422.8388,17.745868016891045
002768.SZ,20260601,62.99,64.92,62.78,63.49,63.26,0.23,0.3636,54959.73,351645.5659,63.982404189394664
002769.SZ,20260601,7.77,8.14,7.71,8.11,7.74,0.37,4.7804,104941.01,84012.05477,8.00564572134383
002771.SZ,20260601,17.01,17.98,16.81,17.78,17.48,0.3,1.7162,348022.96,611729.23185,17.577266507071833
002772.SZ,20260601,13.42,13.73,13.35,13.66,13.44,0.22,1.6369,109509.26,148721.20008,13.580696288149515
002773.SZ,20260601,21.15,21.35,20.95,21.25,21.0,0.25,1.1905,62537.24,132213.3148,21.141533396740883
002774.SZ,20260601,11.43,12.28,11.4,12.08,11.51,0.57,4.9522,71527.0,86252.522,12.05873614159688
002775.SZ,20260601,4.01,4.1,3.97,3.98,4.05,-0.07,-1.7284,146533.4,59157.5204,4.037135588200369
002777.SZ,20260601,14.16,14.62,14.1,14.52,14.16,0.36,2.5424,63848.82,92229.00328,14.444903332590954
002778.SZ,20260601,19.0,19.87,18.53,19.36,18.99,0.37,1.9484,41413.49,80733.34366,19.494455468495893
002779.SZ,20260601,70.27,72.0,69.09,69.42,70.38,-0.96,-1.364,27481.49,193201.11125,70.3022693638518
002780.SZ,20260601,14.31,14.64,14.07,14.55,14.23,0.32,2.2488,43326.67,62678.82505,14.46656875545709
002782.SZ,20260601,27.8,28.32,26.52,26.99,27.72,-0.73,-2.6335,238714.19,651327.86847,27.284840858015183
002783.SZ,20260601,7.71,8.3,7.64,8.24,7.67,0.57,7.4316,176576.6,141945.35786,8.038741138973114
002785.SZ,20260601,44.46,44.59,43.21,43.58,44.72,-1.14,-2.5492,63471.9,278386.55106,43.85981057129218
002786.SZ,20260601,8.24,8.48,8.12,8.4,8.41,-0.01,-0.1189,173306.75,145113.9845,8.373244810141555
002787.SZ,20260601,24.49,26.11,24.49,24.77,24.85,-0.08,-0.3219,141250.0,357680.089,25.32248417699115
002788.SZ,20260601,11.73,12.16,11.64,12.12,11.85,0.27,2.2785,170263.56,204526.88094,12.012369583955604
002789.SZ,20260601,12.92,13.67,12.92,13.4,13.24,0.16,1.2085,24059.5,32177.7805,13.374251543049523
002790.SZ,20260601,6.37,6.62,6.32,6.56,6.32,0.24,3.7975,65046.02,42334.47306,6.508387916739563
002791.SZ,20260601,15.6,16.07,15.44,16.06,15.71,0.35,2.2279,48114.0,76551.447,15.910430851727149
002792.SZ,20260601,40.7,41.19,39.1,39.19,41.71,-2.52,-6.0417,283853.84,1138591.33971,40.11188785432672
002793.SZ,20260601,4.29,4.39,4.21,4.36,4.29,0.07,1.6317,183432.59,79506.49175,4.334371103302853
002795.SZ,20260601,7.66,8.4,7.64,8.4,7.64,0.76,9.9476,236485.12,195644.25224,8.273004755648051
002796.SZ,20260601,47.96,48.8,45.72,45.75,48.03,-2.28,-4.747,94346.19,442176.92669,46.86749159558006
002797.SZ,20260601,6.99,7.05,6.92,7.04,7.0,0.04,0.5714,808721.84,565610.15755,6.993877617426532
002798.SZ,20260601,6.21,6.73,6.21,6.5,6.19,0.31,5.0081,334953.3,218162.27056,6.513214545430662
002799.SZ,20260601,7.4,7.8,7.33,7.75,7.44,0.31,4.1667,67293.04,51706.6572,7.683804625262881
002800.SZ,20260601,17.26,17.9,16.88,17.48,17.47,0.01,0.0572,30975.84,54416.47812,17.567393852757505
002801.SZ,20260601,31.24,31.66,30.8,31.12,31.35,-0.23,-0.7337,21049.27,65674.4704,31.20035535674159
002802.SZ,20260601,12.68,13.29,12.52,13.16,12.68,0.48,3.7855,39467.6,51720.53425,13.104555192106943
002803.SZ,20260601,21.0,22.42,20.88,22.3,21.8,0.5,2.2936,140134.36,307324.20605,21.93068181493818
002805.SZ,20260601,21.22,22.2,21.2,21.42,21.55,-0.13,-0.6032,141062.34,305983.28324,21.69135172718672
002806.SZ,20260601,19.28,20.34,18.47,18.48,18.49,-0.01,-0.0541,771227.85,1503511.59015,19.49503755796682
002807.SZ,20260601,3.99,4.1,3.95,4.09,3.96,0.13,3.2828,478128.07,192702.18967,4.0303467158914135
002809.SZ,20260601,8.82,9.32,8.55,9.19,8.86,0.33,3.7246,98590.32,90391.28758,9.168373485348257
002810.SZ,20260601,22.83,23.88,22.83,23.64,22.73,0.91,4.0035,106231.13,250410.44121,23.57222795333157
002811.SZ,20260601,11.6,12.34,11.5,12.07,11.54,0.53,4.5927,85569.5,103165.9705,12.056395152478395
002812.SZ,20260601,69.96,72.35,68.68,69.04,70.47,-1.43,-2.0292,240115.28,1691535.35868,70.44680199777373
002813.SZ,20260601,22.26,23.08,22.03,22.86,22.18,0.68,3.0658,17394.0,39505.832,22.7123329883868
002815.SZ,20260601,16.55,17.28,16.46,16.58,16.5,0.08,0.4848,852730.15,1439363.51973,16.87947259434887
002816.SZ,20260601,24.55,24.96,24.25,24.81,24.79,0.02,0.0807,19737.0,48648.117,24.648182094543245
002817.SZ,20260601,6.88,7.18,6.76,7.17,6.92,0.25,3.6127,63541.1,45027.10648,7.086296346773978
002818.SZ,20260601,11.06,11.42,10.9,11.42,11.06,0.36,3.255,56337.6,63376.708,11.24945116582886
002819.SZ,20260601,23.45,24.09,23.35,23.76,23.51,0.25,1.0634,23364.5,55626.0272,23.807925356844784
002820.SZ,20260601,10.05,10.55,9.91,10.46,10.19,0.27,2.6497,64047.08,66347.36104,10.359154709316961
002821.SZ,20260601,117.42,125.29,114.7,115.39,117.42,-2.03,-1.7288,78242.29,931787.34843,119.08998936892058
002822.SZ,20260601,2.95,3.03,2.94,3.0,2.96,0.04,1.3514,88900.81,26505.94383,2.981518821931994
002823.SZ,20260601,18.21,18.46,17.93,18.03,18.2,-0.17,-0.9341,199766.79,362687.3184,18.155536182966145
002824.SZ,20260601,27.18,27.76,25.5,25.57,26.47,-0.9,-3.4001,379224.25,1002541.40263,26.436637494305813
002825.SZ,20260601,10.31,10.53,10.21,10.35,10.28,0.07,0.6809,37988.0,39510.477,10.400778403706434
002826.SZ,20260601,17.95,18.16,17.68,17.78,17.81,-0.03,-0.1684,32931.0,58863.305,17.87473960705718
002827.SZ,20260601,28.35,28.62,28.0,28.45,28.34,0.11,0.3881,22063.0,62647.755,28.394939491456284
002828.SZ,20260601,9.49,9.91,9.43,9.87,9.4,0.47,5.0,104390.0,101869.21102,9.758521986780343
002829.SZ,20260601,24.74,25.6,23.76,23.86,24.85,-0.99,-3.9839,82913.78,203300.67636,24.51952816045777
002830.SZ,20260601,21.22,23.38,21.0,23.38,21.25,2.13,10.0235,28871.0,66081.766,22.8886308059991
002831.SZ,20260601,39.78,39.78,37.51,39.3,38.54,0.76,1.972,126278.85,486185.22275,38.50092258125569
002832.SZ,20260601,19.64,20.47,19.62,20.35,19.6,0.75,3.8265,121098.48,244493.36365,20.189631087855112
002833.SZ,20260601,19.07,19.07,18.56,18.71,19.07,-0.36,-1.8878,82649.0,155053.45864,18.760476066256096
002835.SZ,20260601,13.31,14.13,13.08,13.88,13.25,0.63,4.7547,44395.53,61310.75997,13.810120066141794
002836.SZ,20260601,11.13,11.6,11.13,11.35,11.34,0.01,0.0882,27039.44,31005.40604,11.466733793303412
002837.SZ,20260601,68.51,70.59,65.66,66.06,69.87,-3.81,-5.453,653409.55,4426359.01403,67.74249035738764
002838.SZ,20260601,33.72,34.09,33.16,33.4,33.74,-0.34,-1.0077,60129.0,202102.30714,33.6114532322174
002839.SZ,20260601,4.23,4.37,4.18,4.34,4.24,0.1,2.3585,282887.6,121168.8054,4.283284435231519
002840.SZ,20260601,9.17,9.28,8.75,8.84,9.18,-0.34,-3.7037,314393.61,281860.81232,8.965220772775886
002841.SZ,20260601,36.69,37.63,36.45,37.13,36.54,0.59,1.6147,64430.88,238635.53782,37.037448164606786
002842.SZ,20260601,32.0,33.86,31.88,32.1,32.36,-0.26,-0.8035,282355.38,925100.83357,32.76370485910344
002843.SZ,20260601,22.45,23.1,22.01,22.66,22.44,0.22,0.9804,112081.71,254452.01169,22.702367022237617
002845.SZ,20260601,15.08,16.38,14.99,15.53,15.08,0.45,2.9841,205597.24,323557.479,15.737442730262332
002846.SZ,20260601,12.35,12.71,12.24,12.29,12.33,-0.04,-0.3244,63339.2,78761.699,12.434905871877131
002847.SZ,20260601,59.4,61.87,58.68,61.04,59.03,2.01,3.405,72642.7,440608.27309,60.65417076870766
002849.SZ,20260601,16.29,17.13,16.16,16.88,16.41,0.47,2.8641,87480.0,147095.3134,16.814736328303614
002850.SZ,20260601,173.84,178.99,172.16,174.0,173.88,0.12,0.069,48078.46,844995.65441,175.7534776301071
002851.SZ,20260601,129.85,138.66,125.01,134.5,126.05,8.45,6.7037,447992.92,5968910.09195,133.2367058825394
002852.SZ,20260601,7.96,8.34,7.89,8.29,7.96,0.33,4.1457,70837.33,57997.2658,8.187387328122051
002853.SZ,20260601,24.24,25.18,23.81,24.72,24.23,0.49,2.0223,17046.0,42240.019,24.78001818608471
002855.SZ,20260601,11.69,12.06,11.52,11.8,11.57,0.23,1.9879,70238.0,83313.25,11.861563541103106
002856.SZ,20260601,23.27,23.37,23.0,23.37,22.26,1.11,4.9865,12470.0,29026.1228,23.27676246992783
002857.SZ,20260601,20.3,20.3,19.45,19.88,19.78,0.1,0.5056,54265.0,107955.5265,19.894135538560768
002858.SZ,20260601,13.17,13.7,13.14,13.55,13.22,0.33,2.4962,53361.0,72260.344,13.54178969659489
002859.SZ,20260601,69.9,76.12,69.05,75.05,69.2,5.85,8.4538,321793.66,2352080.14041,73.09280550803892
002860.SZ,20260601,12.99,13.29,12.98,13.03,13.03,0.0,0.0,76876.12,100911.2522,13.126475711833532
002861.SZ,20260601,17.69,18.78,17.47,18.25,17.75,0.5,2.8169,68748.2,125143.6732,18.203192694499638
002862.SZ,20260601,16.79,18.14,16.74,17.56,16.49,1.07,6.4888,137944.1,243503.2327,17.6523122554716
002863.SZ,20260601,4.96,5.24,4.92,5.17,4.96,0.21,4.2339,142549.0,72932.79288,5.1163314284912556
002864.SZ,20260601,28.75,29.33,28.43,29.33,28.78,0.55,1.911,14479.4,42064.636,29.05136676934127
002865.SZ,20260601,77.0,79.88,74.71,75.07,77.05,-1.98,-2.5698,122109.17,940932.47866,77.05665992652312
002866.SZ,20260601,20.06,21.1,20.06,20.58,19.86,0.72,3.6254,147446.09,305376.30641,20.711048113246004
002867.SZ,20260601,12.51,12.63,12.3,12.54,12.6,-0.06,-0.4762,91842.44,114576.00908,12.475279302248502
002868.SZ,20260601,28.75,31.32,28.38,29.41,28.47,0.94,3.3017,48699.12,147467.03944,30.28125342716665
002869.SZ,20260601,17.86,18.39,17.81,18.06,18.07,-0.01,-0.0553,27684.15,50162.11922,18.119436291162994
002870.SZ,20260601,40.5,41.0,40.0,40.21,40.7,-0.49,-1.2039,35433.0,143376.25,40.46404481697852
002871.SZ,20260601,20.3,22.13,20.03,22.13,20.12,2.01,9.9901,53918.19,117166.98561,21.73051165293197
002872.SZ,20260601,5.39,5.5,5.34,5.5,5.4,0.1,1.8519,40557.5,22106.4225,5.450637366701596
002873.SZ,20260601,8.61,8.89,8.4,8.86,8.71,0.15,1.7222,80383.31,70230.65703,8.736970028977408
002875.SZ,20260601,20.41,21.0,20.3,20.45,20.6,-0.15,-0.7282,40277.0,82793.545,20.5560357027584
002876.SZ,20260601,27.15,28.7,27.02,27.64,27.22,0.42,1.543,55697.85,155540.14755,27.925700462405636
002877.SZ,20260601,7.9,8.47,7.9,8.25,7.92,0.33,4.1667,110484.06,91293.09672,8.263010675024072
002878.SZ,20260601,16.14,16.68,16.0,16.59,15.99,0.6,3.7523,205523.9,337729.76378,16.432627240919427
002879.SZ,20260601,15.77,16.29,15.68,16.14,15.85,0.29,1.8297,46203.0,74478.8816,16.119923295024133
002880.SZ,20260601,25.08,25.29,24.63,25.29,25.22,0.07,0.2776,8032.0,20080.656,25.00081673306773
002881.SZ,20260601,45.66,47.36,45.0,46.0,45.44,0.56,1.2324,139716.08,650684.16273,46.57188798383121
002882.SZ,20260601,22.65,23.15,22.65,22.95,22.65,0.3,1.3245,30065.0,69070.633,22.973767836354565
002883.SZ,20260601,9.43,9.84,9.37,9.84,9.37,0.47,5.016,25256.88,24561.29492,9.72459580122327
002884.SZ,20260601,16.51,16.78,16.43,16.75,16.51,0.24,1.4537,21479.0,35727.706,16.633784626844825
002885.SZ,20260601,45.05,46.61,42.9,43.38,44.17,-0.79,-1.7885,237148.53,1056874.23181,44.565919586766995
002886.SZ,20260601,28.56,30.87,28.56,29.53,28.63,0.9,3.1436,325032.6,965319.81785,29.69916918641392
002887.SZ,20260601,13.25,13.85,13.18,13.66,13.28,0.38,2.8614,37336.0,50761.966,13.595984036854512
002888.SZ,20260601,18.29,18.96,17.7,18.74,18.31,0.43,2.3484,56259.94,104751.84774,18.619260479125998
002889.SZ,20260601,11.78,12.07,11.65,12.0,11.78,0.22,1.8676,21508.53,25698.8321,11.948204782009743
002890.SZ,20260601,15.12,15.85,15.0,15.63,15.19,0.44,2.8966,16426.52,25535.50366,15.545291187664823
002891.SZ,20260601,29.5,31.5,29.5,30.99,29.75,1.24,4.1681,119654.05,367020.74649,30.67349132687109
002892.SZ,20260601,10.5,10.78,10.48,10.56,10.61,-0.05,-0.4713,140772.77,149465.10005,10.6174724025108
002893.SZ,20260601,12.35,13.08,11.52,12.73,12.54,0.19,1.5152,379365.28,467094.92958,12.31253765710979
002895.SZ,20260601,34.78,36.1,34.78,35.65,34.1,1.55,4.5455,203281.07,725360.61459,35.682644458237064
002896.SZ,20260601,74.18,76.99,73.6,74.27,75.82,-1.55,-2.0443,114462.32,859731.901,75.11047312338243
002897.SZ,20260601,77.66,84.04,76.96,80.18,76.4,3.78,4.9476,258681.79,2085920.12625,80.636527459084
002899.SZ,20260601,27.21,27.98,26.92,27.2,27.2,0.0,0.0,36084.57,98145.9087,27.198857766629892
002900.SZ,20260601,10.25,10.65,10.17,10.57,10.25,0.32,3.122,37642.0,39424.413,10.473517081982893
002901.SZ,20260601,40.62,41.26,40.24,40.83,40.6,0.23,0.5665,17685.0,72040.0164,40.73509550466497
002902.SZ,20260601,32.73,33.29,31.23,31.62,33.31,-1.69,-5.0736,229003.83,733364.79215,32.024127812622176
002903.SZ,20260601,40.02,41.37,39.1,39.35,40.35,-1.0,-2.4783,60881.09,245378.22847,40.30450645183915
002905.SZ,20260601,8.19,8.62,8.19,8.57,8.26,0.31,3.753,61864.4,52594.8646,8.501636579357433
002906.SZ,20260601,28.84,30.05,28.43,29.25,28.95,0.3,1.0363,91183.65,267303.02244,29.314797383083476
002907.SZ,20260601,12.4,12.55,12.27,12.52,12.4,0.12,0.9677,19348.82,24077.28872,12.443802112997071
002908.SZ,20260601,7.39,7.8,7.35,7.75,7.4,0.35,4.7297,74694.12,57368.25686,7.680424759003789
002909.SZ,20260601,5.78,6.03,5.71,5.97,5.77,0.2,3.4662,106909.92,63471.13216,5.93687958610389
002910.SZ,20260601,9.91,10.35,9.55,10.3,9.93,0.37,3.7261,53527.22,54593.10028,10.19912864520145
002911.SZ,20260601,11.38,11.61,11.29,11.57,11.36,0.21,1.8486,60255.79,69231.5073,11.489602459780212
002912.SZ,20260601,21.43,22.38,21.26,21.84,21.38,0.46,2.1515,31789.26,69840.67512,21.969896474469678
002913.SZ,20260601,53.93,57.53,53.0,55.45,52.3,3.15,6.0229,150208.0,838547.05692,55.825725455368556
002915.SZ,20260601,19.1,19.78,18.95,19.24,18.98,0.26,1.3699,83285.42,162017.83012,19.453324497853288
002916.SZ,20260601,412.0,425.88,379.86,380.0,411.41,-31.41,-7.6347,162448.44,6423194.04704,395.3989368589812
002917.SZ,20260601,13.31,13.95,13.03,13.66,13.55,0.11,0.8118,107157.0,144969.124,13.528665789449128
002918.SZ,20260601,12.5,13.6,12.12,12.93,13.46,-0.53,-3.9376,351243.15,455011.18852,12.954307821234378
002919.SZ,20260601,22.5,22.76,21.8,21.96,22.6,-0.64,-2.8319,63572.6,141673.3904,22.285291210364214
002920.SZ,20260601,101.76,103.65,99.66,100.9,101.76,-0.86,-0.8451,114731.35,1165552.2173,101.58968906929098
002921.SZ,20260601,26.39,26.69,25.85,26.1,26.32,-0.22,-0.8359,51191.6,134756.3106,26.323910680658543
002922.SZ,20260601,42.54,44.06,41.09,41.52,42.54,-1.02,-2.3977,300081.59,1276282.21122,42.53117331256475
002923.SZ,20260601,10.7,11.08,10.66,11.03,10.77,0.26,2.4141,56195.86,61608.38704,10.96315405440899
002925.SZ,20260601,19.07,20.97,18.98,20.97,19.06,1.91,10.021,173951.41,353502.68132,20.32192100771129
002926.SZ,20260601,8.08,8.23,8.0,8.19,8.09,0.1,1.2361,177437.67,144407.9367,8.138516285746988
002927.SZ,20260601,24.24,25.02,23.2,23.44,24.3,-0.86,-3.5391,313584.45,749338.9923,23.895923165195214
002928.SZ,20260601,7.77,7.82,7.47,7.71,7.9,-0.19,-2.4051,409253.53,314023.45,7.673078592626922
002929.SZ,20260601,71.81,74.7,69.5,70.5,73.2,-2.7,-3.6885,233884.71,1672094.86558,71.49226922871529
002930.SZ,20260601,11.66,11.69,11.15,11.32,11.75,-0.43,-3.6596,150540.98,170601.16644,11.332539913052246
002931.SZ,20260601,52.56,53.86,51.79,52.23,52.55,-0.32,-0.6089,111597.18,590355.80923,52.90060279569789
002932.SZ,20260601,15.95,16.09,15.72,16.09,15.88,0.21,1.3224,27720.46,43997.94168,15.872009945000915
002933.SZ,20260601,27.42,30.16,27.36,30.16,27.42,2.74,9.9927,37153.0,108413.949,29.180402390116544
002935.SZ,20260601,18.88,19.51,18.86,18.98,19.03,-0.05,-0.2627,63899.02,122546.43629,19.178140179614648
002936.SZ,20260601,1.78,1.81,1.77,1.8,1.77,0.03,1.6949,802219.62,143633.65716,1.7904530577300017
002937.SZ,20260601,31.37,33.0,30.9,32.65,31.33,1.32,4.2132,83358.03,267899.78382,32.13844950750396
002938.SZ,20260601,111.62,112.92,101.99,103.34,105.01,-1.67,-1.5903,590053.89,6290578.35814,106.61023450146223
002939.SZ,20260601,8.4,8.46,8.27,8.42,8.5,-0.08,-0.9412,250032.06,209163.79515,8.365479016970864
002940.SZ,20260601,35.23,36.99,34.0,34.37,35.0,-0.63,-1.8,153980.51,539607.61408,35.04389055991566
002941.SZ,20260601,12.13,12.45,12.06,12.4,12.14,0.26,2.1417,80275.32,98984.07544,12.330573760403569
002942.SZ,20260601,17.26,17.96,16.9,17.74,17.02,0.72,4.2303,22912.7,40297.48876,17.587402951201735
002943.SZ,20260601,82.37,82.58,74.5,74.5,82.78,-8.28,-10.0024,103800.61,801696.13128,77.23424084694685
002945.SZ,20260601,14.5,14.72,14.38,14.53,14.58,-0.05,-0.3429,84070.99,122468.75035,14.567302032484688
002946.SZ,20260601,18.4,18.75,18.25,18.67,18.73,-0.06,-0.3203,64322.56,119374.43288,18.558719192768447
002947.SZ,20260601,88.5,92.28,86.78,87.85,88.32,-0.47,-0.5322,118299.93,1057729.30328,89.41081396075214
002948.SZ,20260601,5.52,5.69,5.4,5.67,5.59,0.08,1.4311,533046.96,297826.94516,5.587255298482521
002949.SZ,20260601,12.18,13.05,11.7,12.86,12.1,0.76,6.281,54168.0,68852.353,12.710890747304681
002950.SZ,20260601,9.87,10.14,9.81,9.98,9.94,0.04,0.4024,87353.0,87361.867,10.001015076757525
002951.SZ,20260601,17.16,19.4,17.01,19.4,17.64,1.76,9.9773,279012.08,504334.3699,18.075718080020046
002952.SZ,20260601,25.36,26.9,25.15,25.78,27.02,-1.24,-4.5892,92283.0,239886.6555,25.99467458795228
002953.SZ,20260601,10.44,10.75,10.38,10.64,10.44,0.2,1.9157,53526.02,56919.76268,10.634036059471637
002955.SZ,20260601,23.2,25.36,22.79,25.36,23.05,2.31,10.0217,72525.29,180631.64418,24.90602163466013
002956.SZ,20260601,21.56,22.55,21.43,22.32,21.96,0.36,1.6393,52756.61,117179.95267,22.211425766363682
002957.SZ,20260601,62.85,63.58,59.8,60.63,62.04,-1.41,-2.2727,327800.8,2009032.23411,61.288204120002156
002958.SZ,20260601,2.87,2.94,2.85,2.93,2.87,0.06,2.0906,598273.8,173492.57488,2.899885886361729
002959.SZ,20260601,37.26,37.86,37.03,37.81,37.49,0.32,0.8536,5878.0,22061.533,37.53238006124532
002960.SZ,20260601,8.28,8.35,8.21,8.29,8.28,0.01,0.1208,138544.34,114649.33962,8.275281373457767
002961.SZ,20260601,21.95,22.17,21.58,21.7,22.08,-0.38,-1.721,66990.84,146506.77456,21.869672713463512
002962.SZ,20260601,18.34,19.9,18.33,19.0,18.48,0.52,2.8139,230930.04,444654.6344,19.254949871398278
002963.SZ,20260601,16.74,17.2,16.5,16.96,16.74,0.22,1.3142,30525.0,51556.445,16.889908271908272
002965.SZ,20260601,32.42,33.33,32.1,32.2,32.6,-0.4,-1.227,56756.25,185637.8738,32.70791741878648
002966.SZ,20260601,8.13,8.3,8.11,8.3,8.15,0.15,1.8405,401955.68,328969.71756,8.184228608487384
002967.SZ,20260601,20.51,21.22,20.38,20.86,20.92,-0.06,-0.2868,100104.73,208924.55067,20.870597290457702
002968.SZ,20260601,9.91,10.39,9.13,10.3,9.99,0.31,3.1031,50526.0,51527.85064,10.19828417844278
002970.SZ,20260601,63.5,64.8,62.42,62.85,63.3,-0.45,-0.7109,44230.0,280547.344,63.42919828170924
002971.SZ,20260601,34.82,36.14,34.47,34.58,34.75,-0.17,-0.4892,137339.6,483449.8635,35.201053701918454
002972.SZ,20260601,11.63,12.48,11.55,12.2,11.63,0.57,4.9011,60894.2,73791.012,12.117904825090076
002973.SZ,20260601,12.33,12.55,12.25,12.33,12.32,0.01,0.0812,40182.0,49877.726,12.412952565825496
002975.SZ,20260601,148.96,151.94,134.77,135.07,144.3,-9.23,-6.3964,222829.3,3170285.53751,142.27417747621163
002976.SZ,20260601,36.31,36.97,35.07,35.79,36.64,-0.85,-2.3199,46767.0,167993.97422,35.921477584621634
002977.SZ,20260601,28.18,28.32,27.4,27.64,27.88,-0.24,-0.8608,18716.0,52041.73564,27.80601391322932
002978.SZ,20260601,27.66,28.14,27.52,27.94,27.73,0.21,0.7573,29535.0,82309.002,27.86829253428136
002979.SZ,20260601,53.97,54.54,51.6,51.79,54.52,-2.73,-5.0073,133741.0,706557.01245,52.83024745216501
002980.SZ,20260601,108.35,109.2,101.3,101.93,109.22,-7.29,-6.6746,120950.73,1258154.53597,104.02207047200129
002981.SZ,20260601,26.73,27.58,26.55,27.44,26.74,0.7,2.6178,86476.99,235265.93003,27.20561042076048
002982.SZ,20260601,12.91,13.49,12.62,13.44,12.46,0.98,7.8652,78354.11,103209.7506,13.172219121626165
002983.SZ,20260601,23.93,24.83,23.4,23.47,24.67,-1.2,-4.8642,57416.98,137588.99967,23.963120259895238
002984.SZ,20260601,15.2,15.28,15.09,15.25,15.22,0.03,0.1971,94552.74,143328.98075,15.158627951976854
002985.SZ,20260601,30.19,30.58,30.06,30.5,30.21,0.29,0.9599,35363.57,107682.5803,30.45014411723703
002986.SZ,20260601,11.78,12.49,11.71,12.02,11.82,0.2,1.692,74036.55,89834.90339,12.133858667104288
002987.SZ,20260601,11.42,11.95,11.4,11.83,11.45,0.38,3.3188,121915.95,143627.19797,11.780837369515638
002988.SZ,20260601,30.4,30.4,28.5,29.03,30.0,-0.97,-3.2333,41711.61,122774.45488,29.434120351623925
002989.SZ,20260601,28.62,29.2,27.91,27.98,28.88,-0.9,-3.1163,50669.67,144567.85827,28.531438683141218
002990.SZ,20260601,47.0,49.78,46.31,48.47,46.53,1.94,4.1694,120039.0,582670.732,48.540118794725046
002991.SZ,20260601,47.36,49.3,46.6,48.78,47.36,1.42,2.9983,13960.0,67489.265,48.34474570200573
002992.SZ,20260601,42.0,42.79,41.56,42.03,42.0,0.03,0.0714,11877.3,50100.2524,42.18151633788824
002993.SZ,20260601,63.96,65.49,59.88,60.02,64.74,-4.72,-7.2907,96419.59,595946.0061,61.8075648423728
002995.SZ,20260601,22.83,25.11,21.86,25.11,22.83,2.28,9.9869,296848.88,708236.07486,23.858472191641752
002996.SZ,20260601,6.84,7.05,6.78,6.99,6.83,0.16,2.3426,106077.3,73850.4027,6.961942159161292
002997.SZ,20260601,31.51,32.07,30.81,31.04,31.85,-0.81,-2.5432,58859.66,184221.96865,31.29851049938107
002998.SZ,20260601,8.14,8.54,8.1,8.4,8.24,0.16,1.9417,111832.0,93694.311,8.378130678160097
002999.SZ,20260601,6.16,6.44,6.11,6.42,6.22,0.2,3.2154,93436.18,59153.09246,6.330855184790304
003000.SZ,20260601,10.8,11.11,10.72,11.07,10.82,0.25,2.3105,42637.0,46642.663,10.939480498158876
003001.SZ,20260601,18.06,18.58,17.81,17.91,18.29,-0.38,-2.0776,48876.48,88478.76016,18.1025229640105
003002.SZ,20260601,22.19,23.0,21.95,22.55,22.2,0.35,1.5766,22551.0,50557.59,22.41922309431954
003003.SZ,20260601,11.88,12.49,11.65,12.38,11.88,0.5,4.2088,53507.0,65349.084,12.213184069374101
003004.SZ,20260601,59.71,65.68,59.71,65.68,59.71,5.97,9.9983,39745.53,253758.34154,63.845756124022
003005.SZ,20260601,15.28,16.5,15.19,16.1,15.37,0.73,4.7495,46506.0,74329.047,15.98267900916011
003006.SZ,20260601,16.91,17.17,16.91,17.17,17.08,0.09,0.5269,63009.99,107533.64692,17.066126644362267
003007.SZ,20260601,42.15,42.93,41.6,42.28,42.15,0.13,0.3084,25986.74,110134.77476,42.38114313684594
003008.SZ,20260601,19.9,20.8,19.65,20.51,19.85,0.66,3.3249,21249.3,43324.084,20.388475855675246
003009.SZ,20260601,50.45,51.34,49.88,50.83,50.5,0.33,0.6535,20193.57,102678.59044,50.84717087667015
003010.SZ,20260601,25.6,26.63,25.41,26.23,25.82,0.41,1.5879,85770.26,223849.40071,26.098720081995786
003011.SZ,20260601,21.06,21.98,21.06,21.74,21.27,0.47,2.2097,18752.6,40653.4918,21.678856158612675
003012.SZ,20260601,5.1,5.19,5.03,5.16,5.04,0.12,2.381,174278.18,89114.62955,5.113355530221856
003013.SZ,20260601,14.65,15.12,14.44,14.91,14.65,0.26,1.7747,45254.5,67124.1255,14.832585820194675
003015.SZ,20260601,12.48,12.75,12.41,12.55,12.5,0.05,0.4,58429.0,73611.72,12.598490475619982
003016.SZ,20260601,7.35,7.64,7.23,7.56,7.29,0.27,3.7037,53706.0,40430.909,7.528192194540647
003017.SZ,20260601,27.28,28.46,27.23,28.19,27.35,0.84,3.0713,21916.6,61560.7124,28.08862341786591
003018.SZ,20260601,67.51,68.34,60.6,60.65,67.33,-6.68,-9.9213,149371.14,963286.6745,64.48947731804148
003019.SZ,20260601,40.34,42.0,39.96,40.41,40.85,-0.44,-1.0771,79058.06,323462.6962,40.914575465170785
003020.SZ,20260601,16.99,17.23,16.57,16.92,16.5,0.42,2.5455,30607.36,51775.5398,16.916042350598026
003021.SZ,20260601,96.0,97.92,95.0,95.89,96.83,-0.94,-0.9708,43947.19,423560.11404,96.37933939348568
003022.SZ,20260601,25.36,26.98,25.36,25.61,24.79,0.82,3.3078,407120.71,1068410.29023,26.243083782939948
003023.SZ,20260601,25.51,27.1,25.01,26.51,25.5,1.01,3.9608,53315.0,140869.909,26.4221905655069
003025.SZ,20260601,14.49,15.09,14.42,14.65,14.53,0.12,0.8259,82867.64,122655.52007,14.801377240862656
003026.SZ,20260601,42.82,44.33,42.61,43.42,43.5,-0.08,-0.1839,54258.01,236307.29744,43.55251831757191
003027.SZ,20260601,22.17,23.93,22.17,23.51,22.17,1.34,6.0442,66432.0,155878.655,23.46439291305395
003028.SZ,20260601,26.88,27.86,26.68,26.78,27.04,-0.26,-0.9615,19920.9,53952.4654,27.083347338724653
003029.SZ,20260601,18.68,19.34,18.59,19.24,18.66,0.58,3.1083,32477.51,62148.24081,19.135777591939778
003030.SZ,20260601,23.4,25.74,22.98,25.74,23.4,2.34,10.0,61333.0,153789.609,25.07452904635351
003031.SZ,20260601,141.59,144.22,136.0,136.71,141.9,-5.19,-3.6575,119626.35,1666709.86754,139.32631627898033
003032.SZ,20260601,6.88,7.11,6.88,7.1,6.97,0.13,1.8651,49304.0,34663.372,7.030539509978907
003033.SZ,20260601,60.66,64.48,60.5,62.56,61.57,0.99,1.6079,29898.55,187255.98067,62.63045554717536
003035.SZ,20260601,7.53,7.61,7.07,7.48,7.48,0.0,0.0,857523.7,627485.57103,7.31741374646555
003036.SZ,20260601,71.01,73.12,69.0,71.8,71.0,0.8,1.1268,152894.16,1080911.77248,70.69673377191124
003037.SZ,20260601,7.2,7.47,7.2,7.43,7.28,0.15,2.0604,152862.0,112904.232,7.3860234721513525
003038.SZ,20260601,12.4,12.89,12.28,12.74,12.35,0.39,3.1579,40588.8,51443.8828,12.674403480763166
003039.SZ,20260601,12.98,13.18,12.83,13.16,12.91,0.25,1.9365,39078.0,51042.012,13.061572240135115
003040.SZ,20260601,12.96,13.48,12.93,13.22,12.94,0.28,2.1638,65681.84,87104.13748,13.26152517651759
003041.SZ,20260601,53.09,57.38,53.09,57.38,52.16,5.22,10.0077,41250.0,231405.8582,56.098389866666665
003042.SZ,20260601,14.43,15.56,14.3,15.21,14.57,0.64,4.3926,61868.9,93484.7856,15.110141864490883
003043.SZ,20260601,60.03,62.87,60.03,61.7,60.4,1.3,2.1523,41122.84,254411.0112,61.866109247318526
003816.SZ,20260601,4.6,4.7,4.52,4.69,4.58,0.11,2.4017,1624219.69,753095.89683,4.636662770847212
300001.SZ,20260601,39.5,39.66,37.66,37.83,39.1,-1.27,-3.2481,254431.94,975676.71905,38.34725777942816
300002.SZ,20260601,7.85,8.22,7.84,8.1,7.9,0.2,2.5316,399193.13,322958.35649,8.090278419621098
300003.SZ,20260601,12.56,12.71,12.47,12.67,12.61,0.06,0.4758,196925.32,248609.44013,12.624554330037396
300004.SZ,20260601,13.7,14.22,13.46,13.55,13.78,-0.23,-1.6691,191870.1,265171.8337,13.8203833583242
300005.SZ,20260601,15.36,15.36,14.85,14.95,15.11,-0.16,-1.0589,263996.26,397806.36436,15.068636364772743
300006.SZ,20260601,5.35,5.42,5.22,5.26,5.35,-0.09,-1.6822,207423.44,110046.56016,5.305406185530429
300007.SZ,20260601,41.76,42.88,41.54,41.59,42.03,-0.44,-1.0469,127293.14,535930.82477,42.1020979425914
300008.SZ,20260601,6.52,6.71,6.52,6.62,6.58,0.04,0.6079,369220.19,244807.18578,6.630384589206781
300009.SZ,20260601,8.33,8.38,8.23,8.35,8.32,0.03,0.3606,143133.49,119017.09111,8.315111376799377
300010.SZ,20260601,2.8,3.0,2.76,2.97,2.81,0.16,5.694,653799.38,189721.80207,2.901835148115313
300011.SZ,20260601,6.48,6.68,6.45,6.58,6.48,0.1,1.5432,66715.0,43943.71098,6.58678123060781
300012.SZ,20260601,14.34,14.62,14.22,14.42,14.37,0.05,0.3479,320094.11,461944.09039,14.431508608202758
300013.SZ,20260601,4.75,4.84,4.64,4.72,4.79,-0.07,-1.4614,304820.63,145062.8471,4.758957656507698
300014.SZ,20260601,64.5,66.91,64.46,64.99,63.68,1.31,2.0572,697228.32,4589382.03466,65.82323039689496
300015.SZ,20260601,9.12,9.22,8.97,9.2,9.12,0.08,0.8772,735220.21,671284.18493,9.130382649981835
300016.SZ,20260601,8.21,8.34,8.12,8.3,8.2,0.1,1.2195,116337.57,96269.50801,8.275014512508728
300017.SZ,20260601,15.15,15.58,14.83,15.1,14.86,0.24,1.6151,1404789.43,2132819.26862,15.182483745054947
300018.SZ,20260601,13.39,13.67,12.93,12.99,13.4,-0.41,-3.0597,162252.62,214186.1696,13.200783420323196
300019.SZ,20260601,17.64,17.99,17.38,17.69,17.72,-0.03,-0.1693,53876.01,95537.29564,17.73280828331571
300020.SZ,20260601,3.35,3.65,3.34,3.57,3.31,0.26,7.855,266101.1,93887.01808,3.5282461470471187
300021.SZ,20260601,3.98,4.1,3.95,4.08,4.01,0.07,1.7456,124410.0,50379.113,4.049442408166546
300022.SZ,20260601,8.46,8.51,8.35,8.46,8.45,0.01,0.1183,96506.01,81304.28042,8.424789339026656
300024.SZ,20260601,14.65,15.08,14.6,14.92,14.79,0.13,0.879,302643.4,451200.36869,14.908647229379525
300025.SZ,20260601,4.98,5.17,4.93,5.1,5.0,0.1,2.0,128608.2,65561.287,5.097753253680558
300026.SZ,20260601,3.25,3.29,3.22,3.29,3.26,0.03,0.9202,226189.4,73829.2282,3.2640445661909885
300027.SZ,20260601,1.81,1.93,1.81,1.9,1.83,0.07,3.8251,626415.07,117117.70286,1.8696501484231538
300030.SZ,20260601,6.95,7.17,6.82,7.09,6.97,0.12,1.7217,79692.85,56425.49678,7.0803712980524605
300031.SZ,20260601,23.33,24.96,23.31,24.51,23.31,1.2,5.148,248607.1,605606.78061,24.359995374629285
300032.SZ,20260601,4.29,4.54,4.29,4.46,4.32,0.14,3.2407,250458.05,111631.05625,4.457075995361299
300033.SZ,20260601,226.6,234.68,222.6,228.87,227.76,1.11,0.4874,182280.0,4180749.47647,229.35865023425498
300034.SZ,20260601,18.49,18.87,18.36,18.38,18.49,-0.11,-0.5949,143115.82,266198.89932,18.600242748844956
300035.SZ,20260601,16.58,17.14,16.49,16.89,16.46,0.43,2.6124,198107.36,335898.40318,16.955372237558464
300036.SZ,20260601,13.1,13.51,13.07,13.25,13.09,0.16,1.2223,109848.35,146564.86072,13.342472665269892
300037.SZ,20260601,73.88,75.2,70.44,70.96,73.64,-2.68,-3.6393,296515.6,2150015.43502,72.50935313420273
300039.SZ,20260601,5.34,5.4,5.27,5.4,5.32,0.08,1.5038,48369.0,25907.507,5.356221340114536
300040.SZ,20260601,7.79,7.98,7.42,7.97,7.6,0.37,4.8684,1073726.92,836408.52351,7.7897695208200615
300041.SZ,20260601,14.35,14.68,13.95,14.01,14.56,-0.55,-3.7775,515907.2,736896.25882,14.2835040646845
300042.SZ,20260601,59.73,60.0,56.92,57.17,58.69,-1.52,-2.5899,170862.68,994508.75694,58.20514795507129
300043.SZ,20260601,4.78,4.95,4.75,4.91,4.71,0.2,4.2463,403832.09,197218.99206,4.883687971899409
300044.SZ,20260601,5.64,6.1,5.6,6.0,5.76,0.24,4.1667,243430.14,144258.31102,5.926066140371935
300045.SZ,20260601,18.72,19.02,18.62,18.69,18.7,-0.01,-0.0535,147658.27,278189.37684,18.840081008669543
300046.SZ,20260601,32.6,33.17,31.18,31.19,33.31,-2.12,-6.3645,112806.52,358830.50119,31.80937601745005
300047.SZ,20260601,11.94,12.43,11.9,12.24,12.06,0.18,1.4925,187389.75,230226.1588,12.285952609467701
300048.SZ,20260601,5.81,5.98,5.8,5.92,5.84,0.08,1.3699,147601.12,87114.24945,5.902004635872682
300049.SZ,20260601,45.27,46.1,44.4,45.31,44.66,0.65,1.4554,72591.28,329374.79259,45.373878596713
300050.SZ,20260601,7.13,7.39,6.96,7.21,7.17,0.04,0.5579,304898.0,218909.709,7.179768611142086
300051.SZ,20260601,11.24,11.94,11.19,11.41,11.22,0.19,1.6934,184355.02,212450.59976,11.523993203982188
300052.SZ,20260601,11.85,12.38,11.82,12.1,11.93,0.17,1.425,173622.65,210603.14475,12.129934933604574
300053.SZ,20260601,16.69,16.69,15.51,15.6,16.68,-1.08,-6.4748,359869.25,575644.92432,15.995946425542053
300054.SZ,20260601,68.01,69.04,65.0,65.82,67.14,-1.32,-1.966,369637.21,2485457.12072,67.24044694309862
300055.SZ,20260601,8.27,9.14,8.25,8.77,8.3,0.47,5.6627,303409.36,269910.44237,8.895916802632588
300056.SZ,20260601,9.68,10.49,9.67,9.9,9.74,0.16,1.6427,239350.45,240643.91304,10.054040551835186
300057.SZ,20260601,8.28,9.37,8.18,8.84,8.23,0.61,7.4119,1104534.71,988261.46534,8.9473101786
300058.SZ,20260601,16.83,18.3,16.65,17.96,16.7,1.26,7.5449,6019376.7,10585034.8645,17.58493510549024
300059.SZ,20260601,19.05,19.27,18.85,18.97,19.16,-0.19,-0.9916,2445989.76,4660389.5263,19.05318494178815
300061.SZ,20260601,9.19,9.84,9.15,9.63,9.29,0.34,3.6598,351595.03,335871.19974,9.552785764349398
300062.SZ,20260601,7.0,7.23,6.99,7.18,7.02,0.16,2.2792,142958.88,102032.77937,7.137211719202053
300063.SZ,20260601,10.51,11.41,10.49,11.1,10.54,0.56,5.3131,831134.45,915753.50835,11.01811515994795
300065.SZ,20260601,20.57,20.98,20.25,20.27,20.77,-0.5,-2.4073,307448.02,633178.23746,20.594643525757622
300066.SZ,20260601,5.3,5.42,5.25,5.38,5.31,0.07,1.3183,109932.01,59028.41236,5.369538168182316
300067.SZ,20260601,5.77,5.92,5.66,5.78,5.77,0.01,0.1733,445622.6,259157.87149,5.815635730548675
300068.SZ,20260601,4.37,4.79,4.33,4.73,4.43,0.3,6.772,799251.28,367149.27255,4.593665118058991
300069.SZ,20260601,47.45,52.74,46.93,48.25,49.56,-1.31,-2.6433,202351.49,1008229.6496,49.82565977646125
300070.SZ,20260601,3.53,3.6,3.52,3.59,3.52,0.07,1.9886,388442.43,138622.46358,3.568674605912645
300071.SZ,20260601,4.16,4.77,4.16,4.56,4.19,0.37,8.8305,853190.25,385111.79705,4.513785724227392
300072.SZ,20260601,3.8,4.02,3.78,3.94,3.81,0.13,3.4121,431892.92,170141.5793,3.9394389539888737
300073.SZ,20260601,55.78,57.19,55.4,55.48,55.55,-0.07,-0.126,146270.43,823792.87659,56.31985060753565
300074.SZ,20260601,4.07,4.29,4.04,4.23,4.09,0.14,3.423,241661.01,101680.57521,4.207570563824094
300075.SZ,20260601,12.68,13.12,12.68,12.96,12.68,0.28,2.2082,92368.6,119616.33908,12.949891963286223
300076.SZ,20260601,4.72,4.88,4.65,4.87,4.77,0.1,2.0964,71160.05,34216.57317,4.808396448569106
300077.SZ,20260601,23.6,24.29,22.63,22.65,22.97,-0.32,-1.3931,399842.38,935073.77611,23.386059679566735
300078.SZ,20260601,3.3,3.46,3.22,3.4,3.31,0.09,2.719,248955.07,84612.69577,3.3987135015968946
300079.SZ,20260601,5.09,5.27,5.09,5.21,5.09,0.12,2.3576,298310.0,155215.592,5.203164225134927
300080.SZ,20260601,3.96,4.15,3.96,4.13,3.99,0.14,3.5088,232073.64,95051.537,4.095748961407249
300081.SZ,20260601,4.0,4.29,3.96,4.25,3.98,0.27,6.7839,179119.02,74914.31046,4.182376079324239
300082.SZ,20260601,9.69,10.04,9.6,9.78,9.69,0.09,0.9288,106584.76,105174.258,9.867663819855672
300083.SZ,20260601,10.06,10.24,9.92,9.98,10.01,-0.03,-0.2997,651898.53,657468.9473,10.085449146510577
300084.SZ,20260601,12.04,12.09,11.5,11.76,12.02,-0.26,-2.1631,138281.0,163785.171,11.84437276270782
300085.SZ,20260601,38.44,42.93,38.44,41.6,38.68,2.92,7.5491,691229.24,2832841.94777,40.982669479809616
300086.SZ,20260601,6.51,6.86,6.49,6.76,6.57,0.19,2.8919,129494.04,87170.45846,6.7316193440254075
300087.SZ,20260601,7.42,7.77,7.38,7.74,7.44,0.3,4.0323,172075.53,131106.31892,7.619114636462255
300088.SZ,20260601,7.02,7.58,7.02,7.16,7.1,0.06,0.8451,2061714.09,1511621.14582,7.331866009704575
300091.SZ,20260601,2.92,2.97,2.9,2.97,2.93,0.04,1.3652,111380.69,32816.48544,2.946335261525135
300092.SZ,20260601,13.74,14.19,13.61,14.09,13.91,0.18,1.294,32015.0,44939.111,14.036892394190223
300093.SZ,20260601,22.0,23.82,21.6,23.6,21.8,1.8,8.2569,43896.1,98976.104,22.547812675841364
300094.SZ,20260601,2.93,3.06,2.86,3.05,2.93,0.12,4.0956,392253.1,118044.06373,3.0093851069628257
300095.SZ,20260601,9.1,9.27,9.02,9.08,9.14,-0.06,-0.6565,96680.0,88292.129,9.132408874637981
300096.SZ,20260601,8.68,9.2,8.55,9.0,8.66,0.34,3.9261,38243.77,34213.78264,8.946236900807635
300097.SZ,20260601,9.19,9.45,9.08,9.17,9.29,-0.12,-1.2917,59705.0,55416.268,9.281679591324009
300098.SZ,20260601,5.3,5.48,5.29,5.39,5.31,0.08,1.5066,387225.32,209558.75247,5.411803971651441
300099.SZ,20260601,7.7,7.83,7.56,7.73,7.77,-0.04,-0.5148,127148.27,98024.29382,7.709447703850002
300100.SZ,20260601,30.5,31.27,30.0,30.16,30.51,-0.35,-1.1472,118346.0,361840.13322,30.57476663512075
300101.SZ,20260601,17.16,17.4,17.07,17.11,17.23,-0.12,-0.6965,98874.0,170440.10612,17.238111750308473
300102.SZ,20260601,24.02,24.85,23.52,24.23,24.18,0.05,0.2068,295095.37,721329.35401,24.44394007300081
300103.SZ,20260601,7.9,9.58,7.8,9.58,7.98,1.6,20.0501,149879.65,136127.1827,9.082432651797626
300105.SZ,20260601,6.15,6.38,6.11,6.33,6.15,0.18,2.9268,61900.0,38972.394,6.296024878836834
300106.SZ,20260601,13.91,14.43,13.74,13.81,14.62,-0.81,-5.5404,191316.0,268916.66,14.056151079888771
300107.SZ,20260601,6.44,6.7,6.39,6.58,6.44,0.14,2.1739,84080.0,55443.83,6.594175784966698
300109.SZ,20260601,17.61,17.83,17.41,17.48,17.62,-0.14,-0.7946,58281.19,102564.83094,17.59827329194891
300110.SZ,20260601,2.8,2.87,2.76,2.87,2.8,0.07,2.5,198614.2,56220.965,2.8306619063490923
300111.SZ,20260601,3.31,3.48,3.31,3.4,3.33,0.07,2.1021,318446.0,108821.724,3.4172740119203886
300112.SZ,20260601,7.03,7.36,6.98,7.25,6.98,0.27,3.8682,105889.0,76510.51146,7.2255391457091855
300113.SZ,20260601,21.79,22.56,21.76,21.95,21.83,0.12,0.5497,251571.42,557356.03219,22.154982159340676
300115.SZ,20260601,33.8,34.63,32.8,32.82,33.37,-0.55,-1.6482,491241.04,1649170.17237,33.57150641098716
300118.SZ,20260601,13.99,14.33,13.79,13.82,14.0,-0.18,-1.2857,442428.16,622548.98656,14.071188112438413
300119.SZ,20260601,16.14,16.54,16.04,16.49,16.14,0.35,2.1685,29611.0,48284.382,16.306231468035527
300120.SZ,20260601,8.3,8.96,8.03,8.54,8.3,0.24,2.8916,876372.22,741319.54314,8.458957577865716
300121.SZ,20260601,10.94,11.5,10.92,11.35,11.03,0.32,2.9012,120292.38,134998.18286,11.222504938384292
300122.SZ,20260601,13.57,13.84,13.4,13.7,13.59,0.11,0.8094,143488.76,196364.45147,13.685005812998872
300123.SZ,20260601,4.13,4.83,4.07,4.76,4.16,0.6,14.4231,699964.77,309324.15608,4.419138924377579
300124.SZ,20260601,74.0,76.44,73.0,74.5,73.96,0.54,0.7301,447636.55,3353312.78328,74.91150540053086
300125.SZ,20260601,10.55,10.69,10.43,10.6,10.56,0.04,0.3788,39932.59,42194.80364,10.566508117805533
300126.SZ,20260601,6.84,7.2,6.69,7.05,6.84,0.21,3.0702,79842.0,56276.102,7.0484334059768035
300127.SZ,20260601,28.6,29.11,28.18,28.23,28.45,-0.22,-0.7733,46660.0,133334.205,28.575697599657094
300128.SZ,20260601,8.0,8.54,7.91,8.09,7.79,0.3,3.8511,1194278.38,976887.20604,8.179727795457538
300129.SZ,20260601,9.82,10.68,9.82,10.6,9.9,0.7,7.0707,362096.41,371814.04375,10.268371446985626
300130.SZ,20260601,23.16,25.0,23.0,24.06,22.9,1.16,5.0655,223839.01,542137.07868,24.219955166885345
300131.SZ,20260601,17.5,17.55,16.65,16.79,17.38,-0.59,-3.3947,676872.52,1156346.84748,17.08367252787866
300132.SZ,20260601,7.65,7.81,7.48,7.67,7.72,-0.05,-0.6477,107581.43,82128.74481,7.634100495782591
300133.SZ,20260601,8.35,8.63,8.31,8.36,8.44,-0.08,-0.9479,819747.58,693601.81875,8.4611633589696
300134.SZ,20260601,9.74,10.25,9.74,10.05,9.97,0.08,0.8024,119391.53,120089.48998,10.058459756734837
300135.SZ,20260601,3.5,3.63,3.49,3.61,3.52,0.09,2.5568,177786.0,63964.254,3.5978228881914207
300136.SZ,20260601,96.89,98.35,91.18,91.53,98.65,-7.12,-7.2174,979531.73,9185092.23919,93.77023691912461
300137.SZ,20260601,18.51,19.04,17.92,18.61,18.67,-0.06,-0.3214,227513.6,421999.9888,18.548341233227376
300138.SZ,20260601,10.45,10.63,10.33,10.62,10.52,0.1,0.9506,69439.24,73015.05108,10.514955388336624
300139.SZ,20260601,43.89,44.97,43.5,43.61,44.21,-0.6,-1.3572,159033.09,703832.23244,44.256967681380026
300140.SZ,20260601,6.0,6.24,5.97,6.18,6.01,0.17,2.8286,170593.0,104744.762,6.140038688574561
300141.SZ,20260601,11.52,11.8,11.37,11.52,11.34,0.18,1.5873,52467.0,60947.458,11.616341319305468
300142.SZ,20260601,12.81,13.01,12.5,12.56,12.87,-0.31,-2.4087,615543.49,781859.81964,12.701942792701779
300143.SZ,20260601,10.16,10.37,10.13,10.29,10.16,0.13,1.2795,40972.33,42153.90955,10.288384758689581
300144.SZ,20260601,6.7,6.82,6.64,6.81,6.74,0.07,1.0386,193221.78,130682.16694,6.763324866378935
300145.SZ,20260601,4.36,4.7,4.32,4.54,4.38,0.16,3.653,888500.82,403324.59076,4.5393834387232195
300146.SZ,20260601,9.72,10.09,9.7,10.08,9.77,0.31,3.173,181676.18,179828.50245,9.89829830470896
300147.SZ,20260601,9.8,9.89,9.71,9.8,9.92,-0.12,-1.2097,65000.26,63696.31316,9.799393596271768
300148.SZ,20260601,3.57,3.74,3.55,3.7,3.57,0.13,3.6415,270960.78,99903.95665,3.6870264637561196
300149.SZ,20260601,8.62,8.77,8.53,8.63,8.72,-0.09,-1.0321,122833.23,105974.30993,8.627495176183189
300150.SZ,20260601,4.29,4.53,4.28,4.46,4.33,0.13,3.0023,109756.0,48888.386,4.454279128248114
300151.SZ,20260601,23.6,24.18,22.96,23.01,23.6,-0.59,-2.5,220495.98,517263.96733,23.459111015538696
300152.SZ,20260601,1.66,1.93,1.66,1.91,1.66,0.25,15.0602,499758.59,90477.87707,1.8104316540111898
300153.SZ,20260601,26.95,27.58,26.35,26.4,26.96,-0.56,-2.0772,96962.14,260578.71572,26.87427440442218
300154.SZ,20260601,9.28,9.71,9.16,9.47,9.37,0.1,1.0672,153764.26,145711.64544,9.476301283536237
300155.SZ,20260601,4.64,5.0,4.57,4.98,4.73,0.25,5.2854,160295.4,78139.0522,4.874690864491433
300157.SZ,20260601,4.57,4.76,4.54,4.68,4.58,0.1,2.1834,252197.2,118438.7838,4.696276715205403
300158.SZ,20260601,5.0,5.17,4.94,5.12,5.03,0.09,1.7893,103831.14,52855.249,5.090500691796315
300159.SZ,20260601,3.86,3.94,3.81,3.92,3.88,0.04,1.0309,239203.96,93114.00381,3.8926614680626526
300160.SZ,20260601,4.95,5.06,4.93,5.02,5.02,0.0,0.0,74523.02,37297.73302,5.004860648427828
300161.SZ,20260601,32.57,33.33,32.03,32.08,32.56,-0.48,-1.4742,43359.5,141375.43288,32.60541124321083
300162.SZ,20260601,9.36,10.12,9.32,9.65,9.54,0.11,1.153,534605.35,522429.93115,9.772254077704236
300163.SZ,20260601,6.42,6.6,6.13,6.2,6.46,-0.26,-4.0248,426661.0,270031.231,6.328941032810592
300164.SZ,20260601,10.03,10.2,9.9,10.1,9.92,0.18,1.8145,454050.18,459276.51486,10.11510478555476
300165.SZ,20260601,6.19,6.26,5.9,6.13,6.2,-0.07,-1.129,223162.88,136478.9926,6.115667291979742
300166.SZ,20260601,16.42,17.15,16.41,16.55,16.41,0.14,0.8531,796298.97,1330699.07716,16.711048579655955
300167.SZ,20260601,5.07,5.37,5.07,5.34,5.22,0.12,2.2989,69479.0,36452.976,5.246617826969301
300168.SZ,20260601,5.25,5.49,5.21,5.43,5.27,0.16,3.0361,230267.16,124501.16804,5.4068138956505996
300169.SZ,20260601,5.45,5.82,5.4,5.76,5.47,0.29,5.3016,111901.0,63685.848,5.691267102170668
300170.SZ,20260601,19.49,20.87,19.48,20.2,19.0,1.2,6.3158,1162670.84,2342894.86247,20.15097293116941
300171.SZ,20260601,11.8,11.85,11.65,11.84,11.7,0.14,1.1966,83330.8,97923.484,11.751175315729599
300172.SZ,20260601,4.8,4.93,4.78,4.93,4.79,0.14,2.9228,138480.95,67721.13785,4.890285476088949
300173.SZ,20260601,3.66,4.02,3.64,3.95,3.67,0.28,7.6294,205611.88,79939.4004,3.887878482507917
300174.SZ,20260601,27.09,29.5,27.09,27.39,27.05,0.34,1.2569,684200.85,1916478.22035,28.01046243000137
300175.SZ,20260601,6.28,6.41,6.22,6.41,6.3,0.11,1.746,42947.14,27247.26646,6.344372747521721
300176.SZ,20260601,6.12,6.29,5.81,6.19,6.18,0.01,0.1618,233093.4,142380.983,6.1083232300871675
300177.SZ,20260601,7.35,7.51,7.3,7.43,7.35,0.08,1.0884,80759.57,59970.71805,7.425834244783621
300179.SZ,20260601,45.91,48.67,44.16,44.85,45.25,-0.4,-0.884,746158.74,3422095.38856,45.86283327003581
300180.SZ,20260601,4.85,5.16,4.83,5.11,4.91,0.2,4.0733,517464.75,262125.22241,5.065566734932187
300181.SZ,20260601,13.99,14.32,13.9,14.19,13.83,0.36,2.603,97124.0,137351.043,14.141823133314116
300182.SZ,20260601,5.79,6.25,5.75,6.13,5.71,0.42,7.3555,3450181.51,2098506.89326,6.082308676160055
300183.SZ,20260601,12.21,12.49,12.08,12.32,12.28,0.04,0.3257,77793.99,95750.50068,12.308213099752304
300184.SZ,20260601,16.2,16.88,15.79,15.86,16.49,-0.63,-3.8205,1535665.87,2499000.90944,16.273077094824018
300185.SZ,20260601,2.78,2.87,2.77,2.84,2.78,0.06,2.1583,801974.74,227427.29829,2.835841167391382
300187.SZ,20260601,5.8,6.02,5.73,6.0,5.79,0.21,3.6269,269362.0,160277.87,5.950277693215821
300188.SZ,20260601,11.28,11.58,10.88,11.36,11.33,0.03,0.2648,160461.48,180880.98989,11.27254901861805
300189.SZ,20260601,5.13,5.27,5.06,5.24,5.13,0.11,2.1442,547565.49,285191.24231,5.208349458071217
300190.SZ,20260601,4.1,4.26,4.05,4.21,4.11,0.1,2.4331,210798.33,88061.37283,4.1775175747360045
300191.SZ,20260601,32.5,33.58,32.34,32.9,32.32,0.58,1.7946,78708.78,259934.02808,33.02478174353611
300192.SZ,20260601,16.84,17.2,16.6,16.93,16.82,0.11,0.654,63375.0,107554.569,16.971135147928994
300193.SZ,20260601,7.62,7.93,7.6,7.87,7.66,0.21,2.7415,72729.0,56857.077,7.817662418017571
300194.SZ,20260601,3.8,3.9,3.77,3.9,3.82,0.08,2.0942,113358.65,43599.9777,3.8461976831940046
300195.SZ,20260601,5.84,6.18,5.8,6.1,5.88,0.22,3.7415,123028.34,74707.25742,6.072361654233488
300196.SZ,20260601,24.6,27.68,24.13,26.42,24.51,1.91,7.7927,645551.26,1683797.41104,26.08309386678294
300197.SZ,20260601,1.93,1.93,1.9,1.93,1.61,0.32,19.8758,1567436.76,302498.31768,1.9298916894101679
300198.SZ,20260601,2.3,2.36,2.26,2.34,2.28,0.06,2.6316,105798.1,24452.6986,2.3112606559096998
300199.SZ,20260601,23.22,23.44,22.14,22.19,23.11,-0.92,-3.981,392188.15,888412.61312,22.65271434437782
300200.SZ,20260601,9.22,9.45,9.22,9.36,9.27,0.09,0.9709,67546.0,63268.211,9.366685073875582
300201.SZ,20260601,19.41,19.44,18.5,19.39,19.2,0.19,0.9896,716721.21,1360654.23212,18.98442815889319
300203.SZ,20260601,12.48,12.55,12.18,12.34,12.45,-0.11,-0.8835,116290.81,144135.84454,12.394431214298017
300204.SZ,20260601,25.78,26.0,24.43,24.75,25.78,-1.03,-3.9953,383328.56,957410.70554,24.97624245738434
300205.SZ,20260601,5.67,6.02,5.67,5.99,5.66,0.33,5.8304,56707.02,33598.77592,5.924976470285337
300206.SZ,20260601,13.51,13.77,13.22,13.56,13.5,0.06,0.4444,75577.25,102018.7145,13.498601034041329
300207.SZ,20260601,22.79,23.48,22.73,22.81,22.79,0.02,0.0878,442254.64,1020674.4631,23.07888647816109
300209.SZ,20260601,27.04,27.93,26.21,26.5,27.66,-1.16,-4.1938,589263.04,1593011.232,27.033958077533594
300210.SZ,20260601,11.26,11.99,11.26,11.6,11.36,0.24,2.1127,255603.8,299529.9498,11.718524912383932
300211.SZ,20260601,8.45,8.67,8.42,8.65,8.45,0.2,2.3669,32568.0,27958.553,8.584669921395236
300212.SZ,20260601,10.81,12.49,10.46,12.28,11.0,1.28,11.6364,562809.56,658319.88447,11.697027400707265
300213.SZ,20260601,7.59,7.72,7.47,7.62,7.55,0.07,0.9272,75085.14,57208.91296,7.6192057389784456
300214.SZ,20260601,7.8,7.9,7.71,7.74,7.8,-0.06,-0.7692,100641.0,78363.158,7.786404944306992
300215.SZ,20260601,8.0,8.1,7.5,7.78,8.38,-0.6,-7.1599,297086.04,232887.05016,7.839043872946707
300217.SZ,20260601,5.09,5.24,5.08,5.16,5.1,0.06,1.1765,369653.25,191542.20425,5.181672398389572
300218.SZ,20260601,13.39,13.77,13.26,13.66,13.44,0.22,1.6369,30031.01,40903.32365,13.620362302166992
300219.SZ,20260601,7.87,8.38,7.85,8.03,7.96,0.07,0.8794,460228.19,375066.44429,8.149575633122343
300220.SZ,20260601,12.45,13.05,12.41,12.91,12.54,0.37,2.9506,30142.6,38841.8002,12.886015207712674
300221.SZ,20260601,13.8,14.0,13.21,13.38,13.88,-0.5,-3.6023,385050.0,521268.50001,13.537683417997663
300222.SZ,20260601,17.08,17.66,16.19,16.27,17.04,-0.77,-4.5188,1048248.22,1759045.15554,16.78080746504869
300223.SZ,20260601,159.02,162.77,143.63,144.11,157.46,-13.35,-8.4783,434607.48,6518174.17899,149.9784168231527
300224.SZ,20260601,12.24,12.45,12.18,12.18,12.31,-0.13,-1.0561,146970.0,181021.81546,12.316922872695109
300225.SZ,20260601,9.38,9.68,9.02,9.08,9.59,-0.51,-5.318,193998.25,180125.52,9.284904374137394
300226.SZ,20260601,21.74,22.51,21.74,22.17,21.8,0.37,1.6972,66523.69,147641.59152,22.19383673996436
300227.SZ,20260601,11.14,11.19,10.63,11.01,11.09,-0.08,-0.7214,280786.88,306738.19145,10.924235186843488
300228.SZ,20260601,8.23,8.69,8.21,8.5,8.29,0.21,2.5332,180849.6,152919.7292,8.455629937804673
300229.SZ,20260601,16.65,17.96,16.6,17.37,16.57,0.8,4.828,326235.04,566048.11351,17.350929363994748
300230.SZ,20260601,4.8,5.04,4.78,4.98,4.83,0.15,3.1056,206389.24,102250.94768,4.95427705824199
300231.SZ,20260601,9.28,9.57,9.21,9.4,9.24,0.16,1.7316,98951.82,93123.24338,9.41096822473806
300232.SZ,20260601,5.88,6.02,5.82,5.92,5.9,0.02,0.339,199417.99,118795.62129,5.9571165715791246
300233.SZ,20260601,13.14,13.47,13.08,13.44,13.14,0.3,2.2831,71684.91,95439.63557,13.313769323278775
300234.SZ,20260601,8.35,8.62,8.26,8.42,8.45,-0.03,-0.355,169734.0,142709.73419,8.407846052647082
300235.SZ,20260601,13.17,13.72,13.05,13.65,13.3,0.35,2.6316,104320.67,140989.26615,13.514988558834986
300236.SZ,20260601,91.18,93.5,89.55,89.81,91.18,-1.37,-1.5025,119905.2,1096573.16234,91.45334500422001
300237.SZ,20260601,2.29,2.32,2.25,2.31,2.28,0.03,1.3158,205528.69,47093.98952,2.2913584239747746
300238.SZ,20260601,11.9,12.11,11.77,12.0,11.84,0.16,1.3514,25547.04,30653.89058,11.998998936863135
300239.SZ,20260601,5.24,5.6,5.21,5.4,5.25,0.15,2.8571,237012.0,129316.716,5.456125259480533
300240.SZ,20260601,5.88,6.2,5.85,6.18,5.92,0.26,4.3919,96347.0,58870.134,6.110219726613179
300241.SZ,20260601,7.8,7.84,7.41,7.43,7.8,-0.37,-4.7436,867529.24,660645.02651,7.615247948414972
300242.SZ,20260601,4.91,5.27,4.91,5.15,5.0,0.15,3.0,364334.0,188080.6524,5.16231404151136
300243.SZ,20260601,18.52,19.09,18.0,18.63,18.85,-0.22,-1.1671,320974.08,594936.22576,18.535335493757003
300244.SZ,20260601,17.75,18.52,17.65,18.19,17.66,0.53,3.0011,317394.12,575360.75772,18.1276438807373
300245.SZ,20260601,6.66,7.18,6.57,7.12,6.61,0.51,7.7156,190593.0,133302.57714,6.99409617037352
300246.SZ,20260601,17.42,18.43,16.7,16.72,17.07,-0.35,-2.0504,166721.0,294143.6465,17.642867215287815
300247.SZ,20260601,4.17,4.31,4.16,4.26,4.23,0.03,0.7092,147949.28,63070.8014,4.263001577297301
300248.SZ,20260601,8.84,9.15,8.7,8.97,8.77,0.2,2.2805,97305.16,87331.59269,8.975021744992763
300249.SZ,20260601,15.08,15.36,14.88,14.9,15.02,-0.12,-0.7989,146498.22,220508.47555,15.05195595891882
300250.SZ,20260601,16.56,17.43,16.45,17.08,16.5,0.58,3.5152,63495.0,108670.067,17.114743995590203
300251.SZ,20260601,12.69,12.97,12.65,12.9,12.75,0.15,1.1765,369905.25,475288.95164,12.84893771148152
300252.SZ,20260601,14.86,14.86,14.08,14.13,14.81,-0.68,-4.5915,296446.1,427647.2228,14.425800265208416
300253.SZ,20260601,7.84,8.29,7.83,8.15,7.84,0.31,3.9541,730910.97,592300.65078,8.103595035384405
300254.SZ,20260601,10.82,10.93,10.52,10.75,10.88,-0.13,-1.1949,119311.8,128325.9748,10.75551410673546
300255.SZ,20260601,41.11,41.2,39.15,39.2,41.25,-2.05,-4.9697,154905.09,617827.05573,39.88423206300064
300256.SZ,20260601,3.11,3.19,3.07,3.15,3.11,0.04,1.2862,191725.4,60496.6976,3.155382521043117
300257.SZ,20260601,29.85,29.99,28.66,28.71,29.68,-0.97,-3.2682,87148.0,253991.87631,29.144888730665073
300258.SZ,20260601,12.75,13.15,12.55,12.69,12.77,-0.08,-0.6265,200031.78,257417.65455,12.86883786916259
300259.SZ,20260601,6.52,6.98,6.13,6.17,6.52,-0.35,-5.3681,787960.8,508618.5816,6.454871633208149
300260.SZ,20260601,56.0,57.18,54.0,54.25,56.24,-1.99,-3.5384,123490.27,685302.88984,55.494484694219224
300261.SZ,20260601,5.11,5.22,5.02,5.17,5.09,0.08,1.5717,98603.14,50776.95566,5.149628669026159
300263.SZ,20260601,11.95,12.25,11.67,11.68,11.99,-0.31,-2.5855,482235.16,574823.92717,11.919992046411549
300264.SZ,20260601,8.33,9.05,8.17,8.8,8.24,0.56,6.7961,197805.0,173078.563,8.749958949470438
300265.SZ,20260601,22.52,23.99,21.6,23.71,22.68,1.03,4.5414,857447.51,1988891.18276,23.19548613255638
300266.SZ,20260601,2.05,2.17,2.02,2.14,2.05,0.09,4.3902,375724.5,80182.682,2.134081807281665
300267.SZ,20260601,3.77,3.83,3.73,3.77,3.77,0.0,0.0,413412.94,156402.1992,3.7831955429358355
300268.SZ,20260601,12.72,13.53,12.56,13.31,12.63,0.68,5.384,31084.0,41056.812,13.20834255565564
300269.SZ,20260601,5.21,5.54,5.19,5.46,5.24,0.22,4.1985,309653.0,168673.994,5.447193923520844
300270.SZ,20260601,12.82,13.18,12.53,12.57,12.87,-0.3,-2.331,105845.22,135257.96992,12.77884536684793
300271.SZ,20260601,5.51,5.83,5.49,5.77,5.51,0.26,4.7187,178835.0,102479.046,5.730368552017223
300272.SZ,20260601,6.15,6.28,6.11,6.16,6.13,0.03,0.4894,113303.6,70089.5878,6.1859983089681165
300274.SZ,20260601,183.82,186.98,172.68,174.0,177.99,-3.99,-2.2417,719156.85,12777680.1087,177.6758451052785
300275.SZ,20260601,9.51,9.91,9.43,9.75,9.63,0.12,1.2461,117443.01,114523.19825,9.751384799316709
300276.SZ,20260601,8.08,8.27,7.93,7.93,8.15,-0.22,-2.6994,688797.52,556282.58053,8.076140874171557
300277.SZ,20260601,15.41,16.16,15.36,15.63,15.4,0.23,1.4935,234195.86,369172.48938,15.763408003027893
300278.SZ,20260601,4.48,4.63,4.46,4.55,4.5,0.05,1.1111,249165.0,113820.066,4.568059960267293
300279.SZ,20260601,7.03,7.26,6.99,7.17,7.03,0.14,1.9915,98412.0,70713.052,7.1854095029061495
300281.SZ,20260601,7.27,7.59,7.18,7.46,7.3,0.16,2.1918,132239.5,98084.774,7.417206961611319
300283.SZ,20260601,17.01,17.66,15.99,16.14,16.97,-0.83,-4.891,696910.63,1157646.39181,16.61111686314786
300284.SZ,20260601,5.95,6.1,5.94,6.07,5.97,0.1,1.675,92207.04,55800.54172,6.051657413577098
300285.SZ,20260601,50.35,56.2,50.35,51.6,50.78,0.82,1.6148,1160819.38,6186791.63993,53.296763876650644
300286.SZ,20260601,32.8,32.85,30.92,31.25,31.9,-0.65,-2.0376,127964.0,403929.246,31.56585023912975
300287.SZ,20260601,3.89,4.06,3.89,4.05,3.96,0.09,2.2727,203349.23,81721.17533,4.018760008582279
300288.SZ,20260601,10.18,10.67,10.16,10.57,10.22,0.35,3.4247,45758.6,48112.4194,10.514399347882147
300289.SZ,20260601,5.97,6.28,5.8,6.13,5.94,0.19,3.1987,71450.37,43902.06181,6.144413501287678
300290.SZ,20260601,9.71,10.86,9.63,10.36,11.16,-0.8,-7.1685,618370.75,627946.93513,10.154861547542474
300291.SZ,20260601,6.81,7.28,6.75,7.14,6.98,0.16,2.2923,1153014.68,811607.42053,7.039003358829742
300292.SZ,20260601,5.34,5.48,5.3,5.36,5.39,-0.03,-0.5566,676116.0,363728.935,5.379682406569287
300293.SZ,20260601,17.3,17.92,17.06,17.46,17.41,0.05,0.2872,48936.0,86100.062,17.594421693640673
300294.SZ,20260601,16.59,17.3,16.41,17.01,16.49,0.52,3.1534,144137.54,243999.9499,16.928272114259755
300295.SZ,20260601,11.2,12.0,11.15,11.77,11.26,0.51,4.5293,77193.18,89963.1761,11.654290715837849
300296.SZ,20260601,6.46,6.7,6.44,6.59,6.54,0.05,0.7645,824989.92,546241.86149,6.621194371562746
300298.SZ,20260601,15.58,15.76,15.5,15.72,15.57,0.15,0.9634,38309.99,59995.89434,15.660639519874582
300299.SZ,20260601,5.48,5.74,5.44,5.64,5.48,0.16,2.9197,161623.0,91366.676,5.653073881811377
300300.SZ,20260601,9.67,9.89,9.51,9.72,9.5,0.22,2.3158,353594.01,344899.30653,9.754104899288311
300301.SZ,20260601,3.4,3.41,3.35,3.37,3.4,-0.03,-0.8824,74146.0,24990.729,3.370475683111698
300302.SZ,20260601,49.0,50.3,47.85,49.25,47.86,1.39,2.9043,378320.52,1854659.54306,49.02349846262634
300303.SZ,20260601,8.62,8.83,8.46,8.51,8.74,-0.23,-2.6316,646445.81,558623.89685,8.641465196440826
300304.SZ,20260601,13.21,13.8,12.8,13.22,13.23,-0.01,-0.0756,275174.13,365046.04879,13.26600174187886
300305.SZ,20260601,6.82,7.29,6.78,6.92,6.83,0.09,1.3177,288241.03,202751.96975,7.034112032905238
300306.SZ,20260601,10.59,11.18,10.51,11.0,10.66,0.34,3.1895,33092.0,36280.994,10.96367520850961
300307.SZ,20260601,6.72,6.89,6.63,6.8,6.74,0.06,0.8902,108876.0,74112.181,6.807026433741137
300308.SZ,20260601,1161.0,1183.61,1113.9,1130.0,1161.16,-31.16,-2.6835,269781.89,30968403.4485,1147.9052003268268
300310.SZ,20260601,5.28,5.41,5.2,5.35,5.31,0.04,0.7533,328170.62,174630.0355,5.321318389196449
300311.SZ,20260601,5.39,5.51,5.38,5.49,5.39,0.1,1.8553,89882.0,49083.483,5.460880153979662
300313.SZ,20260601,9.42,9.71,9.4,9.66,9.56,0.1,1.046,23879.0,22896.572,9.588580761338415
300314.SZ,20260601,10.25,10.57,10.17,10.44,10.2,0.24,2.3529,23909.0,24938.699,10.430674223095906
300315.SZ,20260601,4.53,4.67,4.52,4.6,4.48,0.12,2.6786,764868.15,352420.86214,4.607602789317348
300316.SZ,20260601,51.39,52.42,47.59,47.65,50.82,-3.17,-6.2377,402932.48,2002136.50679,49.68913170737689
300317.SZ,20260601,5.97,6.1,5.61,5.91,5.72,0.19,3.3217,1989091.81,1170001.19105,5.882087418830607
300318.SZ,20260601,5.01,5.13,4.98,5.09,5.08,0.01,0.1969,70761.0,35933.76,5.078187136982236
300319.SZ,20260601,15.55,16.5,15.36,15.46,14.59,0.87,5.963,1404086.29,2243846.4273,15.980829976624872
300320.SZ,20260601,8.94,9.08,8.8,8.94,8.95,-0.01,-0.1117,82244.0,73806.69366,8.97411284227421
300321.SZ,20260601,42.51,44.9,41.7,43.95,43.0,0.95,2.2093,40008.0,175114.82489,43.76995223205359
300322.SZ,20260601,32.34,32.95,28.74,28.86,32.2,-3.34,-10.3727,418717.91,1268978.05881,30.30627609910453
300323.SZ,20260601,15.42,16.0,14.91,15.01,15.54,-0.53,-3.4106,1121856.56,1736463.24263,15.478478305907487
300324.SZ,20260601,4.48,4.6,4.45,4.52,4.49,0.03,0.6682,351072.74,159146.08031,4.5331369308252185
300326.SZ,20260601,6.84,6.98,6.8,6.95,6.86,0.09,1.312,47368.12,32871.98108,6.939684555772954
300327.SZ,20260601,31.03,31.8,29.16,29.18,31.43,-2.25,-7.1588,389095.05,1174081.1257,30.174661068034663
300328.SZ,20260601,17.74,18.43,17.73,17.99,17.73,0.26,1.4664,375762.15,678740.06543,18.06302378858541
300329.SZ,20260601,13.17,13.3,12.9,13.03,13.28,-0.25,-1.8825,30015.0,39303.921,13.094759620189906
300331.SZ,20260601,52.74,54.03,51.15,51.28,52.74,-1.46,-2.7683,191277.0,1002662.83213,52.41941436398521
300332.SZ,20260601,4.99,5.16,4.94,5.14,4.95,0.19,3.8384,236915.51,120675.31071,5.09360112007863
300333.SZ,20260601,10.44,10.75,10.25,10.38,10.35,0.03,0.2899,114612.48,120441.97976,10.508626962787996
300334.SZ,20260601,7.34,7.73,7.27,7.62,7.35,0.27,3.6735,71326.0,54214.099,7.60088873622522
300335.SZ,20260601,6.2,6.3,5.95,6.3,6.25,0.05,0.8,238127.05,146917.26868,6.169700950815962
300337.SZ,20260601,12.33,12.66,12.22,12.22,12.41,-0.19,-1.531,214173.95,265917.0911,12.415939991768374
300338.SZ,20260601,3.11,3.28,3.1,3.24,3.12,0.12,3.8462,61363.0,19765.011,3.2209981584994214
300339.SZ,20260601,40.39,46.26,40.39,45.15,40.22,4.93,12.2576,776372.16,3438351.17837,44.28740951208245
300340.SZ,20260601,9.7,10.12,9.57,9.8,9.63,0.17,1.7653,77302.2,76690.37,9.920852187906682
300341.SZ,20260601,14.44,14.78,14.38,14.69,14.5,0.19,1.3103,50167.0,73242.55,14.599746845535911
300342.SZ,20260601,49.57,50.17,48.38,48.65,49.2,-0.55,-1.1179,228208.6,1124811.86209,49.28875870979446
300343.SZ,20260601,6.67,6.99,6.65,6.98,6.75,0.23,3.4074,219232.0,150620.861,6.870386668004671
300345.SZ,20260601,6.1,6.25,6.03,6.08,6.07,0.01,0.1647,154879.0,94872.711,6.125601986066542
300346.SZ,20260601,51.6,52.34,49.02,49.31,51.54,-2.23,-4.3267,427981.99,2168781.42249,50.67459550085273
300347.SZ,20260601,39.14,39.68,38.6,39.44,39.45,-0.01,-0.0253,147388.23,578115.5344,39.22399600022335
300348.SZ,20260601,10.16,10.61,10.11,10.48,10.17,0.31,3.0482,170988.37,178388.56652,10.432789465154853
300349.SZ,20260601,13.0,13.44,12.96,13.25,13.01,0.24,1.8447,88660.21,117696.50125,13.27500817446744
300350.SZ,20260601,4.55,4.81,4.52,4.74,4.56,0.18,3.9474,155468.23,73465.26471,4.725419766469329
300351.SZ,20260601,17.98,18.43,17.47,17.59,17.89,-0.3,-1.6769,149358.0,265040.312,17.745304034601425
300352.SZ,20260601,3.11,3.3,3.08,3.3,3.11,0.19,6.1093,438266.4,140990.71183,3.217009376716992
300353.SZ,20260601,20.8,21.2,20.5,20.69,20.4,0.29,1.4216,178132.94,371314.0784,20.844773482097136
300354.SZ,20260601,32.66,33.33,32.43,32.95,32.66,0.29,0.8879,15175.0,50099.787,33.01468665568369
300355.SZ,20260601,3.19,3.28,3.18,3.27,3.18,0.09,2.8302,185983.45,60511.6288,3.253602877030187
300357.SZ,20260601,22.57,23.44,22.45,23.13,22.59,0.54,2.3904,104420.22,240807.8919,23.061423534637257
300358.SZ,20260601,8.41,8.51,8.33,8.45,8.41,0.04,0.4756,132158.6,111551.1888,8.440706000214893
300359.SZ,20260601,4.09,4.34,4.05,4.29,4.13,0.16,3.8741,131641.5,56077.298,4.259849515540312
300360.SZ,20260601,14.7,14.97,14.7,14.96,14.74,0.22,1.4925,68877.41,102634.71052,14.90106996183509
300363.SZ,20260601,14.76,14.9,14.58,14.62,14.74,-0.12,-0.8141,115271.83,169240.39023,14.681851605027871
300364.SZ,20260601,25.2,27.16,25.0,26.6,25.39,1.21,4.7657,727957.32,1921692.65289,26.398424744049557
300365.SZ,20260601,5.48,5.66,5.41,5.57,5.49,0.08,1.4572,149848.0,83616.475,5.580086153969356
300366.SZ,20260601,5.44,5.58,5.37,5.55,5.42,0.13,2.3985,65167.0,35889.869,5.5073686068101955
300368.SZ,20260601,9.99,10.67,9.8,10.27,9.99,0.28,2.8028,254378.0,263876.594,10.373404696947063
300369.SZ,20260601,6.46,6.78,6.43,6.62,6.48,0.14,2.1605,283638.85,188012.27487,6.628579789757292
300370.SZ,20260601,2.35,2.46,2.33,2.44,2.35,0.09,3.8298,284205.2,69067.7806,2.4302081946424625
300371.SZ,20260601,11.3,11.93,11.11,11.71,11.35,0.36,3.1718,38397.44,44969.46504,11.711578959430629
300373.SZ,20260601,105.21,107.03,98.78,99.25,107.12,-7.87,-7.3469,339071.91,3459514.83002,102.02894217984618
300374.SZ,20260601,12.48,12.8,12.15,12.61,12.33,0.28,2.2709,47256.1,59621.4415,12.616665679139835
300375.SZ,20260601,4.27,4.45,4.25,4.41,4.29,0.12,2.7972,122281.0,53709.843,4.392329388866627
300376.SZ,20260601,5.1,5.2,4.98,5.12,5.13,-0.01,-0.1949,244069.05,124617.908,5.10584639879575
300377.SZ,20260601,13.72,14.56,13.62,14.24,13.59,0.65,4.7829,354877.43,505903.66259,14.255729438471194
300378.SZ,20260601,36.0,41.86,36.0,40.39,35.21,5.18,14.7117,308547.97,1213338.12151,39.324132371054006
300380.SZ,20260601,33.01,34.6,32.8,33.86,32.98,0.88,2.6683,31138.52,105802.90574,33.97814210180831
300381.SZ,20260601,6.46,6.81,6.44,6.69,6.48,0.21,3.2407,96158.0,64238.112,6.680475051477776
300382.SZ,20260601,15.8,16.66,15.61,15.78,15.95,-0.17,-1.0658,246526.2,397300.30032,16.11594630996624
300383.SZ,20260601,13.78,14.02,13.48,13.49,13.66,-0.17,-1.2445,659838.88,907332.67485,13.750821637700403
300384.SZ,20260601,12.6,13.02,12.59,12.93,12.61,0.32,2.5377,39259.8,50508.2918,12.86514241030265
300385.SZ,20260601,14.7,14.95,14.33,14.65,14.82,-0.17,-1.1471,80972.96,118269.79376,14.606085014059014
300386.SZ,20260601,10.75,11.37,10.75,11.12,10.8,0.32,2.963,73677.0,82376.512,11.180763603295464
300387.SZ,20260601,7.69,8.03,7.61,7.96,7.69,0.27,3.5111,62215.0,49222.751,7.911717592220525
300388.SZ,20260601,7.41,7.84,7.41,7.8,7.43,0.37,4.9798,83579.2,64328.2952,7.696687118326091
300389.SZ,20260601,14.13,14.35,14.0,14.13,14.11,0.02,0.1417,63017.0,89468.43944,14.197508519923197
300390.SZ,20260601,83.01,88.16,82.26,84.86,83.72,1.14,1.3617,470878.7,4046585.64234,85.9369014215338
300393.SZ,20260601,9.38,10.05,9.13,9.25,9.38,-0.13,-1.3859,411875.79,390992.25802,9.492965294706933
300394.SZ,20260601,459.75,465.7,428.38,428.88,455.2,-26.32,-5.7821,441242.99,19427735.8526,440.29562605855796
300395.SZ,20260601,132.17,133.33,115.99,116.44,133.75,-17.31,-12.9421,555652.14,6771781.7323,121.87088368452969
300396.SZ,20260601,8.01,8.28,8.01,8.15,7.97,0.18,2.2585,51517.0,41988.5348,8.15042312246443
300397.SZ,20260601,12.89,13.37,12.87,13.14,13.03,0.11,0.8442,172183.6,227103.95261,13.189639002204622
300398.SZ,20260601,36.48,37.12,35.01,35.14,36.43,-1.29,-3.541,418556.81,1508306.19085,36.035877443972296
300399.SZ,20260601,20.28,21.08,19.99,20.64,20.17,0.47,2.3302,49983.3,103536.6916,20.71425688179852
300400.SZ,20260601,29.55,30.9,28.75,28.85,29.35,-0.5,-1.7036,140587.0,421388.869,29.973530198382498
300401.SZ,20260601,12.25,12.38,12.24,12.31,12.24,0.07,0.5719,60920.11,74915.7011,12.297367995560087
300402.SZ,20260601,15.6,16.27,15.58,16.02,15.7,0.32,2.0382,37915.0,60827.925,16.0432348674667
300403.SZ,20260601,10.22,10.71,10.22,10.43,10.4,0.03,0.2885,83464.11,87601.24643,10.495678493426695
300404.SZ,20260601,9.95,10.13,9.85,10.0,9.97,0.03,0.3009,92807.2,92955.9352,10.01602625658354
300405.SZ,20260601,6.4,6.67,6.13,6.6,6.42,0.18,2.8037,101775.31,66485.41672,6.5325683331251945
300406.SZ,20260601,11.74,12.02,11.68,11.99,11.75,0.24,2.0426,53182.84,63405.89748,11.922247379041814
300407.SZ,20260601,12.38,12.73,12.18,12.46,12.39,0.07,0.565,63387.0,79391.627,12.524906842096959
300408.SZ,20260601,125.0,137.13,124.62,125.63,128.78,-3.15,-2.446,782608.85,10233107.6233,130.7563493985533
300409.SZ,20260601,22.48,23.08,22.48,22.55,22.28,0.27,1.2118,217318.88,496074.86474,22.827048654953494
300410.SZ,20260601,11.6,12.63,11.6,11.75,12.03,-0.28,-2.3275,707273.18,854360.54457,12.07964007019183
300411.SZ,20260601,8.02,8.35,7.96,8.3,8.03,0.27,3.3624,70733.4,58254.9066,8.235841427105159
300412.SZ,20260601,4.48,4.77,4.46,4.71,4.51,0.2,4.4346,110261.1,51536.1628,4.674011305891198
300413.SZ,20260601,17.5,18.11,17.45,17.9,17.45,0.45,2.5788,186972.08,334412.13516,17.88567229716865
300414.SZ,20260601,11.82,12.25,11.8,12.11,11.94,0.17,1.4238,46982.2,57068.662,12.146868814146634
300415.SZ,20260601,22.21,22.3,21.87,21.95,22.2,-0.25,-1.1261,111913.7,247092.67008,22.078858091547325
300416.SZ,20260601,19.08,19.41,18.43,18.56,19.21,-0.65,-3.3837,357559.64,675040.84076,18.879111768878612
300417.SZ,20260601,12.96,13.5,12.57,13.3,13.1,0.2,1.5267,44180.0,58515.089,13.244700995925758
300418.SZ,20260601,44.2,46.3,43.9,44.99,43.92,1.07,2.4362,593842.73,2691632.13239,45.32567288295337
300419.SZ,20260601,6.79,6.82,6.72,6.76,6.75,0.01,0.1481,18738.0,12686.115,6.770260967018892
300420.SZ,20260601,4.46,5.22,4.44,5.02,4.49,0.53,11.804,1326796.86,658185.98162,4.960714043444449
300421.SZ,20260601,22.39,22.88,22.2,22.41,22.39,0.02,0.0893,84952.68,191258.575,22.513542244929766
300422.SZ,20260601,5.3,5.63,5.21,5.49,5.24,0.25,4.771,224546.79,122626.26413,5.461056207038185
300423.SZ,20260601,6.56,6.82,6.5,6.69,6.54,0.15,2.2936,108999.53,73092.17057,6.705732636645314
300424.SZ,20260601,20.45,20.87,20.02,20.11,20.44,-0.33,-1.6145,184137.6,374487.46514,20.337370810741533
300425.SZ,20260601,4.3,4.54,4.28,4.5,4.31,0.19,4.4084,114820.97,51148.20051,4.454604460317658
300426.SZ,20260601,6.52,6.76,6.5,6.63,6.58,0.05,0.7599,80905.5,53974.1135,6.671253932056534
300427.SZ,20260601,7.29,7.29,7.29,7.29,9.11,-1.82,-19.978,49973.0,36430.317,7.290000000000001
300428.SZ,20260601,20.87,21.34,20.81,20.93,20.92,0.01,0.0478,78853.13,166111.28642,21.065909041277116
300429.SZ,20260601,13.51,14.1,13.49,13.58,13.8,-0.22,-1.5942,222918.69,307368.9872,13.788390161453037
300430.SZ,20260601,5.19,5.68,5.17,5.63,5.17,0.46,8.8975,217551.78,118774.6134,5.459602003716081
300432.SZ,20260601,23.0,24.3,22.82,23.5,22.82,0.68,2.9798,439497.16,1037091.76674,23.597234774850424
300433.SZ,20260601,40.71,42.88,39.9,41.83,40.5,1.33,3.284,2159001.8,9015170.29539,41.75619629122125
300434.SZ,20260601,9.87,10.08,9.78,10.06,9.87,0.19,1.925,83111.0,82890.675,9.973490272045819
300435.SZ,20260601,18.49,18.86,18.3,18.6,18.49,0.11,0.5949,87941.0,163971.152,18.645586472748775
300436.SZ,20260601,109.0,110.5,101.2,101.45,113.27,-11.82,-10.4352,97484.72,1022531.95519,104.89151070957583
300437.SZ,20260601,12.33,12.93,12.33,12.66,12.29,0.37,3.0106,94228.54,119815.11488,12.715374225261264
300438.SZ,20260601,78.1,79.79,76.68,77.72,76.55,1.17,1.5284,267986.58,2093146.28517,78.10638447529723
300439.SZ,20260601,9.1,9.39,9.02,9.29,9.15,0.14,1.5301,38813.0,35729.272,9.205490943755958
300440.SZ,20260601,17.69,18.96,17.32,17.45,17.33,0.12,0.6924,140606.99,251463.87476,17.88416598349769
300441.SZ,20260601,6.23,6.45,6.2,6.37,6.23,0.14,2.2472,47297.36,30045.22916,6.352411458060239
300442.SZ,20260601,83.0,85.1,82.08,82.19,83.87,-1.68,-2.0031,303440.26,2541774.77823,83.76524519949989
300443.SZ,20260601,26.78,27.1,26.31,27.06,26.66,0.4,1.5004,53702.01,144500.35201,26.907810715092417
300444.SZ,20260601,14.58,15.18,14.35,14.85,14.58,0.27,1.8519,371160.14,552484.4427,14.885338783954548
300445.SZ,20260601,23.63,24.07,23.19,23.38,23.43,-0.05,-0.2134,40939.0,96687.261,23.617396858741056
300446.SZ,20260601,16.22,16.54,16.16,16.3,16.21,0.09,0.5552,65865.2,107923.137,16.38545650814087
300447.SZ,20260601,15.68,16.16,15.68,15.94,15.68,0.26,1.6582,47517.57,75962.53935,15.986200336002032
300448.SZ,20260601,7.8,8.06,7.68,7.9,7.79,0.11,1.4121,209511.37,166039.39964,7.92507822558747
300449.SZ,20260601,7.69,8.05,7.66,7.96,7.76,0.2,2.5773,184770.8,146686.73939,7.9388485296378
300450.SZ,20260601,51.26,52.88,49.04,49.19,50.81,-1.62,-3.1883,592450.27,3004327.72527,50.71020940322974
300451.SZ,20260601,3.83,4.02,3.82,3.96,3.83,0.13,3.3943,329703.32,129831.23405,3.937820039240126
300452.SZ,20260601,12.62,12.95,12.44,12.89,12.7,0.19,1.4961,53888.07,68666.90893,12.74250663087396
300453.SZ,20260601,9.15,9.37,9.13,9.35,9.11,0.24,2.6345,63415.4,58823.5519,9.275909621322265
300454.SZ,20260601,109.8,125.88,109.8,116.84,106.94,9.9,9.2575,276357.77,3284914.09355,118.86454625647035
300455.SZ,20260601,21.87,22.55,21.71,21.92,21.7,0.22,1.0138,90933.37,201356.86954,22.143341827098237
300456.SZ,20260601,48.65,49.03,44.5,44.5,50.03,-5.53,-11.0534,686374.63,3163055.42834,46.083513144126556
300457.SZ,20260601,27.35,28.2,26.41,26.44,27.12,-0.68,-2.5074,192128.47,523999.21265,27.273376644804387
300458.SZ,20260601,34.64,35.67,33.7,33.8,34.64,-0.84,-2.4249,426614.78,1481873.83019,34.73564207480106
300459.SZ,20260601,3.93,4.1,3.92,4.04,3.88,0.16,4.1237,1080654.69,434475.18345,4.020481171927362
300460.SZ,20260601,9.39,9.77,9.34,9.64,9.35,0.29,3.1016,51989.2,49926.968,9.603334538711888
300461.SZ,20260601,48.51,50.15,47.28,47.53,48.32,-0.79,-1.6349,57438.2,277327.2806,48.282724841655906
300462.SZ,20260601,12.1,12.99,12.02,12.85,12.08,0.77,6.3742,22730.01,28599.70582,12.582355141946703
300463.SZ,20260601,9.44,9.63,9.38,9.63,9.45,0.18,1.9048,52091.0,49723.054,9.545421281987291
300464.SZ,20260601,9.62,9.65,9.21,9.31,9.64,-0.33,-3.4232,248844.0,234387.033,9.419034937551237
300465.SZ,20260601,14.2,14.6,13.93,14.0,14.21,-0.21,-1.4778,179644.53,255508.8627,14.223024920380265
300466.SZ,20260601,8.03,8.35,8.01,8.26,8.02,0.24,2.9925,79123.25,65222.009,8.243090242122259
300467.SZ,20260601,34.03,37.07,33.91,35.44,34.06,1.38,4.0517,76163.0,272243.977,35.74491249031682
300468.SZ,20260601,24.1,25.05,24.03,24.48,23.94,0.54,2.2556,199415.85,491653.76227,24.65469832362874
300469.SZ,20260601,49.16,50.36,47.91,48.56,50.16,-1.6,-3.1898,64123.54,313247.95106,48.850695245458994
300470.SZ,20260601,31.77,32.42,31.53,32.22,31.76,0.46,1.4484,22689.0,72578.2754,31.98830948917978
300471.SZ,20260601,9.88,10.23,9.8,10.11,9.91,0.2,2.0182,73697.38,74577.31908,10.11939896370807
300472.SZ,20260601,8.23,8.65,8.23,8.54,8.2,0.34,4.1463,51111.73,43347.15839,8.48086307976662
300473.SZ,20260601,33.4,37.01,33.3,35.4,33.67,1.73,5.1381,91440.0,326435.755,35.69944827209099
300474.SZ,20260601,58.37,58.69,56.52,56.61,57.87,-1.26,-2.1773,101945.59,584790.52415,57.363003554150794
300475.SZ,20260601,180.48,182.0,166.8,167.09,180.09,-13.0,-7.2186,300864.56,5202801.35347,172.92835531941682
300476.SZ,20260601,375.56,381.68,342.0,342.35,368.52,-26.17,-7.1014,495131.14,17624373.2013,355.953640914203
300477.SZ,20260601,2.61,2.75,2.61,2.72,2.73,-0.01,-0.3663,271626.84,73184.6058,2.694306858630023
300478.SZ,20260601,43.16,45.78,42.78,44.81,43.6,1.21,2.7752,52166.8,231664.44162,44.40840565647116
300479.SZ,20260601,14.7,15.42,14.58,15.13,14.64,0.49,3.347,42691.54,64655.75406,15.144863375741423
300480.SZ,20260601,33.0,34.29,32.3,32.48,33.12,-0.64,-1.9324,177664.55,587707.23522,33.0796005854854
300481.SZ,20260601,14.3,14.83,14.21,14.6,14.47,0.13,0.8984,93376.74,136296.36221,14.596393299873178
300482.SZ,20260601,17.62,17.87,17.5,17.81,17.77,0.04,0.2251,33974.69,60342.59856,17.7610446364632
300483.SZ,20260601,18.44,21.1,18.44,20.8,18.56,2.24,12.069,319765.98,646063.17651,20.20424988643257
300484.SZ,20260601,15.32,15.69,15.2,15.51,15.4,0.11,0.7143,31295.0,48476.69697,15.49023708899185
300485.SZ,20260601,8.9,9.11,8.71,9.06,8.9,0.16,1.7978,53106.0,47681.876,8.978623131096297
300486.SZ,20260601,24.7,25.79,24.13,24.98,24.94,0.04,0.1604,448487.53,1130518.8411,25.207363984010883
300487.SZ,20260601,60.05,60.46,58.55,58.98,59.99,-1.01,-1.6836,36211.0,214607.995,59.265967523680644
300488.SZ,20260601,32.49,32.88,32.05,32.39,32.59,-0.2,-0.6137,34250.37,111433.37741,32.53494120209504
300489.SZ,20260601,147.0,149.0,138.33,138.61,148.24,-9.63,-6.4962,119504.51,1696403.62534,141.9531049782138
300490.SZ,20260601,15.6,16.03,15.57,15.66,15.64,0.02,0.1279,145640.62,229604.10144,15.765114254525969
300491.SZ,20260601,33.03,34.08,31.92,33.2,33.5,-0.3,-0.8955,209309.64,692638.18184,33.09155669275433
300492.SZ,20260601,42.78,44.71,42.45,43.83,42.59,1.24,2.9115,28890.42,125490.84607,43.436836871876565
300493.SZ,20260601,15.59,15.95,15.34,15.35,15.66,-0.31,-1.9796,215252.79,336536.77956,15.634490942486739
300494.SZ,20260601,9.35,9.68,9.29,9.59,9.3,0.29,3.1183,86031.8,82223.8138,9.557374575447684
300496.SZ,20260601,64.79,68.6,64.79,65.76,63.18,2.58,4.0836,274832.45,1835228.33792,66.77626087894643
300497.SZ,20260601,15.3,15.68,15.22,15.39,15.3,0.09,0.5882,217765.94,337174.3712,15.483338266764765
300498.SZ,20260601,13.55,13.75,13.2,13.63,13.68,-0.05,-0.3655,658435.38,891377.82713,13.537817896875469
300499.SZ,20260601,38.6,38.64,36.0,36.64,38.2,-1.56,-4.0838,263541.56,984713.36575,37.36463295390678
300500.SZ,20260601,11.11,11.6,8.95,11.46,11.07,0.39,3.523,46859.85,53470.93125,11.410819977016573
300501.SZ,20260601,13.76,14.07,13.6,13.87,13.83,0.04,0.2892,41985.22,58160.75153,13.852672804858472
300502.SZ,20260601,709.14,713.73,673.1,679.82,706.45,-26.63,-3.7696,295925.45,20385132.5269,688.8604047708636
300503.SZ,20260601,73.37,77.3,72.1,72.37,73.5,-1.13,-1.5374,178122.85,1327100.8984,74.50480937173417
300504.SZ,20260601,19.12,19.63,18.64,19.06,19.01,0.05,0.263,122046.02,233614.36212,19.14149778255776
300505.SZ,20260601,20.99,21.47,20.92,21.13,21.06,0.07,0.3324,87381.06,185610.07356,21.241453646820034
300506.SZ,20260601,4.87,4.92,4.83,4.87,4.87,0.0,0.0,61872.7,30130.5821,4.869770043977392
300507.SZ,20260601,7.78,7.95,7.76,7.82,7.83,-0.01,-0.1277,114485.82,89880.72222,7.850817002489915
300508.SZ,20260601,40.9,42.75,40.18,40.36,41.48,-1.12,-2.7001,41612.8,171483.6096,41.20934174100277
300509.SZ,20260601,9.64,10.3,9.54,10.02,9.63,0.39,4.0498,88598.0,88658.128,10.006786609178537
300510.SZ,20260601,3.68,3.89,3.66,3.85,3.69,0.16,4.336,220374.61,84135.85456,3.817856084237654
300511.SZ,20260601,5.97,6.29,5.93,6.24,5.95,0.29,4.8739,259640.98,160417.54334,6.178436984023092
300512.SZ,20260601,7.99,8.28,7.91,8.17,7.98,0.19,2.381,59035.5,48114.477,8.150092232639683
300513.SZ,20260601,7.96,8.45,7.91,8.36,7.99,0.37,4.6308,104372.12,86707.5028,8.307534885753016
300514.SZ,20260601,10.96,11.57,9.81,11.36,10.93,0.43,3.9341,47580.0,53771.435,11.301268390079866
300515.SZ,20260601,15.67,16.45,15.61,16.21,15.86,0.35,2.2068,27645.0,44690.001,16.16567227346717
300516.SZ,20260601,33.69,34.68,33.5,33.79,33.26,0.53,1.5935,45099.6,154175.6112,34.18558284330682
300517.SZ,20260601,11.69,12.1,11.56,11.76,11.75,0.01,0.0851,59706.8,70858.1614,11.867686997125954
300518.SZ,20260601,30.15,31.1,28.66,29.6,30.52,-0.92,-3.0144,135356.98,399634.49515,29.524483713362986
300519.SZ,20260601,13.81,14.37,13.59,14.29,13.9,0.39,2.8058,27849.0,39441.448,14.162608352184996
300520.SZ,20260601,35.08,36.27,34.5,34.93,34.6,0.33,0.9538,173638.77,611702.33866,35.2284422804884
300521.SZ,20260601,26.21,26.62,25.1,25.25,26.41,-1.16,-4.3923,55293.4,142088.67572,25.697221679260092
300522.SZ,20260601,12.36,12.56,12.1,12.35,12.23,0.12,0.9812,47534.0,58808.806,12.371945554760801
300523.SZ,20260601,21.25,22.25,21.14,21.83,21.39,0.44,2.057,38263.06,83224.10988,21.75051077462179
300525.SZ,20260601,8.65,9.09,8.65,8.98,8.65,0.33,3.815,162263.38,145066.14437,8.940165326890146
300527.SZ,20260601,7.5,7.67,7.48,7.65,7.48,0.17,2.2727,79977.36,60573.65063,7.573849728223086
300528.SZ,20260601,16.88,17.77,16.88,17.58,17.26,0.32,1.854,164479.18,286072.51964,17.392628029881962
300529.SZ,20260601,17.71,18.28,17.63,18.26,17.69,0.57,3.2222,63770.61,114822.3663,18.00553049437664
300530.SZ,20260601,22.25,22.25,21.25,21.63,21.15,0.48,2.2695,25535.5,55847.8695,21.870677879814377
300531.SZ,20260601,15.51,16.19,15.51,15.99,15.53,0.46,2.962,113529.22,181152.80528,15.956491666198358
300532.SZ,20260601,6.93,7.16,6.9,7.13,6.97,0.16,2.2956,113498.84,80091.9475,7.05663137173913
300533.SZ,20260601,16.06,16.86,16.0,16.61,16.09,0.52,3.2318,73360.45,121626.98299,16.579367082671933
300534.SZ,20260601,7.93,8.24,7.93,8.17,8.04,0.13,1.6169,45318.0,36915.469,8.145873383644467
300535.SZ,20260601,16.33,16.93,16.0,16.67,16.36,0.31,1.8949,33434.0,55616.935,16.63484327331459
300536.SZ,20260601,10.62,11.35,10.42,10.7,10.56,0.14,1.3258,216220.7,232815.4642,10.767491928386136
300537.SZ,20260601,26.92,27.72,26.27,26.33,27.19,-0.86,-3.1629,122887.6,330114.323,26.86311092412904
300538.SZ,20260601,15.93,17.49,15.9,16.75,16.18,0.57,3.5229,129515.92,219700.53198,16.963206683780648
300539.SZ,20260601,23.9,24.82,23.9,24.14,24.1,0.04,0.166,58627.28,142889.8232,24.372582729405153
300540.SZ,20260601,25.85,27.2,25.5,25.74,25.86,-0.12,-0.464,88860.2,232490.9293,26.163673871992184
300541.SZ,20260601,10.99,11.33,10.86,11.17,10.83,0.34,3.1394,86379.49,96587.72106,11.181788762587043
300542.SZ,20260601,12.74,13.49,12.62,13.35,12.9,0.45,3.4884,57246.2,76030.312,13.281285395362488
300543.SZ,20260601,8.45,9.06,8.38,8.82,8.47,0.35,4.1322,82841.26,72991.33528,8.81098806078034
300545.SZ,20260601,32.71,34.29,32.64,33.74,33.15,0.59,1.7798,96445.46,324871.17606,33.68444466540986
300546.SZ,20260601,17.37,17.92,17.21,17.61,17.25,0.36,2.087,35996.3,63488.344,17.637463850451294
300547.SZ,20260601,34.88,35.88,33.8,33.87,34.43,-0.56,-1.6265,101795.0,352888.702,34.66660464659364
300548.SZ,20260601,241.78,243.64,218.0,219.34,249.21,-29.87,-11.9859,259618.67,5929743.80081,228.40205601584816
300549.SZ,20260601,15.49,16.18,15.33,15.93,15.56,0.37,2.3779,29358.0,46721.169,15.914288779889638
300551.SZ,20260601,11.8,12.28,11.71,11.84,11.8,0.04,0.339,81834.5,98053.83915,11.98196838130617
300552.SZ,20260601,27.82,28.94,27.63,28.04,27.94,0.1,0.3579,75787.0,215728.422,28.465095860767676
300553.SZ,20260601,61.91,65.0,59.1,60.8,61.9,-1.1,-1.7771,34942.3,216863.57014,62.06333588229738
300554.SZ,20260601,26.72,28.46,26.72,27.05,27.25,-0.2,-0.7339,68886.6,190930.1802,27.71659222548362
300555.SZ,20260601,12.93,13.35,12.93,13.28,13.12,0.16,1.2195,16000.0,21153.419,13.220886875000001
300556.SZ,20260601,19.31,20.1,19.01,19.63,19.31,0.32,1.6572,59859.31,117968.43039,19.707616140246188
300557.SZ,20260601,33.59,35.82,33.49,34.22,33.58,0.64,1.9059,31761.61,110583.87768,34.8168363253626
300558.SZ,20260601,52.79,53.39,50.7,51.22,52.68,-1.46,-2.7715,179238.94,927700.68558,51.75776455607247
300559.SZ,20260601,11.6,11.86,11.45,11.6,11.61,-0.01,-0.0861,65323.95,76198.61526,11.664728673021152
300560.SZ,20260601,18.48,20.0,18.36,19.14,17.99,1.15,6.3924,400373.3,773572.05482,19.321269795463383
300561.SZ,20260601,20.28,22.34,19.37,21.97,20.92,1.05,5.0191,352412.78,748492.63152,21.239088761763973
300562.SZ,20260601,12.2,12.64,12.06,12.59,12.2,0.39,3.1967,66137.2,82322.6024,12.44724639083602
300563.SZ,20260601,29.39,30.88,29.18,29.89,29.41,0.48,1.6321,58944.42,178047.96728,30.206076721087427
300564.SZ,20260601,14.14,15.56,14.01,15.02,14.27,0.75,5.2558,55733.18,84385.68956,15.141014663078618
300565.SZ,20260601,14.11,14.2,13.17,13.2,14.1,-0.9,-6.383,278681.01,375429.01764,13.471639766197201
300566.SZ,20260601,23.82,24.07,22.87,23.0,23.51,-0.51,-2.1693,202090.2,471246.99383,23.318646516753407
300567.SZ,20260601,196.36,204.0,183.6,184.23,194.2,-9.97,-5.1339,123740.17,2372394.42176,191.72386960192472
300568.SZ,20260601,15.91,17.28,15.83,17.03,15.82,1.21,7.6485,1220202.28,2045332.00913,16.762237234387072
300569.SZ,20260601,5.32,5.54,5.32,5.46,5.36,0.1,1.8657,192635.76,105233.39371,5.4628171690448335
300570.SZ,20260601,162.34,165.66,147.7,147.75,165.42,-17.67,-10.6819,211013.61,3255009.81802,154.2559182803422
300571.SZ,20260601,46.04,47.41,45.23,45.43,46.87,-1.44,-3.0723,110417.67,510961.89649,46.275373904375996
300572.SZ,20260601,29.87,29.88,28.88,29.18,29.96,-0.78,-2.6035,57399.34,168659.70106,29.383561040945768
300573.SZ,20260601,38.33,38.98,37.8,38.81,38.44,0.37,0.9625,74257.33,285775.42158,38.484473058753935
300575.SZ,20260601,5.98,6.29,5.93,6.21,6.01,0.2,3.3278,116942.5,72429.79113,6.193624313658422
300576.SZ,20260601,43.36,45.17,42.5,42.52,43.53,-1.01,-2.3202,217806.71,953097.40161,43.7588631502675
300577.SZ,20260601,16.89,17.22,16.65,16.93,17.03,-0.1,-0.5872,36189.0,61300.5,16.93898698499544
300578.SZ,20260601,17.62,19.69,17.55,18.94,17.71,1.23,6.9452,105200.37,198247.82859,18.844784347241365
300579.SZ,20260601,22.82,24.06,22.82,23.73,22.82,0.91,3.9877,47429.13,112093.41759,23.63387597242454
300580.SZ,20260601,23.86,23.9,22.94,23.01,23.76,-0.75,-3.1566,98880.82,230461.93895,23.307041643667596
300581.SZ,20260601,10.96,11.22,10.93,11.02,10.96,0.06,0.5474,58424.14,64815.04983,11.093881712251134
300582.SZ,20260601,14.63,15.19,14.5,14.7,14.63,0.07,0.4785,88358.5,131424.6335,14.874022702965759
300583.SZ,20260601,12.77,13.32,12.7,13.18,12.85,0.33,2.5681,39098.2,51302.9776,13.121570200162669
300584.SZ,20260601,34.11,35.0,34.11,34.56,34.5,0.06,0.1739,20000.72,69323.95206,34.66072824378322
300585.SZ,20260601,18.19,19.18,18.15,18.27,18.39,-0.12,-0.6525,77152.0,143408.369,18.587770764205725
300586.SZ,20260601,11.36,11.95,11.29,11.3,11.43,-0.13,-1.1374,318227.88,370256.13222,11.634936958383408
300587.SZ,20260601,5.07,5.16,5.03,5.06,5.07,-0.01,-0.1972,222837.0,113205.283,5.080183407602866
300588.SZ,20260601,19.49,19.93,19.2,19.25,19.46,-0.21,-1.0791,37640.0,73312.987,19.477414187035066
300589.SZ,20260601,13.58,13.96,13.58,13.73,13.67,0.06,0.4389,82005.36,113126.82068,13.795052016112116
300590.SZ,20260601,14.49,15.19,14.4,14.83,14.58,0.25,1.7147,204355.6,304856.7065,14.91795216279857
300591.SZ,20260601,7.79,8.04,7.65,7.89,7.79,0.1,1.2837,116931.6,92584.4266,7.917827738609581
300592.SZ,20260601,12.27,12.57,11.97,12.3,12.24,0.06,0.4902,122728.6,150383.7702,12.253359868848825
300593.SZ,20260601,35.4,37.39,35.0,35.2,35.39,-0.19,-0.5369,282661.84,1020183.60593,36.092017441406306
300594.SZ,20260601,17.1,17.85,17.03,17.79,17.25,0.54,3.1304,23702.0,41669.136,17.580430343430933
300595.SZ,20260601,12.05,12.2,11.99,12.19,12.08,0.11,0.9106,70774.65,85867.46667,12.132517316581573
300596.SZ,20260601,46.55,47.79,46.02,47.59,46.9,0.69,1.4712,73795.78,348542.12378,47.230630773195976
300597.SZ,20260601,8.48,8.91,8.44,8.71,8.47,0.24,2.8335,97049.15,84459.65635,8.702771363788349
300598.SZ,20260601,31.78,35.97,31.78,34.6,31.7,2.9,9.1483,122284.61,421986.9757,34.50859234862016
300599.SZ,20260601,12.81,13.37,12.66,13.06,12.61,0.45,3.5686,191911.6,249877.487,13.020447278851304
300600.SZ,20260601,10.91,11.27,10.91,11.08,10.92,0.16,1.4652,30318.4,33757.6944,11.13439178848488
300601.SZ,20260601,12.6,12.72,12.47,12.69,12.7,-0.01,-0.0787,103401.17,130538.25721,12.624446822990494
300602.SZ,20260601,46.65,47.7,44.0,44.62,45.3,-0.68,-1.5011,403302.11,1849459.46835,45.85791699304524
300603.SZ,20260601,9.08,9.36,8.98,9.21,9.17,0.04,0.4362,168134.0,155200.659,9.230771824853987
300604.SZ,20260601,209.0,218.6,203.23,203.64,210.79,-7.15,-3.392,265569.74,5576107.03093,209.96771058818678
300605.SZ,20260601,10.96,11.71,10.94,11.56,10.91,0.65,5.9578,80468.03,92463.11623,11.490664830492307
300606.SZ,20260601,33.58,36.09,33.13,33.3,35.42,-2.12,-5.9853,107915.75,371699.6684,34.44350508614359
300607.SZ,20260601,31.0,31.55,30.6,30.65,31.14,-0.49,-1.5735,148533.25,460363.54381,30.993972313269925
300608.SZ,20260601,11.93,12.52,11.77,12.4,11.96,0.44,3.6789,276472.35,338609.55722,12.247501683983952
300609.SZ,20260601,35.4,39.2,34.68,38.23,35.49,2.74,7.7205,82255.0,310986.896,37.807658622576135
300610.SZ,20260601,10.7,11.32,10.7,11.21,10.75,0.46,4.2791,53615.9,59733.6843,11.141039188002066
300611.SZ,20260601,25.77,28.38,25.5,27.83,25.78,2.05,7.9519,94636.0,261580.464,27.64069318229849
300612.SZ,20260601,12.67,14.44,12.66,13.75,12.82,0.93,7.2543,180785.72,248922.24621,13.768910852582826
300613.SZ,20260601,59.58,61.22,58.58,59.22,59.41,-0.19,-0.3198,108694.33,650130.18469,59.81270455321819
300614.SZ,20260601,11.82,12.38,10.48,12.3,11.82,0.48,4.0609,34483.0,41989.15971,12.176771078502451
300615.SZ,20260601,11.5,12.14,11.33,11.74,11.53,0.21,1.8213,80521.0,95184.0018,11.82101585921685
300616.SZ,20260601,15.0,15.84,14.78,15.02,15.1,-0.08,-0.5298,72684.14,110915.39102,15.25991654025211
300617.SZ,20260601,66.68,68.74,64.99,68.4,67.8,0.6,0.885,123520.97,833264.34973,67.45934311639554
300618.SZ,20260601,37.83,38.7,37.82,38.5,38.15,0.35,0.9174,45584.47,175114.25326,38.41533163816536
300619.SZ,20260601,42.05,43.58,41.11,41.2,42.38,-1.18,-2.7843,67998.0,287658.54926,42.303972066825494
300620.SZ,20260601,275.99,296.8,272.72,278.65,278.78,-0.13,-0.0466,200101.35,5691266.58911,284.4192000258869
300621.SZ,20260601,7.66,8.1,7.59,8.04,7.69,0.35,4.5514,57559.0,45885.855,7.971968762487187
300622.SZ,20260601,17.11,17.78,17.06,17.59,17.18,0.41,2.3865,66647.38,116732.79696,17.514986629631952
300623.SZ,20260601,33.5,34.0,32.7,33.44,33.85,-0.41,-1.2112,352442.84,1173309.42715,33.290772119246334
300624.SZ,20260601,59.95,64.79,59.95,62.9,59.92,2.98,4.9733,131312.88,823900.61815,62.74332100171742
300625.SZ,20260601,11.02,11.52,10.97,11.45,11.12,0.33,2.9676,26721.0,30260.2,11.324501328543093
300626.SZ,20260601,35.21,35.84,33.82,34.05,35.49,-1.44,-4.0575,127282.0,441349.225,34.67491279206801
300627.SZ,20260601,27.87,28.5,27.72,27.9,27.83,0.07,0.2515,75715.96,212096.57846,28.012136207478576
300628.SZ,20260601,36.3,39.21,36.15,38.15,36.15,2.0,5.5325,176844.39,675216.32156,38.181382036489815
300629.SZ,20260601,23.0,23.32,22.6,22.68,23.0,-0.32,-1.3913,80869.42,184933.9826,22.868221708527155
300631.SZ,20260601,24.74,24.9,24.17,24.63,24.5,0.13,0.5306,20849.0,51354.171,24.63147920763586
300632.SZ,20260601,27.6,28.78,26.54,26.82,27.98,-1.16,-4.1458,310607.92,856690.36382,27.58108562782301
300633.SZ,20260601,20.46,20.65,20.29,20.57,20.4,0.17,0.8333,50195.22,102704.13988,20.46094028076777
300634.SZ,20260601,25.87,27.26,25.6,26.35,25.4,0.95,3.7402,316517.98,839890.9452,26.53533126933263
300635.SZ,20260601,13.67,14.29,13.0,14.18,13.73,0.45,3.2775,49031.0,68674.525,14.006348024719053
300636.SZ,20260601,6.89,7.06,6.75,7.03,6.88,0.15,2.1802,46424.96,32371.53432,6.97287285115593
300637.SZ,20260601,9.81,10.27,9.68,10.1,9.79,0.31,3.1665,69570.32,70261.66382,10.099373385087203
300638.SZ,20260601,21.33,23.96,21.21,23.28,21.35,1.93,9.0398,342746.24,788525.33592,23.00609733661848
300639.SZ,20260601,5.72,5.86,5.67,5.82,5.76,0.06,1.0417,97229.04,56373.73749,5.7980349790556405
300640.SZ,20260601,6.62,6.96,6.53,6.83,6.59,0.24,3.6419,118604.91,81165.27044,6.843331396651284
300641.SZ,20260601,15.1,15.48,15.06,15.41,15.15,0.26,1.7162,43333.3,66458.5749,15.336606005081544
300642.SZ,20260601,13.95,14.3,13.76,14.2,13.95,0.25,1.7921,27446.1,38808.4275,14.139869598959416
300643.SZ,20260601,16.28,17.74,16.2,17.15,16.28,0.87,5.344,67078.22,115540.96072,17.22481018727092
300644.SZ,20260601,24.58,25.55,24.51,25.01,24.81,0.2,0.8061,25003.0,62925.366,25.16712634483862
300645.SZ,20260601,13.92,14.87,13.86,14.61,13.92,0.69,4.9569,66812.05,97433.30893,14.583194039099235
300647.SZ,20260601,6.12,6.88,6.09,6.57,6.02,0.55,9.1362,395696.74,258455.53524,6.531656925957995
300648.SZ,20260601,51.47,51.47,48.77,49.04,50.76,-1.72,-3.3885,23987.32,119373.16712,49.76511220094616
300649.SZ,20260601,22.95,25.26,22.82,25.26,21.05,4.21,20.0,57023.0,140733.437,24.680118022552303
300650.SZ,20260601,13.79,14.37,13.66,13.96,13.92,0.04,0.2874,77889.0,109765.685,14.09257854125743
300651.SZ,20260601,26.47,28.59,26.11,28.5,26.76,1.74,6.5022,197752.21,550695.49574,27.847754305248984
300652.SZ,20260601,45.14,46.14,41.88,42.38,46.13,-3.75,-8.1292,41007.6,177839.1901,43.36737338932296
300653.SZ,20260601,15.98,16.51,15.83,16.44,15.92,0.52,3.2663,18105.5,29527.54675,16.308606086548288
300654.SZ,20260601,9.31,9.88,9.27,9.63,9.27,0.36,3.8835,119445.31,115460.75762,9.666411985535472
300655.SZ,20260601,14.99,15.24,14.51,14.56,15.05,-0.49,-3.2558,504544.86,749825.55075,14.86142482454385
300656.SZ,20260601,31.5,32.37,29.88,30.1,31.33,-1.23,-3.9259,94027.1,289618.00615,30.80154616594577
300657.SZ,20260601,40.45,42.22,40.0,40.05,40.65,-0.6,-1.476,578197.99,2375324.28946,41.08150375029841
300658.SZ,20260601,11.94,12.52,11.93,12.34,12.09,0.25,2.0678,121700.03,150227.29673,12.344064067198667
300659.SZ,20260601,11.04,11.55,10.95,11.45,11.02,0.43,3.902,67268.91,76472.59488,11.36819295570569
300660.SZ,20260601,42.47,43.39,42.23,42.69,42.49,0.2,0.4707,54277.3,231984.6001,42.74063007924123
300661.SZ,20260601,115.92,115.99,105.0,105.66,117.77,-12.11,-10.2828,383529.74,4180915.66835,109.01151155448858
300662.SZ,20260601,20.98,22.5,20.9,22.25,21.03,1.22,5.8012,57974.0,126492.663,21.818860696174145
300663.SZ,20260601,7.75,8.3,7.68,8.2,7.77,0.43,5.5341,280304.13,227291.26868,8.108737772789862
300664.SZ,20260601,4.92,5.11,4.92,5.07,4.94,0.13,2.6316,102877.0,51962.586,5.05094297073204
300665.SZ,20260601,9.54,9.84,9.31,9.72,9.64,0.08,0.8299,126108.16,121682.45305,9.649054672592161
300666.SZ,20260601,189.25,198.6,186.55,188.06,190.2,-2.14,-1.1251,135235.85,2593346.67717,191.76473377214694
300667.SZ,20260601,16.89,17.44,16.81,16.96,17.0,-0.04,-0.2353,59610.5,102269.466,17.156283876162757
300668.SZ,20260601,54.76,62.88,54.18,59.94,55.31,4.63,8.371,85947.5,509239.454,59.250060094825336
300669.SZ,20260601,30.74,30.76,29.18,29.22,30.74,-1.52,-4.9447,28508.03,85434.50592,29.968575843367642
300670.SZ,20260601,7.0,7.18,6.7,6.87,7.02,-0.15,-2.1368,196348.0,136654.6789,6.959820263002424
300671.SZ,20260601,44.83,46.4,44.4,44.9,44.95,-0.05,-0.1112,78419.36,356986.08613,45.52269823803714
300672.SZ,20260601,338.5,345.29,312.0,312.58,328.97,-16.39,-4.9822,103029.96,3326714.34341,322.8880554170845
300673.SZ,20260601,15.03,15.77,15.03,15.7,15.22,0.48,3.1537,38621.5,59889.3325,15.506733943528863
300674.SZ,20260601,16.7,17.36,16.67,17.18,16.6,0.58,3.494,104883.61,179386.49915,17.103387187950528
300675.SZ,20260601,14.34,15.04,13.96,14.86,14.45,0.41,2.8374,38296.0,56514.642,14.757322435763527
300676.SZ,20260601,36.52,36.86,36.05,36.4,36.79,-0.39,-1.0601,49026.69,178552.8208,36.41951369753903
300677.SZ,20260601,43.45,45.27,42.68,45.09,43.45,1.64,3.7745,184586.44,817574.30635,44.29221920905999
300678.SZ,20260601,24.32,25.31,24.32,24.93,24.4,0.53,2.1721,54944.42,137090.44466,24.95074925897844
300679.SZ,20260601,55.97,56.88,52.58,53.81,55.97,-2.16,-3.8592,234102.99,1270307.4351,54.26275995449694
300680.SZ,20260601,35.11,35.4,33.89,33.97,35.11,-1.14,-3.2469,81638.0,282359.04514,34.58671759964722
300681.SZ,20260601,33.5,33.57,31.53,31.82,32.76,-0.94,-2.8694,189112.65,614872.64454,32.51356503861587
300682.SZ,20260601,12.69,13.01,12.66,12.78,12.62,0.16,1.2678,135179.99,173659.76611,12.846558585335003
300683.SZ,20260601,27.5,28.23,27.35,27.52,27.5,0.02,0.0727,41839.48,115644.27948,27.63998966526352
300684.SZ,20260601,56.53,60.37,55.26,58.0,56.16,1.84,3.2764,184373.27,1059748.35465,57.47841618527459
300686.SZ,20260601,15.64,17.48,15.45,15.45,15.5,-0.05,-0.3226,173443.0,283671.796,16.3553326453071
300687.SZ,20260601,25.83,27.17,25.59,26.08,25.58,0.5,1.9547,205771.58,545354.42658,26.50290319877993
300688.SZ,20260601,24.71,26.16,24.61,25.66,24.89,0.77,3.0936,60531.0,155093.9445,25.622233979283347
300689.SZ,20260601,54.64,57.83,54.2,54.55,55.25,-0.7,-1.267,20996.0,117645.473,56.03232663364451
300690.SZ,20260601,25.3,25.95,25.3,25.67,25.39,0.28,1.1028,23264.0,59800.33054,25.705093939133427
300691.SZ,20260601,16.13,16.72,16.05,16.1,16.03,0.07,0.4367,90166.81,147459.66721,16.35409605929277
300692.SZ,20260601,8.02,8.3,8.02,8.18,8.13,0.05,0.615,73294.84,59991.44728,8.184948255566148
300693.SZ,20260601,51.76,52.57,50.51,50.94,51.25,-0.31,-0.6049,142459.56,732989.3381,51.45244995141078
300694.SZ,20260601,10.33,10.93,10.28,10.81,10.33,0.48,4.6467,80273.0,86289.826,10.74954542623298
300695.SZ,20260601,59.7,64.03,59.6,62.26,59.7,2.56,4.2881,18816.0,117412.264,62.40022534013605
300696.SZ,20260601,31.37,31.67,30.3,30.38,30.86,-0.48,-1.5554,71923.14,221433.63634,30.787537410074144
300697.SZ,20260601,16.71,17.11,16.48,16.48,16.53,-0.05,-0.3025,97084.42,162964.51514,16.785856591613772
300698.SZ,20260601,34.38,35.22,34.02,34.9,34.49,0.41,1.1888,24912.6,86710.1014,34.80572136188114
300699.SZ,20260601,29.89,30.27,29.5,29.63,29.92,-0.29,-0.9693,158002.54,471370.1802,29.833076113839688
300700.SZ,20260601,18.47,19.38,18.4,18.74,18.6,0.14,0.7527,109172.59,206438.99957,18.909416692413362
300701.SZ,20260601,11.0,11.25,10.8,11.07,10.91,0.16,1.4665,58916.37,65329.80804,11.088566393347044
300702.SZ,20260601,19.22,19.58,18.84,19.3,19.23,0.07,0.364,36326.0,70066.4396,19.288234212409844
300703.SZ,20260601,16.81,17.78,16.66,17.61,16.75,0.86,5.1343,131063.3,228268.34714,17.416648836096755
300705.SZ,20260601,11.8,11.87,11.66,11.85,11.75,0.1,0.8511,47079.55,55561.70035,11.801663429238385
300706.SZ,20260601,48.99,51.45,48.01,48.18,48.9,-0.72,-1.4724,120849.0,596892.023,49.39155665334426
300707.SZ,20260601,12.79,13.32,12.72,13.13,12.75,0.38,2.9804,52578.0,68847.22933,13.094303573738067
300708.SZ,20260601,9.1,9.25,8.94,9.0,9.12,-0.12,-1.3158,313138.7,284129.80138,9.073608639877474
300709.SZ,20260601,43.45,45.72,42.93,44.66,43.4,1.26,2.9032,113045.06,505635.75899,44.728691283811955
300710.SZ,20260601,44.87,44.87,36.26,36.92,45.32,-8.4,-18.5349,165576.65,639312.8332,38.611291700852746
300711.SZ,20260601,19.66,19.98,19.36,19.46,19.66,-0.2,-1.0173,41954.98,82399.54812,19.63999222976629
300712.SZ,20260601,23.22,23.72,22.95,23.44,23.19,0.25,1.0781,21352.0,50103.35,23.46541307605845
300713.SZ,20260601,15.43,16.35,15.43,15.97,15.5,0.47,3.0323,45821.91,73360.244,16.00986165788375
300715.SZ,20260601,21.17,22.98,20.56,21.76,21.37,0.39,1.825,246911.2,542860.4604,21.986060591824103
300716.SZ,20260601,14.7,15.33,14.14,15.16,14.4,0.76,5.2778,29515.01,43759.85457,14.826305181668584
300717.SZ,20260601,18.38,19.3,18.2,19.09,18.44,0.65,3.5249,19997.8,37969.136,18.986656532218543
300718.SZ,20260601,71.5,74.1,70.08,71.97,72.38,-0.41,-0.5665,101112.66,728008.1742,71.99970549681909
300719.SZ,20260601,12.38,12.79,12.35,12.68,12.37,0.31,2.5061,40444.0,51115.779,12.638655672040354
300720.SZ,20260601,62.01,67.58,59.78,65.73,63.0,2.73,4.3333,90329.1,587279.1352,65.01549724285971
300721.SZ,20260601,35.35,35.61,33.19,33.4,35.0,-1.6,-4.5714,236429.8,809792.9913,34.25088509570283
300722.SZ,20260601,23.51,24.29,23.51,24.03,23.74,0.29,1.2216,18896.15,45530.89513,24.095329011465296
300723.SZ,20260601,43.0,44.44,42.12,42.4,43.91,-1.51,-3.4389,184934.73,794300.91615,42.95033800033124
300724.SZ,20260601,81.04,82.17,78.58,78.62,80.71,-2.09,-2.5895,124020.57,994183.68086,80.16280532011746
300725.SZ,20260601,35.41,35.86,35.0,35.17,35.29,-0.12,-0.34,55707.43,196911.62592,35.34746189511884
300726.SZ,20260601,60.93,64.0,60.0,60.16,62.02,-1.86,-2.999,180332.3,1114831.6143,61.8209613197414
300727.SZ,20260601,35.01,35.87,33.7,33.77,35.56,-1.79,-5.0337,75937.4,262812.10266,34.60904674903276
300729.SZ,20260601,11.44,11.74,11.27,11.61,11.43,0.18,1.5748,24136.76,27962.8806,11.585184009784246
300730.SZ,20260601,14.98,15.5,14.8,15.21,14.78,0.43,2.9093,117574.0,178963.78,15.221373773113102
300731.SZ,20260601,62.89,64.11,59.78,62.03,62.54,-0.51,-0.8155,117156.59,726483.43482,62.00960908985145
300732.SZ,20260601,6.95,7.26,6.93,7.18,7.04,0.14,1.9886,76254.44,54670.95228,7.1695434757635095
300733.SZ,20260601,17.17,17.38,16.75,16.97,17.15,-0.18,-1.0496,64957.0,110210.926,16.96675123543267
300735.SZ,20260601,22.31,23.16,21.96,22.05,22.35,-0.3,-1.3423,261531.57,589036.16356,22.52256442921977
300736.SZ,20260601,34.06,34.5,33.19,33.28,34.09,-0.81,-2.3761,47197.6,159941.8246,33.88770289167246
300737.SZ,20260601,7.46,7.79,7.08,7.76,7.26,0.5,6.8871,553321.66,411065.49043,7.429051131488328
300738.SZ,20260601,22.02,22.35,21.67,21.72,21.76,-0.04,-0.1838,527918.06,1161030.4864,21.99262677999688
300739.SZ,20260601,34.65,35.57,31.41,31.6,34.51,-2.91,-8.4323,428402.51,1416931.25619,33.0747655094271
300740.SZ,20260601,24.4,25.49,24.0,24.92,24.3,0.62,2.5514,138541.03,344927.63486,24.897146705203504
300741.SZ,20260601,14.54,14.76,14.35,14.68,14.53,0.15,1.0323,19309.6,28276.2746,14.64363560094461
300743.SZ,20260601,16.89,18.25,16.87,18.01,16.93,1.08,6.3792,54904.0,98214.08743,17.888330072490163
300745.SZ,20260601,45.0,46.09,42.76,43.05,45.44,-2.39,-5.2597,66301.34,291702.08208,43.996408229456605
300746.SZ,20260601,11.16,11.59,11.01,11.4,11.19,0.21,1.8767,38474.0,43995.499,11.435124759577898
300747.SZ,20260601,40.02,41.55,38.87,39.1,40.23,-1.13,-2.8088,395245.7,1578103.67617,39.927156099863964
300748.SZ,20260601,32.01,32.19,30.73,30.77,32.27,-1.5,-4.6483,314926.31,986622.29216,31.328671528269577
300749.SZ,20260601,20.79,23.5,20.5,22.55,21.0,1.55,7.381,116162.8,258192.0254,22.226739145406277
300750.SZ,20260601,432.1,438.24,418.18,420.1,424.0,-3.9,-0.9198,386004.52,16554495.9365,428.86792974600394
300751.SZ,20260601,246.0,259.95,240.7,242.48,249.66,-7.18,-2.8759,95886.18,2384069.63769,248.63537557654294
300752.SZ,20260601,13.78,14.69,13.55,14.5,13.57,0.93,6.8534,189051.36,270785.64894,14.323390688117769
300753.SZ,20260601,22.09,22.87,22.08,22.34,22.24,0.1,0.4496,29274.09,65791.5709,22.474335120237726
300755.SZ,20260601,15.06,17.29,15.06,16.38,15.7,0.68,4.3312,167259.4,275155.75345,16.450839441609862
300756.SZ,20260601,32.24,33.82,32.0,32.33,32.22,0.11,0.3414,41585.8,136143.248,32.7379172698373
300757.SZ,20260601,634.75,638.95,587.81,595.98,639.3,-43.32,-6.7762,94436.79,5753768.66285,609.2719440008498
300758.SZ,20260601,12.65,12.95,12.51,12.78,12.78,0.0,0.0,122551.05,156864.60539,12.799939730422548
300759.SZ,20260601,24.66,25.18,24.1,24.54,25.1,-0.56,-2.2311,240890.16,594963.27534,24.698529626116734
300760.SZ,20260601,151.65,152.55,148.8,149.43,151.83,-2.4,-1.5807,85597.43,1284034.07966,150.0084850281136
300761.SZ,20260601,19.99,20.99,19.86,20.75,20.11,0.64,3.1825,130300.08,267681.89108,20.54349399325004
300762.SZ,20260601,33.71,33.88,32.16,32.2,33.63,-1.43,-4.2522,309654.64,1014594.71574,32.765364528043236
300763.SZ,20260601,115.0,124.8,114.87,117.5,114.52,2.98,2.6022,203701.56,2450402.26643,120.29374082505798
300765.SZ,20260601,28.01,28.64,25.75,25.95,26.76,-0.81,-3.0269,175132.5,470731.20964,26.878575343811114
300766.SZ,20260601,24.9,26.22,24.78,25.68,24.91,0.77,3.0911,230235.41,590760.52559,25.658977721541618
300767.SZ,20260601,19.33,19.94,19.21,19.61,19.33,0.28,1.4485,59904.76,117620.90492,19.63465088917809
300768.SZ,20260601,16.17,17.11,16.15,16.56,16.2,0.36,2.2222,72371.93,120700.86114,16.677855784694426
300769.SZ,20260601,66.17,69.41,65.36,65.41,66.11,-0.7,-1.0588,191035.35,1285877.80454,67.31098744499381
300770.SZ,20260601,34.8,35.96,34.8,35.83,34.8,1.03,2.9598,23347.09,83106.36019,35.59602511062407
300771.SZ,20260601,11.61,12.16,11.55,12.02,11.65,0.37,3.176,50217.81,60133.43032,11.974522648438871
300772.SZ,20260601,15.15,15.5,15.03,15.17,15.1,0.07,0.4636,125777.71,191620.46224,15.234850613832926
300773.SZ,20260601,24.25,25.24,24.19,24.6,24.22,0.38,1.569,296707.35,735330.38613,24.783018894880765
300774.SZ,20260601,13.5,14.55,13.25,14.22,13.09,1.13,8.6325,193944.75,274496.06626,14.153312541845036
300775.SZ,20260601,24.6,25.17,24.55,24.84,24.54,0.3,1.2225,136744.27,340001.61275,24.864048252259494
300776.SZ,20260601,148.9,157.28,146.0,146.0,147.33,-1.33,-0.9027,151747.59,2283910.64175,150.50721014745605
300777.SZ,20260601,33.42,33.84,32.17,32.21,33.42,-1.21,-3.6206,132072.93,433626.68279,32.83236638953947
300778.SZ,20260601,11.76,12.43,11.6,12.09,12.09,0.0,0.0,113380.1,136983.49704,12.081793633979858
300779.SZ,20260601,83.21,85.08,81.0,81.26,83.63,-2.37,-2.8339,78634.18,651347.74847,82.83264967854946
300780.SZ,20260601,26.6,27.46,26.16,27.16,26.91,0.25,0.929,67112.0,180337.941,26.871191590177613
300781.SZ,20260601,32.13,33.98,31.97,32.99,32.03,0.96,2.9972,79981.74,265184.305,33.15560589204486
300782.SZ,20260601,109.89,110.8,100.03,100.35,108.1,-7.75,-7.1693,243574.9,2521329.64588,103.51352482870773
300783.SZ,20260601,18.0,18.55,17.95,18.46,18.21,0.25,1.3729,77891.0,142838.693,18.33827951881475
300784.SZ,20260601,44.86,47.18,44.55,46.45,45.09,1.36,3.0162,11456.22,53071.57088,46.32555142970369
300785.SZ,20260601,45.26,49.68,45.0,48.67,45.29,3.38,7.463,146788.58,700258.69955,47.70525742193296
300786.SZ,20260601,18.23,18.85,17.87,18.15,18.27,-0.12,-0.6568,88098.02,161311.78094,18.310488810077683
300787.SZ,20260601,9.5,10.45,9.41,10.01,9.5,0.51,5.3684,118753.19,119479.49203,10.061160633242778
300788.SZ,20260601,27.4,28.81,27.31,28.07,27.59,0.48,1.7398,41619.0,117066.207,28.12806819000937
300789.SZ,20260601,21.56,22.38,21.35,22.1,21.76,0.34,1.5625,23826.39,52331.77384,21.96378630585666
300790.SZ,20260601,33.0,33.76,31.8,31.88,33.48,-1.6,-4.779,197901.3,643752.84108,32.52898495765314
300791.SZ,20260601,18.02,18.83,17.8,18.75,18.1,0.65,3.5912,38946.67,71591.0541,18.38181649419578
300792.SZ,20260601,31.19,36.8,30.71,35.66,30.67,4.99,16.27,202189.14,706651.26874,34.950011100497285
300793.SZ,20260601,13.31,14.03,13.31,13.79,13.58,0.21,1.5464,79745.8,109995.6626,13.793285991237154
300795.SZ,20260601,10.37,10.83,10.28,10.68,10.56,0.12,1.1364,110244.17,116871.44792,10.601145431998809
300796.SZ,20260601,7.38,8.15,7.27,7.86,7.33,0.53,7.2306,122805.2,96218.479,7.835049248728882
300797.SZ,20260601,14.01,14.39,14.01,14.23,14.07,0.16,1.1372,28767.5,40975.7255,14.243756148431391
300798.SZ,20260601,7.86,8.18,7.82,8.0,7.88,0.12,1.5228,129720.48,104449.48448,8.051888528318736
300800.SZ,20260601,10.63,11.15,10.58,10.96,10.66,0.3,2.8143,51097.0,56097.356,10.978600700628217
300801.SZ,20260601,26.88,27.82,26.81,26.94,26.97,-0.03,-0.1112,38122.0,103987.01592,27.27742928492734
300802.SZ,20260601,21.94,22.66,21.67,21.7,22.37,-0.67,-2.9951,97364.05,214700.6623,22.05132821611262
300803.SZ,20260601,91.3,93.98,90.65,91.13,91.85,-0.72,-0.7839,190982.0,1763760.18122,92.3521683310469
300804.SZ,20260601,38.18,38.79,37.24,38.04,37.31,0.73,1.9566,12046.01,46082.77724,38.25563588275288
300805.SZ,20260601,8.61,9.14,8.58,9.01,8.61,0.4,4.6458,92617.0,82945.80098,8.955785760713477
300806.SZ,20260601,76.99,77.3,71.29,72.09,76.12,-4.03,-5.2943,217073.14,1603120.89406,73.85164714805342
300807.SZ,20260601,45.8,48.2,44.9,46.1,44.9,1.2,2.6726,19140.0,89636.517,46.832036050156745
300808.SZ,20260601,23.66,24.47,23.2,23.97,23.95,0.02,0.0835,18636.07,44676.86446,23.973329387580105
300809.SZ,20260601,37.57,39.3,36.1,36.1,37.45,-1.35,-3.6048,91532.8,341056.877,37.26061881642427
300810.SZ,20260601,26.86,27.8,26.79,27.41,27.03,0.38,1.4058,19480.0,53584.44,27.50741273100616
300811.SZ,20260601,88.28,90.27,81.88,82.45,86.7,-4.25,-4.902,199039.67,1691854.03854,85.00084624034997
300812.SZ,20260601,39.0,39.34,35.0,35.1,40.2,-5.1,-12.6866,128808.46,474295.20868,36.82174359354968
300813.SZ,20260601,21.5,22.05,21.35,21.9,21.42,0.48,2.2409,17061.34,37278.11992,21.849467814368623
300814.SZ,20260601,156.8,159.94,143.0,144.45,159.79,-15.34,-9.6001,143278.7,2140845.71725,149.41828179973714
300815.SZ,20260601,20.34,20.87,20.2,20.54,20.2,0.34,1.6832,31987.14,65664.34014,20.528356126868488
300816.SZ,20260601,96.66,99.0,91.2,91.49,96.66,-5.17,-5.3486,33792.71,319013.91837,94.40317700770373
300817.SZ,20260601,18.52,19.02,18.35,18.6,18.42,0.18,0.9772,29534.3,55351.36444,18.741383557423063
300818.SZ,20260601,24.27,25.88,24.0,24.45,23.88,0.57,2.3869,55860.51,139935.18099,25.05082409559096
300819.SZ,20260601,68.93,69.54,64.7,64.74,69.48,-4.74,-6.8221,61038.26,403517.39098,66.10892757755546
300820.SZ,20260601,64.8,67.7,63.0,64.42,64.89,-0.47,-0.7243,54184.32,352726.69117,65.09755795957207
300821.SZ,20260601,15.46,16.38,15.33,15.67,15.74,-0.07,-0.4447,683192.15,1082817.53105,15.849384848025554
300822.SZ,20260601,13.83,15.06,13.78,14.66,13.79,0.87,6.3089,66399.48,97335.4706,14.659071215617953
300823.SZ,20260601,17.01,17.82,16.76,17.58,17.06,0.52,3.0481,43758.0,76407.81792,17.4614511449335
300824.SZ,20260601,8.51,8.92,8.46,8.83,8.53,0.3,3.517,51552.5,45153.0515,8.758654090490278
300825.SZ,20260601,13.31,14.44,13.22,13.88,13.21,0.67,5.0719,418388.05,586070.10981,14.007811882055428
300826.SZ,20260601,16.06,18.27,16.06,17.6,15.98,1.62,10.1377,197877.94,340286.3813,17.196782081923836
300827.SZ,20260601,33.06,34.03,33.06,33.52,33.06,0.46,1.3914,155330.0,521804.82727,33.59330633296852
300828.SZ,20260601,18.6,19.6,18.6,19.41,18.78,0.63,3.3546,47110.0,90959.731,19.307945446826576
300829.SZ,20260601,18.48,18.49,17.86,17.87,18.85,-0.98,-5.1989,77556.67,140497.50561,18.115463906585983
300830.SZ,20260601,9.45,10.08,9.45,9.8,9.4,0.4,4.2553,152755.82,149971.57724,9.817732459555387
300831.SZ,20260601,22.1,22.53,21.0,21.16,22.11,-0.95,-4.2967,244199.19,529918.95663,21.70027495300046
300832.SZ,20260601,46.74,46.8,45.78,46.57,46.74,-0.17,-0.3637,48067.56,222317.97816,46.25114696065288
300833.SZ,20260601,35.27,36.11,34.88,35.33,35.26,0.07,0.1985,6990.1,24810.5245,35.49380480965937
300834.SZ,20260601,46.92,48.64,45.58,46.01,47.19,-1.18,-2.5005,38365.38,180156.96657,46.95821247437142
300835.SZ,20260601,179.5,188.54,170.0,170.8,179.5,-8.7,-4.8468,79981.54,1403505.60754,175.4786926508292
300836.SZ,20260601,72.26,73.0,68.68,69.88,73.58,-3.7,-5.0285,33047.65,232281.6864,70.28689979469038
300837.SZ,20260601,29.93,30.38,29.31,29.76,29.7,0.06,0.202,15771.0,47289.856,29.985324963540677
300838.SZ,20260601,17.24,18.37,16.76,17.67,16.95,0.72,4.2478,69216.0,123153.856,17.792686084142396
300839.SZ,20260601,16.69,17.33,16.53,16.9,16.69,0.21,1.2582,91326.88,154435.97062,16.910242704010034
300840.SZ,20260601,22.54,23.8,22.22,22.93,22.8,0.13,0.5702,101309.0,233852.5055,23.08309286440494
300841.SZ,20260601,47.92,48.36,47.08,48.05,47.74,0.31,0.6494,21394.53,102124.15111,47.733767046997535
300842.SZ,20260601,87.52,88.49,82.0,82.3,85.8,-3.5,-4.0793,74049.49,631491.64204,85.27967472024451
300843.SZ,20260601,92.33,93.0,85.72,85.75,90.52,-4.77,-5.2696,65909.0,581196.614,88.18167685748531
300844.SZ,20260601,27.45,28.9,26.51,28.0,27.44,0.56,2.0408,24660.82,69314.14558,28.106991405800777
300845.SZ,20260601,13.95,14.66,13.81,14.54,14.1,0.44,3.1206,65459.83,94233.19032,14.395575167243788
300846.SZ,20260601,24.3,25.17,24.1,24.46,24.3,0.16,0.6584,293671.13,724278.6279,24.662915551147297
300847.SZ,20260601,14.48,14.83,14.33,14.62,14.3,0.32,2.2378,24634.95,36107.41825,14.656988648241624
300848.SZ,20260601,14.38,14.66,14.2,14.59,14.37,0.22,1.531,83713.47,120888.46371,14.440742178050916
300849.SZ,20260601,21.05,25.36,20.92,25.36,21.13,4.23,20.0189,70829.53,169625.65662,23.948437413039446
300850.SZ,20260601,32.58,34.3,32.42,33.9,32.22,1.68,5.2142,213364.0,716341.45395,33.573679437487115
300851.SZ,20260601,26.52,28.1,26.01,27.48,26.82,0.66,2.4609,44929.0,122994.58293,27.37532171426028
300852.SZ,20260601,53.35,54.5,50.4,51.07,53.29,-2.22,-4.1659,94386.18,490026.5466,51.917192389818084
300853.SZ,20260601,37.8,39.5,36.0,38.1,37.88,0.22,0.5808,87915.6,335451.46136,38.156079394328195
300854.SZ,20260601,31.83,32.0,27.18,28.92,33.73,-4.81,-14.2603,228658.24,667083.22266,29.1738107780415
300855.SZ,20260601,37.16,37.47,35.78,36.17,36.86,-0.69,-1.8719,78023.24,284267.90015,36.433747195066495
300856.SZ,20260601,12.75,13.45,12.7,13.32,12.72,0.6,4.717,83503.88,110185.2578,13.195226114044043
300857.SZ,20260601,239.63,251.38,235.25,236.46,239.65,-3.19,-1.3311,209301.56,5083913.86548,242.8989953768142
300858.SZ,20260601,16.13,16.43,15.92,16.19,16.15,0.04,0.2477,53908.5,87678.097,16.264243486648674
300859.SZ,20260601,28.32,29.0,27.73,28.66,28.6,0.06,0.2098,29080.72,83096.64473,28.574479837500583
300860.SZ,20260601,24.5,26.6,24.45,26.28,24.59,1.69,6.8727,35079.07,91066.04728,25.960222799521198
300861.SZ,20260601,19.85,20.18,19.18,19.19,19.91,-0.72,-3.6163,260078.9,510075.45294,19.612335062167674
300862.SZ,20260601,22.84,23.47,22.52,22.86,22.89,-0.03,-0.1311,40249.2,92702.8156,23.032213211691168
300863.SZ,20260601,59.87,66.5,59.5,63.88,61.3,2.58,4.2088,189051.1,1185424.2909,62.703908673369256
300864.SZ,20260601,22.16,22.99,22.07,22.86,22.3,0.56,2.5112,18213.25,41294.1153,22.672568212702288
300865.SZ,20260601,27.27,28.28,27.1,27.93,27.26,0.67,2.4578,22262.0,62190.24,27.935603270146437
300866.SZ,20260601,125.0,130.65,122.05,122.69,125.72,-3.03,-2.4101,43191.85,543607.76676,125.8588754035773
300867.SZ,20260601,19.5,20.78,19.33,20.33,19.5,0.83,4.2564,110450.85,223180.87586,20.206352043465486
300868.SZ,20260601,106.49,107.69,101.5,103.33,106.35,-3.02,-2.8397,25580.48,265634.44334,103.84263443844681
300869.SZ,20260601,11.41,11.77,11.37,11.7,11.47,0.23,2.0052,28829.3,33576.09319,11.646516977519399
300870.SZ,20260601,281.31,282.89,252.22,254.0,275.0,-21.0,-7.6364,69901.4,1843397.21242,263.71391880849313
300871.SZ,20260601,21.1,21.49,20.92,21.27,21.01,0.26,1.2375,35862.77,76444.95267,21.31596434687003
300872.SZ,20260601,19.76,20.57,19.46,19.96,19.78,0.18,0.91,187948.76,376621.59688,20.03852522783337
300873.SZ,20260601,21.41,22.6,21.4,22.27,21.54,0.73,3.389,32978.44,73475.33258,22.27980843848284
300875.SZ,20260601,33.2,34.04,33.15,33.92,33.42,0.5,1.4961,17484.56,59175.13854,33.84422515636653
300876.SZ,20260601,25.9,26.44,25.6,26.08,25.79,0.29,1.1245,18496.9,48277.0476,26.100074931475
300877.SZ,20260601,33.5,34.07,32.33,32.6,34.11,-1.51,-4.4269,38788.66,128648.5328,33.166531867819096
300878.SZ,20260601,31.98,32.59,29.89,30.8,31.92,-1.12,-3.5088,44590.48,136837.4718,30.687597845997622
300879.SZ,20260601,18.8,19.6,18.7,19.3,18.72,0.58,3.0983,33680.23,64875.38897,19.262157345718837
300880.SZ,20260601,23.25,23.99,22.66,23.7,23.16,0.54,2.3316,106522.32,248486.16412,23.327145345689054
300881.SZ,20260601,49.0,51.37,48.33,50.95,52.58,-1.63,-3.1,41835.94,211200.9699,50.483141982706734
300882.SZ,20260601,16.99,17.48,16.89,17.18,16.9,0.28,1.6568,30557.24,52760.61881,17.266159774246624
300883.SZ,20260601,6.33,6.82,6.3,6.6,6.4,0.2,3.125,377792.02,249772.39518,6.611372976591722
300884.SZ,20260601,11.1,11.63,11.04,11.38,11.09,0.29,2.615,51860.3,59102.36738,11.396456900557846
300885.SZ,20260601,27.74,27.74,26.43,26.46,27.2,-0.74,-2.7206,75448.66,202874.45299,26.8890730451674
300886.SZ,20260601,24.11,25.3,19.25,24.98,24.06,0.92,3.8238,20556.0,50940.49291,24.7813256032302
300887.SZ,20260601,8.57,9.13,8.57,8.86,8.57,0.29,3.3839,165807.45,147935.7668,8.922142328345318
300888.SZ,20260601,29.13,29.7,29.13,29.49,29.3,0.19,0.6485,25007.13,73651.85349,29.452341588179046
300889.SZ,20260601,23.07,23.56,22.81,23.05,22.9,0.15,0.655,50702.52,117733.0016,23.220345182054068
300890.SZ,20260601,35.17,37.19,35.17,36.01,34.12,1.89,5.5393,122843.29,447731.76166,36.447392581230936
300891.SZ,20260601,7.09,7.46,7.0,7.35,7.09,0.26,3.6671,75966.0,55809.485,7.346639944185557
300892.SZ,20260601,23.58,24.9,23.04,24.7,24.12,0.58,2.4046,30380.0,74193.35,24.421774193548387
300893.SZ,20260601,20.51,20.9,20.42,20.62,20.77,-0.15,-0.7222,18256.75,37731.57906,20.667193810508444
300894.SZ,20260601,9.08,9.49,9.02,9.43,9.08,0.35,3.8546,48548.12,45489.73037,9.37002923491167
300895.SZ,20260601,61.38,62.0,59.85,60.0,61.2,-1.2,-1.9608,64875.07,394812.64857,60.85737534772602
300896.SZ,20260601,102.8,104.46,101.72,104.35,104.75,-0.4,-0.3819,30057.59,310221.615,103.20907797331722
300897.SZ,20260601,17.23,19.86,17.23,19.45,17.39,2.06,11.8459,59976.01,114479.88192,19.087612183604744
300898.SZ,20260601,21.31,22.45,21.0,22.45,21.61,0.84,3.8871,52154.22,114064.25238,21.87057008617903
300899.SZ,20260601,32.31,34.77,31.6,33.91,32.31,1.6,4.952,11353.0,38526.868,33.935407381308906
300900.SZ,20260601,35.11,35.47,33.9,34.18,35.27,-1.09,-3.0904,163959.79,568077.33488,34.64735682327966
300901.SZ,20260601,15.08,15.66,14.96,15.32,15.15,0.17,1.1221,27146.02,41573.98366,15.314946227844818
300902.SZ,20260601,15.38,15.94,15.31,15.72,15.55,0.17,1.0932,24232.45,38029.89845,15.693790124399307
300903.SZ,20260601,72.15,72.8,66.09,66.56,70.49,-3.93,-5.5753,269650.85,1853732.34428,68.74565180417567
300904.SZ,20260601,50.25,52.3,50.25,51.2,50.34,0.86,1.7084,11446.06,58874.804,51.436742424904295
300905.SZ,20260601,65.92,67.16,62.65,62.78,67.11,-4.33,-6.4521,116166.37,748740.30174,64.45413605848233
300906.SZ,20260601,31.17,31.55,30.09,31.06,30.7,0.36,1.1726,18395.04,57110.20576,31.046524367438177
300907.SZ,20260601,43.38,43.39,40.0,40.3,43.02,-2.72,-6.3226,62625.72,258002.86858,41.19758919817609
300908.SZ,20260601,24.58,25.03,24.1,24.86,24.6,0.26,1.0569,22059.15,54316.02383,24.622899717350847
300909.SZ,20260601,47.41,49.58,46.57,47.15,47.7,-0.55,-1.153,35904.73,171594.61536,47.79164621485804
300910.SZ,20260601,33.5,34.75,33.16,34.6,33.76,0.84,2.4882,45849.1,155473.2204,33.90976494631302
300911.SZ,20260601,25.58,26.98,25.19,25.62,25.39,0.23,0.9059,65562.0,171081.98825,26.094687204478202
300912.SZ,20260601,26.56,27.15,26.07,26.33,26.68,-0.35,-1.3118,36271.63,96104.02734,26.495646139972205
300913.SZ,20260601,60.91,63.14,59.61,59.75,59.35,0.4,0.674,262303.88,1610577.37954,61.40120304510936
300915.SZ,20260601,23.88,24.42,23.2,24.25,23.97,0.28,1.1681,15905.65,38264.28715,24.057040831402677
300916.SZ,20260601,35.42,35.9,33.0,33.14,34.73,-1.59,-4.5782,63682.01,217596.07983,34.16916014899655
300917.SZ,20260601,31.6,31.66,30.28,30.9,31.79,-0.89,-2.7996,155702.74,483311.45696,31.040652011647325
300918.SZ,20260601,12.39,12.53,12.23,12.42,12.4,0.02,0.1613,62518.22,77425.19796,12.38442136708307
300919.SZ,20260601,52.35,53.66,51.8,51.9,52.36,-0.46,-0.8785,119519.87,630870.6227,52.783744050257084
300920.SZ,20260601,46.81,47.3,45.27,46.86,46.85,0.01,0.0213,19801.01,91744.9634,46.333476625687275
300921.SZ,20260601,18.51,19.18,18.42,18.78,18.56,0.22,1.1853,86880.81,163531.75842,18.822540722168682
300922.SZ,20260601,23.46,24.7,23.46,24.27,22.65,1.62,7.1523,141531.88,342746.9207,24.216941137219404
300923.SZ,20260601,23.46,24.68,23.4,24.42,23.71,0.71,2.9945,18125.0,44027.437,24.29099972413793
300925.SZ,20260601,15.84,17.15,15.83,16.65,15.76,0.89,5.6472,145130.33,242392.79465,16.701732480729564
300926.SZ,20260601,19.53,20.13,19.32,19.87,19.53,0.34,1.7409,67675.72,133954.06177,19.793518527767418
300927.SZ,20260601,23.7,24.87,23.7,24.47,23.69,0.78,3.2925,40421.04,99198.9708,24.54141971606866
300928.SZ,20260601,32.31,34.25,31.99,33.27,32.3,0.97,3.0031,19508.0,64778.726,33.2062364158294
300929.SZ,20260601,12.02,12.59,11.86,12.39,12.07,0.32,2.6512,38924.6,48099.7666,12.357164004254379
300930.SZ,20260601,33.05,34.4,33.0,33.14,33.9,-0.76,-2.2419,30933.0,103751.292,33.540649791484825
300931.SZ,20260601,15.89,16.12,15.44,15.6,15.91,-0.31,-1.9485,64689.12,101742.38505,15.727897527435834
300932.SZ,20260601,9.9,10.25,9.86,10.05,9.99,0.06,0.6006,94300.17,95129.40635,10.087935827687268
300933.SZ,20260601,7.57,7.92,7.55,7.74,7.64,0.1,1.3089,137257.27,106569.79844,7.764237073926941
300935.SZ,20260601,34.59,37.63,34.39,36.9,34.85,2.05,5.8824,35424.48,129439.43354,36.539543711015654
300936.SZ,20260601,109.0,109.0,98.01,101.88,110.0,-8.12,-7.3818,50180.56,512510.95932,102.13336784603442
300937.SZ,20260601,23.0,23.96,22.75,23.72,23.18,0.54,2.3296,21831.0,51636.664,23.652908249736612
300938.SZ,20260601,54.11,56.0,51.88,52.55,54.83,-2.28,-4.1583,166386.91,892813.0992,53.65885448560827
300939.SZ,20260601,70.92,72.58,66.99,69.16,72.13,-2.97,-4.1176,104338.0,728340.95318,69.80591473672104
300940.SZ,20260601,17.69,18.1,17.69,17.82,17.69,0.13,0.7349,38076.55,68226.8188,17.91832999575854
300941.SZ,20260601,15.67,16.97,15.62,16.56,15.55,1.01,6.4952,63852.0,105059.78644,16.453640675311657
300942.SZ,20260601,6.71,6.97,6.64,6.9,6.7,0.2,2.9851,58066.77,39976.7663,6.884620291433467
300943.SZ,20260601,38.3,40.88,38.0,39.36,38.22,1.14,2.9827,94295.97,375063.43666,39.77512895407938
300945.SZ,20260601,12.81,13.2,12.76,12.98,12.87,0.11,0.8547,60282.51,78489.38092,13.020257603739458
300946.SZ,20260601,45.58,47.87,45.58,46.01,47.43,-1.42,-2.9939,12128.08,56557.3556,46.633395887889925
300947.SZ,20260601,15.09,16.06,14.79,15.77,15.51,0.26,1.6763,52443.9,82053.40803,15.64593938093849
300948.SZ,20260601,27.21,28.76,26.72,28.13,27.66,0.47,1.6992,84269.46,234968.77653,27.883028623892923
300949.SZ,20260601,24.42,26.46,23.25,25.93,24.41,1.52,6.227,27617.8,70902.85498,25.672883060924477
300950.SZ,20260601,18.5,19.31,18.43,19.12,18.62,0.5,2.6853,17420.97,33235.38364,19.077803153326133
300951.SZ,20260601,38.73,39.88,38.26,38.77,39.13,-0.36,-0.92,35970.42,139751.1469,38.85168616324191
300952.SZ,20260601,24.3,24.8,22.77,22.81,24.54,-1.73,-7.0497,94869.12,223617.04825,23.571110204247706
300953.SZ,20260601,147.9,150.0,144.65,145.34,146.0,-0.66,-0.4521,106667.17,1570637.55406,147.2465758733451
300955.SZ,20260601,42.74,44.5,42.01,42.5,42.99,-0.49,-1.1398,30532.66,131337.66132,43.015466493911774
300956.SZ,20260601,16.94,16.94,16.94,16.94,14.12,2.82,19.9717,111612.81,189072.10014,16.939999999999998
300957.SZ,20260601,37.65,38.44,37.27,38.14,37.75,0.39,1.0331,73232.0,278117.91035,37.97764779741097
300958.SZ,20260601,12.81,13.3,12.6,13.27,12.83,0.44,3.4295,38787.28,50699.52066,13.071171956373327
300959.SZ,20260601,204.72,208.2,193.02,206.87,207.9,-1.03,-0.4954,45713.73,916950.97623,200.58546441736434
300960.SZ,20260601,17.87,18.98,17.56,18.75,18.66,0.09,0.4823,27847.48,51194.36004,18.38383941383565
300961.SZ,20260601,11.92,12.71,11.86,12.34,11.91,0.43,3.6104,68849.94,85471.72218,12.41420430867478
300962.SZ,20260601,13.4,13.89,13.27,13.87,13.33,0.54,4.051,36636.0,50303.887,13.730725788841578
300963.SZ,20260601,14.51,14.96,14.4,14.71,14.65,0.06,0.4096,62565.35,92326.7066,14.756843300644846
300964.SZ,20260601,104.04,114.06,104.04,106.5,103.69,2.81,2.71,95422.65,1038120.11026,108.79179212272979
300965.SZ,20260601,54.15,55.95,52.31,52.68,59.85,-7.17,-11.9799,39686.94,214426.30948,54.029438772553384
300966.SZ,20260601,27.44,27.77,26.87,27.04,27.42,-0.38,-1.3858,36655.0,99658.157,27.188148138043925
300967.SZ,20260601,19.03,21.4,18.41,21.02,17.84,3.18,17.8251,253252.01,507087.61742,20.023044137734583
300968.SZ,20260601,10.97,12.36,10.91,11.76,10.75,1.01,9.3953,188379.71,223294.05897,11.853402840995988
300969.SZ,20260601,106.78,110.0,101.77,102.28,107.45,-5.17,-4.8115,35892.81,376507.84974,104.89784715657537
300970.SZ,20260601,28.26,29.25,28.16,29.0,28.26,0.74,2.6185,50289.9,145571.2822,28.946425067458872
300971.SZ,20260601,21.4,22.21,21.31,22.01,21.31,0.7,3.2848,31705.6,69465.23922,21.90945423521397
300972.SZ,20260601,182.64,197.88,180.8,193.38,181.69,11.69,6.434,40087.0,769886.1314,192.0538158006336
300973.SZ,20260601,28.18,28.52,27.75,28.42,28.26,0.16,0.5662,34234.97,96456.957,28.174979268274512
300975.SZ,20260601,37.01,41.21,37.01,38.51,35.81,2.7,7.5398,1002352.29,3953083.21718,39.43806241196895
300976.SZ,20260601,62.83,64.44,59.55,59.55,63.28,-3.73,-5.8944,65141.3,402931.34953,61.85497518931921
300977.SZ,20260601,20.27,20.9,19.93,20.25,20.49,-0.24,-1.1713,29355.96,59767.58105,20.35960706105336
300978.SZ,20260601,9.78,10.12,9.76,10.03,9.81,0.22,2.2426,31030.0,31012.669,9.994414759909766
300979.SZ,20260601,34.15,34.94,33.47,34.82,34.18,0.64,1.8724,25546.21,88160.2296,34.51010134184288
300980.SZ,20260601,27.35,27.97,27.0,27.19,27.29,-0.1,-0.3664,34516.65,94710.9238,27.439199284982756
300981.SZ,20260601,12.63,12.78,12.34,12.74,12.64,0.1,0.7911,53745.21,68074.1889,12.666094131923568
300982.SZ,20260601,21.64,22.9,21.2,22.27,21.64,0.63,2.9113,66303.0,147996.01832,22.321164701446392
300983.SZ,20260601,35.0,35.99,34.56,34.99,35.11,-0.12,-0.3418,11970.54,42367.56408,35.3931936905102
300984.SZ,20260601,57.23,57.23,55.94,56.26,56.99,-0.73,-1.2809,25740.89,145647.8071,56.582273223653104
300985.SZ,20260601,23.15,24.42,23.15,23.83,23.32,0.51,2.187,47023.73,112144.14728,23.84841595509331
300986.SZ,20260601,19.31,20.31,19.2,19.74,19.39,0.35,1.8051,177495.47,352416.56048,19.854960832521527
300987.SZ,20260601,14.2,15.16,14.13,14.93,14.28,0.65,4.5518,63038.7,93881.0458,14.89260498709523
300988.SZ,20260601,18.0,18.63,17.7,18.36,17.91,0.45,2.5126,68357.97,125228.25226,18.319480853512765
300989.SZ,20260601,14.01,14.65,13.9,14.47,14.35,0.12,0.8362,24463.68,35322.79326,14.438871527096495
300990.SZ,20260601,80.82,82.33,77.75,77.8,81.0,-3.2,-3.9506,44289.44,352710.46975,79.63759978676632
300991.SZ,20260601,40.2,41.11,38.38,38.65,39.4,-0.75,-1.9036,40022.69,158173.52905,39.520963995673455
300992.SZ,20260601,26.72,28.68,26.33,28.14,26.75,1.39,5.1963,30965.95,86430.18911,27.911363646198488
300993.SZ,20260601,10.59,11.09,10.54,10.94,10.61,0.33,3.1103,48343.34,52664.25328,10.893797011129145
300994.SZ,20260601,12.29,13.01,12.22,12.86,12.39,0.47,3.7934,25570.04,32721.01498,12.796622523859956
300995.SZ,20260601,32.3,35.75,32.2,33.96,32.07,1.89,5.8934,32137.31,110810.71533,34.48039531933445
300996.SZ,20260601,11.85,12.83,11.75,12.64,11.83,0.81,6.847,186224.06,231405.70744,12.426198174392717
300997.SZ,20260601,18.82,20.19,18.38,19.9,19.26,0.64,3.3229,199131.66,386921.07147,19.430414604588744
300998.SZ,20260601,27.99,28.2,26.73,27.27,27.91,-0.64,-2.2931,43756.0,119515.996,27.314195995977695
300999.SZ,20260601,26.48,27.59,26.21,27.44,26.76,0.68,2.5411,183649.19,495107.72944,26.959428976517678
301000.SZ,20260601,31.39,31.6,30.29,30.32,30.77,-0.45,-1.4625,43613.12,134211.50671,30.773195476498813
301001.SZ,20260601,26.62,28.39,26.03,27.92,26.63,1.29,4.8442,20624.84,56841.85565,27.559901385901657
301002.SZ,20260601,49.51,50.26,47.9,48.34,49.52,-1.18,-2.3829,58430.09,286412.91752,49.01805174696805
301003.SZ,20260601,51.8,52.99,50.6,51.54,51.9,-0.36,-0.6936,19348.06,99958.1056,51.663115371773706
301004.SZ,20260601,38.34,39.37,38.11,39.06,38.47,0.59,1.5337,6000.8,23380.311,38.96199006799093
301005.SZ,20260601,144.11,144.77,138.39,138.47,142.38,-3.91,-2.7462,40066.79,564561.2713,140.9050416317354
301006.SZ,20260601,15.08,15.72,14.86,15.57,15.24,0.33,2.1654,25906.0,40123.988,15.488299235698292
301007.SZ,20260601,34.91,35.0,33.78,34.15,34.56,-0.41,-1.1863,34957.17,119886.44282,34.295236948528725
301008.SZ,20260601,27.01,27.32,25.27,25.38,28.46,-3.08,-10.8222,73924.11,192278.29493,26.01022791211149
301009.SZ,20260601,9.51,9.93,9.46,9.81,9.6,0.21,2.1875,38815.0,37875.819,9.758036583794926
301010.SZ,20260601,19.53,21.14,19.32,20.71,19.74,0.97,4.9139,28799.0,59435.341,20.63798777735338
301011.SZ,20260601,16.95,17.44,16.81,17.28,16.7,0.58,3.4731,23868.31,41122.97075,17.22910870103497
301012.SZ,20260601,33.14,33.9,32.58,32.79,33.12,-0.33,-0.9964,91239.78,303065.73213,33.21640321031025
301013.SZ,20260601,43.31,51.31,43.31,46.3,44.34,1.96,4.4204,684475.86,3262159.55398,47.659234526985365
301015.SZ,20260601,21.9,22.26,21.79,21.82,21.81,0.01,0.0459,34964.97,76745.87187,21.949360136731137
301016.SZ,20260601,15.48,16.29,15.3,15.71,15.56,0.15,0.964,45504.24,72650.00653,15.965546623787146
301017.SZ,20260601,13.84,15.14,13.8,14.66,13.83,0.83,6.0014,168332.99,246506.17598,14.643961114217719
301018.SZ,20260601,144.01,145.01,131.98,132.93,143.3,-10.37,-7.2366,108246.57,1480433.3196,136.76491731793442
301019.SZ,20260601,21.19,21.89,21.14,21.75,21.25,0.5,2.3529,14354.61,31045.8124,21.627764460337133
301020.SZ,20260601,25.08,26.05,25.03,25.68,25.81,-0.13,-0.5037,46551.97,119835.8649,25.74238316874667
301021.SZ,20260601,95.32,103.34,95.32,96.3,96.47,-0.17,-0.1762,110397.64,1094404.47706,99.13295946000295
301022.SZ,20260601,27.6,28.2,27.12,27.64,27.24,0.4,1.4684,16948.3,47052.68976,27.762483411315593
301023.SZ,20260601,38.3,39.09,38.1,38.4,38.5,-0.1,-0.2597,22921.75,88591.17519,38.64939421728271
301024.SZ,20260601,47.25,49.39,45.5,46.82,47.5,-0.68,-1.4316,11866.61,56684.92924,47.76842690540938
301025.SZ,20260601,9.47,9.97,9.47,9.78,9.5,0.28,2.9474,63095.56,61702.98868,9.779291709273997
301026.SZ,20260601,22.64,24.5,22.64,23.65,23.05,0.6,2.603,92854.65,220982.65996,23.798771516558407
301027.SZ,20260601,20.9,21.41,20.85,21.08,20.96,0.12,0.5725,36810.05,77727.2477,21.115768030741606
301028.SZ,20260601,20.08,21.19,19.5,20.16,20.32,-0.16,-0.7874,145689.68,298152.99358,20.46493571679202
301029.SZ,20260601,28.22,28.5,27.35,27.42,28.57,-1.15,-4.0252,158587.5,441451.01719,27.836432076298575
301030.SZ,20260601,13.23,14.25,13.16,14.25,13.36,0.89,6.6617,96357.26,132326.44424,13.732898199886549
301031.SZ,20260601,173.27,178.58,164.05,169.29,174.68,-5.39,-3.0856,44854.51,765849.33338,170.74076461430522
301032.SZ,20260601,10.94,11.53,10.79,11.38,10.96,0.42,3.8321,52355.0,59294.94,11.325554388310572
301033.SZ,20260601,49.05,49.87,48.88,49.28,49.05,0.23,0.4689,6483.0,31986.95244,49.339738454419255
301035.SZ,20260601,55.14,55.56,53.29,54.59,52.18,2.41,4.6186,27301.44,148633.00269,54.441451692657964
301036.SZ,20260601,24.25,25.34,24.08,24.85,24.2,0.65,2.686,13817.76,34404.96846,24.8990925157189
301037.SZ,20260601,15.09,16.05,14.9,15.75,15.15,0.6,3.9604,20763.0,32498.939,15.652332996195156
301038.SZ,20260601,19.3,19.93,18.63,19.65,20.19,-0.54,-2.6746,73966.03,143380.58037,19.384652707465847
301039.SZ,20260601,8.1,8.21,7.99,8.15,8.12,0.03,0.3695,128272.13,103907.19708,8.100527922940081
301040.SZ,20260601,29.6,30.88,29.6,29.93,29.95,-0.02,-0.0668,23180.0,69814.807,30.118553494391715
301041.SZ,20260601,34.98,36.49,34.04,34.5,34.56,-0.06,-0.1736,107439.94,377290.86541,35.11644416499116
301042.SZ,20260601,95.9,102.88,95.0,102.31,95.88,6.43,6.7063,12624.95,124273.1665,98.43458112705397
301043.SZ,20260601,45.38,46.66,45.13,45.79,45.42,0.37,0.8146,9013.0,41421.33,45.95731720847665
301045.SZ,20260601,51.6,53.46,50.61,51.14,52.53,-1.39,-2.6461,46670.96,242004.21634,51.85327585719257
301046.SZ,20260601,26.5,27.25,26.26,26.49,26.61,-0.12,-0.451,33762.67,90311.79652,26.74900904460459
301047.SZ,20260601,62.64,64.26,62.58,63.7,63.25,0.45,0.7115,9729.6,62003.92883,63.727109881187296
301048.SZ,20260601,9.73,9.95,9.61,9.92,9.71,0.21,2.1627,49068.36,48373.39568,9.85836813783872
301049.SZ,20260601,21.25,22.34,21.01,22.01,21.25,0.76,3.5765,17525.5,38486.2435,21.960140081595387
301050.SZ,20260601,37.3,38.45,37.23,37.79,37.77,0.02,0.053,45743.38,173128.23812,37.847714384026716
301051.SZ,20260601,17.77,18.79,17.46,17.51,17.77,-0.26,-1.4631,76867.11,138304.06058,17.992618765034877
301052.SZ,20260601,27.6,29.13,27.6,28.44,27.91,0.53,1.899,38100.0,108752.505,28.543964566929137
301053.SZ,20260601,44.2,45.8,41.81,43.2,43.65,-0.45,-1.0309,88763.02,383403.16852,43.19402027105432
301055.SZ,20260601,34.11,34.27,32.35,32.99,34.27,-1.28,-3.735,70469.0,233318.504,33.10938199775788
301056.SZ,20260601,13.6,13.6,13.11,13.21,13.51,-0.3,-2.2206,31929.0,42549.471,13.32627736540449
301057.SZ,20260601,30.43,31.49,29.91,30.04,30.43,-0.39,-1.2816,19369.57,59046.39285,30.48410101514902
301058.SZ,20260601,8.95,9.17,8.82,9.13,8.88,0.25,2.8153,60966.29,55069.24119,9.032736154684827
301059.SZ,20260601,14.12,14.43,13.91,14.3,14.06,0.24,1.707,30700.4,43705.25111,14.236052660551653
301060.SZ,20260601,9.69,9.92,9.67,9.83,9.76,0.07,0.7172,55465.0,54572.141,9.839022987469576
301061.SZ,20260601,41.88,43.68,41.41,42.73,41.88,0.85,2.0296,26119.37,111970.30486,42.8686851405681
301062.SZ,20260601,6.77,7.07,6.76,6.99,6.8,0.19,2.7941,81337.0,56668.236,6.967091975361766
301063.SZ,20260601,20.02,20.88,19.68,20.71,20.1,0.61,3.0348,21935.23,45205.64698,20.608695226810934
301065.SZ,20260601,20.6,21.77,20.6,21.44,20.83,0.61,2.9285,17893.4,38299.9657,21.404521052455095
301066.SZ,20260601,14.38,14.7,14.2,14.38,14.38,0.0,0.0,40884.37,59157.98944,14.469585672960106
301067.SZ,20260601,33.25,33.59,32.3,32.31,33.95,-1.64,-4.8306,36745.23,120954.14939,32.91696619942235
301068.SZ,20260601,30.6,30.6,28.1,30.09,28.74,1.35,4.6973,19451.0,57737.544,29.683586447997534
301069.SZ,20260601,19.29,19.85,19.21,19.33,19.38,-0.05,-0.258,71984.89,140536.41148,19.523043166420067
301070.SZ,20260601,92.16,95.66,89.56,93.78,93.83,-0.05,-0.0533,22840.9,212860.22272,93.19257241177012
301071.SZ,20260601,76.87,80.2,72.51,72.74,78.27,-5.53,-7.0653,298512.36,2235639.90008,74.89270796291316
301072.SZ,20260601,21.9,23.39,21.62,23.02,22.0,1.02,4.6364,19055.0,43441.933,22.798180530044604
301073.SZ,20260601,22.88,23.38,22.76,23.17,22.96,0.21,0.9146,26408.0,61136.31116,23.150678264162373
301075.SZ,20260601,73.85,78.88,73.85,76.33,74.59,1.74,2.3328,15709.0,121133.415,77.11083773632949
301076.SZ,20260601,28.34,29.36,28.15,28.24,28.4,-0.16,-0.5634,48531.15,139168.26701,28.676070319784305
301077.SZ,20260601,26.85,27.92,26.7,27.51,27.13,0.38,1.4007,16808.59,46267.23722,27.5259478754613
301078.SZ,20260601,9.05,9.55,9.0,9.51,9.14,0.37,4.0481,453665.18,426632.84499,9.404134674607384
301079.SZ,20260601,36.01,36.33,35.11,35.92,35.47,0.45,1.2687,37865.28,136018.13831,35.92159844321764
301080.SZ,20260601,40.48,41.2,39.87,40.08,40.55,-0.47,-1.1591,21579.66,87015.45242,40.32290240902776
301081.SZ,20260601,19.69,19.78,18.94,19.62,19.78,-0.16,-0.8089,62056.62,119570.15511,19.267912933382448
301082.SZ,20260601,10.48,10.8,10.4,10.67,10.44,0.23,2.2031,61267.86,65345.96224,10.665618521684943
301083.SZ,20260601,15.15,15.98,15.0,15.68,15.2,0.48,3.1579,23080.06,36141.22201,15.659067615075521
301085.SZ,20260601,73.93,77.32,72.96,72.99,74.31,-1.32,-1.7763,40240.09,301541.30047,74.93554325300964
301086.SZ,20260601,161.52,165.5,156.6,156.7,161.1,-4.4,-2.7312,24742.55,398193.84796,160.93484623048147
301087.SZ,20260601,47.89,47.92,46.52,47.01,47.09,-0.08,-0.1699,20649.3,96947.17202,46.949374564755225
301088.SZ,20260601,14.42,15.1,14.26,14.9,14.39,0.51,3.5441,21799.0,32423.235,14.873725858984358
301089.SZ,20260601,24.12,24.59,24.01,24.42,24.37,0.05,0.2052,14466.98,35271.86296,24.380944025636314
301090.SZ,20260601,7.21,7.35,7.17,7.28,7.19,0.09,1.2517,84446.53,61511.51626,7.284078606900721
301091.SZ,20260601,18.35,18.95,18.29,18.69,18.4,0.29,1.5761,44131.15,82644.58011,18.727039768961376
301092.SZ,20260601,45.71,52.8,45.06,50.4,45.9,4.5,9.8039,82918.96,409758.53488,49.41674797657857
301093.SZ,20260601,126.22,131.99,125.0,127.1,124.98,2.12,1.6963,49428.8,636431.47374,128.75721719726153
301095.SZ,20260601,94.9,95.58,89.14,89.4,93.51,-4.11,-4.3953,85536.17,783315.04662,91.5770540836701
301096.SZ,20260601,54.0,61.51,52.26,58.4,64.6,-6.2,-9.5975,110265.84,628102.74656,56.96258665058916
301097.SZ,20260601,52.59,54.07,50.98,53.05,52.92,0.13,0.2457,12412.0,66026.289,53.19552771511441
301098.SZ,20260601,9.94,10.04,9.6,9.68,9.94,-0.26,-2.6157,130903.84,128368.38624,9.806311735392942
301099.SZ,20260601,65.17,69.51,64.53,64.74,66.44,-1.7,-2.5587,108635.03,727521.59369,66.96933702600349
301100.SZ,20260601,16.33,16.95,16.23,16.77,16.28,0.49,3.0098,19765.57,33116.8103,16.75479649714124
301101.SZ,20260601,32.68,33.4,32.61,32.97,32.68,0.29,0.8874,19190.0,63398.314,33.037162063574776
301102.SZ,20260601,9.9,10.24,9.71,10.1,9.82,0.28,2.8513,28054.39,28235.135,10.064426636971968
301103.SZ,20260601,16.88,17.86,16.21,17.78,17.0,0.78,4.5882,30902.58,53949.97955,17.458082642290705
301105.SZ,20260601,53.3,54.74,52.74,53.06,53.32,-0.26,-0.4876,4712.0,25332.721,53.76214134125637
301106.SZ,20260601,25.02,27.76,24.79,26.56,25.84,0.72,2.7864,95882.34,254947.06238,26.589574511844415
301107.SZ,20260601,19.02,22.82,18.86,22.82,19.02,3.8,19.979,92270.63,202704.2372,21.968446210890722
301108.SZ,20260601,22.71,24.83,22.3,24.43,22.89,1.54,6.7278,32656.35,77876.63767,23.847318414335955
301109.SZ,20260601,14.5,14.85,14.37,14.57,14.39,0.18,1.2509,76526.58,111489.23636,14.568694479748082
301110.SZ,20260601,43.06,45.88,42.61,45.86,43.38,2.48,5.7169,68562.87,304885.33094,44.467994256949865
301111.SZ,20260601,26.88,27.48,25.9,26.9,27.21,-0.31,-1.1393,53431.37,143226.16409,26.80563198922281
301112.SZ,20260601,33.4,36.4,32.82,33.5,33.02,0.48,1.4537,27868.65,96998.23905,34.80550333439187
301113.SZ,20260601,18.41,19.3,18.1,18.76,18.48,0.28,1.5152,17685.53,33456.61523,18.917507832674513
301115.SZ,20260601,30.28,30.97,28.88,29.05,29.99,-0.94,-3.1344,65201.67,193537.54525,29.682912301172657
301116.SZ,20260601,9.53,10.1,9.42,10.1,9.5,0.6,6.3158,60828.41,59896.02479,9.846718793077116
301117.SZ,20260601,26.16,27.5,25.97,27.17,26.2,0.97,3.7023,63373.86,171156.4631,27.007422792299536
301118.SZ,20260601,30.5,31.16,29.86,30.07,29.96,0.11,0.3672,37961.99,114996.96104,30.292658798972344
301119.SZ,20260601,35.51,36.0,34.79,35.09,34.32,0.77,2.2436,14118.88,50061.98212,35.457474048933065
301120.SZ,20260601,25.93,27.39,24.85,27.15,25.79,1.36,5.2734,429586.68,1137501.51527,26.478975448447333
301121.SZ,20260601,36.76,38.11,36.52,37.6,36.82,0.78,2.1184,13111.8,49384.8204,37.66440946323159
301122.SZ,20260601,27.81,28.84,27.67,27.92,27.97,-0.05,-0.1788,23153.5,65246.5935,28.18001317295441
301123.SZ,20260601,88.04,93.58,85.68,88.75,88.28,0.47,0.5324,166540.59,1494319.19819,89.72702679809169
301125.SZ,20260601,15.8,16.56,15.8,16.25,15.8,0.45,2.8481,35599.58,57963.86104,16.28217553128436
301126.SZ,20260601,10.21,10.67,10.11,10.6,10.21,0.39,3.8198,43730.81,45986.27602,10.515761317935798
301127.SZ,20260601,14.0,14.65,13.9,14.25,13.9,0.35,2.518,143952.31,206627.95029,14.353916952774153
301128.SZ,20260601,125.29,135.53,124.49,128.01,123.78,4.23,3.4174,68046.75,887331.57642,130.4002875111596
301129.SZ,20260601,25.51,26.68,25.41,26.17,25.52,0.65,2.547,27848.21,72847.58621,26.158803818988723
301130.SZ,20260601,27.85,29.16,27.6,28.9,28.16,0.74,2.6278,12001.22,34441.74476,28.69853628214465
301131.SZ,20260601,37.16,38.36,36.71,38.05,36.88,1.17,3.1725,11178.76,42429.39579,37.9553687439394
301132.SZ,20260601,39.76,41.22,39.12,39.45,40.26,-0.81,-2.0119,66713.76,266029.14517,39.876203225541474
301133.SZ,20260601,40.7,41.04,39.5,39.54,40.73,-1.19,-2.9217,16053.91,64677.00099,40.287382319945735
301135.SZ,20260601,18.13,19.13,17.74,18.69,18.0,0.69,3.8333,31248.54,58248.74208,18.64046834828123
301136.SZ,20260601,13.48,14.06,13.3,13.86,13.47,0.39,2.8953,56752.0,78612.926,13.85200979701156
301137.SZ,20260601,41.42,42.42,41.0,41.02,42.04,-1.02,-2.4263,44792.67,186511.8821,41.63892933821538
301138.SZ,20260601,28.58,29.72,28.46,29.4,28.59,0.81,2.8332,12287.0,36083.73,29.367404573939936
301139.SZ,20260601,4.15,5.17,4.12,5.17,4.31,0.86,19.9536,289717.5,134124.19065,4.6294818452458
301141.SZ,20260601,48.39,48.76,47.1,47.39,47.88,-0.49,-1.0234,16196.2,77451.056,47.82051098405798
301148.SZ,20260601,63.4,64.46,60.0,60.16,63.7,-3.54,-5.5573,29782.58,183831.85204,61.72462293058559
301149.SZ,20260601,11.58,11.87,11.52,11.79,11.55,0.24,2.0779,55531.32,65328.102,11.764190370407185
301150.SZ,20260601,64.8,66.8,63.03,63.31,65.8,-2.49,-3.7842,87774.4,568136.39814,64.72689054439563
301151.SZ,20260601,15.83,16.34,15.79,16.21,15.85,0.36,2.2713,17926.97,28923.10539,16.1338505001124
301152.SZ,20260601,27.27,28.4,27.21,27.72,27.31,0.41,1.5013,34806.91,97299.14542,27.953973914949643
301153.SZ,20260601,18.74,19.73,18.45,19.43,18.38,1.05,5.7127,68881.0,132622.22,19.253817453289006
301155.SZ,20260601,62.17,63.56,61.0,61.13,62.17,-1.04,-1.6728,32648.74,203317.85787,62.274335202522366
301156.SZ,20260601,13.15,14.01,12.96,13.88,13.15,0.73,5.5513,49935.85,68626.6077,13.742953749660813
301157.SZ,20260601,69.38,70.88,68.5,68.59,70.47,-1.88,-2.6678,11131.0,77365.11,69.50418650615399
301158.SZ,20260601,16.35,16.8,16.2,16.47,16.4,0.07,0.4268,44996.16,74683.20736,16.597684637977995
301159.SZ,20260601,34.08,36.62,33.71,36.04,33.9,2.14,6.3127,25511.37,91081.94979,35.702492570959535
301160.SZ,20260601,54.0,54.91,53.06,53.69,53.85,-0.16,-0.2971,16622.0,89451.4525,53.8150959571652
301161.SZ,20260601,30.34,31.77,30.01,31.0,30.66,0.34,1.1089,26186.0,81413.244,31.0903704269457
301162.SZ,20260601,46.81,51.78,46.67,50.63,47.22,3.41,7.2215,69226.06,348170.77702,50.2947556194878
301163.SZ,20260601,25.76,27.69,25.73,27.1,25.9,1.2,4.6332,22988.45,62231.6888,27.070850274811917
301165.SZ,20260601,65.05,67.69,61.25,61.4,64.46,-3.06,-4.7471,122422.03,777353.27207,63.49782568300819
301166.SZ,20260601,27.62,28.68,27.56,28.44,27.66,0.78,2.82,9602.85,27184.59195,28.308879082772304
301167.SZ,20260601,15.0,15.7,14.85,15.56,15.18,0.38,2.5033,34485.4,53231.6061,15.435983372673652
301168.SZ,20260601,40.56,41.67,40.1,41.21,40.25,0.96,2.3851,19730.7,80657.4106,40.87914295995581
301169.SZ,20260601,80.81,82.88,79.25,79.88,80.88,-1.0,-1.2364,17121.51,138412.77897,80.84145555502992
301170.SZ,20260601,25.07,26.04,24.84,25.87,25.06,0.81,3.2322,16743.17,43000.15488,25.682206463889457
301171.SZ,20260601,43.13,49.71,42.5,46.43,42.31,4.12,9.7377,1308014.89,6038941.10917,46.16874895950153
301172.SZ,20260601,31.56,33.29,31.51,32.29,31.95,0.34,1.0642,60127.37,194446.70258,32.339133173461605
301173.SZ,20260601,36.5,37.09,35.84,37.05,36.28,0.77,2.1224,8825.0,32359.055,36.66748441926346
301175.SZ,20260601,5.68,5.86,5.63,5.85,5.67,0.18,3.1746,228007.08,131831.48257,5.781903025555172
301176.SZ,20260601,45.03,46.67,43.02,43.19,46.24,-3.05,-6.596,105850.9,466327.71679,44.055148968029556
301177.SZ,20260601,25.91,26.68,25.77,26.01,26.13,-0.12,-0.4592,16013.74,41692.60818,26.03552210788985
301178.SZ,20260601,57.56,58.38,52.8,53.1,56.55,-3.45,-6.1008,37503.64,205825.24223,54.881404106374745
301179.SZ,20260601,23.3,23.66,22.81,23.44,23.46,-0.02,-0.0853,69721.18,162576.53616,23.3180987699864
301180.SZ,20260601,15.52,15.96,15.34,15.34,15.1,0.24,1.5894,49623.56,77594.09904,15.636544222139646
301181.SZ,20260601,29.88,31.83,29.8,31.55,30.16,1.39,4.6088,28611.11,89037.33401,31.119846105236743
301182.SZ,20260601,77.78,79.87,74.33,75.05,78.08,-3.03,-3.8806,31474.62,242183.77432,76.94573415659983
301183.SZ,20260601,252.0,254.89,218.0,218.61,256.9,-38.29,-14.9046,83067.53,1925602.51389,231.81169752970868
301185.SZ,20260601,15.51,17.18,15.51,16.78,15.7,1.08,6.879,60362.14,100642.61132,16.673135067775927
301186.SZ,20260601,63.9,65.88,63.16,65.16,63.9,1.26,1.9718,12147.0,78826.574,64.89386185889519
301187.SZ,20260601,18.48,18.76,18.25,18.68,18.25,0.43,2.3562,12378.4,23012.669,18.590988334518194
301188.SZ,20260601,43.57,47.5,43.06,44.22,42.26,1.96,4.638,241777.24,1099449.72505,45.473665141102614
301189.SZ,20260601,98.0,112.98,96.0,108.56,100.3,8.26,8.2353,81104.45,870182.01054,107.29152476097183
301190.SZ,20260601,22.35,22.61,21.92,21.98,22.37,-0.39,-1.7434,21626.0,48035.266,22.21181263294183
301191.SZ,20260601,152.65,156.97,140.01,141.2,152.6,-11.4,-7.4705,50494.13,739382.63703,146.42942398056962
301192.SZ,20260601,22.96,23.98,22.67,23.51,22.57,0.94,4.1648,20516.0,48299.83796,23.542521914603235
301193.SZ,20260601,20.98,21.47,20.41,21.0,21.06,-0.06,-0.2849,56960.96,119148.70149,20.91760768954737
301195.SZ,20260601,28.4,29.25,28.33,28.92,28.52,0.4,1.4025,12177.5,35206.4875,28.911096284130572
301196.SZ,20260601,121.86,125.97,117.94,118.5,121.94,-3.44,-2.8211,38506.29,464748.70212,120.69422998684111
301197.SZ,20260601,30.45,32.74,29.8,31.44,29.88,1.56,5.2209,43962.09,138510.86495,31.506888082436483
301198.SZ,20260601,17.6,18.7,17.33,18.5,17.63,0.87,4.9348,68445.46,125604.31196,18.3510070587589
301199.SZ,20260601,19.42,20.13,19.3,19.95,19.43,0.52,2.6763,17285.2,34297.0918,19.84188311387777
301200.SZ,20260601,280.0,290.01,269.89,275.8,279.0,-3.2,-1.147,42107.78,1170386.09403,277.95008286592173
301201.SZ,20260601,32.94,34.17,32.81,33.31,33.04,0.27,0.8172,55039.96,183912.8288,33.41441905117664
301202.SZ,20260601,38.98,40.5,38.51,39.43,39.09,0.34,0.8698,29670.54,117211.1097,39.50420508019065
301203.SZ,20260601,43.5,45.36,42.26,43.8,43.99,-0.19,-0.4319,10948.0,48152.011,43.98247259773474
301205.SZ,20260601,316.51,328.88,305.83,312.69,316.02,-3.33,-1.0537,119038.76,3757558.05421,315.65836658664796
301206.SZ,20260601,24.84,25.62,24.84,25.55,24.93,0.62,2.487,11171.5,28319.568,25.349834847603276
301207.SZ,20260601,17.98,18.31,17.93,18.21,18.02,0.19,1.0544,40147.07,72945.1632,18.16948614182803
301208.SZ,20260601,29.12,30.49,29.07,30.07,28.96,1.11,3.8329,18089.59,54277.15296,30.004634134880888
301209.SZ,20260601,85.93,94.36,85.93,91.47,85.8,5.67,6.6084,25665.62,236166.92027,92.01683819444065
301210.SZ,20260601,39.91,40.71,39.23,39.35,40.26,-0.91,-2.2603,28504.39,113504.2714,39.8199264744834
301211.SZ,20260601,10.16,10.28,10.05,10.24,10.16,0.08,0.7874,27125.24,27619.25295,10.182122978451066
301212.SZ,20260601,29.52,30.33,29.35,30.33,29.79,0.54,1.8127,15649.0,46726.648,29.85919100261998
301213.SZ,20260601,64.61,66.61,64.61,66.0,65.0,1.0,1.5385,9894.5,65294.761,65.99096568800849
301215.SZ,20260601,5.77,5.96,5.75,5.88,5.78,0.1,1.7301,132814.0,78238.796,5.890854578583583
301216.SZ,20260601,25.26,25.6,24.91,25.07,24.86,0.21,0.8447,84715.16,213427.61757,25.19355656885969
301217.SZ,20260601,110.54,115.25,96.92,104.89,114.0,-9.11,-7.9912,370829.03,4010480.59684,108.14904639046192
301218.SZ,20260601,33.5,39.08,33.3,38.2,33.75,4.45,13.1852,119931.12,450163.97798,37.53521004223091
301219.SZ,20260601,76.31,78.55,76.21,76.53,77.71,-1.18,-1.5185,54033.61,417512.55115,77.26904627508694
301220.SZ,20260601,37.68,39.1,37.58,38.61,38.15,0.46,1.2058,13764.8,52927.4892,38.45133180285947
301221.SZ,20260601,31.76,33.65,31.7,32.88,31.77,1.11,3.4939,34233.05,113161.0844,33.05609181770248
301222.SZ,20260601,35.89,35.98,31.91,32.62,35.88,-3.26,-9.0858,115997.9,388584.24212,33.49924801397267
301223.SZ,20260601,17.08,17.84,17.03,17.73,17.12,0.61,3.5631,27112.51,47403.57108,17.484021612163538
301225.SZ,20260601,92.8,100.8,91.04,93.7,91.04,2.66,2.9218,27395.19,262924.14182,95.97456408223488
301226.SZ,20260601,36.46,37.65,36.3,36.42,36.93,-0.51,-1.381,33499.04,123671.29478,36.917862356652606
301227.SZ,20260601,30.55,32.0,30.55,31.44,30.72,0.72,2.3438,12590.57,39522.78925,31.390786318649596
301228.SZ,20260601,63.05,71.15,62.71,70.45,62.6,7.85,12.5399,74192.3,510975.38966,68.87175483978795
301229.SZ,20260601,14.69,15.55,14.51,15.12,14.6,0.52,3.5616,39184.0,59473.23539,15.177938798999593
301230.SZ,20260601,35.87,36.41,34.63,35.61,35.34,0.27,0.764,52477.64,187901.56353,35.80602396182451
301231.SZ,20260601,33.4,35.82,32.52,33.95,33.69,0.26,0.7717,155743.77,528913.90119,33.960517405607945
301232.SZ,20260601,132.48,136.06,128.5,128.74,132.48,-3.74,-2.8231,38894.74,512194.11828,131.68724569954702
301233.SZ,20260601,65.65,66.64,63.25,64.14,66.13,-1.99,-3.0092,18565.79,120732.50406,65.02955385146552
301234.SZ,20260601,35.05,41.8,35.05,40.31,35.4,4.91,13.8701,37466.82,146471.852,39.09375068393849
301235.SZ,20260601,65.19,65.77,60.32,61.01,65.6,-4.59,-6.997,48172.37,300782.85489,62.43887416998582
301236.SZ,20260601,34.35,39.65,34.31,39.65,33.04,6.61,20.0061,379416.6,1447335.04064,38.14632888070791
301237.SZ,20260601,68.09,69.77,65.49,66.28,68.5,-2.22,-3.2409,18515.9,125412.54827,67.73235342057366
301238.SZ,20260601,25.29,26.24,24.9,24.91,25.43,-0.52,-2.0448,302412.73,769003.53429,25.428940583618953
301239.SZ,20260601,38.23,38.88,37.88,38.52,38.64,-0.12,-0.3106,17054.65,65448.27775,38.37562057855189
301246.SZ,20260601,32.49,33.08,31.65,31.71,32.48,-0.77,-2.3707,138291.17,445431.66281,32.2096965995732
301248.SZ,20260601,81.42,82.5,76.02,76.08,79.99,-3.91,-4.8881,69719.54,548775.0548,78.71180085238659
301251.SZ,20260601,52.0,52.9,49.55,50.16,52.0,-1.84,-3.5385,81476.08,416019.65452,51.06034243670044
301252.SZ,20260601,32.86,34.65,32.83,33.71,32.86,0.85,2.5867,35076.01,119139.44764,33.96607756697526
301255.SZ,20260601,24.75,25.6,24.5,25.09,25.0,0.09,0.36,28570.32,71934.8578,25.17817714327316
301256.SZ,20260601,11.61,11.91,11.54,11.75,11.6,0.15,1.2931,57867.61,68182.77785,11.782546030499617
301257.SZ,20260601,43.0,44.0,42.0,42.42,43.0,-0.58,-1.3488,20493.1,88066.2547,42.97361292337421
301258.SZ,20260601,26.78,27.46,26.18,27.18,26.38,0.8,3.0326,9706.79,26292.7868,27.087004869787027
301259.SZ,20260601,34.86,36.93,34.28,35.69,34.66,1.03,2.9717,42708.5,151780.2225,35.53864511748247
301260.SZ,20260601,15.5,15.92,15.41,15.62,15.57,0.05,0.3211,31928.0,50156.461,15.709239852167379
301261.SZ,20260601,90.0,91.76,87.55,87.6,91.07,-3.47,-3.8103,27006.11,241524.02989,89.43310602304442
301262.SZ,20260601,21.6,22.35,21.5,22.02,21.46,0.56,2.6095,37694.0,83219.232,22.077580516793127
301263.SZ,20260601,22.32,22.32,20.89,21.11,21.05,0.06,0.285,66386.6,141518.784,21.31737187926479
301265.SZ,20260601,27.51,29.58,25.88,26.94,27.72,-0.78,-2.8139,163929.37,450744.87019,27.496285149512865
301266.SZ,20260601,25.8,27.06,25.66,25.92,25.79,0.13,0.5041,40677.47,106889.31288,26.277276556285333
301267.SZ,20260601,17.51,17.72,17.37,17.58,17.53,0.05,0.2852,55217.07,96761.39067,17.523818389856615
301268.SZ,20260601,17.1,17.44,16.81,17.02,17.1,-0.08,-0.4678,63040.0,107991.654,17.130655774111673
301269.SZ,20260601,112.11,113.32,105.43,105.75,114.35,-8.6,-7.5208,220752.2,2394386.56796,108.46490172963169
301270.SZ,20260601,27.43,31.88,27.4,30.42,27.64,2.78,10.0579,65020.81,197042.23292,30.304487581744986
301272.SZ,20260601,39.52,40.68,39.24,40.22,39.74,0.48,1.2079,10270.5,41173.848,40.08942894698408
301273.SZ,20260601,42.72,43.25,39.84,41.61,41.8,-0.19,-0.4545,21565.0,90511.48349,41.97147391143056
301275.SZ,20260601,44.71,45.9,44.68,45.32,44.7,0.62,1.387,77115.8,350647.02672,45.47019245342718
301276.SZ,20260601,25.58,25.8,24.79,25.8,25.7,0.1,0.3891,34859.4,88384.0258,25.354431172079842
301277.SZ,20260601,9.86,10.15,9.8,10.09,9.91,0.18,1.8163,22679.84,22768.3182,10.03901182724393
301278.SZ,20260601,34.7,37.3,34.42,35.74,34.84,0.9,2.5832,17762.92,64068.66074,36.06876613754946
301279.SZ,20260601,22.89,23.51,22.62,22.95,22.97,-0.02,-0.0871,21567.87,49844.43177,23.11050269219909
301280.SZ,20260601,40.78,41.67,39.11,39.18,40.77,-1.59,-3.8999,33559.81,134400.24192,40.04797462202557
301281.SZ,20260601,41.9,42.7,39.91,40.16,41.6,-1.44,-3.4615,35811.61,147026.24442,41.05546900013711
301282.SZ,20260601,27.47,29.0,27.0,27.82,27.38,0.44,1.607,133145.44,372674.35427,27.990020106584197
301283.SZ,20260601,27.12,28.29,27.12,27.97,27.12,0.85,3.1342,18621.25,51768.93585,27.800999315298384
301285.SZ,20260601,115.15,117.95,111.0,112.22,115.51,-3.29,-2.8482,50637.31,580453.64589,114.62963690014341
301286.SZ,20260601,53.76,54.99,53.0,53.35,54.08,-0.73,-1.3499,19695.77,106215.58589,53.92812055075785
301287.SZ,20260601,36.39,38.03,36.39,37.6,36.89,0.71,1.9246,9413.64,35253.80416,37.44970506626555
301288.SZ,20260601,16.88,18.06,16.36,18.01,16.78,1.23,7.3302,30274.0,53144.274,17.554427561604015
301289.SZ,20260601,50.95,51.67,49.7,51.1,51.68,-0.58,-1.1223,12814.9,65006.3005,50.72712272432871
301290.SZ,20260601,29.4,32.74,29.4,31.57,29.06,2.51,8.6373,63325.0,200732.037,31.698703039873667
301291.SZ,20260601,58.38,59.75,55.89,56.04,57.75,-1.71,-2.961,93512.94,538095.84593,57.54239423228485
301292.SZ,20260601,71.27,74.22,71.0,72.05,70.86,1.19,1.6794,109140.67,791066.90391,72.48140440314322
301293.SZ,20260601,57.97,59.39,57.68,58.38,58.1,0.28,0.4819,42421.0,248426.59048,58.562172150585795
301295.SZ,20260601,50.41,50.41,47.78,48.64,49.42,-0.78,-1.5783,21972.97,107288.57311,48.8275245039701
301296.SZ,20260601,6.75,7.08,6.71,6.99,6.75,0.24,3.5556,38202.49,26467.12402,6.928114900363824
301297.SZ,20260601,41.2,41.35,39.8,40.07,41.25,-1.18,-2.8606,122493.85,496077.75523,40.4981764578385
301298.SZ,20260601,13.94,14.63,13.8,14.41,13.98,0.43,3.0758,28842.0,41453.984,14.372784134248665
301299.SZ,20260601,51.77,54.44,51.33,53.4,51.7,1.7,3.2882,15600.13,82945.80855,53.169947013262075
301300.SZ,20260601,35.67,36.89,35.14,36.35,35.52,0.83,2.3367,8044.0,29259.074,36.37378667329686
301301.SZ,20260601,8.9,9.06,8.9,9.05,8.9,0.15,1.6854,78227.58,70375.69066,8.996276078078855
301302.SZ,20260601,25.53,27.12,25.38,26.21,25.81,0.4,1.5498,83296.75,219263.10925,26.32312896361503
301303.SZ,20260601,13.4,13.9,13.28,13.81,13.3,0.51,3.8346,29635.4,40470.11414,13.656004015467985
301305.SZ,20260601,30.52,32.47,29.16,30.83,30.82,0.01,0.0324,191008.92,595219.40618,31.161864387275738
301306.SZ,20260601,130.0,131.0,126.52,126.61,129.5,-2.89,-2.2317,15129.8,194641.9762,128.64808272416028
301307.SZ,20260601,58.02,61.0,57.44,58.28,58.28,0.0,0.0,72333.49,427921.14049,59.15947654260841
301308.SZ,20260601,562.31,563.79,504.0,505.8,551.29,-45.49,-8.2516,175347.73,9272437.72214,528.8028377749743
301309.SZ,20260601,32.18,33.56,31.57,32.88,32.3,0.58,1.7957,13018.38,42929.3236,32.975933718327475
301310.SZ,20260601,33.62,34.25,32.46,32.74,33.64,-0.9,-2.6754,90497.37,298943.88016,33.03343292296782
301311.SZ,20260601,14.81,15.31,14.61,15.2,14.81,0.39,2.6334,21243.0,32092.034,15.10711010685873
301312.SZ,20260601,125.69,128.99,116.88,117.05,125.58,-8.53,-6.7925,46392.71,563144.63624,121.38644977626873
301313.SZ,20260601,47.23,50.3,46.33,47.8,47.3,0.5,1.0571,104510.03,501162.53483,47.95353468274768
301314.SZ,20260601,46.1,47.37,45.6,46.05,46.1,-0.05,-0.1085,10051.85,46646.23455,46.405621403025314
301315.SZ,20260601,42.92,45.29,42.33,44.55,43.02,1.53,3.5565,16410.7,72684.6248,44.29099599651447
301316.SZ,20260601,43.34,45.6,42.35,43.58,44.61,-1.03,-2.3089,185526.15,815848.63141,43.974859145732296
301317.SZ,20260601,64.67,66.15,62.5,63.1,64.98,-1.88,-2.8932,39060.63,250278.04791,64.07424762734242
301318.SZ,20260601,22.26,22.98,21.99,22.8,22.18,0.62,2.7953,15833.83,35868.46752,22.65305836932694
301319.SZ,20260601,104.29,115.63,103.43,108.95,107.0,1.95,1.8224,94589.59,1037302.36378,109.66348028149822
301320.SZ,20260601,14.21,15.09,14.1,14.92,14.19,0.73,5.1445,39265.77,58029.70092,14.778699340417878
301321.SZ,20260601,33.81,34.9,31.25,31.45,33.61,-2.16,-6.4267,104809.18,345632.17312,32.977280532106064
301322.SZ,20260601,51.08,53.3,49.81,51.15,52.01,-0.86,-1.6535,105374.24,539548.07747,51.20303382211819
301323.SZ,20260601,79.54,81.5,77.0,77.83,80.3,-2.47,-3.076,21165.0,167668.424,79.2196664304276
301325.SZ,20260601,46.31,48.51,46.28,46.82,47.18,-0.36,-0.763,51939.06,247082.52321,47.57162012751098
301326.SZ,20260601,148.35,149.58,141.27,141.8,147.89,-6.09,-4.1179,15455.91,224427.41417,145.2049178404895
301327.SZ,20260601,55.75,56.68,55.38,55.87,55.29,0.58,1.049,18350.54,102971.27246,56.113483559611865
301328.SZ,20260601,55.91,56.39,52.87,53.76,55.91,-2.15,-3.8455,40873.09,221049.25021,54.08185439613203
301329.SZ,20260601,27.5,31.38,27.5,31.38,26.15,5.23,20.0,268789.38,805234.33643,29.95781814110364
301330.SZ,20260601,27.1,27.97,26.8,27.6,27.2,0.4,1.4706,26290.13,72494.07463,27.574635283279317
301331.SZ,20260601,24.62,25.95,23.63,25.06,24.63,0.43,1.7458,29082.16,73356.07332,25.22373624242491
301332.SZ,20260601,8.69,8.85,8.63,8.82,8.7,0.12,1.3793,22993.69,20198.29745,8.784278404205676
301333.SZ,20260601,50.7,51.33,49.92,50.13,50.74,-0.61,-1.2022,13526.88,68216.83344,50.43057485539904
301335.SZ,20260601,22.8,23.74,22.42,23.45,23.11,0.34,1.4712,26298.86,61090.0018,23.22914445721221
301336.SZ,20260601,39.98,42.49,39.76,41.2,40.28,0.92,2.284,20798.16,85720.90795,41.215620973201474
301337.SZ,20260601,25.45,26.63,25.42,26.27,25.63,0.64,2.4971,17514.52,46021.72556,26.27632704750116
301338.SZ,20260601,244.07,249.99,228.28,234.5,248.92,-14.42,-5.793,55625.38,1328668.46081,238.86011400012012
301339.SZ,20260601,11.48,12.05,11.48,11.91,11.54,0.37,3.2062,64260.41,76052.91119,11.835111414633053
301345.SZ,20260601,207.2,214.62,206.66,212.32,206.25,6.07,2.943,19744.7,417452.6052,211.4251445704417
301348.SZ,20260601,25.6,26.58,25.26,25.28,25.66,-0.38,-1.4809,151026.92,391085.55692,25.895089227801243
301349.SZ,20260601,63.0,63.84,61.5,61.78,63.84,-2.06,-3.2268,95890.94,598304.41778,62.394259330443525
301353.SZ,20260601,25.8,27.3,25.66,26.92,26.19,0.73,2.7873,15399.1,41300.8428,26.82029651083505
301355.SZ,20260601,10.94,11.45,10.85,11.3,10.99,0.31,2.8207,31485.56,35536.84357,11.286711613196651
301356.SZ,20260601,24.83,25.04,24.0,24.85,24.81,0.04,0.1612,23494.18,57869.83402,24.63156152715268
301357.SZ,20260601,91.88,94.44,91.81,92.9,92.8,0.1,0.1078,8979.88,83790.57435,93.30923614792181
301358.SZ,20260601,87.0,88.84,84.96,85.07,88.41,-3.34,-3.7779,242083.47,2102143.63766,86.83548850567946
301359.SZ,20260601,20.44,21.55,20.44,21.2,20.52,0.68,3.3138,19466.2,41276.485,21.204182120804266
301360.SZ,20260601,86.83,86.83,73.62,74.27,87.7,-13.43,-15.3136,121711.53,954679.40569,78.43787730628316
301361.SZ,20260601,39.13,39.99,38.02,39.98,39.16,0.82,2.094,33272.93,130420.33654,39.197130081420546
301362.SZ,20260601,166.09,169.68,151.99,152.5,168.05,-15.55,-9.2532,58945.06,934937.88911,158.6117461090039
301363.SZ,20260601,25.23,25.59,24.88,24.92,25.22,-0.3,-1.1895,70592.24,177511.69015,25.146062817952792
301365.SZ,20260601,32.8,33.67,31.51,33.05,32.01,1.04,3.249,30493.11,99356.76905,32.58335048474885
301366.SZ,20260601,42.78,44.58,42.22,42.36,43.41,-1.05,-2.4188,72292.2,313659.521,43.38774044779382
301367.SZ,20260601,44.58,44.95,44.23,44.63,44.79,-0.16,-0.3572,8068.59,35993.36014,44.609231774077
301368.SZ,20260601,47.1,47.77,46.52,47.31,46.73,0.58,1.2412,19003.45,89582.71715,47.14023882505544
301369.SZ,20260601,182.88,192.85,180.1,182.65,188.4,-5.75,-3.052,21090.64,388994.74707,184.43951775289892
301370.SZ,20260601,9.1,9.61,9.0,9.57,9.04,0.53,5.8628,58752.51,55218.69302,9.39852493450918
301371.SZ,20260601,29.97,30.39,29.01,30.24,30.7,-0.46,-1.4984,42952.85,127563.58638,29.698515088055856
301372.SZ,20260601,35.41,35.81,34.6,35.32,35.56,-0.24,-0.6749,12511.0,44142.966,35.2833234753417
301373.SZ,20260601,141.18,148.88,136.0,140.48,138.6,1.88,1.3564,115192.27,1640376.34502,142.40333531234344
301376.SZ,20260601,17.22,18.52,17.06,18.4,17.62,0.78,4.4268,58946.1,105747.11462,17.939628681117156
301377.SZ,20260601,344.42,355.86,331.11,338.37,350.72,-12.35,-3.5213,66862.5,2278328.37355,340.7483078781081
301378.SZ,20260601,29.18,30.68,28.94,30.02,29.05,0.97,3.3391,27661.55,83283.22495,30.107938618768657
301379.SZ,20260601,30.33,33.0,30.23,31.64,30.14,1.5,4.9768,168333.17,531028.88293,31.546300882351346
301380.SZ,20260601,30.68,32.58,30.55,32.12,30.67,1.45,4.7277,25490.82,81613.67597,32.01688920560421
301381.SZ,20260601,18.96,19.64,18.85,19.26,18.9,0.36,1.9048,45441.97,87299.41134,19.211185461369745
301382.SZ,20260601,42.1,43.42,41.25,42.14,41.42,0.72,1.7383,121949.15,517734.8978,42.454982080645905
301383.SZ,20260601,26.8,29.0,26.7,27.7,26.66,1.04,3.901,29911.0,84181.5955,28.144025776470194
301386.SZ,20260601,23.17,24.07,23.17,23.78,23.28,0.5,2.1478,14243.0,33822.286,23.746602541599383
301387.SZ,20260601,96.0,100.34,90.0,91.35,93.3,-1.95,-2.09,46269.11,432972.62887,93.57703851878716
301388.SZ,20260601,28.02,29.71,27.97,29.2,28.27,0.93,3.2897,18258.89,53295.09032,29.188570783875694
301389.SZ,20260601,87.35,89.35,80.05,80.2,87.35,-7.15,-8.1855,138565.6,1144282.7134,82.58057652115676
301390.SZ,20260601,33.04,34.64,32.72,34.32,32.88,1.44,4.3796,10749.11,36592.88684,34.04271315485654
301391.SZ,20260601,64.88,65.5,62.56,63.05,64.88,-1.83,-2.8206,14022.0,89567.931,63.876715875053485
301392.SZ,20260601,175.0,178.84,165.33,166.49,177.0,-10.51,-5.9379,44502.41,762459.54565,171.32994497376657
301393.SZ,20260601,55.89,56.97,55.08,56.19,56.12,0.07,0.1247,14362.0,80536.457,56.07607366662024
301395.SZ,20260601,11.44,13.18,11.44,13.12,11.43,1.69,14.7857,75990.49,95359.81615,12.548914495748084
301396.SZ,20260601,174.0,179.58,168.32,169.77,175.8,-6.03,-3.43,96285.77,1670524.03903,173.4964615259347
301397.SZ,20260601,32.41,32.6,31.71,31.85,32.21,-0.36,-1.1177,31544.36,101487.04622,32.172802434413
301398.SZ,20260601,41.28,41.29,39.22,39.82,41.29,-1.47,-3.5602,21146.93,85194.78298,40.287069082840866
301399.SZ,20260601,18.27,18.92,18.09,18.62,18.31,0.31,1.6931,17923.91,33366.93082,18.615877238839072
301408.SZ,20260601,17.58,18.5,17.18,18.3,17.72,0.58,3.2731,210263.2,378014.29581,17.97814814052102
301413.SZ,20260601,87.72,92.41,87.43,87.63,88.74,-1.11,-1.2508,43037.77,385563.47524,89.58723354857838
301418.SZ,20260601,39.1,40.25,38.66,39.45,38.98,0.47,1.2057,13218.35,52287.5973,39.55682615455031
301419.SZ,20260601,38.02,39.0,37.19,37.4,38.32,-0.92,-2.4008,64566.67,244768.41311,37.90940637173947
301421.SZ,20260601,96.19,96.66,89.72,89.95,97.0,-7.05,-7.268,66064.74,613538.63555,92.86930298219595
301428.SZ,20260601,30.89,32.57,30.75,31.58,30.5,1.08,3.541,31098.0,98749.656,31.754343044568785
301429.SZ,20260601,19.94,20.84,19.5,20.57,20.04,0.53,2.6447,18074.0,37020.615,20.482801261480578
301439.SZ,20260601,21.01,23.48,21.01,23.48,19.57,3.91,19.9796,552137.88,1243789.80206,22.526797148205084
301446.SZ,20260601,45.97,49.26,45.3,46.94,46.11,0.83,1.8,21332.11,101086.7744,47.387142856473176
301448.SZ,20260601,34.67,35.59,34.31,34.43,34.35,0.08,0.2329,9781.35,33977.03045,34.73654500656862
301449.SZ,20260601,61.8,62.48,61.0,61.41,62.09,-0.68,-1.0952,6855.42,42303.20025,61.70767108360976
301456.SZ,20260601,28.54,29.49,28.54,29.12,28.65,0.47,1.6405,14594.38,42504.58656,29.12394124313606
301458.SZ,20260601,44.72,49.98,44.44,47.75,45.28,2.47,5.4549,165902.0,790418.6601,47.64370894262878
301459.SZ,20260601,34.39,35.53,34.15,35.06,34.4,0.66,1.9186,8575.93,30124.29923,35.12656846546089
301468.SZ,20260601,42.95,47.38,41.99,44.45,43.3,1.15,2.6559,181000.58,810128.27812,44.7583249799531
301469.SZ,20260601,33.58,34.64,33.1,34.3,33.45,0.85,2.5411,10904.0,37286.617,34.19535674981658
301479.SZ,20260601,68.51,70.49,66.66,66.86,68.93,-2.07,-3.003,29125.84,198867.03161,68.27855663905316
301486.SZ,20260601,250.0,252.4,225.0,225.5,255.51,-30.01,-11.7451,98166.25,2310503.20549,235.36635101065795
301487.SZ,20260601,24.85,25.87,24.8,25.11,25.05,0.06,0.2395,182668.34,465391.4272,25.477399488055784
301488.SZ,20260601,139.01,149.85,139.0,146.89,139.58,7.31,5.2371,27696.89,404848.01164,146.17092808614973
301489.SZ,20260601,161.48,167.4,154.03,154.18,157.54,-3.36,-2.1328,62696.6,1009826.20672,161.06554529591716
301491.SZ,20260601,43.6,44.93,43.31,44.61,43.6,1.01,2.3165,5720.57,25411.58318,44.42141811043306
301498.SZ,20260601,44.01,45.38,43.64,44.8,44.28,0.52,1.1743,41710.79,186161.60161,44.63152139050831
301499.SZ,20260601,32.62,33.87,32.62,33.55,33.5,0.05,0.1493,19641.0,65613.217,33.40625070006619
301500.SZ,20260601,25.22,25.88,25.11,25.4,25.19,0.21,0.8337,86479.32,220829.80319,25.535561934344532
301501.SZ,20260601,29.48,31.78,29.32,31.78,29.78,2.0,6.7159,28530.8,88085.3,30.873757483141027
301502.SZ,20260601,79.38,80.5,77.0,77.76,78.78,-1.02,-1.2947,19936.63,157090.97717,78.79515102101007
301503.SZ,20260601,31.6,34.1,31.6,33.2,31.11,2.09,6.7181,21753.36,71963.56952,33.08158809489661
301505.SZ,20260601,19.77,20.99,19.77,20.34,19.61,0.73,3.7226,39873.0,82013.6027,20.56870631755825
301507.SZ,20260601,12.89,13.25,12.79,13.13,12.87,0.26,2.0202,32833.17,43120.49655,13.133211490087618
301508.SZ,20260601,26.07,26.51,25.97,26.31,26.01,0.3,1.1534,14192.94,37313.72569,26.290342726735968
301509.SZ,20260601,29.36,30.08,29.21,29.95,29.39,0.56,1.9054,18326.1,54515.3038,29.747356939010487
301510.SZ,20260601,33.4,33.87,32.02,32.08,33.06,-0.98,-2.9643,134955.67,439957.46415,32.60014671113855
301511.SZ,20260601,124.0,132.29,118.0,128.53,125.62,2.91,2.3165,467381.0,5848581.13294,125.135192336445
301512.SZ,20260601,54.45,55.75,52.52,53.71,53.95,-0.24,-0.4449,13727.65,74866.82945,54.53725105899408
301513.SZ,20260601,69.48,70.8,68.55,69.49,68.93,0.56,0.8124,16881.53,117676.08306,69.70700111897442
301515.SZ,20260601,21.36,22.06,21.06,21.71,21.46,0.25,1.165,14072.13,30541.90291,21.703823735283855
301516.SZ,20260601,17.89,18.15,17.52,17.75,17.89,-0.14,-0.7826,71506.31,127255.17069,17.79635541115183
301517.SZ,20260601,54.97,56.09,54.0,54.16,55.28,-1.12,-2.026,35556.39,195191.59027,54.89634641480757
301518.SZ,20260601,31.02,32.24,30.65,31.61,30.77,0.84,2.7299,20650.0,65585.153,31.760364648910414
301519.SZ,20260601,13.46,14.08,13.05,13.8,13.49,0.31,2.298,28975.0,39846.867,13.75215427092321
301520.SZ,20260601,37.16,38.12,37.16,37.95,37.33,0.62,1.6609,4945.46,18724.8805,37.862768074152854
301522.SZ,20260601,28.07,28.27,27.46,27.5,27.41,0.09,0.3283,41467.53,115236.04302,27.78946395408649
301525.SZ,20260601,71.5,74.2,70.77,71.38,71.98,-0.6,-0.8336,11995.83,86744.33269,72.31207235347617
301526.SZ,20260601,22.86,23.0,20.8,21.36,23.35,-1.99,-8.5225,1906086.18,4122515.30166,21.62816846854217
301528.SZ,20260601,67.21,68.74,65.91,66.1,68.06,-1.96,-2.8798,9699.0,65101.55,67.1219197855449
301529.SZ,20260601,116.0,117.98,109.1,109.79,116.79,-7.0,-5.9937,37679.48,425743.01186,112.99068136290629
301531.SZ,20260601,75.2,79.97,75.1,77.31,74.55,2.76,3.7022,81497.93,636544.98528,78.10566296346424
301533.SZ,20260601,27.5,28.66,27.26,28.5,27.69,0.81,2.9252,9738.01,27574.28947,28.31614413006353
301535.SZ,20260601,16.51,16.84,16.38,16.57,16.53,0.04,0.242,20062.6,33364.32827,16.630111884800574
301536.SZ,20260601,83.58,84.5,79.89,80.0,82.78,-2.78,-3.3583,92268.89,756815.6597,82.02284211937523
301538.SZ,20260601,92.6,95.4,89.97,90.06,92.02,-1.96,-2.13,18265.1,169045.78091,92.551248506715
301539.SZ,20260601,15.56,16.32,15.27,16.17,15.65,0.52,3.3227,29639.34,47285.02508,15.953467614326096
301548.SZ,20260601,77.82,78.86,75.47,76.5,77.08,-0.58,-0.7525,15158.6,116880.94085,77.1053664916285
301550.SZ,20260601,115.0,118.12,107.07,108.3,114.11,-5.81,-5.0916,93412.26,1041869.42164,111.53454821026705
301551.SZ,20260601,24.58,25.48,24.58,25.26,24.76,0.5,2.0194,44018.56,110900.41038,25.194011430632898
301552.SZ,20260601,26.04,26.79,25.82,26.67,26.05,0.62,2.38,9784.24,25923.81592,26.495482449326673
301555.SZ,20260601,39.19,40.85,38.98,39.49,39.58,-0.09,-0.2274,37085.0,148207.077,39.96415720641769
301556.SZ,20260601,68.09,71.2,68.0,70.3,68.5,1.8,2.6277,13354.7,93588.1917,70.0788424300059
301557.SZ,20260601,89.0,93.02,87.28,89.49,87.32,2.17,2.4851,25953.95,232922.26216,89.74443665029794
301558.SZ,20260601,6.95,7.27,6.89,7.22,6.99,0.23,3.2904,82590.27,59196.71835,7.167517232962188
301559.SZ,20260601,14.52,14.74,14.28,14.68,14.52,0.16,1.1019,19768.07,28837.80212,14.588071632688473
301560.SZ,20260601,33.01,33.72,32.34,32.67,33.0,-0.33,-1.0,20101.0,66086.90266,32.877420357196165
301563.SZ,20260601,173.0,198.8,173.0,176.42,174.07,2.35,1.35,85285.31,1562052.51229,183.15610417432967
301565.SZ,20260601,28.1,28.73,27.0,27.26,29.02,-1.76,-6.0648,247479.56,682951.12588,27.596263945192078
301566.SZ,20260601,32.25,33.99,31.0,31.08,32.43,-1.35,-4.1628,280812.76,908959.06095,32.368866035503515
301567.SZ,20260601,43.06,44.94,43.06,44.14,43.33,0.81,1.8694,11192.0,49743.846,44.44589528234453
301568.SZ,20260601,80.62,82.77,73.4,73.5,80.82,-7.32,-9.0572,104711.31,801238.96098,76.51885560213123
301571.SZ,20260601,60.2,62.84,59.74,59.75,60.2,-0.45,-0.7475,39894.48,243904.38802,61.13737740659861
301575.SZ,20260601,41.68,43.04,41.33,42.74,42.04,0.7,1.6651,5564.99,23717.0297,42.61827909843504
301577.SZ,20260601,78.41,83.68,78.41,82.53,78.09,4.44,5.6857,45275.39,369196.1641,81.54455745163102
301578.SZ,20260601,31.46,32.94,31.08,32.48,31.42,1.06,3.3736,10931.33,35386.91194,32.37200957248569
301580.SZ,20260601,58.49,58.49,55.9,56.3,58.07,-1.77,-3.048,46195.46,261727.55905,56.656554356207295
301581.SZ,20260601,51.2,52.89,50.62,50.62,52.33,-1.71,-3.2677,22340.83,115676.20261,51.77793421730526
301584.SZ,20260601,22.84,23.47,22.61,23.33,22.78,0.55,2.4144,25550.29,59302.59496,23.210145544336285
301585.SZ,20260601,25.45,28.25,25.4,26.91,25.52,1.39,5.4467,21333.18,57909.55722,27.145300053719133
301586.SZ,20260601,37.07,38.33,36.9,37.96,37.05,0.91,2.4561,8371.0,31676.551,37.840820690479035
301587.SZ,20260601,27.22,28.12,27.02,27.55,27.23,0.32,1.1752,44542.3,122898.7574,27.591470893959222
301588.SZ,20260601,36.47,36.85,35.2,35.47,36.86,-1.39,-3.771,49559.42,177911.63865,35.89865229455874
301589.SZ,20260601,157.78,162.36,156.38,157.6,158.6,-1.0,-0.6305,8178.0,130205.37616,159.21420415749571
301590.SZ,20260601,169.53,175.5,167.56,167.97,169.5,-1.53,-0.9027,5171.2,88615.90661,171.36429960163986
301591.SZ,20260601,49.92,55.84,48.85,49.2,47.46,1.74,3.6662,181512.63,923041.45709,50.85273994928066
301592.SZ,20260601,108.0,109.99,105.45,108.0,108.36,-0.36,-0.3322,7549.4,80972.9788,107.25750231806501
301595.SZ,20260601,44.61,46.86,44.31,46.22,45.0,1.22,2.7111,13948.0,64335.404,46.12518210496128
301596.SZ,20260601,76.43,76.83,72.82,73.12,76.2,-3.08,-4.042,16811.97,125152.96203,74.44277025833378
301598.SZ,20260601,57.94,58.99,56.85,58.3,58.02,0.28,0.4826,5395.0,31429.671,58.25703614457831
301599.SZ,20260601,55.8,57.33,54.69,54.79,55.69,-0.9,-1.6161,78451.41,439708.26687,56.048484899124176
301600.SZ,20260601,101.21,102.9,99.1,99.2,101.21,-2.01,-1.986,9641.02,96810.14503,100.41483684298964
301601.SZ,20260601,18.67,19.53,18.6,19.4,18.76,0.64,3.4115,19485.77,37568.70263,19.280070856835525
301602.SZ,20260601,16.39,16.72,16.31,16.72,16.43,0.29,1.7651,15831.06,26229.1123,16.568133972077675
301603.SZ,20260601,128.01,129.79,122.09,125.92,126.63,-0.71,-0.5607,28718.31,362169.45502,126.11099156600788
301606.SZ,20260601,68.83,73.73,68.2,71.3,67.17,4.13,6.1486,69655.55,496313.34459,71.25251966139093
301607.SZ,20260601,53.45,56.32,52.52,53.03,53.5,-0.47,-0.8785,63992.89,347202.47869,54.256414843899066
301608.SZ,20260601,54.65,55.38,53.8,54.86,54.68,0.18,0.3292,22854.38,125032.88023,54.70849799031957
301609.SZ,20260601,48.21,52.6,47.63,50.64,48.69,1.95,4.0049,57534.87,286688.36892,49.82862895492768
301611.SZ,20260601,92.51,93.88,89.19,89.39,92.54,-3.15,-3.4039,82176.36,747305.97974,90.93928956454143
301613.SZ,20260601,42.56,43.69,42.56,43.57,42.77,0.8,1.8705,10051.17,43554.54527,43.332811274707325
301616.SZ,20260601,38.67,40.22,38.43,39.77,38.66,1.11,2.8712,6335.0,25175.739,39.740708760852414
301617.SZ,20260601,52.2,55.36,51.56,52.0,52.31,-0.31,-0.5926,48039.67,258138.52832,53.73445078203077
301618.SZ,20260601,37.9,40.74,37.39,39.78,37.96,1.82,4.7945,29313.02,116488.37805,39.73946664315038
301622.SZ,20260601,56.0,57.3,54.7,54.88,56.31,-1.43,-2.5395,16695.0,93044.617,55.73202575621443
301626.SZ,20260601,335.0,356.68,318.18,321.79,333.99,-12.2,-3.6528,32077.92,1080609.87432,336.8703065286029
301628.SZ,20260601,136.0,139.31,123.52,124.68,136.45,-11.77,-8.6259,51645.26,671609.35433,130.04278695276196
301629.SZ,20260601,366.0,375.51,351.0,353.03,367.0,-13.97,-3.8065,12116.37,438981.64329,362.3045873392773
301630.SZ,20260601,254.55,259.79,242.31,244.8,254.93,-10.13,-3.9736,14169.28,354329.25309,250.06863657856996
301631.SZ,20260601,87.1,88.8,82.61,82.88,88.21,-5.33,-6.0424,26734.88,227200.89713,84.98295003755393
301632.SZ,20260601,17.0,17.4,16.71,17.34,17.14,0.2,1.1669,34220.91,58959.75822,17.229161416221835
301633.SZ,20260601,53.95,54.35,52.8,53.84,52.89,0.95,1.7962,3539.0,19020.646,53.745820853348405
301636.SZ,20260601,51.99,53.6,51.57,52.34,51.56,0.78,1.5128,12833.47,67738.83204,52.78294338164191
301638.SZ,20260601,28.76,29.15,27.55,27.87,28.2,-0.33,-1.1702,289995.31,817805.7038,28.20065275538422
301656.SZ,20260601,18.17,18.33,17.83,18.14,17.9,0.24,1.3408,64284.39,116481.60063,18.119733364507308
301658.SZ,20260601,35.63,37.59,35.63,36.41,35.99,0.42,1.167,72574.95,267478.52295,36.85548842265823
301662.SZ,20260601,145.63,155.32,140.5,141.95,145.32,-3.37,-2.319,19093.72,279362.8902,146.31139987388525
301665.SZ,20260601,23.33,23.76,23.02,23.66,23.34,0.32,1.371,21702.0,51008.13263,23.503885646484196
301666.SZ,20260601,771.0,819.0,721.36,723.0,758.0,-35.0,-4.6174,61598.52,4801867.35829,779.5426510718114
301667.SZ,20260601,87.4,91.65,87.09,87.19,89.86,-2.67,-2.9713,25285.73,224770.33625,88.8921681319859
301668.SZ,20260601,39.23,40.33,38.91,40.11,39.6,0.51,1.2879,9197.07,36528.04355,39.71704417820023
301678.SZ,20260601,54.51,55.5,53.35,53.47,55.51,-2.04,-3.675,21689.33,117585.34827,54.213453467672814
301680.SZ,20260601,120.61,121.89,115.99,116.25,120.55,-4.3,-3.567,23956.68,282445.78515,117.8985506965072
301682.SZ,20260601,167.88,175.0,158.99,159.3,169.4,-10.1,-5.9622,56243.55,939710.92864,167.07887902523933
301683.SZ,20260601,139.89,142.4,136.03,136.27,137.5,-1.23,-0.8945,25115.25,348902.62996,138.92062788942974
301687.SZ,20260601,58.0,60.46,57.0,58.36,59.06,-0.7,-1.1852,22383.37,131870.27557,58.91439741647482
301696.SZ,20260601,127.0,128.99,121.4,122.0,128.44,-6.44,-5.014,50678.88,634017.13962,125.10480492465503
302132.SZ,20260601,63.29,63.29,62.13,62.53,62.29,0.24,0.3853,48627.39,303674.55109,62.44928035208141
600000.SH,20260601,9.32,9.35,9.2,9.32,9.37,-0.05,-0.5336,750721.17,697403.298,9.28977796110372
600004.SH,20260601,8.24,8.3,8.15,8.3,8.27,0.03,0.3628,71305.55,58694.264,8.231373855190796
600006.SH,20260601,6.12,6.22,6.05,6.21,6.12,0.09,1.4706,161156.0,99475.331,6.17261107250118
600007.SH,20260601,21.43,21.93,21.11,21.73,21.44,0.29,1.3526,31464.64,67993.449,21.609479402910697
600008.SH,20260601,3.16,3.21,3.12,3.2,3.15,0.05,1.5873,1314640.03,417482.514,3.175641274212531
600009.SH,20260601,25.06,25.18,24.72,24.84,25.07,-0.23,-0.9174,174596.92,434404.958,24.88044794833723
600010.SH,20260601,2.36,2.39,2.36,2.37,2.36,0.01,0.4237,3489816.08,828871.326,2.375114639279214
600011.SH,20260601,9.0,9.76,8.7,9.76,8.87,0.89,10.0338,7124926.6,6614876.204,9.284132420395743
600012.SH,20260601,16.41,17.07,16.11,17.0,16.83,0.17,1.0101,73573.52,122567.937,16.659246016773427
600015.SH,20260601,6.72,6.86,6.68,6.86,6.71,0.15,2.2355,933688.08,633534.17,6.785287116442571
600016.SH,20260601,3.54,3.59,3.53,3.59,3.55,0.04,1.1268,2185977.98,776661.15,3.552923026242012
600017.SH,20260601,2.78,2.85,2.76,2.85,2.77,0.08,2.8881,452796.64,126883.334,2.8022145659031397
600018.SH,20260601,5.11,5.14,5.04,5.14,5.13,0.01,0.1949,601288.59,306954.967,5.104952465504127
600019.SH,20260601,6.03,6.04,5.93,6.04,6.03,0.01,0.1658,1115865.89,667998.725,5.986371041416097
600020.SH,20260601,4.0,4.1,3.91,4.08,4.01,0.07,1.7456,256851.05,103237.586,4.019356198855329
600021.SH,20260601,22.08,22.08,20.05,20.59,22.28,-1.69,-7.5853,1759292.4,3671240.555,20.86771110362325
600022.SH,20260601,1.34,1.37,1.33,1.37,1.34,0.03,2.2388,882906.51,119742.829,1.3562345236303672
600023.SH,20260601,6.55,6.73,6.28,6.7,6.47,0.23,3.5549,1805624.12,1179770.477,6.533865293071073
600025.SH,20260601,9.91,10.11,9.72,10.1,9.9,0.2,2.0202,658907.05,657532.774,9.979143097649356
600026.SH,20260601,19.66,19.68,18.68,18.8,19.48,-0.68,-3.4908,645039.92,1229260.55,19.057123627325264
600027.SH,20260601,5.62,6.08,5.41,5.92,5.56,0.36,6.4748,5257970.54,3032963.093,5.76831511307783
600028.SH,20260601,4.84,4.89,4.8,4.87,4.85,0.02,0.4124,3492353.15,1693661.546,4.849628526256001
600029.SH,20260601,5.44,5.5,5.34,5.43,5.49,-0.06,-1.0929,1289365.77,698761.223,5.419418129891876
600030.SH,20260601,26.01,26.31,25.53,25.67,26.05,-0.38,-1.4587,2214100.2,5715779.763,25.81536175734052
600031.SH,20260601,17.91,18.23,17.38,18.07,17.94,0.13,0.7246,1312840.17,2341229.119,17.83331415735093
600032.SH,20260601,10.8,10.83,10.11,10.67,10.61,0.06,0.5655,811116.2,856309.687,10.557176481002353
600033.SH,20260601,3.62,3.66,3.57,3.65,3.62,0.03,0.8287,285804.5,103403.679,3.6179863857986843
600035.SH,20260601,3.84,3.94,3.81,3.93,3.85,0.08,2.0779,189889.29,73589.348,3.8753817026752797
600036.SH,20260601,38.0,38.2,37.8,38.2,38.01,0.19,0.4999,961378.86,3656722.114,38.03622345097124
600037.SH,20260601,7.32,7.47,7.24,7.4,7.3,0.1,1.3699,195837.01,144311.269,7.368947728521794
600038.SH,20260601,27.88,28.37,27.46,27.71,27.4,0.31,1.1314,88073.01,244181.883,27.72493900231183
600039.SH,20260601,8.75,8.77,8.43,8.47,8.76,-0.29,-3.3105,294434.05,251920.709,8.556099710614314
600048.SH,20260601,5.72,5.84,5.66,5.74,5.77,-0.03,-0.5199,1602888.0,919054.48,5.733741097319339
600050.SH,20260601,4.35,4.42,4.33,4.4,4.35,0.05,1.1494,1748707.26,766213.749,4.381601006219874
600051.SH,20260601,6.64,6.98,6.6,6.96,6.68,0.28,4.1916,73347.53,50352.68,6.864945554403809
600052.SH,20260601,4.2,4.39,4.18,4.35,4.23,0.12,2.8369,158636.0,68582.093,4.32323640283416
600053.SH,20260601,9.26,9.6,9.03,9.6,9.14,0.46,5.0328,55776.0,52567.522,9.424756526104417
600054.SH,20260601,11.03,11.22,10.93,11.2,11.03,0.17,1.5413,89455.21,99388.604,11.11043213693199
600055.SH,20260601,12.95,13.46,12.52,13.16,12.61,0.55,4.3616,116342.9,152289.299,13.089694257234434
600056.SH,20260601,9.95,9.97,9.85,9.95,9.9,0.05,0.5051,119313.73,118396.846,9.923153521392718
600057.SH,20260601,6.37,6.51,6.33,6.49,6.36,0.13,2.044,246442.48,158082.413,6.4145764561369445
600058.SH,20260601,9.99,10.17,9.93,10.06,10.02,0.04,0.3992,81174.09,81561.968,10.047783473766074
600059.SH,20260601,8.26,8.38,8.18,8.34,8.27,0.07,0.8464,75100.0,62264.235,8.290843541944074
600060.SH,20260601,25.7,26.28,25.52,26.14,25.82,0.32,1.2393,132203.89,343421.864,25.976683742059326
600061.SH,20260601,6.45,6.49,6.38,6.49,6.44,0.05,0.7764,370363.59,238090.121,6.428550954482324
600062.SH,20260601,16.75,16.91,16.6,16.89,16.74,0.15,0.8961,59776.01,100167.232,16.75709569775567
600063.SH,20260601,6.86,7.47,6.68,7.15,7.0,0.15,2.1429,1740020.77,1244591.03,7.152736630839183
600064.SH,20260601,7.65,7.76,7.56,7.75,7.65,0.1,1.3072,247964.02,190309.488,7.674883154418937
600066.SH,20260601,32.21,33.05,31.91,32.67,32.3,0.37,1.1455,184765.27,602081.505,32.58629205586094
600067.SH,20260601,3.04,3.17,3.01,3.14,3.04,0.1,3.2895,293255.52,91824.251,3.1312028158924337
600071.SH,20260601,17.66,17.94,17.29,17.7,17.65,0.05,0.2833,36405.56,64333.409,17.671314216839406
600072.SH,20260601,11.26,11.36,11.12,11.18,11.25,-0.07,-0.6222,242172.93,271842.391,11.2251353196247
600073.SH,20260601,5.28,5.46,5.24,5.46,5.28,0.18,3.4091,89990.25,48388.337,5.377064404199344
600075.SH,20260601,5.05,5.21,5.05,5.2,5.04,0.16,3.1746,165861.2,85467.761,5.15296892823638
600076.SH,20260601,3.52,3.8,3.43,3.59,3.51,0.08,2.2792,417151.0,151583.35,3.633776498198494
600078.SH,20260601,12.33,12.5,12.05,12.09,12.25,-0.16,-1.3061,197346.1,241733.659,12.249224028242766
600079.SH,20260601,17.49,17.81,17.42,17.77,17.5,0.27,1.5429,98343.87,173733.551,17.665925796900204
600080.SH,20260601,5.41,5.77,5.36,5.73,5.5,0.23,4.1818,101893.0,56906.201,5.584897981215589
600081.SH,20260601,10.67,11.02,10.54,10.92,10.67,0.25,2.343,47364.58,51520.494,10.87743077210861
600082.SH,20260601,3.38,3.49,3.37,3.42,3.37,0.05,1.4837,137854.0,47135.204,3.41921191985724
600084.SH,20260601,4.81,5.07,4.78,5.03,4.84,0.19,3.9256,58159.0,28816.843,4.954838116198697
600085.SH,20260601,25.84,26.09,25.55,26.04,25.65,0.39,1.5205,94395.79,243457.263,25.791114518984376
600088.SH,20260601,15.17,15.95,14.88,15.46,15.53,-0.07,-0.4507,160690.68,248627.698,15.472440467611438
600089.SH,20260601,25.66,26.56,25.65,26.46,25.35,1.11,4.3787,1884611.28,4947380.809,26.251465548906193
600094.SH,20260601,4.36,4.4,4.3,4.31,4.38,-0.07,-1.5982,196479.89,85265.773,4.339669215002105
600095.SH,20260601,8.48,8.54,8.35,8.5,8.48,0.02,0.2358,198667.1,167855.017,8.449059607755888
600096.SH,20260601,30.73,31.39,30.57,31.01,30.64,0.37,1.2076,318267.4,988332.331,31.053520750161656
600097.SH,20260601,8.92,9.37,8.86,9.37,9.09,0.28,3.0803,30726.0,28419.315,9.249272603007224
600098.SH,20260601,8.08,8.13,7.68,8.04,8.0,0.04,0.5,692400.05,550284.15,7.947488594202152
600099.SH,20260601,9.68,10.05,9.52,9.93,9.68,0.25,2.5826,52505.51,51965.931,9.897233833172937
600100.SH,20260601,8.0,8.11,7.95,8.01,7.99,0.02,0.2503,424879.4,340904.964,8.023570076591145
600101.SH,20260601,10.35,10.48,9.91,10.45,10.35,0.1,0.9662,504897.04,519395.602,10.287158783897803
600103.SH,20260601,3.69,3.74,3.64,3.69,3.71,-0.02,-0.5391,794096.2,293753.246,3.6992148558323286
600104.SH,20260601,12.1,12.28,12.01,12.21,12.32,-0.11,-0.8929,411230.37,499901.518,12.156240260173393
600105.SH,20260601,46.93,49.38,45.01,45.11,47.81,-2.7,-5.6474,1239762.48,5851726.249,47.200381874760396
600106.SH,20260601,5.34,5.38,5.2,5.36,5.34,0.02,0.3745,106826.3,56802.041,5.317233771084461
600107.SH,20260601,6.12,6.43,6.05,6.43,6.12,0.31,5.0654,68188.52,43320.576,6.353060016554107
600108.SH,20260601,3.46,3.56,3.44,3.54,3.47,0.07,2.0173,625266.23,220162.919,3.5211068251678967
600109.SH,20260601,8.6,8.68,8.55,8.64,8.67,-0.03,-0.346,281087.72,242179.798,8.615808545460471
600110.SH,20260601,12.61,13.19,12.2,12.37,12.66,-0.29,-2.2907,3124310.63,3944595.53,12.625490859082728
600111.SH,20260601,48.0,48.96,47.77,47.86,48.62,-0.76,-1.5631,688120.72,3315973.183,48.188829178112826
600113.SH,20260601,37.79,39.97,37.14,38.83,37.77,1.06,2.8065,90617.32,353290.959,38.98713391656252
600114.SH,20260601,36.63,37.54,35.21,35.26,36.62,-1.36,-3.7138,268259.29,970668.618,36.18397029232427
600115.SH,20260601,4.31,4.36,4.2,4.28,4.39,-0.11,-2.5057,2214899.56,948228.253,4.28113432376139
600116.SH,20260601,6.94,7.08,6.73,7.04,6.92,0.12,1.7341,621218.91,432207.206,6.95740582011581
600117.SH,20260601,2.34,2.48,2.33,2.44,2.35,0.09,3.8298,282958.0,68742.646,2.4294293145979258
600118.SH,20260601,76.27,78.68,76.27,76.6,76.93,-0.33,-0.429,320834.74,2485603.939,77.47302985331326
600119.SH,20260601,5.69,5.92,5.55,5.9,5.68,0.22,3.8732,44883.0,25781.122,5.744072811532206
600120.SH,20260601,4.83,4.98,4.81,4.93,4.82,0.11,2.2822,350076.98,171600.23,4.901785601555407
600121.SH,20260601,4.27,4.7,4.22,4.7,4.27,0.43,10.0703,1231767.49,558317.782,4.532655606944132
600123.SH,20260601,6.9,7.18,6.79,7.12,6.85,0.27,3.9416,674900.17,476887.555,7.0660458568264986
600125.SH,20260601,5.67,5.85,5.62,5.83,5.68,0.15,2.6408,159802.51,92143.334,5.766075514082977
600126.SH,20260601,7.84,7.95,7.78,7.87,7.85,0.02,0.2548,405104.21,319153.326,7.8783018818787385
600127.SH,20260601,6.06,6.42,5.97,6.33,6.0,0.33,5.5,272658.24,170565.123,6.255637937074631
600128.SH,20260601,8.95,9.49,8.81,9.41,8.98,0.43,4.7884,66265.26,61734.972,9.316340417286526
600129.SH,20260601,14.28,14.57,14.25,14.52,14.33,0.19,1.3259,67631.57,97580.692,14.428275434090912
600130.SH,20260601,4.9,5.1,4.81,5.03,4.93,0.1,2.0284,329860.0,164849.857,4.997570393500272
600131.SH,20260601,17.71,18.05,17.53,17.62,17.49,0.13,0.7433,144686.24,257172.308,17.77448277044175
600132.SH,20260601,53.02,53.51,52.5,53.51,52.92,0.59,1.1149,67378.36,357837.797,53.10871279740261
600133.SH,20260601,8.54,8.78,8.51,8.71,8.5,0.21,2.4706,176268.58,153319.633,8.698069332605959
600135.SH,20260601,9.12,9.32,9.03,9.21,9.15,0.06,0.6557,113329.27,104385.41,9.210807587483798
600136.SH,20260601,1.61,1.65,1.58,1.65,1.62,0.03,1.8519,141270.44,22984.421,1.6269802090232037
600137.SH,20260601,19.77,21.51,19.77,21.44,20.09,1.35,6.7198,30573.0,64139.549,20.979147940993688
600138.SH,20260601,7.83,7.98,7.72,7.97,7.82,0.15,1.9182,86225.75,68028.848,7.889620907907441
600141.SH,20260601,31.25,32.3,31.16,31.63,31.26,0.37,1.1836,190194.6,605148.69,31.817343394607413
600143.SH,20260601,16.68,17.26,16.32,17.0,16.91,0.09,0.5322,541174.9,910761.77,16.829342417765496
600148.SH,20260601,17.05,17.7,16.75,17.55,16.91,0.64,3.7847,19518.0,34041.292,17.440973460395533
600149.SH,20260601,5.74,5.93,5.62,5.85,5.78,0.07,1.2111,256099.0,149030.139,5.819239395702444
600150.SH,20260601,37.38,37.63,36.63,36.74,37.38,-0.64,-1.7121,759066.76,2815269.653,37.088564555244126
600151.SH,20260601,13.64,14.3,13.51,13.75,13.77,-0.02,-0.1452,671299.58,931558.173,13.87693662790613
600152.SH,20260601,11.88,12.54,11.62,12.54,11.4,1.14,10.0,443821.23,547378.218,12.333304064792035
600153.SH,20260601,9.64,10.0,9.51,9.93,9.69,0.24,2.4768,377873.88,370099.901,9.794270538095939
600155.SH,20260601,5.65,5.77,5.63,5.76,5.69,0.07,1.2302,205671.99,117533.698,5.714618602173296
600156.SH,20260601,10.68,11.28,10.47,11.28,10.25,1.03,10.0488,255352.1,281823.327,11.036655935079445
600157.SH,20260601,1.84,1.89,1.79,1.87,1.82,0.05,2.7473,14744821.84,2721250.956,1.8455638091317894
600158.SH,20260601,11.1,11.8,10.9,11.55,11.28,0.27,2.3936,1177249.93,1354173.482,11.502854640220706
600159.SH,20260601,2.78,2.94,2.73,2.92,2.77,0.15,5.4152,363187.0,104765.054,2.8846036339406425
600160.SH,20260601,34.6,36.32,34.6,36.32,33.02,3.3,9.9939,829800.0,2980028.852,35.91261571463003
600161.SH,20260601,13.56,13.56,13.28,13.47,13.55,-0.08,-0.5904,111018.24,148832.3,13.406112364959126
600162.SH,20260601,2.75,3.06,2.51,2.92,2.79,0.13,4.6595,5033231.62,1418597.743,2.8184630672728703
600163.SH,20260601,6.91,7.14,6.56,7.14,6.92,0.22,3.1792,1042601.82,720559.467,6.91116640291305
600165.SH,20260601,3.03,3.06,2.99,3.04,3.03,0.01,0.33,37277.0,11296.27,3.0303592027255415
600166.SH,20260601,2.94,3.0,2.9,2.98,2.93,0.05,1.7065,1566877.2,464959.074,2.9674251051709732
600167.SH,20260601,6.84,6.94,6.64,6.92,6.8,0.12,1.7647,185185.83,126404.25,6.82580573254444
600168.SH,20260601,4.92,4.99,4.76,4.98,4.87,0.11,2.2587,129433.6,63626.246,4.915744134444225
600169.SH,20260601,2.28,2.3,2.26,2.3,2.3,0.0,0.0,166256.5,37931.942,2.2815313686983667
600170.SH,20260601,2.51,2.6,2.5,2.59,2.52,0.07,2.7778,1715945.16,441696.244,2.574069698124852
600171.SH,20260601,28.31,28.56,27.18,27.19,28.94,-1.75,-6.047,277096.34,769260.661,27.76148761113192
600172.SH,20260601,14.1,14.45,13.31,13.47,14.08,-0.61,-4.3324,2584150.48,3549402.06,13.735276205741702
600173.SH,20260601,6.92,7.23,6.8,7.13,6.98,0.15,2.149,213978.0,151128.201,7.062791548663881
600176.SH,20260601,41.29,41.66,37.9,38.32,42.1,-3.78,-8.9786,2146854.36,8382675.211,39.04631523770434
600177.SH,20260601,7.49,7.67,7.43,7.66,7.46,0.2,2.681,343402.26,258779.077,7.535741814861671
600178.SH,20260601,8.93,9.15,8.83,9.13,8.93,0.2,2.2396,35738.0,32381.713,9.060863226817393
600179.SH,20260601,4.37,4.46,4.34,4.45,4.38,0.07,1.5982,360518.22,159047.388,4.411632455080912
600180.SH,20260601,1.3,1.41,1.27,1.41,1.34,0.07,5.2239,663567.6,88398.356,1.3321680564271072
600182.SH,20260601,13.5,13.97,13.39,13.95,13.51,0.44,3.2568,21356.0,29455.182,13.792462071548979
600183.SH,20260601,140.62,147.9,132.3,135.63,140.62,-4.99,-3.5486,1155189.12,16026839.307,138.73779651768186
600184.SH,20260601,26.71,27.44,25.57,25.7,26.88,-1.18,-4.3899,489976.26,1300245.811,26.536914482346553
600185.SH,20260601,5.41,5.52,5.27,5.48,5.46,0.02,0.3663,215997.65,117413.941,5.435889742318957
600186.SH,20260601,10.0,10.79,9.77,9.84,10.15,-0.31,-3.0542,2442938.44,2479704.488,10.150499281512799
600187.SH,20260601,1.31,1.4,1.3,1.4,1.33,0.07,5.2632,752290.06,102988.408,1.3689986545880986
600188.SH,20260601,21.83,23.98,21.6,23.98,21.8,2.18,10.0,1038012.38,2390328.665,23.02793984981181
600189.SH,20260601,8.1,8.53,8.07,8.22,8.14,0.08,0.9828,164854.44,136290.412,8.267318247540073
600191.SH,20260601,10.38,10.9,10.38,10.84,10.68,0.16,1.4981,32816.0,35259.433,10.744585872745
600192.SH,20260601,7.43,7.71,7.33,7.65,7.43,0.22,2.961,78145.42,59543.996,7.619639897002282
600195.SH,20260601,6.61,6.86,6.58,6.83,6.6,0.23,3.4848,102947.46,69701.463,6.770585986288539
600196.SH,20260601,23.26,23.6,22.91,22.99,23.25,-0.26,-1.1183,250490.96,581874.987,23.22938069301982
600197.SH,20260601,12.87,12.93,12.61,12.77,13.08,-0.31,-2.37,102690.96,131205.355,12.776719099714327
600198.SH,20260601,8.0,8.2,7.92,8.05,8.0,0.05,0.625,223855.01,180783.364,8.075913244023441
600199.SH,20260601,8.3,8.51,8.12,8.47,8.55,-0.08,-0.9357,216562.16,180794.641,8.348394798057058
600201.SH,20260601,11.75,12.04,11.64,11.79,11.67,0.12,1.0283,238215.22,281769.089,11.82834115301281
600202.SH,20260601,5.38,5.7,5.31,5.65,5.43,0.22,4.0516,126246.0,70867.105,5.61341389034108
600203.SH,20260601,12.66,13.47,12.66,13.06,12.82,0.24,1.8721,417807.73,550000.918,13.163971810669945
600206.SH,20260601,28.5,28.77,27.23,27.27,28.5,-1.23,-4.3158,590365.97,1641974.754,27.812828608667942
600207.SH,20260601,7.64,7.74,7.13,7.27,7.53,-0.26,-3.4529,669596.08,497107.397,7.423989056208335
600208.SH,20260601,2.93,3.04,2.89,3.01,2.96,0.05,1.6892,1766764.03,527863.042,2.987739353058937
600210.SH,20260601,6.66,6.7,6.63,6.69,6.65,0.04,0.6015,146804.0,97900.515,6.668790700525871
600211.SH,20260601,38.45,38.68,38.01,38.4,38.54,-0.14,-0.3633,26288.9,100694.864,38.303186515982034
600212.SH,20260601,6.24,6.42,6.21,6.37,6.24,0.13,2.0833,95819.98,60845.727,6.350004143186004
600215.SH,20260601,6.38,7.01,6.3,6.81,6.37,0.44,6.9074,192998.71,129620.835,6.716150330745735
600216.SH,20260601,12.73,12.94,12.71,12.89,12.76,0.13,1.0188,100530.0,129003.03,12.832291853178155
600217.SH,20260601,3.41,3.52,3.41,3.5,3.42,0.08,2.3392,149803.82,52018.437,3.472437284977112
600218.SH,20260601,8.35,8.7,8.28,8.6,8.32,0.28,3.3654,84299.37,72333.312,8.580528181883212
600219.SH,20260601,5.24,5.37,5.19,5.25,5.2,0.05,0.9615,1932929.26,1017908.11,5.266142590236333
600221.SH,20260601,1.49,1.53,1.48,1.52,1.47,0.05,3.4014,5937569.34,894170.988,1.5059546033023676
600222.SH,20260601,7.62,8.1,7.52,7.99,7.79,0.2,2.5674,284981.93,225215.111,7.9027856608311975
600223.SH,20260601,6.08,6.24,6.0,6.23,6.05,0.18,2.9752,79231.0,48646.587,6.139842612108897
600226.SH,20260601,6.39,6.45,6.07,6.08,6.39,-0.31,-4.8513,1359063.32,843436.001,6.206009599317271
600227.SH,20260601,3.0,3.14,2.99,3.1,3.01,0.09,2.99,655712.38,202838.411,3.0934052366069404
600228.SH,20260601,6.2,6.33,6.13,6.32,6.12,0.2,3.268,57261.0,35767.323,6.246367160894849
600229.SH,20260601,5.64,6.0,5.57,5.95,5.61,0.34,6.0606,81794.35,47882.11,5.853963018228031
600230.SH,20260601,14.96,15.48,14.76,15.34,14.69,0.65,4.4248,137451.02,209784.554,15.262495251035606
600231.SH,20260601,2.02,2.06,1.98,2.04,2.02,0.02,0.9901,130850.9,26559.667,2.0297657104383693
600232.SH,20260601,7.61,7.86,7.52,7.8,7.59,0.21,2.7668,76418.0,59389.413,7.771652359391767
600233.SH,20260601,18.82,18.97,18.27,18.63,18.75,-0.12,-0.64,196598.94,364858.939,18.55854049874328
600234.SH,20260601,25.69,27.1,25.55,25.66,26.12,-0.46,-1.7611,31175.4,81521.143,26.149189104229613
600235.SH,20260601,5.92,6.18,5.88,6.17,5.98,0.19,3.1773,66011.03,40138.833,6.080625162188804
600236.SH,20260601,11.64,12.3,10.72,12.14,11.64,0.5,4.2955,493543.07,571415.339,11.577821141324101
600237.SH,20260601,10.38,10.84,10.29,10.3,10.6,-0.3,-2.8302,617891.83,648535.287,10.495935623554047
600238.SH,20260601,4.95,5.2,4.87,5.2,4.95,0.25,5.0505,71390.0,36375.123,5.095268665079143
600239.SH,20260601,1.52,1.58,1.46,1.55,1.52,0.03,1.9737,386287.35,58757.796,1.521090348933249
600241.SH,20260601,7.66,8.16,7.61,8.08,7.75,0.33,4.2581,59258.0,47572.384,8.028010395220898
600243.SH,20260601,3.76,3.91,3.76,3.88,3.72,0.16,4.3011,176350.0,68169.042,3.865553841791891
600246.SH,20260601,16.0,16.47,15.47,15.84,16.17,-0.33,-2.0408,1709328.87,2733385.682,15.990987632473557
600248.SH,20260601,3.26,3.32,3.23,3.31,3.28,0.03,0.9146,152696.4,50085.748,3.2800870223528515
600249.SH,20260601,5.29,5.48,5.28,5.45,5.34,0.11,2.0599,79623.0,43069.201,5.409140700551348
600250.SH,20260601,9.17,9.59,9.09,9.58,9.29,0.29,3.1216,102858.0,97365.707,9.466031519181785
600251.SH,20260601,9.93,10.27,9.84,10.23,9.89,0.34,3.4378,119887.86,121490.451,10.133674168510474
600252.SH,20260601,2.24,2.29,2.22,2.29,2.22,0.07,3.1532,396760.74,89607.467,2.2584761536637927
600255.SH,20260601,3.51,3.68,3.48,3.63,3.54,0.09,2.5424,684801.51,248801.625,3.633193288373444
600256.SH,20260601,6.43,6.8,6.36,6.75,6.31,0.44,6.9731,2641192.91,1764199.17,6.679554391201209
600257.SH,20260601,5.49,5.74,5.45,5.6,5.51,0.09,1.6334,203433.08,114337.631,5.620405049168995
600258.SH,20260601,13.04,13.64,13.04,13.58,13.2,0.38,2.8788,183988.98,247123.407,13.431424371177012
600259.SH,20260601,82.05,84.64,81.16,81.62,83.39,-1.77,-2.1226,83982.14,693504.766,82.5776487715126
600261.SH,20260601,3.28,3.36,3.26,3.36,3.28,0.08,2.439,135688.0,45209.485,3.3318705412416723
600262.SH,20260601,22.01,22.79,22.0,22.7,22.16,0.54,2.4368,36931.81,83430.027,22.59028923846408
600265.SH,20260601,25.67,25.67,25.67,25.67,24.45,1.22,4.9898,18961.01,48672.913,25.670000174041366
600266.SH,20260601,4.77,4.9,4.69,4.86,4.8,0.06,1.25,462700.68,223547.859,4.831370876740445
600267.SH,20260601,10.25,10.28,10.08,10.15,10.25,-0.1,-0.9756,132182.21,134211.92,10.153553946480393
600268.SH,20260601,13.73,14.3,13.71,14.17,13.67,0.5,3.6576,236886.68,332259.092,14.026077447664008
600269.SH,20260601,4.35,4.43,4.29,4.42,4.35,0.07,1.6092,180317.4,78762.958,4.368017617822795
600271.SH,20260601,7.38,7.58,7.34,7.5,7.38,0.12,1.626,177522.36,132989.739,7.491435952068236
600272.SH,20260601,11.31,11.62,11.22,11.6,11.35,0.25,2.2026,24652.03,28363.625,11.505594062639062
600273.SH,20260601,7.3,7.49,7.28,7.48,7.3,0.18,2.4658,269504.02,199007.325,7.38420617993008
600276.SH,20260601,50.32,51.2,49.0,49.17,50.19,-1.02,-2.0323,946652.92,4730298.019,49.96866242170362
600278.SH,20260601,6.58,6.85,6.55,6.82,6.59,0.23,3.4901,51403.97,34669.437,6.744505725919613
600279.SH,20260601,4.7,5.16,4.61,5.02,4.69,0.33,7.0362,216519.81,106633.502,4.924884332754587
600280.SH,20260601,3.36,3.52,3.29,3.52,3.2,0.32,10.0,846585.0,293206.265,3.4634001901758245
600281.SH,20260601,4.91,5.23,4.9,5.09,4.89,0.2,4.09,132280.0,67818.938,5.126923042032053
600282.SH,20260601,4.89,5.04,4.83,5.0,4.92,0.08,1.626,424459.42,211412.532,4.980747794453472
600283.SH,20260601,8.9,8.98,8.78,8.93,9.01,-0.08,-0.8879,72930.3,64621.648,8.860740734646642
600284.SH,20260601,6.05,6.27,6.01,6.11,5.99,0.12,2.0033,203145.6,125004.151,6.153426458658223
600285.SH,20260601,21.38,21.95,21.36,21.9,21.38,0.52,2.4322,98942.5,214660.286,21.695458069080527
600287.SH,20260601,5.08,5.34,5.01,5.32,5.11,0.21,4.1096,53492.0,28071.047,5.247709377103118
600288.SH,20260601,13.33,13.49,13.18,13.24,13.27,-0.03,-0.2261,62971.87,83786.22,13.305340940327799
600289.SH,20260601,6.09,6.39,5.85,6.39,6.09,0.3,4.9261,65901.0,40828.279,6.195395972747
600292.SH,20260601,14.6,14.75,14.0,14.02,14.51,-0.49,-3.377,213041.68,302576.595,14.20269474968466
600293.SH,20260601,3.19,3.5,3.17,3.33,3.2,0.13,4.0625,802605.58,269445.577,3.3571356057604285
600295.SH,20260601,13.59,13.83,13.4,13.72,13.52,0.2,1.4793,111105.46,151676.414,13.651571578930504
600298.SH,20260601,36.63,37.08,36.1,36.74,36.6,0.14,0.3825,97698.55,357291.692,36.57082853327915
600299.SH,20260601,10.95,11.21,10.87,11.09,11.0,0.09,0.8182,124005.22,137170.811,11.061696515678936
600300.SH,20260601,3.3,3.31,3.25,3.31,3.28,0.03,0.9146,298533.0,97854.465,3.2778441579322886
600301.SH,20260601,56.1,60.5,56.1,60.5,55.0,5.5,10.0,141697.01,846416.422,59.734247179951076
600302.SH,20260601,10.75,11.3,10.66,11.3,10.76,0.54,5.0186,92222.15,103002.201,11.168922108192014
600303.SH,20260601,3.22,3.54,3.18,3.37,3.23,0.14,4.3344,633704.63,214882.107,3.390887439152843
600305.SH,20260601,7.24,7.32,7.2,7.3,7.26,0.04,0.551,74339.33,54119.449,7.280056061845056
600307.SH,20260601,1.6,1.72,1.59,1.67,1.6,0.07,4.375,1174359.04,196631.477,1.6743727454935757
600308.SH,20260601,3.5,3.59,3.49,3.58,3.5,0.08,2.2857,68665.2,24382.618,3.550942544403861
600309.SH,20260601,73.41,76.44,72.59,75.85,73.45,2.4,3.2675,446263.21,3361836.513,75.33304197314405
600310.SH,20260601,5.98,6.03,5.41,5.84,5.98,-0.14,-2.3411,1887864.52,1090674.909,5.777294384450851
600312.SH,20260601,21.2,21.91,21.16,21.32,21.23,0.09,0.4239,246528.0,529732.039,21.487702776155242
600313.SH,20260601,6.04,6.2,6.02,6.19,6.06,0.13,2.1452,269602.5,165906.819,6.153756697360002
600315.SH,20260601,18.39,18.89,18.24,18.73,18.69,0.04,0.214,66437.92,123339.023,18.564552141307253
600316.SH,20260601,29.27,29.52,28.85,29.17,29.38,-0.21,-0.7148,85957.01,250414.697,29.1325509112055
600318.SH,20260601,6.67,6.91,6.66,6.87,6.74,0.13,1.9288,104110.0,71181.636,6.837156469119201
600319.SH,20260601,7.13,7.58,7.09,7.46,7.18,0.28,3.8997,48553.0,36055.497,7.426008073651475
600320.SH,20260601,4.82,4.85,4.76,4.82,4.8,0.02,0.4167,377471.45,181611.076,4.811253301408623
600322.SH,20260601,2.5,2.77,2.46,2.7,2.52,0.18,7.1429,760819.38,202387.702,2.6601281108270403
600323.SH,20260601,30.88,31.5,30.58,31.42,30.65,0.77,2.5122,99335.5,309017.498,31.108465553603697
600325.SH,20260601,2.9,2.98,2.84,2.96,2.93,0.03,1.0239,532236.96,156159.169,2.9340158751846173
600326.SH,20260601,7.92,8.02,7.81,7.96,7.94,0.02,0.2519,146875.37,116853.399,7.955956059889415
600327.SH,20260601,3.62,3.85,3.58,3.83,3.62,0.21,5.8011,253417.18,95362.81,3.763075968251245
600328.SH,20260601,6.81,7.05,6.79,7.05,6.77,0.28,4.1359,288301.29,200804.492,6.965091692791247
600329.SH,20260601,40.3,40.69,39.4,40.09,40.72,-0.63,-1.5472,52285.33,208687.05,39.91311712099741
600330.SH,20260601,32.14,32.5,29.46,30.6,32.73,-2.13,-6.5078,1919729.06,5844921.661,30.446596776526373
600331.SH,20260601,14.37,14.5,14.1,14.16,14.36,-0.2,-1.3928,323406.83,462017.757,14.28596164774875
600332.SH,20260601,21.22,21.75,21.22,21.71,21.52,0.19,0.8829,125899.47,270636.395,21.496229888815257
600333.SH,20260601,5.63,6.01,5.58,5.97,5.63,0.34,6.0391,234641.0,138126.949,5.886735438393119
600335.SH,20260601,5.52,5.7,5.46,5.67,5.5,0.17,3.0909,122373.23,68644.575,5.609443748440733
600336.SH,20260601,7.86,8.15,7.77,8.01,7.85,0.16,2.0382,133013.6,106933.276,8.03927387876127
600337.SH,20260601,3.15,3.29,3.15,3.29,3.13,0.16,5.1118,436152.5,142413.258,3.2652170513753793
600338.SH,20260601,18.15,18.4,17.84,17.88,18.15,-0.27,-1.4876,355645.35,644501.368,18.12202431439073
600339.SH,20260601,3.54,3.63,3.54,3.61,3.54,0.07,1.9774,746416.34,268037.36,3.5909899828827436
600340.SH,20260601,1.3,1.33,1.25,1.26,1.28,-0.02,-1.5625,1390410.75,179085.376,1.2880033903650414
600343.SH,20260601,26.15,26.59,25.7,25.72,26.15,-0.43,-1.6444,206444.85,539073.328,26.112219704197027
600345.SH,20260601,50.13,50.72,46.8,47.03,49.25,-2.22,-4.5076,119754.66,585144.544,48.861943576976465
600346.SH,20260601,17.49,18.04,17.12,17.76,17.19,0.57,3.3159,552668.67,978157.549,17.698805850528853
600348.SH,20260601,9.39,9.8,9.3,9.8,9.29,0.51,5.4898,824907.59,793430.114,9.618412093892845
600350.SH,20260601,12.25,12.25,11.5,11.62,12.25,-0.63,-5.1429,145086.06,169388.488,11.67503535487834
600351.SH,20260601,6.32,6.47,6.31,6.46,6.36,0.1,1.5723,96458.0,61881.19,6.415350722594289
600352.SH,20260601,11.19,11.35,11.13,11.24,11.22,0.02,0.1783,338674.72,380800.11,11.24383036324648
600353.SH,20260601,22.23,23.95,21.5,22.39,22.22,0.17,0.7651,639390.25,1453671.818,22.735282841738673
600354.SH,20260601,5.49,5.68,5.43,5.67,5.49,0.18,3.2787,198446.2,111194.637,5.603263604946832
600356.SH,20260601,8.85,9.27,8.84,9.17,8.92,0.25,2.8027,65431.0,59651.384,9.116685363207042
600358.SH,20260601,5.97,5.97,5.8,5.89,5.98,-0.09,-1.505,96117.0,56384.757,5.866262679858921
600359.SH,20260601,6.33,6.82,6.32,6.76,6.35,0.41,6.4567,123819.0,82484.92,6.661733659616052
600360.SH,20260601,12.05,12.21,11.56,11.61,12.0,-0.39,-3.25,825755.23,974255.769,11.798360259855695
600361.SH,20260601,4.39,4.62,4.38,4.55,4.43,0.12,2.7088,826218.72,374960.023,4.538265884365341
600362.SH,20260601,43.52,44.29,43.05,43.16,43.5,-0.34,-0.7816,337887.66,1475817.349,43.67775221504094
600363.SH,20260601,35.62,36.8,35.62,35.75,35.6,0.15,0.4213,162229.69,586130.804,36.129687728553264
600365.SH,20260601,2.75,2.83,2.7,2.82,2.74,0.08,2.9197,62341.0,17331.643,2.780135544826037
600366.SH,20260601,12.29,12.49,12.15,12.16,12.29,-0.13,-1.0578,199416.75,245441.149,12.307950510676761
600367.SH,20260601,33.9,35.31,33.71,35.31,32.1,3.21,10.0,159444.41,558555.791,35.03138121932277
600368.SH,20260601,3.92,3.99,3.89,3.99,3.92,0.07,1.7857,194367.97,76820.371,3.952316371879585
600369.SH,20260601,3.97,4.04,3.94,4.03,3.98,0.05,1.2563,465145.19,186020.189,3.9991854801293334
600370.SH,20260601,1.41,1.49,1.35,1.46,1.42,0.04,2.8169,1383201.83,193586.764,1.3995554358108389
600371.SH,20260601,7.38,7.84,7.37,7.78,7.48,0.3,4.0107,59510.14,45768.663,7.690901584167001
600372.SH,20260601,11.16,11.37,11.12,11.35,11.14,0.21,1.8851,337497.69,380710.876,11.280399459919266
600373.SH,20260601,7.61,7.87,7.59,7.84,7.62,0.22,2.8871,99933.5,77534.664,7.758625886214333
600375.SH,20260601,4.25,4.35,4.22,4.35,4.26,0.09,2.1127,184837.34,79965.101,4.3262417106846485
600376.SH,20260601,4.29,4.51,3.99,4.33,4.43,-0.1,-2.2573,1474708.0,623779.129,4.229848410668417
600377.SH,20260601,12.8,12.95,12.58,12.93,12.89,0.04,0.3103,135901.02,173605.947,12.774440324288957
600378.SH,20260601,39.47,42.57,39.47,40.88,38.7,2.18,5.6331,525097.13,2176613.145,41.45162905384762
600379.SH,20260601,13.16,14.08,13.08,13.88,13.16,0.72,5.4711,260543.83,357121.452,13.70677064200676
600380.SH,20260601,10.21,10.28,10.1,10.24,10.2,0.04,0.3922,127100.34,129388.176,10.180002350898512
600381.SH,20260601,5.7,5.9,5.42,5.5,5.7,-0.2,-3.5088,183353.14,103826.144,5.662632447963531
600382.SH,20260601,8.11,8.38,7.99,8.1,8.15,-0.05,-0.6135,193399.68,158066.298,8.17303823873959
600383.SH,20260601,2.72,2.8,2.68,2.78,2.75,0.03,1.0909,826964.49,227669.394,2.7530733998022097
600386.SH,20260601,3.64,3.86,3.61,3.84,3.66,0.18,4.918,127750.0,48268.733,3.7783744031311155
600388.SH,20260601,18.62,18.93,18.36,18.5,18.62,-0.12,-0.6445,122860.32,227623.093,18.526981941769318
600389.SH,20260601,24.45,25.18,24.36,24.83,24.55,0.28,1.1405,58199.67,144175.764,24.772608504481212
600390.SH,20260601,4.79,4.88,4.73,4.85,4.76,0.09,1.8908,331160.33,159561.782,4.818263769697294
600391.SH,20260601,36.42,36.9,34.87,34.92,35.63,-0.71,-1.9927,116692.12,414162.263,35.4918792288631
600392.SH,20260601,21.75,22.12,21.5,21.69,21.89,-0.2,-0.9137,297692.56,650580.533,21.854107909179863
600395.SH,20260601,5.65,6.06,5.62,6.05,5.61,0.44,7.8431,899675.24,530717.669,5.898991607238186
600396.SH,20260601,19.99,20.0,18.03,18.5,20.03,-1.53,-7.6385,2999249.96,5577857.592,18.597508265033035
600397.SH,20260601,13.93,14.22,13.35,13.38,13.94,-0.56,-4.0172,375031.6,513537.204,13.693171562076373
600398.SH,20260601,5.7,5.87,5.67,5.87,5.7,0.17,2.9825,338110.9,196234.003,5.803835457537748
600399.SH,20260601,4.79,4.87,4.75,4.81,4.8,0.01,0.2083,322373.62,155262.634,4.816232606129496
600400.SH,20260601,2.92,2.95,2.84,2.88,2.91,-0.03,-1.0309,553436.73,159954.633,2.890206311388115
600403.SH,20260601,5.06,5.56,5.01,5.56,5.05,0.51,10.099,440834.0,237944.3,5.397594105717798
600405.SH,20260601,4.44,4.6,4.36,4.57,4.41,0.16,3.6281,127405.53,57620.242,4.52258563658893
600406.SH,20260601,24.96,25.46,24.92,25.22,24.9,0.32,1.2851,941467.52,2369917.654,25.172590701801376
600408.SH,20260601,2.97,3.28,2.91,3.2,3.0,0.2,6.6667,1140685.34,357409.856,3.1332905181371054
600409.SH,20260601,6.22,6.56,6.22,6.5,6.22,0.28,4.5016,419707.18,270246.91,6.438939405325398
600410.SH,20260601,19.03,19.48,18.75,19.01,18.96,0.05,0.2637,635477.53,1214265.884,19.107927923116335
600415.SH,20260601,12.62,13.03,12.48,12.96,12.81,0.15,1.171,664567.62,850962.967,12.804761191946126
600416.SH,20260601,11.58,11.86,11.4,11.56,11.53,0.03,0.2602,304359.54,353026.081,11.598981947469102
600418.SH,20260601,36.69,37.9,36.0,36.58,37.02,-0.44,-1.1885,434171.64,1599695.849,36.84477984328962
600419.SH,20260601,8.51,8.89,8.39,8.79,8.57,0.22,2.5671,96543.6,84306.372,8.732466160366922
600420.SH,20260601,9.22,9.3,9.15,9.27,9.28,-0.01,-0.1078,66265.0,61202.554,9.236030181845619
600421.SH,20260601,2.04,2.04,0.35,0.39,4.08,-3.69,-90.4412,503434.16,19861.095,0.3945122635301506
600422.SH,20260601,8.91,9.47,8.82,9.47,8.93,0.54,6.047,237510.92,219848.135,9.256337982270457
600423.SH,20260601,2.75,2.82,2.74,2.82,2.75,0.07,2.5455,101449.42,28355.126,2.795001292269586
600425.SH,20260601,3.73,3.8,3.67,3.78,3.71,0.07,1.8868,180473.0,67840.076,3.7590152543593778
600426.SH,20260601,29.42,30.42,29.02,29.8,29.43,0.37,1.2572,330467.3,985592.233,29.824198430525502
600428.SH,20260601,7.76,8.1,7.76,8.07,7.8,0.27,3.4615,631648.4,504257.092,7.983192738238552
600429.SH,20260601,4.91,4.99,4.84,4.98,4.9,0.08,1.6327,129165.7,63956.238,4.951487740166313
600433.SH,20260601,4.12,4.23,4.03,4.15,4.11,0.04,0.9732,376812.82,156483.477,4.152817226335347
600435.SH,20260601,11.88,12.05,11.83,11.96,11.88,0.08,0.6734,129541.22,154889.402,11.956765730629987
600436.SH,20260601,126.63,128.98,125.58,128.91,128.41,0.5,0.3894,51265.36,653910.97,127.55415547652449
600438.SH,20260601,14.6,14.88,14.5,14.53,14.77,-0.24,-1.6249,403420.11,592116.462,14.67741561024313
600439.SH,20260601,2.34,2.46,2.28,2.45,2.35,0.1,4.2553,252676.81,60988.526,2.4136970068602652
600444.SH,20260601,15.15,15.69,14.96,15.52,15.11,0.41,2.7134,26611.0,41093.025,15.442119800082672
600446.SH,20260601,13.08,13.93,13.08,13.42,13.08,0.34,2.5994,236104.9,319594.892,13.536139741276017
600448.SH,20260601,2.96,3.15,2.94,3.14,2.99,0.15,5.0167,280215.85,86854.503,3.099557109278437
600449.SH,20260601,14.46,14.65,14.33,14.5,14.44,0.06,0.4155,57723.96,83516.727,14.468294794743812
600452.SH,20260601,13.72,13.77,12.88,13.35,13.79,-0.44,-3.1907,1041116.69,1384628.934,13.299459583152009
600455.SH,20260601,26.61,27.66,25.8,27.42,26.49,0.93,3.5108,23400.0,63449.153,27.115022649572648
600456.SH,20260601,31.77,32.18,31.66,31.93,31.91,0.02,0.0627,57923.59,184804.339,31.90484895704842
600458.SH,20260601,12.58,12.85,12.45,12.69,12.66,0.03,0.237,175951.64,222808.523,12.663054632511523
600459.SH,20260601,21.71,22.38,21.25,21.32,21.49,-0.17,-0.7911,334551.47,729885.243,21.816829649560354
600460.SH,20260601,34.17,34.6,32.75,32.8,34.6,-1.8,-5.2023,1251712.33,4188880.602,33.46520204047203
600461.SH,20260601,10.45,10.58,10.14,10.31,10.49,-0.18,-1.7159,140453.0,145043.268,10.326818793475399
600463.SH,20260601,9.31,10.41,9.31,10.41,9.46,0.95,10.0423,52697.0,53285.574,10.111690229045296
600467.SH,20260601,2.28,2.35,2.26,2.35,2.28,0.07,3.0702,365940.2,85162.063,2.3272125609594134
600468.SH,20260601,6.53,6.72,6.52,6.66,6.6,0.06,0.9091,163780.41,108838.562,6.645395624543864
600469.SH,20260601,5.92,6.13,5.82,6.09,5.88,0.21,3.5714,80686.63,48629.159,6.0269166031596555
600470.SH,20260601,5.4,5.68,5.36,5.66,5.36,0.3,5.597,215717.02,120795.685,5.599728987541178
600475.SH,20260601,15.72,16.33,15.48,16.16,15.71,0.45,2.8644,139498.25,223070.899,15.99094605129455
600476.SH,20260601,11.2,11.76,11.0,11.76,11.2,0.56,5.0,29850.0,34601.031,11.591635175879398
600477.SH,20260601,2.73,2.81,2.71,2.8,2.73,0.07,2.5641,334308.79,93031.265,2.782794463765072
600478.SH,20260601,5.99,6.25,5.95,6.11,5.9,0.21,3.5593,404807.67,247849.73,6.12265400010825
600479.SH,20260601,10.33,10.34,10.25,10.34,10.38,-0.04,-0.3854,66725.14,68676.776,10.292488858022628
600480.SH,20260601,11.02,11.2,10.93,10.99,11.02,-0.03,-0.2722,175636.87,194195.125,11.056626379187923
600481.SH,20260601,5.46,5.58,5.34,5.35,5.43,-0.08,-1.4733,1052760.07,573582.847,5.448371982801361
600482.SH,20260601,37.03,38.2,36.3,36.53,37.04,-0.51,-1.3769,310490.22,1148901.959,37.00283889779202
600483.SH,20260601,11.5,11.65,11.14,11.56,11.49,0.07,0.6092,554367.15,634512.112,11.445701860220252
600486.SH,20260601,56.96,59.29,56.66,58.57,57.16,1.41,2.4668,68855.98,401966.762,58.377901527216665
600487.SH,20260601,75.24,80.81,73.4,75.56,77.12,-1.56,-2.0228,2372170.82,18218873.693,76.80253689740607
600488.SH,20260601,5.51,5.81,5.45,5.66,5.54,0.12,2.1661,1377559.32,782751.632,5.68216279789679
600489.SH,20260601,22.39,22.88,22.39,22.56,22.42,0.14,0.6244,509676.85,1154666.433,22.65487304357653
600490.SH,20260601,7.35,7.5,7.33,7.41,7.35,0.06,0.8163,268164.96,199075.81,7.423632453695665
600491.SH,20260601,1.33,1.4,1.29,1.4,1.33,0.07,5.2632,665851.6,90791.238,1.3635356286595992
600493.SH,20260601,6.48,6.76,6.28,6.71,6.44,0.27,4.1925,70681.0,46931.835,6.6399506232226475
600495.SH,20260601,4.1,4.2,4.05,4.2,4.14,0.06,1.4493,120787.2,50008.269,4.140196063821332
600496.SH,20260601,4.02,4.09,3.92,4.06,4.04,0.02,0.495,451332.0,180975.329,4.00980495511065
600497.SH,20260601,9.38,9.79,9.35,9.42,9.52,-0.1,-1.0504,1357465.05,1298661.912,9.566816560028562
600498.SH,20260601,50.9,50.96,47.54,47.55,51.89,-4.34,-8.3638,690428.71,3386889.951,49.05488288573632
600499.SH,20260601,16.19,16.3,15.85,15.99,16.34,-0.35,-2.142,249339.19,399844.71,16.03617586148411
600500.SH,20260601,5.36,5.9,5.3,5.7,5.38,0.32,5.948,1038257.95,590050.086,5.683077948018602
600501.SH,20260601,18.21,18.84,18.15,18.66,18.3,0.36,1.9672,55342.01,103161.932,18.64079963846633
600502.SH,20260601,5.2,5.35,5.12,5.34,5.29,0.05,0.9452,414405.08,218386.834,5.269887956006717
600503.SH,20260601,2.66,2.92,2.55,2.92,2.65,0.27,10.1887,795694.53,223182.87,2.8048812903112452
600505.SH,20260601,13.29,13.38,12.5,13.12,13.42,-0.3,-2.2355,185020.41,240718.681,13.010385232634604
600506.SH,20260601,18.37,18.47,18.0,18.14,18.5,-0.36,-1.9459,91873.97,167411.305,18.221842922429495
600507.SH,20260601,4.8,4.93,4.73,4.84,4.83,0.01,0.207,268238.35,129643.949,4.833162334915944
600508.SH,20260601,14.18,14.9,14.0,14.9,14.31,0.59,4.123,301499.64,438313.61,14.537782201000304
600509.SH,20260601,9.8,9.94,9.42,9.8,9.74,0.06,0.616,850131.48,828449.408,9.744956250767235
600510.SH,20260601,8.66,8.7,8.37,8.46,8.57,-0.11,-1.2835,108135.0,92201.673,8.526533777222916
600511.SH,20260601,27.47,27.48,27.1,27.38,27.57,-0.19,-0.6892,50542.0,137787.478,27.26197578251751
600512.SH,20260601,2.21,2.25,2.16,2.24,2.21,0.03,1.3575,334851.01,74080.488,2.212341781498583
600513.SH,20260601,17.42,17.95,17.33,17.66,17.58,0.08,0.4551,89470.5,158129.122,17.67388379409973
600515.SH,20260601,3.2,3.21,3.15,3.2,3.21,-0.01,-0.3115,886129.74,282319.373,3.185982370933629
600516.SH,20260601,5.0,5.16,4.98,5.09,5.03,0.06,1.1928,406436.3,207376.373,5.102309340971759
600517.SH,20260601,5.4,5.44,5.33,5.41,5.39,0.02,0.3711,241420.01,130378.462,5.4004828348735465
600518.SH,20260601,1.54,1.56,1.53,1.55,1.55,0.0,0.0,1420618.16,219706.529,1.546555824684094
600519.SH,20260601,1327.0,1327.0,1301.31,1309.6,1326.0,-16.4,-1.2368,43844.6,5741133.268,1309.4276759281647
600520.SH,20260601,30.72,31.99,30.17,30.22,31.22,-1.0,-3.2031,176669.33,546020.596,30.906360260719843
600521.SH,20260601,16.3,16.5,15.9,16.07,15.96,0.11,0.6892,200652.81,323680.717,16.131382211891278
600522.SH,20260601,42.0,42.15,39.07,39.39,42.19,-2.8,-6.6366,2462324.65,9947637.68,40.39937495650705
600523.SH,20260601,11.82,12.25,11.82,12.15,11.91,0.24,2.0151,34315.69,41512.892,12.097350220846499
600525.SH,20260601,5.26,5.44,5.25,5.3,5.28,0.02,0.3788,97688.0,52356.981,5.359612337236918
600526.SH,20260601,4.76,4.92,4.67,4.88,4.76,0.12,2.521,131344.0,63293.105,4.81888057315142
600527.SH,20260601,2.63,2.65,2.57,2.6,2.59,0.01,0.3861,858220.6,223255.307,2.601374366916851
600528.SH,20260601,7.4,7.54,7.36,7.53,7.44,0.09,1.2097,126156.54,94176.778,7.465072995819321
600529.SH,20260601,19.12,19.47,18.89,19.16,19.18,-0.02,-0.1043,131428.0,251013.813,19.098960115043976
600530.SH,20260601,7.56,7.56,7.05,7.32,7.37,-0.05,-0.6784,362272.0,266265.606,7.349880918205106
600531.SH,20260601,13.23,13.46,13.07,13.09,13.23,-0.14,-1.0582,400949.3,530125.1,13.221748984223192
600533.SH,20260601,2.24,2.38,2.19,2.37,2.25,0.12,5.3333,289677.88,67321.522,2.324013210811954
600535.SH,20260601,14.23,14.41,13.97,14.34,14.07,0.27,1.919,107979.42,154453.931,14.30401561704999
600536.SH,20260601,37.0,39.39,37.0,38.27,36.16,2.11,5.8352,253949.68,972674.456,38.30185791137835
600537.SH,20260601,3.1,3.18,3.05,3.1,3.06,0.04,1.3072,332579.61,103635.876,3.1161223624021934
600538.SH,20260601,6.43,6.51,6.26,6.43,6.43,0.0,0.0,112456.0,71943.611,6.397489773778188
600539.SH,20260601,13.36,16.02,13.36,16.02,14.56,1.46,10.0275,244260.64,371872.231,15.224402548032298
600540.SH,20260601,4.49,4.99,4.48,4.99,4.54,0.45,9.9119,296624.69,141393.757,4.766756165847152
600543.SH,20260601,4.52,4.7,4.45,4.69,4.51,0.18,3.9911,43398.94,19967.513,4.600921819749514
600545.SH,20260601,7.83,8.18,7.31,7.42,7.88,-0.46,-5.8376,2165917.5,1650041.053,7.618208232769716
600546.SH,20260601,13.88,15.27,13.55,15.27,13.88,1.39,10.0144,786122.18,1133101.839,14.413813371860336
600547.SH,20260601,28.95,29.88,28.87,29.41,28.87,0.54,1.8705,576250.15,1695971.685,29.431171254358894
600548.SH,20260601,8.95,9.1,8.83,9.03,8.92,0.11,1.2332,38775.0,34734.268,8.957902772404898
600549.SH,20260601,55.56,57.07,52.75,52.85,54.37,-1.52,-2.7957,683192.01,3721325.767,54.46969098775028
600550.SH,20260601,13.5,13.98,13.49,13.82,13.39,0.43,3.2114,467703.27,644364.229,13.777201707398795
600551.SH,20260601,7.26,7.62,7.23,7.54,7.28,0.26,3.5714,59806.41,44632.96,7.4629057320109995
600552.SH,20260601,17.89,19.3,17.89,18.34,17.93,0.41,2.2867,897371.65,1677710.026,18.695821580724107
600556.SH,20260601,5.21,5.59,5.17,5.43,5.2,0.23,4.4231,852713.31,461245.952,5.409156237985777
600557.SH,20260601,12.86,12.98,12.73,12.86,12.91,-0.05,-0.3873,44685.17,57407.247,12.847046794272018
600558.SH,20260601,5.58,5.83,5.45,5.78,5.53,0.25,4.5208,264116.72,151195.85,5.724584570034037
600559.SH,20260601,12.86,13.19,12.72,13.14,13.02,0.12,0.9217,164057.74,213654.406,13.023122590863437
600560.SH,20260601,12.81,13.3,12.66,13.2,12.84,0.36,2.8037,36455.0,47888.603,13.136360718694283
600561.SH,20260601,5.99,6.34,5.91,6.3,6.06,0.24,3.9604,84547.61,52677.996,6.230571863592596
600562.SH,20260601,23.89,23.98,23.38,23.48,23.88,-0.4,-1.675,56109.4,132674.578,23.645695373680702
600563.SH,20260601,164.31,165.88,153.99,154.4,165.88,-11.48,-6.9207,124014.57,1970932.899,158.92752754777118
600566.SH,20260601,27.3,27.85,26.6,27.73,27.53,0.2,0.7265,72639.12,199381.239,27.448190313979577
600567.SH,20260601,1.34,1.38,1.33,1.37,1.35,0.02,1.4815,779793.04,106153.592,1.3613046866896887
600568.SH,20260601,2.51,2.64,2.5,2.64,2.51,0.13,5.1793,119206.6,31206.736,2.6178698159330107
600569.SH,20260601,1.88,1.95,1.87,1.94,1.89,0.05,2.6455,206885.1,39860.909,1.9267172454662032
600570.SH,20260601,24.03,25.18,24.03,24.65,24.27,0.38,1.5657,327985.75,811165.53,24.731730875502976
600571.SH,20260601,11.53,12.06,11.5,11.86,11.68,0.18,1.5411,82059.63,97557.532,11.888614657414372
600572.SH,20260601,4.24,4.27,4.2,4.26,4.23,0.03,0.7092,322608.97,136547.272,4.232593780637904
600573.SH,20260601,13.4,13.93,13.23,13.58,13.33,0.25,1.8755,249876.0,339925.738,13.60377699338872
600575.SH,20260601,4.25,4.27,3.97,4.16,4.18,-0.02,-0.4785,1250109.84,515898.75,4.1268273674255695
600576.SH,20260601,5.94,6.13,5.9,6.11,5.9,0.21,3.5593,233631.22,141579.449,6.059954187629547
600577.SH,20260601,12.88,13.11,12.56,12.58,13.0,-0.42,-3.2308,674159.37,861917.551,12.78507114719773
600578.SH,20260601,9.33,9.38,8.44,8.44,9.38,-0.94,-10.0213,3643175.56,3152132.932,8.652157657755039
600579.SH,20260601,6.58,6.79,6.55,6.72,6.61,0.11,1.6641,42385.0,28464.568,6.715717352837088
600580.SH,20260601,39.46,40.93,37.47,40.19,39.46,0.73,1.85,613733.97,2425173.133,39.51505459279042
600581.SH,20260601,2.52,2.66,2.5,2.66,2.53,0.13,5.1383,179208.04,47038.579,2.624802938528874
600582.SH,20260601,5.41,5.55,5.4,5.53,5.42,0.11,2.0295,260054.0,142860.023,5.493475316665
600583.SH,20260601,5.62,5.74,5.61,5.73,5.61,0.12,2.139,349901.0,198956.066,5.686067373342746
600584.SH,20260601,80.1,83.51,75.0,75.65,82.05,-6.4,-7.8001,2953364.96,23173514.634,78.46478490758555
600585.SH,20260601,20.03,20.33,19.9,20.31,20.15,0.16,0.794,328316.7,660660.09,20.12264651782867
600586.SH,20260601,5.19,5.23,5.06,5.12,5.19,-0.07,-1.3487,344426.05,177207.56,5.145010373053954
600587.SH,20260601,13.49,13.61,13.4,13.6,13.47,0.13,0.9651,51063.35,69090.528,13.530355528965492
600588.SH,20260601,10.5,11.41,10.3,11.41,10.37,1.04,10.0289,1004722.57,1107603.652,11.023975026260235
600589.SH,20260601,10.85,11.09,10.41,10.44,10.85,-0.41,-3.7788,1429601.74,1528445.268,10.69140604151755
600590.SH,20260601,12.81,13.48,12.6,12.9,12.75,0.15,1.1765,565938.77,741988.219,13.110750814968906
600592.SH,20260601,20.18,20.2,19.39,19.85,20.17,-0.32,-1.5865,100071.88,197245.664,19.71039856551111
600593.SH,20260601,37.61,38.5,37.31,37.73,37.6,0.13,0.3457,54618.0,206776.181,37.858614559302794
600594.SH,20260601,3.54,3.66,3.49,3.66,3.54,0.12,3.3898,199863.01,72219.578,3.613453935272965
600595.SH,20260601,7.1,7.42,7.1,7.31,7.0,0.31,4.4286,1276993.83,932327.733,7.300957225455036
600596.SH,20260601,12.08,13.26,12.07,13.26,12.05,1.21,10.0415,581914.97,759232.447,13.047137230375771
600597.SH,20260601,6.96,7.13,6.9,7.12,6.95,0.17,2.446,91636.0,64439.65,7.032132567986381
600598.SH,20260601,14.2,14.65,14.16,14.61,14.25,0.36,2.5263,222185.33,322401.315,14.510468130366663
600599.SH,20260601,1.98,1.98,0.48,0.57,3.95,-3.38,-85.5696,246030.85,13716.042,0.5574927697075387
600600.SH,20260601,61.3,61.59,60.88,61.47,61.14,0.33,0.5397,79513.87,486561.299,61.19200323163745
600601.SH,20260601,13.25,13.45,12.29,12.43,13.43,-1.0,-7.446,3506024.33,4448936.346,12.689405227259218
600602.SH,20260601,18.42,18.95,18.4,18.63,18.48,0.15,0.8117,218406.76,408976.381,18.725445173949744
600603.SH,20260601,4.74,5.07,4.67,4.97,4.74,0.23,4.8523,289256.29,142247.744,4.917706162932534
600604.SH,20260601,4.44,4.56,4.25,4.56,4.47,0.09,2.0134,202889.41,90168.122,4.444200512978967
600605.SH,20260601,30.5,31.0,29.95,30.03,30.49,-0.46,-1.5087,39871.0,120942.254,30.333388678488124
600606.SH,20260601,1.45,1.52,1.44,1.5,1.47,0.03,2.0408,2384677.01,355307.568,1.4899609737924215
600609.SH,20260601,3.61,3.71,3.59,3.69,3.61,0.08,2.2161,151037.55,55511.982,3.6753762226678073
600610.SH,20260601,7.71,8.05,7.7,7.97,7.78,0.19,2.4422,149288.04,118800.193,7.957783691178476
600611.SH,20260601,4.68,4.88,4.61,4.77,4.73,0.04,0.8457,874045.69,416072.034,4.760300734392958
600612.SH,20260601,35.86,36.84,35.71,36.8,35.95,0.85,2.3644,17230.0,62660.582,36.367139872315725
600613.SH,20260601,5.16,5.31,5.1,5.28,5.15,0.13,2.5243,74993.01,39345.022,5.246491906379008
600615.SH,20260601,10.2,10.77,10.14,10.54,10.31,0.23,2.2308,36113.75,38051.054,10.536444982866636
600616.SH,20260601,4.51,4.64,4.46,4.64,4.51,0.13,2.8825,80112.51,36710.287,4.582341384635184
600617.SH,20260601,3.31,3.67,3.31,3.67,3.34,0.33,9.8802,460107.87,163027.773,3.543251129349298
600618.SH,20260601,10.4,10.7,10.35,10.67,10.39,0.28,2.6949,83116.0,88058.053,10.59459706915636
600619.SH,20260601,15.2,15.46,15.17,15.25,15.27,-0.02,-0.131,165994.6,254541.727,15.334337803759881
600620.SH,20260601,4.75,4.99,4.73,4.95,4.78,0.17,3.5565,73100.0,35933.582,4.915674692202463
600621.SH,20260601,13.15,13.25,13.05,13.21,13.15,0.06,0.4563,72716.0,95825.39,13.178033720226633
600622.SH,20260601,2.57,2.78,2.52,2.65,2.67,-0.02,-0.7491,1046490.78,274856.617,2.6264599961406256
600623.SH,20260601,8.78,8.96,8.71,8.94,8.74,0.2,2.2883,177638.3,157225.112,8.85085660018138
600624.SH,20260601,4.2,4.33,4.17,4.29,4.2,0.09,2.1429,43853.99,18687.667,4.261337907907582
600626.SH,20260601,3.65,3.82,3.6,3.77,3.68,0.09,2.4457,176539.04,66497.083,3.766706956149756
600628.SH,20260601,6.4,6.56,6.33,6.55,6.42,0.13,2.0249,81360.42,52818.495,6.491915233475933
600629.SH,20260601,17.52,17.87,17.05,17.17,17.65,-0.48,-2.7195,163292.38,285343.04,17.47436346999168
600630.SH,20260601,7.69,7.86,7.59,7.82,7.71,0.11,1.4267,54568.0,42423.902,7.774501905878903
600633.SH,20260601,12.2,12.52,12.2,12.49,12.2,0.29,2.377,185894.66,230750.118,12.412950323586486
600635.SH,20260601,5.28,5.38,5.19,5.36,5.25,0.11,2.0952,631539.77,336617.3,5.330104547493502
600636.SH,20260601,2.3,2.75,2.22,2.5,4.51,-2.01,-44.5676,870422.02,206621.221,2.373805076760351
600637.SH,20260601,9.7,9.9,9.63,9.73,9.73,0.0,0.0,515051.14,503458.439,9.77492136023619
600638.SH,20260601,5.62,5.93,5.51,5.85,5.65,0.2,3.5398,142641.91,82405.244,5.777070988463349
600639.SH,20260601,9.9,10.06,9.78,10.02,9.94,0.08,0.8048,63958.03,63752.454,9.967857671663745
600640.SH,20260601,11.6,12.24,11.6,12.0,11.59,0.41,3.5375,144534.97,173775.35,12.023066113342676
600641.SH,20260601,27.0,27.3,26.0,26.05,26.9,-0.85,-3.1599,379345.96,1005422.783,26.50411205117355
600642.SH,20260601,10.3,10.76,10.18,10.76,10.32,0.44,4.2636,813694.32,852917.396,10.482036989025561
600643.SH,20260601,4.33,4.42,4.29,4.4,4.29,0.11,2.5641,131430.62,57585.201,4.381414391866979
600644.SH,20260601,11.66,11.66,11.03,11.48,11.68,-0.2,-1.7123,273855.53,311732.386,11.383096262470945
600645.SH,20260601,19.91,20.24,19.71,20.13,19.9,0.23,1.1558,84858.55,170111.093,20.04642938160032
600648.SH,20260601,9.64,9.78,9.51,9.78,9.66,0.12,1.2422,22338.01,21698.091,9.713529092340814
600649.SH,20260601,3.88,4.02,3.85,3.98,3.92,0.06,1.5306,250136.09,99045.09,3.95964812594616
600650.SH,20260601,11.38,11.6,11.33,11.59,11.47,0.12,1.0462,29983.77,34521.419,11.51336839897051
600651.SH,20260601,6.34,6.75,6.31,6.63,6.41,0.22,3.4321,312845.98,206670.994,6.606157892775225
600653.SH,20260601,1.7,1.76,1.68,1.75,1.71,0.04,2.3392,324131.98,56351.43,1.7385334825647258
600654.SH,20260601,3.29,3.36,3.25,3.33,3.28,0.05,1.5244,632270.08,210796.826,3.33396807263124
600655.SH,20260601,4.71,4.74,4.62,4.73,4.74,-0.01,-0.211,146046.0,68616.057,4.698249661065692
600657.SH,20260601,2.86,2.92,2.77,2.91,2.85,0.06,2.1053,273487.0,78621.949,2.87479657168348
600658.SH,20260601,4.62,4.83,4.53,4.77,4.71,0.06,1.2739,190768.02,89743.889,4.7043466195224966
600660.SH,20260601,52.66,53.08,52.06,52.48,52.66,-0.18,-0.3418,113249.67,593692.953,52.42337156479131
600661.SH,20260601,8.36,8.82,8.26,8.74,8.42,0.32,3.8005,56099.69,48552.62,8.654703796045931
600662.SH,20260601,4.5,4.6,4.43,4.59,4.48,0.11,2.4554,180610.1,81624.968,4.51940218182704
600663.SH,20260601,7.35,7.63,7.13,7.53,7.25,0.28,3.8621,231149.21,173006.516,7.484625017753684
600664.SH,20260601,3.35,3.39,3.3,3.39,3.37,0.02,0.5935,435360.81,146192.198,3.357954933977636
600665.SH,20260601,3.19,3.58,3.13,3.5,3.25,0.25,7.6923,415845.9,143480.056,3.450317918248082
600666.SH,20260601,4.52,4.65,4.45,4.56,4.56,0.0,0.0,1047544.2,480288.801,4.584902489078742
600667.SH,20260601,12.99,14.15,12.99,13.58,12.86,0.72,5.5988,3780865.12,5217894.745,13.80079579511686
600668.SH,20260601,7.9,8.12,7.84,8.1,7.93,0.17,2.1438,66357.0,53307.447,8.033432343234324
600671.SH,20260601,17.31,17.97,17.02,17.82,17.46,0.36,2.0619,16320.0,29016.383,17.77964644607843
600673.SH,20260601,34.71,37.32,33.96,35.75,35.62,0.13,0.365,923784.37,3272427.529,35.42414913341736
600674.SH,20260601,15.44,15.93,15.34,15.74,15.5,0.24,1.5484,752825.66,1180683.135,15.683354031795355
600675.SH,20260601,2.42,2.48,2.38,2.47,2.43,0.04,1.6461,244821.08,59770.923,2.4414124388308394
600676.SH,20260601,6.75,6.77,6.47,6.54,6.71,-0.17,-2.5335,133428.83,87934.563,6.5903720357886675
600678.SH,20260601,6.56,7.02,6.56,7.02,6.69,0.33,4.9327,328638.11,223207.955,6.791907213682552
600679.SH,20260601,9.81,10.05,9.67,10.01,9.76,0.25,2.5615,40617.0,40349.272,9.934084742841666
600681.SH,20260601,3.72,3.94,3.67,3.91,3.74,0.17,4.5455,315703.2,121672.984,3.8540307478669837
600682.SH,20260601,5.74,6.14,5.71,5.97,5.76,0.21,3.6458,328906.81,195706.996,5.95022632702558
600683.SH,20260601,14.96,15.07,14.31,14.43,15.2,-0.77,-5.0658,259035.73,378035.36,14.593946557102374
600684.SH,20260601,3.7,3.79,3.58,3.77,3.7,0.07,1.8919,171434.0,64149.138,3.7419145560390588
600685.SH,20260601,28.12,28.48,27.95,28.09,28.23,-0.14,-0.4959,83607.91,235643.057,28.184301820246432
600686.SH,20260601,13.4,13.76,13.33,13.55,13.43,0.12,0.8935,142884.56,194615.605,13.620478307803168
600688.SH,20260601,2.72,2.77,2.7,2.76,2.72,0.04,1.4706,507821.51,139291.011,2.742912780516131
600689.SH,20260601,11.68,12.08,11.48,11.98,11.61,0.37,3.1869,35688.0,42628.813,11.944859056265411
600690.SH,20260601,20.88,21.17,20.71,21.08,20.88,0.2,0.9579,555967.33,1166834.237,20.987460486212385
600691.SH,20260601,2.68,2.8,2.68,2.79,2.7,0.09,3.3333,331175.76,91661.617,2.767763467954297
600692.SH,20260601,6.79,7.12,6.71,7.08,6.79,0.29,4.271,87636.01,61380.841,7.004066136739909
600693.SH,20260601,9.9,11.05,9.8,10.73,10.08,0.65,6.4484,1355857.74,1428982.735,10.539326456181165
600694.SH,20260601,15.06,15.66,14.81,15.62,15.06,0.56,3.7185,75309.74,116212.665,15.43129281816668
600696.SH,20260601,0.66,0.86,0.42,0.55,1.31,-0.76,-58.0153,280825.33,17741.218,0.6317527695952497
600697.SH,20260601,11.35,12.0,11.25,11.9,11.52,0.38,3.2986,49658.0,58357.357,11.751854081920337
600698.SH,20260601,6.82,6.84,6.71,6.79,6.78,0.01,0.1475,47232.95,32092.263,6.794465092694825
600699.SH,20260601,26.38,26.8,25.85,26.17,26.22,-0.05,-0.1907,380862.92,1005614.422,26.403579061989024
600702.SH,20260601,43.41,44.68,43.41,44.32,44.06,0.26,0.5901,120617.11,530285.634,43.96437901720576
600703.SH,20260601,15.64,15.96,15.09,15.16,15.64,-0.48,-3.0691,2118759.57,3283259.304,15.496139111244227
600704.SH,20260601,4.94,5.02,4.89,5.0,4.97,0.03,0.6036,528804.65,262255.943,4.959410682186702
600706.SH,20260601,8.04,8.46,7.95,8.41,8.16,0.25,3.0637,64269.0,53475.354,8.320551743453299
600707.SH,20260601,9.77,10.59,9.76,9.88,9.77,0.11,1.1259,1788491.26,1817936.339,10.164636415388467
600708.SH,20260601,3.27,3.31,3.14,3.25,3.29,-0.04,-1.2158,380672.13,123293.183,3.2388287264423585
600710.SH,20260601,11.69,11.75,11.55,11.55,11.7,-0.15,-1.2821,111489.0,129663.169,11.630131134013219
600711.SH,20260601,12.29,12.48,12.11,12.2,12.2,0.0,0.0,706028.41,868414.263,12.29999035024667
600712.SH,20260601,5.8,6.08,5.76,6.03,5.89,0.14,2.3769,100879.57,60526.959,5.999922382698498
600713.SH,20260601,5.04,5.12,4.98,5.12,5.01,0.11,2.1956,112977.0,57239.32,5.066457774591289
600714.SH,20260601,28.7,31.82,28.7,29.71,29.36,0.35,1.1921,183294.46,558830.729,30.488140721765408
600715.SH,20260601,1.91,1.97,1.89,1.94,1.91,0.03,1.5707,273894.09,52981.086,1.9343639725851696
600716.SH,20260601,3.67,3.8,3.66,3.77,3.7,0.07,1.8919,62226.0,23335.766,3.7501632758011123
600717.SH,20260601,4.49,4.56,4.43,4.55,4.49,0.06,1.3363,304642.63,137099.57,4.500340940465227
600718.SH,20260601,8.2,8.48,8.18,8.43,8.17,0.26,3.1824,138570.0,116126.98,8.380383921483727
600719.SH,20260601,9.48,9.76,8.92,9.72,9.64,0.08,0.8299,515786.41,487160.674,9.44500794427678
600720.SH,20260601,6.09,6.24,5.98,6.22,6.04,0.18,2.9801,108344.71,66397.371,6.128344521850674
600721.SH,20260601,7.27,7.48,7.24,7.46,7.3,0.16,2.1918,67127.0,49663.529,7.398443100391795
600722.SH,20260601,10.33,10.59,10.33,10.52,10.33,0.19,1.8393,285279.1,299920.079,10.51321596990456
600724.SH,20260601,6.86,6.93,6.68,6.88,6.93,-0.05,-0.7215,95330.0,65157.208,6.834911150739536
600725.SH,20260601,3.86,3.97,3.78,3.96,3.87,0.09,2.3256,166836.96,65310.246,3.91461496301539
600726.SH,20260601,10.38,10.89,9.13,9.5,10.13,-0.63,-6.2192,5105662.15,4982804.743,9.759370276781826
600727.SH,20260601,8.03,8.84,8.01,8.84,8.04,0.8,9.9502,403332.74,348197.878,8.633017939480936
600728.SH,20260601,4.85,5.01,4.84,4.96,4.83,0.13,2.6915,313740.91,155212.843,4.947166214313588
600729.SH,20260601,19.81,20.62,19.68,20.51,20.05,0.46,2.2943,58532.74,118374.358,20.22361468128777
600730.SH,20260601,14.74,15.28,14.42,15.28,14.75,0.53,3.5932,269918.66,402026.027,14.894339909660193
600731.SH,20260601,5.62,5.88,5.59,5.85,5.64,0.21,3.7234,116447.1,67431.283,5.790722396693434
600732.SH,20260601,12.28,12.79,12.05,12.28,12.1,0.18,1.4876,367226.08,459081.843,12.501340945065776
600733.SH,20260601,6.1,6.17,6.01,6.13,6.11,0.02,0.3273,490768.33,299952.906,6.111904286896427
600734.SH,20260601,2.16,2.23,2.12,2.23,2.12,0.11,5.1887,876229.5,193455.187,2.2078141286044355
600735.SH,20260601,7.14,7.19,6.85,7.01,7.2,-0.19,-2.6389,132523.19,92934.813,7.012720792489223
600736.SH,20260601,7.0,7.26,6.95,7.16,7.05,0.11,1.5603,495147.6,354216.261,7.153750942143313
600737.SH,20260601,13.15,14.19,13.06,14.19,12.9,1.29,10.0,653257.12,899820.021,13.77436224499168
600738.SH,20260601,4.36,4.51,4.31,4.48,4.38,0.1,2.2831,122676.0,54602.356,4.450940363233232
600739.SH,20260601,10.76,10.91,10.67,10.86,10.76,0.1,0.9294,91756.5,99131.894,10.803800711666202
600740.SH,20260601,3.85,4.05,3.84,4.03,3.85,0.18,4.6753,660336.07,262648.913,3.9775036520419067
600741.SH,20260601,16.73,17.14,16.66,16.98,16.71,0.27,1.6158,357823.31,604044.073,16.881071079466565
600742.SH,20260601,8.1,8.27,8.06,8.25,8.09,0.16,1.9778,40661.0,33309.486,8.191998721133272
600743.SH,20260601,2.4,2.71,2.33,2.58,2.46,0.12,4.878,1891736.9,488392.506,2.581714751136905
600744.SH,20260601,8.97,8.97,8.15,8.63,9.06,-0.43,-4.7461,2299743.21,1960027.718,8.522811196820536
600745.SH,20260601,21.7,21.7,21.7,21.7,20.67,1.03,4.9831,22742.01,49350.162,21.70000013191446
600746.SH,20260601,6.43,6.67,6.38,6.64,6.41,0.23,3.5881,123934.0,81645.708,6.587837720076815
600748.SH,20260601,4.57,4.67,4.41,4.56,4.7,-0.14,-2.9787,296269.62,135093.845,4.559827801446533
600749.SH,20260601,14.8,15.08,14.61,15.02,14.82,0.2,1.3495,58370.2,87341.928,14.963445045588333
600750.SH,20260601,25.05,26.01,24.62,25.88,25.05,0.83,3.3134,79203.94,201772.763,25.475091643168255
600751.SH,20260601,3.31,3.36,3.3,3.34,3.31,0.03,0.9063,253620.57,84646.636,3.337530390378036
600753.SH,20260601,13.25,13.62,13.18,13.43,13.15,0.28,2.1293,23694.0,31908.027,13.466711825778678
600754.SH,20260601,20.3,20.84,20.11,20.84,20.41,0.43,2.1068,144573.4,297906.911,20.605928268962344
600755.SH,20260601,5.91,6.07,5.88,6.04,5.93,0.11,1.855,199025.42,119481.543,6.003330780560594
600756.SH,20260601,13.88,14.95,13.88,14.75,14.06,0.69,4.9075,119565.11,174888.372,14.62704061410557
600757.SH,20260601,8.03,8.16,7.96,8.13,8.08,0.05,0.6188,158908.55,128092.599,8.060774514650094
600758.SH,20260601,4.69,5.16,4.44,5.16,4.69,0.47,10.0213,2070450.7,1000493.189,4.832248307095648
600759.SH,20260601,2.9,2.9,2.9,2.9,2.76,0.14,5.0725,103484.24,30010.43,2.9000000386532285
600760.SH,20260601,42.87,43.88,42.8,43.8,42.98,0.82,1.9079,154621.48,671651.963,43.43846424183755
600761.SH,20260601,17.75,18.13,17.41,17.97,17.8,0.17,0.9551,139332.9,248646.944,17.845529950212764
600763.SH,20260601,37.25,37.56,36.85,37.55,37.41,0.14,0.3742,59424.72,221157.639,37.21643770471279
600764.SH,20260601,20.39,21.19,20.39,21.1,20.45,0.65,3.1785,44943.78,94060.124,20.928396320914707
600765.SH,20260601,14.26,14.35,14.21,14.32,14.26,0.06,0.4208,123485.24,176425.064,14.287137798817088
600768.SH,20260601,16.28,16.9,16.01,16.73,16.29,0.44,2.701,52319.0,86955.448,16.620242741642617
600769.SH,20260601,15.35,16.56,14.9,16.56,15.05,1.51,10.0332,197101.01,316611.689,16.063422962672792
600770.SH,20260601,6.18,6.31,6.12,6.15,6.18,-0.03,-0.4854,293237.95,181897.814,6.203078898894225
600771.SH,20260601,15.15,15.23,15.02,15.09,15.23,-0.14,-0.9192,58169.65,87875.042,15.106682264720519
600773.SH,20260601,16.82,17.47,16.52,17.0,16.82,0.18,1.0702,286463.5,489247.632,17.07888202161881
600774.SH,20260601,7.55,7.82,7.44,7.77,7.48,0.29,3.877,47510.01,36638.807,7.711807890589793
600775.SH,20260601,10.78,11.03,10.68,10.89,10.78,0.11,1.0204,119742.35,130515.58,10.899700899472911
600776.SH,20260601,14.57,14.8,14.5,14.59,14.58,0.01,0.0686,136359.02,199974.243,14.66527428841891
600777.SH,20260601,5.41,5.45,5.31,5.35,5.38,-0.03,-0.5576,123947.4,66285.338,5.347860302031346
600778.SH,20260601,6.14,6.45,6.05,6.37,6.21,0.16,2.5765,96710.85,61233.684,6.331625045173318
600779.SH,20260601,34.1,34.5,32.35,33.72,35.8,-2.08,-5.8101,146677.23,493941.692,33.67541724097189
600780.SH,20260601,7.65,7.89,7.38,7.86,7.72,0.14,1.8135,660253.56,507577.105,7.687608757459785
600782.SH,20260601,2.84,2.89,2.81,2.88,2.81,0.07,2.4911,526894.38,150977.328,2.865419213619246
600783.SH,20260601,20.82,21.66,20.68,20.92,21.08,-0.16,-0.759,171350.5,360861.484,21.059844237396447
600784.SH,20260601,7.5,7.68,7.42,7.65,7.57,0.08,1.0568,111124.44,84343.81,7.59003239971333
600785.SH,20260601,15.86,16.75,15.86,16.54,16.31,0.23,1.4102,79520.0,131135.184,16.4908430583501
600787.SH,20260601,4.78,4.89,4.74,4.89,4.78,0.11,2.3013,239358.0,115702.464,4.833866593136641
600789.SH,20260601,7.85,7.94,7.8,7.92,7.88,0.04,0.5076,79090.2,62302.507,7.877399096221782
600790.SH,20260601,4.09,4.19,3.99,4.17,4.08,0.09,2.2059,249852.79,102980.442,4.121644669247039
600791.SH,20260601,15.5,15.72,13.86,14.3,15.38,-1.08,-7.0221,231197.01,335029.533,14.491084162377359
600792.SH,20260601,4.03,4.35,3.98,4.3,4.06,0.24,5.9113,476564.02,201769.973,4.233848224630973
600793.SH,20260601,14.13,14.72,14.01,14.57,14.15,0.42,2.9682,37866.0,54924.196,14.50488459303861
600794.SH,20260601,3.21,3.33,3.18,3.33,3.22,0.11,3.4161,140247.0,46110.882,3.2878337504545554
600795.SH,20260601,5.2,5.33,5.09,5.25,5.15,0.1,1.9417,5789846.37,3024605.319,5.223981994879771
600796.SH,20260601,5.37,5.57,5.29,5.55,5.35,0.2,3.7383,102580.1,56166.796,5.475408583146244
600797.SH,20260601,7.47,7.77,7.47,7.77,7.06,0.71,10.0567,236401.84,182304.037,7.71161666931188
600798.SH,20260601,3.46,3.81,3.45,3.81,3.46,0.35,10.1156,707593.46,263703.584,3.7267668358608064
600800.SH,20260601,3.88,4.0,3.83,3.95,3.9,0.05,1.2821,199748.77,79015.636,3.955750816388006
600801.SH,20260601,18.77,19.06,18.63,18.85,18.64,0.21,1.1266,136523.4,257548.649,18.86479892824234
600802.SH,20260601,5.02,5.26,4.95,5.23,5.07,0.16,3.1558,79754.4,41305.632,5.179103848815865
600803.SH,20260601,19.52,19.84,19.18,19.83,19.55,0.28,1.4322,94152.88,184717.919,19.618934545602855
600805.SH,20260601,4.72,4.86,4.69,4.82,4.69,0.13,2.7719,97574.99,46897.56,4.806309485658159
600807.SH,20260601,2.75,2.88,2.7,2.83,2.77,0.06,2.1661,260499.0,73513.688,2.8220334051186375
600808.SH,20260601,2.95,2.99,2.92,2.98,2.95,0.03,1.0169,535940.0,158863.129,2.964196160017912
600809.SH,20260601,127.0,128.97,125.91,128.13,128.3,-0.17,-0.1325,92709.56,1180605.934,127.34457309472722
600810.SH,20260601,5.99,6.09,5.95,6.04,5.95,0.09,1.5126,145352.8,87638.113,6.029337790534479
600812.SH,20260601,4.54,4.64,4.51,4.63,4.54,0.09,1.9824,156676.01,71804.664,4.583003103027707
600814.SH,20260601,7.22,7.44,7.06,7.4,7.27,0.13,1.7882,119811.16,87466.631,7.300374272313196
600815.SH,20260601,3.28,3.44,3.28,3.4,3.33,0.07,2.1021,425473.0,144089.994,3.386583731517629
600816.SH,20260601,3.08,3.1,3.02,3.06,3.09,-0.03,-0.9709,649219.84,199076.498,3.0663957835915796
600817.SH,20260601,10.1,10.41,10.01,10.34,10.08,0.26,2.5794,41866.0,42898.864,10.246707113170592
600818.SH,20260601,5.91,6.12,5.73,6.08,6.0,0.08,1.3333,92749.05,55216.258,5.953296341040691
600819.SH,20260601,6.71,6.88,6.6,6.78,6.78,0.0,0.0,95637.0,64641.734,6.7590716981921215
600820.SH,20260601,5.78,5.79,5.71,5.78,5.75,0.03,0.5217,186763.13,107594.377,5.761007378704779
600821.SH,20260601,8.23,8.26,7.61,8.15,8.11,0.04,0.4932,1461816.22,1173896.74,8.030398923881144
600822.SH,20260601,8.81,9.11,8.7,9.06,8.8,0.26,2.9545,32631.39,29391.272,9.00705486343058
600824.SH,20260601,3.82,3.92,3.78,3.92,3.82,0.1,2.6178,115232.55,44727.805,3.881525228765657
600825.SH,20260601,5.2,5.34,5.16,5.31,5.17,0.14,2.7079,67382.21,35638.569,5.289017531481974
600826.SH,20260601,8.65,9.0,8.5,8.98,8.65,0.33,3.815,72312.0,63925.837,8.840280589667
600827.SH,20260601,8.39,8.55,8.3,8.54,8.49,0.05,0.5889,176763.77,149333.092,8.44817306170829
600828.SH,20260601,4.66,4.83,4.49,4.74,4.63,0.11,2.3758,670879.25,317181.675,4.727850429119696
600829.SH,20260601,8.68,8.9,8.6,8.87,8.71,0.16,1.837,52873.21,46609.869,8.8154036798598
600830.SH,20260601,8.32,8.41,8.1,8.41,8.32,0.09,1.0817,86263.29,71720.538,8.314143594569604
600831.SH,20260601,3.79,3.8,3.61,3.74,3.78,-0.04,-1.0582,250223.75,92699.327,3.704657411616603
600833.SH,20260601,10.32,10.99,10.31,10.92,10.57,0.35,3.3113,44614.79,48131.294,10.788192435737118
600834.SH,20260601,7.65,7.76,7.62,7.75,7.67,0.08,1.043,25745.1,19826.126,7.700931827804126
600835.SH,20260601,21.97,22.35,21.86,21.99,21.91,0.08,0.3651,62456.0,137874.457,22.075454239784808
600838.SH,20260601,8.43,8.67,8.2,8.62,8.5,0.12,1.4118,137886.01,118001.591,8.55790888430233
600839.SH,20260601,7.12,7.35,7.07,7.3,7.2,0.1,1.3889,691567.13,502686.188,7.268798157020563
600841.SH,20260601,7.3,7.99,7.29,7.99,7.26,0.73,10.0551,191790.92,149980.363,7.8199928860031545
600843.SH,20260601,7.69,7.88,7.6,7.82,7.7,0.12,1.5584,85333.0,66536.294,7.79725241114223
600844.SH,20260601,2.98,3.09,2.96,3.07,2.98,0.09,3.0201,246088.17,75106.347,3.0520096516626536
600845.SH,20260601,20.18,20.7,20.18,20.46,20.15,0.31,1.5385,154523.38,316753.048,20.498713398580847
600846.SH,20260601,10.9,11.32,10.85,11.25,10.97,0.28,2.5524,39423.01,44190.399,11.209290969918328
600847.SH,20260601,14.52,15.98,14.04,15.98,14.53,1.45,9.9794,26932.0,41944.26,15.574134858161294
600848.SH,20260601,8.96,9.19,8.84,9.14,8.96,0.18,2.0089,202258.01,182950.205,9.045387374275064
600850.SH,20260601,23.96,25.68,23.93,25.59,24.33,1.26,5.1788,466175.5,1171540.885,25.13089780565474
600851.SH,20260601,8.14,8.18,7.9,8.08,8.16,-0.08,-0.9804,128868.13,103749.463,8.050823970208926
600853.SH,20260601,3.6,3.71,3.6,3.68,3.6,0.08,2.2222,98221.42,35972.343,3.6623725252597654
600854.SH,20260601,4.94,5.12,4.84,5.1,4.99,0.11,2.2044,137857.0,69388.908,5.033397506111404
600855.SH,20260601,16.02,16.17,15.86,15.93,15.89,0.04,0.2517,77634.78,124207.761,15.998984089347584
600857.SH,20260601,14.94,16.68,14.94,15.72,15.47,0.25,1.616,301734.47,480949.696,15.93950124425625
600858.SH,20260601,5.18,5.44,5.09,5.39,5.23,0.16,3.0593,144504.54,76855.939,5.318583000921632
600859.SH,20260601,11.12,11.27,10.9,11.24,11.18,0.06,0.5367,195915.45,218121.851,11.133468595764143
600860.SH,20260601,9.2,9.44,9.03,9.39,9.22,0.17,1.8438,53775.0,50386.347,9.369846025104602
600861.SH,20260601,14.22,14.57,14.05,14.57,14.22,0.35,2.4613,35849.0,51483.291,14.361151217607183
600862.SH,20260601,17.82,17.96,17.68,17.86,17.82,0.04,0.2245,141638.05,252343.5,17.81608120134385
600863.SH,20260601,7.66,8.03,7.0,7.92,7.3,0.62,8.4932,7790381.16,5838420.893,7.4943969660657785
600864.SH,20260601,5.56,5.66,5.5,5.66,5.59,0.07,1.2522,293630.11,164314.601,5.5959724634507
600865.SH,20260601,10.96,11.38,10.55,11.28,10.87,0.41,3.7718,380348.35,420909.929,11.06643236391061
600866.SH,20260601,5.0,5.13,4.99,5.12,5.01,0.11,2.1956,187501.0,95332.171,5.084355336771537
600867.SH,20260601,8.48,8.6,8.45,8.6,8.41,0.19,2.2592,281032.14,239790.1,8.532479594682659
600868.SH,20260601,3.51,3.57,3.32,3.48,3.5,-0.02,-0.5714,1176199.0,407990.131,3.4687168667886983
600869.SH,20260601,24.0,24.49,22.98,22.98,24.1,-1.12,-4.6473,1224167.55,2888067.846,23.592096081945645
600871.SH,20260601,2.33,2.4,2.32,2.38,2.32,0.06,2.5862,1323632.34,314091.817,2.3729536330307552
600872.SH,20260601,19.64,19.69,19.3,19.61,19.63,-0.02,-0.1019,113371.12,221127.009,19.504703578830306
600873.SH,20260601,9.38,9.45,9.28,9.41,9.42,-0.01,-0.1062,193845.74,181381.478,9.357000984390991
600874.SH,20260601,5.77,5.91,5.73,5.89,5.77,0.12,2.0797,114052.91,66598.321,5.8392478543511075
600875.SH,20260601,35.08,36.33,34.36,35.3,35.23,0.07,0.1987,511328.41,1812305.852,35.44308934447824
600876.SH,20260601,8.71,8.94,8.65,8.78,8.77,0.01,0.114,39198.0,34589.18,8.8242206235012
600877.SH,20260601,14.55,14.67,14.19,14.2,14.54,-0.34,-2.3384,197646.48,283896.919,14.363874276941333
600879.SH,20260601,19.5,19.69,19.2,19.2,19.51,-0.31,-1.5889,797263.13,1549466.303,19.434816996993202
600880.SH,20260601,4.34,4.52,4.31,4.49,4.33,0.16,3.6952,223234.87,99413.063,4.453294550264482
600881.SH,20260601,1.5,1.55,1.48,1.54,1.5,0.04,2.6667,555705.11,84824.946,1.526438113912611
600882.SH,20260601,18.9,20.56,18.81,20.0,19.18,0.82,4.2753,196730.78,393623.002,20.00820624001999
600883.SH,20260601,8.42,8.87,8.27,8.82,8.47,0.35,4.1322,63558.43,55327.459,8.704975720765916
600884.SH,20260601,14.52,14.88,14.18,14.23,14.65,-0.42,-2.8669,791310.63,1148753.741,14.517102354608832
600885.SH,20260601,33.84,35.8,33.7,34.89,33.84,1.05,3.1028,273002.28,952126.224,34.87612718838832
600886.SH,20260601,14.39,14.57,14.14,14.51,14.3,0.21,1.4685,649973.79,935897.298,14.399000581238822
600887.SH,20260601,26.7,27.03,26.58,27.0,26.92,0.08,0.2972,684616.66,1839883.296,26.87464976385471
600888.SH,20260601,11.4,12.34,11.39,11.82,11.58,0.24,2.0725,1117513.05,1337970.215,11.97274801399411
600889.SH,20260601,15.8,16.48,15.8,16.19,15.95,0.24,1.5047,36349.0,58827.859,16.18417535558062
600892.SH,20260601,3.96,4.02,3.91,3.99,3.97,0.02,0.5038,48811.0,19439.031,3.9825102948105955
600893.SH,20260601,41.52,42.69,41.22,41.52,41.52,0.0,0.0,303646.94,1269785.648,41.81783119566428
600894.SH,20260601,8.66,8.86,8.59,8.86,8.62,0.24,2.7842,75657.04,65994.496,8.722849321094245
600895.SH,20260601,35.0,35.14,33.78,33.78,34.74,-0.96,-2.7634,359445.05,1233770.714,34.32432061590499
600897.SH,20260601,15.0,15.19,14.9,15.11,14.43,0.68,4.7124,44253.25,66670.717,15.065722178597055
600900.SH,20260601,27.74,27.87,27.55,27.77,27.75,0.02,0.0721,1392780.66,3861503.134,27.725134652573367
600901.SH,20260601,6.28,6.5,6.22,6.49,6.25,0.24,3.84,474427.39,304879.623,6.426265207832963
600903.SH,20260601,9.38,10.28,9.24,9.82,9.35,0.47,5.0267,627302.07,616562.07,9.828790617572807
600905.SH,20260601,4.25,4.43,4.25,4.38,4.17,0.21,5.036,6133770.27,2658467.127,4.33414850895614
600906.SH,20260601,6.62,6.72,6.51,6.71,6.67,0.04,0.5997,481057.49,319672.509,6.645203861185074
600908.SH,20260601,5.47,5.6,5.42,5.59,5.45,0.14,2.5688,180322.59,99405.055,5.512623515445291
600909.SH,20260601,7.23,7.56,7.2,7.23,7.17,0.06,0.8368,1775139.26,1301218.199,7.33023165179728
600916.SH,20260601,7.88,8.04,7.87,8.01,7.94,0.07,0.8816,218432.0,174331.006,7.981019539261647
600917.SH,20260601,5.11,5.28,5.09,5.28,5.12,0.16,3.125,75532.0,39347.151,5.209335248636339
600918.SH,20260601,5.43,5.51,5.39,5.5,5.44,0.06,1.1029,480052.37,261957.533,5.456853238741432
600919.SH,20260601,11.26,11.42,11.17,11.39,11.29,0.1,0.8857,1174304.49,1328266.885,11.311094322733961
600925.SH,20260601,4.71,4.85,4.65,4.85,4.7,0.15,3.1915,415686.53,199201.159,4.792100407968476
600926.SH,20260601,16.06,16.37,15.92,16.37,16.01,0.36,2.2486,625220.44,1010867.566,16.168178474779232
600927.SH,20260601,13.91,14.02,13.72,13.92,13.91,0.01,0.0719,56195.0,78030.728,13.885706557522912
600928.SH,20260601,3.5,3.59,3.48,3.59,3.51,0.08,2.2792,279780.63,99125.441,3.542970111976658
600929.SH,20260601,5.56,5.62,5.52,5.59,5.55,0.04,0.7207,161393.0,90072.695,5.580954254521572
600930.SH,20260601,6.43,6.49,6.21,6.41,6.43,-0.02,-0.311,2480973.33,1582257.282,6.3775666705776315
600933.SH,20260601,15.81,16.09,15.64,15.76,15.96,-0.2,-1.2531,119629.45,189535.279,15.843530083938361
600935.SH,20260601,2.42,2.5,2.41,2.5,2.43,0.07,2.8807,234672.0,57942.566,2.4690873218790483
600936.SH,20260601,5.26,5.5,5.14,5.38,5.31,0.07,1.3183,828977.35,442383.954,5.336502306124529
600938.SH,20260601,34.53,34.98,34.3,34.82,34.4,0.42,1.2209,375766.93,1305486.316,34.7419161127351
600939.SH,20260601,2.78,2.9,2.74,2.89,2.8,0.09,3.2143,206285.57,58550.105,2.8383034741596322
600941.SH,20260601,98.8,99.1,98.2,98.9,99.1,-0.2,-0.2018,75801.79,748444.936,98.73710581240893
600955.SH,20260601,16.23,16.57,16.22,16.49,16.17,0.32,1.979,41862.0,68854.546,16.447982896182694
600956.SH,20260601,9.18,9.91,9.1,9.85,9.09,0.76,8.3608,591528.61,564711.826,9.546652798416632
600958.SH,20260601,9.3,9.32,9.15,9.3,9.31,-0.01,-0.1074,413554.67,383176.529,9.265438327658106
600959.SH,20260601,3.53,3.61,3.52,3.58,3.53,0.05,1.4164,389350.14,138995.422,3.5699337876185173
600960.SH,20260601,4.34,4.55,4.27,4.48,4.5,-0.02,-0.4444,175835.0,78405.827,4.459056899934598
600961.SH,20260601,25.0,25.88,24.85,24.94,25.34,-0.4,-1.5785,315146.45,797763.895,25.314068903520884
600962.SH,20260601,25.25,26.49,25.23,25.66,25.18,0.48,1.9063,65722.0,169431.646,25.780050211496913
600963.SH,20260601,4.08,4.17,3.98,4.08,4.06,0.02,0.4926,355705.56,145010.231,4.07669284112399
600965.SH,20260601,3.21,3.28,3.07,3.26,3.21,0.05,1.5576,99304.72,31752.845,3.1975161905697935
600966.SH,20260601,5.86,6.07,5.84,5.96,5.91,0.05,0.846,126628.0,75917.013,5.995278532394099
600967.SH,20260601,12.67,12.81,12.67,12.75,12.67,0.08,0.6314,80429.68,102425.493,12.734788078231817
600968.SH,20260601,3.91,4.08,3.91,4.05,3.92,0.13,3.3163,702609.33,282009.838,4.0137502586252305
600969.SH,20260601,11.66,11.83,11.0,11.41,11.83,-0.42,-3.5503,237789.95,270732.2,11.38535081066294
600970.SH,20260601,8.87,9.02,8.79,8.98,8.87,0.11,1.2401,225969.19,202211.186,8.948617552684947
600971.SH,20260601,7.77,8.26,7.71,8.24,7.66,0.58,7.5718,413231.6,332929.415,8.056726905686787
600973.SH,20260601,6.93,7.0,6.8,6.83,6.96,-0.13,-1.8678,202837.62,139819.896,6.89319348156422
600975.SH,20260601,5.0,5.12,4.97,5.11,5.02,0.09,1.7928,87919.0,44570.715,5.069520240221113
600976.SH,20260601,30.42,30.42,29.5,29.68,30.42,-0.74,-2.4326,22628.0,67194.228,29.69516881739438
600977.SH,20260601,14.5,15.19,14.46,15.0,14.48,0.52,3.5912,572922.31,851652.376,14.865058684832853
600979.SH,20260601,5.32,5.46,5.05,5.27,5.3,-0.03,-0.566,1592774.1,839778.72,5.272428274668704
600980.SH,20260601,20.85,21.35,20.76,21.0,20.82,0.18,0.8646,30245.0,63739.089,21.074256571334104
600981.SH,20260601,2.46,2.72,2.44,2.72,2.47,0.25,10.1215,267264.19,69979.25,2.6183548944585504
600982.SH,20260601,6.72,6.81,6.27,6.67,6.59,0.08,1.214,1080653.88,711131.154,6.58056355657558
600983.SH,20260601,8.62,8.93,8.62,8.89,8.65,0.24,2.7746,36150.0,31971.087,8.844007468879667
600984.SH,20260601,4.63,4.74,4.55,4.6,4.67,-0.07,-1.4989,317308.2,147251.329,4.640640519217593
600985.SH,20260601,14.6,15.89,14.33,15.81,14.75,1.06,7.1864,613127.59,940810.925,15.344455874184362
600986.SH,20260601,8.75,9.24,8.68,9.02,8.84,0.18,2.0362,972453.41,878065.974,9.02938860587676
600987.SH,20260601,6.58,6.69,6.52,6.68,6.54,0.14,2.1407,70999.91,47081.931,6.6312662931544555
600988.SH,20260601,33.36,33.97,32.9,33.5,33.37,0.13,0.3896,337447.88,1132148.602,33.55032492721543
600989.SH,20260601,24.03,24.96,24.03,24.63,24.0,0.63,2.625,703681.47,1731536.497,24.606822416398145
600990.SH,20260601,19.08,19.49,19.02,19.24,19.08,0.16,0.8386,28453.13,54842.245,19.274591231263486
600992.SH,20260601,13.02,13.2,12.9,13.18,13.2,-0.02,-0.1515,142955.81,186401.787,13.039119361430643
600993.SH,20260601,24.01,24.3,23.89,24.29,24.19,0.1,0.4134,40736.0,98458.75,24.16996023173606
600995.SH,20260601,15.63,16.45,14.88,16.34,15.62,0.72,4.6095,1171041.21,1842888.813,15.737181554866034
600996.SH,20260601,9.17,9.47,9.08,9.44,9.25,0.19,2.0541,518467.62,483227.768,9.320307563276565
600997.SH,20260601,5.46,5.73,5.42,5.71,5.43,0.28,5.1565,243832.3,137354.381,5.63314954581489
600998.SH,20260601,4.82,4.91,4.79,4.9,4.8,0.1,2.0833,276191.9,134138.068,4.856698114607995
600999.SH,20260601,17.0,17.36,16.92,17.12,16.99,0.13,0.7652,680387.85,1166528.521,17.14505220808984
601000.SH,20260601,4.36,4.4,4.21,4.32,4.39,-0.07,-1.5945,628396.6,269193.129,4.283809444545054
601001.SH,20260601,18.42,20.2,18.2,20.2,18.36,1.84,10.0218,376807.96,732218.851,19.432149230605425
601002.SH,20260601,5.11,5.23,5.02,5.16,5.13,0.03,0.5848,164982.01,85041.445,5.15458897609503
601003.SH,20260601,4.03,4.03,3.91,3.98,4.01,-0.03,-0.7481,197236.0,78325.895,3.971176407957979
601005.SH,20260601,1.3,1.32,1.29,1.32,1.3,0.02,1.5385,603905.4,79143.416,1.3105267149457513
601006.SH,20260601,5.16,5.22,5.11,5.22,5.19,0.03,0.578,1843816.45,949933.784,5.15199755376952
601007.SH,20260601,6.84,7.01,6.73,6.98,6.82,0.16,2.346,69982.5,48437.517,6.921375629621691
601008.SH,20260601,4.38,4.61,4.29,4.6,4.39,0.21,4.7836,192449.19,86911.126,4.516055692414191
601009.SH,20260601,10.88,11.23,10.85,11.23,10.78,0.45,4.1744,793642.13,878442.862,11.068500887169384
601010.SH,20260601,1.68,1.72,1.62,1.7,1.7,0.0,0.0,650683.36,109273.901,1.6793713765786173
601011.SH,20260601,2.8,2.97,2.78,2.96,2.82,0.14,4.9645,640991.58,187085.47,2.9186884170927803
601012.SH,20260601,13.86,14.08,13.65,13.68,13.89,-0.21,-1.5119,1394094.06,1924818.824,13.806950902581134
601015.SH,20260601,3.59,3.81,3.54,3.8,3.6,0.2,5.5556,834713.68,312576.967,3.7447207885702793
601016.SH,20260601,5.0,5.07,4.65,4.9,5.04,-0.14,-2.7778,4668383.22,2268843.939,4.860020765390378
601018.SH,20260601,3.47,3.53,3.42,3.51,3.48,0.03,0.8621,915788.0,318290.929,3.475596196936409
601019.SH,20260601,7.16,7.38,7.15,7.33,7.19,0.14,1.9471,123380.7,89710.507,7.2710324224129055
601020.SH,20260601,24.52,25.17,24.5,24.84,24.56,0.28,1.1401,164458.66,410065.374,24.93425241334205
601021.SH,20260601,48.5,49.25,47.75,48.38,49.0,-0.62,-1.2653,80086.98,388275.001,48.48166343642874
601022.SH,20260601,8.34,8.54,8.22,8.54,8.21,0.33,4.0195,98789.55,83194.789,8.42141592911396
601026.SH,20260601,17.4,17.74,17.06,17.68,17.42,0.26,1.4925,25248.49,44207.74,17.509062918218078
601033.SH,20260601,14.44,14.67,14.21,14.67,14.37,0.3,2.0877,72050.08,104355.498,14.483744917424104
601038.SH,20260601,12.81,13.03,12.68,13.0,12.78,0.22,1.7214,57519.01,74074.584,12.878278676910469
601058.SH,20260601,12.62,12.79,12.52,12.67,12.63,0.04,0.3167,249977.1,315948.706,12.63910598210796
601059.SH,20260601,17.21,17.22,17.01,17.12,17.2,-0.08,-0.4651,212044.0,362085.697,17.07596994020109
601061.SH,20260601,13.13,13.27,12.78,12.93,13.16,-0.23,-1.7477,211161.94,273912.655,12.971686801134714
601065.SH,20260601,7.68,7.86,7.65,7.85,7.68,0.17,2.2135,36026.0,28038.787,7.782930938766447
601066.SH,20260601,24.05,24.91,23.9,24.3,24.39,-0.09,-0.369,438799.45,1071774.408,24.42515386015183
601068.SH,20260601,5.52,5.58,5.43,5.52,5.53,-0.01,-0.1808,137046.51,75515.27,5.510192853506448
601069.SH,20260601,27.05,27.9,27.01,27.48,27.44,0.04,0.1458,115481.42,318439.376,27.574944610137283
601077.SH,20260601,6.62,6.7,6.51,6.68,6.64,0.04,0.6024,836880.86,550976.303,6.583688662684912
601083.SH,20260601,11.35,11.64,11.34,11.6,11.39,0.21,1.8437,61692.0,71177.055,11.53748541139856
601086.SH,20260601,8.47,8.53,8.15,8.36,8.56,-0.2,-2.3364,274615.8,230062.304,8.377606241155826
601088.SH,20260601,47.0,49.01,47.0,49.0,46.92,2.08,4.4331,576751.14,2792070.611,48.41031802728643
601089.SH,20260601,18.48,18.59,18.22,18.52,18.4,0.12,0.6522,21138.0,38946.5,18.424874633361718
601096.SH,20260601,5.05,5.13,5.02,5.08,5.05,0.03,0.5941,185349.67,94181.053,5.08126359221465
601098.SH,20260601,10.84,11.25,10.81,11.24,10.89,0.35,3.214,115013.83,127279.734,11.066472092964819
601099.SH,20260601,3.36,3.4,3.33,3.39,3.36,0.03,0.8929,948036.84,320041.369,3.3758326205973175
601100.SH,20260601,111.3,114.88,108.8,111.3,109.11,2.19,2.0071,119381.14,1342775.584,112.47803329738684
601101.SH,20260601,12.02,13.27,11.76,13.27,12.06,1.21,10.0332,527018.83,667900.286,12.673176895785678
601106.SH,20260601,3.72,3.79,3.69,3.76,3.73,0.03,0.8043,572644.08,214571.585,3.747032275265991
601107.SH,20260601,6.31,6.33,6.03,6.28,6.33,-0.05,-0.7899,165044.29,102248.284,6.1952027543636925
601108.SH,20260601,7.83,7.89,7.74,7.86,7.85,0.01,0.1274,472810.2,369719.074,7.819608671724934
601111.SH,20260601,6.77,6.9,6.65,6.78,6.81,-0.03,-0.4405,1213809.74,823049.901,6.780715905278532
601112.SH,20260601,18.03,18.25,17.82,18.12,18.2,-0.08,-0.4396,53300.94,96352.537,18.077080254119345
601113.SH,20260601,4.05,4.19,4.02,4.16,4.05,0.11,2.716,88162.0,36400.285,4.128795285950863
601116.SH,20260601,12.76,13.15,12.52,13.02,13.0,0.02,0.1538,302154.38,390679.232,12.92978880531204
601117.SH,20260601,7.78,7.85,7.72,7.84,7.72,0.12,1.5544,847257.42,660445.545,7.795098979481349
601118.SH,20260601,6.47,6.81,6.46,6.72,6.38,0.34,5.3292,856219.8,571344.79,6.672875236008324
601121.SH,20260601,6.5,6.68,6.47,6.62,6.48,0.14,2.1605,93704.0,61977.378,6.614165670622385
601126.SH,20260601,77.95,79.95,75.0,75.66,77.9,-2.24,-2.8755,317880.86,2451079.479,77.10685943784095
601127.SH,20260601,82.0,82.18,80.03,80.09,81.46,-1.37,-1.6818,176468.65,1423126.037,80.64469451089472
601128.SH,20260601,7.09,7.23,7.07,7.22,7.09,0.13,1.8336,615271.66,439289.913,7.139771609178293
601133.SH,20260601,26.7,26.9,25.26,25.36,26.57,-1.21,-4.554,151542.7,393042.376,25.93608111773117
601136.SH,20260601,14.6,14.69,14.35,14.65,14.56,0.09,0.6181,79775.45,116134.363,14.557656898206153
601137.SH,20260601,19.72,20.24,19.3,19.6,19.77,-0.17,-0.8599,204021.7,402716.936,19.738926594573027
601138.SH,20260601,75.2,76.5,72.19,73.75,73.4,0.35,0.4768,3013251.04,22439242.13,74.4685452095621
601139.SH,20260601,6.54,6.75,6.48,6.73,6.48,0.25,3.858,496173.85,330317.752,6.657298686740544
601155.SH,20260601,13.0,13.46,12.88,13.21,13.12,0.09,0.686,163418.35,216268.191,13.234021209980396
601156.SH,20260601,16.47,17.21,16.35,17.03,16.47,0.56,3.4001,166407.02,281948.545,16.943308341198588
601158.SH,20260601,4.32,4.34,4.28,4.34,4.32,0.02,0.463,117924.54,50879.485,4.314579899993674
601162.SH,20260601,3.33,3.37,3.32,3.36,3.35,0.01,0.2985,724814.92,242940.301,3.351756349055287
601163.SH,20260601,14.23,14.43,14.1,14.23,14.29,-0.06,-0.4199,63863.19,91054.192,14.257695552007343
601166.SH,20260601,18.48,18.5,18.3,18.44,18.5,-0.06,-0.3243,1175844.9,2163673.524,18.401011255821242
601168.SH,20260601,30.51,31.43,30.32,30.85,30.53,0.32,1.0481,443179.01,1374388.589,31.012041590146605
601169.SH,20260601,5.09,5.18,5.08,5.17,5.09,0.08,1.5717,1267041.43,649703.914,5.127724308115166
601177.SH,20260601,17.46,18.0,17.3,17.76,17.81,-0.05,-0.2807,170932.06,302182.534,17.67851706695631
601179.SH,20260601,16.3,17.27,16.2,17.0,16.57,0.43,2.5951,1836474.93,3101234.338,16.886886324116606
601186.SH,20260601,6.4,6.5,6.35,6.49,6.4,0.09,1.4063,597096.15,383656.531,6.425372714260509
601187.SH,20260601,7.12,7.47,7.09,7.45,7.12,0.33,4.6348,202923.95,148539.346,7.319951439935995
601188.SH,20260601,3.14,3.21,3.11,3.2,3.14,0.06,1.9108,132535.01,42025.179,3.1708737940261966
601198.SH,20260601,13.33,13.38,13.12,13.28,13.37,-0.09,-0.6731,275137.08,364888.784,13.262072273210137
601199.SH,20260601,5.84,5.9,5.73,5.88,5.88,0.0,0.0,126420.27,73631.098,5.824311085556138
601200.SH,20260601,7.66,7.88,7.58,7.84,7.65,0.19,2.4837,123585.25,96206.163,7.7845991329871485
601208.SH,20260601,49.8,50.95,47.18,47.79,50.0,-2.21,-4.42,830464.19,4060474.911,48.8940397417979
601211.SH,20260601,15.34,15.98,15.27,15.87,15.38,0.49,3.186,2255896.54,3555159.044,15.759406430934995
601212.SH,20260601,6.27,6.36,6.22,6.28,6.27,0.01,0.1595,702248.98,442576.74,6.302276722424004
601216.SH,20260601,5.11,5.22,5.11,5.21,5.12,0.09,1.7578,434382.39,224952.149,5.178666404961767
601218.SH,20260601,5.33,5.43,5.32,5.38,5.33,0.05,0.9381,201727.0,108689.928,5.387971268099957
601222.SH,20260601,6.6,6.68,6.53,6.6,6.6,0.0,0.0,696351.92,459343.683,6.596430192940375
601225.SH,20260601,25.77,26.88,25.6,26.77,25.74,1.03,4.0016,860590.23,2274492.552,26.429448914380544
601226.SH,20260601,7.81,8.0,7.72,7.9,7.86,0.04,0.5089,118014.0,93249.334,7.901548460352162
601228.SH,20260601,3.08,3.16,3.06,3.15,3.08,0.07,2.2727,357112.25,111140.642,3.1122046919421
601229.SH,20260601,9.03,9.26,8.98,9.26,9.03,0.23,2.5471,572395.88,523837.242,9.151659896643562
601231.SH,20260601,44.38,44.38,40.34,40.34,44.82,-4.48,-9.9955,496194.07,2061885.684,41.554017040147215
601233.SH,20260601,18.9,20.33,18.36,19.87,19.08,0.79,4.1405,635378.2,1245808.053,19.607346506379983
601236.SH,20260601,6.82,6.93,6.76,6.91,6.86,0.05,0.7289,107642.76,73744.092,6.850817649045789
601238.SH,20260601,6.08,6.2,6.03,6.18,6.07,0.11,1.8122,222000.69,136488.101,6.148093548718249
601279.SH,20260601,3.57,3.67,3.5,3.65,3.55,0.1,2.8169,112702.07,40875.17,3.626834005799538
601288.SH,20260601,6.32,6.49,6.29,6.49,6.32,0.17,2.6899,3816345.1,2450427.712,6.420875596391951
601298.SH,20260601,9.1,9.43,8.98,9.39,9.13,0.26,2.8478,267292.0,248576.807,9.299822179489098
601311.SH,20260601,8.65,8.82,8.65,8.82,8.68,0.14,1.6129,122398.1,107538.73,8.78598033793008
601318.SH,20260601,53.49,54.1,53.15,53.85,53.5,0.35,0.6542,775306.6,4162422.693,53.68744046548811
601319.SH,20260601,6.8,6.85,6.67,6.84,6.84,0.0,0.0,529610.58,359802.177,6.793712032716568
601326.SH,20260601,3.32,3.39,3.28,3.39,3.32,0.07,2.1084,252266.0,84335.454,3.343116155169543
601328.SH,20260601,6.67,6.79,6.65,6.79,6.66,0.13,1.952,2376861.77,1601233.249,6.736753770077256
601330.SH,20260601,9.3,9.97,8.9,9.71,9.17,0.54,5.8888,551687.17,517319.254,9.377039781439905
601333.SH,20260601,3.08,3.09,3.02,3.09,3.09,0.0,0.0,753904.0,230767.191,3.060962549608438
601336.SH,20260601,59.31,59.65,58.22,58.75,59.7,-0.95,-1.5913,215201.36,1264141.691,58.74227240013725
601339.SH,20260601,7.44,7.74,7.32,7.67,7.44,0.23,3.0914,162342.0,123573.07,7.611897722092866
601360.SH,20260601,10.1,10.72,10.1,10.5,10.1,0.4,3.9604,1383789.82,1450830.881,10.48447430405291
601366.SH,20260601,3.81,3.95,3.79,3.95,3.84,0.11,2.8646,169474.78,65960.505,3.8920543221829234
601368.SH,20260601,4.61,4.79,4.58,4.78,4.63,0.15,3.2397,75015.0,35281.722,4.703288942211558
601369.SH,20260601,9.58,9.75,9.38,9.67,9.6,0.07,0.7292,217698.47,209207.752,9.609978058182953
601375.SH,20260601,4.03,4.07,3.99,4.06,4.04,0.02,0.495,442841.23,178470.966,4.0301343666668075
601377.SH,20260601,5.74,5.79,5.69,5.77,5.75,0.02,0.3478,553047.24,318227.553,5.7540754203926605
601388.SH,20260601,3.42,3.54,3.41,3.51,3.46,0.05,1.4451,332026.24,115965.713,3.492667115707482
601390.SH,20260601,4.77,4.82,4.73,4.82,4.77,0.05,1.0482,978406.41,467620.103,4.779405553976287
601398.SH,20260601,7.2,7.32,7.18,7.3,7.22,0.08,1.108,3411346.23,2472642.829,7.248290446906646
601399.SH,20260601,3.84,4.05,3.82,3.95,3.84,0.11,2.8646,1437964.35,566229.559,3.937716251449488
601456.SH,20260601,8.7,8.9,8.63,8.87,8.69,0.18,2.0713,362225.69,319898.763,8.83147639252202
601500.SH,20260601,4.18,4.28,4.14,4.27,4.2,0.07,1.6667,181587.35,76634.506,4.220255761208035
601512.SH,20260601,8.7,8.86,8.59,8.85,8.7,0.15,1.7241,48430.0,42510.596,8.77774024365063
601515.SH,20260601,4.15,4.15,4.04,4.05,4.01,0.04,0.9975,159523.76,65020.954,4.0759416653669645
601518.SH,20260601,3.03,3.13,3.01,3.13,3.04,0.09,2.9605,302566.25,93422.852,3.0876825158126526
601519.SH,20260601,10.0,10.35,9.91,10.09,10.04,0.05,0.498,346508.96,352135.136,10.162367403140166
601528.SH,20260601,4.74,4.86,4.71,4.85,4.76,0.09,1.8908,158671.5,76011.02,4.790464576184129
601555.SH,20260601,7.82,8.05,7.8,7.94,7.84,0.1,1.2755,355251.18,281381.789,7.920643331853253
601566.SH,20260601,11.94,13.0,11.81,12.74,12.06,0.68,5.6385,421567.37,533640.345,12.658483150629042
601567.SH,20260601,16.38,16.6,16.11,16.51,16.35,0.16,0.9786,173535.08,285827.797,16.47089435749821
601568.SH,20260601,3.76,3.83,3.76,3.82,3.78,0.04,1.0582,150406.99,57291.27,3.8090829422223
601577.SH,20260601,9.5,9.69,9.45,9.69,9.5,0.19,2.0,270297.67,258377.312,9.558991463004473
601579.SH,20260601,16.93,17.09,16.5,16.82,17.09,-0.27,-1.5799,70611.1,118416.869,16.77029093159574
601588.SH,20260601,2.04,2.09,1.97,2.07,2.11,-0.04,-1.8957,1193338.41,244781.97,2.051236832308113
601595.SH,20260601,21.32,21.66,21.23,21.5,21.32,0.18,0.8443,45541.0,97882.471,21.49326343295053
601598.SH,20260601,6.08,6.13,6.0,6.11,6.07,0.04,0.659,167627.39,101790.796,6.072444127418556
601599.SH,20260601,3.23,3.38,3.22,3.37,3.25,0.12,3.6923,230668.0,76737.81,3.326764440667973
601600.SH,20260601,11.64,11.64,11.25,11.29,11.42,-0.13,-1.1384,2515301.01,2861167.091,11.375048471832802
601601.SH,20260601,31.92,32.38,31.41,32.02,32.18,-0.16,-0.4972,387586.1,1238815.03,31.962318308112707
601606.SH,20260601,34.31,34.56,34.16,34.34,34.31,0.03,0.0874,55040.83,189034.108,34.344341827694095
601607.SH,20260601,16.49,16.51,16.28,16.44,16.48,-0.04,-0.2427,105560.64,172634.957,16.354102911842897
601608.SH,20260601,5.52,5.57,5.43,5.55,5.56,-0.01,-0.1799,607045.04,334652.572,5.512812887821305
601609.SH,20260601,12.25,12.56,11.91,12.31,12.35,-0.04,-0.3239,657984.81,807336.874,12.269840606198795
601611.SH,20260601,11.98,12.05,11.76,11.78,12.03,-0.25,-2.0781,338804.77,401979.093,11.864623186975791
601615.SH,20260601,16.64,17.14,16.04,16.17,16.53,-0.36,-2.1779,1058794.46,1752984.765,16.556421772361748
601616.SH,20260601,4.21,4.34,4.19,4.3,4.23,0.07,1.6548,138164.4,59277.746,4.290377694977867
601618.SH,20260601,2.82,2.83,2.8,2.83,2.83,0.0,0.0,1084202.76,304938.007,2.8125551626524175
601619.SH,20260601,5.56,5.75,5.23,5.7,5.52,0.18,3.2609,889021.32,495705.147,5.575852185412157
601628.SH,20260601,33.7,33.92,33.05,33.58,33.83,-0.25,-0.739,247621.95,829657.145,33.50499198475741
601633.SH,20260601,16.88,17.3,16.7,16.99,16.89,0.1,0.5921,396062.07,673109.067,16.99503986837215
601636.SH,20260601,6.58,6.93,6.57,6.76,6.69,0.07,1.0463,1264376.42,855305.802,6.764645310294542
601658.SH,20260601,4.98,5.03,4.96,5.02,4.98,0.04,0.8032,1217406.91,608867.044,5.001343749560285
601665.SH,20260601,6.08,6.24,6.04,6.23,6.08,0.15,2.4671,562423.9,346062.957,6.153062787694477
601666.SH,20260601,7.9,8.38,7.68,8.31,7.86,0.45,5.7252,737367.39,600612.048,8.14535679425693
601668.SH,20260601,4.82,4.86,4.8,4.85,4.83,0.02,0.4141,1981819.11,955788.072,4.822781590798163
601669.SH,20260601,5.34,5.39,5.26,5.39,5.34,0.05,0.9363,1637393.95,874942.76,5.343507956652704
601677.SH,20260601,18.62,19.4,18.6,19.07,18.69,0.38,2.0332,449007.8,855801.021,19.059825263614574
601678.SH,20260601,5.34,5.71,5.33,5.59,5.34,0.25,4.6816,1606757.0,895480.364,5.573215887654449
601686.SH,20260601,5.23,5.45,5.2,5.39,5.22,0.17,3.2567,93670.0,49962.495,5.333884381338743
601688.SH,20260601,18.4,18.77,18.24,18.53,18.18,0.35,1.9252,1135414.51,2104337.358,18.533648631987273
601689.SH,20260601,62.4,63.45,61.1,61.18,62.4,-1.22,-1.9551,316736.33,1970852.229,62.22375024046026
601696.SH,20260601,11.35,11.47,11.3,11.37,11.4,-0.03,-0.2632,234696.19,266752.216,11.365851997853053
601698.SH,20260601,29.99,30.49,29.65,29.67,30.1,-0.43,-1.4286,309111.32,928292.813,30.031019666313092
601699.SH,20260601,16.32,17.6,16.11,17.6,16.0,1.6,10.0,668682.66,1139486.202,17.04076193631221
601700.SH,20260601,5.37,5.49,5.32,5.41,5.35,0.06,1.1215,166775.76,90427.729,5.422114640640823
601702.SH,20260601,20.26,21.15,20.26,20.26,20.57,-0.31,-1.507,278306.44,570292.606,20.49153465510895
601717.SH,20260601,18.16,18.64,18.06,18.35,18.16,0.19,1.0463,156045.61,286183.606,18.339740925746007
601718.SH,20260601,2.08,2.14,2.05,2.13,2.08,0.05,2.4038,329715.21,69541.897,2.1091504089241133
601727.SH,20260601,8.2,8.3,8.15,8.2,8.06,0.14,1.737,1378523.99,1134778.239,8.23183526171351
601728.SH,20260601,6.03,6.07,6.0,6.05,6.05,0.0,0.0,1304695.55,788474.072,6.043356796917104
601766.SH,20260601,5.78,5.79,5.7,5.78,5.77,0.01,0.1733,2008784.04,1156269.088,5.7560646887656475
601777.SH,20260601,10.51,11.16,10.32,10.87,10.79,0.08,0.7414,598366.68,653416.202,10.919996447663163
601778.SH,20260601,5.98,6.03,5.72,5.85,5.93,-0.08,-1.3491,1978945.08,1160735.204,5.865424036931838
601788.SH,20260601,14.22,14.37,14.02,14.32,14.27,0.05,0.3504,241483.98,344310.977,14.258129131381718
601789.SH,20260601,4.96,5.07,4.91,5.04,5.0,0.04,0.8,362878.93,182232.078,5.021842353867171
601798.SH,20260601,7.6,8.04,7.6,7.96,7.67,0.29,3.781,65320.77,51783.571,7.927581227226808
601799.SH,20260601,127.98,128.3,124.12,126.5,127.0,-0.5,-0.3937,26074.23,329079.893,126.20886331063275
601800.SH,20260601,6.42,6.53,6.37,6.52,6.45,0.07,1.0853,611377.28,394590.882,6.454130614732689
601801.SH,20260601,5.6,5.86,5.59,5.83,5.68,0.15,2.6408,156153.35,90146.885,5.772971569293902
601808.SH,20260601,13.04,13.14,13.01,13.09,13.03,0.06,0.4605,222544.74,290965.119,13.07445500621583
601811.SH,20260601,12.95,13.11,12.78,13.1,12.97,0.13,1.0023,33651.64,43611.868,12.959804633592896
601816.SH,20260601,4.98,5.04,4.96,5.02,5.02,0.0,0.0,1844703.95,921724.219,4.996596982404683
601818.SH,20260601,3.1,3.14,3.09,3.14,3.1,0.04,1.2903,1825015.73,568161.301,3.1131857751165795
601825.SH,20260601,8.5,8.65,8.46,8.64,8.5,0.14,1.6471,230742.6,197715.357,8.568654292705379
601827.SH,20260601,8.33,8.58,8.21,8.58,8.28,0.3,3.6232,262928.0,221759.839,8.434242035842512
601828.SH,20260601,2.43,2.56,2.41,2.54,2.44,0.1,4.0984,507335.92,126853.826,2.500391180659946
601838.SH,20260601,18.6,18.99,18.47,18.95,18.6,0.35,1.8817,297213.41,560731.175,18.866281134488517
601857.SH,20260601,10.85,10.99,10.73,10.82,10.87,-0.05,-0.46,1968312.19,2133913.929,10.84133878681105
601858.SH,20260601,24.78,25.9,24.25,25.23,24.69,0.54,2.1871,115076.0,290881.891,25.27737243213181
601860.SH,20260601,2.56,2.65,2.55,2.64,2.56,0.08,3.125,531376.62,138236.412,2.601477121819925
601865.SH,20260601,11.8,12.03,11.63,11.77,11.66,0.11,0.9434,197626.66,234354.763,11.858458924519597
601866.SH,20260601,2.53,2.59,2.51,2.58,2.52,0.06,2.381,805214.13,206461.396,2.5640557996666056
601868.SH,20260601,2.9,2.92,2.83,2.91,2.89,0.02,0.692,5493573.66,1586967.012,2.8887698795322967
601869.SH,20260601,399.99,399.99,367.0,371.58,402.81,-31.23,-7.753,183223.4,6984984.727,381.2277649579693
601872.SH,20260601,16.05,16.1,15.46,15.53,15.86,-0.33,-2.0807,1234392.91,1936808.753,15.690374898540206
601877.SH,20260601,29.19,29.82,29.0,29.42,29.14,0.28,0.9609,249434.21,735210.539,29.4751284917975
601878.SH,20260601,9.46,9.46,9.33,9.42,9.44,-0.02,-0.2119,236130.97,221647.844,9.386648604374091
601880.SH,20260601,1.61,1.62,1.6,1.62,1.61,0.01,0.6211,845785.59,136175.169,1.61004361637327
601881.SH,20260601,12.21,12.37,12.11,12.35,12.28,0.07,0.57,394793.97,484204.653,12.264742873352397
601882.SH,20260601,21.64,21.75,21.23,21.31,21.64,-0.33,-1.525,52265.08,111846.409,21.39983503325739
601886.SH,20260601,8.92,9.0,8.6,8.85,8.99,-0.14,-1.5573,122187.21,107370.725,8.787394769059707
601888.SH,20260601,57.0,58.81,56.82,58.68,59.58,-0.9,-1.5106,766335.22,4422905.925,57.715028744209356
601890.SH,20260601,9.0,9.15,8.95,9.1,9.02,0.08,0.8869,146484.41,133053.14,9.08309218707984
601898.SH,20260601,15.83,16.96,15.71,16.89,15.68,1.21,7.7168,1251168.95,2068344.671,16.531297959400288
601899.SH,20260601,30.22,30.7,30.12,30.19,30.44,-0.25,-0.8213,1751621.67,5318626.88,30.364016220466148
601900.SH,20260601,11.79,12.39,11.71,12.39,11.79,0.6,5.0891,129286.67,157120.989,12.152914836463806
601901.SH,20260601,6.8,6.83,6.7,6.79,6.89,-0.1,-1.4514,852659.8,577280.898,6.770354342963043
601908.SH,20260601,3.68,3.98,3.63,3.88,3.72,0.16,4.3011,802187.28,304961.487,3.8016245657747154
601916.SH,20260601,3.0,3.06,2.98,3.06,3.0,0.06,2.0,2025609.88,610978.022,3.0162669921416456
601918.SH,20260601,10.28,11.28,10.11,11.28,10.25,1.03,10.0488,1468578.04,1585301.344,10.794804912103956
601919.SH,20260601,14.4,14.94,14.4,14.86,14.14,0.72,5.0919,1714287.96,2533470.616,14.778559233420738
601921.SH,20260601,7.8,7.95,7.56,7.6,7.47,0.13,1.7403,223495.64,171803.338,7.687100204728825
601928.SH,20260601,8.88,9.2,8.88,9.19,8.95,0.24,2.6816,98058.0,89133.439,9.089869159069123
601929.SH,20260601,2.85,2.88,2.8,2.88,2.84,0.04,1.4085,835774.37,238218.826,2.850276755914398
601933.SH,20260601,3.62,3.71,3.59,3.67,3.7,-0.03,-0.8108,1695146.21,619881.874,3.6568047661210294
601939.SH,20260601,10.04,10.12,9.96,10.08,9.96,0.12,1.2048,1049395.27,1054288.623,10.046630217801534
601949.SH,20260601,5.15,5.38,5.14,5.35,5.13,0.22,4.2885,150228.0,79400.319,5.285320912213436
601952.SH,20260601,8.65,8.94,8.61,8.93,8.63,0.3,3.4762,134043.15,118061.25,8.807704832361818
601956.SH,20260601,5.26,5.41,5.15,5.39,5.21,0.18,3.4549,107844.0,57643.611,5.345092077445198
601958.SH,20260601,23.49,25.2,23.02,23.2,24.17,-0.97,-4.0132,1138953.31,2734374.456,24.007783567528325
601963.SH,20260601,12.0,12.02,11.68,11.86,12.02,-0.16,-1.3311,217754.4,257466.229,11.823698120451297
601965.SH,20260601,15.55,15.97,15.41,15.81,15.65,0.16,1.0224,75629.31,118913.801,15.723242880306591
601966.SH,20260601,12.05,12.14,11.94,12.12,12.01,0.11,0.9159,68473.14,82447.625,12.040871062726202
601968.SH,20260601,4.6,4.71,4.57,4.67,4.62,0.05,1.0823,90794.8,42317.927,4.660831567446594
601969.SH,20260601,9.69,9.84,9.65,9.76,9.66,0.1,1.0352,129715.0,126584.921,9.758695678988552
601975.SH,20260601,4.9,5.22,4.8,4.95,4.86,0.09,1.8519,4151374.35,2082614.423,5.016686637763708
601985.SH,20260601,9.01,9.2,8.98,9.18,9.04,0.14,1.5487,2069094.17,1887640.339,9.123027682205493
601988.SH,20260601,5.85,5.94,5.81,5.93,5.86,0.07,1.1945,2793312.75,1641084.318,5.875046816723262
601990.SH,20260601,6.69,6.72,6.64,6.72,6.7,0.02,0.2985,198672.44,132781.946,6.683460775938524
601991.SH,20260601,8.63,8.7,7.77,8.37,8.63,-0.26,-3.0127,9490345.68,7800274.746,8.219168204208133
601992.SH,20260601,1.59,1.65,1.56,1.64,1.59,0.05,3.1447,1068979.06,173133.945,1.6196196116320558
601995.SH,20260601,33.82,34.14,33.54,33.85,33.79,0.06,0.1776,196024.24,662863.05,33.81536130429584
601996.SH,20260601,2.66,2.75,2.64,2.7,2.66,0.04,1.5038,287600.87,77733.515,2.7028261423548545
601997.SH,20260601,5.94,6.03,5.88,6.01,5.93,0.08,1.3491,533606.22,317785.209,5.955425500849671
601998.SH,20260601,7.4,7.48,7.33,7.43,7.42,0.01,0.1348,845924.2,626611.012,7.407413241044529
601999.SH,20260601,6.0,6.3,5.98,6.23,6.01,0.22,3.6606,79576.0,49196.38,6.1823137629436005
603000.SH,20260601,17.41,18.23,17.37,17.98,17.53,0.45,2.567,227348.92,407147.149,17.908470776988953
603001.SH,20260601,10.08,11.12,9.72,9.94,10.11,-0.17,-1.6815,315696.24,330855.708,10.480191591765553
603002.SH,20260601,16.29,17.74,16.2,17.04,16.58,0.46,2.7744,982148.5,1666097.911,16.96380853811822
603004.SH,20260601,18.86,19.57,18.79,19.34,18.72,0.62,3.312,27928.98,53799.739,19.26305185509818
603005.SH,20260601,40.64,41.47,37.61,37.73,41.04,-3.31,-8.0653,1105395.76,4310204.437,38.992409713965245
603006.SH,20260601,13.94,14.56,13.81,14.36,13.81,0.55,3.9826,104336.9,148275.816,14.211253736693346
603007.SH,20260601,5.88,6.13,5.88,6.02,5.96,0.06,1.0067,312235.81,188330.027,6.031660077682954
603008.SH,20260601,8.9,9.28,8.88,9.28,8.84,0.44,4.9774,155877.62,143061.244,9.177792424595655
603009.SH,20260601,48.11,49.98,47.78,47.91,48.26,-0.35,-0.7252,88524.0,430435.14,48.623552934797345
603010.SH,20260601,14.63,14.85,14.38,14.57,14.82,-0.25,-1.6869,112209.04,163894.073,14.606138061603593
603011.SH,20260601,25.67,27.41,25.65,27.41,24.92,2.49,9.992,345598.32,936701.221,27.10375504718889
603012.SH,20260601,9.55,10.03,9.31,9.39,9.46,-0.07,-0.74,232513.21,224163.696,9.640901521251202
603013.SH,20260601,19.2,19.73,19.2,19.68,19.24,0.44,2.2869,41887.0,81810.695,19.531285363000453
603014.SH,20260601,34.88,34.99,33.7,33.85,35.05,-1.2,-3.4237,18442.47,62567.124,33.92556636936376
603015.SH,20260601,10.89,11.34,10.83,11.19,10.84,0.35,3.2288,76918.84,85841.032,11.159948849982658
603016.SH,20260601,42.8,43.8,41.4,43.06,42.88,0.18,0.4198,31072.0,133492.827,42.96241857621009
603017.SH,20260601,11.74,12.2,11.74,12.06,11.89,0.17,1.4298,65866.0,79370.886,12.050357695928096
603018.SH,20260601,7.03,7.32,6.98,7.28,7.03,0.25,3.5562,69708.6,50103.23,7.187524925188571
603019.SH,20260601,88.5,89.54,85.36,85.4,87.84,-2.44,-2.7778,403557.95,3533631.796,87.56194236788049
603020.SH,20260601,9.71,10.31,9.7,10.2,9.77,0.43,4.4012,54468.0,55046.957,10.106293052801645
603021.SH,20260601,7.33,7.6,7.28,7.51,7.38,0.13,1.7615,56021.4,41836.992,7.46803757135666
603022.SH,20260601,9.83,10.45,9.83,10.4,10.08,0.32,3.1746,41930.27,42909.825,10.233615237869921
603023.SH,20260601,4.41,4.64,4.4,4.59,4.49,0.1,2.2272,108337.28,49537.867,4.572559602751703
603025.SH,20260601,15.57,16.1,15.53,15.81,15.47,0.34,2.1978,123336.58,194882.379,15.80085802606169
603026.SH,20260601,88.1,92.8,87.83,89.55,87.69,1.86,2.1211,117248.97,1065081.759,90.83932754377288
603027.SH,20260601,7.69,7.91,7.63,7.89,7.68,0.21,2.7344,163716.31,127609.916,7.7945756290256
603028.SH,20260601,8.06,8.31,7.9,8.19,8.06,0.13,1.6129,39821.1,32624.435,8.192750828078582
603029.SH,20260601,16.58,17.55,16.5,17.35,16.78,0.57,3.3969,28322.64,48791.091,17.226886688529035
603030.SH,20260601,2.56,2.7,2.54,2.66,2.56,0.1,3.9063,344350.86,91063.04,2.644484175239173
603031.SH,20260601,61.71,64.09,57.76,58.0,60.1,-2.1,-3.4942,358553.01,2182909.458,60.881080262023175
603032.SH,20260601,25.23,26.77,24.83,24.95,25.38,-0.43,-1.6942,259324.25,665298.424,25.655079461330747
603033.SH,20260601,10.25,10.3,10.06,10.08,10.31,-0.23,-2.2308,64577.21,65666.467,10.168675140966915
603035.SH,20260601,12.1,12.44,12.06,12.37,12.12,0.25,2.0627,35078.03,43106.459,12.28873428752983
603036.SH,20260601,13.18,13.96,13.08,13.78,13.2,0.58,4.3939,69451.0,95106.897,13.694100444918
603037.SH,20260601,13.17,13.29,12.89,12.94,13.17,-0.23,-1.7464,62315.6,81248.743,13.038266982906368
603038.SH,20260601,15.35,16.85,15.25,16.38,15.32,1.06,6.9191,95983.0,156899.132,16.346554285654754
603039.SH,20260601,36.64,40.3,36.64,40.3,36.64,3.66,9.9891,131415.61,512103.346,38.968228051446864
603040.SH,20260601,85.05,85.05,80.0,80.1,85.55,-5.45,-6.3705,29389.59,241084.013,82.0304104276378
603041.SH,20260601,12.18,13.05,12.18,12.93,12.44,0.49,3.9389,34516.0,44165.878,12.79576949820373
603042.SH,20260601,19.5,20.37,18.94,19.26,19.52,-0.26,-1.332,99465.03,193476.271,19.451687794192594
603043.SH,20260601,14.07,14.37,13.86,14.33,14.03,0.3,2.1383,45047.23,63667.813,14.133568923105814
603045.SH,20260601,62.42,68.42,62.42,68.42,62.2,6.22,10.0,158193.3,1060195.231,67.01897178957643
603048.SH,20260601,19.8,20.48,19.5,20.41,20.03,0.38,1.8972,15158.0,30593.425,20.183022166512732
603049.SH,20260601,46.79,48.28,46.35,47.48,46.5,0.98,2.1075,25938.05,122665.778,47.29182725763888
603050.SH,20260601,24.86,25.2,23.25,23.36,24.97,-1.61,-6.4477,178597.14,428574.702,23.99672816709159
603051.SH,20260601,21.55,22.26,21.43,21.75,21.57,0.18,0.8345,49334.2,108261.51,21.944515163922794
603052.SH,20260601,94.0,97.56,87.59,88.01,95.14,-7.13,-7.4942,76917.69,708786.403,92.14868556244994
603053.SH,20260601,9.4,9.64,9.32,9.63,9.37,0.26,2.7748,40790.0,38796.739,9.51133586663398
603055.SH,20260601,8.85,8.89,8.66,8.78,8.74,0.04,0.4577,88370.0,77394.173,8.757969107163063
603057.SH,20260601,26.59,27.12,26.05,26.28,26.66,-0.38,-1.4254,28670.0,76126.604,26.552704569236138
603058.SH,20260601,10.07,10.08,9.7,9.93,9.93,0.0,0.0,54947.0,54710.296,9.956921396982548
603059.SH,20260601,27.86,28.72,26.61,28.45,27.6,0.85,3.0797,17340.0,48796.034,28.14073471741638
603060.SH,20260601,6.93,7.08,6.82,7.03,6.96,0.07,1.0057,333922.15,233280.812,6.986083792285117
603061.SH,20260601,288.42,301.18,280.78,288.14,295.0,-6.86,-2.3254,24024.37,697790.68,290.4511876898333
603062.SH,20260601,43.85,44.87,43.28,44.56,43.73,0.83,1.898,8637.0,38343.864,44.394887113581106
603063.SH,20260601,56.0,56.02,51.64,53.0,55.66,-2.66,-4.779,360180.55,1927771.584,53.5223677125264
603065.SH,20260601,7.53,7.88,7.48,7.81,7.51,0.3,3.9947,52330.0,40525.431,7.744206191477163
603066.SH,20260601,10.95,11.36,10.8,11.32,10.95,0.37,3.379,56723.0,63423.69,11.181300354353613
603067.SH,20260601,35.16,37.76,34.8,35.12,35.06,0.06,0.1711,376743.21,1364998.886,36.23154577888742
603068.SH,20260601,35.14,35.75,34.43,34.7,35.23,-0.53,-1.5044,49454.4,173637.358,35.11059845028956
603069.SH,20260601,16.0,16.48,15.61,16.31,16.16,0.15,0.9282,43118.32,69867.934,16.20376999846005
603070.SH,20260601,17.15,17.45,16.8,16.95,17.23,-0.28,-1.6251,94043.0,160545.99,17.07155131163404
603071.SH,20260601,14.1,14.9,13.99,14.69,14.0,0.69,4.9286,123186.4,178757.971,14.511177451406974
603072.SH,20260601,35.6,36.77,35.58,36.07,35.89,0.18,0.5015,23605.61,85449.139,36.19865743778703
603073.SH,20260601,17.74,18.63,17.52,18.5,17.82,0.68,3.8159,19354.0,35473.078,18.328551203885503
603075.SH,20260601,27.89,28.94,27.84,28.09,28.17,-0.08,-0.284,116768.45,331527.407,28.391865011482125
603076.SH,20260601,25.91,26.54,25.91,26.03,26.35,-0.32,-1.2144,42359.11,110752.754,26.146147546537215
603077.SH,20260601,2.45,2.52,2.44,2.5,2.46,0.04,1.626,1154267.4,288140.436,2.496305760692886
603078.SH,20260601,34.8,36.0,33.79,34.0,34.7,-0.7,-2.0173,385930.96,1344614.204,34.840796498938566
603079.SH,20260601,13.88,14.4,13.61,14.32,13.87,0.45,3.2444,22951.0,32603.94,14.205890810857916
603080.SH,20260601,22.22,22.88,22.22,22.58,22.24,0.34,1.5288,39639.0,89407.94,22.555548828174274
603081.SH,20260601,10.41,10.65,10.26,10.64,10.36,0.28,2.7027,37499.75,39536.726,10.54319722131481
603082.SH,20260601,35.17,36.16,35.0,35.28,35.66,-0.38,-1.0656,44639.39,158648.716,35.54007256819594
603083.SH,20260601,199.21,203.0,186.93,187.0,207.7,-20.7,-9.9663,377890.23,7233735.711,191.42425860017602
603085.SH,20260601,13.51,13.66,13.05,13.38,13.37,0.01,0.0748,76592.9,102917.7,13.436976534378513
603086.SH,20260601,6.1,6.4,6.07,6.36,6.11,0.25,4.0917,97994.99,61846.665,6.311206828022534
603087.SH,20260601,52.28,53.86,52.28,52.71,52.28,0.43,0.8225,57338.54,304234.634,53.05936181842091
603088.SH,20260601,10.5,10.67,10.31,10.49,10.5,-0.01,-0.0952,92240.22,97041.07,10.520472522723818
603089.SH,20260601,10.27,10.73,10.2,10.64,10.27,0.37,3.6027,26486.0,28040.189,10.586796420750584
603090.SH,20260601,60.48,62.0,58.0,59.26,59.8,-0.54,-0.903,38257.0,229379.99,59.95765219436966
603091.SH,20260601,72.67,72.87,70.66,71.5,72.88,-1.38,-1.8935,5787.34,41413.526,71.55882668030563
603092.SH,20260601,67.5,68.38,65.6,65.81,67.44,-1.63,-2.417,17103.72,114039.974,66.67553842088154
603093.SH,20260601,21.82,22.9,21.21,21.8,22.0,-0.2,-0.9091,280293.4,620443.262,22.135493094022188
603095.SH,20260601,19.67,20.02,19.22,19.72,19.91,-0.19,-0.9543,40871.52,80452.868,19.684334715224686
603096.SH,20260601,16.33,17.55,16.3,17.39,16.33,1.06,6.4911,34140.02,58614.04,17.168718706081602
603097.SH,20260601,28.58,29.08,27.71,27.89,28.64,-0.75,-2.6187,32836.46,92910.414,28.294893542117517
603098.SH,20260601,12.61,12.96,12.4,12.82,12.61,0.21,1.6653,61690.0,78518.659,12.727939536391634
603099.SH,20260601,38.75,39.6,38.61,39.2,38.95,0.25,0.6418,95365.5,373676.59,39.183624056917864
603100.SH,20260601,19.01,19.95,18.94,19.7,18.91,0.79,4.1777,80600.42,158172.148,19.624233719873917
603101.SH,20260601,7.27,7.8,7.27,7.74,7.46,0.28,3.7534,151394.62,115568.983,7.633625488144823
603102.SH,20260601,36.21,37.85,36.09,37.44,36.86,0.58,1.5735,7749.34,28722.016,37.063822209375246
603103.SH,20260601,23.0,24.0,22.48,22.65,22.92,-0.27,-1.178,203505.1,469895.956,23.090131696945186
603105.SH,20260601,8.9,9.13,8.75,9.01,8.89,0.12,1.3498,113529.0,101895.356,8.975271164195933
603106.SH,20260601,7.64,7.98,7.56,7.85,7.63,0.22,2.8834,69533.05,54535.464,7.843099648296745
603107.SH,20260601,13.26,13.54,13.25,13.53,13.3,0.23,1.7293,18958.0,25459.934,13.429651862010761
603108.SH,20260601,12.43,13.18,12.34,13.0,12.55,0.45,3.5857,282213.65,363158.83,12.868223418675885
603109.SH,20260601,19.16,19.62,18.91,19.48,19.16,0.32,1.6701,17014.77,33068.72,19.435302387278817
603110.SH,20260601,22.57,23.2,22.05,22.09,22.12,-0.03,-0.1356,105698.92,237799.101,22.497779636726655
603111.SH,20260601,6.23,6.38,6.19,6.34,6.24,0.1,1.6026,46110.66,29099.678,6.310835281906613
603112.SH,20260601,20.24,22.26,20.24,21.56,20.24,1.32,6.5217,218182.57,472550.694,21.658498843422738
603113.SH,20260601,5.12,5.4,5.12,5.38,5.14,0.24,4.6693,133020.45,70692.57,5.314413686015947
603115.SH,20260601,100.0,108.02,100.0,103.7,106.84,-3.14,-2.939,136880.0,1424113.867,104.04104814436003
603116.SH,20260601,7.4,7.61,7.0,7.29,7.25,0.04,0.5517,124485.2,91236.591,7.3291114927718315
603117.SH,20260601,4.43,4.65,4.42,4.58,4.48,0.1,2.2321,133125.6,61040.796,4.58520344697038
603118.SH,20260601,12.79,13.0,12.54,12.59,12.79,-0.2,-1.5637,279318.25,356613.207,12.767271991715543
603119.SH,20260601,65.8,69.88,64.88,67.45,65.85,1.6,2.4298,231750.93,1577579.944,68.0722163229291
603120.SH,20260601,46.76,48.96,46.76,46.8,47.57,-0.77,-1.6187,18313.0,87200.234,47.61657511057719
603121.SH,20260601,16.69,17.96,16.35,17.96,16.33,1.63,9.9816,90459.37,157545.49,17.41616042649866
603122.SH,20260601,12.75,13.08,12.6,12.97,12.76,0.21,1.6458,106183.0,137177.903,12.919008033300997
603123.SH,20260601,10.01,10.36,9.98,10.28,10.09,0.19,1.8831,123483.72,126380.627,10.23459829360502
603124.SH,20260601,137.15,140.42,131.86,132.2,137.46,-5.26,-3.8266,31027.19,420919.295,135.66142953970373
603125.SH,20260601,23.8,24.74,23.8,24.23,24.18,0.05,0.2068,73655.99,179033.685,24.306737985600357
603126.SH,20260601,7.72,7.87,7.61,7.79,7.7,0.09,1.1688,84234.0,65436.05,7.76836550561531
603127.SH,20260601,34.67,36.08,33.5,33.56,35.17,-1.61,-4.5778,278209.43,958734.39,34.46088761261615
603128.SH,20260601,5.39,5.54,5.36,5.51,5.36,0.15,2.7985,148553.84,81074.304,5.457570400065054
603129.SH,20260601,224.5,238.2,223.0,236.31,224.0,12.31,5.4955,24248.74,567059.113,233.85096009112226
603130.SH,20260601,42.4,42.64,41.01,41.51,42.4,-0.89,-2.0991,14820.0,62083.267,41.89154318488529
603131.SH,20260601,19.2,19.2,18.71,18.78,18.81,-0.03,-0.1595,56036.0,105682.65,18.85977764294382
603132.SH,20260601,17.05,17.98,17.05,17.42,17.24,0.18,1.0441,52630.68,92245.484,17.526941320157746
603135.SH,20260601,10.38,10.38,10.16,10.27,10.25,0.02,0.1951,36531.44,37547.111,10.278026543711388
603136.SH,20260601,9.38,9.7,9.31,9.69,9.34,0.35,3.7473,37435.9,35793.671,9.561322420457369
603137.SH,20260601,12.57,12.88,12.33,12.88,12.66,0.22,1.7378,18020.8,22916.152,12.716500932256059
603138.SH,20260601,16.01,17.69,16.01,17.69,16.08,1.61,10.0124,204294.03,354739.697,17.364173441583194
603139.SH,20260601,36.34,39.29,35.8,38.0,36.49,1.51,4.1381,47666.0,181395.796,38.055594343976836
603150.SH,20260601,67.51,68.78,63.73,63.91,68.2,-4.29,-6.2903,29991.0,196866.542,65.64187322863526
603151.SH,20260601,13.25,13.89,13.11,13.88,13.32,0.56,4.2042,27569.0,37730.669,13.68590409517937
603153.SH,20260601,14.5,14.93,14.38,14.76,14.65,0.11,0.7509,18198.0,26754.139,14.701691944169688
603155.SH,20260601,17.8,18.7,17.43,18.2,17.85,0.35,1.9608,67800.26,123945.678,18.281003347184807
603156.SH,20260601,42.22,42.76,41.83,41.93,42.74,-0.81,-1.8952,88990.73,375386.658,42.182669812911975
603158.SH,20260601,14.48,15.24,14.46,14.7,14.6,0.1,0.6849,283145.0,421375.31,14.881961892316657
603159.SH,20260601,26.01,27.25,25.81,26.53,26.26,0.27,1.0282,25506.25,67438.94,26.440162705219308
603160.SH,20260601,60.2,60.69,57.01,57.04,61.01,-3.97,-6.5071,134525.07,778803.338,57.892803029204885
603161.SH,20260601,12.69,13.95,12.65,13.95,12.68,1.27,10.0158,41108.22,56009.409,13.62486845696554
603162.SH,20260601,11.63,12.08,11.41,11.51,11.63,-0.12,-1.0318,148471.68,172077.491,11.589920111364
603163.SH,20260601,102.35,106.23,101.06,101.64,103.66,-2.02,-1.9487,19503.5,201179.552,103.15048683569616
603165.SH,20260601,16.5,17.3,16.3,16.93,16.48,0.45,2.7306,75237.5,127142.572,16.898829971756108
603166.SH,20260601,12.63,12.75,12.38,12.41,12.62,-0.21,-1.664,59211.7,73954.828,12.489901151292734
603167.SH,20260601,9.1,9.24,9.07,9.24,9.11,0.13,1.427,66083.0,60673.843,9.181460133468518
603168.SH,20260601,5.69,5.96,5.55,5.94,5.78,0.16,2.7682,78001.2,45753.483,5.865740911678282
603169.SH,20260601,7.85,8.06,7.69,8.0,7.85,0.15,1.9108,130271.49,103815.789,7.969187195141469
603170.SH,20260601,12.92,13.02,12.61,12.97,13.0,-0.03,-0.2308,52099.33,66943.787,12.849260633486072
603171.SH,20260601,48.5,52.58,48.11,52.58,47.8,4.78,10.0,39800.01,203993.996,51.25475998624121
603172.SH,20260601,19.76,21.23,19.53,20.61,19.73,0.88,4.4602,33423.0,68879.96,20.608550997815875
603173.SH,20260601,34.38,35.41,34.38,35.21,34.72,0.49,1.4113,9474.0,33255.633,35.101998100063334
603175.SH,20260601,90.66,91.88,86.58,86.84,90.61,-3.77,-4.1607,40653.46,362388.544,89.14088591721344
603176.SH,20260601,5.08,5.4,5.06,5.36,5.12,0.24,4.6875,70460.0,37285.184,5.291680953732615
603177.SH,20260601,10.29,10.65,10.01,10.56,10.29,0.27,2.6239,36402.0,38329.841,10.529597549585187
603178.SH,20260601,17.5,17.83,17.2,17.76,17.57,0.19,1.0814,68447.89,120643.322,17.625572095794332
603179.SH,20260601,51.99,52.54,49.86,50.51,52.09,-1.58,-3.0332,234270.47,1198172.283,51.14482772839445
603180.SH,20260601,17.05,17.89,16.93,17.66,17.04,0.62,3.6385,11858.56,20739.456,17.489017216255597
603181.SH,20260601,13.69,14.57,13.61,14.23,13.7,0.53,3.8686,79890.72,113314.559,14.183694802099666
603182.SH,20260601,13.16,13.8,12.89,13.66,13.2,0.46,3.4848,30463.0,41154.509,13.509670419853592
603183.SH,20260601,4.07,4.27,4.05,4.24,4.11,0.13,3.163,136310.55,57113.006,4.189918241838215
603185.SH,20260601,18.38,18.71,18.02,18.08,18.48,-0.4,-2.1645,124300.07,228145.558,18.354419108533083
603186.SH,20260601,130.0,130.76,120.0,120.32,132.1,-11.78,-8.9175,169559.16,2109603.606,124.4169649106542
603187.SH,20260601,12.92,13.57,12.89,13.5,12.99,0.51,3.9261,80205.71,107300.523,13.378165095726974
603188.SH,20260601,4.52,4.69,4.45,4.65,4.52,0.13,2.8761,126630.0,58510.513,4.620588565110953
603189.SH,20260601,11.93,12.39,11.88,12.39,11.8,0.59,5.0,27250.61,33501.37,12.293805533160542
603190.SH,20260601,25.83,26.72,25.64,26.27,26.03,0.24,0.922,19813.7,52107.213,26.29857775175762
603191.SH,20260601,21.43,22.6,21.42,22.57,21.87,0.7,3.2007,353948.65,789708.586,22.3113885587641
603192.SH,20260601,19.77,20.73,19.59,20.51,19.76,0.75,3.7955,16379.0,33300.537,20.331239391904266
603193.SH,20260601,22.09,24.32,22.01,24.32,22.11,2.21,9.9955,61367.83,144151.929,23.48982015495741
603194.SH,20260601,33.53,35.95,33.53,34.79,33.5,1.29,3.8507,29076.62,101950.873,35.0628350200264
603195.SH,20260601,41.8,43.11,41.39,42.41,41.58,0.83,1.9962,111820.11,473623.53,42.355845473591465
603196.SH,20260601,24.08,24.88,23.87,24.13,24.08,0.05,0.2076,29173.0,71330.758,24.45095053645494
603197.SH,20260601,31.56,32.28,31.31,31.89,31.56,0.33,1.0456,31869.99,101744.755,31.924940986802945
603198.SH,20260601,36.89,38.66,36.41,37.55,36.95,0.6,1.6238,121255.09,456053.36,37.61106935799561
603199.SH,20260601,32.67,33.54,32.33,33.4,32.75,0.65,1.9847,13676.0,45350.485,33.16063541971337
603200.SH,20260601,48.63,52.3,48.04,49.3,47.99,1.31,2.7297,67229.34,339375.956,50.48033433021952
603201.SH,20260601,15.98,17.58,15.89,17.3,15.98,1.32,8.2603,111669.39,191813.085,17.176872283443117
603202.SH,20260601,64.29,67.07,64.28,66.79,64.23,2.56,3.9857,15407.63,101431.92,65.83226622134619
603203.SH,20260601,65.01,70.48,62.89,68.6,67.5,1.1,1.6296,157660.36,1051576.119,66.69882772055068
603205.SH,20260601,23.86,24.42,23.86,24.36,24.19,0.17,0.7028,5809.65,14077.343,24.23096572082656
603206.SH,20260601,16.57,17.24,16.49,16.89,16.92,-0.03,-0.1773,77326.0,131246.998,16.973204096940226
603207.SH,20260601,23.4,23.91,23.23,23.82,23.4,0.42,1.7949,12567.48,29756.312,23.67723043919704
603208.SH,20260601,12.88,13.8,12.74,13.14,13.14,0.0,0.0,46501.19,62174.281,13.370470949238074
603209.SH,20260601,13.5,13.98,13.45,13.96,13.5,0.46,3.4074,34380.4,47592.021,13.842776989214784
603210.SH,20260601,13.96,14.28,13.88,14.24,13.95,0.29,2.0789,33965.16,48151.458,14.176720498298842
603211.SH,20260601,26.54,27.29,26.45,26.68,27.2,-0.52,-1.9118,39805.0,106731.447,26.813577942469536
603212.SH,20260601,14.43,14.79,14.38,14.48,14.47,0.01,0.0691,168373.5,245396.71,14.57454468785171
603213.SH,20260601,14.75,14.88,14.34,14.43,14.7,-0.27,-1.8367,92266.0,134281.061,14.553688357574837
603214.SH,20260601,14.51,15.29,14.31,15.21,14.68,0.53,3.6104,40037.4,60100.567,15.011106365548212
603215.SH,20260601,15.7,16.28,15.56,16.24,15.73,0.51,3.2422,21570.0,34568.435,16.026163653222067
603216.SH,20260601,24.5,25.15,24.25,24.84,24.5,0.34,1.3878,25545.0,63540.187,24.87382540614602
603217.SH,20260601,26.69,27.15,26.57,26.71,26.8,-0.09,-0.3358,19957.0,53572.062,26.843745051861504
603218.SH,20260601,11.8,12.03,11.78,11.97,11.79,0.18,1.5267,72140.0,85757.398,11.887634876628777
603219.SH,20260601,15.96,16.22,15.79,16.05,16.01,0.04,0.2498,55778.0,89339.959,16.01706031051669
603220.SH,20260601,23.03,23.62,22.89,23.01,23.34,-0.33,-1.4139,211731.35,491917.272,23.233086267102156
603221.SH,20260601,12.27,13.32,12.11,12.92,12.29,0.63,5.1261,43201.0,55548.316,12.858108840073147
603222.SH,20260601,8.75,8.86,8.65,8.7,8.78,-0.08,-0.9112,81239.0,70882.756,8.725212767266953
603223.SH,20260601,10.02,10.57,9.91,10.05,9.91,0.14,1.4127,174658.0,177913.926,10.186417226808963
603225.SH,20260601,16.98,18.68,16.3,18.0,16.98,1.02,6.0071,464121.26,829493.14,17.872336638920615
603226.SH,20260601,48.25,49.28,46.72,47.0,48.4,-1.4,-2.8926,40850.75,196182.149,48.024124159287155
603227.SH,20260601,8.85,9.14,8.67,9.13,8.74,0.39,4.4622,213682.66,192140.217,8.991848800459522
603228.SH,20260601,78.71,81.5,71.91,72.0,79.18,-7.18,-9.0679,467796.4,3495863.993,74.73045951187311
603229.SH,20260601,9.47,9.7,9.32,9.69,9.51,0.18,1.8927,129442.68,123346.61,9.529052550518886
603230.SH,20260601,9.77,10.15,9.72,10.14,9.76,0.38,3.8934,24489.77,24470.479,9.992122833329999
603231.SH,20260601,16.0,16.81,15.96,16.7,16.19,0.51,3.1501,22516.68,37222.55,16.53110049971843
603232.SH,20260601,21.19,22.9,20.7,22.89,20.87,2.02,9.679,343243.61,755597.507,22.013447154923004
603233.SH,20260601,16.34,16.89,16.33,16.63,16.5,0.13,0.7879,105726.26,176445.759,16.688924681531343
603235.SH,20260601,24.35,24.59,24.16,24.51,24.2,0.31,1.281,4200.0,10244.778,24.39232857142857
603236.SH,20260601,52.47,54.45,52.31,53.4,53.37,0.03,0.0562,68838.87,369154.938,53.62594388896855
603237.SH,20260601,16.22,16.48,15.99,16.45,16.13,0.32,1.9839,29069.24,47444.271,16.32112535449843
603238.SH,20260601,13.1,13.7,12.94,13.65,13.12,0.53,4.0396,33144.15,44629.399,13.465241679150015
603239.SH,20260601,19.6,20.19,19.55,19.58,19.67,-0.09,-0.4575,36631.53,72475.086,19.784891867743443
603248.SH,20260601,26.73,26.79,25.56,25.98,26.21,-0.23,-0.8775,45962.17,119986.147,26.105413865359274
603255.SH,20260601,28.98,28.98,28.98,28.98,32.2,-3.22,-10.0,6881.0,19941.138,28.979999999999997
603256.SH,20260601,181.94,191.1,181.94,181.94,202.15,-20.21,-9.9975,60384.0,1113825.971,184.45713616189718
603257.SH,20260601,61.74,62.15,59.34,61.6,61.52,0.08,0.13,30552.81,185745.844,60.79501165359258
603258.SH,20260601,13.77,14.49,13.76,14.4,13.77,0.63,4.5752,40564.72,58015.623,14.30199025162752
603259.SH,20260601,101.63,104.39,99.26,99.99,101.6,-1.61,-1.5846,529032.8,5365645.101,101.42367545074708
603260.SH,20260601,37.7,38.22,37.3,37.75,38.07,-0.32,-0.8406,74001.67,279055.119,37.709300209035824
603261.SH,20260601,34.12,34.66,33.51,34.04,34.68,-0.64,-1.8454,11458.22,38752.864,33.821015829683844
603262.SH,20260601,26.85,27.08,26.3,27.0,26.83,0.17,0.6336,14296.97,38245.717,26.750924846313588
603266.SH,20260601,18.81,18.95,18.41,18.78,18.55,0.23,1.2399,30332.1,56912.502,18.763126193043014
603267.SH,20260601,67.3,74.0,67.28,71.8,69.26,2.54,3.6673,268923.9,1931362.853,71.81819291628598
603268.SH,20260601,136.92,138.65,132.53,132.55,137.4,-4.85,-3.5298,60038.45,813014.711,135.41567295624722
603269.SH,20260601,21.58,23.0,21.14,21.2,21.57,-0.37,-1.7153,220254.53,483320.129,21.943708898972474
603270.SH,20260601,27.91,28.62,27.31,28.12,27.6,0.52,1.8841,40862.62,114815.667,28.09796997843016
603271.SH,20260601,46.0,47.4,45.82,47.12,45.95,1.17,2.5462,21100.26,98796.043,46.82219223838948
603272.SH,20260601,42.0,44.13,42.0,44.13,42.03,2.1,4.9964,19719.64,85686.091,43.45215784872341
603273.SH,20260601,14.98,15.48,14.82,15.3,14.98,0.32,2.1362,21623.0,33001.765,15.262343338112194
603275.SH,20260601,41.82,42.63,41.6,41.95,42.0,-0.05,-0.119,17646.0,74291.126,42.10083078318033
603276.SH,20260601,15.92,16.82,15.92,16.6,16.03,0.57,3.5558,32381.5,53198.803,16.428764263545542
603277.SH,20260601,11.96,12.25,11.82,12.05,11.96,0.09,0.7525,21693.3,26316.216,12.131034005891221
603278.SH,20260601,12.13,12.6,11.98,12.28,12.19,0.09,0.7383,237833.18,294905.607,12.399683130839861
603279.SH,20260601,14.99,15.14,14.8,15.0,14.95,0.05,0.3344,97683.8,145759.941,14.92160839361286
603280.SH,20260601,28.5,30.08,28.5,29.77,29.03,0.74,2.5491,14259.0,42264.404,29.64051055473736
603281.SH,20260601,35.3,35.55,34.56,34.63,35.3,-0.67,-1.898,22395.4,78361.885,34.99016985630978
603282.SH,20260601,16.06,16.8,15.88,16.67,15.99,0.68,4.2527,17911.0,29549.908,16.498189939143543
603283.SH,20260601,47.95,50.69,47.17,48.2,48.18,0.02,0.0415,213776.31,1047527.201,49.00108908232161
603284.SH,20260601,41.58,42.72,41.42,42.2,41.58,0.62,1.4911,12624.49,53275.08,42.19978787261901
603285.SH,20260601,47.83,47.83,45.77,46.33,47.86,-1.53,-3.1968,39409.31,183901.958,46.6645972740959
603286.SH,20260601,55.49,57.76,55.49,55.97,55.36,0.61,1.1019,40988.0,231832.396,56.56104128037475
603288.SH,20260601,35.8,35.99,35.49,35.71,35.92,-0.21,-0.5846,220742.02,787379.956,35.669690618940606
603289.SH,20260601,10.4,10.95,10.31,10.63,10.55,0.08,0.7583,94292.0,100520.726,10.660578415984387
603290.SH,20260601,126.04,127.0,116.1,117.11,128.7,-11.59,-9.0054,150563.8,1820156.686,120.88939612310529
603291.SH,20260601,10.4,10.6,10.11,10.54,10.24,0.3,2.9297,49663.12,51818.751,10.434050659724964
603293.SH,20260601,43.87,45.19,43.82,44.83,44.24,0.59,1.3336,16485.74,73588.206,44.63749034013638
603296.SH,20260601,112.1,117.04,112.0,117.04,106.4,10.64,10.0,248435.44,2857797.575,115.03179960958873
603297.SH,20260601,130.98,132.5,125.55,125.82,130.98,-5.16,-3.9395,17497.94,224193.908,128.12588681867695
603298.SH,20260601,25.39,25.68,24.78,25.24,25.48,-0.24,-0.9419,52810.58,132627.394,25.113792349942
603299.SH,20260601,10.25,10.49,10.16,10.41,10.27,0.14,1.3632,67003.0,69366.664,10.352769875975703
603300.SH,20260601,5.57,5.66,5.57,5.61,5.58,0.03,0.5376,312240.26,175717.765,5.627645999269921
603301.SH,20260601,83.73,84.74,81.8,82.98,83.49,-0.51,-0.6109,25311.59,210695.122,83.2405716116609
603303.SH,20260601,29.11,29.8,25.9,26.16,28.78,-2.62,-9.1035,165171.12,449326.692,27.203708009003023
603305.SH,20260601,14.8,15.28,14.79,14.95,14.97,-0.02,-0.1336,232858.8,350961.953,15.071878451662553
603306.SH,20260601,109.0,112.7,102.2,102.39,109.48,-7.09,-6.4761,171752.18,1819215.364,105.92094749539714
603307.SH,20260601,38.9,40.52,38.57,40.38,39.27,1.11,2.8266,8674.0,34508.37,39.78368688033203
603308.SH,20260601,64.92,67.2,63.36,63.55,64.67,-1.12,-1.7319,241711.39,1572083.591,65.03969841884572
603309.SH,20260601,12.39,12.64,12.31,12.59,12.44,0.15,1.2058,33361.03,41748.744,12.5142251303392
603310.SH,20260601,16.1,16.35,15.86,16.24,16.11,0.13,0.807,36181.39,58295.682,16.112062582449155
603311.SH,20260601,29.77,32.49,29.6,31.0,30.16,0.84,2.7851,165003.0,516445.621,31.29916553032369
603312.SH,20260601,38.85,40.58,38.59,39.01,39.53,-0.52,-1.3155,25975.83,102689.846,39.53284495625356
603313.SH,20260601,5.71,5.83,5.62,5.78,5.7,0.08,1.4035,107994.45,62354.838,5.773892825047955
603315.SH,20260601,16.36,17.2,15.81,16.65,16.54,0.11,0.6651,169915.0,282351.276,16.617207191831213
603316.SH,20260601,21.81,22.38,20.82,21.02,21.56,-0.54,-2.5046,504700.46,1088108.432,21.559489603001353
603317.SH,20260601,14.71,15.0,14.51,14.95,14.81,0.14,0.9453,136716.9,202616.216,14.820129479237753
603318.SH,20260601,8.93,9.36,8.91,9.25,8.9,0.35,3.9326,378932.83,349677.942,9.227966391827279
603319.SH,20260601,37.12,38.85,36.86,37.63,36.21,1.42,3.9216,368927.88,1397662.93,37.884448581115635
603320.SH,20260601,22.93,23.65,22.6,22.87,23.1,-0.23,-0.9957,39697.0,91628.281,23.08191576189637
603321.SH,20260601,6.6,6.99,6.5,6.9,6.56,0.34,5.1829,68792.04,46837.387,6.808547471480713
603322.SH,20260601,30.98,32.09,30.79,31.36,31.17,0.19,0.6096,52553.8,165653.143,31.52067842858176
603323.SH,20260601,4.75,4.86,4.72,4.83,4.74,0.09,1.8987,352953.71,169122.214,4.791625904711414
603324.SH,20260601,33.0,34.98,32.33,32.87,34.29,-1.42,-4.1411,193609.8,643950.984,33.26024736351157
603325.SH,20260601,53.86,56.47,53.86,55.98,54.31,1.67,3.0749,6182.59,34403.568,55.645883036073876
603326.SH,20260601,7.4,8.07,7.27,7.8,7.34,0.46,6.267,112461.24,88726.065,7.8894795220113165
603327.SH,20260601,10.57,11.04,10.57,10.83,10.18,0.65,6.3851,488696.47,527689.201,10.797892626480401
603328.SH,20260601,12.62,12.87,12.0,12.38,12.63,-0.25,-1.9794,453866.55,568392.184,12.523332772595822
603329.SH,20260601,10.59,11.06,10.55,11.01,10.72,0.29,2.7052,40416.75,43898.555,10.861475749534538
603330.SH,20260601,6.43,7.06,6.43,7.06,6.42,0.64,9.9688,127608.12,88928.429,6.9688691440638735
603331.SH,20260601,12.46,12.78,12.42,12.61,12.54,0.07,0.5582,47816.39,60405.142,12.632727397446775
603332.SH,20260601,11.93,12.58,11.82,12.41,11.93,0.48,4.0235,62380.3,77109.545,12.361201372869319
603333.SH,20260601,8.6,8.88,8.46,8.83,8.71,0.12,1.3777,167021.0,145906.231,8.73580154591339
603334.SH,20260601,44.05,45.45,43.52,45.07,44.01,1.06,2.4085,14134.31,63138.035,44.670051102600695
603335.SH,20260601,7.35,7.68,7.25,7.56,7.35,0.21,2.8571,294430.43,220930.949,7.503672395546887
603336.SH,20260601,9.84,10.45,9.61,9.64,9.79,-0.15,-1.5322,233191.49,232741.286,9.980693806622188
603337.SH,20260601,39.61,40.8,38.99,39.13,39.85,-0.72,-1.8068,33392.46,132334.659,39.63010182538214
603338.SH,20260601,51.13,51.87,50.13,50.64,51.13,-0.49,-0.9583,56662.0,287483.23,50.736513006953516
603339.SH,20260601,12.69,13.07,12.62,12.98,12.69,0.29,2.2853,27706.88,35754.369,12.904509277118173
603341.SH,20260601,35.58,37.91,35.58,37.91,34.46,3.45,10.0116,137089.89,510267.243,37.221362056676824
603344.SH,20260601,28.65,31.82,28.3,31.82,28.93,2.89,9.9896,58266.49,181039.771,31.070993121432235
603345.SH,20260601,99.0,102.18,98.4,100.0,99.65,0.35,0.3512,74563.41,749108.776,100.46600282900151
603348.SH,20260601,16.07,16.62,15.9,16.62,16.07,0.55,3.4225,23603.91,38701.132,16.39606827851826
603350.SH,20260601,30.83,31.3,30.4,31.08,30.53,0.55,1.8015,5759.0,17845.791,30.987655843028303
603351.SH,20260601,25.57,26.4,25.01,26.01,25.57,0.44,1.7208,14585.0,37720.781,25.862722660267398
603352.SH,20260601,30.12,30.53,29.65,30.31,30.12,0.19,0.6308,11084.8,33442.566,30.169751371247116
603353.SH,20260601,49.7,50.43,47.02,47.22,51.1,-3.88,-7.593,83847.0,405736.488,48.39010197144799
603355.SH,20260601,27.33,28.15,27.0,27.17,27.4,-0.23,-0.8394,22911.92,62938.496,27.469760718438266
603356.SH,20260601,18.09,19.84,18.0,18.83,18.04,0.79,4.3792,90346.0,173068.683,19.15620868660483
603357.SH,20260601,7.0,7.17,6.98,7.14,6.91,0.23,3.3285,46856.24,33139.476,7.072585422987419
603358.SH,20260601,38.4,38.6,36.67,37.6,38.99,-1.39,-3.565,126812.96,475768.282,37.51732330828016
603359.SH,20260601,2.79,2.98,2.75,2.98,2.84,0.14,4.9296,176600.14,51323.994,2.9062261219045467
603360.SH,20260601,21.28,21.33,20.3,20.36,21.45,-1.09,-5.0816,170138.7,352005.339,20.689316363649187
603363.SH,20260601,3.22,3.4,3.19,3.29,3.23,0.06,1.8576,361333.0,119719.971,3.3132863867955598
603365.SH,20260601,17.99,19.15,17.99,19.05,18.21,0.84,4.6129,35699.0,66631.775,18.664885571024396
603366.SH,20260601,7.69,7.91,7.47,7.87,7.69,0.18,2.3407,112022.0,87143.08,7.779104104550893
603367.SH,20260601,13.96,14.1,13.76,14.1,13.96,0.14,1.0029,44393.0,62054.234,13.978382627891783
603368.SH,20260601,16.13,16.39,15.98,16.37,16.03,0.34,2.121,47947.06,77707.382,16.20691279089896
603369.SH,20260601,29.28,30.6,29.0,29.96,30.3,-0.34,-1.1221,224391.58,667156.34,29.731790292666062
603370.SH,20260601,41.84,42.46,41.83,42.42,42.49,-0.07,-0.1647,5219.61,22049.093,42.24279783355462
603373.SH,20260601,43.11,45.15,41.86,44.23,43.79,0.44,1.0048,29193.55,128821.037,44.12654062284305
603375.SH,20260601,48.75,49.5,46.11,46.36,48.8,-2.44,-5.0,38221.44,180636.745,47.26058071072152
603376.SH,20260601,28.91,29.18,28.73,29.14,28.9,0.24,0.8304,6119.46,17751.924,29.00897137982763
603377.SH,20260601,3.52,3.64,3.49,3.63,3.52,0.11,3.125,69157.24,24809.346,3.587382318901101
603378.SH,20260601,5.33,5.67,5.33,5.67,5.4,0.27,5.0,155248.02,86576.126,5.576633183469909
603379.SH,20260601,58.32,62.26,58.26,61.42,57.51,3.91,6.7988,152227.65,929360.8,61.05072238847542
603380.SH,20260601,36.15,37.73,35.92,36.79,36.51,0.28,0.7669,36278.0,133809.84,36.88456916037268
603381.SH,20260601,19.85,20.32,19.76,19.95,19.85,0.1,0.5038,41282.0,82901.686,20.081799815900393
603382.SH,20260601,21.6,22.23,21.25,22.0,21.48,0.52,2.4209,12364.5,27143.087,21.952433984390794
603383.SH,20260601,31.55,33.37,31.32,32.36,31.78,0.58,1.825,71191.32,231593.842,32.53119088113551
603385.SH,20260601,5.73,6.05,5.65,6.03,5.75,0.28,4.8696,43096.86,25540.124,5.926214578045825
603386.SH,20260601,15.51,17.15,15.22,16.69,15.61,1.08,6.9186,273972.2,451685.716,16.486552869232717
603387.SH,20260601,8.82,9.04,8.82,9.04,8.91,0.13,1.459,83392.8,74844.115,8.974889318981974
603389.SH,20260601,59.37,61.92,58.0,61.23,59.1,2.13,3.6041,14850.26,89298.649,60.13271754164574
603390.SH,20260601,12.46,13.03,12.46,12.95,12.6,0.35,2.7778,119899.43,154605.898,12.894631609174457
603391.SH,20260601,60.5,61.33,54.48,59.5,60.53,-1.03,-1.7016,18338.83,109916.87,59.93668625533907
603392.SH,20260601,35.18,36.5,34.65,36.38,34.66,1.72,4.9625,67856.39,243438.766,35.87558459859123
603393.SH,20260601,26.79,27.99,26.4,27.8,26.59,1.21,4.5506,141212.51,386660.823,27.381485039816937
603395.SH,20260601,23.87,24.69,23.75,24.54,23.85,0.69,2.8931,28113.8,68500.34,24.365379279926582
603396.SH,20260601,31.51,32.34,31.51,31.82,31.52,0.3,0.9518,25845.52,82638.579,31.97404385750412
603398.SH,20260601,14.3,15.08,14.13,14.79,14.4,0.39,2.7083,99388.86,147122.372,14.802702435665324
603399.SH,20260601,17.57,19.26,17.57,18.93,17.91,1.02,5.6951,1205434.05,2254628.909,18.70387607683722
603400.SH,20260601,68.5,69.4,67.26,67.4,68.61,-1.21,-1.7636,9740.88,66513.185,68.28252170235133
603402.SH,20260601,92.92,94.68,91.5,94.3,93.57,0.73,0.7802,7529.53,70668.361,93.85494313722106
603406.SH,20260601,29.25,30.07,29.25,30.04,29.45,0.59,2.0034,9496.68,28324.61,29.82580228037588
603407.SH,20260601,55.0,59.62,54.55,59.62,54.2,5.42,10.0,48359.18,281198.515,58.14790800836573
603408.SH,20260601,10.84,11.19,10.75,11.09,10.79,0.3,2.7804,34968.0,38436.996,10.992048730267674
603409.SH,20260601,39.34,41.16,38.68,40.7,39.02,1.68,4.3055,17106.65,69269.354,40.492647011542296
603416.SH,20260601,53.15,54.64,52.52,54.06,53.58,0.48,0.8959,39558.03,212521.041,53.72386870630312
603418.SH,20260601,51.5,52.1,51.17,51.99,51.45,0.54,1.0496,12071.14,62449.201,51.73430264250104
603421.SH,20260601,7.18,7.38,7.12,7.28,7.23,0.05,0.6916,73912.0,53790.168,7.277596060179673
603429.SH,20260601,8.76,9.2,8.76,9.2,8.76,0.44,5.0228,48363.8,44112.122,9.120896621026471
603435.SH,20260601,80.4,88.38,77.1,85.36,80.4,4.96,6.1692,177309.22,1483290.511,83.65557701962706
603439.SH,20260601,16.0,17.38,16.0,16.51,16.28,0.23,1.4128,364670.0,606106.12,16.62067403405819
603444.SH,20260601,331.95,343.63,330.0,342.05,331.95,10.1,3.0426,18947.79,641400.501,338.50939924920004
603456.SH,20260601,12.6,12.8,12.58,12.79,12.64,0.15,1.1867,95026.96,120873.359,12.7199016994756
603458.SH,20260601,12.83,14.0,12.68,13.08,12.89,0.19,1.474,256299.14,344194.012,13.429386146204001
603459.SH,20260601,99.0,99.99,91.7,91.7,101.89,-10.19,-10.001,187935.74,1788051.292,95.14163149595709
603466.SH,20260601,10.51,11.5,10.49,11.42,10.62,0.8,7.533,728351.16,817997.502,11.230812098933157
603477.SH,20260601,15.75,16.15,15.56,16.02,15.86,0.16,1.0088,93919.0,149908.419,15.961458171403018
603486.SH,20260601,58.77,60.2,58.52,59.59,58.72,0.87,1.4816,50542.52,300580.199,59.47075828431191
603488.SH,20260601,11.15,11.5,11.01,11.2,11.25,-0.05,-0.4444,65120.0,73496.622,11.286336302211302
603489.SH,20260601,35.51,35.59,34.28,34.59,35.5,-0.91,-2.5634,35424.39,123398.48,34.83432742243409
603496.SH,20260601,23.16,23.92,22.94,23.3,23.15,0.15,0.6479,105791.42,247519.796,23.39696319417964
603499.SH,20260601,18.96,19.15,17.89,18.44,18.96,-0.52,-2.7426,73734.75,135624.61,18.393581045572134
603500.SH,20260601,10.41,11.25,10.35,10.75,10.43,0.32,3.0681,205243.08,224099.614,10.918741523465737
603501.SH,20260601,94.88,94.89,92.2,92.23,95.0,-2.77,-2.9158,232757.22,2172741.642,93.34798044073564
603505.SH,20260601,17.27,19.48,17.27,18.88,18.25,0.63,3.4521,274905.38,516462.972,18.78693578132229
603506.SH,20260601,11.48,12.13,11.37,11.91,11.47,0.44,3.8361,45257.85,53706.525,11.8667866458526
603507.SH,20260601,39.25,39.68,38.4,39.34,38.92,0.42,1.0791,54021.81,212193.498,39.27922777855833
603508.SH,20260601,22.16,22.64,21.91,22.53,22.26,0.27,1.2129,55053.5,122861.111,22.316675779014957
603511.SH,20260601,13.45,14.07,13.22,13.96,13.43,0.53,3.9464,24897.0,34397.089,13.81575651684942
603515.SH,20260601,19.47,19.47,18.28,18.7,19.28,-0.58,-3.0083,35955.62,67114.907,18.666040802522666
603516.SH,20260601,111.99,114.5,109.01,110.47,112.01,-1.54,-1.3749,70144.59,782943.454,111.61850885435356
603517.SH,20260601,13.3,13.65,13.24,13.65,13.0,0.65,5.0,130490.0,176650.227,13.537453214805733
603518.SH,20260601,8.9,9.59,8.76,9.41,8.93,0.48,5.3751,110487.6,102601.726,9.2862661511337
603519.SH,20260601,12.33,12.88,12.26,12.78,12.39,0.39,3.1477,42677.6,53758.9,12.596514330702757
603520.SH,20260601,10.25,10.46,10.1,10.25,10.3,-0.05,-0.4854,162773.4,167314.651,10.278992206343299
603527.SH,20260601,13.5,14.15,13.31,13.82,13.61,0.21,1.543,278581.53,385963.045,13.854581278234775
603528.SH,20260601,7.04,7.27,6.96,7.12,7.04,0.08,1.1364,90054.17,64429.014,7.154473135447254
603529.SH,20260601,21.56,22.33,21.2,22.33,21.55,0.78,3.6195,136440.88,299152.367,21.925420519128874
603530.SH,20260601,57.8,59.96,57.55,59.15,57.5,1.65,2.8696,49164.1,290008.147,58.98778722685862
603533.SH,20260601,24.24,26.44,24.21,26.44,24.04,2.4,9.9834,225914.1,585274.591,25.906952731148696
603535.SH,20260601,7.29,7.45,7.21,7.36,7.28,0.08,1.0989,38121.88,28119.484,7.376206000333667
603536.SH,20260601,9.06,9.84,9.06,9.79,9.39,0.4,4.2599,62831.0,60591.673,9.643595199821744
603538.SH,20260601,43.52,47.47,43.52,46.59,45.08,1.51,3.3496,294374.02,1360870.913,46.22931442795121
603551.SH,20260601,10.81,11.38,10.81,11.32,10.88,0.44,4.0441,43789.0,49032.048,11.19734362511133
603556.SH,20260601,26.7,27.1,26.55,26.73,26.89,-0.16,-0.595,36603.31,98047.536,26.786521765381327
603557.SH,20260601,4.75,4.82,4.68,4.71,4.73,-0.02,-0.4228,51549.0,24407.524,4.734820074104251
603558.SH,20260601,11.65,11.99,11.25,11.89,11.62,0.27,2.3236,60519.0,71175.068,11.760780581305044
603559.SH,20260601,9.35,9.52,9.23,9.46,9.34,0.12,1.2848,34663.69,32666.536,9.423848413137781
603565.SH,20260601,10.34,10.73,10.34,10.69,10.4,0.29,2.7885,163981.36,173972.16,10.609264370047914
603566.SH,20260601,10.63,10.95,10.56,10.93,10.62,0.31,2.919,40856.0,44207.807,10.820395290777364
603567.SH,20260601,7.11,7.25,6.94,7.19,7.15,0.04,0.5594,79229.0,56691.156,7.155354226356511
603568.SH,20260601,15.2,15.5,15.14,15.35,15.07,0.28,1.858,76323.54,116860.485,15.311198222723947
603569.SH,20260601,5.98,6.25,5.96,6.22,6.02,0.2,3.3223,47681.6,29306.156,6.1462190866078314
603577.SH,20260601,10.4,10.7,10.27,10.61,10.4,0.21,2.0192,51247.9,54256.691,10.587105227726404
603578.SH,20260601,14.83,15.38,14.74,15.06,15.12,-0.06,-0.3968,71125.64,107255.988,15.079792322431123
603579.SH,20260601,19.02,19.65,18.8,19.55,19.02,0.53,2.7865,40614.1,78788.629,19.399329050748385
603580.SH,20260601,25.48,25.91,24.01,24.3,24.95,-0.65,-2.6052,12173.11,30115.011,24.738962352266594
603583.SH,20260601,25.3,25.85,25.12,25.45,25.23,0.22,0.872,46209.74,117842.903,25.5017455194511
603585.SH,20260601,15.75,16.51,15.75,16.47,15.96,0.51,3.1955,35498.13,58044.093,16.35131005492402
603586.SH,20260601,16.92,17.38,16.81,17.38,17.16,0.22,1.2821,31710.0,54546.037,17.201525386313467
603587.SH,20260601,12.5,13.05,12.48,13.0,12.67,0.33,2.6046,33433.0,42941.527,12.84405437741154
603588.SH,20260601,12.32,12.5,12.22,12.37,12.31,0.06,0.4874,321499.81,397672.952,12.36930597252919
603589.SH,20260601,22.0,22.34,21.84,22.12,22.27,-0.15,-0.6736,71782.0,158472.108,22.076858822546043
603590.SH,20260601,34.45,34.99,34.01,34.19,34.45,-0.26,-0.7547,27932.0,95793.354,34.29520048689675
603595.SH,20260601,24.32,24.49,23.17,23.46,24.32,-0.86,-3.5362,58661.8,138938.095,23.68459457432264
603596.SH,20260601,31.92,32.83,31.67,32.11,32.09,0.02,0.0623,217995.4,704553.787,32.31966302958686
603598.SH,20260601,21.79,24.23,21.79,24.23,22.03,2.2,9.9864,421199.0,981820.849,23.310141975645713
603599.SH,20260601,11.19,11.54,11.16,11.37,11.19,0.18,1.6086,123548.44,140382.125,11.36251700142875
603600.SH,20260601,10.66,10.88,10.52,10.79,10.66,0.13,1.2195,87147.5,93847.789,10.768844659915661
603601.SH,20260601,19.06,19.06,19.06,19.06,21.18,-2.12,-10.0094,81028.0,154439.368,19.06
603602.SH,20260601,12.87,13.82,12.82,13.39,12.93,0.46,3.5576,58611.34,78579.396,13.406858809233844
603605.SH,20260601,61.3,67.52,61.25,67.13,61.81,5.32,8.607,187375.76,1227054.874,65.48631872126896
603606.SH,20260601,45.08,45.45,43.85,43.88,44.7,-0.82,-1.8345,146530.72,651558.103,44.46563171190314
603607.SH,20260601,21.4,22.49,21.4,22.23,21.53,0.7,3.2513,34863.18,77402.323,22.201739198776473
603608.SH,20260601,18.82,19.4,18.04,18.96,18.82,0.14,0.7439,271941.6,511389.927,18.805137831063732
603609.SH,20260601,6.48,6.64,6.37,6.63,6.46,0.17,2.6316,45445.06,29547.696,6.501849926042567
603610.SH,20260601,17.48,17.89,17.19,17.67,17.46,0.21,1.2027,45972.4,81260.922,17.67602344015105
603611.SH,20260601,17.86,18.4,17.73,18.24,17.84,0.4,2.2422,23543.8,42630.921,18.10706895233565
603612.SH,20260601,20.68,21.28,20.66,20.86,20.8,0.06,0.2885,101072.36,211756.281,20.950958402475216
603613.SH,20260601,23.61,24.17,23.36,23.65,23.5,0.15,0.6383,83480.76,197885.536,23.70432851833165
603615.SH,20260601,19.08,19.62,18.58,19.23,18.85,0.38,2.0159,50132.0,96809.099,19.310839184552783
603616.SH,20260601,6.3,6.37,5.94,6.03,6.12,-0.09,-1.4706,381394.0,234216.732,6.141070179394537
603617.SH,20260601,7.12,7.54,7.1,7.48,7.19,0.29,4.0334,149395.29,111114.005,7.437584210318812
603618.SH,20260601,40.0,40.58,38.44,38.44,42.71,-4.27,-9.9977,761809.14,2966767.641,38.94371287012912
603619.SH,20260601,26.1,26.43,26.01,26.29,25.95,0.34,1.3102,139625.26,366409.405,26.242343613182886
603626.SH,20260601,24.0,25.76,23.33,23.37,24.0,-0.63,-2.625,427602.95,1044389.416,24.42427995410228
603628.SH,20260601,10.72,11.19,10.72,11.08,10.76,0.32,2.974,43602.2,48182.171,11.05039906243263
603629.SH,20260601,216.66,216.66,216.66,216.66,240.73,-24.07,-9.9988,26866.0,582078.756,216.66
603630.SH,20260601,14.17,14.77,13.88,14.68,14.17,0.51,3.5992,55132.89,79949.849,14.501298408264105
603633.SH,20260601,8.88,9.0,8.51,8.59,8.93,-0.34,-3.8074,322442.77,280358.343,8.694824914201053
603636.SH,20260601,9.28,9.81,9.25,9.59,9.29,0.3,3.2293,204360.26,196780.96,9.629120651931055
603637.SH,20260601,20.6,22.15,20.25,22.15,20.79,1.36,6.5416,228336.95,489769.757,21.44943063310603
603638.SH,20260601,21.71,22.1,21.58,21.75,21.89,-0.14,-0.6396,82583.71,180012.852,21.79762231558742
603639.SH,20260601,11.07,11.45,10.99,11.38,11.04,0.34,3.0797,29226.73,32923.557,11.264878759957067
603648.SH,20260601,8.93,9.36,8.84,9.3,8.96,0.34,3.7946,41325.0,38001.585,9.195785843920145
603650.SH,20260601,52.01,52.92,50.78,50.89,52.18,-1.29,-2.4722,99241.8,511566.565,51.54748956588857
603655.SH,20260601,35.8,38.5,35.8,38.2,35.99,2.21,6.1406,19154.0,71720.299,37.44403205596742
603656.SH,20260601,17.96,18.33,17.74,18.12,17.9,0.22,1.2291,27185.0,49351.106,18.153800257494943
603657.SH,20260601,26.71,27.7,26.1,27.03,26.68,0.35,1.3118,28362.0,76843.337,27.0937652492772
603658.SH,20260601,32.2,32.3,31.75,32.13,32.21,-0.08,-0.2484,31118.26,99754.878,32.056701756460676
603659.SH,20260601,30.5,31.34,30.3,30.69,30.63,0.06,0.1959,382633.81,1186570.877,31.010612392041367
603660.SH,20260601,11.89,12.24,11.74,11.8,11.88,-0.08,-0.6734,203164.83,243550.888,11.987846912282997
603661.SH,20260601,30.68,31.81,29.71,31.39,31.24,0.15,0.4802,67567.08,207257.847,30.67438270234558
603662.SH,20260601,60.0,60.77,58.62,58.66,60.55,-1.89,-3.1214,58134.39,346429.652,59.591173486124134
603663.SH,20260601,58.5,62.87,58.11,59.53,58.87,0.66,1.1211,219586.26,1329434.489,60.542699210779396
603665.SH,20260601,27.0,29.7,26.44,28.96,27.0,1.96,7.2593,53909.92,153546.903,28.482124069188007
603666.SH,20260601,29.5,30.56,29.01,29.51,29.65,-0.14,-0.4722,47546.4,142283.424,29.92517288375145
603667.SH,20260601,71.74,72.56,68.3,68.33,71.76,-3.43,-4.7798,260561.21,1826054.418,70.08159111634461
603668.SH,20260601,11.37,11.94,11.3,11.53,11.3,0.23,2.0354,58984.21,68533.461,11.618950393673153
603669.SH,20260601,4.12,4.35,4.06,4.31,4.12,0.19,4.6117,146601.89,62304.931,4.249940502131316
603676.SH,20260601,9.29,9.68,9.19,9.55,9.23,0.32,3.467,28352.0,26852.187,9.471002751128669
603677.SH,20260601,16.66,18.57,16.51,17.78,17.07,0.71,4.1593,65689.18,114702.824,17.46144859777516
603678.SH,20260601,46.54,53.28,46.54,53.28,48.44,4.84,9.9917,392988.47,2067337.059,52.60553977575984
603679.SH,20260601,16.9,17.72,16.8,16.85,17.07,-0.22,-1.2888,58449.17,100515.01,17.196995269564994
603680.SH,20260601,11.91,12.26,11.76,12.13,11.88,0.25,2.1044,42059.0,50784.955,12.074693882403292
603681.SH,20260601,25.25,25.98,24.0,24.44,25.5,-1.06,-4.1569,252618.85,629304.282,24.911216324514186
603682.SH,20260601,8.65,9.55,8.6,9.23,8.92,0.31,3.4753,255975.0,237345.781,9.272225061041118
603683.SH,20260601,27.37,30.0,27.0,29.5,27.4,2.1,7.6642,225382.72,655933.896,29.10311385007688
603685.SH,20260601,33.2,33.82,32.63,32.78,33.14,-0.36,-1.0863,40872.27,135199.786,33.078609531596854
603686.SH,20260601,15.4,15.96,15.39,15.77,15.47,0.3,1.9392,126809.71,199983.972,15.770398970236585
603687.SH,20260601,15.4,16.7,15.38,16.26,15.61,0.65,4.164,379741.0,616571.527,16.236633047261158
603688.SH,20260601,66.2,66.22,61.39,61.43,67.22,-5.79,-8.6135,288897.85,1835521.079,63.53529730318173
603689.SH,20260601,7.94,8.36,7.91,8.33,7.94,0.39,4.9118,91940.94,75365.436,8.19715743606711
603690.SH,20260601,24.92,25.54,24.5,24.53,24.92,-0.39,-1.565,180818.33,452289.739,25.013489450986523
603693.SH,20260601,17.78,18.15,16.31,17.11,17.77,-0.66,-3.7141,306693.04,526629.596,17.171227491827008
603696.SH,20260601,13.48,14.05,13.48,13.94,13.78,0.16,1.1611,63965.99,89095.882,13.928633325303023
603697.SH,20260601,10.96,11.38,10.74,11.2,10.99,0.21,1.9108,112411.0,124421.406,11.06843689674498
603698.SH,20260601,32.53,33.0,32.24,32.33,32.6,-0.27,-0.8282,124457.57,405491.305,32.58068633350305
603699.SH,20260601,57.78,59.48,57.12,57.4,57.45,-0.05,-0.087,47962.83,278893.625,58.14786679601683
603700.SH,20260601,11.29,11.82,11.18,11.69,11.3,0.39,3.4513,62322.5,72312.189,11.602902483051867
603701.SH,20260601,24.73,25.87,24.62,24.9,25.18,-0.28,-1.112,48601.0,121824.667,25.066288142219296
603703.SH,20260601,12.57,12.99,12.37,12.44,12.51,-0.07,-0.5596,100311.4,127035.214,12.664085437946238
603706.SH,20260601,22.03,23.09,21.96,22.93,22.28,0.65,2.9174,22114.0,50288.46,22.740553495523198
603707.SH,20260601,8.04,8.33,8.03,8.28,8.08,0.2,2.4752,93236.73,76674.205,8.223605117854305
603708.SH,20260601,9.98,10.22,9.88,10.13,9.88,0.25,2.5304,95380.2,96196.654,10.085599946320096
603709.SH,20260601,16.15,16.87,15.81,16.72,16.15,0.57,3.5294,25973.0,43016.669,16.56207176683479
603711.SH,20260601,14.57,14.84,14.26,14.75,14.61,0.14,0.9582,62100.9,90884.595,14.634988381810892
603712.SH,20260601,14.71,14.89,14.53,14.81,14.7,0.11,0.7483,93026.81,136820.172,14.707606549122774
603713.SH,20260601,55.39,58.86,55.15,57.66,55.42,2.24,4.0419,69472.01,399272.049,57.472361746838764
603716.SH,20260601,16.7,17.52,16.33,17.28,17.03,0.25,1.468,84278.13,144321.735,17.124458622895403
603717.SH,20260601,6.54,7.07,6.47,6.92,6.59,0.33,5.0076,126147.0,87134.517,6.907379248020168
603718.SH,20260601,3.51,3.61,3.38,3.55,3.56,-0.01,-0.2809,197255.0,68826.943,3.489236926820613
603719.SH,20260601,10.52,10.76,10.36,10.73,10.63,0.1,0.9407,52764.1,55856.273,10.58603728671578
603722.SH,20260601,34.94,37.26,34.73,36.23,34.92,1.31,3.7514,21766.99,78760.899,36.183642754464444
603725.SH,20260601,11.32,12.21,11.29,12.21,11.1,1.11,10.0,94390.95,111679.546,11.831594660293174
603726.SH,20260601,27.2,27.5,26.51,26.82,27.2,-0.38,-1.3971,53650.55,144963.245,27.019899143624805
603727.SH,20260601,15.04,15.53,14.96,15.25,15.03,0.22,1.4637,27947.03,42777.27,15.306553147150161
603728.SH,20260601,61.0,62.35,59.7,59.77,61.32,-1.55,-2.5277,96712.63,588785.041,60.879850025792905
603729.SH,20260601,13.07,13.7,13.06,13.57,13.06,0.51,3.9051,20319.0,27370.19,13.470244598651508
603730.SH,20260601,12.75,12.95,12.5,12.69,12.88,-0.19,-1.4752,279668.12,356258.188,12.738605601525123
603733.SH,20260601,22.76,24.56,22.57,24.33,22.85,1.48,6.477,122825.05,292912.246,23.847924018756757
603737.SH,20260601,30.75,31.5,29.8,31.48,30.19,1.29,4.2729,77592.02,239777.639,30.90235812909626
603738.SH,20260601,43.33,44.76,42.25,42.4,43.42,-1.02,-2.3491,407361.75,1767720.703,43.394371292837384
603739.SH,20260601,12.8,13.25,12.71,13.15,12.8,0.35,2.7344,50025.8,65481.767,13.089599166829915
603755.SH,20260601,25.18,26.55,25.0,26.41,25.26,1.15,4.5527,20656.0,53917.558,26.102613284275755
603757.SH,20260601,54.52,60.26,52.6,58.55,54.78,3.77,6.8821,209986.9,1217568.772,57.98308237323376
603758.SH,20260601,10.91,11.14,10.8,11.06,10.9,0.16,1.4679,31499.0,34735.364,11.027449760309851
603759.SH,20260601,8.11,8.41,7.96,8.34,8.04,0.3,3.7313,63662.2,52518.556,8.249566618809906
603766.SH,20260601,12.98,13.19,12.86,12.92,13.05,-0.13,-0.9962,154935.97,201154.165,12.983051321136081
603767.SH,20260601,17.87,18.41,17.6,17.96,17.92,0.04,0.2232,103908.0,187843.941,18.07790940062363
603768.SH,20260601,11.09,11.79,11.07,11.6,11.68,-0.08,-0.6849,117404.0,135156.767,11.512109212633298
603773.SH,20260601,110.0,114.49,109.23,114.49,104.08,10.41,10.0019,121841.5,1381952.629,113.42216149669858
603776.SH,20260601,19.25,19.71,19.04,19.46,19.25,0.21,1.0909,25347.0,49323.936,19.459476861167
603777.SH,20260601,17.8,18.02,17.36,17.6,18.0,-0.4,-2.2222,102069.85,180460.739,17.68012189691667
603778.SH,20260601,16.51,18.39,16.51,18.39,16.72,1.67,9.988,639594.34,1126542.855,17.613396250504657
603779.SH,20260601,9.69,10.64,9.56,9.88,9.81,0.07,0.7136,541470.12,544736.678,10.06032757633976
603786.SH,20260601,48.5,49.28,47.85,48.43,47.95,0.48,1.001,27541.44,133907.216,48.620266768912586
603787.SH,20260601,10.31,10.7,10.21,10.63,10.28,0.35,3.4047,42813.08,45209.363,10.559708154610693
603788.SH,20260601,15.71,16.44,15.58,16.44,15.65,0.79,5.0479,40097.0,65018.599,16.215327580617004
603789.SH,20260601,5.6,5.77,5.57,5.75,5.57,0.18,3.2316,26905.0,15317.259,5.693090131945735
603790.SH,20260601,25.97,26.74,25.26,25.31,26.2,-0.89,-3.3969,38317.9,98911.482,25.813387998820396
603797.SH,20260601,4.3,4.58,4.28,4.57,4.35,0.22,5.0575,83630.6,37390.381,4.470897135737397
603798.SH,20260601,15.59,16.88,15.48,16.15,15.57,0.58,3.7251,78327.0,126672.529,16.172268694064627
603799.SH,20260601,54.08,55.15,53.46,53.48,54.8,-1.32,-2.4088,501293.69,2716381.786,54.18743224156681
603800.SH,20260601,61.89,67.94,60.58,65.99,61.76,4.23,6.8491,175350.46,1154713.023,65.8517247687859
603801.SH,20260601,7.45,7.67,7.36,7.65,7.45,0.2,2.6846,35223.56,26718.172,7.5853127849655175
603803.SH,20260601,13.44,13.6,13.19,13.29,13.5,-0.21,-1.5556,157181.0,210377.972,13.384440358567511
603806.SH,20260601,17.58,18.38,17.39,17.44,17.9,-0.46,-2.5698,511646.38,909710.237,17.78005811357446
603808.SH,20260601,9.1,9.98,8.93,9.98,9.07,0.91,10.0331,123088.34,118726.697,9.645649376699694
603809.SH,20260601,10.34,10.47,10.28,10.4,10.34,0.06,0.5803,91220.54,94764.165,10.388467882343164
603810.SH,20260601,13.18,14.12,13.18,13.99,13.45,0.54,4.0149,23313.0,32359.658,13.880520739501565
603811.SH,20260601,11.28,11.3,11.0,11.25,11.29,-0.04,-0.3543,48238.26,53838.396,11.160932421691827
603813.SH,20260601,36.15,36.15,34.84,35.0,35.52,-0.52,-1.464,3162.0,11223.883,35.496151170145474
603815.SH,20260601,7.1,7.3,7.02,7.11,7.13,-0.02,-0.2805,185937.77,132060.001,7.102376295036775
603816.SH,20260601,28.99,29.57,28.7,29.21,29.08,0.13,0.447,58204.31,169741.954,29.163124517754785
603817.SH,20260601,6.21,6.47,6.21,6.43,6.23,0.2,3.2103,96298.0,61356.276,6.371500550374877
603818.SH,20260601,3.16,3.38,3.11,3.32,3.15,0.17,5.3968,232454.97,76448.142,3.288729081593739
603819.SH,20260601,12.58,13.82,12.5,13.82,12.56,1.26,10.0318,118420.35,160653.41,13.566368449341688
603822.SH,20260601,78.92,79.2,78.5,79.2,75.43,3.77,4.998,3390.0,26820.171,79.11554867256638
603823.SH,20260601,25.41,28.07,25.0,28.07,25.52,2.55,9.9922,196091.46,543913.426,27.737741664017395
603825.SH,20260601,8.12,8.44,8.12,8.42,8.16,0.26,3.1863,18924.05,15807.334,8.353039650603334
603826.SH,20260601,31.95,32.73,31.1,31.1,32.07,-0.97,-3.0246,72346.63,229090.73,31.66570854786187
603828.SH,20260601,6.1,6.1,5.65,5.68,5.95,-0.27,-4.5378,55053.51,31485.172,5.719012647876584
603829.SH,20260601,23.99,24.86,23.74,23.86,23.75,0.11,0.4632,39593.0,95840.213,24.20635289066249
603833.SH,20260601,38.91,39.88,38.33,39.64,39.18,0.46,1.1741,32211.86,126916.523,39.40055712399098
603836.SH,20260601,12.72,13.33,12.61,13.23,12.72,0.51,4.0094,28519.0,37463.289,13.136256180090465
603838.SH,20260601,9.1,9.4,8.88,9.33,9.08,0.25,2.7533,20784.0,19179.292,9.227911855273288
603839.SH,20260601,6.83,7.28,6.62,7.21,6.82,0.39,5.7185,69336.4,49309.803,7.111676262396087
603843.SH,20260601,7.95,8.12,7.86,7.95,8.11,-0.16,-1.9729,114571.2,91656.351,7.999946845280489
603848.SH,20260601,14.29,14.84,14.18,14.78,14.47,0.31,2.1424,22899.0,33459.387,14.611724092755143
603855.SH,20260601,17.5,18.14,17.37,18.05,17.5,0.55,3.1429,32025.81,56972.291,17.78949259987491
603856.SH,20260601,12.02,13.2,11.95,13.06,12.0,1.06,8.8333,188541.88,242950.271,12.88574564971984
603858.SH,20260601,14.93,15.18,14.87,15.16,14.93,0.23,1.5405,52012.61,78142.423,15.023745780109861
603859.SH,20260601,42.0,44.73,41.94,43.9,41.59,2.31,5.5542,116243.73,508028.437,43.70372810645357
603860.SH,20260601,28.33,29.4,27.9,29.31,28.34,0.97,3.4227,14609.0,42312.098,28.96303511533986
603861.SH,20260601,17.0,18.38,17.0,17.65,17.05,0.6,3.5191,403021.4,720683.565,17.88201730726954
603863.SH,20260601,15.86,16.23,15.66,16.01,15.82,0.19,1.201,45624.0,73235.777,16.052028975977557
603866.SH,20260601,4.75,4.87,4.69,4.87,4.76,0.11,2.3109,112415.75,53828.606,4.7883509205783
603867.SH,20260601,38.4,38.9,36.8,36.9,37.96,-1.06,-2.7924,78530.88,295322.362,37.60588981047965
603868.SH,20260601,37.28,38.99,37.01,38.48,37.28,1.2,3.2189,34451.01,132038.727,38.32651843879178
603869.SH,20260601,10.38,10.56,10.25,10.43,10.32,0.11,1.0659,7551.7,7860.385,10.408762265450164
603871.SH,20260601,11.7,12.41,11.69,12.25,11.66,0.59,5.06,239050.52,290280.98,12.143080885161847
603876.SH,20260601,26.98,29.1,26.8,28.06,26.45,1.61,6.087,438748.19,1246831.784,28.41793567285144
603877.SH,20260601,12.69,13.86,12.48,13.86,12.6,1.26,10.0,51342.61,68626.506,13.366384373525225
603878.SH,20260601,6.54,7.18,6.42,6.89,6.54,0.35,5.3517,199499.53,137188.92,6.8766537946229755
603879.SH,20260601,4.94,5.25,4.82,5.2,4.95,0.25,5.0505,126030.5,64919.993,5.1511334954634
603880.SH,20260601,8.19,8.56,8.01,8.23,8.23,0.0,0.0,83185.12,69166.619,8.314782619776231
603881.SH,20260601,35.41,36.08,35.2,35.71,35.4,0.31,0.8757,190568.37,680956.701,35.732934117031064
603882.SH,20260601,25.39,26.32,25.21,26.07,25.6,0.47,1.8359,61060.77,157338.467,25.767520946755177
603883.SH,20260601,12.26,12.55,12.23,12.52,12.26,0.26,2.1207,87647.35,108821.221,12.415802759581435
603885.SH,20260601,11.75,12.1,11.62,11.92,11.9,0.02,0.1681,231127.28,275103.309,11.902675832986915
603886.SH,20260601,10.53,11.16,10.43,11.12,10.5,0.62,5.9048,41396.0,45266.444,10.934980191322834
603887.SH,20260601,12.26,12.55,12.16,12.29,12.26,0.03,0.2447,103507.65,127593.033,12.326918155324751
603888.SH,20260601,18.3,19.05,18.3,18.84,18.26,0.58,3.1763,106685.0,200288.18,18.773790129821435
603889.SH,20260601,5.77,6.13,5.77,6.1,5.77,0.33,5.7192,245738.12,147964.008,6.021206966180095
603890.SH,20260601,27.29,27.29,27.29,27.29,24.81,2.48,9.996,43261.14,118059.651,27.289999986130738
603893.SH,20260601,178.0,190.5,177.9,180.66,175.67,4.99,2.8406,181351.56,3366973.173,185.66000606777243
603895.SH,20260601,38.1,39.34,36.89,37.09,38.8,-1.71,-4.4072,34122.0,128881.997,37.770938690580856
603896.SH,20260601,15.37,15.85,15.26,15.79,15.44,0.35,2.2668,15007.8,23460.781,15.63239182291875
603897.SH,20260601,48.68,49.61,46.85,47.0,48.68,-1.68,-3.4511,69775.67,332709.925,47.68279903295805
603898.SH,20260601,12.53,12.77,12.35,12.67,12.52,0.15,1.1981,21659.0,27365.382,12.634647028948704
603899.SH,20260601,22.85,23.25,22.41,23.24,23.05,0.19,0.8243,76861.85,175728.679,22.862926015962405
603900.SH,20260601,6.64,6.93,6.62,6.89,6.71,0.18,2.6826,70470.52,48162.536,6.834423245351388
603901.SH,20260601,11.36,11.43,11.11,11.28,11.28,0.0,0.0,91800.4,103816.031,11.308886562585785
603903.SH,20260601,10.83,11.73,10.81,11.56,10.97,0.59,5.3783,89340.64,102336.028,11.454588639615746
603906.SH,20260601,25.18,26.17,25.16,25.3,25.24,0.06,0.2377,233352.0,599400.373,25.68653249168638
603908.SH,20260601,20.41,21.82,20.13,21.64,20.49,1.15,5.6125,20336.8,43296.026,21.28949785610322
603909.SH,20260601,10.44,10.71,10.21,10.55,10.34,0.21,2.0309,38906.07,41073.245,10.55702747668937
603912.SH,20260601,9.03,9.27,8.95,8.98,9.15,-0.17,-1.8579,167143.76,152104.277,9.100206732216625
603915.SH,20260601,16.2,16.32,15.62,15.66,16.36,-0.7,-4.2787,108945.0,173195.091,15.897479553903345
603916.SH,20260601,14.12,14.12,13.6,13.73,13.91,-0.18,-1.294,108996.93,150501.0,13.807820091813596
603917.SH,20260601,12.25,12.74,12.06,12.41,12.29,0.12,0.9764,64578.2,80636.043,12.486573332796517
603918.SH,20260601,11.24,11.86,11.21,11.71,11.25,0.46,4.0889,124501.09,145054.867,11.65089132954579
603919.SH,20260601,20.75,21.81,20.0,21.61,21.46,0.15,0.699,196388.58,413003.438,21.029911107865846
603920.SH,20260601,61.0,61.34,55.83,55.98,61.22,-5.24,-8.5593,412909.81,2378974.974,57.614881419262
603922.SH,20260601,15.33,15.68,15.04,15.32,15.83,-0.51,-3.2217,35237.4,53739.682,15.25075119049646
603926.SH,20260601,20.3,20.72,19.93,20.39,20.6,-0.21,-1.0194,41017.45,83662.706,20.39685694746992
603927.SH,20260601,14.84,15.71,14.81,15.51,14.81,0.7,4.7265,139405.75,214794.353,15.407854625795565
603928.SH,20260601,15.29,15.73,15.27,15.53,15.32,0.21,1.3708,38046.4,59371.272,15.604964464443416
603929.SH,20260601,149.96,152.7,146.0,146.56,151.2,-4.64,-3.0688,43533.95,650234.162,149.36254624264512
603931.SH,20260601,64.6,67.2,62.0,65.81,64.0,1.81,2.8281,110623.38,721048.03,65.18043744459806
603933.SH,20260601,24.0,24.35,23.67,23.85,24.05,-0.2,-0.8316,59055.0,141955.465,24.037840149013633
603936.SH,20260601,23.4,24.52,22.0,22.36,23.98,-1.62,-6.7556,648181.22,1501954.655,23.171832331087906
603937.SH,20260601,14.32,15.33,14.3,15.04,14.43,0.61,4.2273,94172.48,141544.943,15.030393486504764
603938.SH,20260601,44.5,45.78,41.74,41.81,45.31,-3.5,-7.7246,311605.77,1346067.384,43.197768256987025
603939.SH,20260601,20.85,21.16,20.65,20.93,21.14,-0.21,-0.9934,119120.83,248546.831,20.865102350277446
603948.SH,20260601,25.27,26.44,25.2,26.23,25.41,0.82,3.2271,16793.0,43644.621,25.989770142321206
603949.SH,20260601,15.78,16.18,15.67,16.05,15.78,0.27,1.711,26344.19,42143.354,15.997210011011916
603950.SH,20260601,71.49,73.0,68.0,69.56,72.99,-3.43,-4.6993,67396.09,475363.893,70.5328592504402
603955.SH,20260601,23.88,25.3,23.88,24.49,23.69,0.8,3.377,39206.4,96655.491,24.652988032566107
603956.SH,20260601,5.64,5.72,5.4,5.61,5.69,-0.08,-1.406,191502.0,107280.161,5.602038673225344
603958.SH,20260601,20.5,22.27,20.41,21.31,20.71,0.6,2.8972,75359.62,162554.614,21.57051933117497
603959.SH,20260601,4.39,4.56,4.26,4.56,4.34,0.22,5.0691,158991.35,71587.631,4.502611682962626
603960.SH,20260601,20.5,20.71,20.05,20.2,20.64,-0.44,-2.1318,99118.5,201193.379,20.298267124704267
603966.SH,20260601,9.04,9.6,9.02,9.52,9.03,0.49,5.4264,166108.03,155899.631,9.385436152605024
603967.SH,20260601,12.02,12.59,11.91,12.52,11.95,0.57,4.7699,46616.9,57401.485,12.313449628782694
603968.SH,20260601,12.5,12.66,12.0,12.63,12.4,0.23,1.8548,126136.0,156863.905,12.436093185133508
603969.SH,20260601,7.68,8.28,7.62,8.06,7.69,0.37,4.8114,206628.73,166307.378,8.048608632497523
603970.SH,20260601,11.48,11.91,11.41,11.81,11.5,0.31,2.6957,24666.28,28955.942,11.739079423407176
603976.SH,20260601,21.46,22.12,21.07,21.76,21.66,0.1,0.4617,39479.0,85882.832,21.754054560652495
603977.SH,20260601,15.07,15.99,14.95,15.48,15.09,0.39,2.5845,342345.4,532362.671,15.55045492067368
603978.SH,20260601,28.42,29.27,28.15,28.3,28.66,-0.36,-1.2561,80321.92,230636.624,28.714032732285286
603979.SH,20260601,74.0,75.97,72.69,73.31,74.18,-0.87,-1.1728,73809.61,545657.317,73.92767920058107
603980.SH,20260601,5.62,5.85,5.57,5.78,5.61,0.17,3.0303,165761.4,95572.798,5.765684773415282
603982.SH,20260601,6.75,6.98,6.6,6.93,6.75,0.18,2.6667,69860.8,48031.739,6.875349122827108
603983.SH,20260601,23.66,24.44,23.49,24.33,23.68,0.65,2.7449,26488.74,63766.566,24.073083883944648
603985.SH,20260601,23.5,23.76,22.87,22.97,23.6,-0.63,-2.6695,138696.05,322396.676,23.244834730332986
603986.SH,20260601,476.0,489.96,455.0,468.0,467.01,0.99,0.212,521586.48,24676174.086,473.0984224514408
603987.SH,20260601,7.47,7.76,7.41,7.7,7.49,0.21,2.8037,54843.7,41842.413,7.629392801725632
603988.SH,20260601,21.67,22.09,21.42,21.62,21.42,0.2,0.9337,50297.8,109352.851,21.74108032558084
603989.SH,20260601,34.47,35.59,32.23,32.23,35.81,-3.58,-9.9972,276949.45,925063.178,33.40187814057764
603990.SH,20260601,19.76,21.26,19.75,20.65,19.63,1.02,5.1961,312781.75,648308.151,20.727173212631488
603991.SH,20260601,104.0,113.69,103.04,113.69,103.35,10.34,10.0048,25426.0,282479.823,111.09880555337055
603992.SH,20260601,28.2,29.58,28.01,29.5,28.06,1.44,5.1319,49330.94,142767.896,28.94084240032726
603993.SH,20260601,18.55,18.93,18.31,18.42,18.51,-0.09,-0.4862,1611742.91,2999123.214,18.607950408170247
603995.SH,20260601,20.35,20.72,19.93,20.49,20.18,0.31,1.5362,125400.98,254997.282,20.334552568887425
603997.SH,20260601,13.9,14.14,13.63,13.71,13.91,-0.2,-1.4378,183148.5,254432.512,13.892142823992552
603998.SH,20260601,9.88,10.21,9.86,10.16,9.9,0.26,2.6263,57727.0,57977.505,10.043394771943802
603999.SH,20260601,5.92,6.14,5.86,6.12,5.95,0.17,2.8571,103817.58,62940.487,6.062603944341603
605001.SH,20260601,6.28,6.56,6.17,6.52,6.29,0.23,3.6566,60830.04,39245.951,6.451738483157334
605003.SH,20260601,24.56,25.18,22.55,24.97,23.98,0.99,4.1284,12814.25,31700.795,24.738704957371674
605005.SH,20260601,16.88,16.95,16.58,16.75,16.86,-0.11,-0.6524,28184.02,47139.237,16.725519283622422
605006.SH,20260601,17.4,18.4,16.49,16.49,18.32,-1.83,-9.9891,644709.07,1109788.92,17.21379412267304
605007.SH,20260601,13.87,14.33,13.61,14.24,14.16,0.08,0.565,45961.0,64949.971,14.131540001305453
605008.SH,20260601,11.0,11.4,10.91,11.3,11.0,0.3,2.7273,20766.6,23308.789,11.224171987711038
605009.SH,20260601,25.07,26.29,24.98,26.08,25.25,0.83,3.2871,21503.28,55343.259,25.73712428987578
605011.SH,20260601,22.42,23.08,21.38,23.06,22.38,0.68,3.0384,136821.9,309018.175,22.58543222978193
605016.SH,20260601,24.91,25.68,24.7,25.57,24.7,0.87,3.5223,56213.12,142193.122,25.29536200801521
605018.SH,20260601,13.71,14.06,13.18,13.85,13.57,0.28,2.0634,81500.0,112378.726,13.788800736196318
605020.SH,20260601,33.01,36.18,33.01,35.11,33.16,1.95,5.8806,357707.51,1261873.936,35.27669676267071
605028.SH,20260601,23.1,23.5,22.68,23.28,23.1,0.18,0.7792,11749.0,27232.975,23.17897267852583
605033.SH,20260601,19.8,20.7,19.58,20.5,19.8,0.7,3.5354,24649.1,50022.169,20.293710115176623
605050.SH,20260601,10.82,11.07,10.79,11.02,10.82,0.2,1.8484,28824.0,31636.178,10.975637663058562
605055.SH,20260601,14.45,14.6,12.96,12.96,14.4,-1.44,-10.0,98760.0,130824.337,13.246692689347913
605056.SH,20260601,21.8,22.08,21.18,21.2,21.79,-0.59,-2.7077,65271.99,140603.783,21.54121285408948
605058.SH,20260601,39.09,40.98,38.0,40.28,39.93,0.35,0.8765,71824.79,285667.695,39.77285488756738
605060.SH,20260601,50.33,51.65,49.0,49.52,49.87,-0.35,-0.7018,59447.0,298634.962,50.23549750197655
605066.SH,20260601,7.77,7.85,7.58,7.58,7.65,-0.07,-0.915,301250.25,231134.588,7.672511076754293
605068.SH,20260601,23.68,24.11,23.1,23.15,23.65,-0.5,-2.1142,20772.0,48843.745,23.514223473907183
605069.SH,20260601,12.01,12.69,11.74,12.38,11.86,0.52,4.3845,115055.0,143022.821,12.430821867802354
605077.SH,20260601,17.49,18.75,17.39,18.0,17.59,0.41,2.3309,228022.48,415118.718,18.205166350265113
605080.SH,20260601,24.7,25.1,24.29,24.66,24.72,-0.06,-0.2427,17342.2,42787.588,24.67252597709633
605086.SH,20260601,30.9,34.0,30.9,32.21,31.1,1.11,3.5691,53905.0,176512.683,32.745141081532324
605088.SH,20260601,34.5,35.42,34.0,34.45,34.5,-0.05,-0.1449,47940.63,165784.479,34.58120575386681
605089.SH,20260601,22.47,23.33,22.1,23.31,22.49,0.82,3.6461,17124.87,39129.603,22.849576668319237
605090.SH,20260601,36.69,37.68,36.61,37.07,36.33,0.74,2.0369,115671.63,430046.769,37.17824059365291
605098.SH,20260601,57.82,58.28,56.63,56.83,57.67,-0.84,-1.4566,15980.04,91582.468,57.31053739540076
605099.SH,20260601,42.28,44.94,42.28,44.94,42.4,2.54,5.9906,84446.81,369868.41,43.79897949964007
605100.SH,20260601,35.48,37.61,35.11,36.56,35.45,1.11,3.1312,50854.74,186847.026,36.74131968819426
605108.SH,20260601,13.5,13.9,13.3,13.9,13.53,0.37,2.7347,30386.24,41673.14,13.714477342376021
605111.SH,20260601,65.55,66.61,61.6,62.05,66.61,-4.56,-6.8458,343669.98,2178263.291,63.382413878570375
605116.SH,20260601,19.66,20.18,19.66,19.96,19.83,0.13,0.6556,23373.0,46564.1,19.922175159371925
605117.SH,20260601,116.33,122.36,113.05,114.0,115.64,-1.64,-1.4182,249041.19,2921595.304,117.31373850245416
605118.SH,20260601,36.01,36.8,35.3,36.02,36.0,0.02,0.0556,31086.0,112290.627,36.122571897317115
605122.SH,20260601,12.93,13.51,12.8,13.43,12.93,0.5,3.867,39031.0,51982.495,13.318258563705774
605123.SH,20260601,99.01,101.5,98.74,99.16,99.99,-0.83,-0.8301,32512.84,325570.33,100.1359247608022
605128.SH,20260601,33.49,34.98,33.21,34.7,33.33,1.37,4.1104,46601.74,160291.864,34.39611138983223
605133.SH,20260601,36.08,36.47,34.4,35.75,36.1,-0.35,-0.9695,133702.9,473229.465,35.39410626097116
605136.SH,20260601,9.27,10.32,9.2,10.0,9.39,0.61,6.4963,205906.53,204762.087,9.94441929549296
605138.SH,20260601,6.85,7.25,6.7,7.15,6.87,0.28,4.0757,63870.0,45088.339,7.059392359480194
605151.SH,20260601,21.55,22.31,21.22,22.02,21.66,0.36,1.662,20356.15,44669.636,21.94404934135384
605155.SH,20260601,15.13,15.74,15.06,15.52,15.13,0.39,2.5777,26075.84,40516.007,15.537757172923287
605158.SH,20260601,6.95,7.06,6.8,7.01,6.95,0.06,0.8633,43456.9,30300.853,6.972621839109554
605162.SH,20260601,9.89,10.25,9.55,10.2,9.8,0.4,4.0816,227503.81,227662.936,10.006994432313023
605166.SH,20260601,10.05,11.06,9.96,10.67,10.05,0.62,6.1692,155632.79,166305.139,10.685739104208052
605167.SH,20260601,15.15,15.61,14.81,15.31,15.01,0.3,1.9987,90058.25,137347.844,15.251000768946765
605168.SH,20260601,49.2,52.65,48.18,50.31,49.18,1.13,2.2977,93019.25,468704.688,50.387923789968205
605169.SH,20260601,11.35,11.94,11.26,11.89,11.39,0.5,4.3898,35962.98,42231.377,11.743013788067618
605177.SH,20260601,23.88,24.7,22.44,22.76,23.77,-1.01,-4.2491,133870.26,313614.149,23.42672293308461
605178.SH,20260601,66.71,66.75,63.8,63.86,67.21,-3.35,-4.9844,27910.0,182069.813,65.2346159082766
605179.SH,20260601,15.26,15.61,15.1,15.55,15.41,0.14,0.9085,38976.0,60095.251,15.418527042282427
605180.SH,20260601,13.44,14.22,13.29,14.06,13.46,0.6,4.4577,46237.83,64556.172,13.961765074182761
605183.SH,20260601,16.18,16.2,15.62,15.99,16.16,-0.17,-1.052,33275.5,52787.484,15.863768838935552
605186.SH,20260601,26.6,27.93,26.51,27.26,26.6,0.66,2.4812,96592.0,264659.53,27.39973600298162
605188.SH,20260601,14.1,14.84,13.83,14.69,14.31,0.38,2.6555,127138.0,183276.693,14.41557150497884
605189.SH,20260601,14.74,14.95,14.46,14.65,14.74,-0.09,-0.6106,68301.48,100492.531,14.71308249835875
605196.SH,20260601,39.64,43.46,39.54,42.56,39.51,3.05,7.7196,313169.64,1335378.158,42.64072845630886
605198.SH,20260601,57.77,60.4,57.23,57.88,56.73,1.15,2.0271,50412.0,298267.313,59.16593529318416
605199.SH,20260601,6.7,6.81,6.66,6.81,6.75,0.06,0.8889,21696.0,14624.727,6.740748064159292
605208.SH,20260601,14.18,14.75,14.11,14.31,14.02,0.29,2.0685,93016.35,134612.986,14.471970357899444
605218.SH,20260601,16.2,17.45,15.88,16.55,16.2,0.35,2.1605,85434.53,142869.121,16.722643760081553
605222.SH,20260601,30.4,30.5,29.42,29.48,30.26,-0.78,-2.5777,68154.0,203344.603,29.836048214338117
605228.SH,20260601,12.82,12.98,12.65,12.74,12.94,-0.2,-1.5456,37207.87,47521.884,12.771997967096745
605255.SH,20260601,92.01,92.98,84.2,86.1,93.56,-7.46,-7.9735,20253.13,176920.517,87.35465431762891
605258.SH,20260601,35.2,37.86,34.86,36.92,35.85,1.07,2.9847,49621.0,180675.832,36.411163015658694
605259.SH,20260601,18.43,19.67,18.1,19.43,18.29,1.14,6.2329,30178.73,57551.901,19.070352198386082
605266.SH,20260601,17.88,18.95,17.88,18.86,18.04,0.82,4.5455,26288.94,48692.583,18.522079247014144
605268.SH,20260601,10.34,10.77,10.31,10.73,10.44,0.29,2.7778,38700.0,41181.102,10.641111627906977
605277.SH,20260601,25.6,27.08,25.39,25.74,24.62,1.12,4.5491,580054.52,1519013.336,26.187423485640622
605286.SH,20260601,34.79,36.26,34.05,35.7,34.24,1.46,4.264,32580.0,115344.428,35.40344628606507
605287.SH,20260601,42.44,44.42,42.01,43.33,42.01,1.32,3.1421,60386.2,261774.08,43.34998393672727
605288.SH,20260601,91.48,92.31,86.0,86.33,90.4,-4.07,-4.5022,13135.0,115748.479,88.12217662733156
605289.SH,20260601,118.89,118.89,106.81,106.81,118.68,-11.87,-10.0017,67289.2,744470.414,110.63742978070776
605296.SH,20260601,27.07,27.55,26.81,27.2,27.12,0.08,0.295,25914.7,70405.553,27.168191412595938
605298.SH,20260601,52.25,57.51,52.14,57.51,52.28,5.23,10.0038,23935.0,134222.2,56.077794025485694
605299.SH,20260601,17.31,18.55,16.87,18.09,17.38,0.71,4.0852,292444.87,525677.297,17.975261354387925
605300.SH,20260601,10.62,10.73,10.32,10.45,10.73,-0.28,-2.6095,107487.09,112725.839,10.487384019792518
605303.SH,20260601,24.99,26.68,24.75,26.02,24.51,1.51,6.1608,118657.5,307316.086,25.899423635252724
605305.SH,20260601,41.99,42.76,40.68,40.92,41.21,-0.29,-0.7037,58029.74,241166.186,41.55906712661473
605318.SH,20260601,92.12,95.48,89.61,92.95,92.12,0.83,0.901,15329.0,142697.923,93.09017091786811
605319.SH,20260601,24.0,25.55,23.76,24.87,24.16,0.71,2.9387,60994.6,151411.227,24.82371013171658
605333.SH,20260601,20.29,21.01,20.16,20.61,20.19,0.42,2.0802,30634.38,63216.064,20.635659673869682
605336.SH,20260601,15.98,16.7,15.92,16.7,15.9,0.8,5.0314,26929.3,44593.705,16.55954852149889
605337.SH,20260601,9.81,10.2,9.72,10.14,9.93,0.21,2.1148,48190.92,48314.489,10.025641552392027
605338.SH,20260601,21.31,22.27,21.08,22.06,21.31,0.75,3.5195,39548.0,86772.409,21.94103595630626
605339.SH,20260601,14.21,14.64,14.16,14.54,14.35,0.19,1.324,14152.0,20527.923,14.505315856416054
605358.SH,20260601,55.32,59.0,52.35,56.1,55.38,0.72,1.3001,724643.73,4047311.905,55.85243806635848
605365.SH,20260601,17.3,17.43,16.74,17.32,17.12,0.2,1.1682,52412.0,90455.203,17.258490994428755
605366.SH,20260601,10.81,11.0,10.25,10.68,11.03,-0.35,-3.1732,257496.28,274285.831,10.65203081768793
605368.SH,20260601,6.98,7.22,6.95,7.22,6.94,0.28,4.0346,59672.6,42541.19,7.1290994526801255
605369.SH,20260601,18.2,18.74,17.77,18.56,18.33,0.23,1.2548,16093.5,29783.799,18.50672569670985
605376.SH,20260601,180.93,193.58,178.18,178.78,178.33,0.45,0.2523,215347.74,3977180.864,184.68644546722433
605377.SH,20260601,9.2,9.47,9.16,9.37,9.28,0.09,0.9698,79122.24,73998.763,9.352460572400377
605378.SH,20260601,16.81,17.2,16.51,17.09,16.61,0.48,2.8898,29083.92,49585.167,17.048997177821974
605388.SH,20260601,6.14,6.26,6.06,6.17,6.2,-0.03,-0.4839,87745.2,54219.489,6.179197152664761
605389.SH,20260601,86.34,87.08,82.28,82.92,85.14,-2.22,-2.6075,25039.9,211026.335,84.27602945698665
605398.SH,20260601,22.51,24.76,22.51,24.76,22.51,2.25,9.9956,36496.9,87459.399,23.963514435472604
605399.SH,20260601,14.07,14.55,13.82,14.16,14.25,-0.09,-0.6316,69573.67,99480.621,14.29860189925298
605488.SH,20260601,33.71,34.8,33.32,33.41,34.06,-0.65,-1.9084,62360.6,211759.041,33.95718466467609
605499.SH,20260601,142.57,153.0,142.01,152.3,142.44,9.86,6.9222,115902.03,1713401.291,147.83186204762762
605500.SH,20260601,8.21,8.54,8.09,8.1,8.9,-0.8,-8.9888,205440.89,170181.814,8.283736212396665
605507.SH,20260601,15.45,15.88,15.35,15.83,15.31,0.52,3.3965,52415.23,82434.539,15.727211155994166
605555.SH,20260601,14.8,15.15,14.8,15.05,14.9,0.15,1.0067,40378.75,60432.389,14.96638429867195
605566.SH,20260601,37.08,41.75,36.3,41.75,37.95,3.8,10.0132,107330.44,437785.411,40.788560169882835
605567.SH,20260601,9.55,10.07,9.44,10.02,9.63,0.39,4.0498,54058.44,53436.544,9.884958574461267
605577.SH,20260601,10.34,10.85,10.27,10.8,10.34,0.46,4.4487,46875.0,49940.552,10.653984426666668
605580.SH,20260601,28.75,29.0,27.26,27.26,30.29,-3.03,-10.0033,149433.23,412105.776,27.57792065392684
605588.SH,20260601,55.12,57.92,55.11,56.25,56.32,-0.07,-0.1243,29511.0,167454.412,56.74304903256413
605589.SH,20260601,47.0,51.03,47.0,49.2,46.39,2.81,6.0573,805097.31,4003265.58,49.72399646944541
605598.SH,20260601,46.47,47.01,44.4,44.54,46.4,-1.86,-4.0086,34017.3,155220.01,45.62972663909246
605599.SH,20260601,15.96,16.02,15.52,16.02,16.01,0.01,0.0625,82858.14,130697.757,15.773677396089267
688001.SH,20260601,71.5,73.99,67.26,69.7,71.45,-1.75,-2.4493,133665.94,939523.268,70.2889059097628
688002.SH,20260601,127.64,129.5,120.47,121.03,127.8,-6.77,-5.2973,115620.1,1437157.778,124.29999437814011
688003.SH,20260601,102.11,104.51,94.0,94.7,101.96,-7.26,-7.1204,67310.38,656046.224,97.46583275863247
688004.SH,20260601,21.08,22.26,20.61,21.76,21.04,0.72,3.4221,30765.92,66842.886,21.726275697265027
688005.SH,20260601,31.78,33.88,31.48,32.88,31.0,1.88,6.0645,328569.81,1087478.943,33.097348262154696
688006.SH,20260601,39.01,42.57,36.29,36.66,39.65,-2.99,-7.541,387643.36,1514049.165,39.05778664698397
688007.SH,20260601,13.95,14.17,13.68,13.73,13.81,-0.08,-0.5793,79289.72,110378.476,13.920906266285213
688008.SH,20260601,250.88,252.8,232.12,232.3,253.0,-20.7,-8.1818,719862.74,17309417.346,240.45441421235387
688009.SH,20260601,4.81,4.94,4.75,4.9,4.8,0.1,2.0833,647637.66,315213.198,4.86712273650053
688010.SH,20260601,37.61,38.11,35.85,35.94,37.15,-1.21,-3.2571,75318.85,277910.715,36.897896741652325
688011.SH,20260601,57.8,58.88,56.01,56.31,57.8,-1.49,-2.5779,13260.4,76174.666,57.445224880094116
688012.SH,20260601,290.0,291.73,271.5,273.0,297.68,-24.68,-8.2908,325731.67,9101783.531,279.4258087032188
688013.SH,20260601,29.06,30.03,28.81,29.41,29.03,0.38,1.309,9463.33,28016.772,29.605616627550766
688015.SH,20260601,18.38,18.88,18.04,18.67,18.38,0.29,1.5778,20238.54,37582.895,18.569963544801155
688016.SH,20260601,102.1,102.5,100.19,100.5,102.14,-1.64,-1.6056,14738.77,148861.025,100.99962547756698
688017.SH,20260601,305.0,309.68,287.0,287.3,306.0,-18.7,-6.1111,116903.53,3458758.787,295.86435815924466
688018.SH,20260601,170.92,175.68,164.28,164.78,167.6,-2.82,-1.6826,60319.31,1031339.958,170.9800655876203
688019.SH,20260601,286.66,288.29,267.2,268.0,284.23,-16.23,-5.7102,64769.07,1783362.835,275.3417387342446
688020.SH,20260601,148.92,153.88,135.99,138.57,146.0,-7.43,-5.089,47996.42,685393.71,142.80100682509237
688021.SH,20260601,24.17,25.32,23.7,24.9,24.35,0.55,2.2587,20656.12,51334.86,24.852130990718493
688022.SH,20260601,9.25,9.53,9.19,9.53,9.3,0.23,2.4731,33373.28,31466.605,9.42868216729072
688023.SH,20260601,40.59,42.96,40.4,42.11,40.24,1.87,4.6471,28652.01,120499.787,42.0563119306464
688025.SH,20260601,396.37,403.0,366.03,369.83,388.6,-18.77,-4.8302,45215.8,1730378.664,382.6933647087965
688026.SH,20260601,13.8,14.36,13.63,14.24,13.86,0.38,2.7417,15291.44,21677.528,14.176250241965437
688027.SH,20260601,566.8,574.67,544.11,546.96,559.88,-12.92,-2.3076,25737.13,1433811.049,557.0982658128548
688028.SH,20260601,117.55,119.27,109.41,109.88,117.75,-7.87,-6.6837,62977.26,712132.114,113.07765914236343
688029.SH,20260601,82.15,83.64,79.4,80.19,81.91,-1.72,-2.0999,21860.4,177274.111,81.09371786426598
688030.SH,20260601,16.37,17.6,16.18,16.81,16.23,0.58,3.5736,47247.3,80337.945,17.003711323186725
688031.SH,20260601,122.0,140.26,122.0,135.25,116.88,18.37,15.717,197197.86,2639253.94,133.8378590923857
688032.SH,20260601,96.07,98.38,96.0,97.0,96.07,0.93,0.968,11922.77,115990.689,97.28501765948684
688033.SH,20260601,6.23,7.78,6.23,7.39,7.79,-0.4,-5.1348,270981.58,188833.94,6.968515719776968
688035.SH,20260601,75.7,78.42,74.41,75.4,75.71,-0.31,-0.4095,74963.16,571141.203,76.18958472401643
688036.SH,20260601,59.61,63.49,59.3,62.0,60.2,1.8,2.99,178527.07,1106988.707,62.00677056986371
688037.SH,20260601,250.21,251.76,236.01,237.32,245.3,-7.98,-3.2532,76597.83,1854849.621,242.15433009002996
688038.SH,20260601,18.22,19.05,18.22,18.65,18.59,0.06,0.3228,20600.29,38581.399,18.72857081138178
688039.SH,20260601,41.0,47.37,41.0,44.8,41.24,3.56,8.6324,49753.16,221375.271,44.49471571252961
688041.SH,20260601,299.77,300.19,275.0,275.36,293.9,-18.54,-6.3083,401188.26,11530629.182,287.41192930221837
688045.SH,20260601,64.94,67.44,64.0,65.06,63.86,1.2,1.8791,37477.48,246067.921,65.65754180910776
688046.SH,20260601,19.2,19.65,18.78,18.81,19.39,-0.58,-2.9912,53393.42,101812.33,19.068329018819174
688047.SH,20260601,148.71,151.6,144.01,144.23,145.8,-1.57,-1.0768,96112.79,1421516.604,147.90087812454513
688048.SH,20260601,375.0,375.6,335.04,340.0,394.74,-54.74,-13.8674,161938.14,5756474.296,355.4736577806809
688049.SH,20260601,45.32,46.1,44.25,44.35,45.14,-0.79,-1.7501,49207.13,222148.965,45.145686204417935
688050.SH,20260601,42.5,43.86,42.4,43.78,42.42,1.36,3.206,28573.99,123390.774,43.182899553055066
688051.SH,20260601,32.09,33.04,31.0,32.1,31.66,0.44,1.3898,23641.72,76661.019,32.42615977179325
688052.SH,20260601,256.74,261.9,235.79,236.5,256.82,-20.32,-7.9122,48691.46,1191203.837,244.643277691817
688053.SH,20260601,37.1,37.52,35.82,36.2,37.13,-0.93,-2.5047,11130.92,40741.22,36.601844232103005
688055.SH,20260601,4.79,5.08,4.71,4.75,4.76,-0.01,-0.2101,457238.48,223524.649,4.888579128335831
688056.SH,20260601,31.7,33.88,31.33,33.0,31.99,1.01,3.1572,12368.26,40509.427,32.75272916319677
688057.SH,20260601,13.88,15.2,13.61,14.98,13.9,1.08,7.7698,86113.0,126038.556,14.636414478650146
688058.SH,20260601,24.78,26.38,24.52,25.98,24.93,1.05,4.2118,17009.86,43894.174,25.80513537442401
688059.SH,20260601,143.03,146.9,137.77,138.38,140.9,-2.52,-1.7885,35975.91,510050.605,141.77559511350788
688060.SH,20260601,39.44,40.69,38.43,39.96,39.04,0.92,2.3566,7128.98,28546.264,40.04256429391021
688061.SH,20260601,37.0,37.89,36.18,37.24,37.27,-0.03,-0.0805,22800.57,84701.492,37.14884847177066
688062.SH,20260601,30.78,31.44,28.91,28.98,30.4,-1.42,-4.6711,91826.58,274105.863,29.850383516406687
688063.SH,20260601,66.66,69.8,66.0,66.22,66.5,-0.28,-0.4211,109227.74,740938.466,67.83427598154094
688065.SH,20260601,40.22,41.0,40.0,40.4,40.22,0.18,0.4475,49511.32,200049.859,40.404872865437646
688066.SH,20260601,13.82,14.49,13.77,14.4,14.1,0.3,2.1277,117177.19,166169.816,14.181071930467013
688067.SH,20260601,24.04,25.07,24.01,24.64,24.23,0.41,1.6921,11654.94,28813.516,24.72214871977033
688068.SH,20260601,90.0,91.99,85.8,85.82,88.64,-2.82,-3.1814,18482.58,162666.694,88.0108155895984
688069.SH,20260601,58.84,63.35,57.8,60.37,59.02,1.35,2.2874,40825.25,250260.302,61.30037219612862
688070.SH,20260601,42.04,43.89,41.0,42.1,41.43,0.67,1.6172,22868.87,97262.458,42.53050456800008
688071.SH,20260601,31.92,35.17,31.44,34.16,31.92,2.24,7.0175,45484.09,154267.77,33.91686411666145
688072.SH,20260601,611.0,622.0,580.62,583.35,627.99,-44.64,-7.1084,97694.01,5824375.401,596.1855185389564
688073.SH,20260601,51.26,52.7,49.9,49.98,50.82,-0.84,-1.6529,14491.86,73568.591,50.765457988139545
688075.SH,20260601,34.24,35.14,33.96,34.75,34.24,0.51,1.4895,2998.94,10388.732,34.641346609135226
688076.SH,20260601,30.0,30.3,29.59,30.06,29.84,0.22,0.7373,15307.17,46012.314,30.059321220055697
688077.SH,20260601,27.01,27.94,27.01,27.54,27.22,0.32,1.1756,19955.25,54928.776,27.52597737437516
688078.SH,20260601,22.81,24.91,22.81,24.58,23.19,1.39,5.994,16825.53,40974.498,24.35257492631733
688079.SH,20260601,20.6,23.67,19.98,22.3,20.59,1.71,8.305,328680.72,724767.76,22.050814541236253
688080.SH,20260601,41.0,42.66,41.0,42.15,41.41,0.74,1.787,13310.9,56088.918,42.13758498674019
688081.SH,20260601,52.85,52.85,50.21,50.58,53.25,-2.67,-5.0141,20118.24,103502.078,51.44688501578666
688082.SH,20260601,226.5,227.0,212.88,215.15,229.04,-13.89,-6.0644,87949.65,1929026.923,219.3330983125004
688083.SH,20260601,55.18,58.16,55.0,56.74,54.84,1.9,3.4646,40775.24,231562.453,56.78996690148238
688084.SH,20260601,53.06,54.2,52.8,52.97,53.27,-0.3,-0.5632,12528.79,66949.699,53.43668382980319
688085.SH,20260601,15.2,15.7,15.15,15.4,15.31,0.09,0.5879,32099.83,49602.305,15.452513299914672
688087.SH,20260601,36.51,38.75,36.13,37.79,36.64,1.15,3.1386,34249.35,130227.152,38.02324774046807
688088.SH,20260601,39.54,41.57,39.5,40.29,39.31,0.98,2.493,86262.79,351236.668,40.71705401598998
688089.SH,20260601,12.77,13.36,12.68,13.2,12.89,0.31,2.405,25427.08,33485.905,13.169386732570157
688090.SH,20260601,85.5,88.25,82.11,84.37,85.89,-1.52,-1.7697,51747.41,439996.611,85.0277552055262
688091.SH,20260601,46.47,47.78,44.3,44.6,46.72,-2.12,-4.5377,73534.45,336530.351,45.764991918753736
688092.SH,20260601,26.29,27.65,26.13,27.43,26.6,0.83,3.1203,12595.64,34148.433,27.111312327122718
688093.SH,20260601,31.63,32.11,30.33,30.42,31.45,-1.03,-3.275,37230.02,115431.153,31.004859250679967
688095.SH,20260601,72.27,79.0,70.73,75.63,70.49,5.14,7.2918,51448.85,392308.8,76.2522000005831
688096.SH,20260601,12.18,13.57,11.95,13.11,11.95,1.16,9.7071,220562.73,289308.199,13.11682164071872
688097.SH,20260601,60.27,62.5,57.57,59.0,60.28,-1.28,-2.1234,119348.56,713578.228,59.78942921473036
688098.SH,20260601,7.78,8.07,7.78,8.01,7.78,0.23,2.9563,21445.29,17118.979,7.982628819661565
688099.SH,20260601,105.9,108.1,101.03,101.1,105.9,-4.8,-4.5326,168635.86,1762596.726,104.52087272540966
688100.SH,20260601,36.2,37.7,35.83,36.79,36.23,0.56,1.5457,43048.65,158498.237,36.818398950954325
688101.SH,20260601,18.38,18.5,17.8,17.86,18.38,-0.52,-2.8292,56914.96,102691.662,18.04299994237016
688102.SH,20260601,35.68,35.93,34.6,34.61,34.99,-0.38,-1.086,126424.59,446058.398,35.28256631087354
688103.SH,20260601,63.55,64.98,61.14,62.05,63.64,-1.59,-2.4984,24540.72,154895.016,63.11755156327932
688105.SH,20260601,19.07,19.5,18.91,19.27,19.13,0.14,0.7318,20896.98,40030.423,19.15608044798818
688106.SH,20260601,25.14,26.07,25.09,25.33,25.16,0.17,0.6757,200359.84,513826.134,25.64516591748127
688107.SH,20260601,40.86,49.2,40.55,46.17,41.0,5.17,12.6098,308434.18,1439192.715,46.66125897590209
688108.SH,20260601,22.75,22.87,21.56,21.59,22.3,-0.71,-3.1839,435746.06,964839.412,22.14224064355281
688109.SH,20260601,78.48,83.24,76.77,81.63,76.75,4.88,6.3583,12655.16,102861.143,81.2800019912826
688110.SH,20260601,138.07,139.55,125.02,125.53,142.16,-16.63,-11.6981,288713.74,3762355.94,130.31440554232023
688111.SH,20260601,239.41,259.66,239.41,256.1,238.5,17.6,7.3795,173724.21,4374798.963,251.82436938409452
688112.SH,20260601,68.37,70.5,64.65,64.65,69.0,-4.35,-6.3043,50040.07,335734.329,67.09309739175025
688113.SH,20260601,40.38,40.38,39.21,39.6,39.18,0.42,1.072,14793.27,58850.722,39.78209145104497
688114.SH,20260601,49.13,49.76,47.0,48.83,50.5,-1.67,-3.3069,64385.88,312752.008,48.57462661067923
688115.SH,20260601,53.64,55.24,52.63,53.42,55.0,-1.58,-2.8727,17213.29,93002.185,54.0292907398876
688116.SH,20260601,44.1,45.47,43.35,43.75,43.57,0.18,0.4131,132009.11,584426.53,44.27168170439147
688117.SH,20260601,34.01,35.2,33.66,34.33,33.73,0.6,1.7788,17349.08,59711.524,34.41768900714043
688118.SH,20260601,22.75,25.17,22.75,24.31,22.91,1.4,6.1109,38136.97,92779.019,24.327842248610732
688119.SH,20260601,4.48,4.6,4.45,4.52,4.47,0.05,1.1186,86144.8,39130.251,4.542381083942385
688120.SH,20260601,261.0,261.0,242.8,244.7,261.29,-16.59,-6.3493,115375.12,2882488.418,249.83622274889075
688122.SH,20260601,67.2,69.58,66.89,67.32,67.56,-0.24,-0.3552,160526.65,1091801.259,68.0137073190028
688123.SH,20260601,138.0,140.18,127.02,127.67,132.97,-5.3,-3.9859,95093.73,1268128.564,133.35564437318845
688125.SH,20260601,184.49,189.53,180.0,186.37,180.0,6.37,3.5389,4392.99,81419.252,185.339033323545
688126.SH,20260601,27.0,27.48,25.38,25.88,27.7,-1.82,-6.5704,1505229.09,3962453.653,26.324588591361863
688127.SH,20260601,84.46,84.8,80.23,80.46,83.44,-2.98,-3.5714,115731.3,949320.017,82.02794032383633
688128.SH,20260601,24.9,25.45,24.83,25.42,25.0,0.42,1.68,30842.84,77723.111,25.199725771037947
688129.SH,20260601,28.62,29.96,28.18,28.85,28.69,0.16,0.5577,8803.74,25627.435,29.109713598993157
688130.SH,20260601,27.0,27.0,25.81,25.98,26.57,-0.59,-2.2205,26809.06,70356.398,26.2435154384376
688131.SH,20260601,74.62,79.99,74.03,78.5,74.23,4.27,5.7524,90266.53,707484.023,78.37722608811927
688132.SH,20260601,14.43,15.72,14.43,15.49,15.37,0.12,0.7807,23399.8,35837.425,15.315269788630674
688133.SH,20260601,22.09,22.83,21.55,22.39,22.0,0.39,1.7727,50557.18,112902.498,22.33164468429608
688135.SH,20260601,36.39,37.95,35.83,35.97,36.3,-0.33,-0.9091,149657.6,552800.323,36.93767125759066
688136.SH,20260601,21.42,21.87,20.94,21.11,21.03,0.08,0.3804,34850.56,74180.527,21.285318514250562
688137.SH,20260601,43.1,43.95,41.72,42.0,42.61,-0.61,-1.4316,6568.98,28039.042,42.68401182527577
688138.SH,20260601,31.16,31.67,30.38,30.49,31.14,-0.65,-2.0873,74439.78,230580.24,30.97540589184976
688139.SH,20260601,31.52,32.0,31.18,31.61,31.46,0.15,0.4768,36803.76,116253.335,31.587352759609345
688141.SH,20260601,94.96,97.0,88.46,88.92,95.66,-6.74,-7.0458,197829.46,1824925.034,92.24738489403954
688143.SH,20260601,170.01,174.0,137.78,153.33,169.0,-15.67,-9.2722,128668.36,2003757.291,155.73038243434516
688146.SH,20260601,185.1,198.66,166.31,169.99,174.66,-4.67,-2.6738,206601.89,3854712.284,186.57681611721944
688147.SH,20260601,81.01,86.0,77.8,78.0,80.4,-2.4,-2.9851,136880.23,1109152.574,81.03088181543822
688148.SH,20260601,8.58,8.94,8.54,8.66,8.6,0.06,0.6977,136053.33,119060.672,8.751029614637144
688150.SH,20260601,54.51,55.33,49.79,49.99,54.2,-4.21,-7.7675,168276.04,876268.815,52.073296649956816
688151.SH,20260601,17.3,17.7,17.3,17.56,17.31,0.25,1.4443,10114.24,17758.692,17.558108172240324
688152.SH,20260601,31.53,34.18,31.37,33.39,31.36,2.03,6.4732,23372.51,77575.135,33.190759143968705
688153.SH,20260601,29.54,29.68,28.68,28.77,29.48,-0.71,-2.4084,60351.76,175733.782,29.118253055089028
688155.SH,20260601,84.9,85.71,83.51,83.57,83.88,-0.31,-0.3696,30289.29,256074.651,84.54296914850102
688156.SH,20260601,25.02,25.4,24.67,25.19,25.33,-0.14,-0.5527,28496.85,71365.579,25.04332198120143
688157.SH,20260601,28.96,30.9,27.51,29.44,27.88,1.56,5.5954,45088.25,134011.528,29.722051310485543
688158.SH,20260601,39.0,40.29,38.44,38.74,38.68,0.06,0.1551,239054.2,943957.287,39.487165964873235
688159.SH,20260601,46.89,49.3,46.53,47.4,46.89,0.51,1.0877,52464.36,252065.671,48.04512453787676
688160.SH,20260601,111.49,111.9,104.36,105.5,110.93,-5.43,-4.895,27982.81,301855.832,107.87187991484771
688161.SH,20260601,26.2,26.5,26.2,26.38,26.38,0.0,0.0,6141.17,16203.011,26.38424111366401
688162.SH,20260601,29.98,30.6,29.57,29.95,30.4,-0.45,-1.4803,28901.37,86878.796,30.0604421174498
688163.SH,20260601,35.66,36.35,34.5,35.47,35.13,0.34,0.9678,11402.9,40783.621,35.76600776995326
688165.SH,20260601,18.51,19.22,18.45,18.5,18.65,-0.15,-0.8043,94714.76,177826.689,18.77497118717294
688166.SH,20260601,51.66,54.2,51.11,51.3,51.79,-0.49,-0.9461,108052.63,570607.975,52.808337474062405
688167.SH,20260601,444.0,460.0,417.0,421.48,448.0,-26.52,-5.9196,48305.64,2103321.986,435.4195464546169
688168.SH,20260601,59.45,60.99,57.07,59.07,59.45,-0.38,-0.6392,22103.13,130094.115,58.857779418571035
688169.SH,20260601,103.69,109.72,103.69,107.98,102.54,5.44,5.3052,95328.09,1024188.557,107.43827522401844
688170.SH,20260601,74.8,77.68,70.05,70.06,76.56,-6.5,-8.4901,95743.19,700848.494,73.20087141445777
688171.SH,20260601,55.9,59.7,55.9,56.7,55.85,0.85,1.5219,25822.03,149417.665,57.8644146103153
688172.SH,20260601,71.95,72.63,63.12,63.68,72.27,-8.59,-11.886,362529.37,2401852.957,66.25264477192565
688173.SH,20260601,16.94,17.03,16.21,16.26,16.92,-0.66,-3.9007,129681.04,215360.539,16.60694107635164
688175.SH,20260601,35.6,36.78,35.2,35.7,35.76,-0.06,-0.1678,20534.16,73875.81,35.977030470201846
688176.SH,20260601,11.49,11.68,10.96,10.96,11.38,-0.42,-3.6907,110526.86,123949.693,11.21444081556284
688177.SH,20260601,18.99,19.8,18.94,19.14,19.18,-0.04,-0.2086,30219.89,58184.795,19.253807674349574
688178.SH,20260601,34.3,38.35,33.5,37.3,35.4,1.9,5.3672,44721.76,164926.839,36.87843211000641
688179.SH,20260601,20.4,20.62,19.92,20.29,20.55,-0.26,-1.2652,109429.44,221736.49,20.262964884038517
688180.SH,20260601,35.08,37.46,32.72,33.03,34.24,-1.21,-3.5339,308882.61,1077818.561,34.8941159555729
688181.SH,20260601,41.44,43.44,40.42,40.5,42.0,-1.5,-3.5714,122303.02,511498.26,41.82221011386309
688182.SH,20260601,35.31,35.49,33.74,33.89,35.0,-1.11,-3.1714,94484.06,324788.711,34.374974043240734
688183.SH,20260601,140.0,140.1,122.77,123.0,138.05,-15.05,-10.9018,356559.78,4586820.858,128.64100538765197
688184.SH,20260601,12.89,13.17,12.78,12.98,12.77,0.21,1.6445,7248.36,9427.291,13.006102069985486
688185.SH,20260601,58.0,58.9,56.83,57.01,58.55,-1.54,-2.6302,15921.07,91757.09,57.632489524887454
688186.SH,20260601,20.3,21.08,19.7,20.8,20.23,0.57,2.8176,85136.99,175669.197,20.63371009475435
688187.SH,20260601,59.55,59.6,56.21,57.7,61.0,-3.3,-5.4098,191526.42,1112548.133,58.08849416179762
688188.SH,20260601,161.96,163.02,154.26,154.46,162.84,-8.38,-5.1462,36323.71,570327.954,157.01258324108414
688189.SH,20260601,8.18,8.52,8.15,8.31,8.23,0.08,0.9721,82444.1,69007.193,8.370179673257393
688190.SH,20260601,116.2,119.2,113.1,114.01,116.88,-2.87,-2.4555,32708.72,378754.153,115.79607914953564
688191.SH,20260601,52.93,53.35,49.99,50.3,53.5,-3.2,-5.9813,56446.77,289899.628,51.35805432268313
688192.SH,20260601,57.22,57.22,47.68,48.61,55.53,-6.92,-12.4617,125324.68,639288.499,51.01058299131503
688193.SH,20260601,50.82,51.49,48.81,50.79,49.2,1.59,3.2317,6699.18,33896.326,50.59772390053708
688195.SH,20260601,233.9,233.9,214.0,220.71,233.9,-13.19,-5.6392,78710.86,1750427.231,222.38700364854353
688196.SH,20260601,41.89,44.25,41.74,43.57,41.93,1.64,3.9113,20654.8,89577.701,43.36895104285687
688197.SH,20260601,36.45,37.94,35.7,36.09,36.58,-0.49,-1.3395,17343.26,63404.935,36.558833229738816
688198.SH,20260601,82.83,84.52,82.31,84.39,82.54,1.85,2.2413,3726.81,31219.062,83.7688586217167
688199.SH,20260601,26.53,26.9,25.6,25.79,26.53,-0.74,-2.7893,51967.09,136255.52,26.21957858329185
688200.SH,20260601,405.2,406.06,373.52,377.3,398.04,-20.74,-5.2105,37692.94,1452113.089,385.24803026773714
688201.SH,20260601,8.18,8.44,8.05,8.38,8.13,0.25,3.075,40381.24,33634.96,8.329352937155967
688202.SH,20260601,59.65,60.73,57.38,57.7,59.64,-1.94,-3.2529,35842.97,209920.237,58.56664138044364
688203.SH,20260601,11.93,12.49,11.93,12.37,12.17,0.2,1.6434,39453.66,48464.685,12.283951602969152
688205.SH,20260601,237.92,239.3,220.01,220.01,237.41,-17.4,-7.3291,83596.11,1912591.876,228.78957836674456
688206.SH,20260601,38.3,38.98,36.18,36.2,38.37,-2.17,-5.6555,109631.75,410446.852,37.438684687601906
688207.SH,20260601,15.44,16.09,15.31,15.8,15.49,0.31,2.0013,120180.45,189800.256,15.792939367426232
688208.SH,20260601,30.57,31.42,30.1,30.22,30.31,-0.09,-0.2969,235898.38,722869.51,30.643258762523082
688209.SH,20260601,24.1,24.14,22.76,23.14,23.72,-0.58,-2.4452,127120.59,295475.542,23.243720155798524
688210.SH,20260601,47.27,48.3,45.33,46.62,47.28,-0.66,-1.3959,48755.05,227063.004,46.57220205906874
688211.SH,20260601,34.45,34.45,33.61,34.18,33.97,0.21,0.6182,13828.22,47096.807,34.05847390336573
688212.SH,20260601,30.47,31.4,30.07,30.71,30.29,0.42,1.3866,13947.19,43072.375,30.882475251287175
688213.SH,20260601,100.0,101.96,97.53,98.1,98.88,-0.78,-0.7888,131887.44,1308074.777,99.18114848540543
688215.SH,20260601,68.8,70.69,67.49,68.85,68.8,0.05,0.0727,7821.98,54081.133,69.1399530553645
688216.SH,20260601,35.0,35.0,33.01,33.16,34.76,-1.6,-4.603,58673.26,198015.387,33.74882987582418
688217.SH,20260601,25.03,26.37,24.72,26.0,25.16,0.84,3.3386,11565.04,29915.799,25.867441011877172
688218.SH,20260601,45.54,45.68,43.78,44.0,45.15,-1.15,-2.5471,55017.34,243433.524,44.24669095234339
688219.SH,20260601,11.03,11.5,11.03,11.37,11.1,0.27,2.4324,85122.63,96705.146,11.360685871665384
688220.SH,20260601,107.38,107.78,99.88,100.42,106.38,-5.96,-5.6026,140982.75,1453783.997,103.11786349748462
688221.SH,20260601,20.37,20.6,19.47,19.52,20.0,-0.48,-2.4,117554.48,233578.491,19.869807684062742
688222.SH,20260601,29.58,29.66,27.41,27.41,29.63,-2.22,-7.4924,187915.4,531112.702,28.26339416567243
688223.SH,20260601,5.83,5.98,5.79,5.79,5.86,-0.07,-1.1945,1166272.22,683454.639,5.860163924679609
688225.SH,20260601,14.45,15.58,14.41,15.07,14.41,0.66,4.5802,72147.49,109512.002,15.178906709020644
688226.SH,20260601,48.17,48.88,46.21,46.74,47.98,-1.24,-2.5844,62317.78,295652.842,47.442775079600075
688227.SH,20260601,77.11,84.65,75.7,80.61,76.5,4.11,5.3725,74179.74,604474.171,81.48777159369929
688228.SH,20260601,89.0,92.6,88.21,90.0,88.44,1.56,1.7639,21583.91,195900.655,90.76235723740508
688229.SH,20260601,73.52,91.99,73.52,88.51,81.3,7.21,8.8684,43879.5,377334.313,85.99330279515492
688230.SH,20260601,66.99,68.45,65.8,66.61,68.04,-1.43,-2.1017,14754.04,98934.935,67.05616563327739
688231.SH,20260601,48.3,49.16,46.21,46.54,47.45,-0.91,-1.9178,49034.22,233679.773,47.65646787080533
688232.SH,20260601,20.29,21.21,19.86,20.71,19.71,1.0,5.0736,37216.39,76739.321,20.619764840168536
688233.SH,20260601,84.66,85.72,80.61,80.85,85.47,-4.62,-5.4054,56127.89,464136.897,82.6927392068364
688234.SH,20260601,146.78,148.16,135.69,135.98,147.1,-11.12,-7.5595,203651.83,2869009.416,140.87815542831117
688235.SH,20260601,241.3,248.88,233.3,234.62,243.9,-9.28,-3.8048,51620.35,1241620.989,240.52936274163193
688236.SH,20260601,16.02,16.31,15.82,16.11,16.28,-0.17,-1.0442,23162.63,37336.673,16.119358207595596
688237.SH,20260601,48.5,48.55,46.88,48.3,48.11,0.19,0.3949,10617.02,50422.427,47.49207122149153
688238.SH,20260601,5.85,6.45,5.82,6.08,5.81,0.27,4.6472,163517.06,100143.941,6.124372649557178
688239.SH,20260601,60.67,61.5,58.51,58.7,60.37,-1.67,-2.7663,46867.62,280349.237,59.81725485527108
688244.SH,20260601,16.75,17.58,16.35,17.26,16.65,0.61,3.6637,23380.93,40395.234,17.27700052991904
688246.SH,20260601,23.21,23.66,22.16,22.2,23.0,-0.8,-3.4783,63290.17,144929.164,22.899158589714645
688247.SH,20260601,8.48,8.73,8.43,8.72,8.52,0.2,2.3474,23006.37,19790.322,8.602105416891062
688248.SH,20260601,61.5,62.36,57.61,58.5,60.62,-2.12,-3.4972,78602.38,464306.097,59.07023387841437
688249.SH,20260601,44.74,45.08,42.05,42.43,45.56,-3.13,-6.8701,579514.28,2505964.529,43.24249833843611
688251.SH,20260601,25.51,26.39,25.17,25.69,25.4,0.29,1.1417,27117.66,69959.619,25.798545670976036
688252.SH,20260601,21.89,22.47,21.46,21.78,21.72,0.06,0.2762,88206.08,194034.248,21.9978314420049
688253.SH,20260601,54.63,59.93,53.32,57.51,54.56,2.95,5.4069,30306.95,172742.74,56.99773154342485
688255.SH,20260601,29.49,30.48,29.08,30.1,29.87,0.23,0.77,28080.26,84075.257,29.941053608477986
688256.SH,20260601,1326.0,1326.0,1238.0,1238.0,1310.0,-72.0,-5.4962,134896.09,17200897.814,1275.1220449755067
688257.SH,20260601,95.13,98.8,90.62,90.77,96.35,-5.58,-5.7914,140498.49,1318515.488,93.84552730780237
688258.SH,20260601,145.0,151.0,140.8,144.21,137.51,6.7,4.8724,112628.71,1648193.073,146.33862653669743
688259.SH,20260601,36.92,38.0,36.67,37.29,37.22,0.07,0.1881,23470.22,87631.879,37.33747659800377
688260.SH,20260601,87.71,95.13,82.8,82.82,89.49,-6.67,-7.4533,94490.77,845431.707,89.47241164401561
688261.SH,20260601,91.39,93.6,84.01,84.44,93.53,-9.09,-9.7188,91478.17,800729.752,87.53233170274393
688262.SH,20260601,37.77,38.85,36.36,36.4,37.21,-0.81,-2.1768,158952.19,595574.546,37.46878517370537
688265.SH,20260601,35.61,35.97,35.15,35.62,35.23,0.39,1.107,3808.69,13566.941,35.62101667502475
688266.SH,20260601,100.95,105.59,98.61,99.62,99.93,-0.31,-0.3102,62188.57,634568.218,102.03936479002492
688267.SH,20260601,33.3,33.9,32.9,33.79,33.22,0.57,1.7158,19770.97,66258.623,33.51308661132964
688268.SH,20260601,145.6,159.6,145.6,147.65,143.1,4.55,3.1796,90450.66,1378202.905,152.37068529958765
688269.SH,20260601,35.6,37.55,35.6,37.29,35.9,1.39,3.8719,23946.96,88824.92,37.09235744328299
688270.SH,20260601,118.0,118.63,105.11,105.9,118.68,-12.78,-10.7685,101961.15,1140825.517,111.8882551834694
688271.SH,20260601,119.0,119.09,116.1,117.35,120.3,-2.95,-2.4522,88811.98,1042088.994,117.33653432791387
688272.SH,20260601,33.75,35.5,32.79,34.5,32.91,1.59,4.8314,15638.74,53897.496,34.46409109685307
688273.SH,20260601,41.24,43.89,41.04,42.01,41.22,0.79,1.9165,15684.32,66795.805,42.58763210646046
688275.SH,20260601,133.0,140.31,132.46,135.98,133.8,2.18,1.6293,43896.91,598163.743,136.26556926216446
688276.SH,20260601,15.95,16.09,15.8,15.96,15.95,0.01,0.0627,16123.78,25717.026,15.949749996588888
688277.SH,20260601,17.3,17.83,17.27,17.33,17.33,0.0,0.0,74659.71,131041.824,17.551879588066974
688278.SH,20260601,56.37,57.04,55.1,56.0,56.55,-0.55,-0.9726,32223.15,179652.057,55.75248136820888
688279.SH,20260601,216.4,222.99,210.16,212.87,216.94,-4.07,-1.8761,25684.62,554118.921,215.73958306566342
688280.SH,20260601,5.77,5.94,5.61,5.88,5.78,0.1,1.7301,138313.07,80884.817,5.8479518240756265
688281.SH,20260601,74.98,78.25,74.95,76.15,75.5,0.65,0.8609,28846.3,220609.369,76.47752710052936
688282.SH,20260601,75.81,78.0,73.05,74.85,76.1,-1.25,-1.6426,14972.61,112336.507,75.02800580526709
688283.SH,20260601,37.79,38.84,36.89,37.1,37.83,-0.73,-1.9297,17352.94,65334.71,37.65051340003481
688285.SH,20260601,8.02,8.29,7.95,8.23,8.08,0.15,1.8564,54186.91,44218.039,8.160280591751771
688286.SH,20260601,65.49,66.78,63.9,64.25,65.48,-1.23,-1.8784,15323.73,99893.364,65.18867403693488
688287.SH,20260601,0.35,0.38,0.34,0.36,0.35,0.01,2.8571,94647.05,3405.164,0.3597749744973562
688288.SH,20260601,20.88,21.69,20.52,21.54,21.04,0.5,2.3764,19680.71,41999.547,21.340463326780387
688289.SH,20260601,16.5,16.72,16.33,16.55,16.39,0.16,0.9762,32334.36,53601.539,16.577269195988414
688290.SH,20260601,62.25,63.05,60.8,62.02,62.36,-0.34,-0.5452,16927.97,105080.343,62.074981820029215
688291.SH,20260601,46.99,48.81,46.09,46.39,47.38,-0.99,-2.0895,28197.99,133656.255,47.39921356096658
688292.SH,20260601,22.69,24.19,22.69,23.25,23.0,0.25,1.087,42143.08,99169.877,23.531710781461626
688293.SH,20260601,44.1,46.83,44.1,44.96,43.61,1.35,3.0956,22802.85,104200.605,45.69630769837981
688295.SH,20260601,48.23,48.84,47.26,47.35,48.22,-0.87,-1.8042,76652.66,367283.708,47.915324530159815
688296.SH,20260601,14.3,15.45,14.14,15.06,14.36,0.7,4.8747,29551.6,44507.598,15.06097740900662
688297.SH,20260601,43.52,45.15,43.5,45.0,44.4,0.6,1.3514,90039.07,400210.405,44.44852717825717
688298.SH,20260601,21.3,21.77,21.21,21.74,21.4,0.34,1.5888,11067.85,23898.152,21.592406836016025
688299.SH,20260601,16.58,17.29,16.52,16.95,16.58,0.37,2.2316,95738.94,162042.212,16.92542365729138
688300.SH,20260601,178.0,192.0,167.8,174.5,167.69,6.81,4.0611,173360.66,3116932.595,179.79468900268375
688301.SH,20260601,202.16,206.86,184.67,185.89,202.0,-16.11,-7.9752,152286.63,2901954.183,190.55869730651995
688302.SH,20260601,39.88,41.23,39.16,41.0,39.74,1.26,3.1706,11860.8,47962.267,40.43763236881155
688303.SH,20260601,19.45,19.93,19.25,19.55,19.47,0.08,0.4109,200419.99,391285.765,19.523290316499867
688305.SH,20260601,61.0,62.5,60.53,60.59,62.03,-1.44,-2.3215,29287.84,178879.998,61.07654166370753
688306.SH,20260601,9.25,9.45,9.12,9.18,9.29,-0.11,-1.1841,137927.93,127797.135,9.26550083075995
688307.SH,20260601,71.73,72.33,67.18,67.3,71.99,-4.69,-6.5148,59160.14,408647.931,69.07487558345872
688308.SH,20260601,143.54,146.0,133.23,135.11,147.15,-12.04,-8.1821,135275.56,1870584.903,138.2795904152975
688309.SH,20260601,69.62,71.0,67.11,67.48,69.2,-1.72,-2.4855,20791.51,142440.628,68.50903469733561
688310.SH,20260601,17.0,17.77,16.82,17.18,17.0,0.18,1.0588,33776.83,58736.282,17.389518791431875
688311.SH,20260601,28.06,29.17,27.81,28.38,27.94,0.44,1.5748,45261.97,129167.699,28.537798730369005
688312.SH,20260601,88.99,88.99,79.2,80.07,87.0,-6.93,-7.9655,93376.0,762476.022,81.65653080020562
688313.SH,20260601,160.01,160.8,146.06,146.3,162.69,-16.39,-10.0744,310982.55,4687568.808,150.73414273566155
688314.SH,20260601,42.32,42.37,40.51,42.25,40.8,1.45,3.5539,16748.98,69518.919,41.50635979026782
688315.SH,20260601,14.12,14.63,13.94,14.48,14.14,0.34,2.4045,40931.61,58682.471,14.336712140079513
688316.SH,20260601,61.32,64.65,61.24,62.77,61.86,0.91,1.4711,22249.43,140971.987,63.35981955492792
688317.SH,20260601,21.89,21.89,20.09,20.22,22.2,-1.98,-8.9189,92966.73,191526.924,20.601662982015178
688318.SH,20260601,110.8,118.3,110.21,114.49,112.0,2.49,2.2232,56171.39,651160.877,115.92393868123969
688319.SH,20260601,35.52,35.52,32.88,32.94,35.15,-2.21,-6.2873,103972.15,354026.833,34.050159874543326
688320.SH,20260601,36.2,38.9,33.88,36.83,36.2,0.63,1.7403,61079.91,227138.701,37.18713747286137
688321.SH,20260601,27.29,27.87,26.9,27.19,27.15,0.04,0.1473,93335.65,255340.083,27.35718699125147
688322.SH,20260601,110.0,110.94,102.89,103.04,111.47,-8.43,-7.5626,252231.75,2671834.552,105.92776492253651
688323.SH,20260601,30.02,31.23,29.43,29.68,30.66,-0.98,-3.1963,130424.74,393329.254,30.15756473810107
688325.SH,20260601,109.51,116.88,107.2,109.87,110.19,-0.32,-0.2904,15995.23,179649.85,112.31464005206553
688326.SH,20260601,82.1,84.88,81.45,83.22,81.3,1.92,2.3616,27404.53,228772.5,83.47981154940443
688327.SH,20260601,13.96,14.59,13.71,14.35,13.91,0.44,3.1632,396921.31,565349.06,14.243353676324409
688328.SH,20260601,78.51,80.8,73.51,73.9,78.51,-4.61,-5.8719,77594.43,593307.23,76.46260562774931
688329.SH,20260601,24.31,24.58,23.15,24.09,23.67,0.42,1.7744,18634.3,44833.79,24.059819794679704
688330.SH,20260601,37.8,39.37,37.8,38.7,37.78,0.92,2.4352,15558.8,60478.704,38.87105946474021
688331.SH,20260601,117.53,126.0,113.39,115.25,116.03,-0.78,-0.6722,195098.11,2326956.379,119.27108771069081
688332.SH,20260601,94.41,95.52,91.75,92.4,94.47,-2.07,-2.1912,41536.88,388831.214,93.61107863662366
688333.SH,20260601,95.2,103.0,89.85,98.31,95.01,3.3,3.4733,175871.04,1723257.651,97.98416220203167
688334.SH,20260601,19.19,19.77,19.19,19.57,19.31,0.26,1.3465,18225.53,35707.749,19.59215945983464
688335.SH,20260601,28.69,31.31,28.3,29.23,28.68,0.55,1.9177,53833.2,160430.763,29.801453935489626
688336.SH,20260601,66.05,70.5,62.1,65.22,64.44,0.78,1.2104,121733.03,809802.574,66.52283065656052
688337.SH,20260601,59.94,60.69,56.0,56.8,60.14,-3.34,-5.5537,80913.32,471291.984,58.246526529871716
688338.SH,20260601,25.85,26.42,25.73,26.14,25.99,0.15,0.5771,6647.34,17357.829,26.112443473630055
688339.SH,20260601,21.82,22.78,21.8,22.28,21.87,0.41,1.8747,38312.69,86141.148,22.483711793664188
688343.SH,20260601,68.7,69.28,65.9,65.96,68.55,-2.59,-3.7783,108757.46,734759.642,67.5594705871211
688345.SH,20260601,55.0,55.57,49.69,49.78,52.4,-2.62,-5.0,35612.26,185374.385,52.05353016068062
688347.SH,20260601,241.41,245.88,217.97,222.9,236.68,-13.78,-5.8222,414450.57,9455904.418,228.15517947049753
688348.SH,20260601,41.31,42.46,41.25,41.56,41.15,0.41,0.9964,21515.95,90158.474,41.90308770935051
688349.SH,20260601,20.75,20.8,20.18,20.27,20.94,-0.67,-3.1996,92611.97,188718.96,20.377383182757043
688350.SH,20260601,35.04,36.47,34.61,35.54,36.04,-0.5,-1.3873,37698.29,134344.233,35.636691478579
688351.SH,20260601,24.74,25.65,24.39,25.17,24.68,0.49,1.9854,78258.74,196759.513,25.142177474362608
688352.SH,20260601,19.69,22.0,19.4,21.62,19.48,2.14,10.9856,679657.59,1426768.174,20.992455539266473
688353.SH,20260601,86.79,88.28,85.8,86.2,85.04,1.16,1.3641,34308.41,298117.9,86.89353426754548
688355.SH,20260601,19.22,19.89,19.22,19.57,19.45,0.12,0.617,19910.9,39105.413,19.640203607069495
688356.SH,20260601,76.98,77.99,74.91,75.31,75.6,-0.29,-0.3836,9325.23,70971.839,76.10733354566054
688357.SH,20260601,29.6,29.93,29.22,29.39,29.7,-0.31,-1.0438,13282.69,39243.319,29.544707435015045
688358.SH,20260601,32.92,33.97,32.22,33.3,32.91,0.39,1.1851,23561.05,78664.948,33.38770895185062
688359.SH,20260601,135.79,139.48,131.5,133.99,133.93,0.06,0.0448,39569.12,535907.23,135.43572108755512
688360.SH,20260601,21.96,22.5,21.6,21.66,22.24,-0.58,-2.6079,77244.37,169681.487,21.96684198472976
688361.SH,20260601,217.0,217.43,201.11,202.6,217.89,-15.29,-7.0173,134533.02,2769115.251,205.83164274465855
688362.SH,20260601,64.95,65.8,59.48,59.66,64.05,-4.39,-6.854,333625.03,2064420.389,61.87846244629786
688363.SH,20260601,36.47,37.16,36.06,37.1,36.78,0.32,0.87,43308.32,158840.226,36.67660763566908
688365.SH,20260601,18.13,21.72,18.11,21.35,18.1,3.25,17.9558,410678.2,848700.811,20.665835464361145
688366.SH,20260601,34.32,34.85,33.77,34.8,34.46,0.34,0.9867,5565.38,19134.861,34.38194876180962
688367.SH,20260601,34.21,36.3,34.21,35.17,34.21,0.96,2.8062,19574.89,69477.217,35.49303061217713
688368.SH,20260601,221.0,225.81,203.5,204.09,218.0,-13.91,-6.3807,47976.82,1024425.591,213.52511296080067
688369.SH,20260601,21.33,22.88,21.22,22.37,21.24,1.13,5.3202,58486.17,130570.784,22.32507001227812
688370.SH,20260601,22.48,23.13,22.39,23.03,22.66,0.37,1.6328,7375.65,16846.269,22.840385593134165
688371.SH,20260601,35.5,36.63,34.19,34.41,35.99,-1.58,-4.3901,96021.31,337936.082,35.19386290397413
688372.SH,20260601,153.26,155.98,147.0,148.98,152.8,-3.82,-2.5,76143.24,1155213.819,151.71587379260455
688373.SH,20260601,4.72,4.84,4.66,4.78,4.68,0.1,2.1368,107220.41,51089.298,4.764885528790647
688375.SH,20260601,90.9,93.0,89.52,89.89,91.0,-1.11,-1.2198,59632.15,544462.089,91.30344772073454
688376.SH,20260601,69.72,70.38,67.33,67.94,69.72,-1.78,-2.5531,18830.7,129134.527,68.57659407244553
688377.SH,20260601,27.16,29.6,27.01,29.08,27.31,1.77,6.4811,35745.02,101833.425,28.488842641576365
688378.SH,20260601,41.75,43.38,40.77,40.88,41.75,-0.87,-2.0838,140125.01,587537.876,41.929551048738546
688379.SH,20260601,69.62,70.48,66.01,66.68,69.62,-2.94,-4.2229,30637.93,207430.646,67.70387098606206
688380.SH,20260601,45.92,45.92,42.9,43.01,46.0,-2.99,-6.5,90707.79,400316.089,44.13249281015445
688381.SH,20260601,44.0,44.44,40.5,40.58,44.92,-4.34,-9.6616,201166.89,846509.041,42.07993875135217
688382.SH,20260601,19.9,21.12,18.62,18.69,19.5,-0.81,-4.1538,188892.67,371688.338,19.677224002392467
688383.SH,20260601,136.8,140.0,130.08,134.09,136.28,-2.19,-1.607,21871.86,297458.129,136.00038085466898
688385.SH,20260601,60.83,63.98,58.78,59.47,60.41,-0.94,-1.556,253051.32,1536173.606,60.706010385561314
688386.SH,20260601,78.43,82.3,78.3,80.0,78.43,1.57,2.0018,18341.7,147700.634,80.52723248117675
688387.SH,20260601,15.98,16.09,15.23,15.27,16.14,-0.87,-5.3903,734340.14,1146730.565,15.615795767340186
688388.SH,20260601,48.99,49.43,45.78,45.8,48.75,-2.95,-6.0513,397690.83,1875139.963,47.15069650964796
688389.SH,20260601,11.76,11.93,11.68,11.88,11.76,0.12,1.0204,14104.75,16659.74,11.811439408709834
688390.SH,20260601,143.21,152.96,143.2,144.47,140.4,4.07,2.8989,95368.12,1419319.612,148.82537392998836
688391.SH,20260601,31.26,31.39,30.22,30.9,31.22,-0.32,-1.025,27526.48,84882.483,30.83666454991702
688392.SH,20260601,154.51,160.51,147.08,149.04,155.73,-6.69,-4.2959,39722.87,604367.22,152.1459099002665
688393.SH,20260601,21.06,22.35,20.99,21.98,21.48,0.5,2.3277,17138.0,37540.54,21.90485470883417
688395.SH,20260601,26.45,27.65,26.22,27.3,26.2,1.1,4.1985,25677.25,69741.654,27.16087353591214
688396.SH,20260601,64.8,68.77,61.67,65.6,64.09,1.51,2.3561,559850.32,3641610.156,65.0461386893554
688398.SH,20260601,30.69,30.74,28.63,29.38,30.73,-1.35,-4.3931,55849.88,164719.817,29.493316189757262
688399.SH,20260601,52.46,54.83,52.2,53.35,53.09,0.26,0.4897,9836.0,52804.42,53.68485156567711
688400.SH,20260601,61.23,62.0,55.51,55.63,61.43,-5.8,-9.4416,243896.43,1407710.403,57.71754851024265
688401.SH,20260601,79.63,80.14,72.15,72.88,79.06,-6.18,-7.8168,95769.86,723122.048,75.50622377436909
688403.SH,20260601,20.88,21.5,19.7,19.74,21.1,-1.36,-6.4455,634573.27,1290927.72,20.34324137226896
688408.SH,20260601,35.14,35.88,34.62,34.74,35.19,-0.45,-1.2788,36549.04,128768.21,35.231625782783894
688409.SH,20260601,150.99,153.72,142.02,142.1,150.51,-8.41,-5.5877,79929.78,1168018.313,146.13055521984424
688410.SH,20260601,16.79,17.16,16.3,16.44,16.9,-0.46,-2.7219,85829.89,142427.52,16.594163175555742
688411.SH,20260601,280.41,309.17,276.5,293.04,276.0,17.04,6.1739,120956.05,3589376.98,296.7505122728462
688416.SH,20260601,121.82,123.63,114.0,114.5,120.92,-6.42,-5.3093,41389.63,490460.924,118.49850409389985
688418.SH,20260601,48.15,48.66,45.87,45.9,47.5,-1.6,-3.3684,51484.13,242138.732,47.03172259101979
688419.SH,20260601,53.0,53.0,48.14,48.32,52.56,-4.24,-8.067,36229.44,181865.746,50.19833207468843
688420.SH,20260601,24.52,25.98,24.31,25.59,24.52,1.07,4.3638,13262.93,33756.093,25.45145982071835
688425.SH,20260601,4.44,4.5,4.43,4.48,4.45,0.03,0.6742,182521.81,81647.978,4.473327214977761
688426.SH,20260601,18.38,19.28,18.27,18.99,18.58,0.41,2.2067,13944.21,26382.295,18.919892198984382
688428.SH,20260601,24.5,25.0,23.23,23.24,24.45,-1.21,-4.9489,137958.63,329525.21,23.885798952917987
688429.SH,20260601,11.91,12.35,11.89,12.2,12.01,0.19,1.582,24773.66,30262.234,12.215487739801063
688432.SH,20260601,19.09,19.09,17.87,17.94,19.09,-1.15,-6.0241,242590.13,443962.228,18.300918837876875
688433.SH,20260601,93.44,95.7,86.88,90.08,93.6,-3.52,-3.7607,81147.88,728014.773,89.71457701667623
688435.SH,20260601,37.46,43.43,37.37,42.6,37.45,5.15,13.7517,54816.63,226405.364,41.30231354973847
688439.SH,20260601,50.6,50.77,49.01,49.49,50.78,-1.29,-2.5404,42000.66,209269.827,49.82536631567218
688443.SH,20260601,26.26,26.88,24.55,24.79,26.8,-2.01,-7.5,97272.29,248711.945,25.56863264964771
688448.SH,20260601,71.79,72.49,68.21,69.63,71.7,-2.07,-2.887,22251.11,155622.913,69.939393135893
688449.SH,20260601,75.49,76.5,70.21,70.83,75.85,-5.02,-6.6183,150915.8,1095642.788,72.59960772828292
688450.SH,20260601,45.65,47.67,45.4,46.65,47.25,-0.6,-1.2698,13572.58,63201.431,46.56552475653118
688455.SH,20260601,20.5,21.37,20.22,20.88,20.5,0.38,1.8537,24763.29,51832.781,20.93129830486983
688456.SH,20260601,76.98,80.5,75.3,76.02,77.1,-1.08,-1.4008,77105.74,594737.912,77.13276754752629
688458.SH,20260601,39.45,40.06,37.93,38.08,39.43,-1.35,-3.4238,34425.42,133849.605,38.881037616970254
688459.SH,20260601,8.36,8.62,8.34,8.59,8.41,0.18,2.1403,15763.06,13464.34,8.54170446601104
688466.SH,20260601,16.03,16.89,16.0,16.76,16.21,0.55,3.393,21204.39,35077.445,16.542539068560803
688468.SH,20260601,6.65,6.76,6.52,6.75,6.62,0.13,1.9637,29876.38,19973.167,6.685270103004447
688469.SH,20260601,8.1,8.1,7.61,7.67,8.06,-0.39,-4.8387,2513650.26,1966581.152,7.82360690066724
688472.SH,20260601,13.24,13.71,12.98,12.99,13.25,-0.26,-1.9623,547384.31,727594.215,13.292200775721902
688475.SH,20260601,28.1,28.62,27.52,27.97,28.23,-0.26,-0.921,49056.55,137378.87,28.004184966125827
688478.SH,20260601,67.13,68.65,62.18,62.56,66.12,-3.56,-5.3842,75577.63,484556.087,64.11369171009993
688479.SH,20260601,41.42,41.71,39.83,40.85,41.83,-0.98,-2.3428,20863.89,85327.956,40.89743379590288
688480.SH,20260601,99.05,100.0,91.67,91.73,98.31,-6.58,-6.6931,22853.54,216881.036,94.90041192743006
688484.SH,20260601,42.65,43.58,40.8,41.03,42.0,-0.97,-2.3095,109538.27,461240.658,42.10771796925403
688485.SH,20260601,52.92,53.55,50.0,50.65,53.31,-2.66,-4.9897,58910.08,303306.015,51.48626771513466
688486.SH,20260601,74.88,75.0,69.33,69.5,73.86,-4.36,-5.9031,43464.71,311281.796,71.61713399215132
688488.SH,20260601,15.57,15.69,14.92,14.98,15.52,-0.54,-3.4794,68694.19,104731.225,15.2460091603089
688489.SH,20260601,25.38,26.65,25.03,25.59,25.39,0.2,0.7877,18040.63,46654.793,25.860955520954644
688496.SH,20260601,0.96,1.1,0.96,1.07,0.97,0.1,10.3093,202139.5,20817.785,1.029872192223687
688498.SH,20260601,1133.5,1149.97,1060.02,1073.44,1132.79,-59.35,-5.2393,56120.37,6204977.281,1105.6550911905963
688499.SH,20260601,56.74,60.13,55.7,55.85,57.3,-1.45,-2.5305,102918.76,597904.003,58.09475386217245
688500.SH,20260601,52.28,56.6,51.12,55.72,51.71,4.01,7.7548,40719.8,222264.688,54.58393410576672
688501.SH,20260601,20.82,21.74,20.51,21.45,20.72,0.73,3.5232,13699.54,29240.698,21.344291852135182
688502.SH,20260601,445.0,453.0,430.02,432.99,452.0,-19.01,-4.2058,16542.15,730489.824,441.5930359717448
688503.SH,20260601,91.06,93.48,87.77,87.88,91.8,-3.92,-4.2702,118497.01,1069426.421,90.24923253337786
688505.SH,20260601,7.22,7.28,7.11,7.23,7.16,0.07,0.9777,29844.46,21539.854,7.217370996158081
688506.SH,20260601,239.99,243.9,205.66,213.15,238.57,-25.42,-10.6552,57896.9,1260664.801,217.74305722758902
688507.SH,20260601,160.23,168.86,154.8,162.64,160.0,2.64,1.65,79585.17,1292957.751,162.46214602544669
688508.SH,20260601,95.45,101.39,92.1,94.76,97.03,-2.27,-2.3395,110667.97,1065504.279,96.27937324593557
688509.SH,20260601,4.57,4.87,4.45,4.83,4.57,0.26,5.6893,167128.39,79764.291,4.772635636590527
688510.SH,20260601,25.73,26.95,25.72,26.18,25.6,0.58,2.2656,79711.21,210835.463,26.449913757425083
688511.SH,20260601,24.7,24.88,23.72,23.92,24.38,-0.46,-1.8868,30335.12,73425.653,24.20483353947504
688512.SH,20260601,13.7,14.01,13.31,13.37,13.84,-0.47,-3.396,210471.77,287401.225,13.6550961204916
688513.SH,20260601,54.01,54.91,48.86,48.87,53.08,-4.21,-7.9314,19816.38,100948.646,50.94202170123907
688515.SH,20260601,190.02,194.0,183.0,184.04,191.53,-7.49,-3.9106,35599.91,669992.053,188.20049067539773
688516.SH,20260601,65.19,65.49,61.5,61.71,64.49,-2.78,-4.3107,114639.79,726527.289,63.374792382295894
688517.SH,20260601,22.4,23.3,21.99,22.2,22.67,-0.47,-2.0732,32077.36,72623.018,22.639961019235994
688518.SH,20260601,27.5,28.0,26.0,26.08,27.66,-1.58,-5.7122,200924.97,541184.695,26.934665960134268
688519.SH,20260601,236.61,236.61,210.0,216.55,239.0,-22.45,-9.3933,85774.59,1903794.792,221.95323719996796
688520.SH,20260601,39.37,41.3,38.77,39.22,38.25,0.97,2.5359,36796.66,147455.435,40.07304874953324
688521.SH,20260601,248.5,248.5,226.6,227.3,246.84,-19.54,-7.9161,201059.02,4719937.953,234.75385252549228
688522.SH,20260601,21.64,22.0,21.47,21.88,21.64,0.24,1.1091,43052.89,93776.472,21.78169038129612
688523.SH,20260601,57.55,59.85,56.43,57.28,56.43,0.85,1.5063,77844.45,453523.135,58.260175902071374
688525.SH,20260601,331.0,333.99,305.0,305.0,327.37,-22.37,-6.8332,338964.11,10779485.26,318.01258428215306
688526.SH,20260601,13.15,13.3,12.95,13.27,13.15,0.12,0.9125,19298.95,25346.319,13.133522290072774
688528.SH,20260601,11.69,11.83,11.18,11.76,11.36,0.4,3.5211,33281.8,38638.324,11.609445402592407
688529.SH,20260601,18.07,18.65,17.94,18.33,18.27,0.06,0.3284,25561.9,46931.694,18.360017839049522
688530.SH,20260601,49.65,50.68,47.12,47.16,49.61,-2.45,-4.9385,59897.42,290812.422,48.55174429883625
688531.SH,20260601,178.0,183.53,167.0,168.3,178.7,-10.4,-5.8198,78201.51,1364719.019,174.5131288385608
688533.SH,20260601,24.83,25.76,24.82,25.6,24.88,0.72,2.8939,11186.19,28460.029,25.442111210340602
688535.SH,20260601,120.19,124.0,113.88,114.15,120.19,-6.04,-5.0254,82647.74,969634.765,117.32138894542064
688536.SH,20260601,304.4,310.88,280.0,280.56,309.01,-28.45,-9.2068,81198.36,2372761.187,292.2178707796561
688538.SH,20260601,2.36,2.41,2.32,2.36,2.35,0.01,0.4255,1534172.44,363453.248,2.3690508219532354
688539.SH,20260601,33.1,33.71,31.94,31.97,33.16,-1.19,-3.5887,28660.48,93854.97,32.74717311084811
688543.SH,20260601,43.38,44.33,43.25,43.46,43.25,0.21,0.4855,44137.2,193523.853,43.845974144259266
688545.SH,20260601,75.91,76.9,72.8,74.27,75.2,-0.93,-1.2367,110804.38,825477.36,74.4986218053835
688548.SH,20260601,27.8,28.54,26.73,26.81,27.7,-0.89,-3.213,215593.38,593087.822,27.50955627672798
688549.SH,20260601,14.49,15.09,14.25,14.25,14.35,-0.1,-0.6969,551667.62,803913.313,14.572421578776002
688550.SH,20260601,45.26,46.7,44.48,46.01,46.5,-0.49,-1.0538,83449.59,380357.061,45.57926060511502
688551.SH,20260601,68.63,72.1,66.6,66.6,68.0,-1.4,-2.0588,60710.0,422551.235,69.60158705320376
688552.SH,20260601,31.33,31.85,31.01,31.19,31.3,-0.11,-0.3514,26346.8,82772.423,31.41649953694566
688553.SH,20260601,18.14,18.58,17.31,17.45,17.72,-0.27,-1.5237,77888.79,138529.926,17.785605091567092
688556.SH,20260601,11.9,12.04,11.27,11.38,11.93,-0.55,-4.6102,441266.47,515892.23,11.691172229786686
688557.SH,20260601,30.99,31.24,30.28,30.98,31.17,-0.19,-0.6096,13513.9,41643.74,30.815486277092475
688558.SH,20260601,34.45,34.45,33.3,33.66,34.4,-0.74,-2.1512,22677.57,76972.697,33.94221559011834
688559.SH,20260601,63.1,65.08,61.01,61.18,63.53,-2.35,-3.699,116711.69,737443.9,63.185093112780734
688560.SH,20260601,14.53,15.08,14.48,14.72,14.5,0.22,1.5172,40675.41,60271.26,14.817615851936095
688561.SH,20260601,26.92,28.58,26.34,27.69,26.79,0.9,3.3595,96510.05,268178.123,27.78758512714479
688562.SH,20260601,17.22,17.54,17.1,17.32,17.14,0.18,1.0502,37619.17,65121.446,17.31070781200117
688563.SH,20260601,52.01,52.25,51.4,51.58,51.96,-0.38,-0.7313,31401.94,162509.375,51.75138064718294
688565.SH,20260601,11.22,11.82,10.92,11.44,11.21,0.23,2.0517,55466.81,63627.077,11.471198181398929
688566.SH,20260601,25.13,25.59,24.9,25.32,25.13,0.19,0.7561,6210.68,15726.241,25.321286880019578
688567.SH,20260601,12.9,13.71,12.9,13.16,13.01,0.15,1.153,190502.4,254753.741,13.372731314671103
688568.SH,20260601,48.19,48.28,46.72,46.88,48.67,-1.79,-3.6778,125653.74,596075.008,47.4379041960868
688569.SH,20260601,19.11,19.38,19.02,19.25,19.19,0.06,0.3127,11068.65,21215.389,19.16709716180383
688570.SH,20260601,15.92,16.21,15.87,16.17,15.92,0.25,1.5704,11485.32,18484.228,16.09378580657744
688571.SH,20260601,8.51,9.14,8.46,8.9,8.59,0.31,3.6088,111558.15,98792.972,8.85573774753346
688573.SH,20260601,21.24,22.08,21.18,21.38,20.92,0.46,2.1989,25446.36,55137.588,21.668163147892272
688575.SH,20260601,10.24,10.59,10.18,10.51,10.3,0.21,2.0388,89533.67,93032.373,10.39076952837966
688576.SH,20260601,70.21,72.45,69.86,71.77,70.22,1.55,2.2073,2858.19,20424.876,71.46087558909659
688577.SH,20260601,71.17,74.2,70.5,71.5,70.99,0.51,0.7184,14825.55,106948.321,72.13784378994372
688578.SH,20260601,89.83,92.64,88.8,89.21,89.12,0.09,0.101,54467.03,491363.74,90.21305916625158
688579.SH,20260601,8.84,9.25,8.82,9.12,8.82,0.3,3.4014,34020.66,30999.83,9.112060142278251
688580.SH,20260601,51.39,53.0,51.37,51.85,51.5,0.35,0.6796,13709.3,71622.918,52.24403725937868
688581.SH,20260601,55.55,57.0,55.39,56.0,55.99,0.01,0.0179,6151.34,34502.814,56.08991536803363
688582.SH,20260601,48.7,49.14,46.8,46.8,48.7,-1.9,-3.9014,63003.5,301534.494,47.85995920861539
688583.SH,20260601,113.35,121.0,111.31,119.5,114.62,4.88,4.2575,21329.41,247541.695,116.05651304935299
688584.SH,20260601,26.29,26.78,24.8,25.45,25.9,-0.45,-1.7375,172599.15,442963.498,25.66429197362791
688585.SH,20260601,176.72,181.0,171.0,172.92,179.6,-6.68,-3.7194,54036.89,942226.775,174.36732110230622
688586.SH,20260601,13.13,13.41,12.86,12.89,13.15,-0.26,-1.9772,90751.6,118893.023,13.100928578669686
688588.SH,20260601,10.1,10.87,10.1,10.62,10.2,0.42,4.1176,59446.79,63236.143,10.637436100418542
688589.SH,20260601,21.13,21.95,21.13,21.52,21.58,-0.06,-0.278,48229.99,103905.613,21.543776600409828
688590.SH,20260601,14.07,15.21,14.0,14.66,14.08,0.58,4.1193,152357.04,226037.553,14.836042561603978
688591.SH,20260601,33.9,34.0,32.81,32.81,33.56,-0.75,-2.2348,48902.92,163078.17,33.34732772603354
688592.SH,20260601,38.17,38.66,37.4,37.64,38.17,-0.53,-1.3885,13719.4,52037.451,37.92983002172107
688593.SH,20260601,37.92,38.41,34.47,34.85,37.6,-2.75,-7.3138,264095.64,950589.4,35.9941345491353
688595.SH,20260601,33.5,37.0,32.83,34.98,31.96,3.02,9.4493,114518.14,402530.133,35.14990140426661
688596.SH,20260601,40.73,41.02,37.96,38.1,40.56,-2.46,-6.0651,134243.65,525950.178,39.17877515994239
688597.SH,20260601,7.79,8.18,7.79,7.95,7.87,0.08,1.0165,45901.18,36771.916,8.011104725412286
688598.SH,20260601,31.13,31.59,29.9,30.06,31.21,-1.15,-3.6847,96896.9,296881.327,30.638888034601727
688599.SH,20260601,15.48,15.75,15.17,15.17,15.42,-0.25,-1.6213,436829.81,673658.372,15.421529313670238
688600.SH,20260601,26.12,26.99,25.43,25.91,26.66,-0.75,-2.8132,44227.9,115200.352,26.046986630610995
688601.SH,20260601,53.0,55.14,52.17,53.37,53.35,0.02,0.0375,72668.04,389064.439,53.539965987798766
688602.SH,20260601,6.86,7.08,6.74,6.96,6.9,0.06,0.8696,72771.64,50657.723,6.961190238395067
688603.SH,20260601,164.0,167.89,152.81,159.89,165.33,-5.44,-3.2904,72361.65,1158178.014,160.05411899811574
688605.SH,20260601,68.94,69.7,66.22,66.92,67.8,-0.88,-1.2979,50368.87,340341.824,67.5698748056091
688606.SH,20260601,47.1,47.83,46.53,47.42,46.48,0.94,2.0224,4162.42,19726.775,47.39256249969969
688607.SH,20260601,56.0,59.76,55.55,55.88,58.5,-2.62,-4.4786,19202.78,109546.216,57.04706089430801
688608.SH,20260601,168.0,168.49,161.78,161.79,166.71,-4.92,-2.9512,44214.11,728663.662,164.8034218035826
688609.SH,20260601,11.32,11.9,11.31,11.49,11.41,0.08,0.7011,207912.38,241199.018,11.60099355314965
688610.SH,20260601,184.07,184.07,168.8,171.18,185.0,-13.82,-7.4703,23673.89,414418.216,175.05286034530027
688611.SH,20260601,79.8,82.56,76.56,78.78,79.7,-0.92,-1.1543,34357.96,272372.538,79.27494472896528
688612.SH,20260601,32.63,36.16,32.25,34.42,32.75,1.67,5.0992,105103.92,359118.024,34.167900112574294
688613.SH,20260601,16.86,17.31,16.68,17.14,16.9,0.24,1.4201,20409.52,35031.376,17.164233161779404
688615.SH,20260601,127.51,142.95,127.51,136.62,127.81,8.81,6.893,111359.89,1519669.12,136.46467502796565
688616.SH,20260601,12.13,12.69,12.13,12.51,12.25,0.26,2.1224,27811.02,34821.743,12.52084353612345
688617.SH,20260601,205.58,209.39,201.43,204.58,205.59,-1.01,-0.4913,19148.87,393446.552,205.46724271458316
688618.SH,20260601,35.75,36.48,34.3,34.42,35.75,-1.33,-3.7203,24744.06,86913.419,35.12496292039382
688619.SH,20260601,16.19,18.49,16.19,17.56,16.38,1.18,7.2039,90181.09,158274.216,17.550710021358135
688620.SH,20260601,12.21,12.55,11.94,12.0,12.35,-0.35,-2.834,129910.22,158984.51,12.238029463732722
688621.SH,20260601,54.48,54.8,51.85,52.5,54.0,-1.5,-2.7778,17769.69,94363.217,53.10346832161957
688622.SH,20260601,119.43,130.42,112.11,118.0,116.98,1.02,0.8719,24959.53,305225.067,122.28798659269626
688623.SH,20260601,103.57,108.0,103.29,107.0,103.6,3.4,3.2819,17283.58,183600.011,106.22799848179599
688625.SH,20260601,105.8,105.8,93.67,98.0,105.86,-7.86,-7.4249,58563.66,575012.366,98.18586577409951
688626.SH,20260601,51.51,52.75,51.41,51.51,51.4,0.11,0.214,13038.85,67699.838,51.92163265932195
688627.SH,20260601,364.33,372.82,346.0,349.58,367.0,-17.42,-4.7466,50564.48,1805026.459,356.97518475419895
688628.SH,20260601,87.52,87.52,81.07,81.07,85.8,-4.73,-5.5128,33592.02,280323.609,83.4494647836004
688629.SH,20260601,140.0,140.0,130.67,131.04,141.94,-10.9,-7.6793,173314.96,2341743.277,135.11489585203722
688630.SH,20260601,341.99,359.8,330.2,339.89,335.0,4.89,1.4597,100644.25,3486371.866,346.40546936362483
688631.SH,20260601,48.0,49.37,47.15,48.31,48.1,0.21,0.4366,15969.19,77338.017,48.42951771505005
688633.SH,20260601,29.8,30.86,29.52,30.17,29.93,0.24,0.8019,75178.02,227375.217,30.244906290429036
688635.SH,20260601,744.4,747.87,586.01,595.8,720.5,-124.7,-17.3074,67367.49,4370986.254,648.8272390733275
688636.SH,20260601,35.57,36.88,35.39,36.0,35.74,0.26,0.7275,47394.02,172298.288,36.35443627698179
688638.SH,20260601,37.81,38.39,36.27,36.7,35.83,0.87,2.4281,14884.28,55908.474,37.56209504255496
688639.SH,20260601,23.78,24.3,23.35,23.57,23.47,0.1,0.4261,49473.99,116906.167,23.629823873109892
688646.SH,20260601,65.58,68.48,64.01,68.0,63.49,4.51,7.1035,16903.63,113564.686,67.1836084911939
688648.SH,20260601,39.94,41.82,39.4,40.19,39.85,0.34,0.8532,23186.03,93420.114,40.29155228385369
688651.SH,20260601,35.59,36.71,35.26,35.84,35.68,0.16,0.4484,11968.33,43229.975,36.12030667603584
688652.SH,20260601,135.87,136.88,129.87,130.8,135.53,-4.73,-3.49,54593.69,726078.113,132.99670950983528
688653.SH,20260601,14.8,14.8,14.09,14.15,14.62,-0.47,-3.2148,120581.88,173256.903,14.36840286450999
688655.SH,20260601,48.92,49.21,46.32,46.88,48.05,-1.17,-2.435,69595.72,333226.92,47.88037540239543
688656.SH,20260601,112.5,113.8,108.6,111.11,111.52,-0.41,-0.3676,4956.59,55200.365,111.36762370904191
688657.SH,20260601,36.0,37.66,36.0,36.8,36.43,0.37,1.0156,13843.72,51311.06,37.064502893730875
688658.SH,20260601,17.85,18.24,17.47,17.57,17.82,-0.25,-1.4029,77658.77,137776.585,17.74127828704987
688659.SH,20260601,10.53,11.0,10.21,10.82,10.52,0.3,2.8517,60180.09,64833.838,10.773303595923503
688660.SH,20260601,10.21,10.38,10.1,10.16,10.22,-0.06,-0.5871,189893.05,194814.425,10.259165619805463
688661.SH,20260601,115.9,118.0,108.0,109.07,117.2,-8.13,-6.9369,50104.97,560875.362,111.94006542664329
688662.SH,20260601,94.2,95.0,87.11,87.8,95.2,-7.4,-7.7731,64664.69,587452.153,90.84589333065696
688663.SH,20260601,90.21,93.75,88.61,91.13,90.3,0.83,0.9192,37479.18,344027.471,91.7916216416688
688665.SH,20260601,51.01,52.54,50.82,51.1,51.57,-0.47,-0.9114,9289.03,47909.356,51.57627437956385
688667.SH,20260601,120.33,123.06,115.0,115.7,120.91,-5.21,-4.309,15038.43,177778.966,118.21644014701002
688668.SH,20260601,290.11,292.66,264.12,266.09,289.93,-23.84,-8.2227,56043.48,1533375.669,273.604649283021
688669.SH,20260601,40.32,42.55,40.0,40.3,40.3,0.0,0.0,47038.91,193727.436,41.184507889319704
688670.SH,20260601,16.52,17.2,16.35,16.95,16.55,0.4,2.4169,11738.53,19915.175,16.96564646510253
688671.SH,20260601,25.98,26.69,25.2,25.98,25.88,0.1,0.3864,26218.44,68191.924,26.009146234482298
688676.SH,20260601,100.48,106.92,100.01,100.69,100.48,0.21,0.209,203804.02,2100537.205,103.06652464460711
688677.SH,20260601,153.92,158.0,142.5,143.52,154.98,-11.46,-7.3945,54660.13,818746.693,149.7886472278789
688678.SH,20260601,21.88,22.87,21.55,21.73,22.06,-0.33,-1.4959,152362.18,335683.834,22.031965806737603
688679.SH,20260601,60.99,60.99,57.53,58.09,60.08,-1.99,-3.3123,38385.16,225495.321,58.745442509553165
688680.SH,20260601,42.4,44.57,41.4,42.76,41.66,1.1,2.6404,29676.5,128741.686,43.3816946068438
688681.SH,20260601,17.29,17.82,16.82,17.57,17.26,0.31,1.7961,28018.95,49272.288,17.58534420454728
688682.SH,20260601,42.87,42.87,40.52,41.07,41.21,-0.14,-0.3397,25251.14,104155.761,41.24794405321899
688683.SH,20260601,38.53,39.4,37.0,37.64,37.89,-0.25,-0.6598,28795.02,109387.674,37.988400077513404
688685.SH,20260601,47.26,47.93,45.5,45.7,46.93,-1.23,-2.6209,33857.19,158750.925,46.88839357312286
688686.SH,20260601,145.01,151.9,138.03,138.89,149.49,-10.6,-7.0908,31777.63,454982.836,143.1770827465736
688687.SH,20260601,17.15,17.43,17.05,17.34,17.04,0.3,1.7606,18360.2,31772.875,17.305298961884944
688689.SH,20260601,38.57,40.85,38.35,39.74,38.75,0.99,2.5548,55617.08,222059.499,39.92649362390115
688690.SH,20260601,37.84,39.64,37.1,38.24,38.13,0.11,0.2885,215506.78,824249.726,38.24704382850507
688691.SH,20260601,106.49,107.82,98.0,98.1,105.8,-7.7,-7.2779,75563.64,767103.022,101.5174787768297
688692.SH,20260601,259.54,298.56,259.54,285.2,257.51,27.69,10.753,48167.96,1373110.666,285.0672243541142
688693.SH,20260601,113.78,114.0,102.01,105.23,113.78,-8.55,-7.5145,34069.86,365015.145,107.13726002983282
688695.SH,20260601,21.97,22.9,21.57,22.66,21.97,0.69,3.1406,17022.83,38261.133,22.47636438829501
688696.SH,20260601,75.3,78.17,75.04,76.28,75.98,0.3,0.3948,7073.14,54153.606,76.56232733976707
688697.SH,20260601,20.96,21.21,20.41,20.73,20.82,-0.09,-0.4323,74464.99,154539.314,20.753284731522825
688698.SH,20260601,67.49,69.36,64.57,64.79,67.5,-2.71,-4.0148,61660.48,410936.422,66.64502481978732
688699.SH,20260601,62.7,63.5,58.8,60.05,62.7,-2.65,-4.2265,54796.65,334368.179,61.019821284695325
688700.SH,20260601,83.55,85.99,79.73,79.99,82.38,-2.39,-2.9012,149067.62,1230022.592,82.51440467084669
688701.SH,20260601,9.69,10.04,9.36,9.81,9.63,0.18,1.8692,36237.17,35611.781,9.827417814360228
688702.SH,20260601,284.46,284.68,253.0,253.0,281.52,-28.52,-10.1307,88771.52,2346495.772,264.32979541186177
688707.SH,20260601,14.9,17.35,14.86,16.24,14.46,1.78,12.3098,536174.9,887564.948,16.55364598380118
688708.SH,20260601,50.64,52.6,49.44,50.69,49.65,1.04,2.0947,23232.24,118881.23,51.17079971625637
688709.SH,20260601,35.6,37.18,34.77,34.99,35.6,-0.61,-1.7135,74469.7,266794.6,35.82592651776494
688710.SH,20260601,60.3,62.7,57.8,58.49,60.51,-2.02,-3.3383,20477.91,122222.548,59.68506942358864
688711.SH,20260601,33.98,34.77,32.76,32.97,33.9,-0.93,-2.7434,121858.86,409519.505,33.60605088542598
688712.SH,20260601,42.49,42.52,40.33,40.76,42.0,-1.24,-2.9524,28022.07,115703.473,41.29012346339867
688716.SH,20260601,32.5,33.74,32.13,32.85,32.7,0.15,0.4587,24406.47,80722.73,33.074315949828055
688717.SH,20260601,106.08,113.15,104.2,107.06,104.22,2.84,2.725,64858.54,707982.735,109.15798212540707
688718.SH,20260601,16.12,16.28,15.7,16.04,15.83,0.21,1.3266,20579.75,33086.782,16.077348850204693
688719.SH,20260601,75.45,76.11,70.07,71.36,76.12,-4.76,-6.2533,30680.51,221915.426,72.33107467900632
688720.SH,20260601,92.83,94.2,87.87,87.92,92.26,-4.34,-4.7041,50239.93,454271.957,90.42049959066424
688721.SH,20260601,43.92,44.99,42.0,42.15,43.98,-1.83,-4.161,32232.46,140144.651,43.47935311173892
688722.SH,20260601,16.01,16.39,16.01,16.18,16.08,0.1,0.6219,25053.02,40687.943,16.240733851647427
688726.SH,20260601,59.05,61.69,57.53,57.69,59.05,-1.36,-2.3031,124317.32,739343.592,59.47229171285223
688727.SH,20260601,52.5,52.89,50.51,50.77,52.37,-1.6,-3.0552,44019.0,226698.842,51.500225357232104
688728.SH,20260601,14.33,14.68,13.85,13.88,14.49,-0.61,-4.2098,392316.63,556835.93,14.193533677121973
688729.SH,20260601,25.7,25.7,24.16,24.2,25.43,-1.23,-4.8368,148017.6,365225.951,24.67449485736831
688733.SH,20260601,35.6,37.68,35.6,35.8,36.53,-0.73,-1.9984,98911.68,362317.991,36.63045567520439
688737.SH,20260601,26.19,27.37,25.41,26.34,25.96,0.38,1.4638,24216.82,64199.03,26.510099179000377
688739.SH,20260601,21.48,21.88,21.36,21.86,21.48,0.38,1.7691,19247.7,41755.071,21.693537929207128
688750.SH,20260601,17.31,17.6,17.24,17.31,17.36,-0.05,-0.288,26412.11,46025.245,17.425811493288496
688755.SH,20260601,37.7,38.66,37.54,38.34,37.9,0.44,1.1609,7982.63,30507.714,38.21762251288109
688757.SH,20260601,38.1,39.28,36.79,36.93,38.82,-1.89,-4.8686,86264.57,327280.8,37.939191025933354
688758.SH,20260601,18.48,18.97,18.13,18.3,18.48,-0.18,-0.974,29651.62,54603.201,18.414913249259232
688759.SH,20260601,32.8,35.08,32.61,34.37,32.7,1.67,5.107,49645.4,168936.528,34.028636691415514
688765.SH,20260601,51.68,52.64,50.7,51.11,51.66,-0.55,-1.0647,13794.45,70924.36,51.415141596801604
688766.SH,20260601,389.0,396.25,369.07,373.04,386.1,-13.06,-3.3825,57706.73,2204565.786,382.02923402521674
688767.SH,20260601,38.0,39.1,37.78,38.06,37.46,0.6,1.6017,23088.87,88354.346,38.26707240328349
688768.SH,20260601,49.6,51.34,48.32,49.42,49.56,-0.14,-0.2825,21898.09,108963.48,49.759353441327534
688772.SH,20260601,16.1,16.84,16.08,16.13,15.92,0.21,1.3191,397710.93,652180.256,16.398348820838294
688775.SH,20260601,170.07,176.0,168.0,171.3,171.0,0.3,0.1754,14142.6,243498.482,172.17377427064326
688776.SH,20260601,65.52,66.5,64.2,64.4,64.95,-0.55,-0.8468,20319.84,132444.943,65.18011116229262
688777.SH,20260601,86.0,93.3,86.0,88.46,85.8,2.66,3.1002,353452.7,3186935.835,90.16583647543222
688778.SH,20260601,62.78,63.98,60.91,61.13,62.82,-1.69,-2.6902,73717.57,460523.697,62.47136157635146
688779.SH,20260601,8.86,9.19,8.85,8.92,8.85,0.07,0.791,303972.78,273897.334,9.010587526948958
688781.SH,20260601,51.27,53.53,48.5,48.71,51.1,-2.39,-4.6771,60218.63,306030.093,50.81983648581843
688783.SH,20260601,37.0,37.48,34.8,35.15,37.94,-2.79,-7.3537,330150.46,1178024.775,35.68145187500268
688785.SH,20260601,350.0,354.98,331.0,333.0,349.9,-16.9,-4.83,9590.9,326159.296,340.0716262290296
688786.SH,20260601,38.8,40.16,36.53,36.79,38.8,-2.01,-5.1804,85897.65,327580.699,38.13616542478171
688787.SH,20260601,134.0,143.66,134.0,138.11,134.69,3.42,2.5392,35351.3,493567.194,139.6178341390557
688788.SH,20260601,44.08,45.48,43.87,44.36,44.0,0.36,0.8182,19557.86,87449.991,44.713476321028985
688789.SH,20260601,54.37,54.78,53.14,53.8,54.37,-0.57,-1.0484,15509.47,83594.452,53.898973981702795
688790.SH,20260601,132.15,132.18,126.36,126.57,132.2,-5.63,-4.2587,7694.37,99040.709,128.71841229366407
688793.SH,20260601,18.26,19.47,18.26,19.27,18.26,1.01,5.5312,29024.92,55347.271,19.06887977641282
688795.SH,20260601,647.33,661.5,599.47,600.03,643.0,-42.97,-6.6827,31458.73,1979553.354,629.2540588892177
688796.SH,20260601,111.0,115.4,99.5,100.0,109.6,-9.6,-8.7591,20308.35,215283.68,106.00746983383684
688798.SH,20260601,74.75,76.92,73.96,74.92,74.22,0.7,0.9431,59656.2,448551.089,75.18934980773165
688799.SH,20260601,50.56,52.65,50.02,50.25,50.22,0.03,0.0597,26918.54,137595.929,51.11567306399232
688800.SH,20260601,124.0,126.5,118.11,119.01,119.37,-0.36,-0.3016,92750.74,1128294.695,121.6480531583899
688802.SH,20260601,681.0,690.0,633.99,637.6,676.02,-38.42,-5.6833,18454.34,1223180.264,662.8144187221001
688805.SH,20260601,52.15,54.28,52.01,52.2,53.79,-1.59,-2.9559,18298.37,96993.83,53.006814268156134
688807.SH,20260601,441.0,441.58,385.02,390.0,441.9,-51.9,-11.7447,27518.76,1109669.414,403.24106682132486
688808.SH,20260601,1681.0,1732.0,1571.18,1628.77,1719.95,-91.18,-5.3013,22228.05,3660066.88,1646.5982756022233
688809.SH,20260601,447.78,484.88,446.0,458.33,439.0,19.33,4.4032,31303.87,1458700.849,465.98099500157645
688811.SH,20260601,28.8,29.11,27.5,27.68,29.21,-1.53,-5.2379,118642.6,334203.256,28.168908638212578
688813.SH,20260601,179.99,183.97,150.0,162.78,186.8,-24.02,-12.8587,49891.15,846694.929,169.70844107622295
688816.SH,20260601,62.83,65.0,62.2,62.5,63.83,-1.33,-2.0837,9888.06,62363.605,63.06960617148359
688818.SH,20260601,69.0,69.0,65.15,65.2,68.87,-3.67,-5.3289,128001.69,855129.108,66.80607951348142
688819.SH,20260601,24.51,25.08,24.43,24.95,24.54,0.41,1.6707,29246.32,72730.453,24.868240859020894
688820.SH,20260601,193.0,197.89,178.82,178.85,196.5,-17.65,-8.9822,341910.48,6366553.004,186.20526062845457
688981.SH,20260601,139.76,140.8,132.04,132.44,139.91,-7.47,-5.3391,1008849.14,13645017.172,135.2532963650046
689009.SH,20260601,38.3,39.45,38.02,38.67,38.42,0.25,0.6507,112109.75,432539.234,38.581767776665274
920000.BJ,20260601,13.74,14.19,13.74,14.08,13.66,0.42,3.0747,4496.41,6312.89509,14.039856441027398
920001.BJ,20260601,15.18,15.89,15.18,15.47,15.32,0.15,0.9791,39096.16,60865.31309,15.568105177081328
920002.BJ,20260601,57.26,59.8,57.26,58.4,57.95,0.45,0.7765,8682.04,50946.61682,58.68046774721148
920003.BJ,20260601,29.0,29.39,28.87,29.16,29.04,0.12,0.4132,2338.68,6823.44227,29.176468221389843
920005.BJ,20260601,33.48,37.0,33.44,36.02,32.12,3.9,12.142,31220.05,110705.08353,35.459611220994205
920006.BJ,20260601,16.16,17.16,16.16,16.93,16.4,0.53,3.2317,9122.84,15405.13284,16.886334562482737
920007.BJ,20260601,44.88,45.54,44.51,45.08,44.88,0.2,0.4456,1754.79,7930.92862,45.19588452179463
920008.BJ,20260601,22.46,23.74,22.46,23.25,22.35,0.9,4.0268,9667.27,22490.89083,23.264986733586625
920009.BJ,20260601,37.76,38.47,36.89,38.0,37.75,0.25,0.6623,1650.58,6243.95626,37.82886173345127
920010.BJ,20260601,10.58,11.05,10.57,10.91,10.63,0.28,2.6341,48414.09,52654.97225,10.875960335100794
920011.BJ,20260601,24.48,25.26,24.47,24.96,24.51,0.45,1.836,20380.59,50621.1149,24.837904545452318
920012.BJ,20260601,80.8,84.88,74.2,75.0,79.54,-4.54,-5.7078,37870.9,301530.545,79.62064408292382
920014.BJ,20260601,9.93,10.24,9.78,10.1,9.9,0.2,2.0202,11471.83,11579.40787,10.093775683565742
920015.BJ,20260601,42.2,43.49,41.67,42.8,41.33,1.47,3.5567,15911.15,68046.68391,42.76666608636083
920016.BJ,20260601,14.66,15.1,14.44,14.99,14.66,0.33,2.251,5353.94,7987.05776,14.91809351617687
920017.BJ,20260601,16.41,16.74,16.31,16.43,16.41,0.02,0.1219,8074.81,13358.83685,16.54384047426503
920018.BJ,20260601,25.11,25.63,25.02,25.57,24.93,0.64,2.5672,7394.04,18813.49742,25.44413800845005
920019.BJ,20260601,17.34,17.89,17.21,17.48,17.4,0.08,0.4598,18049.65,31748.92829,17.589775031648813
920020.BJ,20260601,15.27,15.27,14.85,14.93,14.9,0.03,0.2013,5308.99,7949.63955,14.973920745753901
920021.BJ,20260601,8.81,9.55,8.7,9.37,8.7,0.67,7.7011,258123.1,237418.11142,9.197863787471945
920022.BJ,20260601,23.08,24.1,23.08,23.75,23.08,0.67,2.9029,4918.5,11669.28094,23.725284009352446
920023.BJ,20260601,2.29,2.39,2.22,2.36,2.31,0.05,2.1645,102882.1,23917.94642,2.3247918170410595
920026.BJ,20260601,30.43,32.1,30.43,31.72,30.6,1.12,3.6601,9456.35,29841.95191,31.557579732137665
920027.BJ,20260601,16.3,16.55,16.08,16.42,16.1,0.32,1.9876,7971.18,13059.52901,16.383432578363553
920028.BJ,20260601,17.4,17.88,17.29,17.68,17.55,0.13,0.7407,28832.74,50614.71824,17.554598779026897
920029.BJ,20260601,43.86,44.9,43.75,44.13,43.73,0.4,0.9147,10458.72,46474.5117,44.4361372137317
920030.BJ,20260601,5.03,5.2,5.0,5.17,5.04,0.13,2.5794,10686.28,5484.54239,5.132321434587153
920033.BJ,20260601,15.53,15.7,15.28,15.7,15.47,0.23,1.4867,6331.78,9864.70517,15.579671387824591
920035.BJ,20260601,27.75,28.5,27.74,28.4,27.8,0.6,2.1583,3427.31,9679.81868,28.243195625723967
920036.BJ,20260601,39.54,43.36,39.5,41.69,39.82,1.87,4.6961,17582.39,73016.83717,41.52839128810133
920037.BJ,20260601,45.6,46.87,45.49,45.76,45.54,0.22,0.4831,9471.85,43697.47928,46.134049082280654
920039.BJ,20260601,8.28,8.55,8.21,8.52,8.38,0.14,1.6706,12478.88,10513.12708,8.424736098111369
920045.BJ,20260601,569.7,569.7,480.0,496.0,575.9,-79.9,-13.8739,16289.08,838961.96937,515.0456436889008
920046.BJ,20260601,30.86,32.8,29.6,32.45,30.88,1.57,5.0842,116882.48,366349.33198,31.343391411612764
920047.BJ,20260601,24.8,26.0,21.16,21.7,24.22,-2.52,-10.4046,179222.94,423112.98361,23.608193438295345
920050.BJ,20260601,29.18,29.5,28.85,28.94,28.74,0.2,0.6959,3211.83,9359.11831,29.139519557386286
920055.BJ,20260601,31.0,31.7,30.39,31.2,30.74,0.46,1.4964,7156.39,22356.46585,31.239865141502907
920056.BJ,20260601,19.84,20.22,19.74,20.18,19.72,0.46,2.3327,3634.76,7296.52927,20.074308262443736
920057.BJ,20260601,5.41,5.56,5.34,5.53,5.44,0.09,1.6544,10877.78,5975.17138,5.493006275177471
920058.BJ,20260601,23.0,25.22,23.0,24.56,25.08,-0.52,-2.0734,7502.43,18552.19812,24.728252206285163
920060.BJ,20260601,30.2,31.75,29.99,31.06,29.4,1.66,5.6463,69737.99,215592.35335,30.914621048011274
920061.BJ,20260601,21.95,22.49,21.76,22.38,21.97,0.41,1.8662,6615.7,14703.98261,22.225890850552474
920062.BJ,20260601,10.75,11.28,10.69,10.8,10.88,-0.08,-0.7353,68012.13,74610.31276,10.97014793684597
920066.BJ,20260601,23.79,24.28,22.88,23.32,23.75,-0.43,-1.8105,8608.88,20276.62019,23.553145345271396
920068.BJ,20260601,17.77,18.21,17.7,17.99,17.64,0.35,1.9841,7871.6,14163.677,17.993390162101733
920069.BJ,20260601,36.38,36.63,35.88,36.3,36.17,0.13,0.3594,5188.23,18818.42831,36.27138409438287
920075.BJ,20260601,18.75,19.95,18.53,19.8,18.63,1.17,6.2802,17886.99,34909.22371,19.516544544386726
920076.BJ,20260601,14.14,14.3,14.01,14.24,14.27,-0.03,-0.2102,16348.83,23159.71221,14.165975308324816
920077.BJ,20260601,16.0,16.5,15.92,16.11,16.1,0.01,0.0621,51317.18,83272.53271,16.227028201861444
920078.BJ,20260601,32.1,34.8,31.52,32.02,32.1,-0.08,-0.2492,54524.59,180541.40929,33.111924232717755
920080.BJ,20260601,22.6,23.33,22.43,23.17,22.76,0.41,1.8014,3159.7,7290.65837,23.073894262113495
920082.BJ,20260601,9.08,9.36,9.08,9.24,9.07,0.17,1.8743,6831.55,6312.34476,9.239989109352928
920086.BJ,20260601,28.43,28.5,27.8,27.93,28.28,-0.35,-1.2376,8702.48,24473.06387,28.121942101561856
920087.BJ,20260601,11.3,12.25,11.2,12.15,11.39,0.76,6.6725,62183.46,73400.32808,11.803834666002826
920088.BJ,20260601,37.0,37.34,36.05,36.56,36.32,0.24,0.6608,32887.48,121003.05821,36.793046536250266
920089.BJ,20260601,15.73,16.25,15.71,15.92,15.83,0.09,0.5685,15409.26,24590.70469,15.958394296676152
920090.BJ,20260601,4.05,4.21,4.0,4.2,4.09,0.11,2.6895,35858.84,14815.1496,4.131519480273205
920091.BJ,20260601,42.75,42.75,41.04,41.39,41.86,-0.47,-1.1228,6230.72,25919.08022,41.59885249216784
920092.BJ,20260601,28.88,30.58,28.52,30.18,28.99,1.19,4.1049,12562.54,37550.46317,29.890820781466168
920096.BJ,20260601,62.7,62.76,58.02,58.02,64.15,-6.13,-9.5557,31618.91,190098.06706,60.12163830441973
920098.BJ,20260601,21.9,22.4,21.69,22.25,22.01,0.24,1.0904,4600.63,10199.15486,22.169039588056418
920099.BJ,20260601,28.21,29.11,27.45,28.05,28.41,-0.36,-1.2672,8726.69,24526.82334,28.105528373300753
920100.BJ,20260601,40.0,42.97,39.83,41.13,40.13,1.0,2.4919,32778.98,135808.22376,41.431497795233405
920101.BJ,20260601,29.8,30.32,29.8,30.18,29.88,0.3,1.004,2934.24,8824.54488,30.07438000981515
920106.BJ,20260601,45.27,46.79,44.47,46.32,44.82,1.5,3.3467,4409.76,20295.69665,46.024492602772035
920108.BJ,20260601,10.25,10.56,10.17,10.51,10.31,0.2,1.9399,7296.42,7628.10805,10.454590127761286
920110.BJ,20260601,27.81,28.66,27.47,28.2,27.72,0.48,1.7316,1841.4,5171.81964,28.08634538937764
920111.BJ,20260601,28.45,33.27,28.3,32.6,28.22,4.38,15.5209,107180.2,334693.82143,31.227206277838633
920112.BJ,20260601,28.68,28.98,28.48,28.9,28.5,0.4,1.4035,2321.48,6671.95691,28.740100754690975
920116.BJ,20260601,60.2,61.76,59.46,59.73,60.6,-0.87,-1.4356,21615.69,130904.79825,60.56008309242038
920118.BJ,20260601,19.82,20.49,19.73,20.25,19.66,0.59,3.001,6908.15,13958.00051,20.205120777632217
920119.BJ,20260601,56.39,56.84,55.6,55.8,55.9,-0.1,-0.1789,3150.55,17736.6354,56.296949421529575
920121.BJ,20260601,34.38,34.71,33.8,34.39,34.0,0.39,1.1471,1652.51,5675.89897,34.34713841368585
920122.BJ,20260601,23.28,23.47,22.31,23.05,22.72,0.33,1.4525,7909.24,18261.13865,23.088360765383275
920123.BJ,20260601,11.15,11.43,10.99,11.43,11.26,0.17,1.5098,10929.28,12349.11916,11.299115001171165
920124.BJ,20260601,15.19,15.42,14.97,15.38,15.19,0.19,1.2508,11440.56,17461.44046,15.262749777982897
920125.BJ,20260601,182.02,195.0,173.1,176.49,189.83,-13.34,-7.0273,21829.68,394390.73137,180.66720692653305
920128.BJ,20260601,25.78,26.6,25.55,25.6,26.01,-0.41,-1.5763,11972.75,31090.97324,25.9681136246894
920130.BJ,20260601,16.61,17.77,16.44,17.37,16.61,0.76,4.5756,20075.24,35040.1515,17.454412251111318
920132.BJ,20260601,11.91,12.25,11.85,12.22,11.9,0.32,2.6891,6332.02,7684.02405,12.135186006993028
920139.BJ,20260601,17.98,18.79,17.82,18.1,17.99,0.11,0.6115,51242.39,93337.43267,18.214886672928408
920145.BJ,20260601,12.0,12.38,11.7,12.15,12.0,0.15,1.25,7854.96,9568.35987,12.181296747532768
920146.BJ,20260601,5.96,6.09,5.76,6.02,5.88,0.14,2.381,15045.84,9006.92333,5.986321355271623
920149.BJ,20260601,8.83,9.11,8.73,9.1,8.82,0.28,3.1746,7984.61,7179.30722,8.991431290945957
920152.BJ,20260601,18.44,20.23,18.3,19.29,19.3,-0.01,-0.0518,52624.7,102381.18686,19.454968267752598
920156.BJ,20260601,56.0,58.49,55.28,57.85,58.09,-0.24,-0.4132,22622.76,129302.17746,57.15579242320566
920158.BJ,20260601,9.6,10.0,9.6,9.9,9.64,0.26,2.6971,14206.74,14007.16029,9.859517588130704
920159.BJ,20260601,33.5,34.69,33.5,34.39,33.79,0.6,1.7757,5739.38,19719.53487,34.35830154128146
920160.BJ,20260601,20.71,21.15,20.71,21.05,20.81,0.24,1.1533,4897.11,10290.79265,21.014011631349916
920161.BJ,20260601,43.0,43.48,36.71,37.51,45.8,-8.29,-18.1004,162262.66,656005.66798,40.4286277557634
920163.BJ,20260601,10.82,11.23,10.78,11.08,10.81,0.27,2.4977,5633.18,6232.69406,11.0642551099024
920166.BJ,20260601,23.46,24.29,23.42,23.73,23.65,0.08,0.3383,2748.39,6580.19304,23.94199163874123
920167.BJ,20260601,17.69,18.14,17.5,17.84,17.47,0.37,2.1179,14688.22,26219.33452,17.850586742300973
920168.BJ,20260601,18.98,19.56,18.98,19.45,19.02,0.43,2.2608,6643.32,12891.81504,19.405681255757663
920169.BJ,20260601,23.41,25.2,23.41,24.27,23.95,0.32,1.3361,20796.98,51060.42467,24.55184583050039
920171.BJ,20260601,18.81,20.07,18.81,19.75,19.33,0.42,2.1728,28176.65,55457.63536,19.682125220705796
920174.BJ,20260601,38.57,39.58,38.57,38.9,39.17,-0.27,-0.6893,12106.36,47359.53529,39.119549798618245
920175.BJ,20260601,8.84,9.18,8.78,9.16,8.89,0.27,3.0371,9643.03,8770.2041,9.094863440225739
920177.BJ,20260601,30.92,31.7,30.91,31.31,31.2,0.11,0.3526,7360.46,23044.00919,31.307838355211498
920178.BJ,20260601,172.0,174.0,145.0,145.01,176.05,-31.04,-17.6314,35117.75,556293.59843,158.40809802165572
920179.BJ,20260601,61.4,65.8,59.0,62.08,62.75,-0.67,-1.0677,44874.17,280651.10391,62.54179273065106
920180.BJ,20260601,13.52,13.9,13.45,13.8,13.55,0.25,1.845,5711.78,7862.48821,13.765390491230406
920181.BJ,20260601,114.11,115.95,103.98,104.78,115.99,-11.21,-9.6646,20789.65,226841.67539,109.11279188923332
920183.BJ,20260601,36.0,37.55,35.91,37.05,36.21,0.84,2.3198,4810.38,17766.02109,36.93267702343682
920184.BJ,20260601,12.72,13.36,12.62,13.24,12.72,0.52,4.0881,23467.65,30955.37278,13.190657257970013
920185.BJ,20260601,27.28,28.26,27.28,27.52,26.45,1.07,4.0454,94294.05,262005.47016,27.786002421149583
920186.BJ,20260601,102.71,103.49,94.58,95.02,104.56,-9.54,-9.1239,128383.09,1266362.55721,98.63935797229993
920187.BJ,20260601,21.68,22.13,21.65,21.8,21.65,0.15,0.6928,4912.25,10748.15063,21.880300534378343
920188.BJ,20260601,25.55,25.99,25.35,25.86,25.5,0.36,1.4118,8733.74,22440.69215,25.694252576788408
920190.BJ,20260601,30.7,31.33,29.0,31.33,24.1,7.23,30.0,205897.18,633561.71674,30.77078164645091
920191.BJ,20260601,11.06,11.27,10.9,11.23,10.98,0.25,2.2769,21391.66,23872.84666,11.15988504865915
920195.BJ,20260601,14.09,14.28,13.91,14.23,13.95,0.28,2.0072,4715.16,6668.90684,14.143543039896842
920198.BJ,20260601,8.01,8.36,8.01,8.27,8.0,0.27,3.375,19643.47,16207.69542,8.250932966527808
920199.BJ,20260601,24.57,25.86,24.5,25.48,24.33,1.15,4.7267,15071.25,38391.03346,25.473025435846395
920200.BJ,20260601,50.8,54.75,50.05,54.48,51.1,3.38,6.6145,43598.05,230462.15151,52.860655811441106
920204.BJ,20260601,14.23,14.65,14.15,14.5,14.23,0.27,1.8974,6748.97,9773.60717,14.481627818763453
920207.BJ,20260601,24.18,26.67,24.18,25.77,24.0,1.77,7.375,41732.57,106866.59629,25.60748027020622
920208.BJ,20260601,21.18,21.52,20.88,21.52,21.02,0.5,2.3787,15984.89,34077.48994,21.318563931312635
920212.BJ,20260601,10.79,11.77,10.64,11.4,10.63,0.77,7.2437,17049.39,19301.2697,11.320797811534607
920218.BJ,20260601,37.74,38.98,31.79,31.79,45.2,-13.41,-29.6681,127126.35,456174.84609,35.883579296503044
920220.BJ,20260601,77.0,77.3,72.13,72.65,75.96,-3.31,-4.3576,23517.87,174111.62521,74.03375612247197
920221.BJ,20260601,14.7,15.5,14.7,15.09,14.92,0.17,1.1394,10437.16,15879.89892,15.21477003322743
920223.BJ,20260601,14.42,15.18,14.3,15.1,14.05,1.05,7.4733,35890.58,53094.34529,14.793392943217968
920225.BJ,20260601,21.43,22.5,21.43,21.75,22.25,-0.5,-2.2472,27042.5,59490.73663,21.998978138115927
920227.BJ,20260601,57.9,67.33,57.64,65.7,57.95,7.75,13.3736,19265.63,122191.87581,63.42480147807261
920230.BJ,20260601,10.9,11.11,10.56,10.92,10.87,0.05,0.46,15409.13,16796.17259,10.900143350078817
920237.BJ,20260601,16.1,18.2,16.01,17.46,15.75,1.71,10.8571,45654.72,80302.11139,17.5890053405212
920239.BJ,20260601,26.66,27.48,26.5,27.18,26.65,0.53,1.9887,15693.67,42737.36934,27.232233977138552
920242.BJ,20260601,23.55,24.14,23.26,23.95,23.55,0.4,1.6985,2042.65,4874.62281,23.8642097765158
920245.BJ,20260601,21.82,22.71,21.52,22.3,22.03,0.27,1.2256,2971.86,6621.84246,22.2818115927399
920247.BJ,20260601,17.31,17.61,16.9,17.04,17.35,-0.31,-1.7867,17865.3,30828.78656,17.256237824161925
920249.BJ,20260601,8.83,9.15,8.75,9.01,8.86,0.15,1.693,43655.71,39293.61446,9.000796106626144
920252.BJ,20260601,20.71,22.8,20.45,21.8,20.45,1.35,6.6015,42172.44,91467.23794,21.688865510271636
920260.BJ,20260601,8.6,8.81,8.58,8.72,8.6,0.12,1.3953,5757.23,5006.94672,8.696798147720346
920261.BJ,20260601,14.19,14.39,14.1,14.39,14.09,0.3,2.1292,11533.53,16470.41091,14.280459590428947
920262.BJ,20260601,14.44,15.0,14.33,14.84,14.56,0.28,1.9231,8636.66,12763.07109,14.777785729668643
920263.BJ,20260601,8.54,8.79,8.41,8.7,8.46,0.24,2.8369,6001.21,5173.51453,8.620785691552204
920266.BJ,20260601,7.11,7.44,7.07,7.4,7.16,0.24,3.352,7983.86,5864.4845,7.345425019977805
920267.BJ,20260601,15.8,16.87,15.78,16.53,15.9,0.63,3.9623,7297.55,12057.62741,16.52284315969058
920270.BJ,20260601,14.87,15.15,14.8,15.12,14.83,0.29,1.9555,11989.8,18020.86748,15.030165207092697
920271.BJ,20260601,10.96,11.16,10.82,11.08,10.82,0.26,2.403,5058.84,5592.33998,11.054589550173556
920273.BJ,20260601,19.71,22.7,19.3,22.5,20.32,2.18,10.7283,72443.31,154180.19898,21.28287608338161
920274.BJ,20260601,19.19,19.87,19.05,19.85,19.36,0.49,2.531,9913.3,19492.5032,19.66298124741509
920275.BJ,20260601,6.24,6.47,6.16,6.34,6.32,0.02,0.3165,11792.65,7492.10357,6.353197601896097
920278.BJ,20260601,6.77,6.95,6.73,6.92,6.81,0.11,1.6153,9044.99,6238.32706,6.896997188498826
920284.BJ,20260601,28.24,29.5,28.24,28.59,28.22,0.37,1.3111,22920.84,66095.55928,28.836447215721588
920299.BJ,20260601,22.44,23.84,22.31,23.79,22.54,1.25,5.5457,47448.67,110376.09955,23.262211469784084
920300.BJ,20260601,10.38,10.68,10.21,10.57,10.38,0.19,1.8304,13260.9,13987.83013,10.548175561236416
920304.BJ,20260601,9.72,10.09,9.72,10.09,9.79,0.3,3.0644,12603.0,12583.12325,9.984228556692852
920339.BJ,20260601,10.9,10.9,9.6,9.67,11.3,-1.63,-14.4248,76491.71,76865.47871,10.048863950093414
920344.BJ,20260601,19.8,20.42,19.75,20.19,20.0,0.19,0.95,5007.05,10130.78185,20.233035120480125
920346.BJ,20260601,17.65,18.76,17.6,18.39,17.65,0.74,4.1926,10987.87,20176.1248,18.36218011316115
920351.BJ,20260601,14.01,14.6,14.01,14.37,13.97,0.4,2.8633,9829.1,14090.69047,14.335687367103802
920357.BJ,20260601,17.48,18.71,17.38,18.05,17.55,0.5,2.849,22347.6,40769.78139,18.243471956720185
920363.BJ,20260601,11.03,11.82,11.03,11.7,11.09,0.61,5.5005,14533.55,16776.43822,11.543248703861067
920367.BJ,20260601,16.49,16.94,16.31,16.66,16.69,-0.03,-0.1797,8985.37,14930.76763,16.61675326669909
920368.BJ,20260601,32.6,33.87,32.5,32.8,33.16,-0.36,-1.0856,46750.99,155083.59805,33.172259678351196
920370.BJ,20260601,3.0,3.1,2.98,3.09,2.98,0.11,3.6913,14439.34,4417.86236,3.059601311417281
920371.BJ,20260601,8.6,10.0,8.43,9.72,8.27,1.45,17.5333,93484.49,86395.17786,9.24165900247196
920374.BJ,20260601,17.13,17.85,17.13,17.83,17.0,0.83,4.8824,10676.31,18817.88313,17.625830581914535
920375.BJ,20260601,12.8,13.26,12.66,13.2,12.65,0.55,4.3478,33407.65,43687.76569,13.07717414723873
920378.BJ,20260601,7.83,8.05,7.83,8.0,7.88,0.12,1.5228,8503.09,6791.8971,7.987563462223733
920392.BJ,20260601,16.71,16.87,16.29,16.59,16.83,-0.24,-1.426,6620.47,10954.25537,16.54603883107997
920394.BJ,20260601,45.39,46.38,44.49,44.6,45.53,-0.93,-2.0426,11000.65,49965.4085,45.420414702767566
920395.BJ,20260601,8.39,8.67,8.24,8.59,8.38,0.21,2.506,5916.27,5071.50013,8.57212421001746
920396.BJ,20260601,24.3,24.88,23.98,24.71,24.36,0.35,1.4368,11359.79,27834.94501,24.503045399606854
920402.BJ,20260601,9.87,10.37,9.83,10.08,9.92,0.16,1.6129,66645.06,67843.73216,10.179859116339607
920403.BJ,20260601,19.81,20.85,19.81,20.8,20.06,0.74,3.6889,18302.69,37375.92896,20.42100312030636
920405.BJ,20260601,13.02,13.47,12.05,13.32,13.39,-0.07,-0.5228,36531.71,47000.78123,12.865749024614505
920407.BJ,20260601,15.45,16.19,15.44,15.83,15.31,0.52,3.3965,5500.88,8712.39988,15.838192943674468
920414.BJ,20260601,9.9,10.2,9.82,10.07,9.79,0.28,2.8601,12931.5,13006.89782,10.058305548466922
920415.BJ,20260601,10.49,11.13,10.49,10.85,10.5,0.35,3.3333,18485.42,20122.32605,10.885511960236771
920418.BJ,20260601,22.1,22.55,21.67,21.79,22.07,-0.28,-1.2687,21211.54,46803.29263,22.065013964096902
920419.BJ,20260601,11.29,11.76,11.16,11.74,11.4,0.34,2.9825,12167.37,14149.79618,11.629297194052617
920422.BJ,20260601,10.22,10.58,9.99,10.55,10.25,0.3,2.9268,14717.09,15269.02975,10.37503320969023
920425.BJ,20260601,23.03,24.01,22.81,23.81,23.6,0.21,0.8898,16701.36,39498.18498,23.649681810343587
920427.BJ,20260601,14.44,14.63,13.39,13.7,14.61,-0.91,-6.2286,57125.5,80130.30874,14.027064750417939
920429.BJ,20260601,11.29,12.12,11.17,12.05,11.28,0.77,6.8262,25056.74,29606.58433,11.815816554747345
920433.BJ,20260601,4.89,4.91,4.78,4.89,4.82,0.07,1.4523,9510.06,4625.0341,4.863306961259971
920436.BJ,20260601,12.6,12.98,12.31,12.84,12.47,0.37,2.9671,8271.88,10559.8713,12.765987054937938
920438.BJ,20260601,66.01,71.48,66.01,67.8,64.9,2.9,4.4684,84470.83,581646.67891,68.85769666404367
920445.BJ,20260601,7.84,8.09,7.46,8.0,7.77,0.23,2.9601,16341.59,13053.67733,7.988009324674037
920454.BJ,20260601,12.77,13.18,12.77,13.04,12.85,0.19,1.4786,6831.11,8900.64103,13.029567713007111
920455.BJ,20260601,6.78,7.05,6.76,7.02,6.77,0.25,3.6928,7922.19,5513.9427,6.96012428381546
920469.BJ,20260601,6.85,7.1,6.68,6.9,7.23,-0.33,-4.5643,57897.65,39889.63635,6.8896814205757915
920471.BJ,20260601,12.03,12.2,11.79,12.2,11.88,0.32,2.6936,15060.84,18210.75809,12.091462421750713
920475.BJ,20260601,12.88,13.51,12.82,13.29,12.96,0.33,2.5463,8212.84,10870.82726,13.236380180303037
920476.BJ,20260601,17.56,19.24,17.56,19.22,17.73,1.49,8.4038,25224.56,47160.45514,18.696244905758512
920478.BJ,20260601,9.81,10.06,9.67,9.97,9.8,0.17,1.7347,10506.54,10436.32799,9.93317304269531
920489.BJ,20260601,14.71,15.33,14.69,15.1,14.69,0.41,2.791,23017.13,34650.11335,15.054054675800153
920491.BJ,20260601,26.38,27.54,26.0,26.13,26.69,-0.56,-2.0982,38870.15,104362.06003,26.84889562556357
920493.BJ,20260601,140.08,144.5,140.08,142.39,140.05,2.34,1.6708,11280.13,161033.57658,142.75861765777523
920496.BJ,20260601,8.31,8.44,8.03,8.12,7.9,0.22,2.7848,40506.66,33235.74847,8.205008378869055
920504.BJ,20260601,18.27,19.49,18.14,19.1,18.39,0.71,3.8608,2129.72,4015.93107,18.856615282760178
920505.BJ,20260601,32.49,33.73,32.26,32.98,32.81,0.17,0.5181,6613.6,21868.24313,33.0655666051772
920508.BJ,20260601,16.34,17.29,16.25,16.99,16.44,0.55,3.3455,6468.42,10928.58837,16.895298032595285
920509.BJ,20260601,31.01,32.25,30.6,31.05,31.7,-0.65,-2.0505,20339.98,63903.94142,31.41789786420636
920510.BJ,20260601,15.3,15.78,15.2,15.37,15.17,0.2,1.3184,20509.42,31640.22893,15.427169042322992
920519.BJ,20260601,10.6,11.02,10.55,10.97,10.66,0.31,2.9081,5569.08,6058.52864,10.878868035654005
920522.BJ,20260601,34.0,35.66,33.65,33.84,34.0,-0.16,-0.4706,53691.04,185885.29041,34.62128698009947
920523.BJ,20260601,18.63,19.35,18.6,19.06,18.57,0.49,2.6387,11038.76,21125.88314,19.137913261996818
920526.BJ,20260601,26.38,27.11,24.64,25.0,26.5,-1.5,-5.6604,38450.9,99595.82959,25.902080208785748
920527.BJ,20260601,15.11,16.11,14.94,15.8,15.24,0.56,3.6745,9011.51,14180.44376,15.73592412370402
920533.BJ,20260601,22.07,22.96,21.59,22.63,21.8,0.83,3.8073,19538.74,44104.19156,22.57268972308347
920541.BJ,20260601,10.69,10.8,10.46,10.66,10.51,0.15,1.4272,7431.26,7911.95647,10.646857289342588
920547.BJ,20260601,20.44,20.94,20.17,20.67,20.44,0.23,1.1252,2466.07,5100.83678,20.684071336174558
920553.BJ,20260601,7.47,7.66,7.4,7.65,7.42,0.23,3.0997,5645.17,4298.67823,7.61478968746734
920556.BJ,20260601,7.99,8.25,7.99,8.17,7.88,0.29,3.6802,19137.18,15593.69209,8.148375094972195
920564.BJ,20260601,21.41,22.8,21.33,22.3,21.22,1.08,5.0895,13833.6,30835.29457,22.29014469841545
920566.BJ,20260601,10.0,10.15,9.9,10.04,10.0,0.04,0.4,9974.11,10006.79473,10.032769570417809
920570.BJ,20260601,25.67,26.77,25.64,26.6,25.83,0.77,2.981,4856.75,12818.20771,26.392562330776755
920571.BJ,20260601,9.8,10.29,9.71,10.04,9.6,0.44,4.5833,165154.73,165314.94878,10.009701131781089
920575.BJ,20260601,3.7,4.18,3.61,3.92,3.72,0.2,5.3763,104937.56,40931.68638,3.9005753878782774
920576.BJ,20260601,56.64,58.75,56.5,57.82,57.32,0.5,0.8723,13610.57,78871.01312,57.94835419824445
920578.BJ,20260601,15.95,17.13,15.92,16.7,16.03,0.67,4.1797,7732.59,12930.51144,16.72209627046048
920579.BJ,20260601,16.65,17.08,16.65,16.92,16.75,0.17,1.0149,8698.32,14721.68897,16.924749802260667
920580.BJ,20260601,12.46,12.87,12.38,12.78,12.44,0.34,2.7331,25313.6,32149.52199,12.700493801750838
920592.BJ,20260601,27.94,29.4,27.94,28.79,28.21,0.58,2.056,16842.43,48534.22285,28.816639196362992
920593.BJ,20260601,27.09,28.37,27.09,27.65,26.97,0.68,2.5213,30988.16,86333.14673,27.860042909937214
920599.BJ,20260601,16.9,17.5,16.57,16.69,17.07,-0.38,-2.2261,48128.13,81589.73274,16.95260811920181
920608.BJ,20260601,14.6,15.08,14.52,15.0,14.67,0.33,2.2495,2742.43,4077.40968,14.86787148623666
920627.BJ,20260601,17.38,18.44,17.38,17.9,17.36,0.54,3.1106,13798.05,24913.15478,18.055562039563565
920634.BJ,20260601,16.55,17.55,16.55,17.22,16.72,0.5,2.9904,9827.4,16921.38698,17.218579665018215
920639.BJ,20260601,7.26,7.45,7.2,7.42,7.25,0.17,2.3448,17340.76,12795.58871,7.378908830985493
920640.BJ,20260601,31.94,32.09,30.99,31.09,31.6,-0.51,-1.6139,40989.04,129438.0369,31.5786944266077
920641.BJ,20260601,15.11,15.6,14.9,15.4,15.11,0.29,1.9193,10195.27,15707.29368,15.406451893868432
920642.BJ,20260601,11.0,11.35,10.95,11.3,10.94,0.36,3.2907,13499.22,15164.15179,11.233354067864664
920651.BJ,20260601,22.96,23.68,22.96,23.33,23.06,0.27,1.1709,4925.07,11520.28563,23.391110441069873
920656.BJ,20260601,14.38,14.64,14.02,14.62,14.38,0.24,1.669,2912.83,4224.80228,14.504115516525166
920662.BJ,20260601,19.85,20.49,19.79,20.15,19.71,0.44,2.2324,7304.86,14730.05822,20.164737202355695
920663.BJ,20260601,14.98,15.35,14.83,15.1,14.87,0.23,1.5467,13831.21,20883.71613,15.098979865102187
920665.BJ,20260601,13.06,13.47,12.61,12.88,13.17,-0.29,-2.202,49401.95,64210.85322,12.997635360547509
920670.BJ,20260601,14.0,14.42,13.78,14.23,13.74,0.49,3.5662,17990.66,25576.69799,14.216653524662242
920675.BJ,20260601,8.1,8.4,8.06,8.34,8.16,0.18,2.2059,9796.66,8130.34148,8.299095283494578
920679.BJ,20260601,16.62,17.16,16.21,16.87,16.54,0.33,1.9952,3133.09,5254.82037,16.772005815345235
920682.BJ,20260601,6.36,6.56,6.35,6.5,6.4,0.1,1.5625,17174.56,11138.31802,6.48535858851697
920685.BJ,20260601,11.31,11.7,11.13,11.63,11.31,0.32,2.8294,4181.18,4817.65565,11.522239296083878
920689.BJ,20260601,23.59,24.44,23.51,24.19,23.75,0.44,1.8526,4990.12,12071.2402,24.19028039405866
920690.BJ,20260601,17.98,18.64,17.98,18.29,18.02,0.27,1.4983,10173.45,18642.06188,18.324228142862058
920693.BJ,20260601,26.91,27.75,26.91,27.18,27.12,0.06,0.2212,4389.13,11980.58045,27.2960255221422
920694.BJ,20260601,15.46,15.99,15.16,15.78,15.62,0.16,1.0243,5207.13,8164.55788,15.6795737383165
920699.BJ,20260601,63.35,69.57,63.0,69.06,64.8,4.26,6.5741,11458.84,77793.9143,67.8898686952606
920701.BJ,20260601,12.91,13.65,12.91,13.42,12.96,0.46,3.5494,9553.25,12808.38679,13.407360625964985
920703.BJ,20260601,10.21,10.6,9.99,10.46,10.21,0.25,2.4486,6390.48,6646.41244,10.400490166622854
920706.BJ,20260601,19.35,19.93,19.22,19.55,19.8,-0.25,-1.2626,12102.2,23767.4095,19.638916477995735
920717.BJ,20260601,7.95,8.12,7.81,8.04,7.79,0.25,3.2092,10965.64,8762.51977,7.9908876910057245
920718.BJ,20260601,10.93,11.39,10.81,11.33,10.92,0.41,3.7546,10962.2,12328.8468,11.246690262903432
920719.BJ,20260601,9.87,10.39,9.8,10.21,9.8,0.41,4.1837,23369.04,23894.41069,10.224814836210644
920720.BJ,20260601,10.47,10.85,10.47,10.85,10.55,0.3,2.8436,17462.99,18738.26647,10.730273836267441
920725.BJ,20260601,53.08,63.0,53.08,62.0,52.3,9.7,18.5468,101696.44,583855.25922,57.41157303244833
920726.BJ,20260601,17.9,19.4,17.52,19.2,18.59,0.61,3.2813,53728.38,100925.79429,18.784447677372743
920729.BJ,20260601,7.29,7.55,7.27,7.43,7.27,0.16,2.2008,6598.03,4905.00291,7.434041539671691
920735.BJ,20260601,26.19,26.88,24.88,25.4,26.28,-0.88,-3.3486,32135.34,83239.19836,25.90269726724534
920748.BJ,20260601,27.76,28.98,27.66,28.75,28.1,0.65,2.3132,7528.14,21536.8521,28.60846384365859
920751.BJ,20260601,22.06,22.5,21.83,22.16,22.0,0.16,0.7273,5674.45,12629.35904,22.256534183929723
920753.BJ,20260601,16.22,16.78,16.08,16.56,16.1,0.46,2.8571,5488.11,9069.27156,16.525309368799096
920765.BJ,20260601,13.67,13.89,13.36,13.86,13.35,0.51,3.8202,13667.32,18759.24747,13.725622484876332
920768.BJ,20260601,7.96,8.15,7.78,8.07,7.89,0.18,2.2814,11505.24,9272.4405,8.059319492683334
920770.BJ,20260601,12.17,12.72,12.12,12.6,12.28,0.32,2.6059,33422.56,41905.45036,12.538073193675173
920779.BJ,20260601,27.6,28.58,27.6,28.39,27.32,1.07,3.9165,7057.25,20028.53093,28.380078543341956
920781.BJ,20260601,6.3,6.53,6.19,6.42,6.35,0.07,1.1024,17846.49,11439.82389,6.4101254028103
920786.BJ,20260601,7.48,7.96,7.42,7.95,7.59,0.36,4.7431,85595.41,66394.28541,7.756757682450495
920790.BJ,20260601,18.63,19.88,18.63,19.66,18.6,1.06,5.6989,14489.02,28278.59195,19.517256481114668
920792.BJ,20260601,10.2,10.4,10.1,10.31,10.18,0.13,1.277,8023.0,8232.65777,10.26132091486975
920799.BJ,20260601,29.58,31.49,29.39,30.68,29.59,1.09,3.6837,38290.86,118027.5536,30.823949527380684
920802.BJ,20260601,12.11,12.49,11.82,12.35,12.05,0.3,2.4896,5157.82,6326.89914,12.266614848909036
920806.BJ,20260601,10.11,10.86,10.11,10.76,10.18,0.58,5.6974,31465.31,33432.01671,10.625039673850345
920807.BJ,20260601,12.05,12.76,11.51,11.65,12.19,-0.54,-4.4299,72325.33,87200.85775,12.05675214340536
920808.BJ,20260601,75.48,77.97,74.48,74.51,76.7,-2.19,-2.8553,19471.07,148340.54338,76.1851009626076
920809.BJ,20260601,8.08,8.5,8.07,8.29,8.13,0.16,1.968,143597.17,119883.68672,8.348610680837233
920810.BJ,20260601,9.35,9.78,9.3,9.75,9.41,0.34,3.6132,6111.54,5895.20908,9.64602879143391
920819.BJ,20260601,2.99,3.06,2.97,3.04,2.97,0.07,2.3569,41783.84,12693.41457,3.0378765020160907
920821.BJ,20260601,22.1,22.95,21.5,21.7,20.88,0.82,3.9272,29651.67,65751.94965,22.174788013626213
920826.BJ,20260601,10.02,10.45,9.89,10.45,10.14,0.31,3.0572,56405.97,57647.37632,10.220084207398614
920832.BJ,20260601,6.59,7.32,6.52,7.16,6.61,0.55,8.3207,76618.46,54231.32781,7.07810204094418
920833.BJ,20260601,14.0,14.38,13.99,14.21,14.0,0.21,1.5,8083.69,11503.85636,14.230946956154924
920834.BJ,20260601,10.3,11.08,10.16,10.73,10.15,0.58,5.7143,21312.96,22698.52332,10.650103655240756
920837.BJ,20260601,11.21,11.67,11.07,11.54,11.21,0.33,2.9438,9039.61,10418.63486,11.525535791920225
920839.BJ,20260601,27.29,28.19,27.28,27.77,27.29,0.48,1.7589,5308.9,14766.51079,27.814633521068398
920855.BJ,20260601,13.75,14.17,13.51,14.14,13.52,0.62,4.5858,3409.9,4777.12524,14.009575764685183
920856.BJ,20260601,10.25,10.8,10.18,10.65,10.32,0.33,3.1977,7981.53,8474.72767,10.617923718885978
920857.BJ,20260601,19.37,22.25,19.37,21.46,18.2,3.26,17.9121,69970.57,145979.45932,20.86297986710698
920866.BJ,20260601,6.71,6.89,6.64,6.85,6.71,0.14,2.0864,6895.33,4698.40694,6.813897144879215
920870.BJ,20260601,13.63,13.89,13.5,13.89,13.59,0.3,2.2075,4497.82,6208.55756,13.803481597751802
920871.BJ,20260601,12.8,12.8,12.3,12.71,12.57,0.14,1.1138,3837.12,4836.64815,12.60489155929447
920873.BJ,20260601,8.17,8.36,7.88,8.03,8.25,-0.22,-2.6667,35116.2,28603.49189,8.145383580797468
920876.BJ,20260601,21.98,24.73,21.2,24.73,19.03,5.7,29.9527,79010.57,186067.45784,23.549691875403504
920879.BJ,20260601,16.2,16.67,16.2,16.66,16.2,0.46,2.8395,11390.39,18851.78412,16.550604606163617
920885.BJ,20260601,14.76,14.88,14.32,14.72,14.45,0.27,1.8685,14186.2,20856.68705,14.702095733882224
920892.BJ,20260601,13.31,13.65,12.6,13.5,13.74,-0.24,-1.7467,23745.38,31677.5273,13.340501310149595
920895.BJ,20260601,13.91,14.46,13.77,14.26,13.89,0.37,2.6638,6750.42,9590.94713,14.20792651420208
920896.BJ,20260601,14.72,15.27,14.66,15.15,14.8,0.35,2.3649,5466.88,8234.28946,15.06213683124561
920906.BJ,20260601,20.1,20.89,20.1,20.78,19.95,0.83,4.1604,7091.8,14653.80523,20.663026636396964
920914.BJ,20260601,20.67,21.98,20.5,21.61,20.49,1.12,5.4661,22772.7,48890.14838,21.468753542619012
920924.BJ,20260601,17.39,17.79,17.11,17.7,17.23,0.47,2.7278,10285.17,18151.56342,17.648287213531717
920925.BJ,20260601,13.02,13.33,12.94,13.28,13.1,0.18,1.374,10791.9,14281.52134,13.233556037398419
920926.BJ,20260601,12.15,12.58,12.08,12.44,12.15,0.29,2.3868,3687.25,4566.43603,12.38439495559021
920931.BJ,20260601,10.55,10.9,10.36,10.81,10.56,0.25,2.3674,4632.19,4957.03861,10.701285158855747
920932.BJ,20260601,14.98,15.61,14.41,15.29,14.96,0.33,2.2059,39341.25,60068.53035,15.26858713182728
920942.BJ,20260601,21.58,22.2,21.37,21.79,21.51,0.28,1.3017,5542.37,12139.11467,21.902389537327895
920943.BJ,20260601,14.89,15.86,14.89,15.56,15.17,0.39,2.5709,10903.5,16909.1495,15.508001559132387
920946.BJ,20260601,9.55,9.81,9.53,9.74,9.63,0.11,1.1423,28177.72,27348.96909,9.705884326340101
920950.BJ,20260601,13.8,14.22,13.74,14.15,13.88,0.27,1.9452,2055.94,2898.32179,14.097307265776237
920953.BJ,20260601,25.0,28.16,24.85,27.07,25.0,2.07,8.28,35509.22,96166.99516,27.082260652303827
920957.BJ,20260601,10.31,10.6,10.18,10.47,10.14,0.33,3.2544,5771.8,6016.574,10.424086073668526
920961.BJ,20260601,16.73,17.28,16.72,17.01,16.73,0.28,1.6736,13820.33,23587.50266,17.067249957128375
920964.BJ,20260601,5.0,5.21,4.95,5.17,5.0,0.17,3.4,21188.71,10874.71961,5.132317923082623
920970.BJ,20260601,6.17,6.44,6.12,6.35,6.16,0.19,3.0844,14358.81,9064.04447,6.312531797551469
920971.BJ,20260601,36.0,39.96,35.71,35.98,38.26,-2.28,-5.9592,78606.66,294788.45527,37.50171490176532
920974.BJ,20260601,7.15,7.43,7.12,7.41,7.18,0.23,3.2033,22714.91,16625.03863,7.318998239482348
920976.BJ,20260601,22.55,23.58,22.41,23.0,22.4,0.6,2.6786,12145.07,27982.36926,23.040105376090875
920978.BJ,20260601,22.51,23.17,22.47,22.8,22.49,0.31,1.3784,15838.61,36235.51278,22.8779626368728
920981.BJ,20260601,35.0,35.19,33.71,34.08,34.95,-0.87,-2.4893,25053.99,86181.03589,34.39812815842905
920982.BJ,20260601,163.5,169.6,159.3,161.43,165.3,-3.87,-2.3412,10617.35,174539.63391,164.3909581110164
920985.BJ,20260601,5.7,5.76,5.57,5.7,5.63,0.07,1.2433,15828.05,9018.9657,5.698090225896432
920992.BJ,20260601,13.0,13.49,12.82,13.38,13.06,0.32,2.4502,8240.46,10967.32578,13.309118398730169
