ts_code,trade_date,open,high,low,close,pre_close,change,pct_chg,vol,amount,vwap
000001.SZ,20260604,10.91,10.97,10.77,10.82,10.99,-0.17,-1.5469,869270.83,943329.311,10.851960959048863
000002.SZ,20260604,3.26,3.32,3.17,3.21,3.28,-0.07,-2.1341,1816544.44,589220.749,3.2436352011294582
000006.SZ,20260604,8.44,8.63,8.32,8.4,8.49,-0.09,-1.0601,262552.55,222387.273,8.470200460822033
000007.SZ,20260604,11.94,12.63,11.8,12.45,11.99,0.46,3.8365,107274.79,132418.377,12.34384863396144
000008.SZ,20260604,2.59,2.6,2.56,2.57,2.61,-0.04,-1.5326,246691.67,63392.845,2.5697197234101985
000009.SZ,20260604,7.17,7.23,7.06,7.09,7.21,-0.12,-1.6644,219851.62,156425.499,7.115048731503548
000010.SZ,20260604,2.2,2.25,2.09,2.15,2.2,-0.05,-2.2727,368578.41,79651.828,2.1610551741215662
000011.SZ,20260604,7.25,7.39,7.15,7.22,7.31,-0.09,-1.2312,44321.0,32079.405,7.237969585523793
000012.SZ,20260604,4.09,4.27,4.05,4.2,4.11,0.09,2.1898,701996.24,294047.808,4.188737649079146
000014.SZ,20260604,10.73,10.84,10.41,10.47,10.77,-0.3,-2.7855,50440.08,53289.989,10.56500881838411
000016.SZ,20260604,3.34,3.36,3.17,3.21,3.34,-0.13,-3.8922,384205.03,124830.901,3.249069930188056
000017.SZ,20260604,5.35,5.39,5.21,5.25,5.37,-0.12,-2.2346,66458.32,34982.87,5.263881181468325
000019.SZ,20260604,6.54,6.61,6.32,6.38,6.54,-0.16,-2.4465,85934.2,55258.633,6.430342401511854
000020.SZ,20260604,12.31,12.58,12.2,12.35,12.43,-0.08,-0.6436,30859.0,38013.953,12.318595223435626
000021.SZ,20260604,37.51,40.35,37.5,39.68,38.3,1.38,3.6031,1662804.67,6550356.937,39.39342398527182
000025.SZ,20260604,15.0,15.48,14.92,15.24,15.12,0.12,0.7937,68656.0,104440.082,15.212083721743184
000026.SZ,20260604,22.28,22.41,21.3,21.56,22.38,-0.82,-3.664,141637.2,306283.75,21.624527313445903
000027.SZ,20260604,7.86,8.02,7.75,7.79,7.96,-0.17,-2.1357,771092.72,605849.989,7.857031629088652
000028.SZ,20260604,23.13,23.2,22.61,22.7,23.14,-0.44,-1.9015,28388.02,64844.287,22.842130941150526
000029.SZ,20260604,23.4,23.85,23.21,23.44,23.46,-0.02,-0.0853,48770.35,114695.047,23.517372132863514
000030.SZ,20260604,4.58,4.63,4.49,4.51,4.6,-0.09,-1.9565,93996.4,42714.975,4.544320314395019
000031.SZ,20260604,2.7,2.77,2.53,2.56,2.67,-0.11,-4.1199,509121.0,134142.988,2.634795814747379
000032.SZ,20260604,15.89,17.34,15.66,16.36,15.94,0.42,2.6349,309953.95,505337.498,16.303631491065044
000034.SZ,20260604,25.0,25.35,24.7,24.9,25.58,-0.68,-2.6583,298842.44,747154.242,25.001610949234653
000035.SZ,20260604,5.87,5.93,5.66,5.69,5.91,-0.22,-3.7225,308478.23,177444.071,5.752239663719544
000036.SZ,20260604,5.04,5.24,5.03,5.11,5.06,0.05,0.9881,280909.1,144455.057,5.142412865941331
000037.SZ,20260604,11.71,11.82,11.33,11.46,11.88,-0.42,-3.5354,475165.41,546841.832,11.508452014636337
000039.SZ,20260604,10.59,10.64,10.04,10.09,10.56,-0.47,-4.4508,398569.28,405915.494,10.184314606484472
000042.SZ,20260604,9.87,10.15,9.85,9.99,9.9,0.09,0.9091,67169.71,67169.803,10.000013845526503
000045.SZ,20260604,11.31,11.42,11.2,11.3,11.29,0.01,0.0886,48676.03,54986.462,11.296414682955863
000048.SZ,20260604,14.29,14.79,14.2,14.57,14.39,0.18,1.2509,173493.32,251138.124,14.475377149967503
000049.SZ,20260604,25.05,25.14,24.41,24.61,25.26,-0.65,-2.5732,84139.43,207928.428,24.712364702256725
000050.SZ,20260604,7.9,8.34,7.89,8.24,8.0,0.24,3.0,526813.1,431891.849,8.198198734997288
000055.SZ,20260604,3.89,3.95,3.7,3.72,3.93,-0.21,-5.3435,710619.15,268461.5,3.777853439497092
000056.SZ,20260604,1.66,1.75,1.66,1.75,1.67,0.08,4.7904,687029.0,118223.88,1.72079897646242
000058.SZ,20260604,7.11,7.2,6.94,7.0,7.23,-0.23,-3.1812,118461.0,83457.542,7.04514920522366
000059.SZ,20260604,4.86,4.89,4.56,4.6,4.86,-0.26,-5.3498,329307.99,154234.568,4.683596289297444
000060.SZ,20260604,8.04,8.05,7.77,7.8,8.17,-0.37,-4.5288,2812784.39,2208121.142,7.850303598990038
000061.SZ,20260604,6.31,6.37,6.19,6.22,6.32,-0.1,-1.5823,135778.0,84797.703,6.24531978671066
000062.SZ,20260604,32.55,33.41,31.8,32.77,32.84,-0.07,-0.2132,714546.48,2340458.529,32.754461669169515
000063.SZ,20260604,36.36,38.5,36.03,37.74,36.44,1.3,3.5675,2405913.39,9066393.552,37.68379023818475
000065.SZ,20260604,12.18,12.78,12.18,12.63,12.18,0.45,3.6946,339272.11,425127.507,12.53057632706679
000066.SZ,20260604,17.81,18.35,17.71,17.95,18.04,-0.09,-0.4989,1252927.64,2258330.526,18.024428976600756
000068.SZ,20260604,3.21,3.25,3.15,3.24,3.22,0.02,0.6211,169175.84,54243.382,3.206331471444149
000069.SZ,20260604,1.95,1.98,1.89,1.91,1.96,-0.05,-2.551,570971.85,110121.584,1.928669232992835
000070.SZ,20260604,17.42,19.35,17.42,18.53,18.06,0.47,2.6024,726960.65,1352906.763,18.610453853313793
000078.SZ,20260604,1.74,1.76,1.69,1.69,1.78,-0.09,-5.0562,1085904.76,185727.043,1.71034375979713
000088.SZ,20260604,4.43,4.46,4.38,4.4,4.44,-0.04,-0.9009,247716.42,109250.04,4.410286568811223
000089.SZ,20260604,6.63,6.67,6.5,6.53,6.62,-0.09,-1.3595,127348.3,83484.57,6.555609301419807
000090.SZ,20260604,3.57,3.68,3.5,3.52,3.59,-0.07,-1.9499,498218.95,177859.368,3.569903714019709
000096.SZ,20260604,8.25,8.28,7.98,8.05,8.33,-0.28,-3.3613,71750.0,57973.513,8.079932125435539
000099.SZ,20260604,15.41,15.51,14.87,15.0,15.45,-0.45,-2.9126,113667.16,171701.373,15.105627078216786
000100.SZ,20260604,4.72,5.03,4.68,4.92,4.74,0.18,3.7975,21305465.78,10364390.98,4.864662940027965
000151.SZ,20260604,13.8,14.39,13.75,14.23,13.86,0.37,2.6696,195488.42,276610.443,14.149709890744424
000153.SZ,20260604,5.6,5.66,5.46,5.49,5.64,-0.15,-2.6596,53076.72,29362.621,5.532109180823532
000155.SZ,20260604,13.87,13.95,13.5,13.6,14.0,-0.4,-2.8571,391073.05,535311.203,13.68826624590981
000156.SZ,20260604,6.8,6.85,6.62,6.68,6.83,-0.15,-2.1962,93732.78,62860.72,6.70637529368061
000157.SZ,20260604,7.22,7.48,7.2,7.39,7.25,0.14,1.931,857080.65,634685.939,7.405206721211125
000158.SZ,20260604,15.05,15.1,14.46,14.51,15.2,-0.69,-4.5395,313352.98,458937.534,14.646024237586634
000159.SZ,20260604,6.86,6.96,6.73,6.88,6.86,0.02,0.2915,250071.35,171574.825,6.861034860650771
000166.SZ,20260604,4.39,4.43,4.28,4.32,4.41,-0.09,-2.0408,898506.23,390975.275,4.351391920788352
000301.SZ,20260604,11.86,11.87,11.48,11.62,11.88,-0.26,-2.1886,190910.43,221892.767,11.62287293575317
000333.SZ,20260604,82.05,83.48,81.8,82.42,82.61,-0.19,-0.23,243658.47,2019048.245,82.8638645313664
000338.SZ,20260604,32.29,33.98,31.75,33.74,32.27,1.47,4.5553,862090.21,2890569.085,33.529775091634555
000400.SZ,20260604,25.77,25.77,24.01,24.11,25.91,-1.8,-6.9471,459232.16,1134222.774,24.698243563778284
000401.SZ,20260604,3.98,4.01,3.92,3.93,4.0,-0.07,-1.75,74808.68,29562.962,3.9518090681455686
000402.SZ,20260604,2.96,3.04,2.86,2.89,2.98,-0.09,-3.0201,766234.0,225125.918,2.93808311821193
000403.SZ,20260604,12.84,13.0,12.68,12.84,12.96,-0.12,-0.9259,135566.75,173676.003,12.81110618938641
000404.SZ,20260604,8.05,8.23,7.92,8.06,8.08,-0.02,-0.2475,140414.75,112532.783,8.014313524754344
000407.SZ,20260604,4.22,4.27,4.16,4.19,4.27,-0.08,-1.8735,118457.0,49743.587,4.199294849607875
000408.SZ,20260604,79.0,79.39,77.02,77.65,79.9,-2.25,-2.816,89560.88,697976.904,77.93323424245048
000409.SZ,20260604,9.64,9.65,9.45,9.46,9.62,-0.16,-1.6632,55061.18,52367.167,9.510723707701143
000410.SZ,20260604,5.26,5.35,5.17,5.24,5.27,-0.03,-0.5693,167692.92,87908.141,5.242209450464576
000411.SZ,20260604,11.72,11.93,11.64,11.68,11.81,-0.13,-1.1008,139549.0,164350.669,11.777273144200244
000415.SZ,20260604,3.95,4.02,3.87,3.92,3.94,-0.02,-0.5076,562577.3,221139.463,3.9308280479855826
000417.SZ,20260604,7.66,7.92,7.63,7.78,7.79,-0.01,-0.1284,470810.35,366461.763,7.783638634962039
000419.SZ,20260604,5.09,5.19,4.99,5.02,5.1,-0.08,-1.5686,65331.2,33098.497,5.066261908552116
000420.SZ,20260604,4.42,4.47,4.34,4.38,4.5,-0.12,-2.6667,763482.39,334282.43,4.378390836231337
000421.SZ,20260604,5.85,5.89,5.7,5.73,5.87,-0.14,-2.385,61685.0,35566.12,5.765764772635162
000422.SZ,20260604,13.65,13.7,13.21,13.31,13.73,-0.42,-3.059,281249.86,375400.465,13.347578733016972
000423.SZ,20260604,49.37,49.69,48.4,48.6,49.32,-0.72,-1.4599,32711.64,159910.312,48.88483487834912
000425.SZ,20260604,9.34,9.64,9.28,9.45,9.37,0.08,0.8538,976645.01,925407.425,9.475371455591628
000426.SZ,20260604,41.62,41.75,39.7,39.89,42.08,-2.19,-5.2044,697434.07,2808653.597,40.27124165299238
000428.SZ,20260604,3.54,3.59,3.47,3.51,3.55,-0.04,-1.1268,117669.55,41388.017,3.5173090234474422
000429.SZ,20260604,13.86,13.99,13.73,13.85,13.8,0.05,0.3623,56223.45,77895.924,13.85470368680684
000430.SZ,20260604,8.2,8.34,7.99,8.29,8.3,-0.01,-0.1205,175193.0,143260.461,8.177293670409206
000488.SZ,20260604,2.21,2.21,2.13,2.14,2.22,-0.08,-3.6036,205695.0,44398.468,2.158461216850191
000498.SZ,20260604,5.22,5.25,5.12,5.13,5.23,-0.1,-1.912,74941.0,38723.122,5.167147756234906
000501.SZ,20260604,7.42,7.47,7.14,7.21,7.43,-0.22,-2.961,88793.18,64233.347,7.234040609875669
000503.SZ,20260604,6.99,7.16,6.96,6.99,7.03,-0.04,-0.569,99927.75,70408.997,7.045990428084291
000504.SZ,20260604,9.43,9.43,8.97,8.97,9.44,-0.47,-4.9788,53213.0,48223.276,9.062311089395449
000505.SZ,20260604,5.84,5.93,5.76,5.81,5.89,-0.08,-1.3582,70238.0,40884.359,5.8208318858737425
000506.SZ,20260604,14.21,14.26,13.75,14.0,14.18,-0.18,-1.2694,259399.1,362035.055,13.956681229811513
000507.SZ,20260604,5.26,5.31,5.18,5.25,5.29,-0.04,-0.7561,144332.36,75711.552,5.245639439416081
000509.SZ,20260604,4.75,5.2,4.7,4.79,4.89,-0.1,-2.045,1551062.5,759813.464,4.898664392956442
000510.SZ,20260604,18.87,19.73,18.42,19.23,19.18,0.05,0.2607,503578.5,958393.378,19.031657983809872
000513.SZ,20260604,30.57,30.81,30.17,30.35,30.57,-0.22,-0.7197,28393.71,86273.6,30.384757750924415
000514.SZ,20260604,4.45,4.55,4.32,4.36,4.47,-0.11,-2.4609,119512.49,52828.721,4.420351462847105
000516.SZ,20260604,4.18,4.18,4.08,4.09,4.19,-0.1,-2.3866,163339.0,67160.037,4.11169634931033
000517.SZ,20260604,1.87,2.06,1.86,1.93,1.87,0.06,3.2086,690757.07,136047.733,1.969545284567265
000518.SZ,20260604,3.93,3.93,3.64,3.64,3.93,-0.29,-7.3791,1773803.33,660286.219,3.7224319507845327
000519.SZ,20260604,19.72,20.03,19.48,19.7,20.22,-0.52,-2.5717,671478.13,1325025.934,19.732972300974268
000520.SZ,20260604,3.8,4.18,3.79,4.18,3.8,0.38,10.0,659997.99,269719.33,4.086668960916079
000521.SZ,20260604,5.59,5.72,5.56,5.7,5.58,0.12,2.1505,112411.07,63801.132,5.675698309783902
000523.SZ,20260604,3.17,3.2,3.05,3.06,3.18,-0.12,-3.7736,261999.2,81211.026,3.0996669455479253
000524.SZ,20260604,9.2,9.25,8.99,9.08,9.23,-0.15,-1.6251,72460.35,65843.22,9.086792984025056
000525.SZ,20260604,4.73,4.74,4.5,4.53,4.78,-0.25,-5.2301,296979.34,135587.292,4.565546276720797
000526.SZ,20260604,27.68,27.68,26.81,27.03,27.71,-0.68,-2.454,21866.0,59240.076,27.092324156224276
000528.SZ,20260604,8.57,8.65,8.42,8.47,8.55,-0.08,-0.9357,274121.99,233828.468,8.530087936396493
000529.SZ,20260604,5.01,5.07,4.9,4.94,5.04,-0.1,-1.9841,37568.93,18625.649,4.957726770498921
000530.SZ,20260604,6.21,6.29,6.14,6.24,6.32,-0.08,-1.2658,369139.7,229065.136,6.205377963952401
000531.SZ,20260604,7.68,7.87,7.62,7.69,7.88,-0.19,-2.4112,310932.01,240282.44,7.7278129067509
000532.SZ,20260604,11.82,12.46,11.78,12.35,11.93,0.42,3.5205,116530.25,142689.148,12.244816088526369
000533.SZ,20260604,11.66,11.82,11.36,11.56,11.82,-0.26,-2.1997,339727.85,391770.001,11.531877677970765
000534.SZ,20260604,30.75,33.5,30.12,33.05,30.84,2.21,7.166,315040.62,1018723.254,32.336250925356865
000536.SZ,20260604,3.7,4.13,3.66,4.13,3.75,0.38,10.1333,1099970.35,449310.413,4.084750220767314
000537.SZ,20260604,10.9,11.32,10.84,10.93,11.06,-0.13,-1.1754,686761.22,762285.893,11.09972244792739
000538.SZ,20260604,49.13,49.45,48.46,48.6,49.15,-0.55,-1.119,72247.53,352907.957,48.8470618995556
000539.SZ,20260604,9.01,9.36,8.7,9.17,9.4,-0.23,-2.4468,3261055.22,2947280.043,9.037810905268877
000541.SZ,20260604,5.0,5.07,4.95,5.0,5.03,-0.03,-0.5964,87084.3,43573.364,5.003584342987198
000543.SZ,20260604,9.5,9.75,9.5,9.6,9.62,-0.02,-0.2079,716614.13,690135.225,9.630499820035643
000544.SZ,20260604,8.01,8.06,7.75,7.79,8.05,-0.26,-3.2298,45353.0,35699.528,7.871481048662712
000545.SZ,20260604,2.47,2.49,2.39,2.41,2.49,-0.08,-3.2129,301234.4,72842.003,2.418117021163585
000546.SZ,20260604,5.37,5.37,5.18,5.23,5.37,-0.14,-2.6071,231929.0,121624.511,5.244040676241436
000547.SZ,20260604,19.95,20.23,19.72,19.9,20.15,-0.25,-1.2407,541249.79,1079068.093,19.936600677480172
000548.SZ,20260604,4.73,4.77,4.62,4.66,4.75,-0.09,-1.8947,57479.46,26920.797,4.683550784923867
000550.SZ,20260604,17.36,17.84,17.12,17.23,17.46,-0.23,-1.3173,45551.0,79635.858,17.482790279027903
000551.SZ,20260604,15.06,15.19,14.88,15.11,15.32,-0.21,-1.3708,103535.06,155619.769,15.030634936609879
000552.SZ,20260604,2.88,2.95,2.87,2.9,2.9,0.0,0.0,1185661.0,345390.307,2.9130612122689366
000553.SZ,20260604,6.26,6.26,6.04,6.07,6.27,-0.2,-3.1898,89265.0,54534.195,6.109247185347001
000554.SZ,20260604,6.93,6.96,6.64,6.7,7.04,-0.34,-4.8295,179981.6,121090.706,6.727949190361682
000555.SZ,20260604,12.76,12.82,12.15,12.25,12.94,-0.69,-5.3323,327588.2,405918.538,12.391122085594047
000557.SZ,20260604,4.18,4.21,4.07,4.09,4.18,-0.09,-2.1531,69507.66,28701.081,4.129196839600125
000558.SZ,20260604,3.61,3.66,3.56,3.59,3.64,-0.05,-1.3736,235179.77,84574.333,3.5961568037931153
000559.SZ,20260604,14.51,15.2,14.3,14.85,14.7,0.15,1.0204,660676.25,978890.93,14.81649945794177
000560.SZ,20260604,2.66,2.7,2.57,2.58,2.68,-0.1,-3.7313,788754.08,207305.02,2.6282592414609125
000561.SZ,20260604,8.05,8.12,7.92,7.99,8.08,-0.09,-1.1139,84532.04,67728.899,8.012216314666015
000563.SZ,20260604,2.97,2.98,2.92,2.93,2.97,-0.04,-1.3468,260977.1,76799.48,2.9427670090594154
000564.SZ,20260604,1.64,1.67,1.59,1.6,1.66,-0.06,-3.6145,2756242.85,445848.033,1.6175934315802396
000565.SZ,20260604,6.77,6.82,6.57,6.62,6.81,-0.19,-2.79,92204.12,61170.865,6.6342876001636375
000566.SZ,20260604,4.06,4.08,3.93,3.97,4.08,-0.11,-2.6961,226691.68,90353.529,3.9857452642284885
000567.SZ,20260604,6.01,6.07,5.84,5.89,6.08,-0.19,-3.125,246136.69,145756.823,5.921783664190821
000568.SZ,20260604,87.4,88.33,86.6,86.6,87.55,-0.95,-1.0851,73552.3,642332.463,87.33003087598891
000570.SZ,20260604,5.55,5.63,5.42,5.5,5.6,-0.1,-1.7857,117226.0,64387.45,5.49259123402658
000571.SZ,20260604,5.79,5.87,5.66,5.74,5.81,-0.07,-1.2048,255792.56,147711.103,5.774644227337965
000572.SZ,20260604,4.44,4.49,4.4,4.43,4.47,-0.04,-0.8949,278463.0,123417.13,4.432083616135716
000573.SZ,20260604,4.23,4.33,4.2,4.24,4.22,0.02,0.4739,206873.0,88175.214,4.2622872003596415
000576.SZ,20260604,7.48,7.5,7.28,7.36,7.49,-0.13,-1.7356,46197.89,34066.048,7.37394023839617
000581.SZ,20260604,19.0,19.05,18.61,18.72,19.0,-0.28,-1.4737,85696.12,160827.82,18.767223066808626
000582.SZ,20260604,14.87,15.3,13.42,13.42,14.91,-1.49,-9.9933,1646123.67,2327123.555,14.136991025710726
000586.SZ,20260604,16.58,17.8,16.58,16.61,16.55,0.06,0.3625,175595.65,298171.17,16.980555611713616
000589.SZ,20260604,4.68,4.72,4.55,4.59,4.69,-0.1,-2.1322,304942.02,141155.636,4.628933592031691
000590.SZ,20260604,9.88,9.98,9.68,9.73,9.96,-0.23,-2.3092,29253.0,28508.535,9.745508153009947
000591.SZ,20260604,5.5,5.69,5.42,5.59,5.56,0.03,0.5396,1249149.01,698166.727,5.589138857020749
000592.SZ,20260604,8.16,8.29,8.01,8.05,8.22,-0.17,-2.0681,1000580.51,808877.042,8.084077532151811
000593.SZ,20260604,20.41,20.7,20.04,20.39,20.71,-0.32,-1.5451,96218.97,195712.311,20.340304100116636
000595.SZ,20260604,7.3,7.37,6.95,6.95,7.32,-0.37,-5.0546,333727.52,235973.171,7.070833445201043
000596.SZ,20260604,90.0,91.55,88.0,88.57,90.49,-1.92,-2.1218,27994.65,249812.289,89.2357250403202
000597.SZ,20260604,4.49,4.52,4.4,4.43,4.5,-0.07,-1.5556,94809.27,42067.73,4.4370903815629
000598.SZ,20260604,7.07,7.12,6.89,6.92,7.08,-0.16,-2.2599,292973.0,204661.25,6.9856693278902835
000599.SZ,20260604,5.11,5.17,4.97,5.03,5.16,-0.13,-2.5194,108011.01,54464.405,5.042486409487329
000600.SZ,20260604,12.0,12.98,11.96,12.57,12.45,0.12,0.9639,1217313.55,1522857.423,12.509984982915864
000601.SZ,20260604,8.85,9.16,8.55,8.6,9.3,-0.7,-7.5269,2210718.66,1940699.905,8.778592862648564
000603.SZ,20260604,30.94,31.1,30.05,30.12,31.26,-1.14,-3.6468,156466.36,475381.927,30.382372734944436
000605.SZ,20260604,6.24,6.32,6.13,6.17,6.28,-0.11,-1.7516,49057.15,30410.906,6.199077198736576
000607.SZ,20260604,3.52,3.58,3.46,3.49,3.56,-0.07,-1.9663,103298.0,36199.201,3.504346744370656
000608.SZ,20260604,4.75,5.1,4.71,5.02,4.64,0.38,8.1897,647516.16,322473.654,4.980163800081838
000609.SZ,20260604,12.47,12.95,12.32,12.41,12.35,0.06,0.4858,126587.0,159808.793,12.6244237559939
000610.SZ,20260604,7.53,7.58,7.35,7.44,7.6,-0.16,-2.1053,27142.0,20213.38,7.4472699137867515
000612.SZ,20260604,11.94,11.94,11.4,11.45,12.1,-0.65,-5.3719,496375.4,572667.519,11.53698428648962
000615.SZ,20260604,3.61,3.67,3.56,3.59,3.65,-0.06,-1.6438,88813.82,32058.166,3.609592065739318
000617.SZ,20260604,7.6,7.65,7.43,7.46,7.67,-0.21,-2.7379,873967.51,656108.167,7.50723750588852
000619.SZ,20260604,5.46,5.53,5.34,5.4,5.5,-0.1,-1.8182,66622.51,36106.784,5.419607276879842
000620.SZ,20260604,2.81,3.06,2.8,2.98,2.87,0.11,3.8328,2637949.11,767828.704,2.9107032470387577
000623.SZ,20260604,17.2,17.35,16.88,16.98,17.25,-0.27,-1.5652,104255.6,178038.111,17.077078929093496
000625.SZ,20260604,8.1,8.21,7.96,8.0,8.16,-0.16,-1.9608,772196.24,621350.392,8.046534803122066
000626.SZ,20260604,8.05,8.22,7.8,7.85,8.02,-0.17,-2.1197,155736.2,124131.881,7.970650433232606
000628.SZ,20260604,53.56,56.58,53.55,54.32,54.19,0.13,0.2399,108192.79,596840.232,55.16451068504657
000629.SZ,20260604,3.43,3.44,3.32,3.35,3.44,-0.09,-2.6163,1043147.29,350919.09,3.3640416206229133
000630.SZ,20260604,6.85,6.87,6.66,6.69,7.07,-0.38,-5.3748,4810774.98,3235531.025,6.725592110317327
000631.SZ,20260604,3.35,3.55,3.35,3.38,3.37,0.01,0.2967,293405.2,100043.963,3.409754257934079
000632.SZ,20260604,4.16,4.19,3.95,4.06,4.12,-0.06,-1.4563,194803.0,79313.262,4.0714599877825295
000633.SZ,20260604,5.53,5.58,5.41,5.47,5.59,-0.12,-2.1467,80154.21,43749.394,5.458152977866041
000635.SZ,20260604,7.05,7.1,6.86,6.91,7.06,-0.15,-2.1246,45460.42,31478.789,6.924438665546865
000636.SZ,20260604,58.8,64.59,58.8,63.5,60.54,2.96,4.8893,1678702.8,10425520.143,62.10462115747945
000637.SZ,20260604,4.35,4.36,4.13,4.18,4.35,-0.17,-3.908,101001.0,42360.551,4.194072434926387
000639.SZ,20260604,1.63,1.63,1.61,1.63,1.55,0.08,5.1613,417501.58,68016.976,1.6291429603691556
000650.SZ,20260604,5.33,5.37,5.25,5.27,5.33,-0.06,-1.1257,97840.14,51776.587,5.291957574876732
000651.SZ,20260604,39.5,39.86,38.8,38.88,39.5,-0.62,-1.5696,390448.05,1531421.75,39.222164126572025
000652.SZ,20260604,3.66,3.71,3.53,3.57,3.68,-0.11,-2.9891,221541.69,79839.133,3.6037972356354238
000655.SZ,20260604,7.31,7.31,7.01,7.11,7.35,-0.24,-3.2653,77997.78,55570.864,7.124672522730775
000656.SZ,20260604,1.44,1.44,1.4,1.42,1.44,-0.02,-1.3889,696619.57,99132.422,1.4230496280774887
000657.SZ,20260604,70.5,74.81,69.0,74.33,71.71,2.62,3.6536,1056332.13,7680795.539,72.71193709690532
000659.SZ,20260604,3.88,3.89,3.73,3.76,3.87,-0.11,-2.8424,192703.7,72841.246,3.7799609452231584
000661.SZ,20260604,69.3,69.88,67.7,68.1,69.65,-1.55,-2.2254,65121.02,446382.115,68.54654841094319
000663.SZ,20260604,5.88,5.96,5.71,5.75,5.87,-0.12,-2.0443,54861.0,31811.013,5.798474872860502
000665.SZ,20260604,4.14,4.21,4.09,4.17,4.2,-0.03,-0.7143,132595.75,54901.54,4.140520340961155
000668.SZ,20260604,19.1,19.4,18.55,18.72,19.66,-0.94,-4.7813,39200.0,74116.089,18.90716556122449
000669.SZ,20260604,4.21,4.37,4.15,4.36,4.2,0.16,3.8095,126966.0,53995.275,4.25273498416899
000670.SZ,20260604,8.52,9.67,8.46,9.67,8.79,0.88,10.0114,991182.3,929230.783,9.374973534131914
000672.SZ,20260604,16.07,16.38,15.96,16.12,16.38,-0.26,-1.5873,123360.03,199695.424,16.188016815495264
000676.SZ,20260604,5.73,5.87,5.64,5.69,5.78,-0.09,-1.5571,275800.23,158714.515,5.754691176290898
000677.SZ,20260604,2.06,2.09,2.02,2.02,2.13,-0.11,-5.1643,546201.84,111496.131,2.0412990736171817
000678.SZ,20260604,11.81,11.95,11.52,11.68,11.92,-0.24,-2.0134,109829.5,128544.841,11.704035891996229
000679.SZ,20260604,6.33,6.5,6.22,6.25,6.35,-0.1,-1.5748,48087.0,30505.762,6.343868821095098
000680.SZ,20260604,10.82,10.96,10.72,10.85,10.82,0.03,0.2773,147099.57,159501.622,10.8431059315809
000681.SZ,20260604,22.55,23.33,22.32,23.2,22.91,0.29,1.2658,703187.98,1612613.808,22.932897800670595
000682.SZ,20260604,13.36,13.38,12.92,12.99,13.49,-0.5,-3.7064,361205.69,472870.017,13.091433221885291
000683.SZ,20260604,7.24,7.29,6.96,7.0,7.26,-0.26,-3.5813,415452.95,292444.962,7.039183666886948
000685.SZ,20260604,11.17,11.27,10.88,10.94,11.25,-0.31,-2.7556,206706.78,228001.821,11.030205250161607
000686.SZ,20260604,7.89,7.97,7.64,7.74,7.93,-0.19,-2.396,272342.43,211982.337,7.7836691476976245
000688.SZ,20260604,39.0,39.09,37.01,38.2,39.43,-1.23,-3.1195,230706.56,875200.765,37.93566879936141
000690.SZ,20260604,5.8,5.95,5.76,5.83,5.81,0.02,0.3442,1335018.53,780687.773,5.847767319004928
000691.SZ,20260604,8.71,8.92,8.67,8.72,8.96,-0.24,-2.6786,97707.0,85654.254,8.76643986613037
000692.SZ,20260604,5.21,5.27,5.04,5.09,5.2,-0.11,-2.1154,294011.0,150490.442,5.118531007343263
000695.SZ,20260604,14.33,14.61,13.84,13.96,14.54,-0.58,-3.989,141925.0,201306.794,14.18402635194645
000697.SZ,20260604,11.5,11.5,11.05,11.18,11.59,-0.41,-3.5375,154949.0,173829.91,11.218524159562179
000698.SZ,20260604,3.5,3.51,3.44,3.46,3.49,-0.03,-0.8596,30691.51,10631.492,3.4639846654661177
000700.SZ,20260604,17.15,18.24,16.88,17.8,16.58,1.22,7.3583,1880836.41,3332457.732,17.71795630009098
000701.SZ,20260604,5.73,5.95,5.48,5.55,5.63,-0.08,-1.421,246367.0,138862.255,5.636398340686862
000702.SZ,20260604,5.93,6.01,5.72,5.78,5.9,-0.12,-2.0339,62930.69,36578.343,5.812480842018417
000703.SZ,20260604,13.39,13.4,12.91,13.11,13.5,-0.39,-2.8889,438824.57,575556.562,13.115869104594577
000705.SZ,20260604,6.87,6.92,6.71,6.77,6.88,-0.11,-1.5988,53050.0,35942.095,6.775135721017907
000707.SZ,20260604,4.96,4.97,4.78,4.81,4.97,-0.16,-3.2193,84982.23,41166.202,4.844095289097497
000708.SZ,20260604,13.66,13.78,13.34,13.66,13.7,-0.04,-0.292,153189.62,207947.914,13.574543366580581
000709.SZ,20260604,2.2,2.22,2.17,2.18,2.21,-0.03,-1.3575,822945.79,180122.434,2.1887521169529283
000710.SZ,20260604,8.53,8.61,8.23,8.3,8.55,-0.25,-2.924,73945.01,61741.555,8.349658076995324
000711.SZ,20260604,6.2,6.28,5.99,6.04,6.3,-0.26,-4.127,923066.6,559650.596,6.062949260649232
000712.SZ,20260604,9.5,9.7,9.22,9.39,9.89,-0.5,-5.0556,484149.24,458672.575,9.473784880876813
000713.SZ,20260604,5.92,6.0,5.86,5.87,5.96,-0.09,-1.5101,36773.36,21788.015,5.92494539525352
000715.SZ,20260604,5.12,5.22,4.95,4.98,5.13,-0.15,-2.924,113738.87,57369.497,5.043965796389572
000716.SZ,20260604,5.57,5.74,5.18,5.2,5.63,-0.43,-7.6377,523578.69,281846.761,5.383083123570213
000717.SZ,20260604,2.21,2.23,2.16,2.17,2.21,-0.04,-1.81,167052.0,36501.805,2.185056449488782
000718.SZ,20260604,2.02,2.23,2.02,2.23,2.03,0.2,9.8522,582073.99,126748.814,2.1775378418815796
000719.SZ,20260604,13.4,13.49,12.96,13.11,13.53,-0.42,-3.1042,46983.29,61883.918,13.171473943182779
000720.SZ,20260604,5.33,5.34,5.13,5.18,5.49,-0.31,-5.6466,1098882.31,572805.225,5.212616672298601
000721.SZ,20260604,6.41,6.47,6.2,6.27,6.42,-0.15,-2.3364,83717.0,52698.075,6.294787796982692
000722.SZ,20260604,16.06,16.33,15.68,15.78,16.65,-0.87,-5.2252,487836.49,780580.644,16.000866273861554
000723.SZ,20260604,4.4,4.51,4.34,4.44,4.42,0.02,0.4525,1077413.37,477482.887,4.431752011764992
000725.SZ,20260604,5.69,6.15,5.69,6.15,5.59,0.56,10.0179,33229988.19,19950265.964,6.003693365742361
000726.SZ,20260604,5.97,6.0,5.86,5.89,6.0,-0.11,-1.8333,53984.0,31887.534,5.906849066390042
000727.SZ,20260604,2.88,3.0,2.85,2.9,2.92,-0.02,-0.6849,2048707.0,599130.187,2.924430809286052
000728.SZ,20260604,7.1,7.16,6.93,6.97,7.12,-0.15,-2.1067,370135.76,260236.599,7.030841845705478
000729.SZ,20260604,12.04,12.2,11.88,11.9,12.12,-0.22,-1.8152,268772.21,321458.915,11.96027353423183
000731.SZ,20260604,6.07,6.07,5.87,5.92,6.08,-0.16,-2.6316,63451.02,37644.542,5.932850567256445
000733.SZ,20260604,53.82,59.31,53.31,59.31,53.92,5.39,9.9963,768752.03,4383450.946,57.02034953975992
000735.SZ,20260604,5.37,5.44,5.22,5.26,5.38,-0.12,-2.2305,165570.16,87660.176,5.29444291169375
000736.SZ,20260604,5.16,5.24,4.84,4.84,5.38,-0.54,-10.0372,293545.75,145836.103,4.968087700128515
000737.SZ,20260604,14.69,14.72,14.17,14.23,14.9,-0.67,-4.4966,618500.8,887749.499,14.35324738464364
000738.SZ,20260604,18.55,18.81,18.25,18.81,18.69,0.12,0.6421,155888.07,288903.299,18.532739484169632
000739.SZ,20260604,16.4,16.54,15.9,16.05,16.45,-0.4,-2.4316,75287.97,121297.098,16.11108627314563
000750.SZ,20260604,3.66,3.69,3.56,3.61,3.67,-0.06,-1.6349,493820.85,178634.041,3.6173855559156727
000751.SZ,20260604,5.45,5.46,5.12,5.15,5.53,-0.38,-6.8716,869781.62,451997.782,5.19668123131873
000752.SZ,20260604,9.03,9.17,9.01,9.03,9.12,-0.09,-0.9868,13844.0,12526.368,9.04822883559665
000753.SZ,20260604,5.3,5.36,5.17,5.22,5.32,-0.1,-1.8797,135522.0,70806.068,5.224691784359735
000755.SZ,20260604,5.37,5.39,5.07,5.19,5.41,-0.22,-4.0665,173488.24,90186.18,5.19840307331494
000756.SZ,20260604,13.15,13.21,12.7,12.76,13.15,-0.39,-2.9658,50381.1,65027.045,12.907031605105884
000757.SZ,20260604,3.99,4.04,3.87,3.91,4.01,-0.1,-2.4938,82857.0,32526.235,3.9255868544600943
000758.SZ,20260604,6.95,7.04,6.69,6.83,7.05,-0.22,-3.1206,705261.08,481009.021,6.820297257860877
000759.SZ,20260604,5.69,5.83,5.18,5.18,5.75,-0.57,-9.913,789746.2,422019.757,5.343739001213301
000761.SZ,20260604,2.52,2.55,2.43,2.46,2.53,-0.07,-2.7668,156980.01,38884.366,2.477026597208141
000762.SZ,20260604,29.17,29.18,27.89,28.08,29.31,-1.23,-4.1965,216356.55,612056.264,28.289241254771348
000766.SZ,20260604,23.23,25.8,23.03,24.7,23.45,1.25,5.3305,317568.27,779480.127,24.545277366658826
000767.SZ,20260604,5.7,5.97,5.64,5.74,6.07,-0.33,-5.4366,4380220.64,2531955.243,5.780428547087984
000768.SZ,20260604,21.84,21.84,21.0,21.1,21.89,-0.79,-3.609,321501.26,685544.108,21.323216835915353
000776.SZ,20260604,19.21,19.54,18.93,19.15,19.28,-0.13,-0.6743,564760.86,1080943.236,19.139839754475904
000777.SZ,20260604,17.27,17.37,16.9,17.11,17.4,-0.29,-1.6667,70239.12,119889.435,17.068755274838296
000778.SZ,20260604,4.28,4.33,4.21,4.24,4.28,-0.04,-0.9346,543949.89,231275.035,4.251770967358776
000779.SZ,20260604,7.4,7.55,7.3,7.53,7.42,0.11,1.4825,74803.11,55635.003,7.4375253916581805
000782.SZ,20260604,7.39,7.54,7.36,7.46,7.45,0.01,0.1342,168133.01,125259.645,7.450032863861772
000783.SZ,20260604,7.81,7.91,7.64,7.71,7.87,-0.16,-2.033,694091.28,537133.332,7.738655526690956
000785.SZ,20260604,2.33,2.36,2.32,2.33,2.35,-0.02,-0.8511,305590.93,71430.791,2.3374643678069895
000786.SZ,20260604,22.44,22.47,22.0,22.1,22.55,-0.45,-1.9956,121894.62,270991.153,22.231592583823634
000788.SZ,20260604,5.2,5.26,5.1,5.14,5.24,-0.1,-1.9084,114084.0,58793.97,5.153568423267067
000789.SZ,20260604,4.49,4.51,4.42,4.44,4.52,-0.08,-1.7699,21984.17,9800.022,4.457763017662256
000790.SZ,20260604,3.78,3.86,3.71,3.79,3.78,0.01,0.2646,179609.4,67969.85,3.7843147407652387
000791.SZ,20260604,10.17,10.36,9.77,9.78,10.45,-0.67,-6.4115,1011005.06,1017674.508,10.065968492778858
000792.SZ,20260604,30.0,30.18,29.2,29.35,30.24,-0.89,-2.9431,856024.69,2522910.976,29.472408979231663
000793.SZ,20260604,2.49,2.63,2.45,2.63,2.5,0.13,5.2,405865.53,104279.556,2.5693129446100036
000795.SZ,20260604,8.98,9.1,8.71,9.03,9.05,-0.02,-0.221,213509.31,189531.759,8.87697866664456
000796.SZ,20260604,4.53,4.56,4.47,4.54,4.56,-0.02,-0.4386,274308.3,123684.965,4.508976396266537
000797.SZ,20260604,2.52,2.57,2.47,2.5,2.53,-0.03,-1.1858,195481.0,49062.064,2.5098124114364055
000798.SZ,20260604,8.3,8.69,8.12,8.21,8.21,0.0,0.0,136188.2,113112.213,8.305581026843734
000799.SZ,20260604,45.82,47.12,43.29,43.32,46.29,-2.97,-6.4161,220638.4,993099.768,45.0102868766271
000800.SZ,20260604,6.11,6.15,6.04,6.06,6.12,-0.06,-0.9804,109363.1,66405.389,6.072010486169466
000801.SZ,20260604,12.91,12.96,12.48,12.58,13.04,-0.46,-3.5276,164364.29,207945.101,12.651476850598142
000802.SZ,20260604,4.82,5.42,4.59,4.82,4.93,-0.11,-2.2312,1207298.43,612157.321,5.07047226923007
000803.SZ,20260604,7.72,7.8,7.52,7.7,7.76,-0.06,-0.7732,102309.0,78106.311,7.634353869161071
000807.SZ,20260604,29.82,29.9,28.41,28.6,30.49,-1.89,-6.1988,989059.11,2848276.963,28.797843669828794
000809.SZ,20260604,3.97,4.05,3.93,3.99,4.03,-0.04,-0.9926,278053.0,110661.213,3.9798604222935916
000810.SZ,20260604,11.24,11.35,10.9,10.99,11.29,-0.3,-2.6572,110810.02,122810.665,11.082992765455685
000811.SZ,20260604,31.53,32.57,31.0,31.72,31.76,-0.04,-0.1259,218332.2,696571.892,31.904221731837996
000812.SZ,20260604,3.67,3.7,3.58,3.6,3.69,-0.09,-2.439,112411.93,40761.026,3.626040937114059
000813.SZ,20260604,3.17,3.22,3.06,3.09,3.17,-0.08,-2.5237,285168.96,88427.322,3.1008747235323226
000815.SZ,20260604,15.95,16.26,15.71,15.88,16.12,-0.24,-1.4888,339541.06,538998.371,15.874320796430336
000816.SZ,20260604,2.69,2.72,2.6,2.61,2.7,-0.09,-3.3333,256801.57,67904.768,2.644250500493435
000818.SZ,20260604,13.8,13.97,13.55,13.66,14.03,-0.37,-2.6372,170198.31,233382.875,13.712408483962033
000819.SZ,20260604,14.7,14.77,14.2,14.27,14.69,-0.42,-2.8591,42665.64,61226.407,14.35028444434444
000820.SZ,20260604,3.34,3.34,3.34,3.34,3.52,-0.18,-5.1136,9743.0,3254.162,3.34
000821.SZ,20260604,8.75,9.24,8.5,9.24,8.8,0.44,5.0,213131.79,190083.237,8.918577421040755
000822.SZ,20260604,4.83,4.87,4.74,4.78,4.88,-0.1,-2.0492,118679.68,56787.934,4.784975321807407
000823.SZ,20260604,16.81,17.56,16.45,17.41,16.98,0.43,2.5324,845764.63,1434756.525,16.96401663190857
000825.SZ,20260604,3.88,3.91,3.82,3.84,3.9,-0.06,-1.5385,246593.51,94766.373,3.843019753439578
000826.SZ,20260604,2.25,2.35,2.2,2.33,2.24,0.09,4.0179,504585.09,116018.84,2.2992918795916064
000828.SZ,20260604,10.08,10.13,9.93,9.96,10.07,-0.11,-1.0924,49295.61,49297.302,10.000343235432121
000829.SZ,20260604,8.92,9.5,8.9,9.16,9.01,0.15,1.6648,455148.57,420578.867,9.240474313694978
000830.SZ,20260604,12.93,12.94,12.37,12.48,13.04,-0.56,-4.2945,431371.05,540867.169,12.53832794296233
000831.SZ,20260604,52.48,55.0,51.63,53.64,52.97,0.67,1.2649,507326.21,2704892.252,53.31662742202891
000833.SZ,20260604,22.81,23.05,22.02,22.32,22.84,-0.52,-2.2767,273620.68,612747.178,22.39403754131449
000837.SZ,20260604,11.39,11.94,11.28,11.47,11.43,0.04,0.35,236453.0,273839.558,11.58114119930811
000838.SZ,20260604,1.78,1.82,1.73,1.73,1.82,-0.09,-4.9451,292170.0,51280.714,1.755166991819831
000839.SZ,20260604,2.92,2.98,2.91,2.93,2.94,-0.01,-0.3401,453904.5,133178.931,2.934073819492867
000848.SZ,20260604,7.98,8.07,7.84,7.91,8.05,-0.14,-1.7391,118220.57,93605.812,7.917895506678745
000850.SZ,20260604,3.95,3.98,3.88,3.93,3.97,-0.04,-1.0076,78199.59,30657.189,3.920377204023704
000852.SZ,20260604,5.86,5.86,5.65,5.72,5.87,-0.15,-2.5554,101845.89,58348.483,5.729095499091814
000856.SZ,20260604,8.66,8.94,8.62,8.68,8.75,-0.07,-0.8,53679.0,46819.139,8.722058719424728
000858.SZ,20260604,82.35,82.79,81.1,81.1,82.35,-1.25,-1.5179,204210.67,1668519.854,81.70581165029232
000859.SZ,20260604,9.96,10.7,9.76,10.45,10.06,0.39,3.8767,757784.95,782259.273,10.322971880082868
000860.SZ,20260604,11.04,11.18,10.66,10.68,11.05,-0.37,-3.3484,89127.79,96636.604,10.842477301411828
000862.SZ,20260604,7.35,7.51,7.21,7.24,7.43,-0.19,-2.5572,657521.07,483663.245,7.3558592578637825
000863.SZ,20260604,4.81,4.89,4.76,4.81,4.87,-0.06,-1.232,182936.01,88183.181,4.8204386331592115
000868.SZ,20260604,3.83,3.86,3.73,3.76,3.84,-0.08,-2.0833,99923.0,37760.552,3.7789650030523507
000869.SZ,20260604,17.98,18.15,17.58,17.62,18.08,-0.46,-2.5442,8857.42,15731.295,17.76058378173328
000875.SZ,20260604,6.73,6.79,6.58,6.66,6.79,-0.13,-1.9146,654787.07,437253.97,6.677803976795083
000876.SZ,20260604,7.6,7.67,7.31,7.32,7.6,-0.28,-3.6842,305222.82,226569.979,7.423100900515891
000877.SZ,20260604,4.28,4.31,4.19,4.2,4.3,-0.1,-2.3256,113591.15,48133.883,4.23746770765152
000878.SZ,20260604,18.55,18.58,17.75,17.9,18.84,-0.94,-4.9894,576479.4,1039109.451,18.025092501137074
000880.SZ,20260604,27.6,28.68,27.5,28.18,27.96,0.22,0.7868,188400.93,530910.567,28.17982729703086
000881.SZ,20260604,8.1,8.26,7.77,7.85,8.09,-0.24,-2.9666,612056.28,488953.607,7.988703375447761
000882.SZ,20260604,1.47,1.5,1.45,1.45,1.48,-0.03,-2.027,532998.26,78595.656,1.4745949827303375
000883.SZ,20260604,5.31,5.31,5.14,5.18,5.31,-0.13,-2.4482,742305.94,387062.676,5.214328151543554
000885.SZ,20260604,13.2,13.26,12.78,12.82,13.2,-0.38,-2.8788,44874.92,58176.145,12.964066565466858
000886.SZ,20260604,4.64,4.68,4.5,4.54,4.66,-0.12,-2.5751,138550.0,63217.732,4.56280996030314
000887.SZ,20260604,20.4,21.03,20.25,20.55,20.63,-0.08,-0.3878,433270.46,898331.774,20.7337415525628
000888.SZ,20260604,10.16,10.23,9.87,9.97,10.21,-0.24,-2.3506,86090.72,86008.886,9.990494445858973
000889.SZ,20260604,3.81,3.93,3.78,3.82,3.95,-0.13,-3.2911,559472.0,213883.23,3.822947886578775
000890.SZ,20260604,10.91,11.66,10.61,10.67,11.21,-0.54,-4.8171,468428.03,513306.492,10.958065254976308
000892.SZ,20260604,3.93,3.95,3.82,3.86,3.97,-0.11,-2.7708,391634.56,151377.952,3.865285841984936
000893.SZ,20260604,45.33,45.92,43.92,44.9,45.62,-0.72,-1.5783,84337.48,377033.215,44.70529769208187
000895.SZ,20260604,24.63,24.78,24.28,24.33,24.63,-0.3,-1.218,85367.1,208764.574,24.454921626715674
000897.SZ,20260604,1.91,1.96,1.88,1.9,1.92,-0.02,-1.0417,318457.03,61084.342,1.9181345125274827
000898.SZ,20260604,2.04,2.06,2.01,2.02,2.04,-0.02,-0.9804,298184.9,60484.226,2.028413444141538
000899.SZ,20260604,14.6,14.9,14.33,14.63,15.01,-0.38,-2.5316,485612.16,708426.807,14.58832511525247
000900.SZ,20260604,3.82,3.86,3.72,3.75,3.84,-0.09,-2.3438,132117.99,50087.189,3.7910952929271784
000901.SZ,20260604,18.63,18.78,18.28,18.48,18.81,-0.33,-1.7544,131932.4,244134.552,18.504518374561517
000902.SZ,20260604,12.84,12.85,12.34,12.47,12.85,-0.38,-2.9572,182727.24,228886.038,12.526103825570836
000903.SZ,20260604,1.86,1.87,1.8,1.82,1.89,-0.07,-3.7037,320718.16,58758.231,1.8320830663283927
000905.SZ,20260604,9.09,9.16,8.88,8.93,9.12,-0.19,-2.0833,98715.0,88677.695,8.983203667122524
000906.SZ,20260604,6.15,6.18,5.88,5.91,6.16,-0.25,-4.0584,110386.32,65927.71,5.9724529271380735
000908.SZ,20260604,7.18,7.22,7.11,7.15,7.16,-0.01,-0.1397,57147.0,40830.252,7.14477610373248
000909.SZ,20260604,4.83,4.88,4.61,4.68,4.84,-0.16,-3.3058,47059.06,22288.468,4.736275650214858
000910.SZ,20260604,6.1,6.36,6.06,6.28,6.1,0.18,2.9508,62378.0,38701.232,6.204307929077561
000911.SZ,20260604,5.88,5.88,5.61,5.61,5.9,-0.29,-4.9153,87705.0,49681.2,5.664580126560629
000912.SZ,20260604,3.77,3.79,3.64,3.67,3.79,-0.12,-3.1662,232449.56,85977.532,3.698760797826419
000913.SZ,20260604,11.6,11.66,11.22,11.25,11.65,-0.4,-3.4335,37518.99,42742.527,11.392238170590414
000915.SZ,20260604,27.5,27.56,26.93,27.02,27.48,-0.46,-1.6739,17617.56,47819.868,27.143297936831207
000917.SZ,20260604,7.7,7.71,7.47,7.52,7.75,-0.23,-2.9677,333466.05,252675.265,7.5772410714673955
000919.SZ,20260604,6.26,6.29,6.15,6.19,6.27,-0.08,-1.2759,70593.0,43834.186,6.20942388055473
000920.SZ,20260604,12.03,12.69,11.89,12.42,12.33,0.09,0.7299,167378.0,207069.013,12.371339901301246
000921.SZ,20260604,26.29,27.04,26.13,26.55,26.55,0.0,0.0,133338.92,356498.097,26.736237026668583
000922.SZ,20260604,12.96,12.97,12.51,12.62,12.98,-0.36,-2.7735,127983.32,162596.932,12.704540872982511
000923.SZ,20260604,15.58,15.6,14.78,14.92,15.73,-0.81,-5.1494,164095.66,246928.965,15.047866896662592
000925.SZ,20260604,7.88,8.62,7.81,8.47,7.95,0.52,6.5409,873802.6,729235.917,8.345545286773008
000926.SZ,20260604,2.27,2.38,2.22,2.27,2.32,-0.05,-2.1552,784848.78,179138.798,2.282462591073914
000927.SZ,20260604,2.65,2.67,2.57,2.58,2.65,-0.07,-2.6415,591591.16,154179.736,2.60618728650374
000928.SZ,20260604,5.99,6.08,5.91,5.95,6.02,-0.07,-1.1628,140257.8,84025.249,5.990771921418987
000929.SZ,20260604,10.0,10.0,9.54,9.65,10.04,-0.39,-3.8845,41716.0,40186.281,9.633301610892705
000930.SZ,20260604,5.14,5.17,5.0,5.03,5.14,-0.11,-2.1401,148259.93,74955.313,5.0556689862190005
000931.SZ,20260604,4.18,4.22,4.1,4.13,4.2,-0.07,-1.6667,46984.41,19428.66,4.135129077921804
000932.SZ,20260604,3.93,3.96,3.86,3.93,3.94,-0.01,-0.2538,870735.41,340869.373,3.9147296536384113
000933.SZ,20260604,30.48,30.5,28.55,28.68,30.72,-2.04,-6.6406,695698.78,2024135.344,29.09499631435317
000935.SZ,20260604,26.9,27.13,25.71,25.86,27.17,-1.31,-4.8215,99220.97,259716.068,26.17552196879349
000936.SZ,20260604,6.41,6.43,6.26,6.3,6.44,-0.14,-2.1739,164447.0,103831.388,6.313972769342099
000937.SZ,20260604,5.67,5.87,5.66,5.81,5.68,0.13,2.2887,610089.08,352514.416,5.778081063178513
000938.SZ,20260604,27.54,28.18,27.21,27.72,28.22,-0.5,-1.7718,1255174.28,3484422.702,27.760469263280317
000948.SZ,20260604,13.08,13.13,12.8,12.85,13.1,-0.25,-1.9084,37979.57,49065.308,12.91886874969885
000949.SZ,20260604,6.57,6.66,6.46,6.58,6.63,-0.05,-0.7541,319670.18,209775.666,6.562253194839757
000950.SZ,20260604,5.53,5.6,5.38,5.43,5.56,-0.13,-2.3381,270664.41,147873.213,5.463341597072182
000951.SZ,20260604,22.71,23.22,22.29,22.48,22.77,-0.29,-1.2736,159459.15,361795.229,22.688897375911008
000952.SZ,20260604,6.58,6.64,6.4,6.43,6.59,-0.16,-2.4279,54509.0,35343.476,6.483970720431489
000953.SZ,20260604,6.07,6.15,5.94,5.99,6.08,-0.09,-1.4803,74957.01,45231.535,6.034330211410515
000955.SZ,20260604,4.17,4.21,4.08,4.11,4.19,-0.08,-1.9093,101681.7,41962.736,4.126871993682245
000957.SZ,20260604,10.3,10.3,9.96,10.0,10.31,-0.31,-3.0068,116652.04,117446.746,10.068126198221652
000958.SZ,20260604,6.16,6.22,6.06,6.21,6.2,0.01,0.1613,544250.14,334069.308,6.13815750235728
000959.SZ,20260604,3.54,3.56,3.44,3.47,3.54,-0.07,-1.9774,317167.08,110264.51,3.4765433411311157
000960.SZ,20260604,43.0,43.43,41.61,41.84,43.75,-1.91,-4.3657,942773.17,3974572.923,42.158316013596355
000962.SZ,20260604,57.0,60.85,55.45,59.13,57.2,1.93,3.3741,255545.62,1500893.437,58.73289618503342
000963.SZ,20260604,28.05,28.4,27.8,27.84,28.22,-0.38,-1.3466,94114.53,263062.975,27.95136680807947
000965.SZ,20260604,3.31,3.39,3.3,3.35,3.33,0.02,0.6006,119423.97,39879.531,3.339323839259405
000966.SZ,20260604,5.41,5.49,5.25,5.28,5.42,-0.14,-2.583,1555022.81,833025.627,5.356999406330251
000967.SZ,20260604,10.99,11.15,10.82,11.06,11.09,-0.03,-0.2705,980273.09,1077279.36,10.989584137212214
000968.SZ,20260604,7.61,7.61,7.38,7.41,7.81,-0.4,-5.1216,296057.58,220699.658,7.454619402077123
000969.SZ,20260604,21.83,22.44,21.09,22.04,22.12,-0.08,-0.3617,382393.87,831665.832,21.748932115465138
000970.SZ,20260604,11.08,11.21,10.83,11.15,11.19,-0.04,-0.3575,179493.61,197650.002,11.011534171049322
000972.SZ,20260604,3.62,3.62,3.52,3.53,3.63,-0.1,-2.7548,78419.0,27879.985,3.555258929596144
000973.SZ,20260604,14.44,14.54,14.12,14.15,14.55,-0.4,-2.7491,366497.48,521920.974,14.240779336327225
000975.SZ,20260604,22.73,23.02,22.03,22.21,22.82,-0.61,-2.6731,375804.75,838003.611,22.29890950021254
000977.SZ,20260604,63.01,64.1,62.08,63.36,64.22,-0.86,-1.3391,521898.9,3303090.598,63.289855525658325
000978.SZ,20260604,6.6,6.69,6.57,6.62,6.62,0.0,0.0,125746.03,83236.659,6.619426394614606
000980.SZ,20260604,2.57,2.65,2.53,2.6,2.59,0.01,0.3861,1080670.51,281360.626,2.6035745714945064
000981.SZ,20260604,3.61,3.61,3.53,3.53,3.68,-0.15,-4.0761,2539180.63,903256.912,3.5572771047800567
000983.SZ,20260604,7.6,7.89,7.53,7.78,7.55,0.23,3.0464,1757608.89,1356243.537,7.716412591654564
000985.SZ,20260604,16.91,17.09,16.54,16.66,17.01,-0.35,-2.0576,14152.0,23674.803,16.7289450254381
000987.SZ,20260604,7.85,7.88,7.64,7.74,7.89,-0.15,-1.9011,331566.42,256339.705,7.731172083107813
000988.SZ,20260604,150.01,161.09,150.01,158.36,154.39,3.97,2.5714,764053.97,11919691.502,156.0058840084294
000989.SZ,20260604,8.07,8.09,7.85,7.9,8.07,-0.17,-2.1066,70819.3,56202.37,7.936024501795415
000990.SZ,20260604,9.56,9.71,9.16,9.2,9.65,-0.45,-4.6632,304000.21,283249.617,9.31741517546978
000993.SZ,20260604,15.0,15.42,14.46,14.6,15.15,-0.55,-3.6304,422315.54,636094.912,15.062076853719379
000995.SZ,20260604,12.52,12.79,12.02,12.03,12.68,-0.65,-5.1262,143606.78,176171.475,12.267629355661342
000997.SZ,20260604,19.95,20.71,19.81,20.21,19.93,0.28,1.4049,237795.48,482010.21,20.26994836066691
000998.SZ,20260604,8.52,8.63,8.37,8.39,8.56,-0.17,-1.986,123388.99,104516.484,8.470487034540115
000999.SZ,20260604,24.14,24.39,23.9,23.93,24.25,-0.32,-1.3196,64719.52,155686.816,24.055619695572528
001201.SZ,20260604,11.48,11.59,11.12,11.18,11.51,-0.33,-2.8671,27135.44,30663.494,11.300164655520604
001202.SZ,20260604,15.47,15.48,14.82,14.9,15.32,-0.42,-2.7415,16184.98,24385.224,15.06657654195433
001203.SZ,20260604,37.37,37.86,36.34,36.98,37.44,-0.46,-1.2286,215488.67,797057.356,36.9883649103222
001205.SZ,20260604,14.1,14.19,13.94,14.01,14.14,-0.13,-0.9194,22950.27,32182.126,14.022547882878937
001206.SZ,20260604,16.41,16.44,15.84,15.94,16.37,-0.43,-2.6268,22159.97,35623.983,16.075826366190928
001207.SZ,20260604,18.7,18.93,18.54,18.7,18.9,-0.2,-1.0582,37693.2,70436.386,18.68676206848981
001208.SZ,20260604,16.01,16.35,15.88,16.01,16.25,-0.24,-1.4769,98373.0,157648.274,16.025563315137283
001209.SZ,20260604,20.1,20.26,19.68,19.91,20.12,-0.21,-1.0437,18121.45,36044.208,19.890355352358668
001210.SZ,20260604,35.37,35.8,33.59,35.06,35.9,-0.84,-2.3398,128396.61,443417.13,34.534956179917835
001211.SZ,20260604,31.39,33.5,31.31,32.93,31.59,1.34,4.2418,65960.99,216384.891,32.80497927638745
001212.SZ,20260604,55.13,55.18,53.21,53.43,54.89,-1.46,-2.6599,100674.52,544117.995,54.04724005637176
001213.SZ,20260604,3.8,3.81,3.73,3.74,3.79,-0.05,-1.3193,78892.89,29658.473,3.7593340794081698
001215.SZ,20260604,39.33,39.33,38.16,38.7,39.0,-0.3,-0.7692,22046.99,84952.82,38.532616016971026
001216.SZ,20260604,16.42,16.45,15.83,16.03,16.42,-0.39,-2.3752,22877.6,36737.309,16.058200597964824
001217.SZ,20260604,9.81,9.9,9.6,9.67,9.9,-0.23,-2.3232,28642.0,27785.914,9.70110816283779
001218.SZ,20260604,24.67,24.77,23.99,24.25,24.73,-0.48,-1.941,12667.6,30681.3,24.220294294104644
001219.SZ,20260604,13.48,13.61,13.3,13.47,13.57,-0.1,-0.7369,29188.61,39095.802,13.39419794227954
001220.SZ,20260604,31.87,31.87,31.25,31.59,31.73,-0.14,-0.4412,8106.0,25545.223,31.513968665186283
001221.SZ,20260604,47.0,47.01,45.12,45.49,47.26,-1.77,-3.7452,16044.25,73432.398,45.76866977265999
001222.SZ,20260604,15.24,15.34,14.67,14.82,15.18,-0.36,-2.3715,22616.58,33681.744,14.89250098821307
001223.SZ,20260604,45.33,47.95,43.5,47.0,46.2,0.8,1.7316,72527.3,333605.409,45.9972188403539
001225.SZ,20260604,47.8,47.87,45.55,46.25,46.95,-0.7,-1.4909,15186.0,70534.571,46.447103252996186
001226.SZ,20260604,50.33,52.32,49.52,51.18,50.94,0.24,0.4711,17454.0,88406.921,50.65138134525037
001227.SZ,20260604,2.12,2.13,2.08,2.09,2.12,-0.03,-1.4151,410706.0,86334.44,2.102098337983862
001228.SZ,20260604,26.69,26.98,25.5,26.13,26.85,-0.72,-2.6816,28181.0,73804.098,26.189311238068203
001229.SZ,20260604,37.24,38.68,37.16,38.3,37.55,0.75,1.9973,24626.0,94170.122,38.240121010314304
001230.SZ,20260604,25.59,25.87,25.19,25.79,25.6,0.19,0.7422,21561.78,54907.918,25.465392003814156
001231.SZ,20260604,21.25,21.37,20.58,20.8,21.25,-0.45,-2.1176,12695.5,26541.075,20.905891851443425
001233.SZ,20260604,51.0,51.0,49.81,50.43,50.47,-0.04,-0.0793,14242.82,71863.319,50.45582195099005
001234.SZ,20260604,23.5,23.83,23.2,23.38,23.69,-0.31,-1.3086,14164.0,33187.292,23.430734255859925
001236.SZ,20260604,7.99,8.0,7.7,7.78,8.0,-0.22,-2.75,98857.0,77165.334,7.805753158602831
001237.SZ,20260604,66.78,68.89,65.65,67.97,67.65,0.32,0.473,67228.73,450181.777,66.9627073127813
001238.SZ,20260604,29.32,30.03,28.63,28.75,29.43,-0.68,-2.3106,5457.8,15959.408,29.24146725786947
001239.SZ,20260604,13.1,13.13,12.8,12.93,13.1,-0.17,-1.2977,17211.0,22232.789,12.917778746150718
001255.SZ,20260604,30.39,30.39,29.46,29.72,30.22,-0.5,-1.6545,13824.72,41060.714,29.700937161837636
001256.SZ,20260604,22.0,22.97,21.82,22.56,22.2,0.36,1.6216,26981.01,60556.554,22.44413904446127
001257.SZ,20260604,24.9,25.14,24.42,24.7,25.35,-0.65,-2.5641,149645.94,369598.229,24.69817951626352
001258.SZ,20260604,10.85,11.18,10.76,10.86,11.09,-0.23,-2.0739,519372.9,568013.374,10.936523141657947
001259.SZ,20260604,75.99,79.88,71.45,71.68,73.73,-2.05,-2.7804,90610.15,692912.064,76.4717930607112
001260.SZ,20260604,18.74,18.86,18.33,18.43,18.8,-0.37,-1.9681,8497.0,15709.99,18.48886665882076
001266.SZ,20260604,46.39,47.27,46.25,47.2,47.07,0.13,0.2762,24228.21,113084.167,46.67458594753802
001267.SZ,20260604,56.9,59.99,56.55,57.13,58.53,-1.4,-2.3919,318247.92,1840102.068,57.819767305941866
001268.SZ,20260604,41.22,41.45,39.32,39.47,41.35,-1.88,-4.5466,24902.02,100472.654,40.34719030825612
001269.SZ,20260604,27.92,28.2,27.0,27.53,28.55,-1.02,-3.5727,102714.48,283150.577,27.566763420308412
001270.SZ,20260604,135.0,139.1,133.8,136.79,136.9,-0.11,-0.0804,90919.38,1241637.223,136.56463814425481
001277.SZ,20260604,31.16,31.6,30.72,30.96,31.34,-0.38,-1.2125,8134.0,25248.254,31.04039095156135
001278.SZ,20260604,19.94,19.94,18.13,18.13,20.14,-2.01,-9.9801,86863.44,161518.741,18.59455957535184
001279.SZ,20260604,27.82,27.98,27.12,27.36,27.83,-0.47,-1.6888,9104.0,24924.106,27.37709358523726
001280.SZ,20260604,71.8,72.88,70.5,71.78,73.42,-1.64,-2.2337,97235.38,696519.876,71.63234987100375
001282.SZ,20260604,17.71,17.96,17.4,17.79,17.66,0.13,0.7361,21863.65,38779.01,17.736750268139126
001283.SZ,20260604,58.3,58.54,54.68,54.86,58.8,-3.94,-6.7007,70933.75,399310.728,56.293474967839714
001285.SZ,20260604,46.11,46.66,45.52,45.66,46.11,-0.45,-0.9759,12577.25,58012.979,46.125328668826654
001286.SZ,20260604,12.89,13.1,12.62,12.64,12.98,-0.34,-2.6194,367223.47,468959.154,12.770402556241844
001287.SZ,20260604,26.3,28.09,26.21,27.69,26.71,0.98,3.669,427660.69,1169519.563,27.346903522977527
001288.SZ,20260604,24.0,24.6,23.71,24.18,24.19,-0.01,-0.0413,24366.6,59017.837,24.22079280654667
001289.SZ,20260604,18.85,20.23,18.64,19.31,18.83,0.48,2.5491,232672.62,456612.766,19.624688371154285
001296.SZ,20260604,19.93,20.03,19.52,19.67,19.94,-0.27,-1.3541,12575.92,24806.59,19.72546740119212
001298.SZ,20260604,21.49,22.23,21.34,22.11,21.69,0.42,1.9364,121702.86,267527.377,21.982012337261423
001299.SZ,20260604,13.38,13.46,12.91,13.19,13.6,-0.41,-3.0147,88846.11,116689.903,13.133934957872665
001300.SZ,20260604,15.57,16.28,15.19,16.05,15.61,0.44,2.8187,62583.0,98549.426,15.74699614911398
001301.SZ,20260604,95.75,96.75,90.41,91.15,97.42,-6.27,-6.4361,44337.63,409745.354,92.41480746715601
001306.SZ,20260604,59.59,61.0,58.91,59.25,60.11,-0.86,-1.4307,6040.0,36137.106,59.82964569536424
001308.SZ,20260604,21.36,21.88,21.11,21.38,21.69,-0.31,-1.4292,66062.37,141850.431,21.472198318043997
001309.SZ,20260604,612.58,680.85,612.58,680.85,618.95,61.9,10.0008,191661.24,12689023.776,662.0547678810804
001311.SZ,20260604,20.88,21.43,20.76,20.94,21.09,-0.15,-0.7112,33817.53,71236.356,21.064919880310597
001312.SZ,20260604,20.38,20.63,19.81,20.53,20.38,0.15,0.736,41693.04,84534.446,20.27543350161082
001313.SZ,20260604,7.45,7.78,7.21,7.4,7.44,-0.04,-0.5376,225769.22,167296.017,7.410045399457021
001314.SZ,20260604,57.44,58.9,55.26,55.45,57.42,-1.97,-3.4309,103885.0,588708.564,56.669255811714876
001316.SZ,20260604,35.9,35.95,34.78,35.05,36.01,-0.96,-2.6659,21274.16,74808.026,35.16379777156889
001317.SZ,20260604,53.01,53.75,50.3,51.27,53.06,-1.79,-3.3735,31845.86,164296.596,51.591194585418634
001318.SZ,20260604,11.64,11.79,11.3,11.45,11.74,-0.29,-2.4702,31162.0,35717.327,11.461821128297284
001319.SZ,20260604,23.38,24.0,23.23,23.38,23.5,-0.12,-0.5106,24853.0,58733.301,23.63227819579125
001322.SZ,20260604,6.38,6.41,6.21,6.34,6.38,-0.04,-0.627,32086.51,20231.367,6.3052563211143875
001323.SZ,20260604,20.83,20.95,20.3,20.58,20.88,-0.3,-1.4368,9041.9,18657.511,20.634502704077683
001324.SZ,20260604,18.6,18.78,17.92,18.27,18.76,-0.49,-2.6119,26268.05,47917.767,18.241843989180772
001325.SZ,20260604,39.96,41.36,39.67,40.08,39.96,0.12,0.3003,13410.23,54118.668,40.35625638039019
001326.SZ,20260604,68.82,72.88,65.72,67.62,67.98,-0.36,-0.5296,27975.09,188659.302,67.43831816090672
001328.SZ,20260604,30.03,30.43,29.0,29.46,30.19,-0.73,-2.418,11409.14,33633.516,29.479448933048417
001330.SZ,20260604,8.31,8.7,8.14,8.21,8.3,-0.09,-1.0843,798254.41,670665.088,8.401645886303339
001332.SZ,20260604,52.38,53.0,48.01,48.48,52.95,-4.47,-8.4419,59067.54,295927.907,50.09992070094675
001333.SZ,20260604,21.59,21.79,21.14,21.36,21.65,-0.29,-1.3395,14147.0,30274.472,21.39992365872623
001335.SZ,20260604,47.85,48.48,47.3,48.2,47.86,0.34,0.7104,10229.57,49092.773,47.99104263424563
001336.SZ,20260604,26.19,26.39,25.02,25.41,26.06,-0.65,-2.4942,15621.21,39970.516,25.58733670439102
001337.SZ,20260604,49.39,49.96,48.41,48.9,49.5,-0.6,-1.2121,56854.0,278379.477,48.96392109614099
001338.SZ,20260604,10.7,10.82,10.35,10.49,10.76,-0.27,-2.5093,80607.61,84562.953,10.490691015401648
001339.SZ,20260604,101.01,102.45,99.2,100.52,101.76,-1.24,-1.2186,63611.5,640993.237,100.76687973086626
001356.SZ,20260604,9.69,9.7,9.46,9.5,9.68,-0.18,-1.8595,26477.61,25271.255,9.544386747897564
001358.SZ,20260604,24.95,25.15,24.5,24.71,24.94,-0.23,-0.9222,11204.2,27711.786,24.7333910497849
001359.SZ,20260604,91.5,92.96,90.03,92.27,91.68,0.59,0.6435,15288.26,140049.526,91.60592899388158
001360.SZ,20260604,19.65,20.16,19.18,19.38,19.82,-0.44,-2.22,48826.88,95482.754,19.55536663411629
001365.SZ,20260604,43.72,44.35,42.8,43.7,44.03,-0.33,-0.7495,71673.14,311615.565,43.477314514195974
001366.SZ,20260604,14.06,14.3,13.46,13.66,14.16,-0.5,-3.5311,57242.96,78550.445,13.722289168834038
001367.SZ,20260604,20.08,20.09,19.4,19.58,20.11,-0.53,-2.6355,12579.48,24708.465,19.641881063446185
001368.SZ,20260604,24.16,24.48,23.8,23.95,24.3,-0.35,-1.4403,12693.81,30650.071,24.14568281705808
001369.SZ,20260604,13.95,14.08,13.44,13.61,14.09,-0.48,-3.4067,161034.59,219841.632,13.651826728655006
001373.SZ,20260604,36.38,37.7,35.01,36.38,36.74,-0.36,-0.9799,20557.0,74476.912,36.22946538891861
001376.SZ,20260604,13.04,14.38,12.9,14.38,13.07,1.31,10.023,170106.14,238035.526,13.993352973619881
001378.SZ,20260604,20.23,20.5,19.96,20.28,20.24,0.04,0.1976,30427.9,61577.975,20.237339744116415
001379.SZ,20260604,18.31,18.56,17.97,18.16,18.42,-0.26,-1.4115,16962.82,30813.875,18.165537923529225
001380.SZ,20260604,17.02,17.28,16.91,17.1,17.16,-0.06,-0.3497,15766.82,26967.133,17.103723515585262
001382.SZ,20260604,21.93,21.93,20.84,20.9,21.83,-0.93,-4.2602,49000.4,104294.641,21.284446861658274
001386.SZ,20260604,15.8,15.93,15.44,15.67,15.9,-0.23,-1.4465,37891.44,59286.595,15.646434920393627
001387.SZ,20260604,12.36,12.45,11.91,12.05,12.35,-0.3,-2.4291,29586.2,35784.779,12.095091292562072
001388.SZ,20260604,32.43,32.43,31.08,31.41,32.53,-1.12,-3.443,11718.35,37058.388,31.624237200629782
001389.SZ,20260604,173.98,183.83,173.2,182.61,177.55,5.06,2.8499,98280.82,1758923.521,178.96915400176755
001390.SZ,20260604,17.0,17.23,16.76,17.15,17.16,-0.01,-0.0583,17511.13,29726.998,16.97605922633205
001391.SZ,20260604,5.15,5.16,5.05,5.05,5.16,-0.11,-2.1318,151259.89,76902.62,5.084138299981574
001393.SZ,20260604,65.53,70.88,65.53,68.01,66.86,1.15,1.72,90718.51,621915.103,68.5543780425847
001395.SZ,20260604,35.4,36.25,35.27,35.74,35.4,0.34,0.9605,4562.96,16287.506,35.69504444483405
001396.SZ,20260604,42.84,43.22,41.22,41.44,42.85,-1.41,-3.2905,15261.0,63992.411,41.93199069523622
001400.SZ,20260604,104.0,106.98,103.24,105.65,105.07,0.58,0.552,13053.65,137856.408,105.6075565071838
001696.SZ,20260604,14.45,14.62,14.15,14.26,14.56,-0.3,-2.0604,150497.6,216021.024,14.353785309533176
001872.SZ,20260604,22.02,22.18,21.36,21.68,22.18,-0.5,-2.2543,28410.0,61518.563,21.653841253079904
001896.SZ,20260604,21.65,22.09,21.02,22.09,20.08,2.01,10.01,2061521.36,4490332.176,21.78164273786617
001914.SZ,20260604,9.8,9.86,9.46,9.53,9.76,-0.23,-2.3566,70629.0,67791.825,9.598298857409844
001965.SZ,20260604,9.65,9.75,9.46,9.48,9.69,-0.21,-2.1672,95609.77,91511.827,9.571388677119504
001979.SZ,20260604,8.7,8.84,8.47,8.63,8.77,-0.14,-1.5964,483629.57,416952.71,8.621323754045891
002001.SZ,20260604,29.88,30.93,29.63,30.68,30.07,0.61,2.0286,361653.73,1100613.794,30.43280637531376
002003.SZ,20260604,9.53,9.54,9.05,9.22,9.54,-0.32,-3.3543,113888.87,105447.283,9.258787359994
002004.SZ,20260604,4.54,4.57,4.45,4.46,4.55,-0.09,-1.978,118747.19,53367.518,4.494213126222187
002005.SZ,20260604,2.93,2.96,2.84,2.85,2.95,-0.1,-3.3898,152642.0,44051.236,2.88591842350074
002006.SZ,20260604,16.04,16.29,15.86,15.98,15.87,0.11,0.6931,88901.72,142571.133,16.036937530567464
002007.SZ,20260604,13.56,13.67,13.33,13.38,13.58,-0.2,-1.4728,62950.65,84570.321,13.434384077050831
002008.SZ,20260604,129.75,138.0,126.59,134.65,130.6,4.05,3.1011,673001.91,8942412.429,132.8735074317991
002009.SZ,20260604,21.06,22.22,20.86,21.45,21.18,0.27,1.2748,250235.77,540952.475,21.617711768385472
002010.SZ,20260604,5.18,5.23,5.03,5.08,5.21,-0.13,-2.4952,224762.86,115294.833,5.129621192754
002011.SZ,20260604,11.65,11.86,11.47,11.56,11.73,-0.17,-1.4493,178796.34,207737.478,11.618665012941541
002012.SZ,20260604,7.19,7.78,7.06,7.57,7.28,0.29,3.9835,387862.0,286838.655,7.395379155472823
002014.SZ,20260604,10.31,10.4,10.17,10.17,10.35,-0.18,-1.7391,28198.8,28882.835,10.242575925216675
002015.SZ,20260604,23.81,25.24,23.68,24.12,24.37,-0.25,-1.0259,1664406.4,4069577.069,24.450621368675346
002016.SZ,20260604,4.68,4.8,4.59,4.64,4.72,-0.08,-1.6949,88897.34,41729.71,4.694146079061533
002017.SZ,20260604,16.3,16.38,16.09,16.2,16.4,-0.2,-1.2195,64202.43,104127.427,16.218611507383752
002019.SZ,20260604,10.1,10.15,9.98,10.03,10.11,-0.08,-0.7913,71632.0,71968.705,10.047004830243466
002020.SZ,20260604,12.9,12.96,12.5,12.63,12.89,-0.26,-2.0171,108841.79,137691.154,12.650577870871107
002021.SZ,20260604,2.68,2.81,2.63,2.66,2.7,-0.04,-1.4815,303671.02,82226.37,2.7077450459381995
002022.SZ,20260604,5.3,5.34,5.17,5.21,5.34,-0.13,-2.4345,55537.06,29025.896,5.226401253505317
002023.SZ,20260604,11.8,11.8,11.26,11.38,11.98,-0.6,-5.0083,559129.13,637508.842,11.401817716061405
002024.SZ,20260604,1.28,1.32,1.25,1.26,1.31,-0.05,-3.8168,733347.92,93723.524,1.278022633513435
002025.SZ,20260604,66.65,69.9,66.51,67.91,65.24,2.67,4.0926,342862.19,2341900.418,68.30442336030112
002026.SZ,20260604,12.42,12.67,12.2,12.27,12.53,-0.26,-2.075,80217.55,99382.534,12.389126070292598
002027.SZ,20260604,5.49,5.52,5.41,5.44,5.5,-0.06,-1.0909,902547.51,492231.896,5.453805927623688
002028.SZ,20260604,190.01,198.77,190.0,192.8,194.13,-1.33,-0.6851,112147.77,2188446.074,195.13950870356138
002029.SZ,20260604,8.52,8.63,8.13,8.23,8.53,-0.3,-3.517,176445.12,146627.607,8.310097043205275
002030.SZ,20260604,6.32,6.32,6.14,6.15,6.44,-0.29,-4.5031,451674.64,279668.936,6.191822857267346
002031.SZ,20260604,6.09,6.65,6.07,6.45,6.17,0.28,4.5381,2224133.02,1430467.115,6.43157177262716
002032.SZ,20260604,45.68,46.25,45.3,45.46,46.01,-0.55,-1.1954,12223.53,55780.126,45.63340213506245
002033.SZ,20260604,8.63,8.75,8.56,8.68,8.68,0.0,0.0,153979.41,132975.514,8.635928271188986
002034.SZ,20260604,20.0,20.14,19.36,19.56,20.16,-0.6,-2.9762,120807.34,237582.718,19.666248590524383
002035.SZ,20260604,5.07,5.09,4.93,4.99,5.07,-0.08,-1.5779,85300.0,42629.112,4.99755123094959
002036.SZ,20260604,8.7,9.14,8.61,8.85,8.91,-0.06,-0.6734,561638.99,501247.285,8.924723780305921
002037.SZ,20260604,7.15,7.37,7.01,7.06,7.17,-0.11,-1.5342,54253.0,38719.893,7.136912797448989
002038.SZ,20260604,5.7,5.73,5.55,5.6,5.71,-0.11,-1.9264,149233.0,83799.472,5.615344595364295
002039.SZ,20260604,22.24,22.5,21.51,21.63,22.32,-0.69,-3.0914,190399.01,415579.353,21.826760181158505
002040.SZ,20260604,9.03,9.04,8.73,8.8,9.02,-0.22,-2.439,70747.2,62631.776,8.852898206572133
002041.SZ,20260604,8.65,8.82,8.45,8.49,8.7,-0.21,-2.4138,138216.27,118406.01,8.566720111894208
002042.SZ,20260604,3.96,3.98,3.82,3.85,3.99,-0.14,-3.5088,391177.5,151682.958,3.877599248423031
002043.SZ,20260604,12.14,12.5,12.0,12.35,12.18,0.17,1.3957,161625.25,198767.375,12.298039755545622
002044.SZ,20260604,5.27,5.64,5.24,5.48,5.32,0.16,3.0075,1562608.56,852642.253,5.456531308135161
002045.SZ,20260604,9.16,9.28,8.97,9.03,9.23,-0.2,-2.1668,125537.58,114351.085,9.108912645918458
002046.SZ,20260604,56.55,57.77,54.9,56.18,56.98,-0.8,-1.404,290602.25,1630611.223,56.111445214206014
002047.SZ,20260604,4.67,4.77,4.64,4.69,4.68,0.01,0.2137,176056.0,82596.458,4.691487822056618
002048.SZ,20260604,24.49,26.0,24.05,25.3,24.68,0.62,2.5122,229235.33,581577.301,25.370317088556988
002049.SZ,20260604,75.66,78.16,75.36,77.27,77.09,0.18,0.2335,266576.91,2058183.986,77.20788668455944
002050.SZ,20260604,44.6,48.0,44.48,47.01,45.08,1.93,4.2813,1670492.65,7837805.836,46.91912793510346
002051.SZ,20260604,11.16,12.02,11.1,12.02,10.93,1.09,9.9726,842537.43,984724.424,11.687604478295997
002052.SZ,20260604,9.39,9.55,9.19,9.26,9.52,-0.26,-2.7311,132160.23,123292.454,9.329013274265638
002053.SZ,20260604,12.04,12.36,11.95,12.16,12.16,0.0,0.0,167651.86,204419.909,12.193119062323557
002054.SZ,20260604,7.76,7.76,7.5,7.6,7.84,-0.24,-3.0612,111792.0,84843.341,7.589392890367827
002055.SZ,20260604,6.81,7.0,6.66,6.72,7.01,-0.29,-4.1369,564682.27,381856.698,6.762328450652434
002056.SZ,20260604,27.49,30.24,26.54,29.42,27.5,1.92,6.9818,1312554.47,3696394.341,28.161835759852313
002057.SZ,20260604,10.05,10.19,9.66,9.82,9.94,-0.12,-1.2072,494041.31,485933.758,9.835893237348918
002058.SZ,20260604,24.62,24.62,23.78,24.2,24.62,-0.42,-1.7059,14198.54,34324.372,24.174578513002043
002059.SZ,20260604,4.53,4.56,4.38,4.4,4.53,-0.13,-2.8698,71577.62,31766.867,4.438100484481043
002060.SZ,20260604,3.52,3.73,3.5,3.59,3.54,0.05,1.4124,524343.0,189685.116,3.6175769677482106
002061.SZ,20260604,3.61,3.63,3.51,3.51,3.62,-0.11,-3.0387,208736.7,74141.873,3.5519327938019525
002062.SZ,20260604,8.23,8.5,7.97,8.0,8.19,-0.19,-2.3199,247919.6,201748.142,8.137643897457078
002063.SZ,20260604,5.86,5.88,5.65,5.71,5.91,-0.2,-3.3841,415135.5,237681.889,5.725405054494256
002064.SZ,20260604,10.3,10.37,9.96,10.06,10.38,-0.32,-3.0829,392315.83,396453.165,10.10545929283557
002065.SZ,20260604,7.41,7.48,7.24,7.28,7.45,-0.17,-2.2819,346524.61,254561.548,7.3461318663629696
002066.SZ,20260604,23.8,24.11,23.45,23.72,23.91,-0.19,-0.7946,38448.0,91404.387,23.773508895131087
002067.SZ,20260604,4.86,4.86,4.68,4.7,4.9,-0.2,-4.0816,495374.61,235136.379,4.746637680925955
002068.SZ,20260604,10.45,10.96,10.4,10.64,10.49,0.15,1.4299,383285.01,409167.717,10.675286179336885
002069.SZ,20260604,3.4,3.47,3.35,3.38,3.4,-0.02,-0.5882,107601.0,36558.382,3.3975875688887647
002072.SZ,20260604,8.17,8.99,8.06,8.99,8.17,0.82,10.0367,345565.23,300871.391,8.706645370542633
002073.SZ,20260604,5.69,5.78,5.55,5.61,5.71,-0.1,-1.7513,167211.05,94553.895,5.654763545830255
002074.SZ,20260604,31.55,31.59,30.53,30.66,31.83,-1.17,-3.6758,345019.87,1065380.197,30.87880698001538
002075.SZ,20260604,3.74,3.75,3.68,3.69,3.75,-0.06,-1.6,253295.61,93958.216,3.7094293106777494
002076.SZ,20260604,2.62,2.63,2.49,2.52,2.62,-0.1,-3.8168,501966.04,127135.223,2.5327455020662355
002077.SZ,20260604,16.76,17.51,16.68,17.39,17.06,0.33,1.9343,286864.98,495704.832,17.280074828234525
002078.SZ,20260604,13.37,13.48,13.01,13.18,13.38,-0.2,-1.4948,186790.32,247031.435,13.225066213281288
002079.SZ,20260604,12.1,12.65,12.08,12.31,12.22,0.09,0.7365,406871.56,503148.515,12.366273892429348
002080.SZ,20260604,62.81,64.45,61.52,63.8,63.62,0.18,0.2829,462536.48,2923900.312,63.21448012057341
002081.SZ,20260604,6.5,6.52,6.0,6.18,6.65,-0.47,-7.0677,4208718.87,2596340.549,6.168956941996936
002082.SZ,20260604,13.96,14.31,13.96,13.96,14.69,-0.73,-4.9694,135811.82,189966.348,13.987467953820218
002083.SZ,20260604,9.7,9.73,9.4,9.47,9.76,-0.29,-2.9713,219971.01,208950.681,9.499009937718611
002084.SZ,20260604,3.24,3.29,3.17,3.21,3.25,-0.04,-1.2308,128063.65,41174.871,3.2151879944074686
002085.SZ,20260604,11.46,11.64,11.37,11.48,11.6,-0.12,-1.0345,236611.92,271803.006,11.487291341873222
002086.SZ,20260604,1.85,2.05,1.84,1.94,1.86,0.08,4.3011,839481.33,163861.759,1.9519404797245459
002088.SZ,20260604,8.71,8.81,8.65,8.68,8.76,-0.08,-0.9132,15724.4,13689.171,8.705687339421535
002090.SZ,20260604,10.42,10.61,10.09,10.21,10.36,-0.15,-1.4479,94361.8,97494.395,10.331977028840061
002091.SZ,20260604,8.6,8.62,8.19,8.28,8.66,-0.38,-4.388,224434.02,187068.716,8.33513190201735
002092.SZ,20260604,4.63,4.63,4.43,4.46,4.67,-0.21,-4.4968,681739.13,305872.765,4.486654081305264
002093.SZ,20260604,7.3,7.34,7.07,7.15,7.28,-0.13,-1.7857,98875.44,70981.886,7.178919861191009
002094.SZ,20260604,5.19,5.23,5.02,5.05,5.2,-0.15,-2.8846,140783.32,71632.093,5.0881093726160165
002095.SZ,20260604,13.91,14.06,13.64,13.76,14.05,-0.29,-2.0641,25628.4,35308.581,13.777130449033102
002096.SZ,20260604,11.7,11.95,11.61,11.77,11.6,0.17,1.4655,177390.39,209384.823,11.803617039231945
002097.SZ,20260604,8.4,8.5,8.32,8.42,8.46,-0.04,-0.4728,110454.51,92940.266,8.414347770860601
002098.SZ,20260604,7.3,7.33,7.05,7.12,7.31,-0.19,-2.5992,37495.4,26757.733,7.1362708492241715
002099.SZ,20260604,5.82,5.82,5.66,5.72,5.77,-0.05,-0.8666,187734.0,107406.478,5.721205428957994
002100.SZ,20260604,6.4,6.57,6.31,6.44,6.32,0.12,1.8987,218047.88,140459.15,6.44166547273929
002101.SZ,20260604,8.88,9.0,8.79,8.82,8.93,-0.11,-1.2318,43147.32,38247.948,8.864501433692752
002102.SZ,20260604,2.32,2.35,2.23,2.26,2.31,-0.05,-2.1645,161900.0,36894.325,2.278834156886967
002103.SZ,20260604,6.76,6.85,6.53,6.62,6.81,-0.19,-2.79,74456.59,49663.067,6.670070036782507
002104.SZ,20260604,11.71,12.04,11.65,11.77,11.82,-0.05,-0.423,160010.86,189270.694,11.828615507722413
002105.SZ,20260604,5.8,5.86,5.65,5.69,5.8,-0.11,-1.8966,55596.36,31832.911,5.725718554236284
002106.SZ,20260604,12.26,12.94,12.19,12.83,12.43,0.4,3.218,495114.14,626838.61,12.660486933376614
002107.SZ,20260604,6.35,6.36,6.17,6.21,6.35,-0.14,-2.2047,62604.6,38969.758,6.224743549196066
002108.SZ,20260604,4.81,4.84,4.66,4.69,4.85,-0.16,-3.299,464484.39,219124.783,4.717591973327671
002109.SZ,20260604,2.91,2.93,2.81,2.84,2.94,-0.1,-3.4014,107923.5,30944.662,2.867277469689178
002110.SZ,20260604,3.1,3.13,3.03,3.06,3.11,-0.05,-1.6077,183024.27,56017.632,3.0606668722131767
002111.SZ,20260604,9.98,10.09,9.85,9.91,10.08,-0.17,-1.6865,51546.4,51306.306,9.953421771452515
002112.SZ,20260604,18.0,18.08,17.61,17.75,18.07,-0.32,-1.7709,120162.5,213571.666,17.773570456673255
002114.SZ,20260604,7.96,7.97,7.42,7.5,8.0,-0.5,-6.25,148711.49,112494.935,7.564643122061382
002115.SZ,20260604,11.99,12.06,11.71,11.82,12.11,-0.29,-2.3947,337947.02,399971.302,11.835325608138223
002116.SZ,20260604,9.01,9.05,8.85,8.92,9.04,-0.12,-1.3274,22049.0,19672.816,8.922316658351852
002117.SZ,20260604,9.22,9.25,8.98,9.07,9.23,-0.16,-1.7335,65381.92,59429.646,9.089614682468794
002119.SZ,20260604,23.38,24.79,23.38,24.5,24.11,0.39,1.6176,544448.35,1313916.282,24.13298308278462
002120.SZ,20260604,6.74,6.78,6.62,6.67,6.76,-0.09,-1.3314,255921.99,171170.949,6.688403329467702
002121.SZ,20260604,7.09,7.15,6.98,7.03,7.19,-0.16,-2.2253,386765.99,272355.583,7.04187002068098
002122.SZ,20260604,2.67,2.68,2.56,2.6,2.69,-0.09,-3.3457,309779.0,80663.691,2.603910884856624
002123.SZ,20260604,8.0,8.1,7.94,7.97,8.02,-0.05,-0.6234,138015.85,110542.654,8.00941732416965
002124.SZ,20260604,2.49,2.54,2.4,2.41,2.51,-0.1,-3.9841,773265.84,188882.678,2.442661607811358
002125.SZ,20260604,17.0,17.45,16.08,16.2,16.65,-0.45,-2.7027,963606.62,1594258.117,16.544698675897433
002126.SZ,20260604,48.83,51.5,48.01,50.77,48.85,1.92,3.9304,309900.67,1551668.965,50.069880939592686
002127.SZ,20260604,2.96,3.0,2.87,2.89,2.98,-0.09,-3.0201,315884.47,91997.188,2.912368183215845
002128.SZ,20260604,30.37,30.5,29.51,29.63,30.63,-1.0,-3.2648,193806.3,578425.38,29.84554062484037
002129.SZ,20260604,9.04,9.73,8.92,9.55,9.13,0.42,4.6002,2260490.69,2127199.312,9.410343167571284
002130.SZ,20260604,21.0,21.47,20.63,20.96,21.64,-0.68,-3.1423,511662.34,1068880.234,20.890344089033405
002131.SZ,20260604,5.72,5.77,5.67,5.71,5.81,-0.1,-1.7212,2188547.65,1248439.362,5.704419376018612
002132.SZ,20260604,5.32,5.76,5.12,5.61,5.34,0.27,5.0562,2247572.94,1220283.917,5.429340669139751
002133.SZ,20260604,2.83,2.87,2.76,2.79,2.83,-0.04,-1.4134,149624.0,41863.04,2.7978826926161577
002134.SZ,20260604,26.88,27.35,26.09,26.7,27.3,-0.6,-2.1978,110451.02,293678.975,26.589068620642884
002135.SZ,20260604,7.19,7.19,6.96,7.01,7.23,-0.22,-3.0429,242146.0,170158.674,7.0271106687700815
002136.SZ,20260604,13.07,13.07,12.25,12.33,13.07,-0.74,-5.6618,90921.1,113246.195,12.455436086892922
002137.SZ,20260604,10.21,11.4,10.09,10.54,10.4,0.14,1.3462,1573856.04,1675838.875,10.647980707307894
002138.SZ,20260604,47.0,51.11,46.84,50.55,47.8,2.75,5.7531,574963.2,2859280.04,49.729792097998626
002139.SZ,20260604,9.9,10.13,9.84,9.87,9.99,-0.12,-1.2012,189174.5,188647.637,9.972149364739963
002140.SZ,20260604,10.24,10.24,9.95,10.05,10.25,-0.2,-1.9512,62121.0,62350.46,10.036937589542989
002141.SZ,20260604,3.28,3.34,3.18,3.19,3.32,-0.13,-3.9157,194718.0,62876.875,3.229124939656324
002142.SZ,20260604,31.23,31.33,30.31,30.45,31.24,-0.79,-2.5288,317322.75,971337.948,30.61041000054361
002144.SZ,20260604,11.7,11.78,11.37,11.47,11.71,-0.24,-2.0495,29587.62,34065.424,11.513404592866882
002145.SZ,20260604,4.36,4.43,4.32,4.4,4.38,0.02,0.4566,385711.95,168381.357,4.365469024229091
002146.SZ,20260604,1.27,1.32,1.26,1.27,1.28,-0.01,-0.7813,1124859.0,145341.095,1.2920827854868921
002148.SZ,20260604,6.58,6.66,6.38,6.43,6.64,-0.21,-3.1627,91063.59,58919.839,6.470186273130677
002149.SZ,20260604,60.52,63.45,59.75,62.51,61.7,0.81,1.3128,510426.59,3161373.578,61.93591086232401
002150.SZ,20260604,28.8,29.3,28.2,28.6,29.22,-0.62,-2.1218,160641.03,461156.942,28.70729489222025
002151.SZ,20260604,34.12,34.66,33.8,34.15,34.38,-0.23,-0.669,93704.81,320061.835,34.156393359102914
002152.SZ,20260604,10.25,10.31,10.08,10.12,10.28,-0.16,-1.5564,167153.69,170006.74,10.17068423676438
002153.SZ,20260604,8.16,8.29,8.0,8.07,8.24,-0.17,-2.0631,197558.74,160664.3,8.132482521400977
002154.SZ,20260604,3.99,4.07,3.97,3.99,4.01,-0.02,-0.4988,279461.61,112473.103,4.024635190500764
002155.SZ,20260604,25.37,25.55,24.7,24.87,25.48,-0.61,-2.394,293147.7,731191.832,24.942779083717866
002156.SZ,20260604,70.01,72.5,69.2,71.1,70.22,0.88,1.2532,2026091.51,14462315.474,71.38036659558382
002157.SZ,20260604,3.12,3.16,3.05,3.07,3.12,-0.05,-1.6026,1605869.41,494965.899,3.082230073739309
002158.SZ,20260604,28.96,29.58,28.77,29.28,29.28,0.0,0.0,87937.69,256725.055,29.1939730279474
002159.SZ,20260604,14.46,14.55,14.1,14.2,14.49,-0.29,-2.0014,27158.01,38722.537,14.2582379931372
002160.SZ,20260604,4.56,4.56,4.36,4.38,4.58,-0.2,-4.3668,234950.88,103642.487,4.411240638894393
002161.SZ,20260604,6.0,6.09,5.92,6.0,6.04,-0.04,-0.6623,111360.0,66810.02,5.999463002873564
002162.SZ,20260604,3.72,3.78,3.68,3.71,3.77,-0.06,-1.5915,93433.0,34717.453,3.7157592071323835
002163.SZ,20260604,9.89,9.97,9.69,9.78,9.94,-0.16,-1.6097,168940.16,165446.736,9.7932153017968
002164.SZ,20260604,12.17,12.77,12.0,12.23,12.21,0.02,0.1638,125725.67,155440.191,12.363441053843658
002165.SZ,20260604,6.72,6.8,6.52,6.58,6.72,-0.14,-2.0833,309010.65,204160.864,6.606919988032774
002166.SZ,20260604,7.82,7.89,7.61,7.7,7.85,-0.15,-1.9108,79853.01,61561.245,7.709320537823183
002167.SZ,20260604,14.08,14.26,13.77,14.04,14.73,-0.69,-4.6843,957129.57,1334184.917,13.939438910031793
002168.SZ,20260604,3.73,3.73,3.59,3.6,3.75,-0.15,-4.0,87810.0,31901.507,3.6330152602209314
002169.SZ,20260604,15.83,16.29,15.71,15.97,16.13,-0.16,-0.9919,246821.0,394943.11,16.001195603291453
002170.SZ,20260604,11.72,11.85,11.42,11.49,11.77,-0.28,-2.3789,135501.82,156962.427,11.583787361675288
002171.SZ,20260604,12.67,12.98,12.39,12.72,12.88,-0.16,-1.2422,1354947.9,1718029.53,12.679672258985015
002172.SZ,20260604,3.26,3.28,3.17,3.21,3.27,-0.06,-1.8349,124446.0,40009.6,3.2150169551452032
002173.SZ,20260604,17.79,18.12,17.53,17.63,17.96,-0.33,-1.8374,187289.12,332273.867,17.741226345662792
002174.SZ,20260604,10.92,11.14,10.8,10.85,10.99,-0.14,-1.2739,205732.14,225553.328,10.963446353107491
002175.SZ,20260604,2.58,2.6,2.49,2.49,2.62,-0.13,-4.9618,296402.2,74821.981,2.5243395966696602
002176.SZ,20260604,11.18,11.19,10.88,10.97,11.26,-0.29,-2.5755,600071.05,660529.444,11.007520592769806
002177.SZ,20260604,6.58,6.67,6.47,6.6,6.61,-0.01,-0.1513,235214.0,154901.315,6.585548266684807
002178.SZ,20260604,5.51,5.59,5.37,5.42,5.52,-0.1,-1.8116,139425.2,75794.411,5.43620600866988
002179.SZ,20260604,36.51,39.86,36.3,39.22,36.92,2.3,6.2297,660014.48,2548284.222,38.609519930532436
002180.SZ,20260604,15.68,15.77,15.25,15.57,15.85,-0.28,-1.7666,185229.7,287120.012,15.500754576614872
002181.SZ,20260604,15.0,15.9,14.68,15.33,15.79,-0.46,-2.9132,1025440.09,1577316.305,15.38184746609624
002182.SZ,20260604,14.21,14.46,13.9,14.05,14.42,-0.37,-2.5659,203034.54,286177.465,14.095013833606835
002183.SZ,20260604,6.25,6.41,6.18,6.37,6.24,0.13,2.0833,1197311.39,758259.722,6.333020201202629
002184.SZ,20260604,11.45,11.59,11.18,11.25,11.57,-0.32,-2.7658,89188.92,100893.815,11.312370976125735
002185.SZ,20260604,18.66,19.5,18.55,19.26,19.16,0.1,0.5219,4313198.81,8262516.7,19.156354863225054
002186.SZ,20260604,9.4,9.49,9.2,9.25,9.45,-0.2,-2.1164,34285.01,31861.414,9.29310331249721
002187.SZ,20260604,5.63,5.72,5.38,5.43,5.65,-0.22,-3.8938,182858.0,100373.808,5.489166894530182
002188.SZ,20260604,5.83,5.88,5.64,5.74,5.83,-0.09,-1.5437,111258.95,63743.907,5.729328472001578
002189.SZ,20260604,20.92,21.25,20.4,20.52,21.05,-0.53,-2.5178,31216.77,64897.36,20.789261669288656
002190.SZ,20260604,26.72,26.72,26.0,26.11,26.98,-0.87,-3.2246,49066.0,128813.15,26.25303672604247
002191.SZ,20260604,3.76,3.81,3.66,3.73,3.79,-0.06,-1.5831,169325.0,62895.159,3.714463841724494
002192.SZ,20260604,78.4,78.7,75.82,76.1,79.06,-2.96,-3.744,181031.29,1387328.919,76.63475849948371
002193.SZ,20260604,4.8,4.83,4.66,4.73,4.83,-0.1,-2.0704,42104.0,19967.994,4.742540851225536
002194.SZ,20260604,11.16,11.49,11.0,11.04,11.38,-0.34,-2.9877,295828.04,330003.642,11.155252287781781
002195.SZ,20260604,7.5,7.56,7.41,7.45,7.56,-0.11,-1.455,1032399.73,771547.624,7.473341977724074
002196.SZ,20260604,13.09,13.57,12.88,13.11,13.31,-0.2,-1.5026,325093.13,430170.632,13.232227700413109
002197.SZ,20260604,6.59,6.68,6.41,6.47,6.6,-0.13,-1.9697,154921.8,100578.206,6.492191931671334
002198.SZ,20260604,4.02,4.05,3.86,3.9,4.06,-0.16,-3.9409,113343.0,44647.763,3.9391725117563503
002199.SZ,20260604,13.78,14.05,13.09,13.09,13.78,-0.69,-5.0073,78160.13,103742.085,13.273018481417571
002200.SZ,20260604,7.36,7.6,6.79,7.0,7.53,-0.53,-7.0385,87750.1,62666.378,7.1414594399322615
002201.SZ,20260604,10.67,10.71,10.36,10.43,10.71,-0.28,-2.6144,218915.83,229206.128,10.470057281832933
002202.SZ,20260604,23.35,23.75,23.2,23.63,23.61,0.02,0.0847,791042.81,1864277.506,23.567340255579843
002203.SZ,20260604,20.09,20.25,19.31,19.49,20.41,-0.92,-4.5076,300402.45,590827.636,19.667870085613483
002204.SZ,20260604,5.84,5.88,5.76,5.81,5.85,-0.04,-0.6838,182191.82,105950.852,5.815346265271404
002205.SZ,20260604,12.5,12.5,12.11,12.28,12.5,-0.22,-1.76,26266.4,32252.314,12.27892440532391
002206.SZ,20260604,5.49,5.49,5.29,5.33,5.48,-0.15,-2.7372,177631.9,95401.053,5.370716239594352
002207.SZ,20260604,9.2,9.3,9.07,9.07,9.55,-0.48,-5.0262,122514.0,111593.48,9.108630850351796
002208.SZ,20260604,16.89,17.58,16.8,17.04,16.87,0.17,1.0077,703137.82,1204678.358,17.13289093168108
002209.SZ,20260604,12.29,12.54,12.08,12.5,12.38,0.12,0.9693,43968.0,54076.537,12.299066821324597
002210.SZ,20260604,2.68,2.72,2.63,2.66,2.72,-0.06,-2.2059,791364.37,210832.492,2.6641645744045817
002211.SZ,20260604,3.72,3.73,3.55,3.61,3.69,-0.08,-2.168,80171.85,29072.393,3.626259466383774
002212.SZ,20260604,6.62,6.64,6.44,6.47,6.64,-0.17,-2.5602,223996.0,145570.193,6.498785380096073
002213.SZ,20260604,34.6,38.59,34.0,38.59,35.08,3.51,10.0057,153679.61,580503.496,37.773618504107354
002214.SZ,20260604,14.55,14.66,14.14,14.14,14.63,-0.49,-3.3493,65134.2,93229.584,14.313461131018727
002215.SZ,20260604,9.26,9.28,8.92,9.01,9.28,-0.27,-2.9095,149054.0,134937.597,9.052933634790076
002216.SZ,20260604,12.8,12.93,12.54,12.69,12.8,-0.11,-0.8594,82803.71,105041.734,12.685631356372799
002217.SZ,20260604,2.49,2.54,2.45,2.54,2.52,0.02,0.7937,2644805.48,660293.893,2.49656883272943
002218.SZ,20260604,4.56,4.6,4.43,4.48,4.5,-0.02,-0.4444,361704.45,162222.33,4.484941504037343
002219.SZ,20260604,2.14,2.16,2.12,2.13,2.15,-0.02,-0.9302,367740.02,78454.035,2.1334103098161576
002221.SZ,20260604,6.66,6.95,6.55,6.63,6.76,-0.13,-1.9231,213703.91,143121.132,6.697169555765265
002222.SZ,20260604,95.81,98.66,95.51,97.2,99.0,-1.8,-1.8182,295108.62,2857754.206,96.83736808501222
002223.SZ,20260604,26.3,26.44,25.79,25.94,26.44,-0.5,-1.8911,76440.5,198808.022,26.008205336176502
002224.SZ,20260604,3.74,3.77,3.65,3.67,3.74,-0.07,-1.8717,103263.07,38057.522,3.685492015683825
002225.SZ,20260604,3.72,3.89,3.7,3.79,3.74,0.05,1.3369,378081.0,143161.368,3.7865263792679342
002226.SZ,20260604,5.09,5.11,5.01,5.03,5.1,-0.07,-1.3725,182406.56,91978.014,5.042472924219393
002227.SZ,20260604,8.38,8.61,8.18,8.25,8.46,-0.21,-2.4823,36191.0,30325.32,8.379243458318367
002228.SZ,20260604,3.35,3.39,3.29,3.33,3.36,-0.03,-0.8929,164518.0,54757.671,3.328369600894735
002229.SZ,20260604,13.98,13.99,13.6,13.73,14.25,-0.52,-3.6491,339922.34,467922.346,13.765566158434893
002230.SZ,20260604,46.96,46.98,45.83,45.84,47.51,-1.67,-3.515,605943.63,2796621.798,46.15316771297686
002232.SZ,20260604,15.2,15.29,14.83,14.94,15.25,-0.31,-2.0328,43790.16,65544.383,14.967833641165047
002233.SZ,20260604,8.02,8.06,7.89,7.91,7.99,-0.08,-1.0013,56988.39,45411.351,7.968526747290107
002234.SZ,20260604,7.51,7.75,7.15,7.22,7.47,-0.25,-3.3467,109322.0,79967.82,7.314888128647482
002235.SZ,20260604,10.18,10.4,9.92,10.1,10.33,-0.23,-2.2265,381168.9,386489.626,10.139589719937801
002236.SZ,20260604,16.82,16.97,16.57,16.69,17.0,-0.31,-1.8235,262474.82,439393.731,16.740414604341858
002237.SZ,20260604,13.7,13.77,13.31,13.48,13.77,-0.29,-2.106,191085.41,257778.726,13.490235910737507
002238.SZ,20260604,6.43,6.43,6.19,6.27,6.45,-0.18,-2.7907,63989.15,40156.808,6.275565154405082
002239.SZ,20260604,2.62,2.65,2.57,2.58,2.63,-0.05,-1.9011,487882.0,126685.134,2.5966347190509182
002240.SZ,20260604,43.44,43.65,42.0,42.49,43.81,-1.32,-3.013,313847.03,1335112.194,42.5402207565896
002241.SZ,20260604,26.3,26.42,24.9,24.94,26.81,-1.87,-6.975,2145037.76,5496085.908,25.62232707735644
002242.SZ,20260604,8.89,8.93,8.6,8.65,8.9,-0.25,-2.809,99365.86,86610.913,8.71636525865121
002243.SZ,20260604,9.14,9.26,8.97,9.1,9.31,-0.21,-2.2556,289485.41,263761.825,9.111403058275028
002244.SZ,20260604,9.96,10.08,9.58,9.71,10.05,-0.34,-3.3831,266190.38,260980.306,9.804272641257734
002245.SZ,20260604,19.79,21.48,19.59,20.85,19.93,0.92,4.6162,1457091.68,3010402.956,20.660353753443985
002246.SZ,20260604,20.0,20.79,19.9,20.36,20.15,0.21,1.0422,132023.0,267894.026,20.291466335411258
002247.SZ,20260604,2.46,2.51,2.38,2.42,2.48,-0.06,-2.4194,248614.0,60486.741,2.432957958924276
002248.SZ,20260604,9.8,9.97,9.75,9.83,9.88,-0.05,-0.5061,78248.0,77110.671,9.854650725897148
002249.SZ,20260604,8.19,8.33,8.15,8.22,8.24,-0.02,-0.2427,305966.37,252019.722,8.236843872743268
002250.SZ,20260604,14.08,14.19,13.9,14.06,14.09,-0.03,-0.2129,111720.79,156753.469,14.030823537857191
002251.SZ,20260604,4.8,4.91,4.36,4.42,4.84,-0.42,-8.6777,3438546.98,1563691.571,4.54753586353501
002252.SZ,20260604,5.24,5.25,5.11,5.14,5.24,-0.1,-1.9084,291201.14,150366.461,5.16366319857127
002253.SZ,20260604,11.45,11.66,11.2,11.5,11.62,-0.12,-1.0327,60976.17,69551.767,11.40638498613475
002254.SZ,20260604,13.89,14.44,13.69,14.12,13.68,0.44,3.2164,563290.02,792924.619,14.076667273458883
002255.SZ,20260604,9.55,9.65,9.4,9.48,9.63,-0.15,-1.5576,132935.22,126031.272,9.480653208382249
002256.SZ,20260604,4.51,4.67,4.4,4.41,4.56,-0.15,-3.2895,809575.24,364330.687,4.50026963522254
002258.SZ,20260604,13.19,13.42,12.9,13.11,13.13,-0.02,-0.1523,240954.8,315931.857,13.111664801863256
002259.SZ,20260604,4.83,4.94,4.75,4.87,4.87,0.0,0.0,140469.0,67863.228,4.831188945603657
002261.SZ,20260604,29.56,29.6,28.82,29.03,29.87,-0.84,-2.8122,472942.77,1375736.763,29.088863394613263
002262.SZ,20260604,19.99,20.01,19.13,19.43,19.92,-0.49,-2.4598,125550.73,244235.998,19.453172275461878
002263.SZ,20260604,3.75,3.92,3.7,3.9,3.78,0.12,3.1746,1634680.85,627996.077,3.84170449540655
002264.SZ,20260604,6.61,6.72,6.46,6.53,6.63,-0.1,-1.5083,124430.01,81620.567,6.559556412476379
002265.SZ,20260604,19.9,20.16,19.75,20.03,19.98,0.05,0.2503,52705.66,105247.084,19.96883902032533
002266.SZ,20260604,5.07,5.11,4.93,5.0,5.1,-0.1,-1.9608,762172.23,381903.807,5.010728441260579
002267.SZ,20260604,7.58,7.59,7.39,7.44,7.6,-0.16,-2.1053,61734.03,46200.452,7.4837900587406985
002268.SZ,20260604,13.93,13.94,13.51,13.62,13.96,-0.34,-2.4355,89849.0,123061.08,13.69643290409465
002269.SZ,20260604,1.55,1.57,1.52,1.53,1.56,-0.03,-1.9231,421203.73,64748.198,1.5372180583491035
002270.SZ,20260604,20.45,20.87,20.28,20.43,20.61,-0.18,-0.8734,146100.25,300493.116,20.567597659826045
002271.SZ,20260604,12.88,13.11,12.78,12.84,13.01,-0.17,-1.3067,434549.78,560337.969,12.89467846468591
002272.SZ,20260604,19.42,20.05,19.2,19.81,19.83,-0.02,-0.1009,396398.0,781400.599,19.712526274098256
002273.SZ,20260604,35.9,37.59,35.7,37.18,36.85,0.33,0.8955,684696.74,2507764.487,36.62591539431019
002274.SZ,20260604,5.7,5.73,5.52,5.55,5.71,-0.16,-2.8021,135191.06,75736.86,5.6022091993361105
002275.SZ,20260604,13.25,13.25,12.83,12.87,13.07,-0.2,-1.5302,19834.63,25735.09,12.974827360026378
002276.SZ,20260604,11.53,11.62,11.34,11.4,11.62,-0.22,-1.8933,164780.87,188832.875,11.459635757475974
002277.SZ,20260604,6.46,6.84,6.4,6.75,6.52,0.23,3.5276,345597.46,230903.37,6.681280875154579
002278.SZ,20260604,8.96,9.0,8.76,8.85,9.01,-0.16,-1.7758,68496.0,60620.534,8.850229794440551
002279.SZ,20260604,6.92,7.05,6.78,6.9,6.98,-0.08,-1.1461,342285.7,235900.592,6.8919207550885115
002281.SZ,20260604,215.83,227.2,215.83,220.56,224.0,-3.44,-1.5357,513551.1,11424420.062,222.45926572837644
002282.SZ,20260604,6.33,6.33,6.15,6.21,6.33,-0.12,-1.8957,51175.0,31796.894,6.213364728871519
002283.SZ,20260604,10.56,11.23,10.5,10.85,10.64,0.21,1.9737,381591.73,416441.895,10.91328407457887
002284.SZ,20260604,11.35,11.65,11.31,11.46,11.45,0.01,0.0873,124930.52,143708.042,11.503037208201805
002285.SZ,20260604,2.58,2.65,2.55,2.57,2.6,-0.03,-1.1538,343979.35,88945.296,2.5857742913927826
002286.SZ,20260604,9.05,9.11,8.82,8.88,9.05,-0.17,-1.8785,56449.0,50382.802,8.925366614111853
002287.SZ,20260604,20.77,20.88,20.31,20.37,20.8,-0.43,-2.0673,14746.34,30221.658,20.49434503748049
002289.SZ,20260604,40.88,41.69,39.78,40.33,41.69,-1.36,-3.2622,21982.0,88420.479,40.22403739423165
002290.SZ,20260604,89.0,90.75,87.45,89.47,89.27,0.2,0.224,67122.71,601276.206,89.57865467589136
002291.SZ,20260604,5.62,5.95,5.55,5.8,5.66,0.14,2.4735,409552.11,235276.086,5.744716734581101
002292.SZ,20260604,7.16,7.2,6.9,6.95,7.2,-0.25,-3.4722,319262.1,224642.704,7.036309790607779
002293.SZ,20260604,9.76,9.83,9.51,9.74,9.81,-0.07,-0.7136,63730.35,61650.728,9.673684202267838
002294.SZ,20260604,32.33,32.6,31.72,32.09,32.33,-0.24,-0.7423,123481.06,395151.64,32.00099189300772
002295.SZ,20260604,10.18,10.3,9.91,9.99,10.28,-0.29,-2.821,42476.01,42547.039,10.016722145041399
002296.SZ,20260604,10.25,10.25,10.0,10.02,10.33,-0.31,-3.001,78174.1,78951.005,10.0993813807898
002297.SZ,20260604,21.09,21.1,20.42,20.78,21.18,-0.4,-1.8886,687379.74,1423993.204,20.716252183982032
002298.SZ,20260604,8.97,9.07,8.76,8.85,9.06,-0.21,-2.3179,272593.46,241656.789,8.865098561058653
002299.SZ,20260604,16.68,16.95,16.35,16.4,16.79,-0.39,-2.3228,100622.91,166087.339,16.505916893081306
002300.SZ,20260604,8.57,8.59,8.25,8.31,8.61,-0.3,-3.4843,217501.99,182075.997,8.37123361492003
002301.SZ,20260604,7.89,7.89,7.4,7.53,7.91,-0.38,-4.804,191086.5,145250.847,7.601313907575888
002302.SZ,20260604,5.06,5.1,4.93,4.94,5.05,-0.11,-2.1782,71045.0,35453.132,4.99023604757548
002303.SZ,20260604,3.27,3.29,3.2,3.22,3.28,-0.06,-1.8293,96610.0,31267.808,3.23649808508436
002304.SZ,20260604,44.04,44.41,43.0,43.01,44.02,-1.01,-2.2944,60558.16,263720.041,43.54822554053822
002305.SZ,20260604,2.38,2.38,2.26,2.26,2.38,-0.12,-5.042,403609.0,93099.435,2.3066739096501814
002306.SZ,20260604,2.22,2.24,2.17,2.19,2.24,-0.05,-2.2321,120521.0,26504.685,2.1991756623327054
002307.SZ,20260604,3.8,3.85,3.76,3.8,3.79,0.01,0.2639,104389.65,39745.534,3.8074209464252444
002309.SZ,20260604,3.49,3.55,3.44,3.47,3.55,-0.08,-2.2535,1259418.07,437880.617,3.476848771909395
002310.SZ,20260604,2.8,2.81,2.66,2.7,2.81,-0.11,-3.9146,1611823.42,437589.94,2.7148751815505943
002311.SZ,20260604,46.1,46.38,44.45,44.57,46.27,-1.7,-3.6741,121366.85,546372.73,45.01828382297142
002312.SZ,20260604,8.83,8.84,8.58,8.66,8.87,-0.21,-2.3675,226934.12,196901.486,8.676592396066313
002313.SZ,20260604,9.0,9.11,8.72,8.79,9.06,-0.27,-2.9801,78624.0,69628.317,8.855860424297923
002314.SZ,20260604,2.45,2.63,2.39,2.51,2.5,0.01,0.4,966696.81,241789.34,2.50119104044628
002315.SZ,20260604,27.26,27.48,26.53,26.62,27.52,-0.9,-3.2703,62389.02,167613.501,26.865865339766515
002316.SZ,20260604,4.88,4.99,4.72,4.81,4.93,-0.12,-2.4341,144183.0,69504.732,4.8205913318491085
002317.SZ,20260604,22.21,22.63,21.93,22.2,22.41,-0.21,-0.9371,203478.29,452866.651,22.25626385006479
002318.SZ,20260604,22.51,22.95,22.05,22.64,22.44,0.2,0.8913,120062.0,269619.782,22.45671253185854
002319.SZ,20260604,11.72,11.83,11.51,11.75,11.85,-0.1,-0.8439,64406.55,75139.468,11.666432684253385
002320.SZ,20260604,7.38,7.42,7.19,7.22,7.42,-0.2,-2.6954,177844.19,129384.578,7.275164738302667
002321.SZ,20260604,1.89,1.91,1.86,1.87,1.89,-0.02,-1.0582,190521.0,35788.502,1.878454448590969
002322.SZ,20260604,11.35,11.35,11.1,11.14,11.38,-0.24,-2.109,25018.84,28000.846,11.19190418100919
002323.SZ,20260604,1.51,1.57,1.51,1.51,1.59,-0.08,-5.0314,1645529.8,250219.67,1.520602483163781
002324.SZ,20260604,12.02,12.14,11.8,11.85,12.15,-0.3,-2.4691,159891.71,190609.134,11.921139251059358
002326.SZ,20260604,21.91,22.29,21.44,21.95,21.95,0.0,0.0,246097.11,538030.56,21.862530608344002
002327.SZ,20260604,7.1,7.15,6.91,6.98,7.13,-0.15,-2.1038,47749.76,33312.878,6.976554018281976
002328.SZ,20260604,9.27,9.42,8.9,9.02,9.32,-0.3,-3.2189,591773.08,537214.741,9.07805304357542
002329.SZ,20260604,4.13,4.17,3.9,3.95,4.14,-0.19,-4.5894,289938.15,115763.589,3.992699442967405
002330.SZ,20260604,3.97,4.01,3.85,3.89,3.97,-0.08,-2.0151,114567.64,44694.357,3.901132728229368
002331.SZ,20260604,8.53,8.79,8.53,8.7,8.67,0.03,0.346,92038.2,79903.314,8.681538100484364
002332.SZ,20260604,8.44,8.45,8.23,8.27,8.4,-0.13,-1.5476,55979.0,46539.253,8.31369852980582
002333.SZ,20260604,4.99,5.03,4.91,4.93,4.98,-0.05,-1.004,46050.0,22785.674,4.9480290988056455
002334.SZ,20260604,8.88,9.6,8.7,9.47,9.0,0.47,5.2222,1023899.26,951038.405,9.288398206284473
002335.SZ,20260604,39.97,40.75,39.7,39.91,40.45,-0.54,-1.335,223177.66,894487.317,40.07960819196689
002337.SZ,20260604,5.16,5.24,5.11,5.17,5.2,-0.03,-0.5769,63524.5,32752.907,5.155948807153146
002338.SZ,20260604,52.4,53.41,51.8,52.93,53.79,-0.86,-1.5988,45729.64,240747.619,52.64585922828171
002339.SZ,20260604,8.36,8.43,8.25,8.33,8.44,-0.11,-1.3033,105128.41,87380.38,8.311776046075462
002340.SZ,20260604,7.61,7.63,7.33,7.39,7.68,-0.29,-3.776,1845355.9,1375249.767,7.452490692987732
002342.SZ,20260604,11.21,11.39,10.99,11.05,11.28,-0.23,-2.039,621268.83,692313.824,11.143546731613753
002343.SZ,20260604,5.05,5.11,4.91,4.93,5.06,-0.13,-2.5692,106260.4,52925.196,4.980707394287995
002344.SZ,20260604,3.89,4.05,3.85,3.89,3.93,-0.04,-1.0178,179413.04,70645.12,3.937568863444931
002345.SZ,20260604,9.11,9.23,9.01,9.05,9.2,-0.15,-1.6304,112122.77,102033.877,9.100192315976495
002346.SZ,20260604,18.73,18.73,17.87,18.11,18.9,-0.79,-4.1799,58866.5,107202.196,18.211070133267647
002347.SZ,20260604,6.77,6.86,6.7,6.79,6.83,-0.04,-0.5857,123683.0,83996.779,6.791295408423146
002348.SZ,20260604,15.05,15.26,14.5,14.63,15.29,-0.66,-4.3165,293561.34,434957.568,14.816582047213709
002349.SZ,20260604,6.76,6.81,6.66,6.69,6.77,-0.08,-1.1817,61382.03,41121.014,6.699194210422823
002350.SZ,20260604,14.72,14.84,14.23,14.54,14.9,-0.36,-2.4161,168071.84,242587.978,14.433588517862361
002351.SZ,20260604,11.18,11.31,10.92,10.96,11.32,-0.36,-3.1802,136268.07,150818.182,11.067756518456598
002352.SZ,20260604,34.41,34.69,34.01,34.25,34.57,-0.32,-0.9257,172109.55,590582.303,34.31432497499412
002353.SZ,20260604,143.25,157.34,141.68,157.34,143.04,14.3,9.9972,246241.07,3805968.803,154.56271380724587
002354.SZ,20260604,6.04,6.2,5.98,6.05,6.18,-0.13,-2.1036,1377626.67,833352.364,6.049188667347737
002355.SZ,20260604,5.34,5.38,5.19,5.25,5.34,-0.09,-1.6854,130124.0,68320.997,5.250453183117641
002356.SZ,20260604,3.33,3.36,3.19,3.21,3.4,-0.19,-5.5882,521160.1,169640.83,3.255061736307135
002357.SZ,20260604,10.2,10.61,10.05,10.58,10.21,0.37,3.6239,106351.38,109986.681,10.3418198240587
002358.SZ,20260604,6.28,6.35,6.19,6.23,6.33,-0.1,-1.5798,162215.0,101144.486,6.235211663532966
002360.SZ,20260604,6.01,6.17,6.0,6.03,6.14,-0.11,-1.7915,69084.04,41766.473,6.0457484825728205
002361.SZ,20260604,15.15,15.48,15.06,15.28,15.33,-0.05,-0.3262,643160.64,979964.05,15.236691878408479
002362.SZ,20260604,16.17,16.29,15.93,16.05,16.19,-0.14,-0.8647,33706.75,54097.075,16.04932988199693
002363.SZ,20260604,7.01,7.09,6.91,6.99,7.08,-0.09,-1.2712,60133.9,41934.503,6.973521258391688
002364.SZ,20260604,54.01,55.95,53.43,53.69,54.78,-1.09,-1.9898,361778.93,1969303.431,54.43388953027198
002365.SZ,20260604,11.59,11.76,11.44,11.5,11.61,-0.11,-0.9475,47338.0,54677.0,11.550340107313364
002366.SZ,20260604,6.4,6.4,6.18,6.26,6.46,-0.2,-3.096,524669.99,328069.016,6.252864128935601
002367.SZ,20260604,5.66,5.7,5.58,5.61,5.68,-0.07,-1.2324,49007.0,27538.94,5.619389066867998
002368.SZ,20260604,15.63,15.97,15.51,15.76,15.74,0.02,0.1271,81562.21,128624.736,15.770138646316719
002369.SZ,20260604,6.34,6.5,6.25,6.32,6.39,-0.07,-1.0955,129707.02,82149.277,6.333448798684913
002370.SZ,20260604,5.73,5.74,5.6,5.64,5.74,-0.1,-1.7422,134608.02,75891.814,5.637986057591516
002371.SZ,20260604,610.14,637.85,606.0,627.0,614.84,12.16,1.9778,120620.3,7582080.352,628.5907390381221
002372.SZ,20260604,9.48,9.58,9.31,9.42,9.55,-0.13,-1.3613,63361.29,59699.407,9.422063060900433
002373.SZ,20260604,7.73,7.79,7.58,7.61,7.78,-0.17,-2.1851,217765.08,167066.648,7.6718750315707185
002374.SZ,20260604,3.47,3.61,3.45,3.52,3.47,0.05,1.4409,419855.11,147621.21,3.516003651831223
002375.SZ,20260604,4.15,4.19,3.98,4.01,4.18,-0.17,-4.067,234380.38,94690.273,4.040025577226217
002376.SZ,20260604,6.45,6.51,6.35,6.41,6.49,-0.08,-1.2327,96948.9,62069.963,6.402338035810619
002377.SZ,20260604,2.89,2.91,2.81,2.82,2.89,-0.07,-2.4221,216970.0,61665.374,2.842115223302761
002378.SZ,20260604,30.45,31.22,29.6,31.03,30.84,0.19,0.6161,752301.66,2290841.66,30.45110468053467
002379.SZ,20260604,20.5,20.78,19.29,19.44,20.85,-1.41,-6.7626,428515.23,846166.281,19.74646924451203
002380.SZ,20260604,38.6,39.18,37.7,38.41,39.19,-0.78,-1.9903,75546.0,289063.564,38.263252058348556
002381.SZ,20260604,5.68,5.73,5.53,5.57,5.67,-0.1,-1.7637,44973.1,25176.904,5.598214043506006
002382.SZ,20260604,6.49,6.52,6.26,6.29,6.51,-0.22,-3.3794,162158.06,102880.525,6.344459535344712
002383.SZ,20260604,7.73,7.84,7.58,7.68,7.77,-0.09,-1.1583,111880.0,85950.13,7.682349839113336
002384.SZ,20260604,222.11,244.7,222.11,237.8,223.99,13.81,6.1655,835019.04,19753268.363,236.5606940292044
002385.SZ,20260604,3.3,3.35,3.27,3.3,3.32,-0.02,-0.6024,426950.0,140890.302,3.2999250966155285
002386.SZ,20260604,5.91,5.91,5.7,5.75,5.92,-0.17,-2.8716,195870.4,113195.771,5.779115731626626
002387.SZ,20260604,8.1,8.47,8.04,8.42,8.16,0.26,3.1863,250353.84,207819.185,8.301018470497596
002388.SZ,20260604,5.38,5.54,5.32,5.49,5.44,0.05,0.9191,359825.8,195786.649,5.441150940260537
002389.SZ,20260604,19.2,19.2,18.6,18.9,19.3,-0.4,-2.0725,208889.72,393012.625,18.814359318400157
002390.SZ,20260604,2.98,3.01,2.93,2.95,2.99,-0.04,-1.3378,186185.01,55116.409,2.960303248902798
002391.SZ,20260604,5.57,5.58,5.36,5.43,5.58,-0.15,-2.6882,81504.0,44354.215,5.44196787887711
002392.SZ,20260604,7.85,7.9,7.68,7.79,7.92,-0.13,-1.6414,181627.84,141141.462,7.770915626150705
002393.SZ,20260604,14.66,14.67,14.25,14.35,14.6,-0.25,-1.7123,17720.52,25513.871,14.397924553004087
002394.SZ,20260604,10.31,10.34,9.98,10.07,10.32,-0.25,-2.4225,53995.03,54540.277,10.100980960655084
002395.SZ,20260604,14.01,15.4,13.65,15.4,14.0,1.4,10.0,140582.25,207845.601,14.784626153017184
002396.SZ,20260604,21.91,22.21,21.2,21.38,22.35,-0.97,-4.34,344309.29,742710.732,21.571033764438944
002397.SZ,20260604,4.53,4.6,4.46,4.58,4.54,0.04,0.8811,176228.0,79778.537,4.527006888803141
002398.SZ,20260604,4.41,4.45,4.31,4.36,4.44,-0.08,-1.8018,99640.0,43358.884,4.351553994379767
002399.SZ,20260604,9.66,9.76,9.41,9.45,9.67,-0.22,-2.2751,45899.06,43678.117,9.516124513225325
002400.SZ,20260604,7.86,7.87,7.53,7.61,7.94,-0.33,-4.1562,980324.43,748711.616,7.637386084523059
002401.SZ,20260604,12.7,12.82,12.45,12.55,12.8,-0.25,-1.9531,30919.46,38927.496,12.589966318946061
002402.SZ,20260604,25.7,25.87,25.34,25.63,25.88,-0.25,-0.966,211745.9,543010.809,25.644454461692057
002403.SZ,20260604,10.29,10.38,9.95,10.01,10.24,-0.23,-2.2461,41804.0,42328.673,10.125507846139126
002404.SZ,20260604,7.35,7.63,7.34,7.43,7.55,-0.12,-1.5894,531579.74,396861.032,7.4656914501670055
002405.SZ,20260604,8.04,8.11,7.83,7.89,8.15,-0.26,-3.1902,697182.8,554271.189,7.950155812794004
002406.SZ,20260604,7.92,8.36,7.51,7.58,8.02,-0.44,-5.4863,654449.41,509727.794,7.788650829404827
002407.SZ,20260604,32.85,33.11,32.28,32.76,33.27,-0.51,-1.5329,672603.4,2202485.696,32.74568186839376
002408.SZ,20260604,5.19,5.26,5.06,5.1,5.22,-0.12,-2.2989,237362.05,121665.822,5.125748703299453
002409.SZ,20260604,111.5,120.0,111.48,117.78,113.8,3.98,3.4974,274044.33,3199932.15,116.76695336115876
002410.SZ,20260604,9.62,9.71,9.32,9.37,9.72,-0.35,-3.6008,356153.72,337468.004,9.47534688111639
002412.SZ,20260604,6.55,6.58,6.37,6.41,6.58,-0.17,-2.5836,75429.03,48503.033,6.430287251473339
002413.SZ,20260604,10.51,10.58,10.28,10.36,10.57,-0.21,-1.9868,408236.34,424132.232,10.389379642194518
002414.SZ,20260604,12.64,12.91,12.59,12.77,12.75,0.02,0.1569,362640.12,463632.178,12.784911333031769
002415.SZ,20260604,30.62,30.92,30.45,30.63,30.77,-0.14,-0.455,412574.38,1266647.252,30.701064181445297
002416.SZ,20260604,10.4,10.66,10.26,10.34,10.51,-0.17,-1.6175,181913.29,190298.623,10.460952193212492
002418.SZ,20260604,4.51,4.65,4.41,4.52,4.55,-0.03,-0.6593,679619.68,306810.039,4.514437236426113
002419.SZ,20260604,4.8,4.86,4.66,4.69,4.82,-0.13,-2.6971,137081.0,64731.084,4.7221047409925525
002420.SZ,20260604,5.77,5.84,5.67,5.7,5.82,-0.12,-2.0619,108199.01,61909.94,5.721858268388963
002421.SZ,20260604,4.87,5.08,4.66,4.74,4.88,-0.14,-2.8689,4883523.54,2343780.916,4.799364427759061
002422.SZ,20260604,33.55,34.4,33.46,33.88,33.55,0.33,0.9836,145544.74,493873.26,33.93274535376545
002423.SZ,20260604,9.14,9.22,8.96,9.03,9.17,-0.14,-1.5267,104076.0,94260.752,9.056915331104193
002424.SZ,20260604,4.68,4.68,4.6,4.62,4.69,-0.07,-1.4925,68065.0,31545.848,4.634665099537207
002425.SZ,20260604,2.94,2.97,2.86,2.88,2.95,-0.07,-2.3729,190047.0,55082.272,2.8983499871084515
002426.SZ,20260604,3.5,3.68,3.4,3.63,3.58,0.05,1.3966,2473622.97,871271.34,3.5222479357878855
002427.SZ,20260604,4.62,4.63,4.49,4.54,4.63,-0.09,-1.9438,109454.08,49727.787,4.543255673977616
002428.SZ,20260604,85.0,89.66,84.28,88.61,88.99,-0.38,-0.427,687087.18,5996269.803,87.27087300624646
002429.SZ,20260604,11.86,12.68,11.7,12.23,12.12,0.11,0.9076,1302368.92,1589790.923,12.206916938711958
002430.SZ,20260604,24.54,25.37,24.53,25.22,24.82,0.4,1.6116,156930.8,394190.759,25.118763110874347
002431.SZ,20260604,1.59,1.7,1.56,1.65,1.62,0.03,1.8519,302430.01,49047.052,1.6217653796989262
002432.SZ,20260604,76.49,77.47,73.5,73.92,77.2,-3.28,-4.2487,167152.22,1251763.8,74.88765629316799
002434.SZ,20260604,7.28,7.43,7.14,7.19,7.35,-0.16,-2.1769,206244.4,149798.743,7.263166563552756
002436.SZ,20260604,39.51,42.5,39.5,40.87,39.82,1.05,2.6369,1843648.33,7559114.434,41.00084767250596
002437.SZ,20260604,2.9,2.9,2.82,2.85,2.91,-0.06,-2.0619,446233.25,127283.461,2.8523975073574186
002438.SZ,20260604,16.61,16.92,16.55,16.85,16.78,0.07,0.4172,77605.0,130097.751,16.76409393724631
002439.SZ,20260604,14.18,14.25,13.75,13.87,14.32,-0.45,-3.1425,221743.22,309476.72,13.956535852595627
002440.SZ,20260604,9.09,9.15,8.94,8.98,9.11,-0.13,-1.427,225852.39,203477.639,9.009319715412353
002441.SZ,20260604,9.25,9.29,8.87,8.93,9.26,-0.33,-3.5637,81754.0,73668.872,9.011041906206424
002442.SZ,20260604,5.56,5.59,5.42,5.49,5.58,-0.09,-1.6129,269633.49,147365.716,5.465408469845493
002443.SZ,20260604,11.42,11.56,11.2,11.39,11.36,0.03,0.2641,204329.0,232607.272,11.383957832710971
002444.SZ,20260604,32.33,32.7,31.77,32.26,32.52,-0.26,-0.7995,93554.71,300622.98,32.1333880464169
002445.SZ,20260604,3.66,3.69,3.55,3.61,3.72,-0.11,-2.957,1285288.84,463151.288,3.6034801951598676
002446.SZ,20260604,9.61,9.95,9.53,9.78,9.75,0.03,0.3077,245961.43,239814.036,9.750066748270248
002448.SZ,20260604,12.93,13.02,12.6,12.99,12.98,0.01,0.077,181044.2,232686.814,12.852486519866419
002449.SZ,20260604,8.25,8.6,8.16,8.42,8.32,0.1,1.2019,285694.83,240013.44,8.401042468986926
002451.SZ,20260604,8.25,8.35,8.1,8.15,8.32,-0.17,-2.0433,74550.0,60928.68,8.172861167002011
002452.SZ,20260604,11.15,11.22,10.94,11.07,11.26,-0.19,-1.6874,196793.74,217555.297,11.054990722774008
002453.SZ,20260604,5.69,5.69,5.52,5.61,5.68,-0.07,-1.2324,136849.0,76507.889,5.590679434997697
002454.SZ,20260604,5.72,5.75,5.6,5.66,5.73,-0.07,-1.2216,100870.15,57130.154,5.663732432240857
002455.SZ,20260604,8.41,8.49,8.24,8.32,8.49,-0.17,-2.0024,208161.04,173393.869,8.329794518705326
002456.SZ,20260604,9.66,10.22,9.63,10.05,9.82,0.23,2.3422,2484886.68,2490299.215,10.021781818235668
002457.SZ,20260604,11.8,12.08,11.68,11.9,11.9,0.0,0.0,239535.86,284953.759,11.896079317727208
002458.SZ,20260604,8.28,8.35,7.78,7.88,8.25,-0.37,-4.4848,370960.42,295981.032,7.97877660371422
002459.SZ,20260604,8.59,8.73,8.49,8.62,8.68,-0.06,-0.6912,440531.25,379012.741,8.60353813719231
002460.SZ,20260604,68.0,68.27,66.57,66.79,68.79,-2.0,-2.9074,420439.07,2821119.407,67.09936369614746
002461.SZ,20260604,9.66,9.75,9.15,9.33,9.68,-0.35,-3.6157,210299.11,197690.907,9.400463321028797
002462.SZ,20260604,13.67,13.79,13.4,13.55,13.6,-0.05,-0.3676,73961.0,100437.267,13.579760549478781
002463.SZ,20260604,127.08,142.78,126.5,140.82,129.8,11.02,8.49,1106357.94,15066229.442,136.17861722039072
002465.SZ,20260604,15.11,15.65,14.82,14.91,15.36,-0.45,-2.9297,967297.65,1458168.59,15.074662798984367
002466.SZ,20260604,60.53,60.6,59.17,59.46,60.98,-1.52,-2.4926,430925.62,2569958.094,59.6380900722496
002467.SZ,20260604,5.52,5.69,5.5,5.56,5.51,0.05,0.9074,443374.6,246974.295,5.570330257980498
002468.SZ,20260604,14.07,14.25,13.61,13.73,14.2,-0.47,-3.3099,235915.82,326745.581,13.85009199467844
002469.SZ,20260604,6.37,6.43,6.26,6.3,6.43,-0.13,-2.0218,48742.5,30749.198,6.308498333076884
002470.SZ,20260604,2.29,2.31,2.24,2.27,2.29,-0.02,-0.8734,814381.0,184086.753,2.2604499982195065
002471.SZ,20260604,7.12,7.35,7.03,7.23,7.02,0.21,2.9915,854838.27,616429.202,7.211062298369024
002472.SZ,20260604,39.84,42.8,39.6,41.39,40.24,1.15,2.8579,423689.61,1761052.785,41.56469130786568
002474.SZ,20260604,6.93,7.07,6.79,7.07,6.98,0.09,1.2894,237081.7,164164.718,6.924394333261486
002475.SZ,20260604,73.3,75.6,72.5,74.59,74.8,-0.21,-0.2807,1458710.86,10824292.1,74.2045075334532
002476.SZ,20260604,5.33,5.33,5.16,5.2,5.33,-0.13,-2.439,90917.0,47264.334,5.198624459672009
002478.SZ,20260604,7.09,7.36,7.03,7.29,7.1,0.19,2.6761,261096.5,187856.623,7.194911574839188
002479.SZ,20260604,5.41,5.53,5.3,5.36,5.45,-0.09,-1.6514,188605.92,101870.33,5.401226536261428
002480.SZ,20260604,6.27,6.65,6.25,6.41,6.18,0.23,3.7217,370858.24,238028.714,6.418320757818405
002481.SZ,20260604,4.1,4.14,3.95,4.01,4.12,-0.11,-2.6699,118202.0,47328.976,4.004075734759142
002482.SZ,20260604,1.49,1.52,1.45,1.47,1.5,-0.03,-2.0,570314.3,84545.968,1.482445171022364
002483.SZ,20260604,5.66,6.03,5.61,5.88,5.66,0.22,3.8869,232212.7,135040.854,5.815394851358259
002484.SZ,20260604,89.0,96.35,89.0,96.35,87.59,8.76,10.0011,366398.73,3434209.478,93.72874949648434
002485.SZ,20260604,4.59,4.67,4.57,4.64,4.63,0.01,0.216,20970.0,9669.407,4.611066762041011
002486.SZ,20260604,2.44,2.48,2.39,2.42,2.45,-0.03,-1.2245,210085.0,50795.683,2.417863388628412
002487.SZ,20260604,69.0,69.35,66.6,67.58,69.91,-2.33,-3.3329,242085.92,1638628.842,67.68790361702985
002488.SZ,20260604,10.22,10.66,10.17,10.52,10.32,0.2,1.938,287234.28,302135.555,10.51878470076761
002489.SZ,20260604,3.8,3.86,3.67,3.7,3.81,-0.11,-2.8871,395435.78,148077.065,3.7446552003968887
002490.SZ,20260604,7.99,8.05,7.67,7.75,8.38,-0.63,-7.5179,484326.75,377682.015,7.798082905806876
002491.SZ,20260604,23.52,26.83,23.52,26.83,24.39,2.44,10.0041,2260459.16,5789024.62,25.609950059880756
002492.SZ,20260604,6.04,6.07,5.86,5.94,6.09,-0.15,-2.4631,96296.03,57171.535,5.937060437486364
002493.SZ,20260604,11.45,11.45,10.9,11.0,11.44,-0.44,-3.8462,384153.93,424279.109,11.044507835700133
002494.SZ,20260604,5.16,5.3,5.03,5.09,5.22,-0.13,-2.4904,107404.0,54871.083,5.108849111764925
002495.SZ,20260604,2.39,2.43,2.34,2.36,2.41,-0.05,-2.0747,199072.8,47150.013,2.3684809275802623
002496.SZ,20260604,2.47,2.49,2.38,2.38,2.51,-0.13,-5.1793,227733.0,54698.845,2.401884882735484
002497.SZ,20260604,22.25,22.28,21.05,21.15,22.28,-1.13,-5.0718,455955.54,976547.055,21.417593807501497
002498.SZ,20260604,7.95,8.39,7.85,8.23,8.03,0.2,2.4907,1136497.9,927046.246,8.157043193832564
002500.SZ,20260604,5.12,5.17,5.02,5.06,5.13,-0.07,-1.3645,240408.5,122136.681,5.080381142929639
002501.SZ,20260604,1.66,1.66,1.66,1.66,1.58,0.08,5.0633,64155.0,10649.73,1.6599999999999997
002506.SZ,20260604,3.39,3.49,3.33,3.49,3.39,0.1,2.9499,3211938.8,1104560.215,3.4389204893941323
002507.SZ,20260604,11.56,11.7,11.42,11.47,11.57,-0.1,-0.8643,79246.5,91192.204,11.507410926665532
002508.SZ,20260604,16.44,16.5,16.03,16.15,16.44,-0.29,-1.764,56413.3,91348.533,16.192729905890985
002510.SZ,20260604,6.39,6.43,6.17,6.18,6.38,-0.2,-3.1348,199807.99,125204.144,6.266223087475131
002511.SZ,20260604,7.28,7.35,7.0,7.02,7.21,-0.19,-2.6352,143980.03,102017.869,7.08555686507358
002512.SZ,20260604,4.46,4.52,4.3,4.3,4.53,-0.23,-5.0773,444244.33,193540.86,4.356630955762563
002513.SZ,20260604,5.64,5.69,5.45,5.52,5.65,-0.13,-2.3009,86586.4,47842.994,5.525462890246043
002514.SZ,20260604,4.28,4.28,4.15,4.15,4.37,-0.22,-5.0343,194695.0,81151.276,4.168123269729577
002515.SZ,20260604,6.94,7.05,6.75,6.92,6.96,-0.04,-0.5747,680438.07,471183.439,6.9247071816543135
002516.SZ,20260604,5.87,6.01,5.83,5.92,5.93,-0.01,-0.1686,186921.0,110981.061,5.93732437767827
002517.SZ,20260604,15.35,15.45,15.05,15.23,15.45,-0.22,-1.4239,429800.72,654494.934,15.22786965084656
002518.SZ,20260604,50.58,51.97,50.33,51.23,51.28,-0.05,-0.0975,98101.8,501389.944,51.10914825212178
002519.SZ,20260604,6.5,6.6,6.41,6.46,6.58,-0.12,-1.8237,249325.56,161588.591,6.481027897821626
002520.SZ,20260604,5.62,6.26,5.61,6.26,5.69,0.57,10.0176,529960.46,319313.147,6.025225863076653
002521.SZ,20260604,7.65,7.66,7.38,7.45,7.62,-0.17,-2.231,33020.02,24744.349,7.493741372658164
002522.SZ,20260604,6.61,7.15,6.61,7.1,6.7,0.4,5.9701,967391.15,667470.656,6.8996977696147
002523.SZ,20260604,3.5,3.53,3.43,3.49,3.5,-0.01,-0.2857,173306.41,60097.305,3.467690837286399
002524.SZ,20260604,3.78,3.81,3.69,3.71,3.79,-0.08,-2.1108,106739.74,39810.987,3.7297249365606473
002526.SZ,20260604,3.04,3.05,2.97,2.98,3.06,-0.08,-2.6144,281592.4,84482.837,3.000181716552009
002527.SZ,20260604,14.45,15.21,14.3,14.89,14.66,0.23,1.5689,367168.22,547650.961,14.915532749539164
002528.SZ,20260604,4.88,4.99,4.68,4.8,4.8,0.0,0.0,310290.47,150458.121,4.84894431337192
002529.SZ,20260604,7.98,8.04,7.66,7.74,7.97,-0.23,-2.8858,39987.0,31264.793,7.818739340285593
002530.SZ,20260604,7.55,7.96,7.44,7.68,7.55,0.13,1.7219,285631.95,221643.414,7.7597556575866244
002531.SZ,20260604,10.4,10.46,9.88,9.99,10.5,-0.51,-4.8571,551353.36,555198.149,10.069733664087945
002532.SZ,20260604,15.23,15.38,14.24,14.35,15.63,-1.28,-8.1894,1134841.9,1654022.857,14.574918823494269
002533.SZ,20260604,12.39,12.42,12.09,12.13,12.48,-0.35,-2.8045,104260.38,127276.387,12.207550653469708
002534.SZ,20260604,19.41,20.33,19.2,20.03,19.6,0.43,2.1939,166437.45,331186.386,19.898549635313444
002535.SZ,20260604,2.61,2.67,2.54,2.6,2.6,0.0,0.0,263469.2,68296.407,2.5921970006361277
002536.SZ,20260604,38.46,43.08,38.29,41.4,39.16,2.24,5.7201,637070.08,2639982.292,41.43943303694313
002537.SZ,20260604,6.19,6.25,6.06,6.11,6.22,-0.11,-1.7685,162171.6,99690.74,6.147237864089643
002538.SZ,20260604,6.07,6.09,5.93,6.07,6.09,-0.02,-0.3284,100408.51,60319.783,6.007437317813002
002539.SZ,20260604,12.49,12.57,12.05,12.13,12.6,-0.47,-3.7302,165506.94,202540.083,12.23755831628571
002540.SZ,20260604,5.42,5.45,5.21,5.3,5.45,-0.15,-2.7523,112078.0,59734.031,5.32968388086868
002541.SZ,20260604,18.99,19.55,18.76,19.5,19.14,0.36,1.8809,70093.67,135015.45,19.262145925587863
002542.SZ,20260604,1.6,1.62,1.57,1.59,1.62,-0.03,-1.8519,257160.56,40835.205,1.587926430087102
002543.SZ,20260604,7.39,7.39,7.15,7.22,7.36,-0.14,-1.9022,31529.35,22862.373,7.251139969583896
002544.SZ,20260604,20.79,20.84,20.0,20.32,20.97,-0.65,-3.0997,128692.32,262254.417,20.378404632071284
002545.SZ,20260604,21.05,21.19,20.43,20.6,21.25,-0.65,-3.0588,162962.16,336523.173,20.650387365999563
002546.SZ,20260604,7.3,7.32,7.1,7.13,7.32,-0.19,-2.5956,150530.24,107956.971,7.17177963710149
002547.SZ,20260604,3.61,3.67,3.46,3.46,3.64,-0.18,-4.9451,522639.0,183873.255,3.518169424784603
002548.SZ,20260604,4.12,4.16,3.96,3.97,4.1,-0.13,-3.1707,229940.77,92490.412,4.022358105524305
002549.SZ,20260604,15.59,16.63,15.51,16.5,15.75,0.75,4.7619,380046.29,622461.47,16.378569831585516
002550.SZ,20260604,6.1,6.14,5.95,5.98,6.1,-0.12,-1.9672,123792.0,74385.495,6.0089097033734005
002551.SZ,20260604,3.05,3.07,2.98,3.01,3.06,-0.05,-1.634,112410.51,33899.245,3.0156650832737975
002552.SZ,20260604,59.74,59.96,58.38,59.0,59.47,-0.47,-0.7903,203024.01,1200042.399,59.10839801656956
002553.SZ,20260604,17.98,18.27,17.8,17.93,18.1,-0.17,-0.9392,57680.5,103846.11,18.003677152590562
002554.SZ,20260604,3.16,3.16,3.07,3.1,3.18,-0.08,-2.5157,212074.0,65679.763,3.0970209926723697
002555.SZ,20260604,19.3,19.38,18.88,19.0,19.48,-0.48,-2.4641,270171.21,516607.894,19.121500547745256
002556.SZ,20260604,5.17,5.2,5.05,5.1,5.17,-0.07,-1.354,76225.11,38945.104,5.109222407156907
002557.SZ,20260604,21.69,21.81,21.01,21.16,21.7,-0.54,-2.4885,65125.34,138390.496,21.249869252122142
002558.SZ,20260604,25.37,25.9,25.07,25.25,25.59,-0.34,-1.3286,300017.75,758688.259,25.28811242001515
002559.SZ,20260604,9.61,10.0,9.57,9.7,9.73,-0.03,-0.3083,294686.5,289377.511,9.819842816009556
002560.SZ,20260604,8.81,8.87,8.62,8.69,8.87,-0.18,-2.0293,397116.76,346281.605,8.719893992890151
002561.SZ,20260604,7.25,7.34,7.01,7.04,7.29,-0.25,-3.4294,55588.0,39637.649,7.130612542275311
002562.SZ,20260604,4.99,5.0,4.85,4.88,5.0,-0.12,-2.4,188974.78,92654.963,4.9030332513153345
002563.SZ,20260604,5.44,5.54,5.34,5.41,5.45,-0.04,-0.7339,156355.84,84880.159,5.428652936788289
002564.SZ,20260604,5.06,5.1,5.01,5.06,5.07,-0.01,-0.1972,129078.0,65210.601,5.052030632640729
002565.SZ,20260604,14.46,14.9,14.35,14.57,14.62,-0.05,-0.342,538282.53,784679.449,14.577464533355744
002566.SZ,20260604,6.92,6.97,6.76,6.81,6.93,-0.12,-1.7316,46791.0,32020.282,6.843256609176978
002567.SZ,20260604,3.57,3.61,3.43,3.44,3.57,-0.13,-3.6415,207310.93,72303.159,3.48766748574231
002568.SZ,20260604,19.06,19.32,18.07,18.3,19.25,-0.95,-4.9351,232815.41,430361.488,18.48509460778391
002569.SZ,20260604,15.72,16.07,15.72,15.81,16.01,-0.2,-1.2492,14404.08,22841.56,15.857701429039551
002570.SZ,20260604,5.1,5.72,5.1,5.72,5.2,0.52,10.0,1516130.15,833691.848,5.4988145180016375
002571.SZ,20260604,12.51,12.53,11.98,11.99,12.25,-0.26,-2.1224,155204.59,189641.795,12.21882645352177
002572.SZ,20260604,8.9,9.05,8.78,8.81,8.8,0.01,0.1136,109358.73,97578.522,8.922792172147574
002573.SZ,20260604,3.39,3.42,3.34,3.36,3.39,-0.03,-0.885,72462.0,24389.896,3.3658877756617263
002574.SZ,20260604,4.9,4.95,4.75,4.81,4.92,-0.11,-2.2358,87417.0,42094.605,4.815379731631148
002575.SZ,20260604,5.84,6.14,5.71,5.92,5.93,-0.01,-0.1686,672299.7,398207.696,5.923068179265885
002576.SZ,20260604,16.5,16.5,15.82,15.97,16.09,-0.12,-0.7458,48885.0,78733.757,16.10591326582796
002577.SZ,20260604,18.04,18.5,17.76,17.84,18.05,-0.21,-1.1634,28887.0,52088.664,18.0318703915256
002578.SZ,20260604,4.07,4.08,3.84,3.89,4.13,-0.24,-5.8111,464872.0,181481.202,3.9038961692680996
002579.SZ,20260604,18.88,21.0,18.71,20.61,19.45,1.16,5.964,2392111.8,4756007.943,19.882047080742634
002580.SZ,20260604,23.57,24.03,22.83,23.09,24.31,-1.22,-5.0185,808386.06,1883109.578,23.29468147929221
002581.SZ,20260604,4.37,4.45,4.2,4.26,4.34,-0.08,-1.8433,65858.02,28466.332,4.322378960071985
002582.SZ,20260604,9.9,9.95,9.56,9.64,9.94,-0.3,-3.0181,160776.99,156033.306,9.704952555710864
002583.SZ,20260604,8.21,8.38,8.21,8.27,8.31,-0.04,-0.4813,194869.2,161662.797,8.295964523896028
002584.SZ,20260604,7.35,7.54,7.27,7.49,7.41,0.08,1.0796,176859.0,131679.874,7.445472042700683
002585.SZ,20260604,10.74,11.8,10.7,11.8,10.73,1.07,9.972,736616.6,854372.372,11.598603289689644
002586.SZ,20260604,4.06,4.12,3.87,4.06,4.07,-0.01,-0.2457,140964.04,55689.828,3.950640744972973
002587.SZ,20260604,6.6,6.82,6.58,6.76,6.69,0.07,1.0463,188953.5,126781.596,6.7096717446355845
002588.SZ,20260604,9.0,9.05,8.77,8.82,9.06,-0.24,-2.649,116983.92,103581.242,8.854314507498124
002589.SZ,20260604,2.86,2.89,2.8,2.81,2.87,-0.06,-2.0906,189842.28,53708.299,2.829101030602877
002590.SZ,20260604,11.51,12.44,11.51,12.44,11.31,1.13,9.9912,157557.53,193095.395,12.255548497110864
002591.SZ,20260604,7.7,7.86,7.5,7.63,7.77,-0.14,-1.8018,104122.0,79575.756,7.642549701311921
002592.SZ,20260604,7.0,7.09,6.84,6.9,7.04,-0.14,-1.9886,25348.0,17576.042,6.933896954394825
002593.SZ,20260604,4.71,4.74,4.59,4.64,4.72,-0.08,-1.6949,107517.0,49812.205,4.632960834100654
002594.SZ,20260604,93.6,94.39,93.1,93.44,94.82,-1.38,-1.4554,318711.74,2982999.607,93.59553579670458
002595.SZ,20260604,52.08,52.77,51.78,52.24,52.21,0.03,0.0575,39207.09,204974.75,52.28002129206733
002596.SZ,20260604,3.78,3.79,3.65,3.74,3.8,-0.06,-1.5789,265483.0,98116.205,3.695762252196939
002597.SZ,20260604,19.99,20.14,19.08,19.23,19.99,-0.76,-3.8019,75081.04,145864.698,19.427634193665938
002598.SZ,20260604,7.21,7.27,6.93,6.97,7.23,-0.26,-3.5961,76575.01,53727.862,7.016370223131542
002599.SZ,20260604,6.16,6.22,6.0,6.11,6.19,-0.08,-1.2924,92528.2,56541.571,6.110739320553086
002600.SZ,20260604,14.63,15.13,14.45,14.99,14.86,0.13,0.8748,1509327.06,2248496.652,14.897345390468251
002601.SZ,20260604,14.34,14.34,13.86,13.95,14.35,-0.4,-2.7875,268822.42,376353.061,14.000062234392503
002602.SZ,20260604,14.84,14.92,14.61,14.88,15.02,-0.14,-0.9321,888049.21,1309993.444,14.751360952170657
002603.SZ,20260604,15.43,15.58,15.08,15.17,15.44,-0.27,-1.7487,113510.11,172876.736,15.230073867429077
002605.SZ,20260604,18.78,19.05,18.56,18.58,18.84,-0.26,-1.38,43335.3,81154.372,18.727082078582587
002606.SZ,20260604,14.65,14.86,13.89,13.98,14.95,-0.97,-6.4883,560375.1,795481.121,14.195511560024707
002607.SZ,20260604,2.2,2.24,2.17,2.19,2.23,-0.04,-1.7937,1324476.9,291498.089,2.2008544580883216
002608.SZ,20260604,10.03,10.99,9.91,10.5,10.3,0.2,1.9417,1995938.06,2109731.102,10.570123112938685
002609.SZ,20260604,7.8,7.84,7.58,7.61,7.82,-0.21,-2.6854,74402.0,57064.049,7.6696928845998755
002611.SZ,20260604,17.8,18.12,17.52,17.6,18.01,-0.41,-2.2765,380236.0,675766.3,17.77228615912223
002612.SZ,20260604,12.95,13.12,12.52,12.62,13.03,-0.41,-3.1466,54526.81,69327.522,12.714391690986508
002613.SZ,20260604,4.62,4.64,4.43,4.51,4.64,-0.13,-2.8017,805878.0,363252.629,4.507538721742001
002614.SZ,20260604,5.11,5.14,4.97,5.02,5.13,-0.11,-2.1442,80484.0,40583.685,5.042453779633219
002615.SZ,20260604,7.73,8.2,7.65,8.12,7.77,0.35,4.5045,196472.89,156751.855,7.97829435908435
002616.SZ,20260604,5.86,5.95,5.78,5.84,5.91,-0.07,-1.1844,172474.56,100847.255,5.847079998348742
002617.SZ,20260604,8.49,9.01,8.46,8.74,8.66,0.08,0.9238,1680040.66,1473464.403,8.77040918164445
002620.SZ,20260604,6.58,6.73,6.3,6.31,6.62,-0.31,-4.6828,209372.99,135766.484,6.4844316356183285
002622.SZ,20260604,2.47,2.53,2.42,2.45,2.51,-0.06,-2.3904,229025.0,56302.444,2.4583536295164286
002623.SZ,20260604,17.61,17.9,17.5,17.76,17.78,-0.02,-0.1125,33333.0,59058.84,17.717829178291783
002624.SZ,20260604,13.3,14.14,13.03,13.92,13.03,0.89,6.8304,1051361.54,1447650.037,13.769288507548032
002625.SZ,20260604,38.13,39.69,37.9,38.21,38.73,-0.52,-1.3426,357675.6,1383226.199,38.67264635887939
002626.SZ,20260604,14.77,15.23,14.7,14.84,14.77,0.07,0.4739,38564.56,57557.75,14.925037391843702
002627.SZ,20260604,7.12,7.25,7.03,7.13,7.16,-0.03,-0.419,198092.0,141677.025,7.152082113361468
002628.SZ,20260604,5.1,5.22,4.98,5.03,5.11,-0.08,-1.5656,199598.8,100975.353,5.058915835165342
002629.SZ,20260604,5.46,5.6,5.3,5.41,5.41,0.0,0.0,226057.5,122286.121,5.409513995333047
002630.SZ,20260604,1.76,1.85,1.71,1.85,1.76,0.09,5.1136,604202.0,109405.916,1.8107506429968785
002631.SZ,20260604,7.04,7.18,6.73,6.77,7.16,-0.39,-5.4469,270244.84,186793.747,6.912019004692189
002632.SZ,20260604,10.34,10.55,10.21,10.31,10.29,0.02,0.1944,141936.0,146910.01,10.350440339307859
002633.SZ,20260604,16.82,17.0,16.51,16.75,16.9,-0.15,-0.8876,16816.0,28198.538,16.76887369172217
002634.SZ,20260604,4.86,4.96,4.75,4.8,4.93,-0.13,-2.6369,113495.0,54969.881,4.84337468610952
002635.SZ,20260604,16.79,17.61,16.74,17.25,17.02,0.23,1.3514,250925.84,430113.745,17.141070246093427
002636.SZ,20260604,50.0,54.37,49.38,54.0,51.73,2.27,4.3882,546874.88,2838358.578,51.901425386369915
002637.SZ,20260604,12.71,12.98,12.52,12.86,12.75,0.11,0.8627,307453.8,393602.461,12.802003455478514
002638.SZ,20260604,4.44,4.47,4.37,4.41,4.46,-0.05,-1.1211,267775.0,117992.928,4.406420614321726
002639.SZ,20260604,15.53,15.8,15.19,15.45,15.86,-0.41,-2.5851,431161.75,665212.053,15.428364250771317
002640.SZ,20260604,3.69,3.74,3.63,3.67,3.74,-0.07,-1.8717,653369.17,240000.798,3.6732801151300114
002641.SZ,20260604,4.17,4.2,4.1,4.15,4.22,-0.07,-1.6588,129395.9,53473.264,4.132531556254874
002642.SZ,20260604,7.8,7.9,7.47,7.59,7.92,-0.33,-4.1667,228821.0,174826.247,7.64030604708484
002643.SZ,20260604,14.16,14.5,14.06,14.32,14.34,-0.02,-0.1395,159412.79,228173.238,14.313358294525804
002644.SZ,20260604,7.66,7.71,7.43,7.47,7.68,-0.21,-2.7344,29758.0,22376.534,7.519501982660125
002645.SZ,20260604,32.0,36.1,31.35,36.1,32.82,3.28,9.9939,734849.07,2518684.23,34.27485088876822
002646.SZ,20260604,7.45,7.52,7.17,7.21,7.47,-0.26,-3.4806,61867.0,45145.226,7.297141610228394
002647.SZ,20260604,12.96,13.19,11.8,12.7,12.95,-0.25,-1.9305,546970.1,692349.39,12.657901958443434
002648.SZ,20260604,24.01,24.02,23.39,23.51,24.11,-0.6,-2.4886,365050.5,861550.243,23.6008509233654
002649.SZ,20260604,9.55,9.6,9.19,9.26,9.55,-0.29,-3.0366,102485.6,95920.822,9.359443863332995
002650.SZ,20260604,7.62,7.68,7.49,7.54,7.64,-0.1,-1.3089,25851.5,19560.418,7.566453784113109
002651.SZ,20260604,8.17,8.19,7.96,8.02,8.17,-0.15,-1.836,56244.38,45172.455,8.0314610988689
002652.SZ,20260604,5.16,5.17,4.99,5.06,5.18,-0.12,-2.3166,178173.6,89968.296,5.049473996147578
002653.SZ,20260604,48.49,49.22,48.0,48.7,48.7,0.0,0.0,33939.51,164562.281,48.4869348437853
002654.SZ,20260604,15.0,15.95,14.91,15.77,15.27,0.5,3.2744,614427.08,965339.728,15.71121715533762
002655.SZ,20260604,37.62,38.18,36.1,37.09,38.27,-1.18,-3.0834,297263.0,1104069.134,37.141155609678975
002656.SZ,20260604,3.44,3.46,3.35,3.37,3.46,-0.09,-2.6012,120947.26,41107.527,3.3987977073643503
002657.SZ,20260604,18.23,19.88,18.23,18.91,18.38,0.53,2.8836,252709.64,483552.634,19.134712629086884
002658.SZ,20260604,7.69,7.78,7.58,7.78,7.68,0.1,1.3021,67779.0,52236.199,7.7068412045028705
002659.SZ,20260604,4.33,4.42,4.25,4.29,4.37,-0.08,-1.8307,87956.0,37978.607,4.317909750329711
002660.SZ,20260604,7.63,7.71,7.45,7.5,7.69,-0.19,-2.4707,60571.0,45697.516,7.544454606990144
002661.SZ,20260604,7.66,7.73,7.53,7.56,7.68,-0.12,-1.5625,24111.0,18341.846,7.6072522914852145
002662.SZ,20260604,3.38,3.41,3.29,3.32,3.39,-0.07,-2.0649,154827.43,51538.925,3.3287980689209915
002663.SZ,20260604,1.89,1.92,1.84,1.86,1.9,-0.04,-2.1053,397959.0,74319.332,1.8675122814159244
002664.SZ,20260604,17.95,18.6,17.89,18.18,18.14,0.04,0.2205,66673.0,121596.909,18.23780375864293
002666.SZ,20260604,4.47,4.62,4.39,4.54,4.48,0.06,1.3393,159281.2,72022.202,4.521701368397526
002667.SZ,20260604,22.64,22.64,21.12,22.64,21.56,1.08,5.0093,210330.85,470136.024,22.352214332799964
002668.SZ,20260604,9.48,9.53,9.11,9.28,9.48,-0.2,-2.1097,119970.0,111310.012,9.278153871801283
002669.SZ,20260604,15.66,16.69,15.52,16.55,16.04,0.51,3.1796,500881.48,809869.163,16.168878174533422
002670.SZ,20260604,11.15,11.22,10.84,10.96,11.18,-0.22,-1.9678,147576.62,162496.937,11.01102173230421
002671.SZ,20260604,4.25,4.29,4.17,4.22,4.28,-0.06,-1.4019,112817.58,47592.082,4.218498748156094
002672.SZ,20260604,3.76,3.81,3.6,3.65,3.78,-0.13,-3.4392,143483.0,52860.911,3.6841236244014968
002673.SZ,20260604,6.53,6.59,6.36,6.43,6.55,-0.12,-1.8321,299904.96,193499.309,6.452020966908983
002674.SZ,20260604,14.54,14.98,14.18,14.71,14.47,0.24,1.6586,64038.6,93397.965,14.584635672859807
002675.SZ,20260604,12.57,12.69,12.39,12.57,12.54,0.03,0.2392,97256.07,122319.002,12.577004396743565
002676.SZ,20260604,5.44,5.62,5.4,5.59,5.43,0.16,2.9466,203096.3,112777.898,5.552927256675774
002677.SZ,20260604,7.35,7.53,7.24,7.45,7.36,0.09,1.2228,57389.2,42442.899,7.395624786545204
002678.SZ,20260604,5.96,6.34,5.93,6.02,6.02,0.0,0.0,184375.9,112383.566,6.0953500972741015
002679.SZ,20260604,9.24,9.31,8.96,9.0,9.23,-0.23,-2.4919,29517.0,26750.531,9.062754006165939
002681.SZ,20260604,4.87,5.07,4.82,4.9,5.01,-0.11,-2.1956,766761.72,378799.848,4.940255076896641
002682.SZ,20260604,5.07,5.14,4.97,5.03,5.1,-0.07,-1.3725,118870.33,59828.913,5.033124161428676
002683.SZ,20260604,31.2,31.86,31.0,31.33,31.18,0.15,0.4811,84049.08,264660.646,31.488821293463296
002685.SZ,20260604,7.17,7.45,7.05,7.25,7.19,0.06,0.8345,348814.87,254379.236,7.292671783172546
002686.SZ,20260604,6.3,6.4,6.1,6.16,6.32,-0.16,-2.5316,109266.0,67773.48,6.202613804843226
002687.SZ,20260604,4.28,4.34,4.21,4.28,4.31,-0.03,-0.6961,90801.66,38693.482,4.261318790867921
002688.SZ,20260604,5.21,5.26,5.15,5.18,5.22,-0.04,-0.7663,86992.7,45172.969,5.192730999267755
002689.SZ,20260604,3.17,3.2,3.07,3.09,3.2,-0.11,-3.4375,76151.2,23794.787,3.1246765645190093
002690.SZ,20260604,15.2,15.26,14.74,14.86,15.22,-0.36,-2.3653,74581.36,111230.344,14.913960271038231
002691.SZ,20260604,5.27,5.35,5.04,5.09,5.31,-0.22,-4.1431,91577.5,46996.649,5.131899101853621
002692.SZ,20260604,4.5,4.58,4.42,4.48,4.55,-0.07,-1.5385,134133.0,60137.607,4.483431146697681
002693.SZ,20260604,9.33,9.45,9.05,9.2,9.44,-0.24,-2.5424,142985.0,131886.643,9.223809700318217
002694.SZ,20260604,2.53,2.55,2.38,2.39,2.5,-0.11,-4.4,54900.2,13277.429,2.4184664172443817
002695.SZ,20260604,11.9,12.02,11.58,11.94,11.86,0.08,0.6745,86672.4,102128.063,11.783227763394116
002696.SZ,20260604,6.1,6.29,5.81,5.95,5.72,0.23,4.021,396358.6,241253.272,6.086742459984469
002697.SZ,20260604,4.7,4.76,4.59,4.63,4.73,-0.1,-2.1142,205245.79,95477.928,4.651882408891311
002698.SZ,20260604,12.23,12.45,12.06,12.11,12.35,-0.24,-1.9433,73564.7,90069.318,12.243551322849138
002700.SZ,20260604,8.18,8.46,7.83,8.3,8.25,0.05,0.6061,351447.32,291118.438,8.283416074989562
002701.SZ,20260604,4.97,4.99,4.84,4.91,4.96,-0.05,-1.0081,252513.0,123723.07,4.899671304051672
002702.SZ,20260604,5.27,5.36,5.04,5.1,5.29,-0.19,-3.5917,195035.0,100304.136,5.142878765349809
002703.SZ,20260604,17.36,17.72,17.1,17.31,17.62,-0.31,-1.7594,263712.6,458875.927,17.400606834864927
002705.SZ,20260604,12.56,12.8,12.38,12.49,12.69,-0.2,-1.576,71879.28,89934.729,12.511912890613264
002706.SZ,20260604,13.14,13.74,12.96,13.1,13.4,-0.3,-2.2388,591994.93,786387.015,13.283678206500856
002707.SZ,20260604,5.57,5.64,5.44,5.51,5.6,-0.09,-1.6071,160219.15,88288.673,5.51049440719165
002708.SZ,20260604,13.94,14.97,13.87,14.42,14.08,0.34,2.4148,302582.22,438709.543,14.498853997435805
002709.SZ,20260604,50.4,50.46,49.18,49.4,51.3,-1.9,-3.7037,910766.01,4516274.453,49.587648236894566
002712.SZ,20260604,5.02,5.07,4.87,4.92,5.05,-0.13,-2.5743,134980.27,66615.157,4.93517734110326
002713.SZ,20260604,11.78,11.92,11.21,11.43,11.78,-0.35,-2.9711,123826.01,143079.584,11.554889316065342
002714.SZ,20260604,36.19,36.65,35.06,35.13,36.2,-1.07,-2.9558,575119.26,2040942.299,35.48728830608107
002715.SZ,20260604,15.89,15.89,15.21,15.51,15.9,-0.39,-2.4528,30633.5,47254.998,15.42592194819397
002716.SZ,20260604,9.38,9.43,9.22,9.28,9.46,-0.18,-1.9027,663163.21,615833.965,9.286310755990218
002717.SZ,20260604,1.06,1.06,1.06,1.06,1.01,0.05,4.9505,58157.75,6164.722,1.0600000859730647
002718.SZ,20260604,91.87,92.55,89.2,90.11,92.79,-2.68,-2.8882,13892.09,125481.668,90.32598262752401
002719.SZ,20260604,7.5,7.5,7.22,7.34,7.55,-0.21,-2.7815,51615.0,37948.844,7.352289838225322
002721.SZ,20260604,2.62,2.65,2.55,2.57,2.64,-0.07,-2.6515,273681.03,70781.267,2.586268657349031
002722.SZ,20260604,13.4,13.48,13.05,13.19,13.46,-0.27,-2.0059,31823.77,42027.501,13.206323763652136
002723.SZ,20260604,8.67,8.85,8.45,8.56,8.81,-0.25,-2.8377,135151.0,116228.212,8.599878062315483
002724.SZ,20260604,5.5,5.55,5.38,5.44,5.46,-0.02,-0.3663,59984.0,32632.853,5.440259569218458
002725.SZ,20260604,14.75,15.2,14.12,14.51,14.76,-0.25,-1.6938,134115.0,194078.449,14.471047161018529
002726.SZ,20260604,1.66,1.74,1.64,1.69,1.69,0.0,0.0,359355.91,60914.877,1.695112708734914
002727.SZ,20260604,11.35,11.44,11.08,11.18,11.36,-0.18,-1.5845,50818.58,56955.924,11.207696869924346
002728.SZ,20260604,8.65,8.71,8.43,8.51,8.66,-0.15,-1.7321,78108.48,66539.502,8.518857619556801
002729.SZ,20260604,18.36,18.65,17.86,18.01,18.67,-0.66,-3.5351,59555.88,108138.667,18.157513078473528
002730.SZ,20260604,30.02,30.42,29.35,29.91,30.44,-0.53,-1.7411,94689.0,281245.273,29.702000549166215
002732.SZ,20260604,14.3,14.39,13.81,13.92,14.29,-0.37,-2.5892,17723.0,24771.229,13.97688258195565
002733.SZ,20260604,29.36,32.67,29.25,32.67,29.7,2.97,10.0,232006.85,732245.802,31.56138717455972
002734.SZ,20260604,16.93,17.28,16.8,17.23,16.93,0.3,1.772,150172.16,257053.889,17.117279860661256
002735.SZ,20260604,16.37,17.52,16.2,17.12,16.18,0.94,5.8096,755953.34,1273923.584,16.851881149172513
002736.SZ,20260604,10.1,10.18,9.95,9.99,10.1,-0.11,-1.0891,225871.26,227137.357,10.05605392204391
002737.SZ,20260604,12.64,12.83,12.43,12.51,12.68,-0.17,-1.3407,33840.87,42655.836,12.60482842196433
002738.SZ,20260604,59.36,60.3,57.23,57.8,60.44,-2.64,-4.368,273602.5,1587293.027,58.01456591222668
002739.SZ,20260604,8.93,9.08,8.9,8.97,8.98,-0.01,-0.1114,273443.98,245310.251,8.971133721795594
002741.SZ,20260604,27.72,28.96,27.56,28.43,28.22,0.21,0.7442,384703.81,1081902.062,28.12298796832815
002742.SZ,20260604,4.1,4.18,4.03,4.06,4.14,-0.08,-1.9324,50668.92,20680.369,4.081470258296408
002743.SZ,20260604,4.68,4.72,4.57,4.64,4.68,-0.04,-0.8547,55950.0,25922.665,4.633184092940125
002745.SZ,20260604,10.16,10.6,10.12,10.3,10.31,-0.01,-0.097,634562.21,657247.601,10.357496722031401
002746.SZ,20260604,5.85,5.93,5.63,5.69,5.87,-0.18,-3.0664,127859.68,73468.611,5.7460343245032375
002747.SZ,20260604,28.5,30.77,28.38,29.49,29.04,0.45,1.5496,915894.18,2723019.634,29.730723193371528
002748.SZ,20260604,10.84,10.88,10.6,10.68,10.9,-0.22,-2.0183,31926.0,34127.222,10.689476288918122
002749.SZ,20260604,9.25,9.27,9.02,9.09,9.21,-0.12,-1.3029,13165.95,11953.308,9.078955943171591
002752.SZ,20260604,6.54,6.6,6.37,6.42,6.55,-0.13,-1.9847,109257.05,70347.807,6.438743037634643
002753.SZ,20260604,6.56,6.59,6.42,6.47,6.6,-0.13,-1.9697,37993.5,24600.158,6.474833326753259
002755.SZ,20260604,13.44,13.54,12.92,13.02,13.46,-0.44,-3.2689,117239.53,153912.945,13.12807591432685
002756.SZ,20260604,60.56,61.75,59.44,60.0,61.05,-1.05,-1.7199,129007.1,776615.647,60.19945003026965
002757.SZ,20260604,23.25,23.42,22.6,22.75,23.51,-0.76,-3.2327,101169.75,231496.83,22.882020564447373
002758.SZ,20260604,8.43,8.45,8.23,8.3,8.43,-0.13,-1.5421,43696.35,36354.37,8.319772704127463
002759.SZ,20260604,27.21,27.3,26.6,26.73,27.54,-0.81,-2.9412,241805.95,648660.234,26.82565230508182
002760.SZ,20260604,19.04,19.54,18.66,18.8,19.23,-0.43,-2.2361,38737.62,73429.294,18.95555121868612
002761.SZ,20260604,7.63,7.7,7.45,7.49,7.62,-0.13,-1.706,105531.01,79849.293,7.566429336741875
002762.SZ,20260604,8.73,9.06,8.73,8.89,8.71,0.18,2.0666,25908.5,23146.404,8.933903545168572
002763.SZ,20260604,8.11,8.13,7.87,7.93,8.14,-0.21,-2.5799,60012.6,47880.537,7.978414033053058
002765.SZ,20260604,8.08,8.22,8.0,8.06,8.15,-0.09,-1.1043,85532.43,69263.702,8.0979462409755
002766.SZ,20260604,4.66,5.03,4.64,4.7,4.59,0.11,2.3965,501382.3,236855.495,4.7240497919451885
002767.SZ,20260604,17.31,17.75,16.99,17.63,17.32,0.31,1.7898,27321.0,47462.008,17.371987848175397
002768.SZ,20260604,62.59,64.72,62.1,64.08,63.6,0.48,0.7547,36737.36,233454.624,63.54692443877296
002769.SZ,20260604,7.79,8.0,7.71,7.86,7.8,0.06,0.7692,102131.0,80351.789,7.867522006051052
002771.SZ,20260604,16.6,16.6,15.96,16.26,16.74,-0.48,-2.8674,156826.45,253759.986,16.180943074334717
002772.SZ,20260604,12.86,12.92,12.4,12.61,12.9,-0.29,-2.2481,65214.1,82582.411,12.663275426633195
002773.SZ,20260604,21.56,21.74,21.38,21.64,21.56,0.08,0.3711,96145.64,207286.562,21.559642434123898
002774.SZ,20260604,11.7,11.82,11.38,11.48,11.7,-0.22,-1.8803,29013.0,33524.078,11.554847137490093
002775.SZ,20260604,3.88,4.15,3.79,3.82,3.88,-0.06,-1.5464,291591.6,116279.124,3.9877391529797155
002777.SZ,20260604,13.78,13.85,13.41,13.51,13.87,-0.36,-2.5955,51854.0,70440.918,13.584471400470552
002778.SZ,20260604,18.73,18.89,18.18,18.37,18.86,-0.49,-2.5981,24175.4,44438.696,18.381783134922276
002779.SZ,20260604,68.1,69.0,66.9,67.33,68.76,-1.43,-2.0797,33882.9,229908.701,67.85390300121891
002780.SZ,20260604,13.51,13.65,13.21,13.35,13.55,-0.2,-1.476,59972.45,80143.005,13.363303483516182
002782.SZ,20260604,24.9,26.09,24.9,25.2,25.4,-0.2,-0.7874,156189.02,397664.885,25.460489156023904
002783.SZ,20260604,8.44,8.55,8.31,8.37,8.44,-0.07,-0.8294,89147.6,75014.58,8.4146494128838
002785.SZ,20260604,44.19,44.51,42.21,42.43,44.19,-1.76,-3.9828,53705.0,230589.888,42.93639102504422
002786.SZ,20260604,8.01,8.37,7.94,8.03,8.01,0.02,0.2497,145256.0,117011.207,8.055516260946192
002787.SZ,20260604,27.37,30.42,26.0,30.42,27.65,2.77,10.0181,536739.1,1533755.973,28.575447046805422
002788.SZ,20260604,11.81,12.06,11.71,11.84,11.87,-0.03,-0.2527,95623.16,112929.048,11.809800889240638
002789.SZ,20260604,13.5,13.96,13.1,13.1,13.79,-0.69,-5.0036,75112.0,100454.453,13.373955293428478
002790.SZ,20260604,6.28,6.32,6.08,6.16,6.29,-0.13,-2.0668,43941.0,27091.588,6.165446394028357
002791.SZ,20260604,15.15,15.5,15.0,15.2,15.2,0.0,0.0,51061.63,77799.981,15.236485987619275
002792.SZ,20260604,39.4,39.93,38.9,39.75,40.02,-0.27,-0.6747,167952.3,664809.982,39.583261557001606
002793.SZ,20260604,4.18,4.22,4.1,4.18,4.19,-0.01,-0.2387,130211.4,54194.001,4.162001253346482
002795.SZ,20260604,7.68,7.9,7.36,7.77,7.63,0.14,1.8349,225890.28,174664.666,7.732278963043474
002796.SZ,20260604,48.0,48.96,45.62,45.81,49.22,-3.41,-6.9281,172698.88,804073.822,46.559295694332235
002797.SZ,20260604,6.73,6.83,6.51,6.6,6.79,-0.19,-2.7982,1100351.56,728952.84,6.624726737334747
002798.SZ,20260604,6.25,6.42,6.11,6.21,6.29,-0.08,-1.2719,115974.43,72104.863,6.217306952920571
002799.SZ,20260604,7.25,7.3,7.03,7.11,7.3,-0.19,-2.6027,44159.6,31461.197,7.124429795559743
002800.SZ,20260604,16.54,16.54,16.03,16.17,16.39,-0.22,-1.3423,21795.2,35255.373,16.175751082807224
002801.SZ,20260604,30.68,31.0,30.21,30.41,30.81,-0.4,-1.2983,17300.02,52802.642,30.521723096273877
002802.SZ,20260604,12.53,12.8,12.25,12.35,12.63,-0.28,-2.2169,25645.79,31855.738,12.421429794129953
002803.SZ,20260604,21.61,21.71,21.24,21.41,21.81,-0.4,-1.834,108603.58,232858.834,21.441174775269836
002805.SZ,20260604,20.7,20.78,20.33,20.47,20.95,-0.48,-2.2912,92769.4,190320.438,20.515432674998436
002806.SZ,20260604,18.62,20.68,18.31,20.68,18.8,1.88,10.0,282158.66,567502.114,20.112872452683185
002807.SZ,20260604,4.0,4.02,3.9,3.91,4.0,-0.09,-2.25,258921.28,102135.723,3.9446631424037455
002809.SZ,20260604,8.75,8.89,8.55,8.62,8.83,-0.21,-2.3783,65739.14,56883.551,8.652919858702138
002810.SZ,20260604,22.51,22.62,21.56,21.77,22.75,-0.98,-4.3077,128069.5,279734.654,21.842410097642293
002811.SZ,20260604,11.53,11.56,11.31,11.46,11.54,-0.08,-0.6932,32208.5,36770.917,11.416525761833057
002812.SZ,20260604,66.0,66.2,64.2,64.37,66.36,-1.99,-2.9988,280149.5,1816802.162,64.85116560979048
002813.SZ,20260604,22.29,22.47,21.9,22.03,22.29,-0.26,-1.1664,12380.0,27358.395,22.09886510500808
002815.SZ,20260604,16.6,18.0,16.55,17.81,16.99,0.82,4.8264,1387447.94,2417769.191,17.42601737546996
002816.SZ,20260604,24.51,25.31,24.4,24.94,24.8,0.14,0.5645,24245.0,60238.791,24.845861414724688
002817.SZ,20260604,6.73,6.82,6.59,6.64,6.77,-0.13,-1.9202,38986.2,25995.681,6.667918648137033
002818.SZ,20260604,11.2,11.25,10.99,11.02,11.21,-0.19,-1.6949,33779.3,37344.184,11.055345729485218
002819.SZ,20260604,23.15,23.18,22.7,22.89,23.17,-0.28,-1.2085,25595.0,58561.236,22.879951553037703
002820.SZ,20260604,9.69,9.85,9.35,9.45,9.68,-0.23,-2.376,58585.0,55851.979,9.533494751216182
002821.SZ,20260604,115.6,119.79,115.0,119.62,116.63,2.99,2.5637,44897.47,527902.1,117.57947608183711
002822.SZ,20260604,2.95,2.96,2.94,2.94,2.97,-0.03,-1.0101,65728.0,19360.954,2.9456173928919185
002823.SZ,20260604,19.48,20.88,19.04,20.85,19.67,1.18,5.999,361344.35,726381.437,20.10219440265221
002824.SZ,20260604,26.37,27.45,25.85,27.45,24.95,2.5,10.02,233739.31,623664.125,26.682038421350693
002825.SZ,20260604,10.25,10.42,10.03,10.09,10.21,-0.12,-1.1753,43893.79,44619.195,10.16526369675528
002826.SZ,20260604,16.57,16.6,16.15,16.37,16.68,-0.31,-1.8585,30401.74,49703.29,16.3488306919275
002827.SZ,20260604,28.0,28.46,27.23,27.43,27.63,-0.2,-0.7239,30873.5,85428.932,27.670634038900673
002828.SZ,20260604,9.48,9.5,9.11,9.18,9.64,-0.46,-4.7718,98976.99,91391.099,9.233570246983668
002829.SZ,20260604,22.36,23.38,22.15,23.01,22.63,0.38,1.6792,79115.0,180784.909,22.850901725336538
002830.SZ,20260604,15.78,16.76,15.5,15.92,15.78,0.14,0.8872,49662.79,79621.986,16.03252374665217
002831.SZ,20260604,28.74,29.14,28.2,28.37,28.72,-0.35,-1.2187,85539.91,244350.54,28.56567653625074
002832.SZ,20260604,19.95,19.98,19.05,19.28,19.92,-0.64,-3.2129,78749.68,153323.154,19.469685972057288
002833.SZ,20260604,17.97,18.37,17.85,18.28,18.05,0.23,1.2742,67799.2,123130.696,18.16108390659477
002835.SZ,20260604,13.21,13.42,13.1,13.2,13.32,-0.12,-0.9009,16194.0,21408.75,13.22017413856984
002836.SZ,20260604,11.0,11.08,10.8,10.96,11.05,-0.09,-0.8145,21361.44,23378.859,10.94442088173831
002837.SZ,20260604,67.49,69.89,67.18,69.22,68.32,0.9,1.3173,475320.52,3274875.733,68.89826117753132
002838.SZ,20260604,33.02,33.27,32.14,32.32,33.2,-0.88,-2.6506,47362.34,154367.082,32.592790390001845
002839.SZ,20260604,4.26,4.29,4.17,4.18,4.26,-0.08,-1.8779,180330.8,76097.797,4.219900150168469
002840.SZ,20260604,8.39,8.42,8.11,8.21,8.44,-0.23,-2.7251,188260.41,154973.954,8.231892940209788
002841.SZ,20260604,36.0,36.18,35.08,35.36,36.27,-0.91,-2.509,38316.7,136172.583,35.53870322861834
002842.SZ,20260604,33.62,34.77,32.7,34.55,33.99,0.56,1.6475,419498.19,1412708.469,33.6761517135509
002843.SZ,20260604,22.5,23.64,22.22,22.82,22.77,0.05,0.2196,123143.5,283689.542,23.037313540706577
002845.SZ,20260604,14.97,15.89,14.9,15.57,15.29,0.28,1.8313,165263.8,254791.664,15.417270085765908
002846.SZ,20260604,11.95,12.04,11.68,11.76,12.08,-0.32,-2.649,56275.0,66388.098,11.797085384273656
002847.SZ,20260604,56.17,56.97,55.03,56.68,56.4,0.28,0.4965,43303.69,242656.007,56.03587292445517
002848.SZ,20260604,15.5,17.05,15.03,16.48,15.5,0.98,6.3226,134645.0,219148.665,16.27603438672064
002849.SZ,20260604,15.88,16.26,15.5,16.09,15.88,0.21,1.3224,54331.0,86972.028,16.007809169718946
002850.SZ,20260604,171.46,175.16,169.18,171.36,171.66,-0.3,-0.1748,49360.49,848584.771,171.91579155717454
002851.SZ,20260604,153.33,161.11,152.9,154.11,157.98,-3.87,-2.4497,446481.06,6958050.375,155.84200536972386
002852.SZ,20260604,7.91,8.09,7.74,7.83,7.98,-0.15,-1.8797,42060.12,33090.686,7.867473036215778
002853.SZ,20260604,24.2,24.54,23.98,24.44,24.2,0.24,0.9917,17320.3,41955.28,24.223183201214763
002855.SZ,20260604,11.32,11.77,11.21,11.41,11.33,0.08,0.7061,49519.37,56540.347,11.41782437862194
002856.SZ,20260604,26.78,27.06,24.48,24.48,25.77,-1.29,-5.0058,154316.2,400746.815,25.969199280438474
002857.SZ,20260604,19.05,20.22,18.67,19.4,18.68,0.72,3.8544,61358.0,119609.095,19.49364304573161
002858.SZ,20260604,12.75,12.85,12.5,12.58,12.83,-0.25,-1.9486,38901.0,49098.752,12.621462687334514
002859.SZ,20260604,84.25,95.36,84.25,94.39,86.72,7.67,8.8446,323531.17,2962694.031,91.57368147866556
002860.SZ,20260604,12.84,13.34,12.75,13.16,12.96,0.2,1.5432,95018.38,125253.162,13.181992999670168
002861.SZ,20260604,18.52,19.18,17.88,18.01,18.7,-0.69,-3.6898,71057.9,130424.102,18.35462376456383
002862.SZ,20260604,16.27,16.29,15.7,15.82,16.28,-0.46,-2.8256,40310.62,64023.245,15.882475883526475
002863.SZ,20260604,5.07,5.1,4.95,5.02,5.07,-0.05,-0.9862,82252.76,41174.286,5.005824242250352
002864.SZ,20260604,28.46,28.7,27.9,27.9,28.46,-0.56,-1.9677,11761.0,33167.148,28.200959102117167
002865.SZ,20260604,73.45,74.7,71.02,73.47,74.07,-0.6,-0.81,122757.52,894005.886,72.82697516209191
002866.SZ,20260604,20.4,20.49,18.89,18.89,20.99,-2.1,-10.0048,199784.6,387350.845,19.388423582198023
002867.SZ,20260604,12.19,12.22,11.98,12.15,12.18,-0.03,-0.2463,66635.94,80583.778,12.09314042842346
002868.SZ,20260604,28.64,28.64,26.92,27.2,28.1,-0.9,-3.2028,26608.5,72941.511,27.412860927898983
002869.SZ,20260604,18.31,19.81,18.3,19.36,18.44,0.92,4.9892,78122.06,148853.871,19.05401252859948
002870.SZ,20260604,39.0,39.7,38.02,39.32,39.66,-0.34,-0.8573,41909.0,163272.744,38.95887375026844
002871.SZ,20260604,21.73,22.17,20.96,21.19,22.57,-1.38,-6.1143,75067.24,160127.595,21.331221848572028
002872.SZ,20260604,5.32,5.32,5.22,5.25,5.35,-0.1,-1.8692,31935.0,16837.421,5.272403632378268
002873.SZ,20260604,8.43,8.49,8.2,8.26,8.41,-0.15,-1.7836,51465.37,42753.833,8.307301200788025
002875.SZ,20260604,21.52,21.52,19.63,19.63,21.81,-2.18,-9.9954,121058.0,243579.571,20.120898329726245
002876.SZ,20260604,31.37,32.18,30.73,31.87,31.07,0.8,2.5748,125844.33,396696.698,31.52281060259131
002877.SZ,20260604,7.94,8.0,7.77,7.85,7.98,-0.13,-1.6291,55323.0,43551.363,7.872198362344775
002878.SZ,20260604,14.99,16.48,14.75,15.77,15.09,0.68,4.5063,226694.87,357924.086,15.788803954849088
002879.SZ,20260604,15.57,15.59,15.27,15.36,15.62,-0.26,-1.6645,33432.0,51485.837,15.400166606843742
002880.SZ,20260604,24.35,24.35,23.65,23.66,24.37,-0.71,-2.9134,8920.0,21263.799,23.838339686098653
002881.SZ,20260604,41.88,43.8,41.58,42.63,42.88,-0.25,-0.583,104282.76,447425.859,42.9050649407438
002882.SZ,20260604,21.85,21.93,20.98,21.1,22.01,-0.91,-4.1345,51955.0,110762.563,21.318941969011643
002883.SZ,20260604,9.6,9.64,9.4,9.41,9.65,-0.24,-2.487,17483.0,16576.805,9.48167076588686
002884.SZ,20260604,16.65,16.75,16.29,16.3,16.65,-0.35,-2.1021,16570.68,27263.872,16.453079777051997
002885.SZ,20260604,42.0,44.18,41.2,43.49,42.19,1.3,3.0813,225699.23,974794.749,43.18999001458711
002886.SZ,20260604,28.35,28.98,28.01,28.18,28.98,-0.8,-2.7605,192515.35,545568.249,28.338947985186632
002887.SZ,20260604,13.29,13.52,12.65,12.75,13.31,-0.56,-4.2074,33836.0,43856.084,12.961367773968554
002888.SZ,20260604,18.41,19.37,18.1,18.79,18.69,0.1,0.535,44696.0,83719.005,18.730760023268303
002889.SZ,20260604,11.54,11.58,11.24,11.33,11.56,-0.23,-1.9896,21057.36,23915.099,11.357121215574981
002890.SZ,20260604,15.0,15.34,14.72,14.81,15.19,-0.38,-2.5016,13285.83,19816.732,14.915689874098945
002891.SZ,20260604,29.32,29.61,28.56,28.63,29.63,-1.0,-3.375,61761.24,178865.093,28.96073540621917
002892.SZ,20260604,10.1,10.26,9.89,9.89,10.17,-0.28,-2.7532,144545.72,144817.213,10.018782500097547
002893.SZ,20260604,12.15,12.25,11.81,11.86,12.36,-0.5,-4.0453,190765.0,228786.326,11.993097580793123
002895.SZ,20260604,34.77,35.2,31.45,32.21,34.77,-2.56,-7.3627,240143.01,785779.481,32.7213138954159
002896.SZ,20260604,77.99,81.99,76.95,78.88,78.9,-0.02,-0.0253,171498.32,1372340.124,80.02061617863079
002897.SZ,20260604,88.75,99.47,85.88,96.15,91.2,4.95,5.4276,311983.42,2865083.623,91.83448347992339
002899.SZ,20260604,26.54,27.78,26.38,26.61,26.76,-0.15,-0.5605,55566.0,149963.323,26.98832433502502
002900.SZ,20260604,10.26,10.3,9.91,10.01,10.27,-0.26,-2.5316,36085.0,36138.132,10.014724123597063
002901.SZ,20260604,40.48,40.48,39.58,39.92,40.14,-0.22,-0.5481,12611.0,50372.677,39.94344381888828
002902.SZ,20260604,32.43,33.3,31.89,32.82,32.99,-0.17,-0.5153,170615.08,554204.498,32.48273821985724
002903.SZ,20260604,44.55,45.49,42.8,43.55,44.1,-0.55,-1.2472,94985.29,416732.566,43.873379341159044
002905.SZ,20260604,7.9,7.98,7.76,7.82,7.91,-0.09,-1.1378,45804.52,35995.488,7.858501300744992
002906.SZ,20260604,28.92,29.31,28.5,28.87,29.13,-0.26,-0.8926,71056.71,205202.239,28.87865748357896
002907.SZ,20260604,12.15,12.35,11.9,12.01,12.21,-0.2,-1.638,18453.0,22125.472,11.990176123123613
002908.SZ,20260604,7.41,7.47,7.24,7.32,7.43,-0.11,-1.4805,44325.38,32506.152,7.333530361161032
002909.SZ,20260604,5.66,5.77,5.6,5.67,5.73,-0.06,-1.0471,57393.0,32440.197,5.652291568658199
002910.SZ,20260604,9.5,9.63,9.21,9.35,9.53,-0.18,-1.8888,48549.0,45289.146,9.328543533337454
002911.SZ,20260604,11.22,11.22,10.98,11.04,11.22,-0.18,-1.6043,43251.8,47876.343,11.069213998030138
002912.SZ,20260604,20.75,20.9,20.29,20.59,20.76,-0.17,-0.8189,18806.65,38665.183,20.559314391451956
002913.SZ,20260604,53.1,54.73,52.62,54.05,54.06,-0.01,-0.0185,72273.0,387529.463,53.62022650228993
002915.SZ,20260604,19.08,19.65,18.85,19.59,19.08,0.51,2.673,110817.57,215670.825,19.4617897685358
002916.SZ,20260604,370.0,398.0,369.53,393.38,382.0,11.38,2.9791,154195.52,5937428.53,385.05843295576943
002917.SZ,20260604,12.91,13.22,12.69,12.84,13.01,-0.17,-1.3067,58252.4,75338.313,12.933083100438779
002918.SZ,20260604,12.56,12.73,12.15,12.42,12.75,-0.33,-2.5882,163940.7,202590.199,12.357529216356888
002919.SZ,20260604,22.1,22.27,21.31,21.59,22.05,-0.46,-2.0862,49145.98,106357.535,21.641146437613003
002920.SZ,20260604,97.5,99.39,96.76,97.93,98.4,-0.47,-0.4776,77917.47,763346.654,97.96861397065382
002921.SZ,20260604,26.04,26.49,25.46,25.59,26.17,-0.58,-2.2163,46345.0,119906.789,25.872648397885424
002922.SZ,20260604,38.76,39.93,38.16,38.8,38.89,-0.09,-0.2314,196756.42,769383.607,39.10335464530204
002923.SZ,20260604,10.45,10.52,10.08,10.17,10.46,-0.29,-2.7725,72633.92,74433.705,10.247788498817084
002925.SZ,20260604,22.21,23.06,22.09,22.6,22.46,0.14,0.6233,231904.74,527552.586,22.748676288375997
002926.SZ,20260604,8.08,8.13,7.93,7.95,8.1,-0.15,-1.8519,164737.0,131978.975,8.011495596010612
002927.SZ,20260604,21.72,22.8,21.01,21.3,22.09,-0.79,-3.5763,189101.64,406110.62,21.475785191498073
002928.SZ,20260604,7.24,7.46,7.23,7.37,7.24,0.13,1.7956,410705.76,301156.234,7.332651823534201
002929.SZ,20260604,67.5,68.0,65.31,67.22,68.38,-1.16,-1.6964,242625.01,1616651.563,66.63169485289254
002930.SZ,20260604,10.3,10.32,9.7,9.79,10.17,-0.38,-3.7365,151904.98,150009.23,9.875201589835962
002931.SZ,20260604,52.37,57.86,51.88,57.86,52.6,5.26,10.0,88594.34,490216.492,55.33270996770223
002932.SZ,20260604,15.77,15.79,15.5,15.5,15.88,-0.38,-2.3929,17835.63,27869.765,15.625893226087332
002933.SZ,20260604,29.83,30.0,29.12,29.36,29.54,-0.18,-0.6093,17530.0,51767.021,29.530531089560753
002935.SZ,20260604,18.9,19.05,18.61,18.84,19.07,-0.23,-1.2061,47492.74,89344.347,18.81221150853794
002936.SZ,20260604,1.79,1.8,1.76,1.76,1.79,-0.03,-1.676,551397.0,97883.269,1.7751868254633232
002937.SZ,20260604,34.35,35.16,33.6,34.76,34.6,0.16,0.4624,82648.09,283230.301,34.26943090880866
002938.SZ,20260604,106.51,112.85,105.05,111.0,108.3,2.7,2.4931,529571.04,5770292.224,108.96162720680496
002939.SZ,20260604,8.2,8.29,8.03,8.1,8.24,-0.14,-1.699,221483.84,180114.255,8.132162373561883
002940.SZ,20260604,35.03,36.0,34.62,35.21,34.67,0.54,1.5575,195266.1,690186.205,35.34593075807833
002941.SZ,20260604,11.72,11.89,11.58,11.68,11.76,-0.08,-0.6803,81477.44,95713.529,11.747243040527538
002942.SZ,20260604,17.0,17.07,16.51,16.68,17.03,-0.35,-2.0552,16314.05,27301.928,16.73522393274509
002943.SZ,20260604,77.8,81.04,76.0,77.92,77.92,0.0,0.0,85582.97,668552.032,78.11741424725037
002945.SZ,20260604,14.22,14.38,13.96,14.08,14.27,-0.19,-1.3315,83375.0,117789.867,14.127720179910044
002946.SZ,20260604,17.55,17.74,16.81,16.96,17.53,-0.57,-3.2516,45008.83,77097.186,17.129346841497547
002947.SZ,20260604,87.32,89.4,86.87,88.02,87.52,0.5,0.5713,74659.71,658341.119,88.17890117708734
002948.SZ,20260604,5.53,5.54,5.37,5.39,5.5,-0.11,-2.0,357948.5,194760.864,5.441030315813587
002949.SZ,20260604,12.0,12.07,11.71,11.82,12.01,-0.19,-1.582,19244.0,22841.513,11.869420598628144
002950.SZ,20260604,9.4,9.49,9.23,9.37,9.45,-0.08,-0.8466,84352.0,78804.593,9.342350270295901
002951.SZ,20260604,21.41,24.79,21.22,24.79,22.54,2.25,9.9823,293889.41,684438.138,23.288969071733483
002952.SZ,20260604,24.0,24.55,23.55,23.99,24.57,-0.58,-2.3606,76173.0,182743.837,23.990631457340527
002953.SZ,20260604,10.25,10.28,10.02,10.08,10.27,-0.19,-1.85,46659.7,47176.705,10.110803327068114
002955.SZ,20260604,25.59,25.78,24.85,25.34,25.35,-0.01,-0.0394,35452.6,89471.225,25.236858509672075
002956.SZ,20260604,20.9,21.45,20.42,20.84,21.12,-0.28,-1.3258,35109.29,73135.21,20.83072884698039
002957.SZ,20260604,65.46,66.1,63.83,64.65,66.11,-1.46,-2.2084,312728.95,2025608.898,64.77203015582663
002958.SZ,20260604,2.91,2.93,2.88,2.9,2.92,-0.02,-0.6849,325353.0,94316.376,2.8988936939262895
002959.SZ,20260604,37.0,37.19,35.86,35.87,37.1,-1.23,-3.3154,11051.38,40018.93,36.21170387770577
002960.SZ,20260604,8.15,8.16,7.99,8.04,8.17,-0.13,-1.5912,101672.57,81951.658,8.060350790778672
002961.SZ,20260604,20.61,20.62,19.6,19.85,20.75,-0.9,-4.3373,105520.59,210974.879,19.993716771295535
002962.SZ,20260604,19.81,20.83,19.55,20.5,20.29,0.21,1.035,420959.76,851170.403,20.21975694303893
002963.SZ,20260604,15.94,16.68,15.56,16.23,16.18,0.05,0.309,34271.0,55478.019,16.188036240553238
002965.SZ,20260604,36.0,37.25,35.56,36.67,35.5,1.17,3.2958,178487.92,651169.375,36.482545989666974
002966.SZ,20260604,8.18,8.23,8.02,8.08,8.16,-0.08,-0.9804,335808.05,271582.32,8.087427326414598
002967.SZ,20260604,20.6,20.74,19.66,19.76,20.8,-1.04,-5.0,133564.0,268661.823,20.11483805516456
002968.SZ,20260604,9.76,9.89,9.53,9.64,9.81,-0.17,-1.7329,26113.6,25223.822,9.659266435880156
002970.SZ,20260604,62.64,64.98,62.55,63.73,62.88,0.85,1.3518,45475.07,290323.706,63.84238792815492
002971.SZ,20260604,34.34,37.39,34.31,37.39,33.99,3.4,10.0029,156016.7,566818.673,36.33064107880758
002972.SZ,20260604,12.14,12.97,12.06,12.77,12.24,0.53,4.3301,101151.2,127695.053,12.624175788324806
002973.SZ,20260604,12.29,12.76,11.94,12.64,12.21,0.43,3.5217,51835.6,64077.386,12.361656081920533
002975.SZ,20260604,144.99,147.0,141.86,143.6,148.0,-4.4,-2.973,153147.87,2202378.447,143.80731818209424
002976.SZ,20260604,32.95,33.4,31.82,32.74,33.37,-0.63,-1.8879,55182.27,179723.779,32.56911667461306
002977.SZ,20260604,26.63,26.87,25.91,26.16,26.94,-0.78,-2.8953,18405.56,48274.437,26.228181592953433
002978.SZ,20260604,27.49,27.57,26.79,26.97,27.76,-0.79,-2.8458,39135.0,105604.502,26.984668966398363
002979.SZ,20260604,52.4,54.44,52.12,53.16,52.5,0.66,1.2571,126760.6,676600.817,53.37627125463275
002980.SZ,20260604,123.46,130.1,120.87,127.2,122.39,4.81,3.9301,155722.8,1970911.848,126.5654000570244
002981.SZ,20260604,26.0,28.95,25.8,28.95,26.32,2.63,9.9924,167018.18,465348.362,27.862138241477666
002982.SZ,20260604,12.91,13.53,12.34,12.58,12.84,-0.26,-2.0249,80037.3,102156.722,12.763639203221498
002983.SZ,20260604,22.57,22.94,22.25,22.58,22.72,-0.14,-0.6162,33258.96,75033.909,22.56050970926331
002984.SZ,20260604,14.7,14.87,14.38,14.44,14.73,-0.29,-1.9688,115690.8,168198.094,14.538588548095442
002985.SZ,20260604,29.68,29.73,28.8,29.04,29.73,-0.69,-2.3209,44611.35,130122.986,29.168134566651762
002986.SZ,20260604,11.62,11.62,11.2,11.34,11.64,-0.3,-2.5773,52591.12,59783.206,11.367547601191987
002987.SZ,20260604,11.33,11.44,11.1,11.16,11.44,-0.28,-2.4476,84072.03,94462.329,11.235880589537327
002988.SZ,20260604,28.0,28.06,26.72,27.18,28.31,-1.13,-3.9915,44790.0,121731.004,27.17816566197812
002989.SZ,20260604,27.9,30.47,27.9,29.9,28.44,1.46,5.1336,97842.96,290734.764,29.714428508704152
002990.SZ,20260604,47.4,48.26,46.6,47.26,47.89,-0.63,-1.3155,58429.0,277326.013,47.46376165944993
002991.SZ,20260604,45.79,45.79,43.2,43.56,45.4,-1.84,-4.0529,10190.44,44885.369,44.04654656717472
002992.SZ,20260604,42.04,42.04,41.23,41.45,42.05,-0.6,-1.4269,12394.0,51459.247,41.519482814264975
002993.SZ,20260604,60.48,62.96,59.78,62.73,61.01,1.72,2.8192,69926.7,429187.412,61.376757661951736
002995.SZ,20260604,24.82,25.39,23.23,23.62,25.03,-1.41,-5.6332,300379.56,717726.858,23.89399791383941
002996.SZ,20260604,6.75,6.75,6.49,6.53,6.76,-0.23,-3.4024,106512.38,69983.001,6.570410031209518
002997.SZ,20260604,30.0,30.2,29.43,29.69,30.15,-0.46,-1.5257,28622.94,85167.193,29.75487249038708
002998.SZ,20260604,8.1,8.14,7.9,7.94,8.14,-0.2,-2.457,67540.0,54161.009,8.019101125259105
002999.SZ,20260604,6.12,6.16,5.98,6.02,6.14,-0.12,-1.9544,52055.4,31434.5,6.038662655555427
003000.SZ,20260604,10.78,11.08,10.4,10.65,10.5,0.15,1.4286,84595.11,90352.901,10.680629294057304
003001.SZ,20260604,16.8,18.39,16.79,17.24,16.9,0.34,2.0118,117160.44,206473.326,17.62312654339639
003002.SZ,20260604,22.49,22.72,21.78,21.96,22.68,-0.72,-3.1746,22290.0,49644.629,22.27215298340063
003003.SZ,20260604,11.9,11.95,11.4,11.53,11.86,-0.33,-2.7825,50496.0,58463.987,11.577944193599494
003004.SZ,20260604,59.04,66.6,58.57,61.4,64.49,-3.09,-4.7914,78864.3,483492.915,61.306943065493506
003005.SZ,20260604,15.09,15.16,14.55,14.68,15.1,-0.42,-2.7815,27391.8,40482.128,14.778922159186326
003006.SZ,20260604,16.34,16.44,15.77,15.96,16.31,-0.35,-2.1459,59638.09,95349.435,15.988009508688156
003007.SZ,20260604,40.21,40.54,39.69,40.18,40.74,-0.56,-1.3746,21753.5,87068.34,40.024979888293835
003008.SZ,20260604,19.29,19.44,18.71,18.91,19.3,-0.39,-2.0207,18644.6,35409.506,18.99182926960085
003009.SZ,20260604,50.95,51.14,49.95,50.36,51.3,-0.94,-1.8324,20158.49,101669.447,50.43505093883519
003010.SZ,20260604,24.9,25.14,24.06,24.22,25.08,-0.86,-3.429,66324.56,161993.177,24.424312351261737
003011.SZ,20260604,20.46,22.7,20.46,22.7,20.64,2.06,9.9806,79084.4,177086.661,22.392110327700536
003012.SZ,20260604,4.92,4.97,4.82,4.87,4.92,-0.05,-1.0163,96180.33,46902.01,4.876465905242787
003013.SZ,20260604,15.29,15.51,15.01,15.43,15.34,0.09,0.5867,53838.44,82464.16,15.316966836334782
003015.SZ,20260604,12.3,12.38,12.12,12.27,12.33,-0.06,-0.4866,36925.0,45111.008,12.21692836831415
003016.SZ,20260604,7.21,7.23,6.97,7.01,7.19,-0.18,-2.5035,34499.0,24314.26,7.0478158787211225
003017.SZ,20260604,27.39,27.54,26.93,27.08,27.42,-0.34,-1.24,13304.2,36070.858,27.112384059169283
003018.SZ,20260604,51.01,51.23,49.25,50.67,52.09,-1.42,-2.7261,122731.09,615031.248,50.112098572578475
003019.SZ,20260604,41.14,43.7,38.4,39.09,40.79,-1.7,-4.1677,209738.58,846211.707,40.34602060336254
003020.SZ,20260604,16.05,16.12,15.64,15.81,16.05,-0.24,-1.4953,15261.18,24127.036,15.809417096187843
003021.SZ,20260604,96.0,100.0,94.06,98.58,96.61,1.97,2.0391,47100.8,464099.204,98.53318924519328
003022.SZ,20260604,25.58,26.15,23.82,24.31,25.86,-1.55,-5.9938,474012.79,1174114.742,24.769684843314042
003023.SZ,20260604,25.38,25.64,24.62,24.85,25.38,-0.53,-2.0883,17385.0,43300.499,24.906815645671557
003025.SZ,20260604,14.19,14.58,13.93,14.0,14.27,-0.27,-1.8921,78101.75,110466.135,14.143874497050321
003026.SZ,20260604,43.98,47.06,43.81,46.47,44.68,1.79,4.0063,97308.58,447506.306,45.98837080964494
003027.SZ,20260604,21.81,21.81,21.08,21.26,21.85,-0.59,-2.7002,25634.5,54701.35,21.338957264623847
003028.SZ,20260604,26.32,26.59,25.66,25.91,26.58,-0.67,-2.5207,15695.7,40930.467,26.077503392648936
003029.SZ,20260604,18.39,18.53,18.02,18.18,18.55,-0.37,-1.9946,22932.0,41776.919,18.217738967381823
003030.SZ,20260604,21.12,21.44,20.05,20.42,21.32,-0.9,-4.2214,47961.04,98847.747,20.61000908237186
003031.SZ,20260604,141.0,148.6,139.61,146.84,144.07,2.77,1.9227,112604.45,1627301.066,144.5148096722643
003032.SZ,20260604,6.85,6.85,6.58,6.67,6.88,-0.21,-3.0523,66221.0,44157.608,6.668218238927228
003033.SZ,20260604,64.48,67.5,63.5,67.3,64.73,2.57,3.9703,35836.0,234922.292,65.55483089630539
003035.SZ,20260604,7.2,7.22,6.95,7.0,7.16,-0.16,-2.2346,460449.07,324528.588,7.04808868437936
003036.SZ,20260604,68.51,74.86,66.98,74.86,68.05,6.81,10.0073,105157.02,767349.219,72.9717539542296
003037.SZ,20260604,7.1,7.1,6.8,6.81,7.15,-0.34,-4.7552,111741.0,77028.558,6.89349101941096
003038.SZ,20260604,12.12,12.19,11.89,12.02,12.21,-0.19,-1.5561,33305.84,40024.309,12.017204490263572
003039.SZ,20260604,12.72,12.9,12.42,12.5,12.83,-0.33,-2.5721,41731.31,52431.785,12.564135897003954
003040.SZ,20260604,12.81,12.86,12.57,12.68,12.87,-0.19,-1.4763,53625.3,68107.265,12.700584425634913
003041.SZ,20260604,49.64,50.0,47.8,48.07,50.24,-2.17,-4.3193,58965.2,286728.844,48.62679071723661
003042.SZ,20260604,15.25,15.6,14.63,14.64,15.47,-0.83,-5.3652,60800.0,91589.196,15.064012499999999
003043.SZ,20260604,61.0,67.57,60.12,67.57,61.43,6.14,9.9951,91801.35,596757.502,65.00530787401274
003816.SZ,20260604,4.59,4.61,4.49,4.51,4.61,-0.1,-2.1692,1024915.97,465719.969,4.543981971517138
300001.SZ,20260604,37.7,42.1,37.35,40.99,36.6,4.39,11.9945,546833.0,2228747.833,40.75737625563929
300002.SZ,20260604,7.83,7.85,7.58,7.68,7.82,-0.14,-1.7903,339115.29,261268.477,7.704414537014831
300003.SZ,20260604,12.3,12.39,12.06,12.16,12.39,-0.23,-1.8563,185155.42,225520.508,12.180065158233013
300004.SZ,20260604,14.56,14.71,13.6,13.65,14.56,-0.91,-6.25,284705.0,399066.261,14.016833599690909
300005.SZ,20260604,14.8,14.9,14.44,14.59,14.94,-0.35,-2.3427,276512.19,404616.523,14.632863853127054
300006.SZ,20260604,5.23,5.24,5.08,5.16,5.23,-0.07,-1.3384,159186.16,81948.807,5.147985666593126
300007.SZ,20260604,40.8,42.97,40.6,41.43,41.26,0.17,0.412,141256.99,593221.287,41.995888982201876
300008.SZ,20260604,6.38,6.54,6.34,6.47,6.45,0.02,0.3101,429139.7,278093.241,6.480249694912868
300009.SZ,20260604,8.06,8.12,7.9,7.91,8.06,-0.15,-1.861,111417.98,88796.523,7.969676258715156
300010.SZ,20260604,2.85,2.86,2.72,2.74,2.88,-0.14,-4.8611,479227.8,133218.461,2.779856698630589
300011.SZ,20260604,6.25,6.3,6.12,6.18,6.29,-0.11,-1.7488,65457.0,40495.891,6.18664023710222
300012.SZ,20260604,14.45,14.6,14.13,14.22,14.54,-0.32,-2.2008,245578.0,351677.825,14.320412455513116
300013.SZ,20260604,4.57,4.66,4.46,4.51,4.57,-0.06,-1.3129,159575.5,72018.51,4.513130775087654
300014.SZ,20260604,62.0,62.0,59.51,59.66,62.98,-3.32,-5.2715,795296.72,4790699.54,60.23788882217445
300015.SZ,20260604,8.78,8.78,8.43,8.5,8.8,-0.3,-3.4091,1112117.98,951805.68,8.558495565371581
300016.SZ,20260604,8.08,8.11,7.85,7.92,8.09,-0.17,-2.1014,95703.0,76087.16,7.950342204528594
300017.SZ,20260604,15.08,15.55,14.92,15.48,15.35,0.13,0.8469,1105626.28,1688635.164,15.273109861317698
300018.SZ,20260604,12.85,12.85,12.28,12.46,12.93,-0.47,-3.635,136313.64,170332.068,12.495599706676455
300019.SZ,20260604,16.61,17.45,16.33,17.07,16.88,0.19,1.1256,81822.45,138252.917,16.896697300068624
300020.SZ,20260604,3.53,3.6,3.45,3.48,3.54,-0.06,-1.6949,102184.0,35759.531,3.4995235066155175
300021.SZ,20260604,3.98,4.04,3.9,3.93,3.99,-0.06,-1.5038,105351.25,41683.564,3.9566273774634855
300022.SZ,20260604,8.26,8.45,8.19,8.27,8.27,0.0,0.0,141638.0,118121.287,8.339660754882164
300024.SZ,20260604,14.65,15.25,14.6,15.06,14.81,0.25,1.688,344748.06,517389.539,15.007757810152725
300025.SZ,20260604,4.98,5.0,4.77,4.81,4.96,-0.15,-3.0242,121340.84,58902.778,4.854324232467816
300026.SZ,20260604,3.19,3.22,3.12,3.13,3.19,-0.06,-1.8809,198089.0,62482.627,3.1542704037074243
300027.SZ,20260604,1.87,1.96,1.85,1.91,1.88,0.03,1.5957,662189.01,126220.04,1.9061029116143138
300030.SZ,20260604,6.74,6.81,6.56,6.64,6.79,-0.15,-2.2091,62497.0,41565.904,6.650863881466311
300031.SZ,20260604,23.27,24.4,23.11,23.77,23.48,0.29,1.2351,203777.82,487811.495,23.93839992006981
300032.SZ,20260604,4.31,4.41,4.29,4.38,4.4,-0.02,-0.4545,197887.03,85941.449,4.34295511939312
300033.SZ,20260604,221.96,225.39,219.66,221.2,223.69,-2.49,-1.1131,134630.74,2986731.499,221.84617710635774
300034.SZ,20260604,17.89,17.95,17.5,17.8,18.0,-0.2,-1.1111,141004.76,249854.745,17.71959648738099
300035.SZ,20260604,16.58,16.64,16.17,16.27,16.76,-0.49,-2.9236,159385.38,261077.284,16.380252944153348
300036.SZ,20260604,12.6,12.65,12.19,12.38,12.63,-0.25,-1.9794,134230.59,166020.384,12.368297271136184
300037.SZ,20260604,69.85,79.97,69.03,78.3,71.05,7.25,10.2041,519343.01,3945191.75,75.96504957292099
300039.SZ,20260604,5.17,5.18,5.04,5.07,5.18,-0.11,-2.1236,68692.11,34921.811,5.083816904153913
300040.SZ,20260604,7.98,8.12,7.71,7.75,8.09,-0.34,-4.2027,760105.22,596907.071,7.852953187191637
300041.SZ,20260604,13.41,14.05,13.25,13.84,13.66,0.18,1.3177,458114.51,627580.853,13.699213609278607
300042.SZ,20260604,58.96,68.52,58.75,67.43,59.66,7.77,13.0238,434651.6,2860175.261,65.80385902180045
300043.SZ,20260604,4.62,4.64,4.48,4.54,4.64,-0.1,-2.1552,296442.98,134604.213,4.540644308730131
300044.SZ,20260604,6.04,6.04,5.92,5.93,6.1,-0.17,-2.7869,131637.0,78426.218,5.957764002522087
300045.SZ,20260604,18.6,18.8,18.28,18.41,18.86,-0.45,-2.386,137468.43,254113.195,18.48520383916511
300046.SZ,20260604,30.36,31.32,30.05,30.78,30.72,0.06,0.1953,64445.52,198405.426,30.786535045415107
300047.SZ,20260604,11.3,11.3,10.36,10.4,11.73,-1.33,-11.3384,399547.93,425691.368,10.654325452268019
300048.SZ,20260604,5.74,5.88,5.67,5.78,5.75,0.03,0.5217,159625.79,91839.695,5.753437148220222
300049.SZ,20260604,43.01,44.99,42.73,43.86,43.31,0.55,1.2699,67821.25,297864.139,43.918998691413094
300050.SZ,20260604,7.06,7.27,7.0,7.08,7.2,-0.12,-1.6667,184228.0,131099.733,7.116167629242026
300051.SZ,20260604,11.0,11.19,10.5,10.79,11.02,-0.23,-2.0871,188287.0,204057.678,10.837587194017644
300052.SZ,20260604,10.93,11.14,10.61,10.86,11.13,-0.27,-2.4259,178589.01,193656.99,10.84372381032853
300053.SZ,20260604,15.61,15.85,15.43,15.78,15.89,-0.11,-0.6923,183585.88,287659.673,15.668943221559307
300054.SZ,20260604,68.99,74.85,68.8,73.39,70.4,2.99,4.2472,388703.74,2819207.609,72.52844052902604
300055.SZ,20260604,8.43,8.48,8.16,8.23,8.54,-0.31,-3.63,165622.41,137291.379,8.289420435314277
300056.SZ,20260604,9.58,10.2,9.58,9.95,9.67,0.28,2.8956,194951.0,192315.14,9.864793717395653
300057.SZ,20260604,8.86,8.94,8.4,8.51,8.93,-0.42,-4.7032,636897.41,549201.078,8.623069734260655
300058.SZ,20260604,16.2,16.22,15.72,15.91,16.55,-0.64,-3.8671,2790035.21,4448873.04,15.945580271010272
300059.SZ,20260604,18.79,19.07,18.55,18.74,18.91,-0.17,-0.899,2243925.82,4205119.132,18.7400095605656
300061.SZ,20260604,8.78,8.82,8.56,8.65,8.84,-0.19,-2.1493,205584.0,177935.353,8.6551167892443
300062.SZ,20260604,6.7,6.78,6.54,6.61,6.77,-0.16,-2.3634,164362.6,108833.234,6.621532757452121
300063.SZ,20260604,10.09,10.09,9.8,9.86,10.19,-0.33,-3.2385,410909.0,407050.905,9.906108286749621
300065.SZ,20260604,19.88,20.03,19.53,19.67,20.19,-0.52,-2.5755,265143.5,524007.866,19.763179787549007
300066.SZ,20260604,5.4,5.91,5.31,5.82,5.45,0.37,6.789,430818.77,242920.974,5.638588448688063
300067.SZ,20260604,5.53,5.64,5.47,5.53,5.62,-0.09,-1.6014,326953.06,180636.017,5.52483029215264
300068.SZ,20260604,4.62,4.73,4.44,4.47,4.66,-0.19,-4.0773,472658.97,215137.431,4.551641768271107
300069.SZ,20260604,51.0,54.63,48.5,49.2,51.63,-2.43,-4.7066,267450.0,1376767.613,51.47757012525705
300070.SZ,20260604,3.49,3.52,3.42,3.43,3.49,-0.06,-1.7192,263767.55,91118.364,3.454494838352936
300071.SZ,20260604,4.16,4.18,4.01,4.06,4.22,-0.16,-3.7915,412307.0,167628.812,4.065630998261004
300072.SZ,20260604,3.94,3.96,3.8,3.84,3.97,-0.13,-3.2746,345349.9,133201.062,3.856988578829761
300073.SZ,20260604,53.26,54.15,52.2,52.6,53.8,-1.2,-2.2305,118041.06,624118.47,52.87299775179925
300074.SZ,20260604,4.04,4.1,3.93,4.0,4.08,-0.08,-1.9608,184538.0,73705.834,3.994073524152207
300075.SZ,20260604,12.43,12.55,12.11,12.19,12.51,-0.32,-2.558,73888.61,90638.279,12.266881052438256
300076.SZ,20260604,4.71,4.81,4.57,4.65,4.8,-0.15,-3.125,79806.91,37322.856,4.67664466648314
300077.SZ,20260604,24.28,25.09,24.05,24.19,24.7,-0.51,-2.0648,436402.72,1067744.795,24.4669601280212
300078.SZ,20260604,3.31,3.34,3.22,3.24,3.31,-0.07,-2.1148,176328.0,57466.576,3.2590726373576517
300079.SZ,20260604,5.1,5.13,4.95,4.96,5.13,-0.17,-3.3138,289609.38,145212.763,5.014090462125226
300080.SZ,20260604,4.03,4.1,4.0,4.07,4.05,0.02,0.4938,193258.86,78448.763,4.0592582922200835
300081.SZ,20260604,4.36,4.4,4.24,4.3,4.38,-0.08,-1.8265,123222.5,53140.655,4.31257724847329
300082.SZ,20260604,9.4,9.45,9.0,9.2,9.49,-0.29,-3.0558,115457.8,106281.567,9.205230569091045
300083.SZ,20260604,9.78,9.79,9.57,9.71,9.87,-0.16,-1.6211,673357.88,651263.331,9.671875095602951
300084.SZ,20260604,11.87,11.9,11.58,11.71,11.92,-0.21,-1.7617,105659.92,123485.08,11.687031373864375
300085.SZ,20260604,34.95,34.95,32.01,33.18,35.13,-1.95,-5.5508,757228.86,2527855.795,33.38298272202673
300086.SZ,20260604,6.46,6.5,6.32,6.38,6.48,-0.1,-1.5432,101836.0,64907.618,6.373739934797125
300087.SZ,20260604,7.23,7.37,7.03,7.09,7.27,-0.18,-2.4759,128253.53,91593.0,7.14155781911032
300088.SZ,20260604,7.81,8.5,7.81,8.42,8.09,0.33,4.0791,4193629.1,3451386.863,8.23007180821022
300091.SZ,20260604,2.98,3.0,2.94,2.94,3.0,-0.06,-2.0,76451.0,22774.012,2.9789030882526064
300092.SZ,20260604,13.56,13.64,13.25,13.36,13.58,-0.22,-1.62,34944.0,46789.631,13.38988982371795
300093.SZ,20260604,22.52,23.53,22.52,23.1,22.98,0.12,0.5222,30991.0,71715.506,23.140752476525442
300094.SZ,20260604,2.91,3.03,2.88,2.9,2.92,-0.02,-0.6849,409675.0,120698.736,2.9462070177579793
300095.SZ,20260604,9.0,9.31,8.96,9.23,9.08,0.15,1.652,104534.76,95823.065,9.166622183855399
300096.SZ,20260604,8.93,8.99,8.68,8.72,8.99,-0.27,-3.0033,29558.0,25892.907,8.760033493470464
300097.SZ,20260604,9.41,9.76,9.11,9.2,9.35,-0.15,-1.6043,120362.0,113759.024,9.451406922450609
300098.SZ,20260604,5.25,5.31,5.11,5.16,5.3,-0.14,-2.6415,414419.48,215102.879,5.190462547754753
300099.SZ,20260604,7.19,7.31,7.16,7.24,7.26,-0.02,-0.2755,129448.67,93754.915,7.242632543076727
300100.SZ,20260604,29.01,32.12,28.88,30.76,29.25,1.51,5.1624,190181.7,589750.94,31.009867931562283
300101.SZ,20260604,16.72,16.86,16.55,16.75,16.85,-0.1,-0.5935,87384.0,145957.362,16.702984756934907
300102.SZ,20260604,24.24,24.83,24.12,24.59,24.56,0.03,0.1221,275946.39,678951.296,24.604463787332023
300103.SZ,20260604,8.52,8.63,8.33,8.43,8.52,-0.09,-1.0563,155599.5,131425.159,8.446374120739463
300105.SZ,20260604,6.0,6.08,5.87,5.94,6.05,-0.11,-1.8182,67486.82,40106.887,5.9429214474767065
300106.SZ,20260604,13.19,14.55,13.09,13.53,13.25,0.28,2.1132,179763.8,249755.527,13.893538465475253
300107.SZ,20260604,6.2,6.22,6.01,6.08,6.21,-0.13,-2.0934,79542.0,48388.808,6.083428628900455
300109.SZ,20260604,16.79,17.03,16.5,16.8,16.86,-0.06,-0.3559,56799.1,95389.893,16.794261352732704
300110.SZ,20260604,2.78,2.81,2.73,2.75,2.8,-0.05,-1.7857,143988.27,39699.606,2.7571416754989837
300111.SZ,20260604,3.33,3.33,3.23,3.27,3.33,-0.06,-1.8018,268816.53,87769.388,3.265029423599806
300112.SZ,20260604,6.91,6.99,6.77,6.84,6.92,-0.08,-1.1561,67045.0,45877.233,6.842752330524275
300113.SZ,20260604,21.01,21.13,20.76,21.04,21.25,-0.21,-0.9882,195357.17,409028.824,20.937487167734872
300115.SZ,20260604,32.57,34.1,32.04,33.23,32.85,0.38,1.1568,520019.04,1736975.865,33.4021589863325
300118.SZ,20260604,13.67,14.27,13.34,13.98,13.81,0.17,1.231,497574.51,686341.05,13.7937341283821
300119.SZ,20260604,16.0,16.2,15.66,15.82,16.0,-0.18,-1.125,22259.92,35358.852,15.884536871650932
300120.SZ,20260604,8.09,8.35,8.05,8.16,8.35,-0.19,-2.2754,337059.58,276271.14,8.196507572934138
300121.SZ,20260604,12.05,12.6,12.0,12.42,12.2,0.22,1.8033,178672.92,221801.6,12.41383417252038
300122.SZ,20260604,12.84,12.95,12.36,12.46,12.88,-0.42,-3.2609,223967.47,281889.885,12.586197674153306
300123.SZ,20260604,4.71,4.86,4.65,4.74,4.77,-0.03,-0.6289,376975.0,178394.144,4.732253969096094
300124.SZ,20260604,75.6,77.46,74.03,74.15,75.36,-1.21,-1.6056,368881.11,2788643.885,75.59736211485591
300125.SZ,20260604,9.52,9.95,9.32,9.59,9.68,-0.09,-0.9298,72432.52,69770.876,9.632534668129729
300126.SZ,20260604,6.84,6.86,6.61,6.68,6.83,-0.15,-2.1962,51245.0,34316.004,6.696458971606987
300127.SZ,20260604,27.5,27.93,26.61,27.67,27.78,-0.11,-0.396,51856.64,141065.557,27.202988276911118
300128.SZ,20260604,7.48,7.76,7.41,7.52,7.6,-0.08,-1.0526,429562.17,327110.055,7.614964208789615
300129.SZ,20260604,9.93,10.21,9.88,10.03,9.99,0.04,0.4004,232247.98,233450.219,10.051765315676803
300130.SZ,20260604,24.24,25.2,24.21,25.03,24.48,0.55,2.2467,265765.9,659849.954,24.828239966075408
300131.SZ,20260604,16.88,17.38,16.51,17.13,17.18,-0.05,-0.291,814539.64,1379755.956,16.939089127694263
300132.SZ,20260604,6.63,6.82,6.51,6.58,6.67,-0.09,-1.3493,171982.48,114200.833,6.640259693894402
300133.SZ,20260604,7.78,7.86,7.47,7.54,7.88,-0.34,-4.3147,920527.52,701759.026,7.623444283338753
300134.SZ,20260604,10.22,10.45,9.98,10.03,10.35,-0.32,-3.0918,117292.0,118714.951,10.121316969614295
300135.SZ,20260604,3.56,3.61,3.43,3.48,3.61,-0.13,-3.6011,196698.0,68636.402,3.489430599192671
300136.SZ,20260604,93.0,98.5,93.0,98.0,95.6,2.4,2.5105,679733.66,6580274.665,96.80666196521739
300137.SZ,20260604,18.1,19.0,18.1,18.9,18.6,0.3,1.6129,205773.0,385729.21,18.74537524359367
300138.SZ,20260604,10.26,10.35,9.82,9.86,10.27,-0.41,-3.9922,77442.21,77128.996,9.959555131497408
300139.SZ,20260604,43.33,43.66,42.29,42.96,43.47,-0.51,-1.1732,132250.3,566457.743,42.832246354072545
300140.SZ,20260604,6.06,6.15,5.89,5.94,6.1,-0.16,-2.623,165438.2,99341.434,6.004745820493694
300141.SZ,20260604,11.35,11.48,10.81,10.9,11.13,-0.23,-2.0665,64385.01,71070.114,11.038301306468695
300142.SZ,20260604,12.15,12.31,11.78,11.92,12.21,-0.29,-2.3751,513111.94,615025.823,11.986191999352032
300143.SZ,20260604,7.87,7.87,7.5,7.58,7.88,-0.3,-3.8071,89229.99,68143.24,7.636809104203643
300144.SZ,20260604,6.64,6.67,6.42,6.46,6.63,-0.17,-2.5641,246115.05,160419.886,6.51808518008143
300145.SZ,20260604,4.39,4.46,4.33,4.42,4.43,-0.01,-0.2257,404889.0,177746.065,4.389994912185809
300146.SZ,20260604,9.73,9.8,9.53,9.55,9.7,-0.15,-1.5464,111282.27,106917.627,9.60778630773797
300147.SZ,20260604,9.9,9.93,9.63,9.67,9.93,-0.26,-2.6183,69194.0,67585.158,9.767488221522097
300148.SZ,20260604,3.62,3.64,3.53,3.57,3.71,-0.14,-3.7736,298662.0,106668.701,3.571552490775525
300149.SZ,20260604,8.24,8.3,8.03,8.16,8.28,-0.12,-1.4493,92420.69,75348.545,8.152778885334008
300150.SZ,20260604,4.3,4.32,4.14,4.19,4.31,-0.12,-2.7842,88051.0,37022.703,4.2046885327821375
300151.SZ,20260604,24.48,25.88,24.18,25.25,24.68,0.57,2.3096,236146.26,597587.349,25.30581466757085
300152.SZ,20260604,1.88,1.91,1.8,1.83,1.92,-0.09,-4.6875,333738.73,61419.696,1.8403526614966146
300153.SZ,20260604,25.94,26.47,25.8,26.02,26.17,-0.15,-0.5732,75932.91,198152.256,26.095701587098397
300154.SZ,20260604,9.56,10.19,9.51,9.91,9.64,0.27,2.8008,143736.92,142658.79,9.924992827173423
300155.SZ,20260604,4.71,4.8,4.56,4.62,4.73,-0.11,-2.3256,123548.96,57504.565,4.654394905469054
300157.SZ,20260604,4.56,4.59,4.39,4.44,4.63,-0.19,-4.1037,276947.0,123073.0,4.443918872564065
300158.SZ,20260604,5.38,5.47,5.22,5.27,5.44,-0.17,-3.125,178507.91,94799.628,5.310668193919249
300159.SZ,20260604,4.14,4.22,4.1,4.13,4.16,-0.03,-0.7212,268308.0,111672.598,4.162104670751524
300160.SZ,20260604,4.85,4.88,4.7,4.74,4.87,-0.13,-2.6694,72105.0,34382.196,4.7683511545662585
300161.SZ,20260604,31.8,32.23,30.93,31.09,31.94,-0.85,-2.6612,50357.0,158245.148,31.424657545127786
300162.SZ,20260604,8.83,9.05,8.64,8.77,9.02,-0.25,-2.7716,439375.02,386956.111,8.806966563552018
300163.SZ,20260604,6.32,6.43,6.11,6.27,6.43,-0.16,-2.4883,360514.01,225664.561,6.259522646567882
300164.SZ,20260604,10.4,10.47,9.58,9.66,10.76,-1.1,-10.223,1052922.95,1032274.207,9.803891224899221
300165.SZ,20260604,6.09,6.15,5.84,5.91,6.1,-0.19,-3.1148,190588.98,112954.101,5.926580907248677
300166.SZ,20260604,16.01,17.08,15.77,17.08,16.36,0.72,4.401,1137701.12,1870686.305,16.44268667855403
300167.SZ,20260604,5.07,5.28,5.01,5.04,5.11,-0.07,-1.3699,60527.0,30959.983,5.115069803558743
300168.SZ,20260604,5.13,5.15,5.0,5.04,5.17,-0.13,-2.5145,184227.08,92989.843,5.04756645982773
300169.SZ,20260604,5.44,5.56,5.35,5.49,5.45,0.04,0.7339,92934.78,50446.204,5.428129705584928
300170.SZ,20260604,18.83,18.83,18.25,18.36,19.11,-0.75,-3.9246,551832.51,1018187.797,18.45102958866994
300171.SZ,20260604,11.33,11.37,11.06,11.17,11.35,-0.18,-1.5859,74795.32,83898.28,11.217049408973716
300172.SZ,20260604,4.76,4.77,4.61,4.66,4.78,-0.12,-2.5105,124109.05,58001.379,4.67342059261593
300173.SZ,20260604,3.86,3.92,3.77,3.84,3.9,-0.06,-1.5385,96764.0,37251.989,3.8497777065850936
300174.SZ,20260604,26.49,28.49,25.9,28.26,26.48,1.78,6.7221,742046.34,2055112.288,27.695201461407382
300175.SZ,20260604,6.26,6.26,5.65,5.79,6.27,-0.48,-7.6555,198884.96,117195.034,5.892604146638338
300176.SZ,20260604,5.79,5.85,5.65,5.69,5.81,-0.12,-2.0654,128622.84,73393.889,5.706131896947696
300177.SZ,20260604,7.11,7.23,7.03,7.1,7.18,-0.08,-1.1142,78340.0,55650.741,7.103745340822058
300179.SZ,20260604,49.5,51.88,48.71,51.38,51.3,0.08,0.1559,786081.29,3941049.81,50.135397701680446
300180.SZ,20260604,4.89,4.97,4.76,4.8,4.91,-0.11,-2.2403,267821.09,129934.768,4.851551011161966
300181.SZ,20260604,13.68,13.77,13.49,13.51,13.68,-0.17,-1.2427,58623.0,79631.753,13.583704859867288
300182.SZ,20260604,5.8,6.09,5.74,6.02,5.88,0.14,2.381,2101858.47,1259346.444,5.9915853611209124
300183.SZ,20260604,11.72,11.83,11.47,11.55,11.79,-0.24,-2.0356,60992.0,70793.783,11.607060434155299
300184.SZ,20260604,17.65,18.59,17.61,18.14,17.83,0.31,1.7386,1680064.27,3061236.854,18.220950880646964
300185.SZ,20260604,2.76,2.79,2.67,2.7,2.77,-0.07,-2.5271,967317.11,263339.739,2.7223723872722565
300187.SZ,20260604,5.66,5.79,5.39,5.48,5.7,-0.22,-3.8596,243698.0,134287.937,5.510424254610214
300188.SZ,20260604,10.73,10.92,10.52,10.59,10.82,-0.23,-2.1257,88846.15,94728.393,10.66207066935371
300189.SZ,20260604,5.1,5.34,5.1,5.23,5.13,0.1,1.9493,1070116.63,559098.684,5.22465185874179
300190.SZ,20260604,4.11,4.14,3.95,3.98,4.12,-0.14,-3.3981,234198.6,94340.289,4.028217461590292
300191.SZ,20260604,32.57,32.57,30.91,31.3,33.61,-2.31,-6.873,114492.73,358956.9,31.351938240969538
300192.SZ,20260604,16.22,16.89,16.22,16.6,16.41,0.19,1.1578,69963.0,116303.835,16.623620342180867
300193.SZ,20260604,7.69,7.8,7.48,7.55,7.69,-0.14,-1.8205,57044.4,43269.216,7.585182068704378
300194.SZ,20260604,3.8,3.82,3.71,3.72,3.79,-0.07,-1.847,80715.2,30251.155,3.747888254009158
300195.SZ,20260604,5.81,5.87,5.66,5.71,5.83,-0.12,-2.0583,73862.0,42371.572,5.736586065906692
300196.SZ,20260604,24.33,25.78,24.03,24.62,24.97,-0.35,-1.4017,390808.28,972772.465,24.89129618748098
300197.SZ,20260604,2.87,3.22,2.75,2.79,2.78,0.01,0.3597,6575238.36,1907996.666,2.901790872871109
300198.SZ,20260604,2.27,2.71,2.27,2.54,2.26,0.28,12.3894,535959.53,135386.207,2.5260527973072886
300199.SZ,20260604,22.23,23.31,21.82,22.86,22.34,0.52,2.3277,442463.63,1004455.304,22.70142076988339
300200.SZ,20260604,9.19,9.36,9.1,9.3,9.24,0.06,0.6494,90852.5,83952.942,9.240575878484357
300201.SZ,20260604,19.4,19.72,18.5,18.62,19.24,-0.62,-3.2225,554685.01,1050884.4,18.945606624559762
300203.SZ,20260604,12.58,12.81,12.38,12.49,12.67,-0.18,-1.4207,68188.24,85249.762,12.502120893573437
300204.SZ,20260604,24.71,25.42,24.21,24.53,24.96,-0.43,-1.7228,225319.6,557686.241,24.75089788016666
300205.SZ,20260604,5.95,5.97,5.8,5.81,5.97,-0.16,-2.6801,24390.0,14318.979,5.870840098400984
300206.SZ,20260604,13.16,13.31,12.86,12.96,13.25,-0.29,-2.1887,51088.0,66493.044,13.015393830253679
300207.SZ,20260604,21.69,21.77,21.09,21.23,21.78,-0.55,-2.5253,451590.64,964315.787,21.353759391470113
300209.SZ,20260604,26.45,27.76,25.9,25.91,26.45,-0.54,-2.0416,604100.5,1611753.194,26.680216189193683
300210.SZ,20260604,10.82,11.03,10.6,10.64,10.92,-0.28,-2.5641,149074.0,160119.901,10.740967640232368
300211.SZ,20260604,8.44,8.44,7.87,7.94,8.45,-0.51,-6.0355,80020.0,64834.537,8.102291552111971
300212.SZ,20260604,10.9,11.55,10.21,10.43,11.34,-0.91,-8.0247,524309.73,564709.941,10.770540935793811
300213.SZ,20260604,7.38,7.4,7.18,7.22,7.36,-0.14,-1.9022,88697.87,64498.767,7.271737979728262
300214.SZ,20260604,7.61,7.67,7.41,7.48,7.65,-0.17,-2.2222,78413.0,58945.395,7.5172987897414965
300215.SZ,20260604,7.6,7.8,7.31,7.37,7.56,-0.19,-2.5132,242397.04,181605.022,7.492047840188148
300217.SZ,20260604,5.14,5.3,5.13,5.19,5.23,-0.04,-0.7648,427232.69,222786.844,5.2146488135072255
300218.SZ,20260604,13.54,13.63,13.07,13.16,13.59,-0.43,-3.1641,35793.0,47414.47,13.246855530410976
300219.SZ,20260604,8.27,8.74,8.19,8.63,8.34,0.29,3.4772,529840.14,454085.91,8.570243658776022
300220.SZ,20260604,12.18,12.63,11.92,12.01,12.29,-0.28,-2.2783,46771.8,56796.616,12.143346204336801
300221.SZ,20260604,14.22,14.71,13.92,14.57,14.32,0.25,1.7458,514983.81,741879.425,14.405878604222531
300222.SZ,20260604,14.97,15.69,14.83,15.07,15.11,-0.04,-0.2647,625205.27,951030.922,15.211498809023155
300223.SZ,20260604,141.5,152.5,141.5,150.41,144.36,6.05,4.1909,390202.51,5814531.415,149.0131730572415
300224.SZ,20260604,12.16,12.21,11.91,12.09,12.26,-0.17,-1.3866,161933.6,195005.628,12.042320309064948
300225.SZ,20260604,8.7,8.9,7.12,7.68,8.83,-1.15,-13.0238,441213.17,356452.662,8.078921624211716
300226.SZ,20260604,21.23,21.33,20.78,20.96,21.38,-0.42,-1.9645,49911.12,104839.797,21.005298418468673
300227.SZ,20260604,10.98,11.2,10.57,10.85,11.29,-0.44,-3.8973,276624.84,300784.643,10.873377929472998
300228.SZ,20260604,8.28,8.34,7.82,7.87,8.35,-0.48,-5.7485,286827.0,229319.295,7.9950386469893004
300229.SZ,20260604,16.35,16.35,15.76,15.96,16.48,-0.52,-3.1553,227552.66,363820.011,15.988387523134204
300230.SZ,20260604,4.85,4.86,4.67,4.71,4.87,-0.16,-3.2854,127110.92,60193.628,4.735519812145172
300231.SZ,20260604,9.1,9.18,8.87,8.94,9.15,-0.21,-2.2951,96353.9,86498.789,8.977196460132907
300232.SZ,20260604,5.77,5.88,5.74,5.79,5.83,-0.04,-0.6861,195133.49,113156.596,5.798932617870976
300233.SZ,20260604,12.94,12.95,12.42,12.52,12.92,-0.4,-3.096,72776.4,91590.187,12.585149444050545
300234.SZ,20260604,8.5,8.65,8.22,8.51,8.49,0.02,0.2356,197424.12,167202.415,8.469198950969112
300235.SZ,20260604,13.59,14.27,13.3,13.82,13.6,0.22,1.6176,100755.32,138721.874,13.768193480999315
300236.SZ,20260604,91.38,94.88,91.0,93.9,92.38,1.52,1.6454,97671.05,913685.864,93.54725519997993
300237.SZ,20260604,2.25,2.28,2.24,2.24,2.26,-0.02,-0.885,168578.6,37995.31,2.2538631831086504
300238.SZ,20260604,11.57,11.64,11.22,11.3,11.55,-0.25,-2.1645,42841.0,48615.549,11.347902476599518
300239.SZ,20260604,4.98,5.02,4.85,4.92,5.0,-0.08,-1.6,120788.51,59287.084,4.908338053015142
300240.SZ,20260604,5.86,5.94,5.71,5.76,5.9,-0.14,-2.3729,73098.03,42273.626,5.783141625020537
300241.SZ,20260604,7.75,8.18,7.65,8.18,7.96,0.22,2.7638,956652.47,757613.226,7.919419535915692
300242.SZ,20260604,5.01,5.04,4.82,4.94,5.08,-0.14,-2.7559,275133.0,135528.268,4.925918301330629
300243.SZ,20260604,19.08,19.45,17.11,18.08,19.39,-1.31,-6.7561,408798.42,748086.031,18.29963117274279
300244.SZ,20260604,17.03,17.19,16.83,16.93,17.17,-0.24,-1.3978,165711.27,281709.234,17.000004525944433
300245.SZ,20260604,6.62,6.65,6.33,6.4,6.78,-0.38,-5.6047,129108.24,83749.742,6.486785196669089
300246.SZ,20260604,16.75,17.35,16.5,16.8,16.75,0.05,0.2985,96387.5,162644.327,16.87400617299961
300247.SZ,20260604,4.14,4.25,4.1,4.13,4.18,-0.05,-1.1962,149116.4,62031.443,4.159934319766304
300248.SZ,20260604,8.56,8.63,8.34,8.4,8.6,-0.2,-2.3256,62329.58,52608.503,8.440375019372823
300249.SZ,20260604,15.61,16.15,15.55,15.79,15.78,0.01,0.0634,292513.06,463942.697,15.860580618178211
300250.SZ,20260604,16.42,16.64,16.31,16.42,16.64,-0.22,-1.3221,35390.0,58173.212,16.437754167844023
300251.SZ,20260604,12.16,12.25,11.98,12.07,12.19,-0.12,-0.9844,323941.61,393293.131,12.140864861417464
300252.SZ,20260604,15.34,17.38,15.34,16.63,15.43,1.2,7.7771,1109841.61,1838349.91,16.564074489872475
300253.SZ,20260604,7.67,7.67,7.41,7.46,7.72,-0.26,-3.3679,534109.77,401718.134,7.52126541328761
300254.SZ,20260604,10.26,10.37,9.6,9.69,10.35,-0.66,-6.3768,144708.0,143021.216,9.883435331840671
300255.SZ,20260604,38.15,39.79,37.91,39.71,38.53,1.18,3.0625,150377.53,587415.264,39.06270198745783
300256.SZ,20260604,2.99,3.05,2.92,2.99,3.04,-0.05,-1.6447,368968.36,109785.061,2.9754600367359414
300257.SZ,20260604,29.17,30.15,28.42,28.73,29.39,-0.66,-2.2457,105263.89,306735.66,29.13968503349059
300258.SZ,20260604,12.31,12.79,12.23,12.45,12.51,-0.06,-0.4796,205524.6,256092.891,12.460449552024428
300259.SZ,20260604,5.46,5.48,5.29,5.35,5.57,-0.22,-3.9497,533411.81,286326.956,5.3678405808075365
300260.SZ,20260604,53.5,61.98,53.1,60.7,54.2,6.5,11.9926,358417.85,2130232.911,59.43434209540624
300261.SZ,20260604,5.03,5.08,4.88,4.91,5.08,-0.17,-3.3465,109325.53,54055.084,4.9444154535541704
300263.SZ,20260604,11.38,11.9,11.28,11.75,11.57,0.18,1.5557,501780.2,582533.093,11.609328008558329
300264.SZ,20260604,7.9,8.01,7.47,7.56,7.95,-0.39,-4.9057,228206.04,173393.064,7.598092670991531
300265.SZ,20260604,22.65,24.58,22.58,23.7,23.53,0.17,0.7225,625485.81,1483221.109,23.713105641837018
300266.SZ,20260604,2.28,2.33,2.18,2.21,2.33,-0.12,-5.1502,515864.53,115598.309,2.240865620282131
300267.SZ,20260604,3.56,3.59,3.46,3.49,3.61,-0.12,-3.3241,437820.0,153608.523,3.508485747567493
300268.SZ,20260604,12.65,12.79,12.15,12.29,12.66,-0.37,-2.9226,18945.78,23417.961,12.360515639894478
300269.SZ,20260604,5.22,5.33,5.18,5.25,5.28,-0.03,-0.5682,164162.0,86178.107,5.249577064119589
300270.SZ,20260604,12.83,13.08,12.28,12.51,13.02,-0.51,-3.9171,101842.22,128244.652,12.59248394231783
300271.SZ,20260604,5.57,5.63,5.41,5.5,5.6,-0.1,-1.7857,101190.77,55675.494,5.502032843509344
300272.SZ,20260604,6.17,6.19,5.82,5.86,6.18,-0.32,-5.178,130060.57,77287.721,5.942440587489353
300274.SZ,20260604,168.79,169.0,163.0,164.35,170.8,-6.45,-3.7763,678026.28,11200203.994,165.18834629831753
300275.SZ,20260604,9.39,9.46,9.18,9.26,9.4,-0.14,-1.4894,69755.0,64819.792,9.292494014765966
300276.SZ,20260604,7.47,8.02,7.36,7.67,7.6,0.07,0.9211,784896.24,606632.362,7.728822372750823
300277.SZ,20260604,15.1,15.9,14.97,15.52,15.18,0.34,2.2398,314004.29,486221.95,15.484563921085284
300278.SZ,20260604,4.43,4.5,4.38,4.41,4.44,-0.03,-0.6757,214844.63,95249.256,4.433401756422769
300279.SZ,20260604,7.17,7.74,7.1,7.56,7.16,0.4,5.5866,411571.6,310143.68,7.535594778648479
300281.SZ,20260604,7.44,8.06,7.38,7.94,7.53,0.41,5.4449,245065.38,191470.331,7.813030588000639
300283.SZ,20260604,16.55,17.8,16.47,17.54,17.26,0.28,1.6222,675568.08,1172023.393,17.348708852555614
300284.SZ,20260604,5.9,5.98,5.76,5.8,5.91,-0.11,-1.8613,89617.62,52451.348,5.852794126869247
300285.SZ,20260604,59.57,66.12,58.8,64.0,60.47,3.53,5.8376,1393084.63,8747206.635,62.790202738795564
300286.SZ,20260604,32.2,34.0,31.96,33.05,32.62,0.43,1.3182,129290.0,428353.073,33.1311836182226
300287.SZ,20260604,3.99,4.0,3.83,3.85,4.02,-0.17,-4.2289,271369.0,105651.273,3.8932697913173575
300288.SZ,20260604,10.04,10.06,9.7,9.81,10.05,-0.24,-2.3881,48326.0,47503.342,9.829769068410378
300289.SZ,20260604,5.83,5.84,5.65,5.7,5.79,-0.09,-1.5544,45565.0,26071.539,5.72183452211127
300290.SZ,20260604,10.38,10.45,10.16,10.22,10.26,-0.04,-0.3899,178041.08,182891.998,10.272460602912542
300291.SZ,20260604,6.23,6.29,6.0,6.07,6.3,-0.23,-3.6508,551791.0,337046.342,6.1082247082681675
300292.SZ,20260604,5.89,6.0,5.76,5.84,6.03,-0.19,-3.1509,1536780.56,900283.956,5.858246645181405
300293.SZ,20260604,17.01,17.91,17.01,17.58,17.22,0.36,2.0906,81169.0,142917.418,17.60738927423031
300294.SZ,20260604,16.75,16.85,15.99,16.31,16.77,-0.46,-2.743,82855.55,135470.745,16.350231819111695
300295.SZ,20260604,12.02,12.19,11.75,11.81,12.24,-0.43,-3.5131,30997.0,36978.221,11.9296128657612
300296.SZ,20260604,6.56,6.69,6.49,6.56,6.64,-0.08,-1.2048,926213.21,610603.005,6.592467030350388
300298.SZ,20260604,15.08,15.19,14.84,14.84,15.1,-0.26,-1.7219,33594.0,50270.859,14.964237363814965
300299.SZ,20260604,5.35,5.39,5.15,5.2,5.36,-0.16,-2.9851,147858.34,77396.883,5.234529415114494
300300.SZ,20260604,9.39,9.5,9.06,9.16,9.36,-0.2,-2.1368,329393.12,303263.992,9.2067494305892
300301.SZ,20260604,3.44,3.46,3.33,3.33,3.44,-0.11,-3.1977,89347.0,30279.25,3.388949824840229
300302.SZ,20260604,55.01,57.11,53.7,55.18,54.81,0.37,0.6751,847898.4,4689097.794,55.30259042828716
300303.SZ,20260604,8.72,9.04,8.62,8.99,8.86,0.13,1.4673,872040.23,779910.958,8.94352039240208
300304.SZ,20260604,14.7,15.46,14.53,15.4,14.76,0.64,4.336,565721.95,860717.141,15.214490811254539
300305.SZ,20260604,7.35,7.79,7.2,7.69,7.44,0.25,3.3602,490994.24,373604.484,7.609141891359052
300306.SZ,20260604,10.78,10.84,10.5,10.59,10.81,-0.22,-2.0352,21622.0,22974.135,10.625351493848855
300307.SZ,20260604,6.77,6.87,6.71,6.78,6.82,-0.04,-0.5865,106102.82,72002.347,6.7860917362988085
300308.SZ,20260604,1250.0,1290.0,1241.36,1280.0,1275.0,5.0,0.3922,217142.12,27594721.466,1270.8138552759824
300310.SZ,20260604,5.02,5.1,4.83,4.88,5.08,-0.2,-3.937,344304.48,169357.119,4.9188183377689425
300311.SZ,20260604,5.36,5.37,5.08,5.16,5.4,-0.24,-4.4444,139624.46,72780.546,5.212592836527355
300313.SZ,20260604,9.2,9.2,8.58,8.63,9.15,-0.52,-5.6831,44115.0,38739.001,8.781367108693187
300314.SZ,20260604,10.09,10.17,9.83,9.91,10.1,-0.19,-1.8812,29317.0,29159.257,9.94619401712317
300315.SZ,20260604,4.39,4.39,4.23,4.25,4.4,-0.15,-3.4091,490344.56,210572.858,4.294385523518401
300316.SZ,20260604,47.8,49.46,46.88,49.01,48.41,0.6,1.2394,254667.68,1236102.877,48.5378779513757
300317.SZ,20260604,5.61,5.77,5.47,5.56,5.71,-0.15,-2.627,1063010.5,593710.744,5.58518231005244
300318.SZ,20260604,4.86,4.88,4.72,4.77,4.88,-0.11,-2.2541,66472.04,31743.787,4.7755096729391795
300319.SZ,20260604,17.7,19.66,17.68,19.47,17.99,1.48,8.2268,1974492.75,3696471.199,18.721118115019667
300320.SZ,20260604,9.02,9.03,8.78,8.84,9.0,-0.16,-1.7778,93349.72,82720.688,8.861375052865718
300321.SZ,20260604,39.33,47.38,39.11,44.5,40.19,4.31,10.7241,65560.0,286476.999,43.69691870042709
300322.SZ,20260604,28.0,31.73,27.1,31.6,28.09,3.51,12.4956,545419.91,1583666.351,29.03572682192698
300323.SZ,20260604,16.22,18.66,16.2,18.02,16.56,1.46,8.8164,1857515.44,3283542.879,17.67706910150906
300324.SZ,20260604,4.31,4.34,4.16,4.18,4.35,-0.17,-3.908,493453.09,208221.209,4.21967585611836
300326.SZ,20260604,6.63,6.69,6.2,6.23,6.72,-0.49,-7.2917,174668.18,111141.768,6.3630231906006
300327.SZ,20260604,27.7,28.54,27.0,27.68,28.52,-0.84,-2.9453,207867.7,578143.891,27.81307009217882
300328.SZ,20260604,19.41,20.14,19.28,19.6,19.64,-0.04,-0.2037,439927.06,865614.411,19.676316592118702
300329.SZ,20260604,12.58,13.1,12.31,12.6,12.75,-0.15,-1.1765,37254.0,46780.039,12.557051323347828
300331.SZ,20260604,57.0,59.88,56.69,58.38,58.2,0.18,0.3093,196960.46,1146127.927,58.19076209509259
300332.SZ,20260604,5.0,5.0,4.81,4.83,5.02,-0.19,-3.7849,214347.66,104303.506,4.866090257295087
300333.SZ,20260604,9.99,10.63,9.92,10.39,10.09,0.3,2.9732,192014.98,200176.165,10.425028557667739
300334.SZ,20260604,7.27,7.74,7.12,7.51,7.27,0.24,3.3012,122639.0,91600.111,7.469084956661422
300335.SZ,20260604,5.94,6.02,5.77,5.82,6.0,-0.18,-3.0,150218.0,87970.659,5.856199589929303
300337.SZ,20260604,12.15,12.55,12.05,12.3,12.27,0.03,0.2445,210413.9,257725.539,12.248503497154893
300338.SZ,20260604,3.11,3.33,3.11,3.26,3.14,0.12,3.8217,98235.0,31902.811,3.247601262279228
300339.SZ,20260604,42.1,42.42,40.91,41.1,42.43,-1.33,-3.1346,266795.44,1104713.094,41.40674570749785
300340.SZ,20260604,9.42,9.66,9.33,9.5,9.57,-0.07,-0.7315,61835.8,58569.854,9.471835732698533
300341.SZ,20260604,14.0,14.15,13.7,13.79,14.1,-0.31,-2.1986,48457.34,67175.741,13.86286184920592
300342.SZ,20260604,49.1,49.97,48.59,49.04,49.64,-0.6,-1.2087,148869.53,730150.108,49.04630974518426
300343.SZ,20260604,6.64,6.67,6.41,6.56,6.68,-0.12,-1.7964,165687.38,107981.56,6.517186764616593
300345.SZ,20260604,5.85,5.96,5.74,5.87,5.9,-0.03,-0.5085,121296.0,70885.763,5.844031377786573
300346.SZ,20260604,50.0,53.24,49.81,52.59,50.82,1.77,3.4829,423026.54,2219885.353,52.47626669002848
300347.SZ,20260604,39.42,39.89,39.01,39.58,39.37,0.21,0.5334,126683.06,499341.035,39.41655932529574
300348.SZ,20260604,10.05,10.16,9.88,9.93,10.12,-0.19,-1.8775,134190.66,134239.459,10.003636542215382
300349.SZ,20260604,12.69,12.76,11.99,12.11,12.81,-0.7,-5.4645,146362.93,179519.027,12.26533433021599
300350.SZ,20260604,4.54,4.58,4.39,4.42,4.58,-0.16,-3.4934,132285.0,58822.124,4.446620856484106
300351.SZ,20260604,17.68,17.77,17.18,17.3,18.1,-0.8,-4.4199,153638.65,267149.141,17.388146862784854
300352.SZ,20260604,3.15,3.2,3.07,3.09,3.2,-0.11,-3.4375,279218.5,87019.414,3.116534685201733
300353.SZ,20260604,18.8,19.12,18.15,18.28,19.0,-0.72,-3.7895,212590.86,395006.89,18.580614895673314
300354.SZ,20260604,31.73,32.45,31.58,31.84,32.0,-0.16,-0.5,13328.26,42600.761,31.962732569742784
300355.SZ,20260604,3.2,3.22,3.06,3.09,3.21,-0.12,-3.7383,275741.4,86064.094,3.121188693464238
300357.SZ,20260604,22.46,22.56,21.82,22.0,22.46,-0.46,-2.0481,61873.48,136907.703,22.127041019835964
300358.SZ,20260604,8.24,8.24,7.98,8.06,8.23,-0.17,-2.0656,157149.25,127188.934,8.09351199576199
300359.SZ,20260604,4.04,4.1,3.96,4.0,4.09,-0.09,-2.2005,97561.0,39086.113,4.006325580918604
300360.SZ,20260604,13.97,13.99,13.35,13.35,13.96,-0.61,-4.3696,80717.93,108850.121,13.485246834253555
300363.SZ,20260604,14.1,14.21,13.86,13.98,14.17,-0.19,-1.3409,82958.31,116207.603,14.007952066525945
300364.SZ,20260604,24.5,24.5,23.63,23.9,24.88,-0.98,-3.9389,457435.24,1096510.711,23.97084035327055
300365.SZ,20260604,5.34,5.41,5.14,5.21,5.38,-0.17,-3.1599,139997.0,73039.325,5.2172064401380025
300366.SZ,20260604,5.41,5.44,5.24,5.25,5.47,-0.22,-4.0219,70926.1,37689.502,5.313911521992609
300368.SZ,20260604,9.68,9.83,9.46,9.52,9.77,-0.25,-2.5589,159725.43,153190.4,9.590858512636341
300369.SZ,20260604,6.36,6.4,6.18,6.23,6.4,-0.17,-2.6563,172847.84,108119.29,6.2551716006401925
300370.SZ,20260604,2.53,2.6,2.47,2.51,2.55,-0.04,-1.5686,321237.0,80932.453,2.5194001002375193
300371.SZ,20260604,11.15,11.22,10.96,11.12,11.15,-0.03,-0.2691,22504.6,24944.936,11.08437208392951
300373.SZ,20260604,104.0,108.96,103.0,105.5,105.82,-0.32,-0.3024,221875.09,2345383.642,105.70738887362253
300374.SZ,20260604,12.14,12.34,11.88,12.0,12.17,-0.17,-1.3969,32556.8,39297.3,12.07038160998624
300375.SZ,20260604,4.31,4.49,4.28,4.45,4.33,0.12,2.7714,169157.91,74539.187,4.406485454921972
300376.SZ,20260604,4.98,5.14,4.95,4.99,5.05,-0.06,-1.1881,254363.31,128065.677,5.034754304777682
300377.SZ,20260604,13.55,13.77,13.2,13.33,13.54,-0.21,-1.551,167422.99,224754.714,13.424363882164572
300378.SZ,20260604,36.08,36.75,35.11,36.02,37.85,-1.83,-4.8349,156263.38,561514.753,35.933867103092226
300380.SZ,20260604,31.61,32.1,30.49,30.78,31.95,-1.17,-3.662,33845.0,105198.649,31.082478652681345
300381.SZ,20260604,6.31,6.33,6.13,6.18,6.34,-0.16,-2.5237,74480.0,46228.718,6.2068633190118145
300382.SZ,20260604,14.47,16.72,14.4,16.45,14.6,1.85,12.6712,501662.38,789918.76,15.746023451070819
300383.SZ,20260604,13.21,13.44,13.0,13.44,13.33,0.11,0.8252,637399.23,842270.965,13.214182342203332
300384.SZ,20260604,12.71,12.72,12.2,12.32,12.71,-0.39,-3.0685,35589.58,43994.669,12.361671309411351
300385.SZ,20260604,14.42,14.87,14.37,14.39,14.49,-0.1,-0.6901,62568.0,91040.704,14.550681498529599
300386.SZ,20260604,10.71,10.82,10.58,10.68,10.76,-0.08,-0.7435,34850.04,37239.023,10.685503660827935
300387.SZ,20260604,7.76,7.84,7.52,7.52,7.82,-0.3,-3.8363,69447.0,53121.518,7.64921710081069
300388.SZ,20260604,7.57,7.65,7.34,7.39,7.64,-0.25,-3.2723,62940.27,46870.031,7.446747686338176
300389.SZ,20260604,13.61,13.82,13.56,13.72,13.85,-0.13,-0.9386,49710.0,68118.327,13.703143633071818
300390.SZ,20260604,80.69,80.95,78.51,78.73,81.38,-2.65,-3.2563,319195.18,2526621.246,79.15599621523106
300393.SZ,20260604,9.0,9.37,8.88,9.27,9.1,0.17,1.8681,280080.16,256769.001,9.167696883635028
300394.SZ,20260604,478.91,491.3,476.87,480.45,497.38,-16.93,-3.4038,352976.13,17054436.606,483.1611873018155
300395.SZ,20260604,118.4,123.38,118.0,122.08,118.99,3.09,2.5969,287826.98,3483190.07,121.01680217747483
300396.SZ,20260604,7.83,7.83,7.52,7.56,7.84,-0.28,-3.5714,37364.6,28637.865,7.66443772982984
300397.SZ,20260604,13.09,13.32,12.81,12.91,13.23,-0.32,-2.4187,156230.6,203892.414,13.05073487524211
300398.SZ,20260604,37.91,42.0,37.91,41.34,38.6,2.74,7.0984,791694.94,3223803.437,40.72027335427962
300399.SZ,20260604,19.57,19.74,18.81,19.02,19.58,-0.56,-2.8601,31773.0,60981.412,19.192840462027508
300400.SZ,20260604,27.83,28.84,27.63,28.11,28.08,0.03,0.1068,97116.0,273741.647,28.187080089789532
300401.SZ,20260604,11.72,11.8,11.27,11.37,11.76,-0.39,-3.3163,108416.19,124292.214,11.464359151525247
300402.SZ,20260604,16.27,16.33,15.88,16.2,16.51,-0.31,-1.8776,64671.85,103935.03,16.071139143228468
300403.SZ,20260604,10.29,10.64,10.24,10.47,10.38,0.09,0.8671,85516.0,89587.504,10.476110201599699
300404.SZ,20260604,9.26,9.32,9.01,9.07,9.28,-0.21,-2.2629,82018.44,74820.736,9.122428566063924
300405.SZ,20260604,6.24,6.34,6.06,6.12,6.27,-0.15,-2.3923,90706.9,55816.577,6.153509490457727
300406.SZ,20260604,11.8,11.93,11.67,11.69,11.78,-0.09,-0.764,29013.0,34157.637,11.773217867852344
300407.SZ,20260604,12.04,12.1,11.49,11.79,12.05,-0.26,-2.1577,65074.0,76440.155,11.746650736085071
300408.SZ,20260604,131.77,141.0,127.0,139.03,134.89,4.14,3.0692,740527.49,10011510.868,135.1943176073045
300409.SZ,20260604,21.77,21.85,21.31,21.42,21.75,-0.33,-1.5172,178696.14,385488.587,21.572295126240554
300410.SZ,20260604,11.93,12.8,11.65,12.15,12.13,0.02,0.1649,657778.29,791143.648,12.0275123096568
300411.SZ,20260604,9.35,9.84,9.15,9.46,9.15,0.31,3.388,242510.0,231221.181,9.534500886561379
300412.SZ,20260604,4.48,4.51,4.35,4.4,4.5,-0.1,-2.2222,73991.9,32613.246,4.407677867442247
300413.SZ,20260604,16.89,16.92,16.4,16.52,16.99,-0.47,-2.7663,193376.58,321276.002,16.614007859690144
300414.SZ,20260604,11.98,12.1,11.81,11.93,12.06,-0.13,-1.0779,38925.2,46442.738,11.931277938199418
300415.SZ,20260604,22.0,22.35,21.74,21.84,22.1,-0.26,-1.1765,61807.1,135973.042,21.999582895816175
300416.SZ,20260604,18.01,18.27,17.8,18.07,18.38,-0.31,-1.6866,223089.36,401643.628,18.003710620712706
300417.SZ,20260604,12.65,12.65,12.13,12.4,12.57,-0.17,-1.3524,40852.0,50469.798,12.354302849309704
300418.SZ,20260604,40.96,40.99,40.1,40.48,41.8,-1.32,-3.1579,437742.62,1773479.873,40.51421524822052
300419.SZ,20260604,7.24,7.45,7.12,7.19,7.28,-0.09,-1.2363,73016.1,53071.469,7.268461202392348
300420.SZ,20260604,5.64,5.77,5.51,5.66,5.69,-0.03,-0.5272,852683.18,480202.142,5.631659604215483
300421.SZ,20260604,21.56,22.58,21.33,21.87,21.81,0.06,0.2751,90395.24,199244.418,22.04147231646268
300422.SZ,20260604,5.32,5.42,5.15,5.21,5.35,-0.14,-2.6168,150067.7,78460.643,5.228349804788105
300423.SZ,20260604,6.41,6.45,6.26,6.31,6.47,-0.16,-2.473,84291.42,53430.813,6.338819894124455
300424.SZ,20260604,19.29,19.31,18.64,18.8,19.51,-0.71,-3.6392,126959.15,240007.416,18.90430236812392
300425.SZ,20260604,4.31,4.36,4.18,4.23,4.34,-0.11,-2.5346,79832.44,33887.682,4.244851090609282
300426.SZ,20260604,6.18,6.18,5.94,6.01,6.13,-0.12,-1.9576,70814.0,42617.501,6.018230999519868
300427.SZ,20260604,7.85,7.91,7.27,7.32,7.6,-0.28,-3.6842,706176.08,531008.821,7.519496001620446
300428.SZ,20260604,20.31,20.42,19.72,19.81,20.55,-0.74,-3.601,85637.5,171057.12,19.97455787476281
300429.SZ,20260604,13.05,14.26,13.05,13.69,13.26,0.43,3.2428,318193.28,435386.039,13.683068322498826
300430.SZ,20260604,5.62,5.78,5.41,5.46,5.73,-0.27,-4.712,183160.22,101976.575,5.567615882968474
300432.SZ,20260604,23.2,23.45,22.66,22.83,23.45,-0.62,-2.6439,273913.66,629031.673,22.964596690796654
300433.SZ,20260604,44.03,45.17,43.05,43.64,44.39,-0.75,-1.6896,1779391.17,7822104.61,43.95944377986321
300434.SZ,20260604,9.61,9.67,9.24,9.34,9.64,-0.3,-3.112,88955.0,83440.406,9.380069248496431
300435.SZ,20260604,18.05,18.27,17.9,18.2,18.16,0.04,0.2203,62578.0,113347.783,18.113040205823133
300436.SZ,20260604,97.0,97.7,94.85,95.54,97.94,-2.4,-2.4505,49792.91,476920.326,95.78076999315766
300437.SZ,20260604,12.32,12.32,11.89,11.99,12.32,-0.33,-2.6786,65784.92,78997.665,12.008476258692722
300438.SZ,20260604,80.86,81.2,75.75,77.23,81.56,-4.33,-5.309,271522.09,2109637.227,77.69670699720969
300439.SZ,20260604,8.93,9.1,8.75,8.81,9.01,-0.2,-2.2198,26745.0,23676.049,8.85251411478781
300440.SZ,20260604,16.72,17.98,16.5,17.96,16.8,1.16,6.9048,128876.07,222545.251,17.268159325466705
300441.SZ,20260604,6.16,6.21,6.08,6.14,6.18,-0.04,-0.6472,36162.37,22222.494,6.145198447999951
300442.SZ,20260604,79.7,82.4,79.1,81.78,81.37,0.41,0.5039,303612.01,2466679.366,81.24445953241441
300443.SZ,20260604,25.17,25.17,23.49,23.55,25.32,-1.77,-6.9905,117587.94,281076.957,23.90355311947807
300444.SZ,20260604,13.78,13.85,13.5,13.67,13.95,-0.28,-2.0072,339602.33,463515.797,13.648781414426692
300445.SZ,20260604,23.0,23.5,22.8,23.04,23.19,-0.15,-0.6468,38493.0,88893.253,23.093355415270306
300446.SZ,20260604,15.95,16.08,15.67,15.76,16.05,-0.29,-1.8069,69005.5,109184.678,15.822605154661584
300447.SZ,20260604,16.01,16.56,15.97,16.2,16.25,-0.05,-0.3077,62701.0,101440.96,16.178523468525224
300448.SZ,20260604,7.8,7.81,7.41,7.47,7.83,-0.36,-4.5977,235027.0,178389.504,7.590170661243175
300449.SZ,20260604,7.8,7.96,7.73,7.93,7.89,0.04,0.507,162381.51,127896.899,7.876321571341466
300450.SZ,20260604,47.38,48.14,46.35,46.88,47.7,-0.82,-1.7191,468142.79,2208229.045,47.1699894171178
300451.SZ,20260604,3.74,3.78,3.64,3.66,3.76,-0.1,-2.6596,238577.47,88085.495,3.6921128805666346
300452.SZ,20260604,12.55,12.55,12.17,12.25,12.52,-0.27,-2.1565,27306.65,33648.119,12.322316725046829
300453.SZ,20260604,9.05,9.05,8.76,8.89,9.08,-0.19,-2.0925,69969.34,62010.596,8.862538363231668
300454.SZ,20260604,115.98,116.04,106.15,111.52,117.56,-6.04,-5.1378,187042.37,2062239.455,110.25520340658645
300455.SZ,20260604,22.3,22.44,21.9,22.18,22.36,-0.18,-0.805,75171.77,166326.377,22.126175424630816
300456.SZ,20260604,44.52,45.72,44.3,44.92,45.79,-0.87,-1.9,354299.8,1591097.803,44.90823316863289
300457.SZ,20260604,24.89,25.57,24.19,24.68,25.08,-0.4,-1.5949,156177.52,388489.228,24.87484933811217
300458.SZ,20260604,32.61,33.6,32.5,33.0,33.29,-0.29,-0.8711,258826.64,857464.833,33.128924943738404
300459.SZ,20260604,3.8,3.83,3.7,3.73,3.82,-0.09,-2.356,696349.15,261490.39,3.7551620476595686
300460.SZ,20260604,9.66,9.83,9.32,9.47,9.84,-0.37,-3.7602,93844.0,89261.865,9.511728506883765
300461.SZ,20260604,48.18,49.3,47.15,47.4,48.92,-1.52,-3.1071,46146.0,220971.094,47.88521085251159
300462.SZ,20260604,12.52,12.71,12.16,12.18,12.64,-0.46,-3.6392,19531.0,24246.276,12.414252214428345
300463.SZ,20260604,9.2,9.27,8.95,9.01,9.24,-0.23,-2.4892,73231.64,66248.77,9.046468165945758
300464.SZ,20260604,8.7,9.15,8.67,8.99,8.84,0.15,1.6968,151964.0,135455.329,8.913645929299044
300465.SZ,20260604,13.64,13.82,13.29,13.48,13.7,-0.22,-1.6058,118321.89,160854.464,13.594649645978441
300466.SZ,20260604,8.03,8.1,7.9,7.95,8.04,-0.09,-1.1194,62094.0,49564.937,7.982242567719908
300467.SZ,20260604,33.88,34.04,32.65,32.97,34.05,-1.08,-3.1718,49826.0,164938.863,33.10297093886726
300468.SZ,20260604,23.5,24.12,23.31,23.63,23.5,0.13,0.5532,171155.81,405881.043,23.71412591836643
300469.SZ,20260604,51.08,55.0,50.0,52.43,50.68,1.75,3.453,95073.06,503690.905,52.979351353580086
300470.SZ,20260604,31.13,31.41,30.8,30.9,31.29,-0.39,-1.2464,13841.07,43060.103,31.11038597449475
300471.SZ,20260604,9.73,9.78,9.54,9.66,9.74,-0.08,-0.8214,52314.58,50328.707,9.62039779350231
300472.SZ,20260604,8.45,8.52,8.23,8.27,8.37,-0.1,-1.1947,33657.0,27970.979,8.3105977954066
300473.SZ,20260604,35.69,35.75,34.41,34.57,35.69,-1.12,-3.1381,61961.0,216490.944,34.939872500443826
300474.SZ,20260604,56.7,58.7,56.54,58.13,57.68,0.45,0.7802,93958.56,543712.453,57.86726116279347
300475.SZ,20260604,174.77,188.63,174.1,184.96,177.03,7.93,4.4795,370933.58,6821183.355,183.89231179878618
300476.SZ,20260604,346.0,373.3,344.7,366.72,353.44,13.28,3.7574,513439.38,18584166.791,361.9544490529729
300477.SZ,20260604,2.46,2.53,2.37,2.38,2.49,-0.11,-4.4177,318904.0,77576.838,2.4326078694528763
300478.SZ,20260604,43.0,43.96,42.06,42.34,43.29,-0.95,-2.1945,43028.5,185097.117,43.017329676842095
300479.SZ,20260604,14.6,14.73,14.35,14.47,14.64,-0.17,-1.1612,30657.0,44371.804,14.473628861271486
300480.SZ,20260604,33.5,35.85,32.96,35.25,33.26,1.99,5.9832,263677.58,916835.984,34.77110128210369
300481.SZ,20260604,13.61,14.09,13.4,13.81,13.68,0.13,0.9503,75655.63,104110.157,13.761058760597196
300482.SZ,20260604,16.6,16.77,16.0,16.07,16.72,-0.65,-3.8876,63491.12,103154.821,16.247125739788494
300483.SZ,20260604,19.01,19.2,18.3,18.99,19.68,-0.69,-3.5061,229205.19,431001.185,18.80416342230296
300484.SZ,20260604,14.82,14.96,14.45,14.48,15.02,-0.54,-3.5952,35531.36,51980.465,14.629461129548657
300485.SZ,20260604,8.74,9.05,8.7,8.84,8.7,0.14,1.6092,56336.0,50095.634,8.892295157625673
300486.SZ,20260604,28.0,28.55,27.21,27.79,28.25,-0.46,-1.6283,423839.9,1179958.306,27.83971744991446
300487.SZ,20260604,55.52,56.03,54.32,54.77,56.03,-1.26,-2.2488,36788.75,202053.902,54.92274187081649
300488.SZ,20260604,31.51,32.56,31.41,31.84,31.82,0.02,0.0629,43775.02,140444.362,32.08322052165825
300489.SZ,20260604,133.87,134.31,128.45,129.53,135.5,-5.97,-4.4059,84428.01,1101697.693,130.48959616601172
300490.SZ,20260604,15.31,15.5,14.98,15.06,15.5,-0.44,-2.8387,127294.31,192475.997,15.12054992874387
300491.SZ,20260604,31.86,33.99,31.38,31.85,32.44,-0.59,-1.8187,132185.0,425702.815,32.205077353708816
300492.SZ,20260604,41.2,41.6,39.57,39.7,41.3,-1.6,-3.8741,29199.86,118131.517,40.456192940651086
300493.SZ,20260604,14.55,15.04,14.37,14.95,14.74,0.21,1.4247,176165.1,259614.096,14.736976620227274
300494.SZ,20260604,9.1,9.1,8.83,8.93,9.1,-0.17,-1.8681,75099.4,67111.296,8.93632918505341
300496.SZ,20260604,62.44,63.0,60.8,61.21,63.19,-1.98,-3.1334,180310.55,1113935.598,61.77872553769039
300497.SZ,20260604,15.81,16.09,15.66,15.79,16.05,-0.26,-1.6199,213193.95,337199.722,15.816570873610624
300498.SZ,20260604,13.14,13.29,12.82,12.82,13.11,-0.29,-2.2121,479981.78,623892.862,12.998261350670434
300499.SZ,20260604,36.42,38.56,36.18,38.25,36.93,1.32,3.5743,282745.21,1065214.357,37.674001869032544
300500.SZ,20260604,10.74,10.88,10.44,10.51,10.83,-0.32,-2.9548,30673.0,32539.367,10.608472272030776
300501.SZ,20260604,13.07,13.14,12.58,12.6,13.17,-0.57,-4.328,53554.29,68340.69,12.761011302735971
300502.SZ,20260604,773.46,785.97,764.0,775.94,782.25,-6.31,-0.8066,254100.64,19660519.635,773.7296385794227
300503.SZ,20260604,73.04,77.38,73.0,75.09,74.98,0.11,0.1467,203405.95,1539721.992,75.69699863745382
300504.SZ,20260604,18.98,20.89,18.86,19.83,19.28,0.55,2.8527,230330.08,458375.572,19.90081243405117
300505.SZ,20260604,20.17,20.17,19.35,19.49,20.22,-0.73,-3.6103,116279.49,227764.895,19.587710180015407
300506.SZ,20260604,4.73,4.78,4.52,4.6,4.75,-0.15,-3.1579,103980.8,47988.301,4.615111732165938
300507.SZ,20260604,7.26,7.44,7.22,7.35,7.4,-0.05,-0.6757,107402.44,78885.806,7.344880246668511
300508.SZ,20260604,41.11,45.59,41.11,43.72,41.79,1.93,4.6183,44500.76,196260.744,44.102784761428794
300509.SZ,20260604,9.77,9.88,9.52,9.67,9.82,-0.15,-1.5275,58429.0,56484.56,9.667213198925191
300510.SZ,20260604,3.66,3.69,3.57,3.59,3.67,-0.08,-2.1798,169774.04,61324.536,3.6121268010115086
300511.SZ,20260604,6.09,6.2,6.0,6.03,6.14,-0.11,-1.7915,161258.3,97809.868,6.065416043701317
300512.SZ,20260604,7.76,7.85,7.55,7.64,7.77,-0.13,-1.6731,36160.0,27659.857,7.649296736725663
300513.SZ,20260604,7.88,7.9,7.62,7.71,7.9,-0.19,-2.4051,60974.8,47220.62,7.744284524098481
300514.SZ,20260604,10.71,10.79,10.42,10.53,10.71,-0.18,-1.6807,25910.0,27404.866,10.576945580856814
300515.SZ,20260604,15.31,15.39,15.06,15.26,15.3,-0.04,-0.2614,25968.0,39579.886,15.241792205791743
300516.SZ,20260604,41.66,43.36,41.54,42.22,39.54,2.68,6.7779,263790.23,1115419.886,42.28435169869635
300517.SZ,20260604,11.05,11.24,10.73,11.11,11.16,-0.05,-0.448,51498.0,56580.859,10.98700124276671
300518.SZ,20260604,28.9,29.7,28.6,28.89,29.2,-0.31,-1.0616,76259.69,222190.378,29.136019042301378
300519.SZ,20260604,13.5,13.58,13.1,13.25,13.53,-0.28,-2.0695,21347.0,28283.537,13.249420059024688
300520.SZ,20260604,34.03,34.5,33.2,33.46,35.29,-1.83,-5.1856,174667.71,587053.011,33.609704449666175
300521.SZ,20260604,23.61,24.47,23.38,23.54,23.98,-0.44,-1.8349,37443.6,88707.92,23.691076712709247
300522.SZ,20260604,11.81,11.81,11.34,11.56,11.72,-0.16,-1.3652,51567.0,59301.786,11.499948804467975
300523.SZ,20260604,20.87,21.29,20.56,21.11,20.95,0.16,0.7637,38677.26,80638.687,20.84912090463492
300525.SZ,20260604,8.75,8.86,8.59,8.64,8.86,-0.22,-2.4831,115548.98,100579.737,8.70451102207912
300527.SZ,20260604,7.69,7.84,7.65,7.7,7.68,0.02,0.2604,81312.74,63041.886,7.753014595252846
300528.SZ,20260604,16.01,16.86,15.84,16.06,16.1,-0.04,-0.2484,134084.0,218745.503,16.31406454163062
300529.SZ,20260604,17.73,17.86,17.19,17.25,17.73,-0.48,-2.7073,37201.9,64860.636,17.43476435343356
300530.SZ,20260604,19.61,19.62,19.13,19.46,19.75,-0.29,-1.4684,25051.0,48510.396,19.36465450481019
300531.SZ,20260604,15.61,15.88,15.48,15.69,15.69,0.0,0.0,82948.53,129915.086,15.662132409097545
300532.SZ,20260604,6.93,6.95,6.73,6.77,6.97,-0.2,-2.8694,65937.54,44896.295,6.808912646725977
300533.SZ,20260604,15.6,15.83,15.34,15.5,15.86,-0.36,-2.2699,56309.41,87393.689,15.520263664634381
300534.SZ,20260604,7.76,7.83,7.57,7.63,7.81,-0.18,-2.3047,52805.5,40378.659,7.646676766624688
300535.SZ,20260604,15.66,15.69,15.11,15.34,15.69,-0.35,-2.2307,22614.37,34656.863,15.325150778023
300536.SZ,20260604,10.5,10.8,9.79,9.84,10.6,-0.76,-7.1698,230076.88,231758.392,10.073084788006511
300537.SZ,20260604,24.81,26.15,24.58,25.34,25.28,0.06,0.2373,134455.0,342089.956,25.44270990294151
300538.SZ,20260604,17.11,17.77,17.1,17.44,17.27,0.17,0.9844,88155.0,153749.281,17.440789631898358
300539.SZ,20260604,23.15,24.1,22.72,23.43,23.15,0.28,1.2095,77060.6,180467.065,23.418850229559595
300540.SZ,20260604,25.93,27.89,25.89,26.98,26.3,0.68,2.5856,155649.73,419255.191,26.93581228827059
300541.SZ,20260604,10.74,10.81,10.47,10.56,10.78,-0.22,-2.0408,66018.68,69986.017,10.600941581988614
300542.SZ,20260604,12.79,12.91,12.49,12.59,12.8,-0.21,-1.6406,35631.07,45025.061,12.636460538513157
300543.SZ,20260604,8.56,8.71,8.5,8.59,8.64,-0.05,-0.5787,46367.1,39778.51,8.579037722868154
300545.SZ,20260604,33.02,34.49,32.75,34.18,33.5,0.68,2.0299,98321.91,333876.281,33.957464923128526
300546.SZ,20260604,16.89,16.92,16.61,16.8,16.9,-0.1,-0.5917,22203.3,37209.038,16.75833682380547
300547.SZ,20260604,34.41,35.86,34.39,35.17,34.9,0.27,0.7736,95290.0,335736.155,35.23309423863994
300548.SZ,20260604,238.42,240.0,227.13,230.0,244.9,-14.9,-6.0841,210774.63,4869312.332,231.0198495900574
300549.SZ,20260604,15.41,15.47,14.85,15.0,15.4,-0.4,-2.5974,23854.0,35886.854,15.044375786031692
300550.SZ,20260604,12.35,13.62,12.23,13.5,12.47,1.03,8.2598,170714.15,223224.17,13.07590319841677
300551.SZ,20260604,11.28,11.55,11.1,11.28,11.39,-0.11,-0.9658,71975.0,81608.184,11.338406946856548
300552.SZ,20260604,26.06,27.06,25.82,26.62,26.37,0.25,0.948,52030.55,138739.618,26.665030064068127
300553.SZ,20260604,63.18,71.0,62.89,70.03,63.5,6.53,10.2835,72124.69,489985.924,67.93594870217119
300554.SZ,20260604,29.02,29.66,28.68,29.21,29.8,-0.59,-1.9799,88838.0,259358.022,29.194491321281433
300555.SZ,20260604,13.35,13.35,12.67,12.72,13.22,-0.5,-3.7821,16029.0,20782.412,12.965507517624307
300556.SZ,20260604,18.39,18.63,17.84,17.99,18.57,-0.58,-3.1233,49491.75,89505.418,18.084916779059135
300557.SZ,20260604,37.84,38.7,37.36,37.75,38.84,-1.09,-2.8064,62901.85,238310.97,37.88616233067867
300558.SZ,20260604,47.95,48.8,47.66,48.08,47.8,0.28,0.5858,89507.49,432108.339,48.2762212413732
300559.SZ,20260604,11.73,12.18,11.51,11.62,11.6,0.02,0.1724,98813.89,116760.334,11.816186368131039
300560.SZ,20260604,18.34,18.53,17.6,17.99,18.67,-0.68,-3.6422,208094.18,374379.63,17.990874612639335
300561.SZ,20260604,19.35,19.35,15.48,16.49,19.3,-2.81,-14.5596,417444.67,705188.093,16.892971540396
300562.SZ,20260604,12.09,12.18,11.74,11.84,12.16,-0.32,-2.6316,46049.7,54806.948,11.901694907892995
300563.SZ,20260604,30.08,31.46,30.01,30.35,31.18,-0.83,-2.662,91987.78,280259.541,30.46704040471463
300564.SZ,20260604,13.82,13.98,13.35,13.45,13.88,-0.43,-3.098,31210.0,42382.613,13.579818327459147
300565.SZ,20260604,12.5,13.01,12.47,13.0,12.81,0.19,1.4832,166037.99,211965.028,12.766056009230178
300566.SZ,20260604,24.69,27.32,24.55,26.96,25.19,1.77,7.0266,368819.21,972668.833,26.37251007072001
300567.SZ,20260604,186.68,206.66,185.02,203.8,188.5,15.3,8.1167,126068.39,2499323.198,198.25137752611894
300568.SZ,20260604,15.47,15.88,14.92,15.58,15.71,-0.13,-0.8275,769398.67,1186123.902,15.416245806611544
300569.SZ,20260604,5.26,5.31,5.13,5.17,5.29,-0.12,-2.2684,174262.4,90492.042,5.192860995831574
300570.SZ,20260604,168.31,178.02,168.31,171.67,168.8,2.87,1.7002,206165.01,3566127.368,172.97442315745042
300571.SZ,20260604,44.5,46.79,43.88,45.88,45.37,0.51,1.1241,170312.0,774561.446,45.478970712574565
300572.SZ,20260604,28.34,28.66,27.35,27.61,28.33,-0.72,-2.5415,42065.87,116880.975,27.785227073634754
300573.SZ,20260604,37.51,37.75,36.5,36.69,37.81,-1.12,-2.9622,73973.71,273171.763,36.928222607734554
300575.SZ,20260604,5.99,6.0,5.7,5.74,5.99,-0.25,-4.1736,124351.4,72083.929,5.796792718055447
300576.SZ,20260604,40.27,42.08,40.1,41.4,41.06,0.34,0.8281,171390.24,710873.406,41.47688958251065
300577.SZ,20260604,16.66,16.66,16.06,16.22,16.75,-0.53,-3.1642,24856.66,40533.478,16.30688837518798
300578.SZ,20260604,18.94,19.02,18.18,18.47,19.1,-0.63,-3.2984,52870.0,98001.799,18.53637204463779
300579.SZ,20260604,22.88,22.95,22.21,22.4,23.01,-0.61,-2.651,27877.3,62686.058,22.486416546796136
300580.SZ,20260604,22.71,23.66,22.55,22.73,22.89,-0.16,-0.699,104120.76,240010.875,23.051202757259937
300581.SZ,20260604,10.78,10.81,10.47,10.58,10.79,-0.21,-1.9462,66402.82,70219.06,10.57471053187199
300582.SZ,20260604,14.28,14.89,14.27,14.35,14.42,-0.07,-0.4854,71935.0,104762.562,14.563503440606102
300583.SZ,20260604,12.66,12.66,12.16,12.29,12.6,-0.31,-2.4603,30429.53,37530.124,12.333455035289735
300584.SZ,20260604,32.93,32.93,32.04,32.21,32.94,-0.73,-2.2162,20774.0,67183.152,32.340017329354
300585.SZ,20260604,18.22,18.61,17.9,18.24,18.22,0.02,0.1098,47066.0,85943.367,18.260180809926485
300586.SZ,20260604,11.35,12.34,11.29,11.75,11.46,0.29,2.5305,522235.24,620395.303,11.879613926474972
300587.SZ,20260604,4.87,5.0,4.73,4.78,4.93,-0.15,-3.0426,266858.01,128619.2,4.819761640282036
300588.SZ,20260604,19.58,19.65,18.34,18.57,19.68,-1.11,-5.6402,40495.05,75812.323,18.721380267464788
300589.SZ,20260604,13.29,13.52,13.21,13.44,13.41,0.03,0.2237,83797.87,112225.12,13.392359495533716
300590.SZ,20260604,14.0,14.55,13.9,14.35,14.08,0.27,1.9176,207082.3,296773.424,14.331182529844416
300591.SZ,20260604,7.42,7.56,7.24,7.45,7.43,0.02,0.2692,111890.0,82717.212,7.392726070247565
300592.SZ,20260604,11.49,11.6,11.26,11.32,11.6,-0.28,-2.4138,67357.6,76777.426,11.39848005273347
300593.SZ,20260604,34.91,37.74,34.56,35.93,35.35,0.58,1.6407,328768.84,1196867.535,36.40453076392519
300594.SZ,20260604,16.95,16.95,16.2,16.49,17.11,-0.62,-3.6236,26835.0,44211.815,16.475429476430037
300595.SZ,20260604,11.74,11.82,11.35,11.45,11.79,-0.34,-2.8838,93376.36,107448.887,11.507075987969547
300596.SZ,20260604,46.53,46.99,41.4,42.4,47.09,-4.69,-9.9597,124889.62,544979.505,43.63689352245607
300597.SZ,20260604,8.28,8.45,8.13,8.22,8.36,-0.14,-1.6746,59233.0,48702.428,8.222178177704995
300598.SZ,20260604,32.89,33.1,32.1,32.31,33.26,-0.95,-2.8563,40635.13,131991.954,32.48222757008529
300599.SZ,20260604,12.78,13.46,12.78,13.22,12.9,0.32,2.4806,170542.0,226240.558,13.265973074081456
300600.SZ,20260604,10.82,11.01,10.71,10.79,10.9,-0.11,-1.0092,31557.0,34204.702,10.839022087017142
300601.SZ,20260604,12.02,12.15,11.79,11.82,12.07,-0.25,-2.0713,112361.48,133773.505,11.905637501392828
300602.SZ,20260604,41.76,43.37,41.5,42.26,42.28,-0.02,-0.0473,315780.12,1339958.868,42.4332876939815
300603.SZ,20260604,8.92,9.04,8.61,9.02,8.91,0.11,1.2346,209380.0,184976.173,8.834471917088548
300604.SZ,20260604,214.0,227.86,211.0,223.35,214.15,9.2,4.2961,273088.77,6090663.867,223.02871945265267
300605.SZ,20260604,10.83,10.97,10.41,10.56,10.86,-0.3,-2.7624,50168.0,53166.277,10.597647305055016
300606.SZ,20260604,33.14,35.85,32.6,34.16,33.59,0.57,1.6969,86032.0,294898.322,34.277748047238234
300607.SZ,20260604,30.75,32.23,30.63,31.13,31.13,0.0,0.0,171151.02,538866.239,31.484839471012208
300608.SZ,20260604,11.8,11.84,11.47,11.64,11.95,-0.31,-2.5941,196659.45,228286.881,11.608233471618068
300609.SZ,20260604,35.96,36.85,35.56,36.52,36.32,0.2,0.5507,27012.0,97456.512,36.07896934695691
300610.SZ,20260604,10.66,10.77,10.52,10.6,10.77,-0.17,-1.5785,37706.8,40122.533,10.640662426936256
300611.SZ,20260604,26.07,26.46,25.81,26.01,26.13,-0.12,-0.4592,35632.08,92828.539,26.05195627086603
300612.SZ,20260604,12.75,12.81,12.3,12.42,12.91,-0.49,-3.7955,66677.83,83310.11,12.494424308649517
300613.SZ,20260604,59.08,60.49,58.4,59.38,59.66,-0.28,-0.4693,87469.64,520663.73,59.52507978768405
300614.SZ,20260604,11.56,11.67,11.11,11.22,11.63,-0.41,-3.5254,35867.99,40602.224,11.319905018374323
300615.SZ,20260604,11.68,11.94,11.33,11.42,11.7,-0.28,-2.3932,60153.3,69782.318,11.600746426214354
300616.SZ,20260604,14.06,14.14,13.4,13.53,14.15,-0.62,-4.3816,59716.0,81608.535,13.666108748074219
300617.SZ,20260604,62.02,63.0,59.85,60.8,62.85,-2.05,-3.2617,85080.8,520538.854,61.181706565993736
300618.SZ,20260604,38.0,38.15,36.45,37.05,38.49,-1.44,-3.7412,76692.72,284817.912,37.13754212916167
300619.SZ,20260604,40.0,41.33,39.31,40.5,40.46,0.04,0.0989,54283.1,219727.604,40.478086918396336
300620.SZ,20260604,329.39,335.39,318.0,319.26,337.06,-17.8,-5.281,180769.57,5851632.35,323.7067140227196
300621.SZ,20260604,7.51,7.6,7.22,7.26,7.57,-0.31,-4.0951,55712.5,40775.93,7.3189912497195415
300622.SZ,20260604,16.4,16.47,15.74,15.9,16.47,-0.57,-3.4608,71224.48,114186.661,16.031940282329895
300623.SZ,20260604,32.49,33.8,32.19,32.43,33.07,-0.64,-1.9353,279101.67,917294.804,32.86597332076157
300624.SZ,20260604,57.01,57.26,55.57,56.32,58.02,-1.7,-2.93,83363.17,468506.52,56.20066031558061
300625.SZ,20260604,10.68,10.81,10.18,10.3,10.8,-0.5,-4.6296,37440.52,38899.408,10.389654844537418
300626.SZ,20260604,34.0,34.4,32.89,33.58,34.55,-0.97,-2.8075,77842.38,261356.649,33.57511024200442
300627.SZ,20260604,29.1,29.44,28.55,29.0,29.23,-0.23,-0.7869,79481.09,231278.63,29.09857300648494
300628.SZ,20260604,38.75,39.9,38.49,38.77,39.28,-0.51,-1.2984,131882.6,514526.93,39.014011704349166
300629.SZ,20260604,22.22,22.27,21.83,22.06,22.35,-0.29,-1.2975,64350.99,141715.357,22.022249696547014
300631.SZ,20260604,23.9,24.07,23.51,23.73,24.09,-0.36,-1.4944,20199.68,47878.101,23.702405681674165
300632.SZ,20260604,28.34,30.46,28.21,28.73,28.3,0.43,1.5194,442449.34,1292099.855,29.20334009312795
300633.SZ,20260604,19.9,19.96,19.33,19.5,19.91,-0.41,-2.0593,32374.3,63350.191,19.568049656672112
300634.SZ,20260604,24.3,24.64,23.73,24.38,24.58,-0.2,-0.8137,191236.91,462072.127,24.162287865872752
300635.SZ,20260604,13.64,14.09,13.36,14.0,13.71,0.29,2.1152,48201.0,66190.966,13.732280658077634
300636.SZ,20260604,6.68,6.7,6.49,6.52,6.69,-0.17,-2.5411,44286.5,29060.023,6.561824257956714
300637.SZ,20260604,9.7,9.84,9.54,9.84,9.79,0.05,0.5107,55228.0,53729.647,9.728696856666907
300638.SZ,20260604,22.61,22.98,22.16,22.36,23.02,-0.66,-2.8671,130905.61,295010.793,22.53614592988032
300639.SZ,20260604,5.53,5.54,5.33,5.38,5.54,-0.16,-2.8881,121827.11,65879.455,5.407618632667228
300640.SZ,20260604,6.33,6.61,6.21,6.41,6.37,0.04,0.6279,139463.8,88938.606,6.377182179174811
300641.SZ,20260604,15.61,15.81,15.11,15.13,15.59,-0.46,-2.9506,68534.81,104660.039,15.271077427660485
300642.SZ,20260604,13.4,13.49,13.02,13.07,13.46,-0.39,-2.8975,27192.6,35788.563,13.161140530879727
300643.SZ,20260604,17.75,18.2,17.61,17.9,17.83,0.07,0.3926,46721.0,83599.205,17.893282463988356
300644.SZ,20260604,24.34,24.46,23.98,24.36,24.49,-0.13,-0.5308,18488.0,44817.296,24.2412894850714
300645.SZ,20260604,13.82,13.92,13.41,13.53,13.88,-0.35,-2.5216,34091.89,46367.36,13.600700929165265
300647.SZ,20260604,6.42,6.79,6.41,6.68,6.56,0.12,1.8293,221238.08,146538.797,6.6235793132900085
300648.SZ,20260604,49.04,49.2,47.4,48.49,48.6,-0.11,-0.2263,20795.88,100555.258,48.35345174140262
300649.SZ,20260604,25.74,27.7,25.5,27.42,25.92,1.5,5.787,97525.0,262585.376,26.924929607792873
300650.SZ,20260604,13.42,13.96,13.23,13.58,13.54,0.04,0.2954,67797.54,92820.998,13.690909434177112
300651.SZ,20260604,24.1,24.84,23.71,24.13,24.47,-0.34,-1.3895,100950.52,244665.501,24.236180358456796
300652.SZ,20260604,41.5,43.0,40.9,42.19,41.93,0.26,0.6201,24422.1,102642.951,42.028716203766265
300653.SZ,20260604,15.78,15.78,14.91,15.07,15.75,-0.68,-4.3175,29401.15,44471.741,15.12585085957522
300654.SZ,20260604,9.69,10.14,9.5,9.79,9.85,-0.06,-0.6091,146679.52,144862.39,9.876115629503015
300655.SZ,20260604,14.37,15.04,14.25,14.83,14.56,0.27,1.8544,393789.67,582427.081,14.790308770669379
300656.SZ,20260604,29.78,32.1,29.58,31.17,30.26,0.91,3.0073,68576.38,214163.305,31.229893587267217
300657.SZ,20260604,39.6,46.2,39.2,45.17,40.59,4.58,11.2836,1075047.36,4524585.154,42.087310032555216
300658.SZ,20260604,11.78,12.59,11.78,12.08,11.87,0.21,1.7692,188472.66,228697.459,12.134251142844803
300659.SZ,20260604,10.96,11.08,10.69,10.77,11.08,-0.31,-2.7978,43139.1,46743.365,10.835498422544745
300660.SZ,20260604,31.51,33.06,31.32,32.43,31.99,0.44,1.3754,84881.71,275794.662,32.49164772952854
300661.SZ,20260604,107.41,115.05,105.88,113.25,109.2,4.05,3.7088,200516.5,2249131.839,112.16692087683558
300662.SZ,20260604,21.1,21.26,20.59,20.77,21.28,-0.51,-2.3966,26502.0,55332.594,20.878648403894044
300663.SZ,20260604,7.82,7.84,7.51,7.55,7.85,-0.3,-3.8217,174491.75,133439.083,7.647300402454558
300664.SZ,20260604,4.93,4.98,4.86,4.92,4.99,-0.07,-1.4028,82596.8,40628.575,4.918904243263661
300665.SZ,20260604,9.81,10.28,9.75,10.08,9.91,0.17,1.7154,210551.57,211896.286,10.063866348752468
300666.SZ,20260604,205.0,213.46,205.0,210.53,208.0,2.53,1.2163,133710.89,2811072.406,210.23511293657532
300667.SZ,20260604,19.51,20.32,19.31,19.5,19.88,-0.38,-1.9115,189979.27,373895.831,19.680875234440055
300668.SZ,20260604,61.7,62.99,57.65,58.39,62.11,-3.72,-5.9894,55620.0,331301.657,59.565202624955056
300669.SZ,20260604,28.47,28.61,27.85,28.28,28.47,-0.19,-0.6674,13864.0,39075.642,28.184969705712636
300670.SZ,20260604,6.77,6.8,6.51,6.69,6.74,-0.05,-0.7418,90905.7,60492.007,6.654368977962878
300671.SZ,20260604,43.77,45.15,43.01,44.28,44.28,0.0,0.0,71692.33,318019.479,44.35892640119243
300672.SZ,20260604,299.97,321.99,295.66,317.56,303.89,13.67,4.4983,112332.53,3532453.976,314.4640271166331
300673.SZ,20260604,15.6,15.81,13.7,13.86,15.72,-1.86,-11.8321,93474.5,135161.471,14.459715858335695
300674.SZ,20260604,16.57,16.76,16.1,16.24,16.69,-0.45,-2.6962,84810.38,138748.542,16.359853829212884
300675.SZ,20260604,14.04,14.28,13.71,13.84,14.1,-0.26,-1.844,28128.0,39067.457,13.889169866325371
300676.SZ,20260604,35.28,35.55,34.42,34.61,35.41,-0.8,-2.2592,47843.13,166749.591,34.85340340399969
300677.SZ,20260604,45.98,48.0,45.98,46.68,46.27,0.41,0.8861,121933.45,568697.423,46.6399845981558
300678.SZ,20260604,24.0,24.19,23.24,23.34,24.1,-0.76,-3.1535,51188.86,120517.082,23.543615153765877
300679.SZ,20260604,58.9,59.77,57.16,58.01,60.0,-1.99,-3.3167,215528.5,1256221.794,58.285646399432096
300680.SZ,20260604,33.15,34.65,33.15,34.01,33.68,0.33,0.9798,52523.87,178876.641,34.05625689805416
300681.SZ,20260604,34.3,34.9,31.9,32.35,34.18,-1.83,-5.354,246158.73,803229.982,32.63057060783503
300682.SZ,20260604,12.62,14.14,12.55,13.4,12.7,0.7,5.5118,349092.06,471305.799,13.500902856398396
300683.SZ,20260604,26.55,26.73,25.9,26.19,26.68,-0.49,-1.8366,35854.82,93768.977,26.15240489284286
300684.SZ,20260604,54.7,58.88,54.41,56.12,54.9,1.22,2.2222,199839.21,1134689.788,56.780137791777705
300686.SZ,20260604,18.52,20.48,18.3,19.7,18.48,1.22,6.6017,379519.1,751051.665,19.78956171112337
300687.SZ,20260604,25.18,25.75,24.6,25.44,25.44,0.0,0.0,192875.95,486024.644,25.198820485394883
300688.SZ,20260604,24.23,24.23,23.51,23.88,24.24,-0.36,-1.4851,34464.0,82146.174,23.835356894150415
300689.SZ,20260604,50.7,52.46,50.65,51.1,51.1,0.0,0.0,17283.3,89133.447,51.57200708198087
300690.SZ,20260604,24.67,24.74,24.09,24.26,24.68,-0.42,-1.7018,28690.34,69794.581,24.32685740217788
300691.SZ,20260604,15.72,16.16,15.45,15.55,15.74,-0.19,-1.2071,62977.0,99082.66,15.733150197691222
300692.SZ,20260604,8.01,8.04,7.75,7.84,8.05,-0.21,-2.6087,95573.2,75481.566,7.897775317766906
300693.SZ,20260604,50.51,50.78,48.36,49.69,50.58,-0.89,-1.7596,180455.23,891653.878,49.411362474781136
300694.SZ,20260604,10.37,10.53,10.15,10.22,10.45,-0.23,-2.201,37788.0,38816.654,10.272217105959564
300695.SZ,20260604,61.29,62.3,60.01,60.21,61.3,-1.09,-1.7781,8633.9,52581.004,60.9006404985001
300696.SZ,20260604,29.16,30.98,29.16,30.33,29.74,0.59,1.9839,68775.96,208047.629,30.250050889874885
300697.SZ,20260604,17.05,17.09,16.29,16.54,17.42,-0.88,-5.0517,174253.8,288303.536,16.545035804097243
300698.SZ,20260604,34.1,36.0,33.9,35.45,34.53,0.92,2.6643,39641.5,138458.285,34.927609954214645
300699.SZ,20260604,29.2,29.72,28.91,29.2,29.5,-0.3,-1.0169,127701.75,373477.295,29.24605927483374
300700.SZ,20260604,20.18,20.29,19.73,20.01,20.34,-0.33,-1.6224,111384.77,222591.002,19.98397105816172
300701.SZ,20260604,10.63,10.73,10.4,10.47,10.69,-0.22,-2.058,44194.87,46509.354,10.523699696367474
300702.SZ,20260604,18.51,18.63,17.98,18.09,18.52,-0.43,-2.3218,21989.85,40081.839,18.227427199366982
300703.SZ,20260604,16.02,16.47,15.9,16.3,16.16,0.14,0.8663,60699.25,98375.557,16.20704654505616
300705.SZ,20260604,11.48,11.55,11.2,11.28,11.52,-0.24,-2.0833,42381.0,48119.58,11.35404544489276
300706.SZ,20260604,50.31,53.15,49.6,52.74,51.13,1.61,3.1488,160319.0,833412.956,51.98466532351125
300707.SZ,20260604,12.59,12.7,12.31,12.41,12.59,-0.18,-1.4297,40834.0,50877.916,12.459694372336777
300708.SZ,20260604,8.78,9.04,8.73,8.83,8.91,-0.08,-0.8979,267092.95,237244.177,8.8824574740741
300709.SZ,20260604,45.25,49.65,45.02,48.48,46.63,1.85,3.9674,171038.05,816374.309,47.73056691186552
300710.SZ,20260604,37.29,40.38,36.5,38.87,37.66,1.21,3.213,112536.8,441009.114,39.18799130595503
300711.SZ,20260604,18.79,18.79,18.2,18.47,18.81,-0.34,-1.8075,36168.0,66815.819,18.473738940499892
300712.SZ,20260604,22.54,22.6,21.91,22.09,22.66,-0.57,-2.5154,21668.38,47911.592,22.111293968446187
300713.SZ,20260604,14.99,15.38,14.5,14.63,15.15,-0.52,-3.4323,36926.6,54394.126,14.730336938683768
300715.SZ,20260604,24.97,28.16,24.5,27.05,25.67,1.38,5.3759,300789.1,779450.418,25.9135194061221
300716.SZ,20260604,17.0,17.4,16.03,17.05,14.5,2.55,17.5862,152398.03,260189.337,17.073011836176622
300717.SZ,20260604,17.99,18.19,17.39,17.6,18.15,-0.55,-3.0303,21208.0,37445.681,17.656394285175402
300718.SZ,20260604,71.63,75.91,70.89,73.8,72.94,0.86,1.1791,102324.73,758055.808,74.08334309799791
300719.SZ,20260604,12.3,12.47,12.1,12.32,12.4,-0.08,-0.6452,33950.1,41562.166,12.24213360196288
300720.SZ,20260604,73.15,78.89,72.4,76.63,72.4,4.23,5.8425,141530.74,1081100.088,76.3862386362143
300721.SZ,20260604,31.01,33.6,30.31,31.58,32.72,-1.14,-3.4841,243616.3,775531.762,31.834149110712215
300722.SZ,20260604,23.46,23.46,22.64,22.91,23.52,-0.61,-2.5935,22046.83,50573.07,22.938930449411544
300723.SZ,20260604,38.9,39.9,38.5,38.97,39.29,-0.32,-0.8145,110330.76,431954.128,39.1508340919613
300724.SZ,20260604,74.32,77.6,72.92,76.38,74.81,1.57,2.0986,150246.06,1134723.247,75.52432636170293
300725.SZ,20260604,34.44,34.75,33.33,33.58,34.5,-0.92,-2.6667,49931.0,169241.041,33.894983276922154
300726.SZ,20260604,67.99,79.92,67.03,79.92,66.6,13.32,20.0,268865.16,2058301.827,76.55517088937816
300727.SZ,20260604,31.6,32.57,31.18,31.9,32.05,-0.15,-0.468,41337.85,131776.965,31.878040343172177
300729.SZ,20260604,10.98,11.06,10.52,10.67,11.08,-0.41,-3.7004,49387.9,52903.937,10.711922758408436
300730.SZ,20260604,14.33,14.87,14.27,14.53,14.57,-0.04,-0.2745,94628.0,137252.64,14.504442659677899
300731.SZ,20260604,59.8,62.0,58.7,61.7,59.67,2.03,3.402,80461.3,486131.03,60.417993495009405
300732.SZ,20260604,6.8,6.87,6.64,6.67,6.85,-0.18,-2.6277,55464.76,37217.452,6.710107823417967
300733.SZ,20260604,12.63,12.63,11.96,12.21,12.66,-0.45,-3.5545,78064.1,95307.004,12.208813526320037
300735.SZ,20260604,21.44,22.11,21.35,21.5,21.8,-0.3,-1.3761,195964.34,425564.707,21.716436112815217
300736.SZ,20260604,30.75,30.95,29.65,30.1,30.68,-0.58,-1.8905,80094.0,241737.842,30.181766674157867
300737.SZ,20260604,8.09,9.37,8.01,8.49,8.15,0.34,4.1718,1255653.27,1087787.365,8.663118959583485
300738.SZ,20260604,20.81,21.07,20.44,20.9,21.25,-0.35,-1.6471,534478.29,1109030.028,20.74976755370176
300739.SZ,20260604,29.8,30.77,29.3,30.22,30.33,-0.11,-0.3627,240611.34,723586.983,30.072854546257048
300740.SZ,20260604,24.23,24.38,23.23,23.48,24.45,-0.97,-3.9673,117707.75,279162.596,23.716585866266243
300741.SZ,20260604,14.3,14.35,13.98,14.02,14.34,-0.32,-2.2315,15378.0,21672.474,14.093168162309793
300743.SZ,20260604,17.07,17.35,16.88,17.12,17.17,-0.05,-0.2912,24104.85,41245.92,17.111046117275155
300745.SZ,20260604,48.25,50.12,47.51,48.44,48.72,-0.28,-0.5747,87410.0,425071.656,48.62963688365176
300746.SZ,20260604,10.79,10.9,10.53,10.58,10.83,-0.25,-2.3084,28606.0,30519.415,10.668885898063342
300747.SZ,20260604,47.81,49.44,46.4,47.0,47.87,-0.87,-1.8174,687565.18,3253688.16,47.321886777337966
300748.SZ,20260604,30.92,31.24,30.09,30.81,31.19,-0.38,-1.2183,232190.95,710992.538,30.621027133055783
300749.SZ,20260604,22.59,23.22,22.1,22.96,22.77,0.19,0.8344,52547.4,119749.113,22.788779844483265
300750.SZ,20260604,426.42,426.9,407.18,408.2,426.42,-18.22,-4.2728,431154.62,17788218.035,412.57166709706144
300751.SZ,20260604,215.8,233.3,210.28,226.92,218.0,8.92,4.0917,150179.5,3329755.01,221.71834438122377
300752.SZ,20260604,14.38,15.07,14.15,14.27,14.7,-0.43,-2.9252,179526.75,258946.975,14.423865802728564
300753.SZ,20260604,22.13,22.2,21.53,21.75,22.1,-0.35,-1.5837,23128.03,50435.458,21.80707046817217
300755.SZ,20260604,15.49,15.66,14.69,14.8,15.63,-0.83,-5.3103,80939.64,121016.697,14.951474580316887
300756.SZ,20260604,34.99,35.55,34.32,34.88,35.29,-0.41,-1.1618,54166.84,188438.406,34.788517476744076
300757.SZ,20260604,679.67,691.0,666.36,685.64,687.65,-2.01,-0.2923,64519.22,4380402.112,678.92979983329
300758.SZ,20260604,11.82,11.88,11.37,11.54,12.01,-0.47,-3.9134,160966.0,186635.152,11.594694034765105
300759.SZ,20260604,23.36,23.48,22.81,22.98,23.49,-0.51,-2.1711,243559.47,561592.547,23.05771756688418
300760.SZ,20260604,143.33,143.78,141.88,142.59,144.59,-2.0,-1.3832,89145.08,1271483.396,142.6307986935454
300761.SZ,20260604,19.5,19.93,17.72,17.83,20.31,-2.48,-12.2107,260902.95,481304.888,18.447659867395135
300762.SZ,20260604,34.91,36.0,34.57,34.87,35.37,-0.5,-1.4136,243998.49,854900.259,35.03711268868918
300763.SZ,20260604,107.5,110.62,103.0,105.9,109.48,-3.58,-3.27,159139.11,1704396.0,107.10101369801555
300765.SZ,20260604,25.66,26.02,25.1,25.32,25.66,-0.34,-1.325,56505.11,143703.211,25.43189651343038
300766.SZ,20260604,24.58,24.65,23.86,24.05,24.78,-0.73,-2.9459,155381.37,375564.805,24.17051703173939
300767.SZ,20260604,20.68,20.94,19.18,19.36,20.09,-0.73,-3.6336,188053.44,372934.749,19.831317576535692
300768.SZ,20260604,15.82,15.95,15.34,15.46,15.97,-0.51,-3.1935,61244.28,95144.547,15.535254394369565
300769.SZ,20260604,62.89,63.4,61.69,61.82,64.08,-2.26,-3.5268,163769.58,1019065.829,62.225587254971295
300770.SZ,20260604,34.4,34.59,33.4,33.64,34.43,-0.79,-2.2945,20707.67,70367.146,33.98119923680453
300771.SZ,20260604,11.75,11.8,11.48,11.68,11.78,-0.1,-0.8489,41516.2,48181.063,11.605364411964487
300772.SZ,20260604,13.89,14.04,13.5,13.58,14.0,-0.42,-3.0,187704.87,257436.292,13.714950070288532
300773.SZ,20260604,23.71,24.2,23.49,23.75,23.87,-0.12,-0.5027,198918.38,474165.498,23.837188800753353
300774.SZ,20260604,13.58,14.05,13.28,13.37,13.76,-0.39,-2.8343,95024.49,128254.074,13.496949470604893
300775.SZ,20260604,23.95,24.05,23.48,23.85,24.02,-0.17,-0.7077,116645.56,277187.098,23.76319321541257
300776.SZ,20260604,148.01,165.3,147.01,164.3,150.8,13.5,8.9523,205613.59,3249674.714,158.04766183013487
300777.SZ,20260604,32.24,32.53,31.45,31.73,32.71,-0.98,-2.996,97320.65,309652.883,31.817798483672274
300778.SZ,20260604,11.48,11.5,10.98,11.1,11.55,-0.45,-3.8961,49562.45,55409.061,11.179645275808603
300779.SZ,20260604,82.56,87.19,82.11,82.47,81.85,0.62,0.7575,127181.36,1073587.613,84.41391199150566
300780.SZ,20260604,26.24,26.59,25.58,26.06,26.53,-0.47,-1.7716,49910.0,129452.043,25.937095371669002
300781.SZ,20260604,30.18,30.25,29.46,29.68,30.51,-0.83,-2.7204,37433.34,111490.096,29.783635657411285
300782.SZ,20260604,106.22,108.08,103.01,104.85,104.55,0.3,0.2869,189689.6,2004623.609,105.67915209900805
300783.SZ,20260604,17.33,17.95,16.74,17.74,17.28,0.46,2.662,103730.36,179700.591,17.32381831124465
300784.SZ,20260604,44.54,44.65,42.7,43.44,44.87,-1.43,-3.187,11692.0,50759.035,43.41347502565857
300785.SZ,20260604,43.33,43.43,40.86,41.38,44.09,-2.71,-6.1465,121035.89,503465.141,41.59635137974364
300786.SZ,20260604,17.4,17.88,17.38,17.6,17.83,-0.23,-1.29,62531.4,110257.656,17.632366459090953
300787.SZ,20260604,9.5,9.65,9.34,9.4,9.61,-0.21,-2.1852,48759.37,46107.859,9.456204827913075
300788.SZ,20260604,26.33,26.36,25.48,25.69,26.4,-0.71,-2.6894,30475.0,78674.494,25.81607678424939
300789.SZ,20260604,21.0,21.16,20.5,20.72,21.2,-0.48,-2.2642,16280.1,33780.797,20.74974785167167
300790.SZ,20260604,23.02,23.98,22.77,23.61,23.15,0.46,1.987,236327.14,555325.345,23.4981621239101
300791.SZ,20260604,18.21,18.22,17.14,17.22,18.14,-0.92,-5.0717,23822.44,41493.151,17.41767467983968
300792.SZ,20260604,33.33,34.25,32.5,32.9,33.59,-0.69,-2.0542,66406.53,220109.582,33.14577376652567
300793.SZ,20260604,13.26,13.45,12.95,13.02,13.39,-0.37,-2.7633,69019.8,90915.131,13.172326057160408
300795.SZ,20260604,9.72,9.74,9.41,9.5,9.81,-0.31,-3.16,63962.29,61130.706,9.55730415530776
300796.SZ,20260604,7.48,7.57,7.35,7.44,7.54,-0.1,-1.3263,35567.13,26351.923,7.409066461083591
300797.SZ,20260604,13.74,13.85,13.52,13.67,13.94,-0.27,-1.9369,25583.0,34938.131,13.65677637493648
300798.SZ,20260604,7.7,7.73,7.43,7.51,7.77,-0.26,-3.3462,163631.41,122958.153,7.514336825674239
300800.SZ,20260604,10.59,10.68,10.35,10.45,10.6,-0.15,-1.4151,32033.5,33510.872,10.46119593550502
300801.SZ,20260604,25.91,26.03,25.22,25.47,26.28,-0.81,-3.0822,45828.0,117126.512,25.557849349742515
300802.SZ,20260604,22.25,25.5,22.02,23.94,22.34,1.6,7.162,248452.51,603627.724,24.295497115323972
300803.SZ,20260604,88.57,89.6,87.02,87.51,88.95,-1.44,-1.6189,137231.26,1206548.529,87.92082277755084
300804.SZ,20260604,37.35,38.21,37.13,38.08,37.62,0.46,1.2228,12336.0,46416.808,37.62711413748379
300805.SZ,20260604,8.46,8.46,8.15,8.2,8.44,-0.24,-2.8436,62662.28,51711.308,8.252382134834544
300806.SZ,20260604,77.0,85.49,76.5,83.36,77.96,5.4,6.9266,214209.82,1769544.334,82.60799313495525
300807.SZ,20260604,42.95,43.6,40.43,41.9,43.38,-1.48,-3.4117,21398.0,90442.999,42.26703383493784
300808.SZ,20260604,22.86,24.26,22.84,23.8,23.1,0.7,3.0303,23598.0,55759.933,23.62909271972201
300809.SZ,20260604,35.35,39.3,35.12,37.75,36.67,1.08,2.9452,176080.9,668477.554,37.964228601739315
300810.SZ,20260604,26.69,26.76,26.1,26.27,26.69,-0.42,-1.5736,19075.06,50282.39,26.36027881432614
300811.SZ,20260604,85.96,90.5,85.5,88.49,88.13,0.36,0.4085,152270.76,1344418.555,88.29131443226527
300812.SZ,20260604,26.26,27.69,25.87,26.47,26.41,0.06,0.2272,120668.27,323851.98,26.83820527136089
300813.SZ,20260604,21.22,21.29,20.71,20.9,21.22,-0.32,-1.508,15298.2,32072.257,20.964725915467177
300814.SZ,20260604,148.41,158.5,147.38,154.64,150.0,4.64,3.0933,100294.05,1554970.67,155.04116844418985
300815.SZ,20260604,19.91,20.07,19.33,19.5,19.97,-0.47,-2.3535,41900.44,82032.854,19.578041185247695
300816.SZ,20260604,87.54,89.2,86.33,88.79,88.74,0.05,0.0563,19969.0,174931.875,87.6017201662577
300817.SZ,20260604,18.63,19.11,18.3,18.42,18.63,-0.21,-1.1272,27848.0,51978.605,18.66511239586326
300818.SZ,20260604,24.25,24.5,23.42,23.54,24.49,-0.95,-3.8791,43889.13,104562.768,23.824297269050447
300819.SZ,20260604,63.06,65.39,62.1,65.0,63.61,1.39,2.1852,50418.1,323181.595,64.10031218947164
300820.SZ,20260604,62.71,70.66,62.51,67.61,64.28,3.33,5.1805,102484.61,697724.789,68.08093322499838
300821.SZ,20260604,16.42,16.99,16.12,16.82,16.43,0.39,2.3737,850804.29,1418311.1,16.670239168634186
300822.SZ,20260604,13.9,14.15,13.7,13.91,14.04,-0.13,-0.9259,25988.0,36247.632,13.947834385100816
300823.SZ,20260604,16.65,16.71,15.98,16.26,16.66,-0.4,-2.401,29450.62,47863.114,16.251988582922873
300824.SZ,20260604,8.42,8.48,8.12,8.18,8.38,-0.2,-2.3866,30637.13,25219.656,8.231729277513919
300825.SZ,20260604,14.22,14.85,14.04,14.18,14.55,-0.37,-2.543,363427.2,522040.676,14.364380981940812
300826.SZ,20260604,18.92,19.49,18.51,19.19,18.82,0.37,1.966,90440.56,171971.583,19.014873746911785
300827.SZ,20260604,31.51,31.85,30.72,30.96,31.85,-0.89,-2.7943,168426.41,524802.169,31.159137631681396
300828.SZ,20260604,19.4,19.79,19.26,19.63,19.59,0.04,0.2042,30295.5,59253.341,19.55846280800779
300829.SZ,20260604,17.18,17.55,17.06,17.39,17.31,0.08,0.4622,36004.0,62354.528,17.31877791356516
300830.SZ,20260604,9.18,9.19,8.9,8.97,9.19,-0.22,-2.3939,113057.06,101688.671,8.994455631519164
300831.SZ,20260604,21.15,21.26,20.3,20.47,21.45,-0.98,-4.5688,230577.0,477099.32,20.691539919419544
300832.SZ,20260604,44.4,44.56,43.08,43.49,44.5,-1.01,-2.2697,45394.41,197665.345,43.54398371958133
300833.SZ,20260604,33.98,34.02,33.21,33.56,34.0,-0.44,-1.2941,6824.0,22934.654,33.60881301289566
300834.SZ,20260604,47.5,48.48,46.72,48.41,47.49,0.92,1.9372,29938.89,142729.186,47.673506265596345
300835.SZ,20260604,187.49,191.1,180.88,187.49,187.7,-0.21,-0.1119,46774.05,873389.217,186.72516427378
300836.SZ,20260604,69.01,69.97,67.1,68.9,69.28,-0.38,-0.5485,17723.2,121230.215,68.4019900469441
300837.SZ,20260604,28.86,28.86,27.68,27.94,28.48,-0.54,-1.8961,18267.2,51132.316,27.991326530612245
300838.SZ,20260604,16.78,16.83,16.1,16.22,16.79,-0.57,-3.3949,31865.33,52115.825,16.355024410542743
300839.SZ,20260604,15.82,16.03,15.3,15.56,16.05,-0.49,-3.053,74749.66,116782.852,15.62319507540235
300840.SZ,20260604,22.2,22.63,21.76,21.96,22.07,-0.11,-0.4984,71108.0,157050.175,22.086147128311865
300841.SZ,20260604,46.28,46.57,44.94,45.51,46.27,-0.76,-1.6425,18317.0,83469.733,45.569543593383194
300842.SZ,20260604,81.26,84.33,80.02,82.8,82.22,0.58,0.7054,49695.62,411473.315,82.79870841736152
300843.SZ,20260604,85.0,92.39,84.1,90.37,86.01,4.36,5.0692,70452.83,626361.215,88.90504682352716
300844.SZ,20260604,25.8,26.23,25.33,25.56,25.91,-0.35,-1.3508,16348.79,42146.18,25.779387954704905
300845.SZ,20260604,14.13,14.15,13.7,14.15,14.08,0.07,0.4972,53611.25,74568.772,13.909164960712538
300846.SZ,20260604,23.0,24.46,22.6,24.01,23.28,0.73,3.1357,405032.38,950200.752,23.459871331768586
300847.SZ,20260604,14.31,15.45,14.31,15.12,14.4,0.72,5.0,79127.54,119426.616,15.092926685197089
300848.SZ,20260604,14.2,14.25,13.95,14.04,14.23,-0.19,-1.3352,43478.77,61070.982,14.046161379450249
300849.SZ,20260604,27.07,27.57,25.4,26.0,27.76,-1.76,-6.3401,93486.9,244465.778,26.149736273210472
300850.SZ,20260604,31.79,31.92,30.95,31.08,32.06,-0.98,-3.0568,118407.73,369947.415,31.243518898639472
300851.SZ,20260604,26.4,26.4,25.39,25.64,26.4,-0.76,-2.8788,24731.0,63650.493,25.73712870486434
300852.SZ,20260604,48.84,51.64,48.55,51.49,49.79,1.7,3.4143,81584.58,405601.812,49.71549917888895
300853.SZ,20260604,36.63,38.05,36.03,37.62,37.0,0.62,1.6757,71943.6,267348.081,37.16078719997331
300854.SZ,20260604,29.09,30.05,28.75,29.55,29.65,-0.1,-0.3373,54690.46,160131.273,29.27956228563446
300855.SZ,20260604,33.88,34.0,33.12,33.54,34.16,-0.62,-1.815,72877.57,243838.339,33.45862643334568
300856.SZ,20260604,12.15,12.24,11.59,11.59,12.23,-0.64,-5.233,64080.0,75664.047,11.80774765917603
300857.SZ,20260604,235.0,245.84,235.0,244.34,240.0,4.34,1.8083,166780.57,4056332.395,243.21372657498412
300858.SZ,20260604,15.63,15.7,15.26,15.37,15.73,-0.36,-2.2886,49439.61,76101.882,15.392896909987762
300859.SZ,20260604,29.29,29.9,28.8,29.27,29.37,-0.1,-0.3405,40208.0,117617.015,29.252142608436134
300860.SZ,20260604,25.99,26.23,25.78,26.13,25.96,0.17,0.6549,22165.09,57693.949,26.02919681354779
300861.SZ,20260604,18.57,19.0,17.99,18.48,18.77,-0.29,-1.545,191703.48,353740.843,18.452499818991285
300862.SZ,20260604,22.72,22.9,22.24,22.68,22.78,-0.1,-0.439,38469.38,86643.553,22.522731845431355
300863.SZ,20260604,67.81,73.19,67.8,72.75,69.0,3.75,5.4348,164654.31,1160424.529,70.47641382724814
300864.SZ,20260604,22.26,22.63,21.42,21.77,22.6,-0.83,-3.6726,24216.7,52638.794,21.736567740443576
300865.SZ,20260604,26.18,26.45,25.26,25.51,26.27,-0.76,-2.893,17158.19,44107.874,25.706600754508493
300866.SZ,20260604,115.65,118.55,113.02,115.45,116.66,-1.21,-1.0372,32210.51,372942.521,115.78286745537405
300867.SZ,20260604,21.15,22.21,20.9,21.96,21.25,0.71,3.3412,94191.55,205262.81,21.792062026795396
300868.SZ,20260604,113.9,131.0,109.62,128.95,114.39,14.56,12.7284,73584.91,913019.009,124.07693493136024
300869.SZ,20260604,11.35,11.42,11.08,11.19,11.38,-0.19,-1.6696,33901.0,37995.4,11.207751983717296
300870.SZ,20260604,266.99,280.25,266.47,275.0,271.0,4.0,1.476,39765.47,1093911.088,275.0906975323063
300871.SZ,20260604,20.59,20.65,20.07,20.2,20.6,-0.4,-1.9417,37968.0,77125.729,20.313350453013065
300872.SZ,20260604,19.28,19.64,18.81,19.01,19.34,-0.33,-1.7063,133746.26,255495.553,19.10300542235723
300873.SZ,20260604,21.15,21.28,20.78,20.89,21.15,-0.26,-1.2293,19824.0,41628.104,20.998841807909603
300875.SZ,20260604,33.16,33.43,32.53,32.79,33.54,-0.75,-2.2361,20731.54,67982.973,32.792051627616665
300876.SZ,20260604,18.5,18.9,17.89,18.01,18.72,-0.71,-3.7927,42441.33,77637.655,18.292936390070714
300877.SZ,20260604,28.74,30.18,28.2,29.27,28.84,0.43,1.491,38855.76,114191.277,29.388506877744764
300878.SZ,20260604,29.08,29.52,28.65,28.86,29.37,-0.51,-1.7365,22643.8,65769.838,29.045406689689894
300879.SZ,20260604,18.96,19.07,18.5,18.74,18.98,-0.24,-1.2645,22471.12,42212.716,18.785319111819973
300880.SZ,20260604,21.76,22.37,21.11,21.4,22.13,-0.73,-3.2987,54789.78,117825.007,21.504924276023743
300881.SZ,20260604,46.93,49.79,45.38,49.45,47.57,1.88,3.9521,26309.58,126354.909,48.026197681604955
300882.SZ,20260604,16.03,16.18,15.77,15.96,16.16,-0.2,-1.2376,30628.72,48838.476,15.945320601056787
300883.SZ,20260604,6.49,6.65,6.39,6.55,6.62,-0.07,-1.0574,339300.03,221299.212,6.522227893702219
300884.SZ,20260604,10.9,11.0,10.64,10.78,10.91,-0.13,-1.1916,42034.1,45284.943,10.773382325302553
300885.SZ,20260604,25.86,27.0,25.6,26.23,26.07,0.16,0.6137,88569.36,233791.138,26.39639012859526
300886.SZ,20260604,24.57,26.55,23.2,23.47,24.25,-0.78,-3.2165,27600.46,66465.659,24.081359151260525
300887.SZ,20260604,8.53,8.53,8.24,8.32,8.54,-0.22,-2.5761,90066.97,75201.155,8.349470954779537
300888.SZ,20260604,28.4,28.49,27.93,28.05,28.31,-0.26,-0.9184,25403.84,71448.812,28.125201544333457
300889.SZ,20260604,23.74,24.34,23.54,24.11,23.8,0.31,1.3025,58562.83,140100.869,23.923172599411608
300890.SZ,20260604,34.88,34.88,33.98,34.2,35.26,-1.06,-3.0062,57591.43,197854.821,34.354906797764876
300891.SZ,20260604,7.07,7.08,6.82,6.89,7.08,-0.19,-2.6836,61087.64,42120.419,6.895080412338732
300892.SZ,20260604,23.19,23.74,22.08,22.27,23.27,-1.0,-4.2974,26203.0,58929.147,22.4894657100332
300893.SZ,20260604,21.62,21.95,20.49,20.89,21.95,-1.06,-4.8292,36220.77,75860.246,20.943852380830116
300894.SZ,20260604,8.78,8.87,8.62,8.72,8.83,-0.11,-1.2458,39472.69,34494.469,8.738818915052406
300895.SZ,20260604,57.51,58.51,57.2,58.16,58.6,-0.44,-0.7509,48845.37,282169.364,57.76788342477496
300896.SZ,20260604,100.0,100.88,96.95,97.7,100.97,-3.27,-3.2386,33082.49,324811.64,98.18234359021949
300897.SZ,20260604,22.38,22.38,21.43,22.38,18.65,3.73,20.0,124586.61,277911.928,22.3067252572327
300898.SZ,20260604,21.3,21.63,20.37,20.55,21.34,-0.79,-3.702,44727.0,93204.856,20.83861112974266
300899.SZ,20260604,31.97,32.94,31.2,31.44,32.37,-0.93,-2.873,8139.0,25863.077,31.77672564197076
300900.SZ,20260604,34.41,35.26,34.08,34.96,35.1,-0.14,-0.3989,133118.19,460041.172,34.55885119832233
300901.SZ,20260604,14.9,15.05,14.68,14.77,15.01,-0.24,-1.5989,25853.0,38309.212,14.818091517425444
300902.SZ,20260604,15.02,15.1,14.75,14.93,15.01,-0.08,-0.533,19908.0,29680.061,14.908610106489855
300903.SZ,20260604,68.71,75.86,68.71,73.75,69.97,3.78,5.4023,298111.15,2137543.123,71.7028907841924
300904.SZ,20260604,48.8,50.63,48.39,49.21,48.66,0.55,1.1303,12060.0,59702.827,49.50483167495854
300905.SZ,20260604,60.0,62.29,59.0,61.29,60.75,0.54,0.8889,70617.0,428442.88,60.67135109109705
300906.SZ,20260604,29.79,31.2,29.22,29.71,29.99,-0.28,-0.9336,23156.4,69389.433,29.965552935689487
300907.SZ,20260604,47.83,49.88,47.3,48.68,48.56,0.12,0.2471,67328.63,325844.505,48.39612880879947
300908.SZ,20260604,23.93,23.94,23.15,23.28,23.85,-0.57,-2.3899,12003.35,28162.408,23.462123490525563
300909.SZ,20260604,45.88,47.1,45.12,45.52,46.44,-0.92,-1.9811,38222.34,175683.845,45.96365502478393
300910.SZ,20260604,32.01,32.3,31.32,32.16,32.4,-0.24,-0.7407,53025.76,167670.362,31.62054857865309
300911.SZ,20260604,23.5,24.86,23.22,23.77,23.5,0.27,1.1489,102417.99,246628.451,24.08057910529195
300912.SZ,20260604,26.02,26.77,25.66,26.45,26.35,0.1,0.3795,42202.12,110509.827,26.185847298666513
300913.SZ,20260604,60.75,64.48,59.75,63.62,61.9,1.72,2.7787,301627.29,1894578.102,62.81189284961584
300915.SZ,20260604,22.85,23.08,22.05,22.21,22.86,-0.65,-2.8434,9342.7,20947.819,22.42159011848823
300916.SZ,20260604,30.98,30.98,28.03,28.21,31.3,-3.09,-9.8722,84508.5,245976.328,29.106696722814863
300917.SZ,20260604,28.52,29.3,27.84,28.13,28.8,-0.67,-2.3264,72646.0,207288.91,28.53411199515459
300918.SZ,20260604,12.1,13.95,12.0,13.37,12.21,1.16,9.5004,236157.91,314632.073,13.322952976675648
300919.SZ,20260604,50.43,50.44,48.91,49.35,50.78,-1.43,-2.8161,133829.56,661875.256,49.45658164011001
300920.SZ,20260604,47.14,47.97,46.3,47.56,47.27,0.29,0.6135,14034.0,66409.666,47.32055436796352
300921.SZ,20260604,18.61,19.07,18.07,18.28,18.82,-0.54,-2.8693,88745.41,164315.516,18.515381922287585
300922.SZ,20260604,23.99,24.65,23.52,24.41,23.97,0.44,1.8356,68274.18,165539.48,24.24627875428164
300923.SZ,20260604,22.72,23.0,22.19,22.38,22.89,-0.51,-2.228,14622.0,32769.792,22.411292572835457
300925.SZ,20260604,17.29,17.59,16.91,17.08,17.49,-0.41,-2.3442,122581.25,211223.177,17.231279416713402
300926.SZ,20260604,20.13,20.51,19.81,19.9,20.21,-0.31,-1.5339,36029.01,72479.413,20.116959361359083
300927.SZ,20260604,23.78,23.95,23.27,23.55,23.92,-0.37,-1.5468,23974.0,56401.767,23.526222991574205
300928.SZ,20260604,33.1,33.1,31.6,32.06,33.08,-1.02,-3.0834,15942.0,51379.01,32.22871032492786
300929.SZ,20260604,11.86,12.04,11.51,11.61,11.93,-0.32,-2.6823,35318.8,41346.527,11.706662457388132
300930.SZ,20260604,34.89,37.49,33.54,36.98,35.57,1.41,3.964,75280.15,267176.873,35.491012305368685
300931.SZ,20260604,15.6,15.85,14.96,15.05,15.6,-0.55,-3.5256,43027.9,65890.303,15.31339038158962
300932.SZ,20260604,10.0,10.07,9.6,9.65,10.1,-0.45,-4.4554,130278.46,127279.573,9.769809452767555
300933.SZ,20260604,7.12,7.26,6.97,7.01,7.23,-0.22,-3.0429,130308.5,92226.232,7.077530015309823
300935.SZ,20260604,35.2,35.72,33.93,34.21,35.14,-0.93,-2.6466,13282.2,45948.171,34.59379545557212
300936.SZ,20260604,98.5,113.2,97.85,112.9,102.01,10.89,10.6754,59195.91,634886.758,107.25179459188988
300937.SZ,20260604,22.71,22.85,21.93,22.16,22.75,-0.59,-2.5934,20145.63,44722.444,22.199575788893174
300938.SZ,20260604,51.96,53.0,50.81,52.55,51.77,0.78,1.5067,78069.23,407373.242,52.18102471357795
300939.SZ,20260604,66.19,67.37,63.0,63.81,68.6,-4.79,-6.9825,118236.4,763167.412,64.54589381950059
300940.SZ,20260604,17.01,17.33,16.83,17.05,17.2,-0.15,-0.8721,44070.8,75022.13,17.02309238770342
300941.SZ,20260604,15.65,15.84,15.42,15.57,15.82,-0.25,-1.5803,27501.5,42894.866,15.597282330054725
300942.SZ,20260604,6.51,6.58,6.37,6.43,6.57,-0.14,-2.1309,45335.34,29190.52,6.438800282516906
300943.SZ,20260604,37.39,39.26,36.5,39.18,38.18,1.0,2.6192,84531.59,321824.237,38.07147564596857
300945.SZ,20260604,12.59,12.62,12.23,12.35,12.6,-0.25,-1.9841,55071.14,68148.716,12.374669563767885
300946.SZ,20260604,45.89,48.58,45.28,47.15,46.55,0.6,1.2889,21316.18,99774.935,46.80713664455826
300947.SZ,20260604,14.69,14.87,14.1,14.27,14.7,-0.43,-2.9252,29874.19,43015.68,14.398944373052458
300948.SZ,20260604,27.7,29.85,27.7,29.73,27.73,2.0,7.2124,108192.07,312874.1,28.918394850935005
300949.SZ,20260604,24.24,24.51,23.55,23.7,24.24,-0.54,-2.2277,11056.45,26407.438,23.884192484929606
300950.SZ,20260604,18.1,18.26,17.79,17.96,18.11,-0.15,-0.8283,14796.5,26645.0,18.00763694116852
300951.SZ,20260604,40.14,42.74,39.55,42.15,41.0,1.15,2.8049,39238.87,164469.615,41.914972322087756
300952.SZ,20260604,21.4,23.32,21.16,22.45,21.43,1.02,4.7597,125733.47,283773.919,22.569481220871417
300953.SZ,20260604,143.0,149.98,140.8,145.56,144.5,1.06,0.7336,80412.07,1180566.355,146.81457087225834
300955.SZ,20260604,40.06,41.0,39.4,40.18,40.76,-0.58,-1.423,21662.1,87019.548,40.171335189109094
300956.SZ,20260604,16.01,16.99,15.61,15.74,17.1,-1.36,-7.9532,330009.37,531198.342,16.096462412567256
300957.SZ,20260604,35.59,35.89,33.9,34.19,35.72,-1.53,-4.2833,94020.23,323294.364,34.385617223016794
300958.SZ,20260604,12.6,12.69,12.22,12.33,12.69,-0.36,-2.8369,26201.06,32422.618,12.374544388662137
300959.SZ,20260604,195.52,204.8,195.0,197.4,205.86,-8.46,-4.1096,41066.56,813579.795,198.11247764604585
300960.SZ,20260604,17.99,18.3,17.68,17.83,18.0,-0.17,-0.9444,13877.4,24837.56,17.897848300113857
300961.SZ,20260604,11.68,11.87,11.45,11.57,11.8,-0.23,-1.9492,35611.0,41370.241,11.61726460924995
300962.SZ,20260604,13.38,13.41,13.03,13.15,13.39,-0.24,-1.7924,23586.0,31067.192,13.171878232849997
300963.SZ,20260604,14.44,14.62,14.13,14.4,14.58,-0.18,-1.2346,62598.14,89590.008,14.311928117992005
300964.SZ,20260604,103.04,112.5,99.87,109.75,105.0,4.75,4.5238,87179.73,924809.831,106.08083220721147
300965.SZ,20260604,50.42,50.56,48.88,49.27,50.5,-1.23,-2.4356,13083.43,64678.776,49.435641876786136
300966.SZ,20260604,26.51,26.64,25.56,25.81,26.51,-0.7,-2.6405,21448.0,55495.981,25.87466477060798
300967.SZ,20260604,19.69,20.43,18.8,19.07,19.29,-0.22,-1.1405,191990.1,380009.192,19.79316600178863
300968.SZ,20260604,11.3,11.9,11.12,11.21,11.42,-0.21,-1.8389,95052.0,108113.446,11.37413689348988
300969.SZ,20260604,101.5,110.87,100.66,107.8,101.55,6.25,6.1546,45059.14,482793.369,107.1466008894089
300970.SZ,20260604,28.5,28.76,27.63,27.92,28.74,-0.82,-2.8532,36739.87,102906.135,28.00939007133122
300971.SZ,20260604,21.21,21.43,20.87,21.02,21.22,-0.2,-0.9425,25739.6,54176.891,21.048070288582576
300972.SZ,20260604,192.09,197.43,188.59,190.0,192.92,-2.92,-1.5136,22738.62,434893.247,191.25753761661878
300973.SZ,20260604,27.02,27.19,25.76,25.87,27.0,-1.13,-4.1852,28112.47,73595.101,26.178809972940833
300975.SZ,20260604,42.14,43.74,40.86,43.51,42.69,0.82,1.9208,907302.35,3873515.452,42.69266415985807
300976.SZ,20260604,63.0,63.0,60.12,61.3,63.26,-1.96,-3.0983,62676.74,384173.867,61.2944877158576
300977.SZ,20260604,18.61,18.81,17.88,18.06,18.83,-0.77,-4.0892,20747.87,37935.606,18.284096632569995
300978.SZ,20260604,9.62,9.72,9.42,9.47,9.67,-0.2,-2.0683,29034.13,27643.502,9.521036793594298
300979.SZ,20260604,34.32,34.48,33.61,33.72,34.33,-0.61,-1.7769,14744.0,49982.709,33.900372354856216
300980.SZ,20260604,27.37,28.46,26.55,27.5,27.04,0.46,1.7012,53739.36,147727.181,27.489568353623866
300981.SZ,20260604,12.11,12.11,11.57,11.69,12.2,-0.51,-4.1803,52903.13,62382.906,11.79191212315793
300982.SZ,20260604,20.73,21.46,20.63,21.14,20.9,0.24,1.1483,49509.48,104054.37,21.017059763099915
300983.SZ,20260604,35.0,35.98,34.8,35.26,35.42,-0.16,-0.4517,14374.36,50718.085,35.28371697939943
300984.SZ,20260604,56.93,61.6,56.51,58.48,57.22,1.26,2.202,31877.4,189011.154,59.2931525155753
300985.SZ,20260604,23.8,24.58,23.8,24.46,24.19,0.27,1.1162,35143.84,85282.759,24.266773067484948
300986.SZ,20260604,18.78,19.0,18.6,18.87,18.78,0.09,0.4792,116082.43,218446.377,18.818211937844517
300987.SZ,20260604,13.94,14.03,13.6,13.73,14.04,-0.31,-2.208,37364.0,51433.604,13.765550797559147
300988.SZ,20260604,17.61,17.71,17.07,17.2,17.63,-0.43,-2.439,44494.77,77130.873,17.33481777746014
300989.SZ,20260604,14.0,14.0,13.36,13.78,14.09,-0.31,-2.2001,54426.33,74273.394,13.646592375418294
300990.SZ,20260604,77.62,82.66,77.33,81.95,79.2,2.75,3.4722,62460.88,501761.244,80.33208049582396
300991.SZ,20260604,38.55,40.71,38.15,40.0,38.77,1.23,3.1726,41112.76,161882.665,39.375285191264226
300992.SZ,20260604,27.13,27.29,26.11,26.56,27.14,-0.58,-2.1371,17772.0,47091.433,26.497542763898267
300993.SZ,20260604,10.53,10.66,10.44,10.51,10.65,-0.14,-1.3146,24299.49,25566.024,10.521218346557891
300994.SZ,20260604,13.05,13.39,12.43,12.55,13.09,-0.54,-4.1253,67331.54,85889.109,12.75614801027869
300995.SZ,20260604,32.47,33.13,32.21,32.4,32.59,-0.19,-0.583,11856.0,38699.182,32.64101045883941
300996.SZ,20260604,11.75,11.78,11.3,11.44,11.86,-0.42,-3.5413,76303.15,87860.077,11.514606801947235
300997.SZ,20260604,19.45,19.9,17.18,17.76,19.56,-1.8,-9.2025,196279.29,355402.274,18.106967576660786
300998.SZ,20260604,26.27,26.71,25.88,26.66,26.28,0.38,1.446,24932.0,65528.151,26.28274947858174
300999.SZ,20260604,26.4,26.78,25.51,25.62,26.59,-0.97,-3.648,139205.87,360862.065,25.922905765396248
301000.SZ,20260604,29.53,31.6,29.5,31.0,29.99,1.01,3.3678,81302.39,250318.773,30.78861187229551
301001.SZ,20260604,25.86,26.08,25.03,25.17,25.86,-0.69,-2.6682,15615.85,39660.953,25.397882920238093
301002.SZ,20260604,48.41,49.55,47.8,48.39,48.95,-0.56,-1.144,36630.35,177375.828,48.42318678363707
301003.SZ,20260604,48.71,49.04,47.0,47.91,48.71,-0.8,-1.6424,16622.49,80177.077,48.234095493515106
301004.SZ,20260604,37.05,37.2,35.6,35.74,37.05,-1.31,-3.5358,7165.0,25953.314,36.222350314026514
301005.SZ,20260604,100.89,103.33,100.74,101.41,102.81,-1.4,-1.3617,51775.44,526137.408,101.61910898294636
301006.SZ,20260604,14.79,15.03,14.51,14.62,14.94,-0.32,-2.1419,16596.98,24399.626,14.701244443266186
301007.SZ,20260604,33.98,35.66,33.5,34.05,33.98,0.07,0.206,47233.75,162983.16,34.50565750125705
301008.SZ,20260604,24.51,24.9,24.25,24.74,24.63,0.11,0.4466,32366.67,79751.613,24.64004267352805
301009.SZ,20260604,9.37,9.43,9.0,9.08,9.4,-0.32,-3.4043,31708.45,28997.535,9.145049663417796
301010.SZ,20260604,19.47,19.6,18.7,18.99,19.35,-0.36,-1.8605,18410.0,35087.51,19.05894079304726
301011.SZ,20260604,16.37,16.44,16.01,16.13,16.43,-0.3,-1.8259,16302.25,26370.202,16.17580518026653
301012.SZ,20260604,31.8,32.55,31.22,31.79,32.01,-0.22,-0.6873,81585.51,259001.829,31.74605748005988
301013.SZ,20260604,55.8,62.88,54.26,59.36,54.08,5.28,9.7633,610551.16,3623880.617,59.35424996981416
301015.SZ,20260604,20.52,20.92,20.05,20.73,20.61,0.12,0.5822,39305.35,80921.427,20.58789121582685
301016.SZ,20260604,14.99,15.56,14.86,15.39,15.16,0.23,1.5172,36471.88,55638.467,15.255168365326933
301017.SZ,20260604,14.28,14.45,13.98,14.13,14.38,-0.25,-1.7385,54904.78,77571.627,14.128392282056314
301018.SZ,20260604,97.55,105.0,96.51,102.99,97.41,5.58,5.7284,137323.2,1381609.03,100.61002292402158
301019.SZ,20260604,20.88,20.88,20.3,20.49,20.89,-0.4,-1.9148,10900.81,22379.936,20.530525713226815
301020.SZ,20260604,24.57,24.73,23.85,24.18,24.81,-0.63,-2.5393,50691.0,122345.634,24.13557317867077
301021.SZ,20260604,96.0,99.0,93.12,97.4,98.37,-0.97,-0.9861,99639.71,948423.287,95.18527171546364
301022.SZ,20260604,26.52,26.79,25.72,26.1,26.45,-0.35,-1.3233,16358.88,42599.624,26.040672711090245
301023.SZ,20260604,37.51,38.3,37.37,37.57,37.77,-0.2,-0.5295,21371.0,80737.889,37.77918160123532
301024.SZ,20260604,45.95,46.48,44.97,45.46,46.2,-0.74,-1.6017,6111.5,27859.257,45.58497422891271
301025.SZ,20260604,9.27,9.3,8.84,8.91,9.12,-0.21,-2.3026,57391.0,51639.667,8.997868481120733
301026.SZ,20260604,24.1,24.18,22.82,23.09,24.47,-1.38,-5.6396,101293.76,235507.857,23.24998667242681
301027.SZ,20260604,20.03,20.2,19.39,19.46,20.18,-0.72,-3.5679,44561.05,87450.249,19.62481786223619
301028.SZ,20260604,18.53,18.73,18.06,18.37,18.88,-0.51,-2.7013,100384.92,184035.217,18.332954491571044
301029.SZ,20260604,28.7,29.68,28.28,28.62,29.0,-0.38,-1.3103,150430.13,434995.88,28.916805429869665
301030.SZ,20260604,12.9,13.28,12.47,12.74,12.69,0.05,0.394,99604.84,128950.767,12.946235042393523
301031.SZ,20260604,108.63,115.2,107.27,113.95,108.78,5.17,4.7527,49177.85,553908.591,112.63375503402446
301032.SZ,20260604,11.03,11.1,10.82,10.9,11.1,-0.2,-1.8018,33195.03,36377.014,10.958572412797942
301033.SZ,20260604,48.01,48.23,47.33,48.02,48.06,-0.04,-0.0832,4958.0,23717.675,47.83718233158532
301035.SZ,20260604,52.61,53.19,50.76,51.12,52.96,-1.84,-3.4743,13902.63,71775.087,51.626984966153884
301036.SZ,20260604,23.55,23.72,23.07,23.22,23.56,-0.34,-1.4431,10136.0,23584.674,23.26822612470402
301037.SZ,20260604,14.31,14.58,13.98,14.27,14.5,-0.23,-1.5862,27167.34,38541.118,14.186562983346917
301038.SZ,20260604,19.3,20.19,19.02,19.49,19.26,0.23,1.1942,54629.06,106651.707,19.52288891663155
301039.SZ,20260604,7.97,8.03,7.82,7.86,7.95,-0.09,-1.1321,86127.0,68161.698,7.914091748232263
301040.SZ,20260604,28.91,31.3,28.47,31.26,28.77,2.49,8.6548,58128.2,175754.58,30.23568250866189
301041.SZ,20260604,32.76,33.43,31.78,32.36,33.57,-1.21,-3.6044,90786.8,295243.296,32.5205091489071
301042.SZ,20260604,107.5,107.99,103.34,105.0,107.5,-2.5,-2.3256,10321.0,108172.719,104.80837031295417
301043.SZ,20260604,44.12,46.8,44.12,45.12,44.06,1.06,2.4058,14362.0,65409.024,45.54311655758251
301045.SZ,20260604,51.81,53.0,51.22,52.47,53.2,-0.73,-1.3722,25648.39,133705.889,52.130324359540694
301046.SZ,20260604,27.03,28.0,25.44,25.94,27.42,-1.48,-5.3975,55341.19,146909.755,26.546186484244373
301047.SZ,20260604,62.93,63.09,60.71,60.77,62.93,-2.16,-3.4324,9632.74,59143.218,61.398125559290506
301048.SZ,20260604,9.51,9.53,9.33,9.39,9.5,-0.11,-1.1579,37846.0,35554.69,9.394570099878456
301049.SZ,20260604,20.88,21.3,20.3,20.5,21.08,-0.58,-2.7514,14272.0,29380.951,20.586428671524665
301050.SZ,20260604,35.63,35.96,35.07,35.29,36.05,-0.76,-2.1082,51478.89,182565.024,35.46405604316644
301051.SZ,20260604,16.5,17.68,16.16,16.33,16.75,-0.42,-2.5075,85557.48,144169.092,16.85055380312744
301052.SZ,20260604,26.6,26.79,26.1,26.41,26.83,-0.42,-1.5654,21336.7,56314.193,26.39311280563536
301053.SZ,20260604,43.8,44.5,41.38,42.1,43.81,-1.71,-3.9032,45349.36,192968.196,42.55147062714887
301055.SZ,20260604,33.32,34.63,33.12,34.45,34.5,-0.05,-0.1449,35942.0,122330.872,34.035632964220135
301056.SZ,20260604,12.76,13.07,12.5,12.87,12.74,0.13,1.0204,24812.0,31814.035,12.822035708528132
301057.SZ,20260604,30.53,32.0,30.28,31.0,30.82,0.18,0.584,24428.0,75811.655,31.034736777468478
301058.SZ,20260604,8.64,8.78,8.52,8.57,8.68,-0.11,-1.2673,39139.85,33876.717,8.655300671821685
301059.SZ,20260604,14.08,14.25,13.96,14.06,13.98,0.08,0.5722,32712.63,46001.167,14.062203803240523
301060.SZ,20260604,9.04,9.05,8.66,8.74,9.04,-0.3,-3.3186,82740.79,72473.571,8.759110349321054
301061.SZ,20260604,40.55,40.7,39.86,40.3,40.7,-0.4,-0.9828,18704.25,75297.942,40.25712979670396
301062.SZ,20260604,6.62,6.7,6.47,6.54,6.66,-0.12,-1.8018,56328.19,36963.099,6.562095994918352
301063.SZ,20260604,19.7,19.98,19.19,19.48,19.97,-0.49,-2.4537,18875.0,36770.491,19.481054834437085
301065.SZ,20260604,20.03,20.35,19.62,19.86,20.32,-0.46,-2.2638,13124.0,26029.575,19.833568271868334
301066.SZ,20260604,14.15,14.65,13.8,13.92,14.16,-0.24,-1.6949,51426.24,72801.844,14.156555874977442
301067.SZ,20260604,35.63,36.29,34.76,35.46,35.9,-0.44,-1.2256,52046.0,184681.145,35.48421492525842
301068.SZ,20260604,28.58,29.36,28.19,28.43,28.72,-0.29,-1.0097,10378.23,29634.079,28.55407810387706
301069.SZ,20260604,18.58,18.66,18.07,18.2,18.7,-0.5,-2.6738,81128.69,148186.848,18.265652754900884
301070.SZ,20260604,93.0,105.0,92.49,102.92,92.99,9.93,10.6786,51799.81,521038.058,100.5868666313641
301071.SZ,20260604,77.66,78.5,75.23,77.67,80.0,-2.33,-2.9125,250507.28,1925780.88,76.87524610063228
301072.SZ,20260604,25.54,26.75,24.3,26.61,25.24,1.37,5.4279,69587.35,177405.713,25.493960180981166
301073.SZ,20260604,21.56,21.8,20.91,21.19,21.61,-0.42,-1.9435,34806.28,73835.357,21.213228474861438
301075.SZ,20260604,71.87,73.87,71.01,72.74,71.81,0.93,1.2951,11191.0,81357.381,72.6989375390939
301076.SZ,20260604,27.5,27.97,27.1,27.59,27.79,-0.2,-0.7197,36177.72,99839.915,27.597072175913794
301077.SZ,20260604,27.3,27.3,26.53,26.71,27.5,-0.79,-2.8727,21925.26,58850.501,26.841415335553602
301078.SZ,20260604,8.7,8.76,8.13,8.27,8.78,-0.51,-5.8087,469948.74,392750.33,8.35730147930602
301079.SZ,20260604,35.51,35.84,34.83,35.06,35.94,-0.88,-2.4485,33496.86,117993.096,35.225121399438635
301080.SZ,20260604,38.79,38.79,37.03,37.39,38.7,-1.31,-3.385,27453.71,103574.766,37.72705619750482
301081.SZ,20260604,18.59,19.0,18.23,18.83,18.81,0.02,0.1063,46771.51,87412.314,18.689222135440996
301082.SZ,20260604,10.26,10.4,10.04,10.14,10.36,-0.22,-2.1236,42441.72,43099.822,10.155060162500483
301083.SZ,20260604,14.9,15.02,14.59,14.67,14.91,-0.24,-1.6097,17742.0,26151.675,14.739981400067636
301085.SZ,20260604,66.23,67.35,65.18,66.33,67.33,-1.0,-1.4852,28678.05,189956.954,66.23775117206365
301086.SZ,20260604,154.3,155.42,148.0,152.98,155.53,-2.55,-1.6396,34633.28,526611.496,152.05360162248567
301087.SZ,20260604,45.5,46.92,45.44,46.37,45.66,0.71,1.555,20576.58,95242.287,46.286742986443805
301088.SZ,20260604,14.02,14.14,13.61,13.71,14.1,-0.39,-2.766,15306.0,21178.694,13.836857441526199
301089.SZ,20260604,23.39,23.39,21.98,22.3,23.39,-1.09,-4.6601,24085.94,54020.891,22.428392248755916
301090.SZ,20260604,7.06,7.11,6.9,6.93,7.09,-0.16,-2.2567,76719.68,53520.143,6.976064420498105
301091.SZ,20260604,18.18,18.22,17.63,17.83,18.23,-0.4,-2.1942,45734.83,81728.907,17.870167441313328
301092.SZ,20260604,47.36,47.93,46.46,47.3,48.23,-0.93,-1.9283,37322.57,176408.924,47.26601731874305
301093.SZ,20260604,127.5,128.31,122.86,124.6,128.98,-4.38,-3.3959,31297.07,389771.894,124.53941982428387
301095.SZ,20260604,99.94,106.98,98.89,99.9,103.68,-3.78,-3.6458,125182.08,1277253.655,102.03166898968288
301096.SZ,20260604,54.76,58.99,54.11,58.74,54.78,3.96,7.2289,51363.96,293534.362,57.14792278476971
301097.SZ,20260604,51.95,51.95,50.55,50.9,51.95,-1.05,-2.0212,5100.11,26096.602,51.16870420441912
301098.SZ,20260604,9.09,9.24,8.83,8.97,9.28,-0.31,-3.3405,95196.86,85563.883,8.988099292350608
301099.SZ,20260604,70.93,81.68,70.01,79.3,71.61,7.69,10.7387,176902.21,1367242.083,77.28801596090858
301100.SZ,20260604,16.1,16.11,15.74,15.89,16.11,-0.22,-1.3656,13549.99,21540.435,15.89701173211198
301101.SZ,20260604,31.18,31.43,30.11,30.33,31.37,-1.04,-3.3153,25141.84,77006.105,30.628667193809203
301102.SZ,20260604,9.54,9.57,9.37,9.49,9.46,0.03,0.3171,18997.18,17945.196,9.446242021184197
301103.SZ,20260604,16.7,16.76,16.28,16.47,16.68,-0.21,-1.259,21507.53,35418.276,16.467849167245145
301105.SZ,20260604,50.67,51.41,49.9,50.96,50.81,0.15,0.2952,4636.0,23489.219,50.666995254529766
301106.SZ,20260604,25.96,26.17,23.38,23.8,26.39,-2.59,-9.8143,76511.35,186017.022,24.312343462767284
301107.SZ,20260604,23.54,25.53,23.5,24.74,23.77,0.97,4.0808,123113.54,305481.016,24.81295038709796
301108.SZ,20260604,22.68,22.83,21.91,22.23,22.71,-0.48,-2.1136,13429.36,29887.426,22.255286923576403
301109.SZ,20260604,13.95,14.03,13.71,13.9,13.96,-0.06,-0.4298,50216.1,69644.597,13.868977678473636
301110.SZ,20260604,41.5,42.18,40.88,41.01,42.17,-1.16,-2.7508,32120.0,132801.18,41.34532378580324
301111.SZ,20260604,28.06,29.28,26.9,28.84,27.84,1.0,3.592,81256.0,230876.895,28.413519617012895
301112.SZ,20260604,31.3,31.37,30.4,30.64,31.53,-0.89,-2.8227,12298.0,38012.314,30.909346235160186
301113.SZ,20260604,17.87,18.1,17.37,17.53,17.98,-0.45,-2.5028,12566.5,22162.065,17.635829387657658
301115.SZ,20260604,33.5,35.18,33.16,34.1,33.94,0.16,0.4714,141185.53,482718.17,34.190343018863196
301116.SZ,20260604,9.64,10.13,9.64,9.85,9.68,0.17,1.7562,51644.0,51049.159,9.88481895283092
301117.SZ,20260604,26.2,26.64,25.75,26.15,26.62,-0.47,-1.7656,40891.16,106680.963,26.089003833591416
301118.SZ,20260604,28.52,29.0,28.4,28.68,29.09,-0.41,-1.4094,24245.75,69620.505,28.71451903941928
301119.SZ,20260604,33.76,34.72,33.22,33.78,33.75,0.03,0.0889,13387.51,45525.509,34.00595704503675
301120.SZ,20260604,23.5,23.5,22.1,22.11,24.36,-2.25,-9.2365,284042.66,647362.921,22.79104557744953
301121.SZ,20260604,38.0,38.0,36.7,37.04,38.0,-0.96,-2.5263,12435.72,46320.819,37.24820034545648
301122.SZ,20260604,27.87,28.98,27.22,27.4,27.85,-0.45,-1.6158,17550.8,48315.993,27.52922544841261
301123.SZ,20260604,86.36,106.79,86.36,106.79,88.99,17.8,20.0022,255298.66,2505965.401,98.15818857020246
301125.SZ,20260604,15.57,16.47,15.35,16.38,15.58,0.8,5.1348,45809.2,73353.115,16.01274743937899
301126.SZ,20260604,10.0,10.1,9.76,9.84,10.0,-0.16,-1.6,32544.0,32132.71,9.873620329400197
301127.SZ,20260604,14.04,14.19,13.71,13.81,14.12,-0.31,-2.1955,123966.4,172426.393,13.909123197898786
301128.SZ,20260604,137.99,143.98,135.53,139.22,136.7,2.52,1.8435,73016.38,1020865.07,139.81315836254822
301129.SZ,20260604,25.28,26.5,25.28,25.61,25.6,0.01,0.0391,22882.84,59235.165,25.88628203492224
301130.SZ,20260604,27.97,28.03,26.78,27.03,27.95,-0.92,-3.2916,10011.4,27210.31,27.17932556885151
301131.SZ,20260604,36.76,37.05,35.85,36.16,36.99,-0.83,-2.2438,8222.86,29854.807,36.30708415320217
301132.SZ,20260604,38.79,41.27,38.76,39.86,39.5,0.36,0.9114,83925.23,335282.784,39.95017755685626
301133.SZ,20260604,42.38,43.29,40.8,41.16,42.54,-1.38,-3.244,14915.92,62072.126,41.614681494671466
301135.SZ,20260604,17.81,18.08,17.48,17.68,18.05,-0.37,-2.0499,13872.5,24555.953,17.701173544782844
301136.SZ,20260604,13.34,13.42,13.12,13.24,13.34,-0.1,-0.7496,38469.35,50861.119,13.221205713119666
301137.SZ,20260604,38.3,39.78,38.11,38.9,38.87,0.03,0.0772,34165.26,132864.59,38.888798153445926
301138.SZ,20260604,27.97,28.53,27.66,28.01,28.11,-0.1,-0.3557,6287.02,17547.136,27.910100492761273
301139.SZ,20260604,5.9,6.68,5.9,5.9,6.33,-0.43,-6.793,292090.58,184366.926,6.311977811814403
301141.SZ,20260604,47.58,48.47,46.2,48.2,48.1,0.1,0.2079,24770.26,117360.47,47.37958745689387
301148.SZ,20260604,56.35,56.93,54.0,54.53,57.0,-2.47,-4.3333,22329.58,122652.329,54.92818449787232
301149.SZ,20260604,11.51,11.56,11.18,11.36,11.51,-0.15,-1.3032,64722.0,73211.243,11.311647198788666
301150.SZ,20260604,60.65,61.29,58.35,58.81,61.81,-3.0,-4.8536,131666.52,780127.784,59.25027744334703
301151.SZ,20260604,15.31,15.48,15.08,15.18,15.39,-0.21,-1.3645,10664.0,16238.796,15.227678169542386
301152.SZ,20260604,26.02,26.4,25.08,25.21,26.48,-1.27,-4.7961,36744.0,93740.059,25.511664217287176
301153.SZ,20260604,18.38,18.5,17.92,18.03,18.41,-0.38,-2.0641,30353.48,55284.41,18.213532682249284
301155.SZ,20260604,56.03,58.06,55.8,56.2,57.0,-0.8,-1.4035,28674.0,162606.845,56.708811118086075
301156.SZ,20260604,12.83,13.14,12.7,12.82,12.98,-0.16,-1.2327,31247.63,40244.768,12.879302526303594
301157.SZ,20260604,67.47,69.82,66.67,69.18,67.75,1.43,2.1107,11151.0,76840.421,68.90899560577526
301158.SZ,20260604,15.9,15.97,15.2,15.33,16.03,-0.7,-4.3668,45731.75,70376.971,15.389083295522259
301159.SZ,20260604,34.49,34.49,33.28,33.59,34.5,-0.91,-2.6377,16386.0,55245.042,33.71478213108751
301160.SZ,20260604,54.77,63.66,54.26,63.01,54.97,8.04,14.6262,68683.5,412058.377,59.9937942882934
301161.SZ,20260604,30.01,30.12,29.52,29.7,30.24,-0.54,-1.7857,18838.1,56164.062,29.81407997621841
301162.SZ,20260604,44.2,44.41,42.3,42.64,44.79,-2.15,-4.8002,42648.04,183795.894,43.09597674359712
301163.SZ,20260604,25.8,26.1,25.03,25.4,25.95,-0.55,-2.1195,11538.0,29396.474,25.477963251863404
301165.SZ,20260604,64.64,65.56,64.3,64.75,66.35,-1.6,-2.4115,97931.43,635295.757,64.87148783592765
301166.SZ,20260604,27.6,27.61,26.83,27.06,27.48,-0.42,-1.5284,8333.0,22599.67,27.120688827553103
301167.SZ,20260604,14.6,14.76,14.22,14.38,14.72,-0.34,-2.3098,23589.8,34043.404,14.431408490110133
301168.SZ,20260604,42.15,42.87,41.7,42.3,42.28,0.02,0.0473,20664.36,87439.237,42.314031017655516
301169.SZ,20260604,77.79,78.99,76.5,78.4,78.04,0.36,0.4613,11559.16,90008.169,77.86739607376315
301170.SZ,20260604,25.3,25.54,24.61,24.78,25.35,-0.57,-2.2485,10946.29,27235.967,24.881459380301454
301171.SZ,20260604,43.71,44.93,42.55,43.08,45.05,-1.97,-4.3729,648809.64,2812827.348,43.353661452995674
301172.SZ,20260604,32.22,32.64,31.32,31.71,32.64,-0.93,-2.8493,48120.44,152470.687,31.68522295307358
301173.SZ,20260604,35.72,35.99,34.4,34.69,35.82,-1.13,-3.1547,6198.0,21639.366,34.91346563407551
301175.SZ,20260604,5.72,5.74,5.52,5.58,5.72,-0.14,-2.4476,181204.85,101411.8,5.596527907503579
301176.SZ,20260604,40.7,42.41,40.5,41.7,41.76,-0.06,-0.1437,74782.26,309043.876,41.325827275078346
301177.SZ,20260604,24.99,25.0,24.12,24.31,24.91,-0.6,-2.4087,10140.05,24795.207,24.452746288233293
301178.SZ,20260604,52.23,52.23,50.66,51.32,52.62,-1.3,-2.4705,17250.13,88346.298,51.214859250336076
301179.SZ,20260604,22.55,22.9,21.82,21.94,22.77,-0.83,-3.6451,64395.86,142421.186,22.11651276960972
301180.SZ,20260604,14.86,14.92,14.35,14.63,14.76,-0.13,-0.8808,38800.29,56638.593,14.597466410689199
301181.SZ,20260604,29.89,31.49,29.7,30.68,29.89,0.79,2.643,24162.77,74215.788,30.71493375966414
301182.SZ,20260604,83.28,86.2,83.13,85.11,84.45,0.66,0.7815,30431.16,257358.691,84.57077909616328
301183.SZ,20260604,217.55,230.0,214.1,225.9,220.6,5.3,2.4025,76727.47,1695925.783,221.03241290244551
301185.SZ,20260604,16.01,16.5,15.82,16.0,16.03,-0.03,-0.1871,24194.84,38940.219,16.094431291961428
301186.SZ,20260604,64.3,65.17,61.3,62.09,64.3,-2.21,-3.437,19623.36,122488.481,62.41972883339041
301187.SZ,20260604,17.63,17.63,16.81,16.88,17.5,-0.62,-3.5429,20287.54,34688.534,17.098442689453723
301188.SZ,20260604,44.0,54.54,43.52,54.54,45.45,9.09,20.0,361390.52,1774550.011,49.103391284309275
301189.SZ,20260604,98.6,104.61,94.0,100.62,100.78,-0.16,-0.1588,72865.9,735787.762,100.97833993678799
301190.SZ,20260604,21.01,21.16,20.38,20.69,21.18,-0.49,-2.3135,24494.0,50868.891,20.767898669061815
301191.SZ,20260604,139.42,142.44,135.58,141.25,142.9,-1.65,-1.1547,45515.64,633473.346,139.17707100240708
301192.SZ,20260604,22.27,22.69,21.86,22.02,22.28,-0.26,-1.167,15363.5,34104.448,22.19835844696846
301193.SZ,20260604,20.91,20.94,20.05,20.21,20.95,-0.74,-3.5322,61639.44,125298.679,20.327679647965656
301195.SZ,20260604,28.45,28.45,27.38,27.63,28.33,-0.7,-2.4709,13432.0,37268.803,27.746279779630733
301196.SZ,20260604,129.99,137.95,123.2,135.97,125.13,10.84,8.663,76205.23,1008490.689,132.33877635432634
301197.SZ,20260604,31.2,31.7,30.3,30.83,31.49,-0.66,-2.0959,20096.0,62249.809,30.97621865047771
301198.SZ,20260604,18.11,18.38,17.55,17.92,18.12,-0.2,-1.1038,39669.9,71034.065,17.906287890818984
301199.SZ,20260604,19.1,19.41,18.95,19.18,19.1,0.08,0.4188,16782.4,32213.886,19.19504123367337
301200.SZ,20260604,278.43,304.86,271.0,298.8,285.99,12.81,4.4792,67544.93,1967997.387,291.3612297769796
301201.SZ,20260604,34.65,35.94,34.12,35.66,34.86,0.8,2.2949,66835.42,235197.652,35.19056991038584
301202.SZ,20260604,38.68,38.89,37.7,38.0,38.68,-0.68,-1.758,19162.0,73204.749,38.203083707337434
301203.SZ,20260604,44.46,44.96,43.71,44.25,44.91,-0.66,-1.4696,7455.0,32889.292,44.117091884641184
301205.SZ,20260604,323.33,340.0,322.32,331.95,334.17,-2.22,-0.6643,83473.44,2778614.708,332.8741103757076
301206.SZ,20260604,24.11,24.45,23.76,24.07,24.16,-0.09,-0.3725,19262.0,46443.731,24.11158290935521
301207.SZ,20260604,17.25,17.48,16.81,16.89,17.37,-0.48,-2.7634,37175.5,63279.665,17.021873276754853
301208.SZ,20260604,30.21,32.2,30.06,31.98,30.65,1.33,4.3393,39585.95,124776.878,31.520496034577924
301209.SZ,20260604,88.27,94.25,87.8,91.7,88.27,3.43,3.8858,22478.8,207792.133,92.43915733935977
301210.SZ,20260604,27.13,27.47,26.21,26.42,27.3,-0.88,-3.2234,30659.6,81657.829,26.633690263408525
301211.SZ,20260604,9.8,9.87,9.6,9.68,9.84,-0.16,-1.626,22969.79,22262.511,9.692082948951644
301212.SZ,20260604,27.97,28.05,26.63,27.0,28.06,-1.06,-3.7776,16504.0,44752.937,27.11641844401357
301213.SZ,20260604,63.7,64.7,62.75,63.95,64.58,-0.63,-0.9755,9172.43,58248.707,63.5041172295673
301215.SZ,20260604,5.78,5.83,5.57,5.6,5.79,-0.19,-3.2815,158360.0,89894.074,5.6765644102045965
301216.SZ,20260604,25.24,25.59,24.28,24.42,25.6,-1.18,-4.6094,99536.27,246900.924,24.80512118848737
301217.SZ,20260604,103.69,109.79,103.6,109.75,107.4,2.35,2.1881,287725.49,3059570.976,106.33645896302062
301218.SZ,20260604,39.88,44.88,39.51,43.68,41.35,2.33,5.6348,152862.07,659033.886,43.112976685452445
301219.SZ,20260604,59.0,59.49,57.1,57.81,59.64,-1.83,-3.0684,82276.37,475430.325,57.7845528430581
301220.SZ,20260604,37.06,38.0,36.6,36.6,37.06,-0.46,-1.2412,15806.6,58709.462,37.14237217364898
301221.SZ,20260604,30.99,31.41,30.1,30.4,31.3,-0.9,-2.8754,22457.23,68818.61,30.644300298834718
301222.SZ,20260604,30.14,36.25,30.14,33.19,30.48,2.71,8.8911,94562.0,318261.29,33.65636196357945
301223.SZ,20260604,16.97,17.07,16.55,16.79,17.03,-0.24,-1.4093,16416.99,27457.136,16.724829582036655
301225.SZ,20260604,88.71,97.38,88.63,94.98,90.38,4.6,5.0896,28400.2,265806.327,93.59311800621121
301226.SZ,20260604,35.22,35.98,34.52,34.54,35.49,-0.95,-2.6768,28042.29,98438.044,35.10342557615658
301227.SZ,20260604,22.89,23.57,22.37,22.57,23.09,-0.52,-2.2521,16567.1,37898.724,22.87589499671035
301228.SZ,20260604,74.18,76.88,71.65,75.77,75.54,0.23,0.3045,44439.86,333667.077,75.08283711964889
301229.SZ,20260604,14.5,14.63,14.3,14.37,14.6,-0.23,-1.5753,18479.47,26646.708,14.4196278356468
301230.SZ,20260604,34.0,35.3,33.64,34.04,34.23,-0.19,-0.5551,55185.51,190118.791,34.45085331276272
301231.SZ,20260604,32.51,34.2,31.5,32.71,33.2,-0.49,-1.4759,102850.75,338074.016,32.87035009467602
301232.SZ,20260604,132.0,134.0,125.8,126.54,130.08,-3.54,-2.7214,47530.46,609632.873,128.26151335375252
301233.SZ,20260604,56.08,56.98,55.4,55.89,56.65,-0.76,-1.3416,10714.0,60178.225,56.16784114243046
301234.SZ,20260604,40.72,40.88,39.48,40.83,40.71,0.12,0.2948,13562.16,54568.459,40.23581715596926
301235.SZ,20260604,67.4,73.41,66.5,72.68,67.62,5.06,7.483,67826.01,478679.023,70.57455141471539
301236.SZ,20260604,42.2,42.95,41.03,41.58,43.59,-2.01,-4.6111,507259.78,2121858.313,41.829815740565905
301237.SZ,20260604,60.87,65.8,59.17,64.0,61.52,2.48,4.0312,29168.16,183103.016,62.77496283618851
301238.SZ,20260604,23.7,24.66,23.12,23.74,24.13,-0.39,-1.6162,210343.3,503046.176,23.91548368785695
301239.SZ,20260604,34.74,34.96,33.42,33.68,35.06,-1.38,-3.9361,26471.0,89838.986,33.93864455441805
301246.SZ,20260604,30.17,30.37,28.87,29.59,30.37,-0.78,-2.5683,128960.32,381498.454,29.582623089024594
301248.SZ,20260604,74.0,75.68,72.58,73.86,74.76,-0.9,-1.2039,32594.59,241291.183,74.02798531903608
301251.SZ,20260604,48.59,49.5,47.56,48.1,49.37,-1.27,-2.5724,80296.32,388488.401,48.38184377565497
301252.SZ,20260604,33.02,35.3,33.0,34.58,33.55,1.03,3.07,36263.75,124246.84,34.261994415911204
301255.SZ,20260604,24.0,24.48,23.5,24.11,24.06,0.05,0.2078,20183.92,48755.733,24.155730403212065
301256.SZ,20260604,11.41,11.75,11.27,11.64,11.44,0.2,1.7483,64764.53,74843.775,11.556290920354089
301257.SZ,20260604,41.15,41.38,40.51,41.22,41.31,-0.09,-0.2179,14015.48,57441.017,40.98398128355218
301258.SZ,20260604,25.93,26.02,25.19,25.38,26.03,-0.65,-2.4971,6695.03,17066.747,25.491666206126034
301259.SZ,20260604,33.19,34.78,33.0,33.9,33.6,0.3,0.8929,32331.65,109518.06,33.87332845679079
301260.SZ,20260604,14.82,15.63,14.82,15.24,15.01,0.23,1.5323,51378.2,78423.713,15.264005550992445
301261.SZ,20260604,82.17,85.37,81.68,82.42,83.43,-1.01,-1.2106,27150.65,225981.429,83.23241948166987
301262.SZ,20260604,20.52,20.69,19.96,20.11,20.69,-0.58,-2.8033,29678.0,60024.674,20.225309656984972
301263.SZ,20260604,19.74,19.8,18.75,18.81,19.81,-1.0,-5.048,74778.64,142904.722,19.110366543173292
301265.SZ,20260604,25.79,27.25,25.68,27.06,26.09,0.97,3.7179,94617.77,249934.775,26.41520456463939
301266.SZ,20260604,24.6,26.59,24.03,26.18,24.6,1.58,6.4228,67527.05,171279.035,25.364507260423785
301267.SZ,20260604,17.11,17.18,16.43,16.7,17.03,-0.33,-1.9378,48730.91,81493.887,16.72324341983353
301268.SZ,20260604,16.89,17.4,16.36,16.54,17.1,-0.56,-3.2749,63015.0,105257.69,16.703592795366184
301269.SZ,20260604,103.13,107.37,101.95,103.63,105.83,-2.2,-2.0788,179238.0,1867815.278,104.20866546156506
301270.SZ,20260604,30.45,31.47,30.08,31.33,30.71,0.62,2.0189,31187.86,96653.937,30.990884594197873
301272.SZ,20260604,37.97,39.1,37.59,37.99,38.2,-0.21,-0.5497,7693.0,29404.846,38.222859742623164
301273.SZ,20260604,47.12,48.8,46.08,48.0,46.9,1.1,2.3454,20679.19,98450.185,47.6083371737481
301275.SZ,20260604,43.39,43.56,42.46,42.72,43.81,-1.09,-2.488,54601.78,234612.718,42.96796148403953
301276.SZ,20260604,23.85,24.56,23.53,24.42,23.83,0.59,2.4759,17974.31,43139.041,24.00038777566426
301277.SZ,20260604,9.58,9.64,9.29,9.36,9.63,-0.27,-2.8037,27538.76,25943.351,9.420667815108597
301278.SZ,20260604,34.1,34.58,33.86,34.17,34.49,-0.32,-0.9278,13806.17,47117.078,34.12755166711695
301279.SZ,20260604,21.39,21.49,20.94,21.09,21.59,-0.5,-2.3159,15738.48,33303.572,21.160602548657813
301280.SZ,20260604,42.34,42.8,41.37,42.69,42.34,0.35,0.8266,23523.66,99486.487,42.292095277690635
301281.SZ,20260604,44.4,46.74,43.5,46.32,44.67,1.65,3.6938,64944.62,295564.398,45.51022055406591
301282.SZ,20260604,28.92,31.22,28.68,31.22,29.56,1.66,5.6157,234320.92,707205.898,30.181082337846746
301283.SZ,20260604,26.9,27.19,26.29,26.5,27.17,-0.67,-2.466,10183.0,27115.478,26.62818226455858
301285.SZ,20260604,112.57,114.3,110.04,113.2,113.02,0.18,0.1593,27460.0,309449.8,112.69111434814275
301286.SZ,20260604,54.0,63.3,53.99,61.53,54.5,7.03,12.8991,58682.02,350889.76,59.79510589444604
301287.SZ,20260604,35.75,36.12,34.31,35.26,35.97,-0.71,-1.9739,6469.0,22872.764,35.35749574895656
301288.SZ,20260604,17.89,18.52,17.31,18.2,18.12,0.08,0.4415,38154.0,68679.786,18.00067777952508
301289.SZ,20260604,49.27,49.27,47.02,47.49,49.62,-2.13,-4.2926,10496.46,50313.838,47.93410159234638
301290.SZ,20260604,31.42,32.48,31.21,32.1,31.65,0.45,1.4218,27879.22,89142.629,31.974577839695655
301291.SZ,20260604,51.88,52.98,51.0,52.5,52.12,0.38,0.7291,75216.77,390563.1,51.925002894966106
301292.SZ,20260604,68.7,68.9,66.78,67.0,69.21,-2.21,-3.1932,83693.41,564529.353,67.45206737304645
301293.SZ,20260604,58.23,58.4,57.02,57.63,58.37,-0.74,-1.2678,40850.36,235471.864,57.64254317465011
301295.SZ,20260604,45.16,46.2,44.78,45.12,45.35,-0.23,-0.5072,10965.0,49808.776,45.42524031007752
301296.SZ,20260604,6.76,6.8,6.62,6.66,6.78,-0.12,-1.7699,23630.79,15767.646,6.672500580810037
301297.SZ,20260604,43.17,43.85,42.76,43.01,43.45,-0.44,-1.0127,131378.04,567186.763,43.17211331513242
301298.SZ,20260604,14.58,14.91,13.75,13.92,13.25,0.67,5.0566,63326.05,89130.955,14.074927300850124
301299.SZ,20260604,52.22,52.87,50.93,51.18,52.22,-1.04,-1.9916,8454.0,43366.692,51.297246273953164
301300.SZ,20260604,34.66,35.19,33.88,34.35,34.88,-0.53,-1.5195,7089.0,24345.688,34.34290873183806
301301.SZ,20260604,8.72,8.73,8.43,8.51,8.68,-0.17,-1.9585,81069.0,69371.245,8.55706188555428
301302.SZ,20260604,24.79,25.15,24.46,24.71,25.11,-0.4,-1.593,50613.44,124896.905,24.676628381710472
301303.SZ,20260604,13.83,14.86,13.8,14.84,13.8,1.04,7.5362,108254.11,157080.199,14.510321963757312
301305.SZ,20260604,30.36,32.2,30.26,31.85,30.98,0.87,2.8083,142978.76,451179.114,31.555674003607244
301306.SZ,20260604,134.03,135.0,128.27,133.5,134.29,-0.79,-0.5883,29965.34,395167.923,131.87500058400806
301307.SZ,20260604,56.0,62.38,55.07,60.02,56.4,3.62,6.4184,102000.99,611472.825,59.947734330813844
301308.SZ,20260604,528.0,580.0,525.0,568.48,532.51,35.97,6.7548,241807.31,13690586.892,566.1775440949242
301309.SZ,20260604,32.22,32.58,31.41,31.75,32.6,-0.85,-2.6074,12742.0,40577.383,31.845379846177995
301310.SZ,20260604,32.82,33.8,32.51,33.42,33.35,0.07,0.2099,53114.44,176104.737,33.15571754121854
301311.SZ,20260604,14.59,15.28,14.59,14.74,14.7,0.04,0.2721,28884.15,43120.566,14.92879866639662
301312.SZ,20260604,89.07,94.88,88.86,92.84,91.09,1.75,1.9212,63672.55,591130.431,92.83913256183395
301313.SZ,20260604,43.77,45.01,43.28,44.36,44.4,-0.04,-0.0901,62357.95,275562.431,44.190424957844186
301314.SZ,20260604,47.31,49.27,45.9,47.71,47.5,0.21,0.4421,18550.44,87813.218,47.33753916349154
301315.SZ,20260604,42.0,42.4,40.94,41.12,42.3,-1.18,-2.7896,10542.68,43676.435,41.42820895635644
301316.SZ,20260604,41.29,41.92,40.39,40.94,41.3,-0.36,-0.8717,157469.76,647053.065,41.09062368546189
301317.SZ,20260604,65.11,67.66,63.48,67.3,66.0,1.3,1.9697,41676.48,274274.592,65.81040241402344
301318.SZ,20260604,22.0,22.14,21.35,21.59,22.02,-0.43,-1.9528,14096.35,30619.167,21.72134417774814
301319.SZ,20260604,114.0,137.57,113.0,137.57,114.64,22.93,20.0017,171000.76,2201263.757,128.72830255257347
301320.SZ,20260604,15.22,15.63,14.94,15.3,15.28,0.02,0.1309,37214.7,57230.406,15.378440777434726
301321.SZ,20260604,29.59,31.32,29.59,30.24,30.9,-0.66,-2.1359,67082.3,203913.655,30.397534819169884
301322.SZ,20260604,49.95,50.79,47.8,48.19,51.0,-2.81,-5.5098,73806.18,359573.493,48.71861583948662
301323.SZ,20260604,77.53,82.88,76.35,81.18,78.05,3.13,4.0102,27779.07,222984.926,80.27083916056226
301325.SZ,20260604,42.7,44.9,42.7,43.75,43.65,0.1,0.2291,36889.43,162056.772,43.930408249734406
301326.SZ,20260604,137.22,149.8,134.89,146.41,138.82,7.59,5.4675,25507.39,364144.479,142.76038395147447
301327.SZ,20260604,55.98,56.95,54.37,54.8,56.56,-1.76,-3.1117,23868.33,132277.201,55.41954590036252
301328.SZ,20260604,54.83,57.4,54.01,56.1,55.7,0.4,0.7181,25540.91,142641.991,55.848437271812166
301329.SZ,20260604,31.55,33.0,30.68,32.69,33.27,-0.58,-1.7433,227432.67,721770.054,31.73554854718102
301330.SZ,20260604,27.08,27.16,26.52,26.69,27.0,-0.31,-1.1481,18194.52,48602.695,26.712820673477506
301331.SZ,20260604,24.35,24.48,23.4,23.91,24.54,-0.63,-2.5672,17010.73,40525.953,23.82375888630294
301332.SZ,20260604,8.49,8.52,8.23,8.34,8.48,-0.14,-1.6509,22804.82,18958.066,8.313183791847512
301333.SZ,20260604,46.98,47.11,46.09,46.38,47.08,-0.7,-1.4868,12694.2,59150.995,46.59686707315152
301335.SZ,20260604,22.0,22.06,21.2,21.37,22.05,-0.68,-3.0839,13405.15,28791.235,21.477741763426742
301336.SZ,20260604,41.88,43.0,40.45,40.89,41.88,-0.99,-2.3639,16604.9,68959.576,41.52965449957542
301337.SZ,20260604,24.79,24.87,23.96,24.2,24.83,-0.63,-2.5373,13199.52,32092.123,24.31309850661236
301338.SZ,20260604,241.8,258.63,239.5,254.18,248.86,5.32,2.1377,52748.96,1329183.821,251.9829435499771
301339.SZ,20260604,11.58,11.62,11.2,11.25,11.54,-0.29,-2.513,49518.76,56171.107,11.3433993500645
301345.SZ,20260604,201.89,207.51,201.01,203.78,202.57,1.21,0.5973,9168.0,187058.979,204.03466295811518
301348.SZ,20260604,24.35,25.18,24.13,24.63,24.8,-0.17,-0.6855,112791.42,278789.403,24.717252695284802
301349.SZ,20260604,60.0,60.0,56.66,58.54,61.05,-2.51,-4.1114,89193.44,517713.147,58.043859167221264
301353.SZ,20260604,19.5,19.65,19.04,19.24,19.62,-0.38,-1.9368,15608.89,30119.926,19.29664825621809
301355.SZ,20260604,10.77,10.83,10.41,10.55,10.79,-0.24,-2.2243,26875.0,28350.178,10.548903441860464
301356.SZ,20260604,23.1,23.13,21.69,21.89,22.92,-1.03,-4.4939,24477.09,54054.516,22.083718285139287
301357.SZ,20260604,92.0,92.22,89.81,90.39,92.3,-1.91,-2.0693,10056.8,91196.986,90.68191273566144
301358.SZ,20260604,74.45,76.49,74.0,74.35,82.72,-8.37,-10.1185,415823.94,3120017.214,75.03216899921635
301359.SZ,20260604,19.9,20.01,19.2,19.62,20.05,-0.43,-2.1446,20896.8,40902.912,19.573768232456644
301360.SZ,20260604,81.84,83.99,77.99,80.3,82.25,-1.95,-2.3708,62164.49,498557.476,80.19972109479224
301361.SZ,20260604,35.71,36.15,34.85,35.19,36.22,-1.03,-2.8437,30781.0,109180.911,35.47022871251746
301362.SZ,20260604,170.0,202.02,170.0,195.73,172.04,23.69,13.7701,63945.11,1204677.264,188.39239841795563
301363.SZ,20260604,26.61,28.96,26.61,27.48,27.09,0.39,1.4396,227286.25,637684.776,28.056460784583315
301365.SZ,20260604,30.53,31.0,29.59,30.19,30.79,-0.6,-1.9487,29871.5,90012.47,30.133227323703196
301366.SZ,20260604,53.99,56.66,49.38,50.3,54.16,-3.86,-7.127,323306.08,1665063.55,51.501151787804304
301367.SZ,20260604,44.65,45.1,43.9,44.75,44.73,0.02,0.0447,7810.48,34851.337,44.621248630045784
301368.SZ,20260604,44.27,45.25,43.69,43.95,45.02,-1.07,-2.3767,30455.98,135038.045,44.33876204279095
301369.SZ,20260604,182.0,195.5,181.0,190.17,183.11,7.06,3.8556,22745.15,433338.833,190.51922409832426
301370.SZ,20260604,9.12,9.35,8.99,9.15,9.19,-0.04,-0.4353,34221.34,31197.575,9.116409526920922
301371.SZ,20260604,28.28,28.41,27.45,27.96,28.16,-0.2,-0.7102,29001.71,80988.828,27.92553542532492
301372.SZ,20260604,34.11,35.28,33.81,35.22,34.59,0.63,1.8213,11856.0,41031.971,34.608612516869094
301373.SZ,20260604,129.01,146.35,126.26,140.7,130.39,10.31,7.907,102154.61,1370664.605,134.17550172234027
301376.SZ,20260604,18.18,18.53,17.89,18.06,18.26,-0.2,-1.0953,25317.0,46079.682,18.201083066714066
301377.SZ,20260604,378.0,416.27,372.0,408.52,384.74,23.78,6.1808,65832.97,2631353.448,399.7014638713702
301378.SZ,20260604,28.55,28.6,27.8,28.03,28.56,-0.53,-1.8557,18446.5,51847.881,28.1071645027512
301379.SZ,20260604,34.0,37.71,33.8,37.7,35.0,2.7,7.7143,265390.71,964071.832,36.32651014800028
301380.SZ,20260604,30.88,31.29,30.54,30.99,31.36,-0.37,-1.1798,18804.97,58003.401,30.8447187100006
301381.SZ,20260604,18.3,18.32,17.23,17.45,18.31,-0.86,-4.6969,63063.0,111163.197,17.62732458018172
301382.SZ,20260604,40.21,41.3,39.7,40.19,40.7,-0.51,-1.2531,71979.81,290082.467,40.30053246875756
301383.SZ,20260604,29.02,29.95,28.82,28.93,29.34,-0.41,-1.3974,20628.17,60414.75,29.287498600215148
301386.SZ,20260604,22.75,23.14,22.28,22.55,22.73,-0.18,-0.7919,13771.76,31180.528,22.640917355515924
301387.SZ,20260604,91.48,94.24,90.5,92.8,93.97,-1.17,-1.2451,29117.87,269065.629,92.4056701262833
301388.SZ,20260604,27.32,27.71,26.78,26.93,27.33,-0.4,-1.4636,14468.0,39245.816,27.12594415261266
301389.SZ,20260604,82.83,83.83,80.13,82.17,84.12,-1.95,-2.3181,98455.95,807841.887,82.05109868931233
301390.SZ,20260604,32.2,32.42,31.02,31.49,32.2,-0.71,-2.205,8383.11,26390.187,31.48018694732623
301391.SZ,20260604,63.58,66.8,62.57,65.1,63.64,1.46,2.2942,20794.98,135342.378,65.08415877293461
301392.SZ,20260604,161.97,171.8,160.5,169.73,163.81,5.92,3.6139,50792.21,840828.877,165.54288088665567
301393.SZ,20260604,54.05,54.4,52.67,54.08,54.09,-0.01,-0.0185,10248.87,55033.757,53.69739005373275
301395.SZ,20260604,12.22,12.23,11.58,11.78,12.27,-0.49,-3.9935,38016.33,44971.615,11.829551932025
301396.SZ,20260604,171.0,178.0,168.61,169.28,173.4,-4.12,-2.376,106738.79,1832405.784,171.67196517779527
301397.SZ,20260604,30.75,31.32,30.58,31.18,30.91,0.27,0.8735,30884.57,95554.948,30.93938105662472
301398.SZ,20260604,38.1,38.88,37.0,38.34,38.1,0.24,0.6299,19591.12,74935.066,38.2495058985908
301399.SZ,20260604,17.87,18.2,17.83,18.01,18.12,-0.11,-0.6071,15023.94,27021.461,17.985602312043312
301408.SZ,20260604,16.97,17.07,16.25,16.42,17.08,-0.66,-3.8642,141593.84,233939.684,16.52188287287074
301413.SZ,20260604,81.88,89.89,81.31,88.1,82.3,5.8,7.0474,76699.12,666080.606,86.84331788943602
301418.SZ,20260604,41.3,44.32,39.62,43.87,45.88,-2.01,-4.381,88644.63,369476.878,41.68068364660104
301419.SZ,20260604,46.91,48.28,45.8,47.76,50.36,-2.6,-5.1628,152935.08,719677.152,47.05768957651835
301421.SZ,20260604,90.6,95.85,89.98,95.17,92.11,3.06,3.3221,57344.14,536674.376,93.58835549717897
301428.SZ,20260604,36.79,37.92,36.0,36.35,37.21,-0.86,-2.3112,89900.3,329385.083,36.638930348397054
301429.SZ,20260604,19.51,19.58,18.85,19.08,19.51,-0.43,-2.204,12177.0,23287.515,19.124180832717418
301439.SZ,20260604,21.91,22.17,20.72,21.17,23.29,-2.12,-9.1026,429445.85,910644.112,21.20509749948684
301446.SZ,20260604,44.04,45.68,42.8,43.93,44.32,-0.39,-0.88,16415.5,72766.098,44.327676890743504
301448.SZ,20260604,33.28,34.72,33.1,33.31,33.27,0.04,0.1202,8467.91,28577.467,33.74795787862649
301449.SZ,20260604,61.4,62.09,59.33,62.06,61.43,0.63,1.0256,7445.43,44828.083,60.20885697669577
301456.SZ,20260604,27.58,27.75,26.46,26.53,27.78,-1.25,-4.4996,21908.41,58992.296,26.926781085437057
301458.SZ,20260604,51.0,58.99,50.6,57.1,51.65,5.45,10.5518,281639.0,1537412.584,54.588057193783534
301459.SZ,20260604,33.65,33.95,33.03,33.58,33.75,-0.17,-0.5037,7403.81,24879.982,33.604295626170845
301468.SZ,20260604,43.0,51.97,42.96,51.97,43.31,8.66,19.9954,220884.9,1076237.426,48.72390217710672
301469.SZ,20260604,31.8,31.99,30.82,31.11,31.9,-0.79,-2.4765,10377.0,32414.822,31.23718030259227
301479.SZ,20260604,67.2,70.04,66.55,68.43,68.33,0.1,0.1463,32198.26,218858.229,67.9720671241241
301486.SZ,20260604,226.72,229.5,218.0,220.01,231.98,-11.97,-5.1599,94556.28,2099920.77,222.0815761787583
301487.SZ,20260604,24.01,24.29,23.0,23.15,24.3,-1.15,-4.7325,181084.1,424582.02,23.446675881537917
301488.SZ,20260604,139.11,142.0,137.4,138.05,142.4,-4.35,-3.0548,16953.6,235697.855,139.02525422329182
301489.SZ,20260604,154.0,163.0,143.51,150.26,154.6,-4.34,-2.8072,132752.89,2008498.207,151.29600621123953
301491.SZ,20260604,43.06,44.28,41.58,43.45,42.95,0.5,1.1641,10480.1,44986.347,42.9254940315455
301498.SZ,20260604,42.48,43.2,41.5,41.66,42.8,-1.14,-2.6636,40841.96,172135.437,42.14671308624758
301499.SZ,20260604,32.76,33.08,32.03,32.45,32.77,-0.32,-0.9765,18191.41,59164.237,32.52317275021562
301500.SZ,20260604,26.41,26.5,25.56,26.08,26.71,-0.63,-2.3587,105499.6,273579.05,25.93176182658512
301501.SZ,20260604,29.4,29.79,28.6,29.15,29.49,-0.34,-1.1529,9729.4,28211.103,28.995727382983535
301502.SZ,20260604,82.7,83.95,79.17,81.22,82.69,-1.47,-1.7777,10711.24,87364.452,81.56334093905095
301503.SZ,20260604,31.74,31.81,30.71,31.03,31.93,-0.9,-2.8187,10579.0,32940.227,31.137373097646282
301505.SZ,20260604,19.17,19.55,19.04,19.21,19.25,-0.04,-0.2078,19677.08,37907.807,19.264955471035336
301507.SZ,20260604,12.61,12.67,12.26,12.43,12.69,-0.26,-2.0489,27521.0,34151.913,12.40940118454998
301508.SZ,20260604,25.5,25.59,24.85,25.1,25.47,-0.37,-1.4527,13980.0,35186.337,25.16905364806867
301509.SZ,20260604,28.0,28.06,27.25,27.6,28.12,-0.52,-1.8492,17649.44,48504.043,27.481916140115494
301510.SZ,20260604,33.8,34.48,33.57,33.8,33.91,-0.11,-0.3244,110483.38,375941.916,34.027010759446355
301511.SZ,20260604,121.02,124.61,115.5,122.31,124.53,-2.22,-1.7827,365812.67,4409834.21,120.5489741511687
301512.SZ,20260604,53.8,54.44,52.63,53.18,54.66,-1.48,-2.7076,14595.15,77930.599,53.39485993634872
301513.SZ,20260604,67.2,67.61,65.55,66.28,67.42,-1.14,-1.6909,14865.01,98368.607,66.17459860437363
301515.SZ,20260604,20.52,20.66,19.7,19.84,20.5,-0.66,-3.2195,14829.0,29633.285,19.983333333333334
301516.SZ,20260604,17.05,17.27,16.58,16.77,17.27,-0.5,-2.8952,56602.31,95218.442,16.82235972348125
301517.SZ,20260604,55.0,55.91,53.61,54.1,55.36,-1.26,-2.276,29587.0,160677.295,54.3067208571332
301518.SZ,20260604,30.68,30.68,29.7,29.88,30.66,-0.78,-2.544,12826.56,38555.906,30.05942824888357
301519.SZ,20260604,12.89,13.1,12.46,12.55,12.93,-0.38,-2.9389,33275.0,42134.109,12.662391885800147
301520.SZ,20260604,36.37,36.37,35.22,35.41,36.38,-0.97,-2.6663,4331.0,15400.162,35.55798199030247
301522.SZ,20260604,26.26,28.26,26.0,27.3,26.51,0.79,2.98,105564.65,287085.68,27.1952476515576
301525.SZ,20260604,69.0,71.1,68.66,69.98,69.55,0.43,0.6183,11458.22,80258.382,70.04437163887584
301526.SZ,20260604,21.62,23.3,21.5,22.69,22.01,0.68,3.0895,1609183.52,3626885.682,22.538670306541544
301528.SZ,20260604,69.81,82.3,69.5,80.75,70.49,10.26,14.5553,42945.98,333187.99,77.58304502540167
301529.SZ,20260604,111.23,118.57,110.06,113.79,112.55,1.24,1.1017,28829.74,331949.278,115.1412666225918
301531.SZ,20260604,76.98,78.5,72.5,77.75,76.93,0.82,1.0659,85053.66,642189.849,75.50408165856707
301533.SZ,20260604,27.74,27.97,27.08,27.33,27.76,-0.43,-1.549,9400.96,25790.025,27.43339510007489
301535.SZ,20260604,16.02,16.16,15.84,15.96,16.2,-0.24,-1.4815,22177.6,35437.706,15.979053639708535
301536.SZ,20260604,78.4,80.4,78.12,78.89,79.68,-0.79,-0.9915,58063.78,458551.527,78.97376419516607
301538.SZ,20260604,87.49,92.52,86.5,91.23,87.82,3.41,3.8829,17813.35,160120.884,89.88813670645894
301539.SZ,20260604,15.73,15.74,15.17,15.2,15.78,-0.58,-3.6755,21622.41,33132.115,15.323044470990975
301548.SZ,20260604,73.89,78.55,73.0,77.47,74.41,3.06,4.1124,18857.25,143310.005,75.99729812141219
301550.SZ,20260604,110.45,116.7,109.08,113.3,110.74,2.56,2.3117,69856.7,796763.563,114.05685682260972
301551.SZ,20260604,23.45,23.9,23.04,23.23,23.74,-0.51,-2.1483,42845.69,99749.961,23.281212415997963
301552.SZ,20260604,25.88,25.94,25.29,25.57,25.97,-0.4,-1.5402,9361.37,23877.233,25.506131047058282
301555.SZ,20260604,38.39,39.12,37.38,37.95,39.06,-1.11,-2.8418,33367.93,126829.727,38.00946807308694
301556.SZ,20260604,68.64,69.88,67.09,67.56,70.24,-2.68,-3.8155,13389.54,91233.046,68.13755065521295
301557.SZ,20260604,83.0,84.35,80.66,82.85,84.41,-1.56,-1.8481,14098.42,115841.965,82.16662931023477
301558.SZ,20260604,6.87,6.93,6.67,6.72,6.88,-0.16,-2.3256,64046.8,43346.769,6.767983568265706
301559.SZ,20260604,14.26,14.26,13.65,13.78,14.14,-0.36,-2.546,20074.82,27842.617,13.869422988599649
301560.SZ,20260604,32.1,32.43,31.07,31.76,32.18,-0.42,-1.3052,17728.97,55928.807,31.546563054706503
301563.SZ,20260604,202.23,227.99,202.23,224.25,206.0,18.25,8.8592,76169.56,1677756.972,220.26607111817373
301565.SZ,20260604,25.06,26.33,24.11,26.29,25.63,0.66,2.5751,245734.76,625816.034,25.467135133832915
301566.SZ,20260604,37.15,39.12,36.44,38.6,38.51,0.09,0.2337,499571.72,1896797.912,37.968480521675644
301567.SZ,20260604,42.76,42.85,41.47,41.62,42.77,-1.15,-2.6888,12685.0,53277.877,42.0006913677572
301568.SZ,20260604,77.96,87.0,76.28,83.9,78.49,5.41,6.8926,74184.74,615243.368,82.93395218477545
301571.SZ,20260604,58.66,60.2,57.24,57.55,59.15,-1.6,-2.705,32292.54,188191.884,58.27720086434823
301575.SZ,20260604,42.15,42.94,41.78,42.73,42.35,0.38,0.8973,5278.68,22428.445,42.48873771473171
301577.SZ,20260604,93.84,101.41,93.0,100.75,98.46,2.29,2.3258,48638.91,476762.497,98.0208020697832
301578.SZ,20260604,23.99,24.36,23.21,23.3,23.9,-0.6,-2.5105,12921.63,30636.785,23.709690650482955
301580.SZ,20260604,55.83,56.22,55.05,55.69,56.3,-0.61,-1.0835,19254.4,106923.572,55.53201969419976
301581.SZ,20260604,49.88,50.36,48.37,48.79,51.13,-2.34,-4.5766,18488.48,90882.17,49.1561069379419
301584.SZ,20260604,23.04,23.05,21.8,22.45,22.97,-0.52,-2.2638,29839.57,66671.79,22.34341513634412
301585.SZ,20260604,26.3,26.58,25.44,25.78,26.33,-0.55,-2.0889,10683.66,27465.401,25.70785760685009
301586.SZ,20260604,37.13,37.13,35.48,35.83,37.07,-1.24,-3.345,9624.46,34614.868,35.9655170264098
301587.SZ,20260604,25.78,25.98,24.47,24.77,25.87,-1.1,-4.252,50707.97,126714.194,24.989009420018196
301588.SZ,20260604,36.42,37.34,34.03,34.48,36.77,-2.29,-6.2279,70382.0,249684.939,35.475681140064225
301589.SZ,20260604,150.0,153.03,150.0,152.19,151.37,0.82,0.5417,6663.19,101064.764,151.6762451618519
301590.SZ,20260604,172.0,178.68,171.0,173.99,172.76,1.23,0.712,5443.64,95477.663,175.39305134064705
301591.SZ,20260604,50.45,51.8,46.95,51.21,53.02,-1.81,-3.4138,154343.18,761040.139,49.30831015662629
301592.SZ,20260604,107.0,107.0,103.0,103.2,107.44,-4.24,-3.9464,9022.0,93839.027,104.01133562403015
301595.SZ,20260604,44.03,45.0,43.17,43.7,44.44,-0.74,-1.6652,12289.98,53915.443,43.86943103243455
301596.SZ,20260604,72.86,77.29,72.0,75.5,73.61,1.89,2.5676,19488.93,146602.296,75.22336834295162
301598.SZ,20260604,55.48,55.65,53.91,54.3,55.41,-1.11,-2.0032,5423.0,29605.334,54.592170385395534
301599.SZ,20260604,52.49,52.85,50.5,51.68,53.28,-1.6,-3.003,78702.97,405227.787,51.48824586924738
301600.SZ,20260604,100.24,102.29,99.0,100.71,100.24,0.47,0.4689,7952.27,80213.904,100.86919080966817
301601.SZ,20260604,18.38,18.56,17.87,17.99,18.36,-0.37,-2.0153,19513.14,35388.331,18.13564141906428
301602.SZ,20260604,15.81,15.87,15.37,15.5,15.8,-0.3,-1.8987,17693.95,27489.963,15.536362994130762
301603.SZ,20260604,126.5,131.7,125.0,130.73,128.32,2.41,1.8781,25363.47,325616.172,128.37997797619963
301606.SZ,20260604,67.44,68.38,66.33,66.82,68.5,-1.68,-2.4526,33573.93,225492.044,67.16283854764694
301607.SZ,20260604,41.7,42.84,40.75,42.44,42.38,0.06,0.1416,123584.34,517584.606,41.88108347708132
301608.SZ,20260604,53.88,54.48,53.35,54.03,54.26,-0.23,-0.4239,12359.51,66884.142,54.11552885187197
301609.SZ,20260604,50.0,50.0,48.52,49.21,50.22,-1.01,-2.0112,30534.27,150687.843,49.35039973118728
301611.SZ,20260604,96.0,113.48,94.75,107.99,97.8,10.19,10.4192,252225.5,2645455.349,104.88453185740538
301613.SZ,20260604,43.08,43.25,42.19,42.2,43.08,-0.88,-2.0427,9082.05,38564.915,42.46278648543005
301616.SZ,20260604,38.21,38.71,37.88,38.0,38.59,-0.59,-1.5289,5323.17,20322.628,38.17767984114729
301617.SZ,20260604,50.49,52.88,49.01,52.33,51.0,1.33,2.6078,37031.41,190363.644,51.4059939926673
301618.SZ,20260604,39.88,40.95,39.4,39.96,40.4,-0.44,-1.0891,15829.48,63271.68,39.97078868036095
301622.SZ,20260604,54.46,54.95,53.06,54.7,54.63,0.07,0.1281,15329.0,82659.158,53.92338573944811
301626.SZ,20260604,319.5,320.0,310.88,316.66,323.01,-6.35,-1.9659,17193.44,540951.336,314.62658781488756
301628.SZ,20260604,122.01,123.88,117.7,120.9,125.8,-4.9,-3.8951,44681.72,536325.054,120.0323206000127
301629.SZ,20260604,357.13,370.0,353.47,360.34,363.35,-3.01,-0.8284,13453.13,488116.427,362.8274067075841
301630.SZ,20260604,241.46,250.6,241.01,246.13,245.0,1.13,0.4612,11176.98,275208.007,246.22752031407407
301631.SZ,20260604,80.17,84.88,79.96,83.16,80.88,2.28,2.819,27720.08,228148.847,82.30454132888505
301632.SZ,20260604,16.92,17.68,16.59,17.52,17.09,0.43,2.5161,47645.99,81534.842,17.112634662434342
301633.SZ,20260604,52.63,52.63,50.48,50.79,51.91,-1.12,-2.1576,3707.0,18968.394,51.16912328028056
301636.SZ,20260604,49.51,49.9,48.6,49.5,49.94,-0.44,-0.8811,11670.21,57354.241,49.145851702754285
301638.SZ,20260604,26.3,26.46,25.82,26.03,26.69,-0.66,-2.4728,186811.09,486319.252,26.0326756832263
301656.SZ,20260604,17.66,17.87,17.34,17.66,17.73,-0.07,-0.3948,65205.81,114546.167,17.566865130576556
301658.SZ,20260604,33.27,33.49,32.22,32.62,33.6,-0.98,-2.9167,52547.65,171956.962,32.72400611635344
301662.SZ,20260604,94.58,96.26,93.61,95.49,95.22,0.27,0.2836,23797.68,226337.81,95.10919131612829
301665.SZ,20260604,22.42,22.58,22.15,22.34,22.53,-0.19,-0.8433,19079.76,42605.79,22.33035950137738
301666.SZ,20260604,770.0,865.99,755.1,857.9,766.8,91.1,11.8805,69436.2,5599885.754,806.4792937977596
301667.SZ,20260604,88.88,89.0,84.78,86.3,88.88,-2.58,-2.9028,29490.61,253527.576,85.96891552938375
301668.SZ,20260604,37.23,37.6,36.44,36.67,37.73,-1.06,-2.8094,12571.16,46285.246,36.81859589727598
301678.SZ,20260604,52.31,53.88,51.3,52.5,53.8,-1.3,-2.4164,29158.11,153343.956,52.5904991784447
301680.SZ,20260604,128.0,131.17,124.4,125.1,129.89,-4.79,-3.6877,29506.37,372838.758,126.35873474100677
301682.SZ,20260604,171.11,195.0,171.11,187.55,173.88,13.67,7.8617,76039.97,1409696.073,185.3888255084793
301683.SZ,20260604,138.33,144.49,137.83,141.8,140.15,1.65,1.1773,22254.26,315322.207,141.69071764237498
301687.SZ,20260604,54.5,55.0,53.23,53.6,55.25,-1.65,-2.9864,22750.8,122446.278,53.82064718603302
301696.SZ,20260604,123.0,131.66,122.02,129.88,124.1,5.78,4.6575,65242.5,837381.76,128.3491221213166
302132.SZ,20260604,60.2,60.4,58.58,58.77,60.8,-2.03,-3.3388,76422.59,451739.483,59.11072668434818
600000.SH,20260604,9.27,9.3,9.19,9.19,9.25,-0.06,-0.6486,560926.41,518543.818,9.244417962063864
600004.SH,20260604,8.13,8.15,8.01,8.03,8.12,-0.09,-1.1084,77609.67,62598.723,8.065840635580592
600006.SH,20260604,6.1,6.13,5.88,5.93,6.1,-0.17,-2.7869,182878.51,109356.625,5.979741687527965
600007.SH,20260604,21.12,21.34,20.54,21.03,21.14,-0.11,-0.5203,43226.99,90624.955,20.964900632683424
600008.SH,20260604,3.24,3.29,3.19,3.19,3.25,-0.06,-1.8462,1205176.43,389616.844,3.2328614657689583
600009.SH,20260604,23.6,23.78,23.14,23.39,23.79,-0.4,-1.6814,196921.36,460386.175,23.379189286525342
600010.SH,20260604,2.39,2.43,2.36,2.42,2.41,0.01,0.4149,5292146.91,1267467.543,2.394996897393387
600011.SH,20260604,8.91,9.06,8.7,8.75,9.13,-0.38,-4.1621,3291694.97,2898058.29,8.80415201412177
600012.SH,20260604,16.3,16.68,16.21,16.45,16.21,0.24,1.4806,80809.0,133052.618,16.465074187281118
600015.SH,20260604,6.83,6.87,6.68,6.72,6.85,-0.13,-1.8978,719946.4,486092.618,6.751788994291798
600016.SH,20260604,3.53,3.55,3.48,3.5,3.54,-0.04,-1.1299,1927303.56,676441.182,3.5097801718375905
600017.SH,20260604,2.78,2.81,2.74,2.76,2.79,-0.03,-1.0753,248366.0,68918.481,2.7748758284145176
600018.SH,20260604,5.06,5.1,4.99,5.0,5.07,-0.07,-1.3807,594250.0,299066.568,5.032672578880942
600019.SH,20260604,5.82,5.83,5.69,5.72,5.83,-0.11,-1.8868,1133160.83,651004.75,5.745034003690367
600020.SH,20260604,3.96,4.01,3.94,3.96,3.97,-0.01,-0.2519,159909.08,63534.462,3.9731616240928913
600021.SH,20260604,20.4,20.63,19.79,19.8,20.86,-1.06,-5.0815,1196688.84,2423416.947,20.251019864111043
600022.SH,20260604,1.33,1.34,1.3,1.31,1.33,-0.02,-1.5038,674231.34,88873.592,1.3181468544609631
600023.SH,20260604,6.33,6.42,6.21,6.24,6.42,-0.18,-2.8037,801509.74,503041.68,6.2761767561302495
600025.SH,20260604,10.08,10.18,9.94,9.98,10.13,-0.15,-1.4808,329546.65,331165.509,10.04912381904049
600026.SH,20260604,17.9,18.2,17.59,17.7,17.94,-0.24,-1.3378,609974.76,1087929.82,17.8356530686614
600027.SH,20260604,5.55,5.6,5.43,5.44,5.59,-0.15,-2.6834,1975613.04,1085206.632,5.493012093096935
600028.SH,20260604,4.84,4.89,4.82,4.82,4.86,-0.04,-0.823,2332991.45,1130084.685,4.843929818088275
600029.SH,20260604,5.19,5.24,5.17,5.21,5.2,0.01,0.1923,775236.23,403040.506,5.198937954692855
600030.SH,20260604,25.42,25.84,25.41,25.59,25.6,-0.01,-0.0391,1293749.77,3310998.447,25.592263077271895
600031.SH,20260604,17.9,18.39,17.82,18.14,17.96,0.18,1.0022,939872.76,1705617.571,18.147324229292483
600032.SH,20260604,11.1,11.45,10.79,10.87,11.43,-0.56,-4.8994,742914.63,823859.879,11.08956326516278
600033.SH,20260604,3.56,3.59,3.51,3.52,3.57,-0.05,-1.4006,191812.5,68016.635,3.5459959595959596
600035.SH,20260604,3.86,3.89,3.79,3.81,3.86,-0.05,-1.2953,126536.85,48540.979,3.836114064796144
600036.SH,20260604,38.4,38.65,37.99,38.1,38.5,-0.4,-1.039,738841.28,2826182.655,38.25155322940266
600037.SH,20260604,7.04,7.08,6.76,6.84,7.05,-0.21,-2.9787,196620.6,135795.087,6.906452680950013
600038.SH,20260604,26.8,26.88,26.43,26.67,26.84,-0.17,-0.6334,54033.97,143584.182,26.572946981315646
600039.SH,20260604,8.17,8.34,8.17,8.32,8.17,0.15,1.836,204165.77,169338.877,8.294185504259604
600048.SH,20260604,5.48,5.52,5.31,5.38,5.5,-0.12,-2.1818,1722122.17,929467.679,5.3972226546505695
600050.SH,20260604,4.36,4.37,4.3,4.3,4.37,-0.07,-1.6018,1539387.58,665594.921,4.3237643959684275
600051.SH,20260604,6.57,6.65,6.41,6.44,6.61,-0.17,-2.5719,70135.0,45430.493,6.477577956797605
600052.SH,20260604,4.11,4.11,3.91,3.95,4.11,-0.16,-3.8929,195014.6,77667.427,3.9826467864457324
600053.SH,20260604,9.23,9.3,8.93,9.02,9.28,-0.26,-2.8017,34893.28,31650.354,9.070615889363223
600054.SH,20260604,11.01,11.04,10.7,10.79,11.02,-0.23,-2.0871,73062.01,79110.823,10.827901258123067
600055.SH,20260604,12.71,12.72,12.12,12.25,12.66,-0.41,-3.2385,62145.0,76741.295,12.348748089146351
600056.SH,20260604,9.67,9.73,9.46,9.49,9.67,-0.18,-1.8614,138534.38,132165.954,9.540299960197606
600057.SH,20260604,6.11,6.15,5.99,6.02,6.12,-0.1,-1.634,181804.53,109890.387,6.044425130660935
600058.SH,20260604,9.99,9.99,9.65,9.72,10.0,-0.28,-2.8,103776.0,101139.317,9.745925551187172
600059.SH,20260604,8.08,8.21,7.98,8.0,8.15,-0.15,-1.8405,70768.09,57000.138,8.054497161079238
600060.SH,20260604,25.5,25.85,24.9,25.02,25.06,-0.04,-0.1596,110741.0,280234.413,25.305389422165234
600061.SH,20260604,6.4,6.44,6.28,6.3,6.41,-0.11,-1.7161,310409.29,197023.05,6.34720210854514
600062.SH,20260604,16.75,16.9,16.61,16.65,16.8,-0.15,-0.8929,35007.77,58437.266,16.692655944666
600063.SH,20260604,7.01,7.58,6.91,7.47,7.13,0.34,4.7686,1799326.1,1303625.611,7.245076981876714
600064.SH,20260604,7.49,7.53,7.31,7.35,7.49,-0.14,-1.8692,122108.76,90392.072,7.402587005223868
600066.SH,20260604,32.76,32.94,29.56,29.99,32.83,-2.84,-8.6506,462511.02,1407698.83,30.43600625991571
600067.SH,20260604,3.04,3.07,2.99,3.02,3.05,-0.03,-0.9836,201479.21,60920.661,3.0236698367042436
600071.SH,20260604,17.7,18.33,17.66,18.14,17.94,0.2,1.1148,43717.0,79113.376,18.096707459340763
600072.SH,20260604,10.63,10.94,10.5,10.56,10.6,-0.04,-0.3774,276624.99,296917.278,10.73356669619762
600073.SH,20260604,5.24,5.29,5.07,5.1,5.24,-0.14,-2.6718,91534.66,47144.023,5.15040127969012
600075.SH,20260604,4.96,5.0,4.76,4.77,4.99,-0.22,-4.4088,212119.81,102803.738,4.8464939696108535
600076.SH,20260604,3.63,3.65,3.53,3.55,3.66,-0.11,-3.0055,221742.63,79234.485,3.5732635172587246
600078.SH,20260604,13.12,14.04,12.8,13.99,13.08,0.91,6.9572,666856.69,908347.432,13.621328924510003
600079.SH,20260604,17.4,17.46,17.32,17.34,17.41,-0.07,-0.4021,68118.65,118320.716,17.3697975517718
600080.SH,20260604,5.53,5.62,5.45,5.5,5.6,-0.1,-1.7857,41263.46,22768.407,5.517813338968666
600081.SH,20260604,10.65,10.86,10.52,10.58,10.73,-0.15,-1.3979,34035.35,36303.504,10.666411245954574
600082.SH,20260604,3.36,3.4,3.23,3.25,3.4,-0.15,-4.4118,148894.01,48693.405,3.270340089571098
600084.SH,20260604,4.91,4.93,4.81,4.83,4.92,-0.09,-1.8293,31366.0,15239.531,4.858614742077409
600085.SH,20260604,25.23,25.4,24.72,24.85,25.23,-0.38,-1.5061,54650.95,136673.147,25.008375334738005
600088.SH,20260604,13.8,14.38,13.72,14.07,13.94,0.13,0.9326,86687.79,121853.115,14.056548794241959
600089.SH,20260604,25.9,25.99,25.6,25.65,26.23,-0.58,-2.2112,1035317.89,2663345.287,25.724903555950334
600094.SH,20260604,4.04,4.21,4.04,4.09,4.1,-0.01,-0.2439,188656.68,77861.493,4.127152719956696
600095.SH,20260604,8.12,8.22,7.9,7.96,8.16,-0.2,-2.451,221475.01,177172.299,7.999651924612171
600096.SH,20260604,30.9,30.92,30.0,30.22,31.02,-0.8,-2.579,368116.19,1114068.074,30.264033592219892
600097.SH,20260604,8.9,9.09,8.69,8.75,8.91,-0.16,-1.7957,35182.76,31133.622,8.849113031496108
600098.SH,20260604,7.97,8.24,7.94,8.11,8.06,0.05,0.6203,518475.25,420663.773,8.113478377222442
600099.SH,20260604,9.5,9.59,9.21,9.3,9.51,-0.21,-2.2082,34258.0,31976.154,9.333923171230078
600100.SH,20260604,7.77,7.83,7.66,7.72,7.82,-0.1,-1.2788,286262.51,221564.785,7.739916239817781
600101.SH,20260604,10.53,10.9,10.44,10.49,10.74,-0.25,-2.3277,574504.1,609544.847,10.609930320775778
600103.SH,20260604,4.03,4.25,3.91,3.96,4.07,-0.11,-2.7027,3512045.9,1422891.777,4.051461220936777
600104.SH,20260604,12.07,12.13,11.77,11.82,12.08,-0.26,-2.1523,453121.08,539074.212,11.896913116467678
600105.SH,20260604,51.0,54.95,51.0,54.29,51.92,2.37,4.5647,1476736.14,7912134.52,53.57852568028842
600106.SH,20260604,5.29,5.49,5.17,5.21,5.28,-0.07,-1.3258,190690.98,101376.481,5.316270386779699
600107.SH,20260604,6.64,6.64,6.47,6.5,6.64,-0.14,-2.1084,30308.2,19793.424,6.530715779887951
600108.SH,20260604,3.41,3.48,3.36,3.41,3.44,-0.03,-0.8721,584856.14,199367.392,3.4088278871450335
600109.SH,20260604,8.24,8.42,7.99,8.03,8.31,-0.28,-3.3694,588434.54,480004.603,8.157315221502802
600110.SH,20260604,11.89,11.9,11.26,11.54,12.04,-0.5,-4.1528,1766155.33,2028672.301,11.48637532917334
600111.SH,20260604,49.0,50.98,48.37,49.66,49.82,-0.16,-0.3212,1039753.2,5142715.991,49.460929680235665
600113.SH,20260604,36.49,36.97,35.3,35.78,35.92,-0.14,-0.3898,47759.35,172058.22,36.02608075696173
600114.SH,20260604,39.0,40.05,38.38,39.61,39.22,0.39,0.9944,264292.44,1038545.293,39.295308371287504
600115.SH,20260604,4.01,4.04,3.95,3.97,4.01,-0.04,-0.9975,2466067.27,984280.64,3.9912967986473458
600116.SH,20260604,6.94,7.03,6.87,6.89,7.01,-0.12,-1.7118,361146.0,250500.596,6.93626943119957
600117.SH,20260604,2.36,2.36,2.27,2.29,2.36,-0.07,-2.9661,187570.56,43187.24,2.302453007550865
600118.SH,20260604,80.0,81.28,79.0,80.28,81.58,-1.3,-1.5935,363830.4,2916565.204,80.16276825685813
600119.SH,20260604,5.66,5.7,5.39,5.4,5.67,-0.27,-4.7619,42278.0,23174.854,5.481539807937934
600120.SH,20260604,4.81,4.84,4.72,4.74,4.83,-0.09,-1.8634,272337.23,129757.279,4.764580993939022
600121.SH,20260604,5.69,6.25,5.56,5.7,5.69,0.01,0.1757,3137534.51,1840623.652,5.8664650416865065
600123.SH,20260604,7.37,7.49,7.26,7.35,7.37,-0.02,-0.2714,602388.18,443706.759,7.3657945778418155
600125.SH,20260604,5.65,5.7,5.53,5.57,5.66,-0.09,-1.5901,132801.43,74412.725,5.603307509565222
600126.SH,20260604,7.65,7.68,7.32,7.38,7.71,-0.33,-4.2802,675363.05,503123.299,7.449671683992779
600127.SH,20260604,6.11,6.2,6.01,6.06,6.13,-0.07,-1.1419,109942.42,67041.002,6.097828481490584
600128.SH,20260604,9.03,9.19,8.81,8.88,9.04,-0.16,-1.7699,46364.18,41383.874,8.925828948123314
600129.SH,20260604,14.2,14.34,13.78,13.79,14.3,-0.51,-3.5664,61254.94,85617.124,13.977178656937708
600130.SH,20260604,5.05,5.15,4.82,4.84,5.09,-0.25,-4.9116,477459.33,236817.822,4.959957992652484
600131.SH,20260604,16.95,17.0,16.35,16.4,17.07,-0.67,-3.925,162847.41,270801.851,16.629177645502622
600132.SH,20260604,51.57,52.0,50.58,50.63,51.9,-1.27,-2.447,35173.19,179852.752,51.133477515118756
600133.SH,20260604,8.55,8.7,8.04,8.21,8.6,-0.39,-4.5349,361014.0,301405.621,8.348862398688139
600135.SH,20260604,9.09,9.17,8.9,8.97,9.14,-0.17,-1.86,87617.59,78855.904,9.000008331660343
600136.SH,20260604,1.6,1.62,1.58,1.59,1.61,-0.02,-1.2422,121294.44,19423.122,1.6013200605073075
600137.SH,20260604,19.68,20.0,19.27,19.45,19.83,-0.38,-1.9163,18235.0,35529.814,19.484405812996982
600138.SH,20260604,7.8,7.85,7.5,7.54,7.81,-0.27,-3.4571,96534.99,73555.563,7.6195753477573245
600141.SH,20260604,31.4,31.4,29.51,29.56,31.6,-2.04,-6.4557,403188.0,1212373.932,30.069692848001427
600143.SH,20260604,16.33,16.65,16.11,16.32,16.47,-0.15,-0.9107,482585.09,789882.188,16.367728808198365
600148.SH,20260604,16.6,16.75,16.12,16.22,16.67,-0.45,-2.6995,15623.0,25568.762,16.36610254112526
600149.SH,20260604,5.52,5.56,5.33,5.39,5.53,-0.14,-2.5316,148057.0,80098.848,5.410000742957104
600150.SH,20260604,36.01,37.5,36.0,36.89,36.33,0.56,1.5414,858508.5,3174588.708,36.9779531361658
600151.SH,20260604,12.43,13.26,12.3,12.6,12.55,0.05,0.3984,377227.79,478944.257,12.696420298197014
600152.SH,20260604,12.06,12.3,11.83,11.93,12.37,-0.44,-3.557,319782.0,383730.005,11.999737477406482
600153.SH,20260604,9.62,10.01,9.56,9.7,9.62,0.08,0.8316,296108.52,288596.65,9.746313615021952
600155.SH,20260604,5.56,5.7,5.48,5.51,5.58,-0.07,-1.2545,234064.0,130559.453,5.577938213480074
600156.SH,20260604,10.0,10.34,9.58,9.66,9.92,-0.26,-2.621,274456.0,269668.558,9.825566138105927
600157.SH,20260604,1.84,1.87,1.83,1.84,1.85,-0.01,-0.5405,9507983.64,1756399.222,1.8472888558735467
600158.SH,20260604,9.7,9.86,9.55,9.65,9.88,-0.23,-2.3279,766235.93,742655.614,9.692257761914139
600159.SH,20260604,2.73,2.83,2.64,2.66,2.74,-0.08,-2.9197,311140.0,84379.361,2.7119419232499844
600160.SH,20260604,38.22,39.22,37.8,38.24,38.79,-0.55,-1.4179,653343.4,2505795.335,38.35341927384588
600161.SH,20260604,13.13,13.18,12.79,12.88,13.13,-0.25,-1.904,112470.16,145215.08,12.911431796665
600162.SH,20260604,3.51,3.69,3.3,3.42,3.35,0.07,2.0896,4933697.56,1736081.372,3.518824068332231
600163.SH,20260604,7.14,7.52,6.98,7.03,7.27,-0.24,-3.3012,1030866.47,740184.047,7.1802126515958955
600165.SH,20260604,2.95,2.96,2.88,2.91,2.95,-0.04,-1.3559,44094.0,12848.597,2.9139105093663535
600166.SH,20260604,3.07,3.16,3.03,3.05,3.09,-0.04,-1.2945,1532253.34,471893.815,3.079737551754986
600167.SH,20260604,6.79,6.88,6.67,6.7,6.82,-0.12,-1.7595,117693.9,79612.971,6.764409285443001
600168.SH,20260604,4.7,4.73,4.52,4.54,4.71,-0.17,-3.6093,104930.24,48250.465,4.598337428752664
600169.SH,20260604,2.25,2.28,2.24,2.25,2.25,0.0,0.0,88639.73,19996.493,2.2559289158484575
600170.SH,20260604,2.53,2.54,2.47,2.48,2.53,-0.05,-1.9763,1085935.14,271065.613,2.4961491991133102
600171.SH,20260604,27.89,29.64,27.45,28.65,27.26,1.39,5.099,369033.12,1065886.925,28.88323207954885
600172.SH,20260604,14.24,14.8,14.06,14.48,15.04,-0.56,-3.7234,2773791.41,3996700.701,14.408800483667225
600173.SH,20260604,7.09,7.3,7.0,7.06,7.09,-0.03,-0.4231,127979.92,90993.145,7.109954827288531
600176.SH,20260604,37.32,39.17,36.5,38.39,37.91,0.48,1.2662,1562318.72,5887619.226,37.68513524564309
600177.SH,20260604,7.47,7.53,7.32,7.33,7.45,-0.12,-1.6107,252428.88,186773.894,7.399069947939396
600178.SH,20260604,8.9,8.98,8.71,8.77,8.93,-0.16,-1.7917,36210.0,31878.758,8.803854736260702
600179.SH,20260604,4.45,4.65,4.44,4.59,4.45,0.14,3.1461,766657.73,351335.215,4.58268665731708
600180.SH,20260604,1.63,1.63,1.54,1.63,1.55,0.08,5.1613,744854.77,120624.815,1.6194407266801822
600182.SH,20260604,13.86,13.93,13.62,13.71,13.9,-0.19,-1.3669,12599.0,17353.173,13.773452654972616
600183.SH,20260604,137.0,147.8,135.11,143.96,141.09,2.87,2.0342,850143.82,11982276.445,140.94411043298533
600184.SH,20260604,25.88,27.69,25.8,27.15,26.66,0.49,1.838,402424.64,1087854.412,27.03250009740954
600185.SH,20260604,5.27,5.33,5.15,5.19,5.27,-0.08,-1.518,190632.2,99627.71,5.226174276958457
600186.SH,20260604,9.41,9.59,9.22,9.47,9.55,-0.08,-0.8377,1545446.98,1449310.316,9.377936187755857
600187.SH,20260604,1.62,1.62,1.48,1.56,1.54,0.02,1.2987,1668552.39,265860.942,1.5933628670778508
600188.SH,20260604,25.0,27.8,24.25,27.27,25.97,1.3,5.0058,1157978.53,3017719.111,26.06023369880614
600189.SH,20260604,7.91,7.94,7.64,7.67,7.92,-0.25,-3.1566,92585.2,71691.919,7.743345480703178
600191.SH,20260604,10.23,11.03,10.22,10.75,10.24,0.51,4.9805,95649.9,102537.853,10.720121296519913
600192.SH,20260604,7.3,7.33,7.07,7.14,7.33,-0.19,-2.5921,59375.0,42513.916,7.1602384842105256
600195.SH,20260604,6.75,6.77,6.47,6.58,6.76,-0.18,-2.6627,78696.48,51830.866,6.586173358706768
600196.SH,20260604,22.2,22.28,21.68,21.82,22.18,-0.36,-1.6231,183953.28,402688.593,21.890807981243935
600197.SH,20260604,11.81,11.93,11.24,11.25,11.87,-0.62,-5.2233,110076.04,126340.582,11.477573321133283
600198.SH,20260604,8.87,9.25,8.84,9.25,8.86,0.39,4.4018,1129464.63,1025336.421,9.078074636122071
600199.SH,20260604,7.9,8.01,7.38,7.46,7.97,-0.51,-6.399,263054.24,201640.252,7.665348864933712
600201.SH,20260604,11.79,11.8,11.36,11.4,11.53,-0.13,-1.1275,233210.86,269541.543,11.557846963044518
600202.SH,20260604,5.31,5.39,5.2,5.25,5.35,-0.1,-1.8692,104443.49,55055.069,5.271278181148485
600203.SH,20260604,12.3,12.92,12.24,12.45,12.52,-0.07,-0.5591,294946.16,370804.972,12.571954556045078
600206.SH,20260604,28.58,29.67,28.57,29.45,29.16,0.29,0.9945,537677.48,1572926.918,29.25409704717408
600207.SH,20260604,6.48,6.7,6.37,6.54,6.59,-0.05,-0.7587,436002.34,284501.56,6.525230116884234
600208.SH,20260604,2.91,2.96,2.86,2.88,2.92,-0.04,-1.3699,1320955.84,383775.508,2.9052864325880865
600210.SH,20260604,6.59,6.62,6.47,6.5,6.6,-0.1,-1.5152,128779.7,84081.632,6.529106062523829
600211.SH,20260604,38.08,38.5,37.48,37.62,38.03,-0.41,-1.0781,22728.01,86211.651,37.931895929296054
600212.SH,20260604,6.1,6.26,5.96,6.19,6.14,0.05,0.8143,133094.0,81533.565,6.126013569356996
600215.SH,20260604,6.27,6.5,6.21,6.35,6.28,0.07,1.1146,98868.0,62845.076,6.3564627584253754
600216.SH,20260604,12.42,12.47,12.05,12.08,12.4,-0.32,-2.5806,123189.73,149905.069,12.168633619052496
600217.SH,20260604,3.38,3.43,3.36,3.37,3.39,-0.02,-0.59,86837.0,29375.979,3.38288736368138
600218.SH,20260604,8.4,8.44,8.28,8.34,8.44,-0.1,-1.1848,41823.0,34835.451,8.3292568682304
600219.SH,20260604,5.18,5.19,4.96,4.99,5.27,-0.28,-5.3131,3495677.08,1764258.836,5.046973148904246
600221.SH,20260604,1.49,1.5,1.48,1.48,1.49,-0.01,-0.6711,2230867.53,332701.545,1.4913550021502173
600222.SH,20260604,8.3,8.96,8.25,8.7,8.38,0.32,3.8186,586334.22,504811.081,8.609613148623664
600223.SH,20260604,5.89,5.93,5.7,5.76,5.91,-0.15,-2.5381,74002.0,42801.701,5.78385732818032
600226.SH,20260604,6.2,6.71,6.09,6.71,6.1,0.61,10.0,2403182.11,1582486.708,6.584963750416735
600227.SH,20260604,3.01,3.03,2.93,2.97,3.03,-0.06,-1.9802,578530.18,171717.497,2.968168350352958
600228.SH,20260604,6.1,6.12,5.82,6.03,6.12,-0.09,-1.4706,85797.72,51084.239,5.954032228362246
600229.SH,20260604,5.56,5.6,5.3,5.35,5.56,-0.21,-3.777,68013.52,36691.268,5.394702112168286
600230.SH,20260604,15.08,15.08,14.61,14.67,15.18,-0.51,-3.3597,72197.9,106404.681,14.737919108450523
600231.SH,20260604,2.0,2.0,1.96,1.97,2.01,-0.04,-1.99,100675.0,19931.909,1.9798270672957536
600232.SH,20260604,7.33,7.36,7.17,7.23,7.34,-0.11,-1.4986,59154.3,42809.718,7.236957921909312
600233.SH,20260604,17.54,17.78,17.32,17.37,17.51,-0.14,-0.7995,271556.0,476673.853,17.55342739619084
600234.SH,20260604,24.59,25.11,24.1,24.71,24.6,0.11,0.4472,38612.0,95034.509,24.61268750647467
600235.SH,20260604,5.9,5.92,5.69,5.8,5.93,-0.13,-2.1922,80048.65,46315.066,5.785864721016533
600236.SH,20260604,11.74,11.98,11.43,11.48,11.82,-0.34,-2.8765,278350.02,324918.542,11.673020249827896
600237.SH,20260604,10.9,12.22,10.83,12.22,11.11,1.11,9.991,1503278.42,1767989.856,11.760894272665738
600238.SH,20260604,5.03,5.17,5.01,5.14,5.08,0.06,1.1811,32939.21,16699.589,5.0698207394773585
600239.SH,20260604,1.48,1.53,1.46,1.49,1.5,-0.01,-0.6667,227155.72,33899.794,1.4923592502975491
600241.SH,20260604,7.69,7.8,7.48,7.55,7.74,-0.19,-2.4548,43461.0,33005.122,7.5941929546029785
600243.SH,20260604,3.88,3.88,3.69,3.8,3.84,-0.04,-1.0417,82125.0,30866.341,3.7584585692541856
600246.SH,20260604,16.5,18.87,16.4,18.87,17.15,1.72,10.0292,1509259.3,2700333.136,17.89177735065141
600248.SH,20260604,3.2,3.21,3.13,3.13,3.19,-0.06,-1.8809,123908.4,39177.781,3.1618341452234073
600249.SH,20260604,5.42,5.47,5.25,5.26,5.37,-0.11,-2.0484,76550.0,40800.437,5.329906858262573
600250.SH,20260604,9.14,9.29,8.97,9.02,9.23,-0.21,-2.2752,70148.0,63631.651,9.071057050806866
600251.SH,20260604,9.95,10.04,9.69,9.77,10.01,-0.24,-2.3976,93670.88,91874.548,9.808229409182447
600252.SH,20260604,2.23,2.29,2.22,2.24,2.23,0.01,0.4484,368930.77,83325.0,2.2585538202736517
600255.SH,20260604,4.64,4.83,4.56,4.83,4.39,0.44,10.0228,6207462.1,2959451.119,4.767570178157029
600256.SH,20260604,6.65,6.79,6.5,6.7,6.71,-0.01,-0.149,1525658.31,1017036.108,6.666211571318351
600257.SH,20260604,5.28,5.44,5.23,5.29,5.29,0.0,0.0,94146.53,49975.345,5.308251403424004
600258.SH,20260604,13.13,13.32,12.82,12.94,13.15,-0.21,-1.597,140019.14,182381.165,13.025445306977318
600259.SH,20260604,87.0,96.44,85.1,93.78,88.22,5.56,6.3024,192573.28,1766265.405,91.71913180270907
600261.SH,20260604,3.45,3.45,3.35,3.39,3.46,-0.07,-2.0231,192442.0,65242.601,3.3902475031438044
600262.SH,20260604,22.12,22.17,21.71,21.86,22.12,-0.26,-1.1754,22104.29,48476.677,21.930890790882675
600265.SH,20260604,29.19,29.72,27.23,27.8,28.3,-0.5,-1.7668,113628.39,325673.32,28.661263263520674
600266.SH,20260604,4.66,4.78,4.55,4.6,4.71,-0.11,-2.3355,481672.67,224820.914,4.667504054153623
600267.SH,20260604,9.91,9.97,9.62,9.68,9.92,-0.24,-2.4194,103387.15,100739.705,9.74392900858569
600268.SH,20260604,13.45,13.45,12.73,12.77,13.56,-0.79,-5.826,259904.66,337089.521,12.96973747988974
600269.SH,20260604,4.34,4.37,4.29,4.33,4.35,-0.02,-0.4598,134148.0,58201.151,4.338577615767659
600271.SH,20260604,7.36,7.38,7.17,7.22,7.36,-0.14,-1.9022,127100.48,92169.896,7.251734690537753
600272.SH,20260604,11.11,11.2,10.8,10.87,11.14,-0.27,-2.4237,26311.62,28788.37,10.941314141812628
600273.SH,20260604,7.19,7.2,7.05,7.12,7.18,-0.06,-0.8357,138085.69,98087.715,7.103394638503091
600276.SH,20260604,47.0,47.88,46.51,46.63,47.2,-0.57,-1.2076,639248.85,3002777.698,46.973533045855305
600278.SH,20260604,6.57,6.61,6.38,6.45,6.58,-0.13,-1.9757,39301.76,25466.699,6.479785892540181
600279.SH,20260604,5.46,5.78,5.46,5.64,5.44,0.2,3.6765,435257.12,245760.988,5.646340443552078
600280.SH,20260604,3.99,4.06,3.59,3.59,3.99,-0.4,-10.0251,1566641.5,584778.571,3.732689137878704
600281.SH,20260604,5.02,5.15,4.91,4.97,5.13,-0.16,-3.1189,116387.5,57834.833,4.969161894533348
600282.SH,20260604,5.06,5.12,4.98,5.07,5.07,0.0,0.0,245399.48,124221.324,5.062004369365411
600283.SH,20260604,8.56,8.68,8.42,8.44,8.63,-0.19,-2.2016,36817.6,31302.833,8.502138379470688
600284.SH,20260604,5.77,5.8,5.61,5.67,5.77,-0.1,-1.7331,122875.78,69746.787,5.676202991346219
600285.SH,20260604,21.59,21.74,21.36,21.38,21.6,-0.22,-1.0185,39938.17,85830.659,21.490884284382584
600287.SH,20260604,4.99,5.1,4.94,4.96,5.04,-0.08,-1.5873,62394.0,31209.367,5.001982081610411
600288.SH,20260604,13.41,13.9,13.21,13.32,13.78,-0.46,-3.3382,201967.0,272543.828,13.494473255531842
600289.SH,20260604,6.2,6.25,6.05,6.06,6.19,-0.13,-2.1002,28340.0,17262.071,6.091062455892731
600292.SH,20260604,13.79,14.32,13.72,13.98,13.78,0.2,1.4514,187306.94,263541.038,14.070009258599814
600293.SH,20260604,3.22,3.6,3.17,3.6,3.27,0.33,10.0917,797377.35,274666.344,3.4446218468583285
600295.SH,20260604,13.7,13.75,13.23,13.42,13.7,-0.28,-2.0438,69827.41,93642.201,13.410521885316955
600298.SH,20260604,35.41,35.64,34.61,34.66,35.4,-0.74,-2.0904,68272.25,238308.625,34.9056351592338
600299.SH,20260604,10.75,10.89,10.33,10.49,10.87,-0.38,-3.4959,169956.26,178464.778,10.500629867943669
600300.SH,20260604,3.2,3.21,3.14,3.15,3.21,-0.06,-1.8692,224652.05,71153.243,3.1672643539197622
600301.SH,20260604,63.27,65.8,63.26,64.07,65.72,-1.65,-2.5107,181473.39,1168447.854,64.38673207129706
600302.SH,20260604,10.16,10.29,10.02,10.02,10.55,-0.53,-5.0237,44982.0,45297.346,10.070104930861232
600303.SH,20260604,3.2,3.31,3.11,3.15,3.21,-0.06,-1.8692,383091.6,121624.673,3.174819625384634
600305.SH,20260604,7.05,7.08,6.85,6.87,7.04,-0.17,-2.4148,87739.31,60786.59,6.9280907269500975
600307.SH,20260604,1.61,1.63,1.58,1.59,1.61,-0.02,-1.2422,476937.0,76090.639,1.5954023068036238
600308.SH,20260604,3.46,3.49,3.38,3.4,3.48,-0.08,-2.2989,87041.36,29756.799,3.418696467977982
600309.SH,20260604,74.11,74.11,71.79,72.17,74.17,-2.0,-2.6965,350260.71,2533279.477,72.32553936751854
600310.SH,20260604,6.79,6.99,6.22,6.29,6.35,-0.06,-0.9449,3506573.05,2322588.972,6.623529408577414
600312.SH,20260604,19.89,20.05,19.37,19.61,20.07,-0.46,-2.292,273900.36,538470.859,19.659370254204852
600313.SH,20260604,6.14,6.38,6.1,6.26,6.17,0.09,1.4587,425584.63,265811.428,6.24579482581408
600315.SH,20260604,17.81,17.99,17.56,17.63,17.84,-0.21,-1.1771,31290.96,55495.388,17.735278176188906
600316.SH,20260604,28.0,28.3,27.58,27.86,28.26,-0.4,-1.4154,67637.64,188169.858,27.820287342964658
600318.SH,20260604,6.65,6.72,6.47,6.52,6.65,-0.13,-1.9549,108797.0,71382.845,6.561104166475179
600319.SH,20260604,7.34,7.45,7.2,7.32,7.35,-0.03,-0.4082,26094.9,19066.372,7.306551088526875
600320.SH,20260604,4.62,4.73,4.56,4.59,4.65,-0.06,-1.2903,412683.54,191252.054,4.634351396714297
600322.SH,20260604,2.65,2.82,2.65,2.7,2.69,0.01,0.3717,470939.0,128909.887,2.737294787647657
600323.SH,20260604,30.67,30.92,30.34,30.45,30.73,-0.28,-0.9112,57111.0,174332.19,30.525151021694597
600325.SH,20260604,2.73,2.81,2.69,2.71,2.74,-0.03,-1.0949,431059.8,118400.053,2.7467198982600562
600326.SH,20260604,7.7,7.77,7.52,7.56,7.78,-0.22,-2.8278,213908.84,162987.471,7.619482719835235
600327.SH,20260604,3.64,3.67,3.55,3.57,3.65,-0.08,-2.1918,114590.32,41148.761,3.5909456400854802
600328.SH,20260604,6.85,6.85,6.61,6.67,6.85,-0.18,-2.6277,219764.95,147065.295,6.691935861473816
600329.SH,20260604,39.38,39.65,38.82,39.63,39.31,0.32,0.814,34592.12,135976.559,39.30853587464428
600330.SH,20260604,30.58,31.32,29.61,29.77,31.5,-1.73,-5.4921,1516819.28,4576250.774,30.170046190341147
600331.SH,20260604,14.77,14.84,14.25,14.33,14.91,-0.58,-3.89,384712.69,556810.242,14.473404607474736
600332.SH,20260604,21.5,21.59,21.3,21.33,21.56,-0.23,-1.0668,62639.1,133944.006,21.38344995378286
600333.SH,20260604,5.81,5.85,5.64,5.68,5.83,-0.15,-2.5729,129728.0,74143.139,5.715276501603355
600335.SH,20260604,5.56,5.61,5.37,5.41,5.56,-0.15,-2.6978,91060.1,49645.441,5.4519422886642985
600336.SH,20260604,7.72,7.89,7.61,7.77,7.72,0.05,0.6477,101516.71,78898.375,7.771959414366364
600337.SH,20260604,3.28,3.38,3.24,3.25,3.32,-0.07,-2.1084,282222.5,92759.959,3.2867669657805454
600338.SH,20260604,17.55,17.6,16.94,17.2,17.81,-0.61,-3.425,515866.16,890174.967,17.25592868894521
600339.SH,20260604,3.59,3.59,3.46,3.5,3.66,-0.16,-4.3716,848610.33,297797.658,3.509239134527151
600340.SH,20260604,1.21,1.28,1.2,1.25,1.22,0.03,2.459,1098170.41,138378.806,1.26008499901213
600343.SH,20260604,25.65,25.75,24.89,25.02,25.8,-0.78,-3.0233,188745.34,474172.306,25.12233181492057
600345.SH,20260604,53.07,54.7,52.52,54.24,53.65,0.59,1.0997,170305.7,919695.828,54.00264512579437
600346.SH,20260604,17.52,17.55,16.55,16.73,17.51,-0.78,-4.4546,491091.83,825954.288,16.818734044099244
600348.SH,20260604,9.62,9.99,9.52,9.88,9.7,0.18,1.8557,732473.72,717713.011,9.798481384424278
600350.SH,20260604,11.26,11.47,11.21,11.4,11.26,0.14,1.2433,70033.76,79387.628,11.335622705392371
600351.SH,20260604,6.25,6.3,6.15,6.17,6.27,-0.1,-1.5949,88678.83,54945.015,6.1959562389354925
600352.SH,20260604,11.08,11.17,10.92,11.04,11.13,-0.09,-0.8086,277627.68,306045.071,11.023579169051153
600353.SH,20260604,23.45,26.44,23.4,26.44,24.04,2.4,9.9834,506556.37,1308387.875,25.829067651444202
600354.SH,20260604,5.5,5.6,5.36,5.4,5.51,-0.11,-1.9964,143050.05,77840.48,5.441485689798781
600356.SH,20260604,8.74,8.84,8.66,8.71,8.8,-0.09,-1.0227,38676.0,33855.277,8.75356215741028
600358.SH,20260604,5.71,6.24,5.58,6.13,5.75,0.38,6.6087,165874.0,97385.393,5.871046276089079
600359.SH,20260604,6.62,6.72,6.46,6.54,6.63,-0.09,-1.3575,75268.01,49489.485,6.575102091844862
600360.SH,20260604,12.58,14.06,12.55,13.71,12.83,0.88,6.8589,1358318.74,1828261.916,13.459741533124987
600361.SH,20260604,4.51,4.51,4.28,4.31,4.55,-0.24,-5.2747,918345.14,401904.786,4.376402383966447
600362.SH,20260604,47.06,47.7,45.82,46.05,48.02,-1.97,-4.1025,576324.34,2675192.725,46.41818051620031
600363.SH,20260604,36.9,38.0,35.54,35.91,36.9,-0.99,-2.6829,271182.79,990982.212,36.542961004273174
600365.SH,20260604,2.72,2.73,2.64,2.67,2.74,-0.07,-2.5547,44729.0,11985.293,2.679535200876389
600366.SH,20260604,12.52,12.61,12.21,12.48,12.67,-0.19,-1.4996,234084.42,290391.148,12.405402632093157
600367.SH,20260604,45.24,46.98,45.02,46.98,42.71,4.27,9.9977,695677.63,3226590.914,46.380547179589485
600368.SH,20260604,4.02,4.1,3.96,3.97,4.05,-0.08,-1.9753,263430.56,105490.593,4.004493366297365
600369.SH,20260604,3.97,4.0,3.88,3.91,3.98,-0.07,-1.7588,350244.04,137847.095,3.9357442028135585
600370.SH,20260604,1.44,1.45,1.4,1.4,1.47,-0.07,-4.7619,782831.71,110501.629,1.411563016526247
600371.SH,20260604,7.35,7.47,7.16,7.23,7.38,-0.15,-2.0325,39535.73,28683.647,7.255120115399412
600372.SH,20260604,11.06,11.09,10.9,11.04,11.13,-0.09,-0.8086,326423.41,358090.145,10.970112253897478
600373.SH,20260604,7.44,7.47,7.26,7.32,7.45,-0.13,-1.745,68808.0,50605.2,7.354551796302755
600375.SH,20260604,4.18,4.27,4.11,4.14,4.21,-0.07,-1.6627,185503.0,77394.957,4.172167404300739
600376.SH,20260604,4.02,4.08,3.9,3.92,4.11,-0.19,-4.6229,1008599.0,402415.788,3.9898491670128564
600377.SH,20260604,12.8,12.91,12.68,12.75,12.84,-0.09,-0.7009,64058.06,81957.577,12.794264609324731
600378.SH,20260604,40.66,45.5,40.51,43.56,41.65,1.91,4.5858,648555.14,2838504.72,43.76659045520786
600379.SH,20260604,13.08,13.22,12.53,12.7,13.3,-0.6,-4.5113,206322.56,264112.12,12.800932675515464
600380.SH,20260604,9.98,10.02,9.74,9.8,9.98,-0.18,-1.8036,111106.43,109376.798,9.844326561478034
600381.SH,20260604,5.67,5.87,5.38,5.4,5.66,-0.26,-4.5936,90379.48,50521.057,5.58988135359929
600382.SH,20260604,8.55,9.11,8.55,8.8,8.61,0.19,2.2067,248385.88,219486.387,8.836508218583116
600383.SH,20260604,2.62,2.67,2.59,2.61,2.64,-0.03,-1.1364,554046.94,145490.127,2.625953082603435
600386.SH,20260604,3.63,3.69,3.52,3.57,3.65,-0.08,-2.1918,84305.64,30213.712,3.583830453098986
600388.SH,20260604,16.99,17.06,16.55,16.7,17.05,-0.35,-2.0528,176752.72,296287.933,16.762849986127513
600389.SH,20260604,25.37,25.81,24.64,24.73,25.4,-0.67,-2.6378,48798.07,121840.757,24.96835571570761
600390.SH,20260604,4.74,4.81,4.66,4.69,4.77,-0.08,-1.6771,253289.34,119390.227,4.71359067065357
600391.SH,20260604,33.55,34.34,33.0,34.17,33.89,0.28,0.8262,104837.73,353174.598,33.687737992800876
600392.SH,20260604,22.5,23.45,22.0,23.17,22.86,0.31,1.3561,662091.37,1509016.516,22.79166568807565
600395.SH,20260604,5.93,6.3,5.91,6.15,5.95,0.2,3.3613,789557.21,480970.793,6.091652218589708
600396.SH,20260604,20.8,22.1,20.8,21.97,21.34,0.63,2.9522,2735160.31,5874771.023,21.478708218751535
600397.SH,20260604,14.04,14.08,13.6,13.92,14.07,-0.15,-1.0661,356686.8,494613.11,13.866874524092285
600398.SH,20260604,5.81,5.87,5.7,5.74,5.81,-0.07,-1.2048,196744.0,113696.638,5.7789125970804704
600399.SH,20260604,4.52,4.6,4.49,4.53,4.56,-0.03,-0.6579,351461.61,159459.802,4.53704750285529
600400.SH,20260604,2.84,2.9,2.79,2.8,2.83,-0.03,-1.0601,402484.44,114282.747,2.8394326747140837
600403.SH,20260604,7.4,7.4,7.4,7.4,6.73,0.67,9.9554,264788.77,195943.69,7.40000000755319
600405.SH,20260604,4.62,4.62,4.49,4.51,4.65,-0.14,-3.0108,112142.05,50728.702,4.523611080767651
600406.SH,20260604,24.2,24.2,23.72,23.8,24.25,-0.45,-1.8557,819875.91,1956918.367,23.868470132266722
600408.SH,20260604,3.17,3.47,3.15,3.47,3.15,0.32,10.1587,1530139.64,508666.646,3.3243151977946277
600409.SH,20260604,6.32,6.32,6.08,6.17,6.34,-0.17,-2.6814,266946.5,164461.392,6.1608371714931645
600410.SH,20260604,18.2,18.39,17.93,18.06,18.55,-0.49,-2.6415,469674.04,849155.104,18.0796686995943
600415.SH,20260604,12.4,12.5,11.88,12.02,12.5,-0.48,-3.84,817603.68,990945.858,12.120124728401418
600416.SH,20260604,10.91,10.99,10.53,10.62,11.0,-0.38,-3.4545,287508.08,307643.532,10.700343865118501
600418.SH,20260604,34.7,35.9,34.0,34.25,34.8,-0.55,-1.5805,539557.56,1878641.299,34.81818138179734
600419.SH,20260604,8.4,8.47,8.15,8.25,8.43,-0.18,-2.1352,58013.3,47821.105,8.243127868954188
600420.SH,20260604,9.01,9.05,8.85,8.87,9.01,-0.14,-1.5538,36255.62,32335.009,8.918619789152688
600421.SH,20260604,0.34,0.34,0.32,0.33,0.34,-0.01,-2.9412,133338.01,4424.507,0.33182638618950433
600422.SH,20260604,8.88,9.05,8.6,8.67,8.88,-0.21,-2.3649,81549.71,71571.711,8.776451933428088
600423.SH,20260604,2.71,2.72,2.61,2.64,2.71,-0.07,-2.583,80680.0,21472.171,2.6613994794248885
600425.SH,20260604,3.68,3.73,3.6,3.61,3.7,-0.09,-2.4324,145059.32,52849.138,3.6432776604771067
600426.SH,20260604,29.5,29.61,28.14,28.35,29.74,-1.39,-4.6738,312871.49,892123.028,28.514040317320063
600428.SH,20260604,7.75,7.78,7.52,7.61,7.76,-0.15,-1.933,352897.32,269090.139,7.625168108389149
600429.SH,20260604,4.7,4.77,4.53,4.55,4.75,-0.2,-4.2105,218354.2,100710.469,4.612252432057638
600433.SH,20260604,3.8,3.87,3.66,3.71,3.85,-0.14,-3.6364,529386.21,197756.669,3.7355840644205673
600435.SH,20260604,11.99,11.99,11.6,11.71,11.92,-0.21,-1.7617,158665.56,186408.101,11.748491670151985
600436.SH,20260604,124.41,125.3,121.0,121.33,124.29,-2.96,-2.3815,28305.15,346428.824,122.39073949440296
600438.SH,20260604,13.9,14.16,13.77,13.89,13.98,-0.09,-0.6438,452228.65,631260.143,13.958871093195885
600439.SH,20260604,2.7,2.88,2.7,2.88,2.62,0.26,9.9237,971027.91,277432.138,2.8570974648916114
600444.SH,20260604,14.86,15.0,14.48,14.58,14.87,-0.29,-1.9502,20937.0,30673.236,14.65025361799685
600446.SH,20260604,12.81,12.92,12.35,12.44,12.9,-0.46,-3.5659,198924.52,250081.376,12.571671707439586
600448.SH,20260604,2.93,2.99,2.92,2.96,2.96,0.0,0.0,203017.2,59863.839,2.94870774495954
600449.SH,20260604,13.6,13.82,13.07,13.17,13.6,-0.43,-3.1618,68693.88,91766.623,13.358777084654411
600452.SH,20260604,12.2,12.29,11.56,11.59,12.32,-0.73,-5.9253,718183.79,852903.96,11.875845318090512
600455.SH,20260604,25.7,25.91,24.71,24.98,25.7,-0.72,-2.8016,16459.0,41411.046,25.160122729205906
600456.SH,20260604,31.99,31.99,30.8,30.97,31.99,-1.02,-3.1885,65320.97,203958.567,31.224056685012485
600458.SH,20260604,12.65,14.07,12.41,13.79,12.79,1.0,7.8186,679122.81,919782.308,13.543681561807649
600459.SH,20260604,24.02,24.98,23.9,24.24,24.2,0.04,0.1653,668657.54,1629036.888,24.362798451356728
600460.SH,20260604,34.2,36.25,34.13,35.32,34.7,0.62,1.7867,917605.92,3257423.076,35.499150615767604
600461.SH,20260604,9.92,9.99,9.65,9.69,9.93,-0.24,-2.4169,93661.74,91501.486,9.769355768961798
600463.SH,20260604,9.62,9.77,9.16,9.2,9.53,-0.33,-3.4627,57670.0,53854.304,9.338356857985087
600467.SH,20260604,2.29,2.38,2.29,2.31,2.26,0.05,2.2124,430040.0,99957.689,2.3243811970979444
600468.SH,20260604,6.45,6.48,6.29,6.33,6.48,-0.15,-2.3148,175213.2,111288.392,6.351598623847975
600469.SH,20260604,5.89,5.93,5.83,5.84,5.89,-0.05,-0.8489,45445.0,26631.287,5.860113763890417
600470.SH,20260604,5.49,5.53,5.4,5.48,5.48,0.0,0.0,158682.4,86823.817,5.471546749986135
600475.SH,20260604,15.15,15.79,14.88,15.64,15.27,0.37,2.4231,158318.57,242933.612,15.344606258128783
600476.SH,20260604,11.41,11.48,11.02,11.1,11.43,-0.33,-2.8871,21548.0,24053.608,11.162803044366068
600477.SH,20260604,2.7,2.72,2.66,2.68,2.71,-0.03,-1.107,262640.36,70575.43,2.6871509771003965
600478.SH,20260604,5.86,5.86,5.61,5.67,5.9,-0.23,-3.8983,374797.11,214432.354,5.721291554249177
600479.SH,20260604,10.13,10.15,9.95,10.0,10.15,-0.15,-1.4778,45626.2,45746.063,10.026270651511632
600480.SH,20260604,10.72,10.98,10.33,10.43,10.71,-0.28,-2.6144,223774.94,236924.872,10.587640957472717
600481.SH,20260604,4.9,5.07,4.8,4.97,4.91,0.06,1.222,1239307.27,615444.734,4.96603827717399
600482.SH,20260604,37.5,39.81,37.4,39.81,36.19,3.62,10.0028,699240.5,2750804.155,39.3398859905855
600483.SH,20260604,11.51,12.05,11.43,11.92,11.68,0.24,2.0548,577267.95,683731.311,11.844262460786192
600486.SH,20260604,58.26,58.85,57.2,58.8,58.44,0.36,0.616,39196.37,227969.737,58.160930973965186
600487.SH,20260604,93.0,98.99,92.4,97.87,91.43,6.44,7.0436,2653850.62,25729176.064,96.95035534441647
600488.SH,20260604,5.5,5.66,5.35,5.46,5.46,0.0,0.0,1160497.5,636800.103,5.487302669760168
600489.SH,20260604,22.99,23.15,22.35,22.55,23.13,-0.58,-2.5076,547352.59,1237987.738,22.6177378278232
600490.SH,20260604,7.38,7.38,7.13,7.2,7.4,-0.2,-2.7027,317047.23,228522.603,7.207841021036519
600491.SH,20260604,1.37,1.44,1.36,1.44,1.37,0.07,5.1095,625801.49,89206.099,1.4254695846122067
600493.SH,20260604,6.33,6.4,6.16,6.24,6.34,-0.1,-1.5773,46847.0,29260.368,6.245942749802548
600495.SH,20260604,4.1,4.1,3.93,3.94,4.1,-0.16,-3.9024,132694.0,53136.532,4.0044411955325785
600496.SH,20260604,4.08,4.19,4.07,4.14,4.1,0.04,0.9756,307977.29,127602.355,4.143239100519392
600497.SH,20260604,9.87,9.87,9.35,9.38,10.0,-0.62,-6.2,2219846.2,2103335.629,9.475141246271926
600498.SH,20260604,51.1,53.99,50.98,52.75,52.02,0.73,1.4033,987949.05,5229302.999,52.930897590316015
600499.SH,20260604,15.91,16.0,15.16,15.31,15.99,-0.68,-4.2527,288800.17,444160.486,15.379509160261229
600500.SH,20260604,5.87,5.94,5.65,5.7,5.97,-0.27,-4.5226,790848.6,455836.226,5.7638873736389
600501.SH,20260604,18.41,18.41,18.0,18.13,18.46,-0.33,-1.7876,47684.0,86474.69,18.13494882979616
600502.SH,20260604,5.12,5.19,5.0,5.01,5.14,-0.13,-2.5292,293810.85,149094.824,5.0745172957363565
600503.SH,20260604,2.81,2.94,2.76,2.77,2.89,-0.12,-4.1522,737142.45,207650.376,2.81696402099757
600505.SH,20260604,14.5,14.99,14.15,14.2,14.34,-0.14,-0.9763,491335.1,715626.498,14.56493741236887
600506.SH,20260604,17.54,17.7,17.14,17.33,17.76,-0.43,-2.4212,65077.2,112731.779,17.32277648700313
600507.SH,20260604,4.57,4.59,4.49,4.51,4.59,-0.08,-1.7429,202840.5,91859.695,4.528666365937769
600508.SH,20260604,14.49,14.84,14.14,14.7,14.53,0.17,1.17,226661.18,329645.477,14.543534847917055
600509.SH,20260604,9.18,9.42,9.07,9.17,9.29,-0.12,-1.2917,538048.59,497144.351,9.239766821059787
600510.SH,20260604,8.37,8.37,8.08,8.13,8.38,-0.25,-2.9833,143486.32,117348.272,8.17835958159635
600511.SH,20260604,27.11,27.26,26.59,26.69,27.13,-0.44,-1.6218,34457.05,92459.366,26.83322164839996
600512.SH,20260604,2.19,2.21,2.14,2.16,2.2,-0.04,-1.8182,192283.0,41702.785,2.1688232969113237
600513.SH,20260604,17.12,17.25,16.88,17.0,17.16,-0.16,-0.9324,69346.83,118131.535,17.03488609356765
600515.SH,20260604,3.1,3.13,3.03,3.05,3.11,-0.06,-1.9293,891618.25,273238.211,3.064520168805428
600516.SH,20260604,5.39,5.44,5.3,5.3,5.48,-0.18,-3.2847,1272365.09,681646.665,5.357319768966625
600517.SH,20260604,5.24,5.27,5.11,5.14,5.25,-0.11,-2.0952,214139.02,110606.866,5.165189697795386
600518.SH,20260604,1.51,1.53,1.5,1.51,1.52,-0.01,-0.6579,1075749.81,162752.578,1.5129222100443596
600519.SH,20260604,1278.99,1288.99,1266.69,1268.0,1281.91,-13.91,-1.0851,33506.17,4273269.325,1275.3678874666966
600520.SH,20260604,29.01,30.11,28.56,28.92,29.4,-0.48,-1.6327,106838.0,312636.846,29.26270109885996
600521.SH,20260604,15.35,15.52,14.9,15.04,15.35,-0.31,-2.0195,154731.34,233640.235,15.099735774278178
600522.SH,20260604,43.81,47.18,43.81,46.06,44.98,1.08,2.4011,3543681.75,16274195.947,45.92454146594852
600523.SH,20260604,11.69,11.77,11.48,11.55,11.72,-0.17,-1.4505,31049.69,36001.944,11.594944748240643
600525.SH,20260604,5.25,5.27,5.07,5.15,5.26,-0.11,-2.0913,130969.01,67404.782,5.146620715847208
600526.SH,20260604,4.7,4.75,4.61,4.65,4.73,-0.08,-1.6913,83721.02,39054.653,4.664856328792935
600527.SH,20260604,2.48,2.49,2.38,2.41,2.53,-0.12,-4.7431,882116.48,213365.321,2.4187885141880585
600528.SH,20260604,7.26,7.31,7.17,7.21,7.3,-0.09,-1.2329,109434.55,79047.562,7.223272906042927
600529.SH,20260604,19.0,19.31,18.53,19.2,19.06,0.14,0.7345,130832.07,247287.59,18.90114480341097
600530.SH,20260604,6.74,6.83,6.45,6.56,6.84,-0.28,-4.0936,198508.0,130727.316,6.585493582122636
600531.SH,20260604,13.17,13.17,12.77,12.83,13.37,-0.54,-4.0389,369192.2,475747.274,12.886168071806502
600533.SH,20260604,2.21,2.29,2.18,2.2,2.24,-0.04,-1.7857,234630.78,52142.206,2.2223088547887877
600535.SH,20260604,14.12,14.22,14.04,14.06,14.13,-0.07,-0.4954,58257.4,82115.611,14.095309952040427
600536.SH,20260604,36.8,37.09,36.08,36.27,37.13,-0.86,-2.3162,105376.68,383786.549,36.4204441627882
600537.SH,20260604,2.81,2.82,2.73,2.73,2.87,-0.14,-4.878,307043.27,84298.648,2.7454973365806064
600538.SH,20260604,6.28,6.28,5.95,6.13,6.2,-0.07,-1.129,164361.0,99843.642,6.074655301440123
600539.SH,20260604,14.92,15.03,14.57,14.75,14.99,-0.24,-1.6011,83791.0,123541.01,14.743947440655917
600540.SH,20260604,4.94,5.15,4.71,4.77,4.92,-0.15,-3.0488,414129.2,201271.457,4.860112665322802
600543.SH,20260604,4.58,4.59,4.38,4.42,4.6,-0.18,-3.913,38081.0,17057.873,4.479365825477272
600545.SH,20260604,7.26,7.6,7.01,7.13,7.18,-0.05,-0.6964,1797886.85,1304334.141,7.254817737834837
600546.SH,20260604,14.4,15.25,13.98,14.46,14.7,-0.24,-1.6327,693238.27,1008105.26,14.541973569924235
600547.SH,20260604,29.3,29.36,28.55,28.71,29.39,-0.68,-2.3137,379012.96,1093524.258,28.851896199011236
600548.SH,20260604,8.83,8.92,8.73,8.77,8.88,-0.11,-1.2387,21111.39,18601.022,8.810894024505256
600549.SH,20260604,60.02,63.98,58.1,63.73,60.01,3.72,6.199,1268020.46,7751697.404,61.132273875139205
600550.SH,20260604,12.98,13.49,12.63,13.33,13.06,0.27,2.0674,611107.03,795744.472,13.021360137192332
600551.SH,20260604,7.22,7.3,7.09,7.24,7.31,-0.07,-0.9576,30464.22,21966.735,7.210667136726298
600552.SH,20260604,18.3,20.12,18.1,19.74,18.55,1.19,6.4151,1228990.38,2363102.397,19.227997512885334
600556.SH,20260604,5.11,5.11,4.96,4.99,5.16,-0.17,-3.2946,484108.64,242642.722,5.012154337918861
600557.SH,20260604,12.38,12.49,12.12,12.19,12.39,-0.2,-1.6142,36711.31,44990.997,12.255350462841017
600558.SH,20260604,5.65,5.74,5.54,5.62,5.65,-0.03,-0.531,151490.5,84881.922,5.603118479376596
600559.SH,20260604,12.65,12.79,12.28,12.28,12.67,-0.39,-3.0781,108393.75,135266.95,12.47922043475754
600560.SH,20260604,12.63,12.72,12.34,12.4,12.72,-0.32,-2.5157,28076.0,35051.09,12.484360307736145
600561.SH,20260604,5.85,5.98,5.68,5.75,5.91,-0.16,-2.7073,50991.0,29469.995,5.7794502951501245
600562.SH,20260604,22.45,22.86,21.96,22.12,22.68,-0.56,-2.4691,75000.98,166473.444,22.19616917005618
600563.SH,20260604,157.99,175.25,157.99,171.74,161.0,10.74,6.6708,134498.17,2260592.924,168.07611018053254
600566.SH,20260604,27.6,27.9,27.29,27.51,27.59,-0.08,-0.29,29311.73,80460.577,27.44995842961163
600567.SH,20260604,1.34,1.36,1.32,1.34,1.35,-0.01,-0.7407,478475.02,64070.198,1.3390500093400903
600568.SH,20260604,2.7,2.76,2.67,2.7,2.67,0.03,1.1236,172356.6,46933.032,2.723019135907763
600569.SH,20260604,1.9,1.91,1.87,1.88,1.91,-0.03,-1.5707,161319.0,30373.941,1.8828495713462146
600570.SH,20260604,24.19,24.24,23.42,23.56,24.29,-0.73,-3.0054,306308.04,727328.825,23.745012537052567
600571.SH,20260604,11.22,11.58,11.11,11.19,11.34,-0.15,-1.3228,67160.0,75804.607,11.287166021441335
600572.SH,20260604,4.16,4.2,4.14,4.15,4.17,-0.02,-0.4796,228287.75,94957.016,4.159531818943417
600573.SH,20260604,12.89,13.25,12.21,12.3,12.91,-0.61,-4.725,186721.0,234680.342,12.568502846492894
600575.SH,20260604,4.29,4.36,4.17,4.19,4.32,-0.13,-3.0093,1158977.0,488909.856,4.218460383596914
600576.SH,20260604,5.8,5.86,5.75,5.85,5.85,0.0,0.0,89699.02,52077.245,5.805776361882215
600577.SH,20260604,12.44,12.5,11.97,12.09,12.52,-0.43,-3.4345,876586.18,1064664.181,12.1455734221135
600578.SH,20260604,9.5,9.96,9.33,9.36,9.34,0.02,0.2141,4446578.67,4271121.659,9.6054112070843
600579.SH,20260604,6.53,6.56,6.41,6.45,6.56,-0.11,-1.6768,43663.0,28211.084,6.461096122575177
600580.SH,20260604,38.15,39.82,37.77,38.84,38.81,0.03,0.0773,504509.61,1970781.623,39.063311856438176
600581.SH,20260604,2.64,2.64,2.54,2.57,2.64,-0.07,-2.6515,121336.0,31248.029,2.5753304048262677
600582.SH,20260604,5.49,5.5,5.4,5.41,5.48,-0.07,-1.2774,184835.0,100395.783,5.431643519896124
600583.SH,20260604,5.7,5.85,5.59,5.74,5.74,0.0,0.0,607965.66,347435.681,5.714725417221755
600584.SH,20260604,79.0,81.86,77.8,80.08,80.13,-0.05,-0.0624,2270520.25,18217342.178,80.23422023212521
600585.SH,20260604,19.6,19.61,19.18,19.23,19.6,-0.37,-1.8878,242040.91,468869.281,19.371488935486155
600586.SH,20260604,4.8,4.82,4.73,4.76,4.84,-0.08,-1.6529,320302.88,152859.83,4.7723526557113685
600587.SH,20260604,13.15,13.15,12.73,12.78,13.06,-0.28,-2.144,49700.24,64157.044,12.908799635575201
600588.SH,20260604,10.8,10.82,10.54,10.63,10.9,-0.27,-2.4771,450010.2,479674.314,10.659187591747921
600589.SH,20260604,10.58,10.75,10.4,10.66,10.82,-0.16,-1.4787,980455.84,1037146.747,10.57820969274863
600590.SH,20260604,13.58,13.86,13.22,13.45,13.73,-0.28,-2.0393,372023.51,501859.066,13.489982555134754
600592.SH,20260604,20.17,20.67,20.02,20.44,20.35,0.09,0.4423,97279.32,198457.87,20.400828254144866
600593.SH,20260604,38.0,39.48,37.74,38.38,38.5,-0.12,-0.3117,63307.0,244850.571,38.67669783752192
600594.SH,20260604,3.5,3.54,3.41,3.43,3.52,-0.09,-2.5568,158581.0,54753.048,3.4526865135167517
600595.SH,20260604,7.45,7.45,7.1,7.15,7.55,-0.4,-5.298,1021522.95,735412.959,7.199181956704939
600596.SH,20260604,14.4,14.57,14.08,14.32,14.4,-0.08,-0.5556,1075671.9,1540442.096,14.32074311878929
600597.SH,20260604,6.9,6.94,6.76,6.86,6.9,-0.04,-0.5797,75869.0,51872.125,6.837064545466528
600598.SH,20260604,14.44,14.65,14.24,14.34,14.5,-0.16,-1.1034,167245.88,240626.797,14.387606857639781
600599.SH,20260604,0.49,0.51,0.46,0.48,0.5,-0.02,-4.0,65947.87,3213.665,0.4873038355901411
600600.SH,20260604,59.7,60.12,59.3,59.43,59.82,-0.39,-0.652,45189.05,269020.585,59.53225062266191
600601.SH,20260604,12.13,12.91,12.04,12.62,12.36,0.26,2.1036,2353332.5,2923418.38,12.422462104271283
600602.SH,20260604,18.3,18.54,18.18,18.35,18.64,-0.29,-1.5558,215757.81,395583.64,18.334615094582208
600603.SH,20260604,4.84,4.89,4.7,4.77,4.85,-0.08,-1.6495,139686.35,66654.658,4.7717373959588745
600604.SH,20260604,4.33,4.35,4.2,4.23,4.35,-0.12,-2.7586,137561.5,58714.415,4.268230209760725
600605.SH,20260604,29.08,29.37,28.48,28.79,29.0,-0.21,-0.7241,37586.01,108185.195,28.783367800945086
600606.SH,20260604,1.41,1.48,1.39,1.4,1.42,-0.02,-1.4085,1769866.5,253272.147,1.4310240179132157
600609.SH,20260604,3.49,3.53,3.42,3.5,3.52,-0.02,-0.5682,196670.01,68169.142,3.4661686344552485
600610.SH,20260604,7.65,7.66,7.36,7.44,7.67,-0.23,-2.9987,162317.45,120905.766,7.44872261115487
600611.SH,20260604,4.45,4.49,4.33,4.36,4.51,-0.15,-3.3259,626130.46,274728.059,4.387712730027541
600612.SH,20260604,35.99,36.18,35.25,35.45,36.0,-0.55,-1.5278,12692.3,45233.694,35.638689599205826
600613.SH,20260604,5.06,5.11,4.91,4.94,5.08,-0.14,-2.7559,58077.6,28917.232,4.979068005564969
600615.SH,20260604,9.88,10.05,9.8,9.89,10.06,-0.17,-1.6899,45447.0,44799.544,9.857536030981143
600616.SH,20260604,4.48,4.5,4.32,4.37,4.48,-0.11,-2.4554,55004.2,24126.84,4.386363223172049
600617.SH,20260604,3.58,3.61,3.51,3.55,3.6,-0.05,-1.3889,420503.78,149433.443,3.553676568614912
600618.SH,20260604,10.51,10.53,10.18,10.22,10.5,-0.28,-2.6667,74211.45,76108.17,10.255583201783553
600619.SH,20260604,14.79,15.24,14.7,15.04,14.87,0.17,1.1432,141913.92,213551.147,15.04793518493464
600620.SH,20260604,4.66,4.75,4.6,4.65,4.67,-0.02,-0.4283,50847.0,23673.514,4.655832989163569
600621.SH,20260604,12.96,13.05,12.62,12.7,12.97,-0.27,-2.0817,86142.87,110212.066,12.794101937862068
600622.SH,20260604,2.5,2.66,2.46,2.52,2.5,0.02,0.8,631498.0,160204.205,2.536891724122641
600623.SH,20260604,8.78,8.78,8.4,8.47,8.81,-0.34,-3.8593,204648.74,175225.854,8.562273777009327
600624.SH,20260604,4.16,4.19,3.96,4.01,4.17,-0.16,-3.8369,72474.88,29233.947,4.033666147498278
600626.SH,20260604,3.58,3.62,3.48,3.51,3.59,-0.08,-2.2284,135744.13,47898.073,3.5285557467567843
600628.SH,20260604,6.26,6.35,6.14,6.16,6.29,-0.13,-2.0668,56554.0,35090.02,6.20469285992149
600629.SH,20260604,15.97,16.85,15.74,16.09,16.03,0.06,0.3743,219898.05,357961.989,16.278543124870822
600630.SH,20260604,8.06,8.32,8.01,8.32,8.07,0.25,3.0979,155438.9,127538.425,8.205051952889528
600633.SH,20260604,12.15,12.23,11.63,11.7,12.21,-0.51,-4.1769,265621.5,314358.261,11.834819884685539
600635.SH,20260604,5.1,5.14,5.01,5.01,5.22,-0.21,-4.023,433131.66,218980.371,5.055746121167869
600636.SH,20260604,1.9,1.96,1.84,1.9,2.03,-0.13,-6.4039,367264.62,69910.311,1.9035405860766006
600637.SH,20260604,9.25,9.29,9.06,9.1,9.32,-0.22,-2.3605,497114.69,454714.967,9.147083684048846
600638.SH,20260604,5.45,5.55,5.33,5.37,5.48,-0.11,-2.0073,84391.32,45727.148,5.4184657853438
600639.SH,20260604,9.88,9.89,9.68,9.68,9.8,-0.12,-1.2245,32470.88,31774.781,9.785623611063205
600640.SH,20260604,11.41,11.57,11.06,11.15,11.61,-0.46,-3.9621,90120.65,101568.41,11.270270465204145
600641.SH,20260604,26.83,27.32,26.38,26.72,27.04,-0.32,-1.1834,287566.34,773717.147,26.905692335201678
600642.SH,20260604,10.34,10.44,10.09,10.12,10.39,-0.27,-2.5987,400611.29,409207.525,10.214577951609902
600643.SH,20260604,4.2,4.25,4.13,4.16,4.21,-0.05,-1.1876,100828.21,42070.344,4.172477523899313
600644.SH,20260604,11.8,12.25,11.65,11.69,11.8,-0.11,-0.9322,391717.07,466288.442,11.903704936831065
600645.SH,20260604,19.68,20.19,19.33,19.45,19.67,-0.22,-1.1185,106585.0,210479.607,19.747582399024253
600648.SH,20260604,9.57,9.57,9.14,9.18,9.57,-0.39,-4.0752,34877.0,32371.874,9.281725492444878
600649.SH,20260604,3.76,3.84,3.72,3.74,3.77,-0.03,-0.7958,177190.29,66921.948,3.7768405932401827
600650.SH,20260604,11.01,11.12,10.68,10.74,11.02,-0.28,-2.5408,44048.0,47701.781,10.829499863784962
600651.SH,20260604,6.56,6.68,6.35,6.38,6.64,-0.26,-3.9157,213795.72,138156.294,6.462070148083413
600653.SH,20260604,1.7,1.71,1.68,1.68,1.7,-0.02,-1.1765,146916.6,24828.803,1.689993030059231
600654.SH,20260604,3.21,3.28,3.15,3.18,3.24,-0.06,-1.8519,592048.01,189406.045,3.199166989852732
600655.SH,20260604,4.64,4.68,4.53,4.54,4.65,-0.11,-2.3656,110757.35,50755.871,4.582618760741386
600657.SH,20260604,2.78,2.86,2.73,2.76,2.79,-0.03,-1.0753,240936.0,67136.39,2.786482302354152
600658.SH,20260604,4.59,4.65,4.44,4.48,4.59,-0.11,-2.3965,126872.0,57186.308,4.50740179078126
600660.SH,20260604,53.58,54.08,53.18,53.5,53.88,-0.38,-0.7053,100031.14,535531.323,53.53646104603026
600661.SH,20260604,8.2,8.31,7.98,8.09,8.21,-0.12,-1.4616,51407.0,41754.312,8.122300853969303
600662.SH,20260604,4.4,4.45,4.32,4.35,4.42,-0.07,-1.5837,114053.2,49840.045,4.369894487835501
600663.SH,20260604,7.16,7.25,7.03,7.06,7.17,-0.11,-1.5342,75150.73,53545.049,7.125020475516339
600664.SH,20260604,3.26,3.28,3.13,3.17,3.28,-0.11,-3.3537,587602.69,187708.062,3.1944724759513954
600665.SH,20260604,3.41,3.52,3.34,3.48,3.42,0.06,1.7544,216587.63,74378.717,3.4341165744322515
600666.SH,20260604,4.7,4.9,4.6,4.65,4.84,-0.19,-3.9256,2184931.25,1023210.192,4.683031523303079
600667.SH,20260604,14.6,16.36,14.6,16.36,14.87,1.49,10.0202,1933062.69,3064278.461,15.851935257205756
600668.SH,20260604,7.9,7.94,7.59,7.66,7.91,-0.25,-3.1606,61400.62,47494.596,7.735198113634683
600671.SH,20260604,17.07,17.19,16.36,16.65,17.08,-0.43,-2.5176,22673.0,37933.438,16.730665549331803
600673.SH,20260604,34.25,34.3,33.02,33.33,34.79,-1.46,-4.1966,738870.46,2476480.662,33.51711559831476
600674.SH,20260604,15.39,15.74,15.35,15.57,15.46,0.11,0.7115,457442.44,712145.598,15.567982673404767
600675.SH,20260604,2.36,2.49,2.36,2.4,2.37,0.03,1.2658,362495.19,87834.548,2.4230541652152677
600676.SH,20260604,6.35,6.5,6.29,6.35,6.41,-0.06,-0.936,103102.01,65761.439,6.3782887452921635
600678.SH,20260604,6.5,6.6,6.41,6.45,6.75,-0.3,-4.4444,302613.4,195391.923,6.4568166181669415
600679.SH,20260604,10.8,11.48,10.65,10.83,10.73,0.1,0.932,176394.12,194990.995,11.054279757171043
600681.SH,20260604,3.73,3.78,3.67,3.72,3.74,-0.02,-0.5348,124337.75,46060.242,3.7044455123242943
600682.SH,20260604,6.08,6.16,5.78,5.85,6.11,-0.26,-4.2553,200924.88,119219.791,5.933550439348277
600683.SH,20260604,15.63,16.16,14.92,15.06,15.63,-0.57,-3.6468,336486.62,520009.841,15.454101592509089
600684.SH,20260604,3.52,3.6,3.48,3.5,3.53,-0.03,-0.8499,154839.01,54899.788,3.5456044313380715
600685.SH,20260604,27.44,28.33,27.41,27.64,27.62,0.02,0.0724,98429.19,273907.828,27.827906335508807
600686.SH,20260604,13.61,13.61,12.46,12.65,13.79,-1.14,-8.2669,356883.78,458345.221,12.842982693133322
600688.SH,20260604,3.38,3.38,3.32,3.38,3.07,0.31,10.0977,1757458.48,593907.505,3.379354401590187
600689.SH,20260604,11.49,11.49,11.08,11.19,11.44,-0.25,-2.1853,26403.01,29618.392,11.217808878608917
600690.SH,20260604,20.63,20.79,20.16,20.36,20.7,-0.34,-1.6425,373161.68,762825.464,20.44222397112158
600691.SH,20260604,2.73,2.74,2.64,2.65,2.74,-0.09,-3.2847,302268.16,80560.024,2.6651839214557036
600692.SH,20260604,6.69,6.75,6.43,6.51,6.7,-0.19,-2.8358,58803.0,38436.687,6.536518034794144
600693.SH,20260604,10.37,10.9,9.71,9.83,10.42,-0.59,-5.6622,883209.0,896076.374,10.145688891304323
600694.SH,20260604,14.77,14.9,14.3,14.4,14.89,-0.49,-3.2908,50527.88,73319.766,14.510754458726549
600696.SH,20260604,0.63,0.69,0.59,0.69,0.63,0.06,9.5238,43182.13,2835.78,0.6567022052872334
600697.SH,20260604,11.25,11.42,10.86,10.93,11.3,-0.37,-3.2743,40147.0,44398.523,11.058988965551597
600698.SH,20260604,6.51,6.54,6.26,6.33,6.56,-0.23,-3.5061,110782.44,70490.407,6.362958515808101
600699.SH,20260604,26.57,27.29,26.36,26.53,26.93,-0.4,-1.4853,347190.89,930180.422,26.791613743091013
600702.SH,20260604,41.99,42.72,40.24,40.28,42.31,-2.03,-4.7979,87580.18,360265.579,41.135514793415595
600703.SH,20260604,15.47,17.06,15.41,17.06,15.51,1.55,9.9936,2746189.29,4567721.024,16.63294311369192
600704.SH,20260604,4.9,4.92,4.78,4.79,4.91,-0.12,-2.444,584683.94,282904.251,4.838584261438753
600706.SH,20260604,8.06,8.15,7.85,7.95,8.11,-0.16,-1.9729,47504.0,37788.496,7.95480296396093
600707.SH,20260604,10.3,11.18,10.21,10.95,10.42,0.53,5.0864,2299887.8,2486495.998,10.81137957251654
600708.SH,20260604,3.11,3.18,3.0,3.12,3.11,0.01,0.3215,382246.71,117763.372,3.080821074954445
600710.SH,20260604,11.4,11.52,11.28,11.35,11.5,-0.15,-1.3043,89039.0,101187.594,11.364412673098306
600711.SH,20260604,12.55,12.55,12.07,12.18,12.75,-0.57,-4.4706,957478.42,1167533.421,12.193835355579086
600712.SH,20260604,5.83,5.89,5.65,5.66,5.85,-0.19,-3.2479,69692.0,39921.278,5.728243987832176
600713.SH,20260604,5.05,5.06,4.94,4.97,5.05,-0.08,-1.5842,81371.7,40549.205,4.9832073067172
600714.SH,20260604,29.5,30.33,28.8,29.91,29.83,0.08,0.2682,187294.11,556298.646,29.70187615616957
600715.SH,20260604,1.89,1.89,1.86,1.86,1.9,-0.04,-2.1053,173141.0,32343.448,1.8680409608353885
600716.SH,20260604,3.69,3.73,3.55,3.6,3.7,-0.1,-2.7027,103104.01,37229.145,3.6108338560255806
600717.SH,20260604,4.47,4.51,4.38,4.41,4.47,-0.06,-1.3423,200223.6,88925.355,4.441302373945928
600718.SH,20260604,8.16,8.22,7.99,8.02,8.18,-0.16,-1.956,94115.16,76019.933,8.077331324730256
600719.SH,20260604,9.23,9.28,8.87,8.97,9.19,-0.22,-2.3939,347939.0,313109.009,8.998962720476866
600720.SH,20260604,6.01,6.06,5.84,5.87,6.02,-0.15,-2.4917,72314.0,42795.824,5.918055148380673
600721.SH,20260604,7.26,7.29,7.01,7.1,7.29,-0.19,-2.6063,69517.0,49523.521,7.123943927384668
600722.SH,20260604,10.22,10.5,10.02,10.15,10.4,-0.25,-2.4038,214453.41,217610.5,10.14721565863653
600724.SH,20260604,6.75,6.76,6.41,6.49,6.78,-0.29,-4.2773,116946.0,76640.598,6.553503155302447
600725.SH,20260604,3.96,4.07,3.95,4.04,4.0,0.04,1.0,227734.2,91665.603,4.0251136192982875
600726.SH,20260604,9.3,10.68,9.2,10.39,9.71,0.68,7.0031,5666040.52,5751681.568,10.151147962492864
600727.SH,20260604,8.48,8.48,8.2,8.29,8.56,-0.27,-3.1542,374789.69,310923.166,8.295937009366508
600728.SH,20260604,4.71,4.76,4.66,4.68,4.75,-0.07,-1.4737,238486.2,112243.173,4.706485029322451
600729.SH,20260604,19.77,19.95,19.28,19.32,19.87,-0.55,-2.768,27660.0,53910.832,19.490539407086047
600730.SH,20260604,14.51,15.04,14.31,14.35,14.79,-0.44,-2.975,192715.84,281509.351,14.607483795831211
600731.SH,20260604,5.61,5.62,5.46,5.51,5.63,-0.12,-2.1314,60270.39,33258.261,5.51817584057445
600732.SH,20260604,11.56,11.69,11.38,11.51,11.69,-0.18,-1.5398,256154.96,295299.357,11.52815299770108
600733.SH,20260604,6.0,6.1,5.87,5.9,6.04,-0.14,-2.3179,695144.76,413967.588,5.955127792375217
600734.SH,20260604,2.14,2.15,2.07,2.09,2.16,-0.07,-3.2407,520154.0,109131.174,2.098055075996724
600735.SH,20260604,6.6,6.65,6.26,6.31,6.59,-0.28,-4.2489,116856.0,74559.359,6.380447644964743
600736.SH,20260604,7.08,7.16,7.01,7.09,7.18,-0.09,-1.2535,296985.5,210100.006,7.074419660219101
600737.SH,20260604,14.25,14.98,14.2,14.7,14.48,0.22,1.5193,438292.57,640459.658,14.61260586735477
600738.SH,20260604,4.27,4.32,4.13,4.16,4.28,-0.12,-2.8037,87862.0,36835.639,4.192442580410189
600739.SH,20260604,10.54,10.6,10.28,10.31,10.55,-0.24,-2.2749,121553.06,126540.673,10.410323935900914
600740.SH,20260604,4.07,4.22,4.01,4.15,4.07,0.08,1.9656,880654.03,363178.649,4.123965105797563
600741.SH,20260604,17.02,17.16,16.82,16.83,17.07,-0.24,-1.406,194891.37,330321.121,16.948986555946526
600742.SH,20260604,8.0,8.08,7.9,7.94,8.0,-0.06,-0.75,37202.83,29720.483,7.9887694027578
600743.SH,20260604,2.55,2.83,2.5,2.57,2.57,0.0,0.0,1796513.02,476850.808,2.6543131204248107
600744.SH,20260604,8.94,9.17,8.73,8.79,9.2,-0.41,-4.4565,2084358.86,1859760.831,8.922459882939735
600745.SH,20260604,20.57,20.57,20.57,20.57,21.65,-1.08,-4.9885,60700.0,124859.9,20.57
600746.SH,20260604,6.4,6.41,6.17,6.21,6.41,-0.2,-3.1201,108484.0,67855.93,6.254925150252571
600748.SH,20260604,4.45,4.48,4.24,4.29,4.49,-0.2,-4.4543,228492.8,99267.761,4.344459037658955
600749.SH,20260604,14.81,14.97,14.68,14.82,14.88,-0.06,-0.4032,49527.0,73304.557,14.800928180588366
600750.SH,20260604,25.84,26.34,25.51,25.51,26.1,-0.59,-2.2605,33885.94,87508.272,25.824360191867186
600751.SH,20260604,3.2,3.3,3.17,3.23,3.22,0.01,0.3106,367332.01,119468.668,3.2523348019683884
600753.SH,20260604,12.28,12.48,11.83,12.37,12.4,-0.03,-0.2419,23662.88,28491.511,12.040593114616646
600754.SH,20260604,20.16,20.34,19.66,19.85,20.21,-0.36,-1.7813,102533.24,204454.059,19.940270979440424
600755.SH,20260604,5.89,5.9,5.73,5.76,5.86,-0.1,-1.7065,163734.42,94883.471,5.794961804610173
600756.SH,20260604,14.0,14.1,13.56,13.7,14.1,-0.4,-2.8369,68325.31,93887.1,13.741189026438374
600757.SH,20260604,8.05,8.06,7.87,7.9,8.01,-0.11,-1.3733,53579.0,42648.237,7.959879243733553
600758.SH,20260604,5.25,5.38,5.09,5.12,5.39,-0.27,-5.0093,1718326.46,892464.516,5.193800693728478
600759.SH,20260604,2.92,2.96,2.84,2.84,2.99,-0.15,-5.0167,2517837.59,724324.429,2.8767718453198565
600760.SH,20260604,42.2,42.25,41.08,41.25,42.41,-1.16,-2.7352,193859.26,802110.985,41.37594381614786
600761.SH,20260604,16.9,17.22,16.86,16.97,16.92,0.05,0.2955,70670.0,120436.817,17.04214192726758
600763.SH,20260604,35.55,35.96,34.73,34.74,35.24,-0.5,-1.4188,69816.11,245577.946,35.174968356157336
600764.SH,20260604,20.52,20.8,20.46,20.71,20.6,0.11,0.534,32413.0,66922.337,20.64675809088946
600765.SH,20260604,13.86,13.93,13.67,13.82,13.97,-0.15,-1.0737,168370.54,232064.348,13.782954428963642
600768.SH,20260604,16.56,16.56,15.88,15.89,16.64,-0.75,-4.5072,41303.53,66446.09,16.087266633142494
600769.SH,20260604,16.28,16.45,15.54,15.57,16.4,-0.83,-5.061,288971.64,459405.188,15.89793337505369
600770.SH,20260604,6.0,6.16,5.95,6.1,6.07,0.03,0.4942,335230.6,203891.067,6.082113834476925
600771.SH,20260604,14.88,15.03,14.57,14.8,14.88,-0.08,-0.5376,57113.28,84082.843,14.722117693117958
600773.SH,20260604,15.57,15.84,15.0,15.11,15.64,-0.53,-3.3887,343922.19,526547.426,15.31007423510533
600774.SH,20260604,7.25,7.31,7.03,7.1,7.31,-0.21,-2.8728,30785.0,21912.797,7.1180110443397755
600775.SH,20260604,10.73,10.84,10.61,10.66,10.9,-0.24,-2.2018,114023.27,122013.014,10.700711705601847
600776.SH,20260604,14.92,15.05,14.32,14.49,15.11,-0.62,-4.1032,219936.29,321118.937,14.600543502848026
600777.SH,20260604,5.6,5.82,5.51,5.7,5.63,0.07,1.2433,228491.04,129141.232,5.651916679096038
600778.SH,20260604,5.92,6.02,5.73,5.77,5.97,-0.2,-3.3501,71078.59,41371.484,5.8205268281208165
600779.SH,20260604,32.0,32.79,30.9,30.92,32.67,-1.75,-5.3566,101102.86,318860.017,31.538179731018488
600780.SH,20260604,7.67,7.76,7.53,7.55,7.82,-0.27,-3.4527,405665.54,309395.633,7.626865052427179
600782.SH,20260604,2.81,2.81,2.77,2.77,2.81,-0.04,-1.4235,328549.0,91450.22,2.783457566451275
600783.SH,20260604,23.25,24.45,23.13,24.14,23.29,0.85,3.6496,437467.14,1049934.797,24.000312274883093
600784.SH,20260604,7.39,7.43,7.24,7.42,7.4,0.02,0.2703,92211.0,67827.178,7.35564932600232
600785.SH,20260604,15.69,15.75,15.12,15.28,15.7,-0.42,-2.6752,50658.0,77677.973,15.333801768723596
600787.SH,20260604,4.77,4.8,4.63,4.64,4.77,-0.13,-2.7254,171832.0,80609.692,4.691192094604031
600789.SH,20260604,7.57,7.64,7.29,7.33,7.61,-0.28,-3.6794,128990.59,95944.392,7.4380923445656
600790.SH,20260604,4.07,4.08,3.9,3.94,4.07,-0.13,-3.1941,191342.7,76134.56,3.9789633991785416
600791.SH,20260604,16.43,16.96,15.16,15.45,15.9,-0.45,-2.8302,277065.0,441750.052,15.943913955209068
600792.SH,20260604,4.57,4.78,4.46,4.58,4.51,0.07,1.5521,715939.3,328013.471,4.581582139714917
600793.SH,20260604,13.84,13.88,13.39,13.51,13.84,-0.33,-2.3844,27355.37,37145.073,13.578713429940812
600794.SH,20260604,3.21,3.22,3.15,3.17,3.21,-0.04,-1.2461,91499.0,29099.261,3.1802818610039454
600795.SH,20260604,5.19,5.24,5.14,5.16,5.23,-0.07,-1.3384,2306269.9,1194858.19,5.180912216735778
600796.SH,20260604,5.28,5.38,5.19,5.25,5.31,-0.06,-1.1299,55128.0,29031.396,5.266179799738789
600797.SH,20260604,7.8,7.87,7.55,7.59,7.97,-0.38,-4.7679,431559.19,330935.299,7.668364077706236
600798.SH,20260604,3.63,3.66,3.51,3.53,3.59,-0.06,-1.6713,323986.5,115085.184,3.552159858512623
600800.SH,20260604,3.84,3.86,3.72,3.76,3.87,-0.11,-2.8424,221420.95,83433.487,3.768093624383781
600801.SH,20260604,18.91,19.13,18.65,18.95,19.04,-0.09,-0.4727,98173.0,185294.124,18.874244853472952
600802.SH,20260604,4.98,5.04,4.87,4.92,5.02,-0.1,-1.992,58109.0,28618.263,4.924927808084806
600803.SH,20260604,19.55,19.75,19.21,19.22,19.64,-0.42,-2.1385,52256.04,101316.993,19.388570775741904
600805.SH,20260604,4.65,4.69,4.54,4.57,4.66,-0.09,-1.9313,77612.28,35610.825,4.588297753912139
600807.SH,20260604,2.75,2.98,2.65,2.84,2.77,0.07,2.5271,495024.0,138626.952,2.800408707456608
600808.SH,20260604,2.87,2.9,2.83,2.85,2.88,-0.03,-1.0417,394826.96,112772.933,2.8562622218097773
600809.SH,20260604,123.5,125.49,122.03,122.1,123.5,-1.4,-1.1336,68356.35,843629.274,123.41637229021151
600810.SH,20260604,5.82,5.88,5.7,5.74,5.83,-0.09,-1.5437,103113.93,59381.248,5.758799805225153
600812.SH,20260604,4.49,4.51,4.35,4.37,4.48,-0.11,-2.4554,151066.14,66649.067,4.4119130203498935
600814.SH,20260604,7.15,7.25,6.88,6.92,7.17,-0.25,-3.4868,78500.16,55063.148,7.01439946109664
600815.SH,20260604,3.31,3.4,3.28,3.31,3.36,-0.05,-1.4881,315134.0,104638.978,3.320459804400668
600816.SH,20260604,2.99,2.99,2.89,2.9,3.0,-0.1,-3.3333,699850.29,204768.079,2.9258840344268484
600817.SH,20260604,9.93,9.96,9.78,9.87,9.97,-0.1,-1.003,23693.0,23338.511,9.850382391423626
600818.SH,20260604,5.93,6.02,5.63,5.68,5.93,-0.25,-4.2159,86207.0,49909.541,5.78949980860023
600819.SH,20260604,6.39,6.45,6.26,6.4,6.4,0.0,0.0,72609.23,46132.007,6.353463189184075
600820.SH,20260604,5.67,5.73,5.56,5.58,5.7,-0.12,-2.1053,192290.29,108045.48,5.618873423093802
600821.SH,20260604,8.11,8.74,8.06,8.62,8.25,0.37,4.4848,2731853.37,2310991.945,8.459428937066267
600822.SH,20260604,8.83,8.91,8.6,8.64,8.84,-0.2,-2.2624,25315.0,22023.175,8.69965435512542
600824.SH,20260604,3.78,3.81,3.67,3.69,3.78,-0.09,-2.381,95544.06,35577.712,3.723696899629344
600825.SH,20260604,4.99,5.02,4.82,4.89,5.0,-0.11,-2.2,90431.4,44280.059,4.896535827157382
600826.SH,20260604,8.77,8.78,8.65,8.74,8.81,-0.07,-0.7946,35267.8,30702.03,8.705399826470604
600827.SH,20260604,8.2,8.32,8.01,8.07,8.21,-0.14,-1.7052,124413.51,101149.553,8.130110066020965
600828.SH,20260604,4.51,4.95,4.5,4.95,4.5,0.45,10.0,307586.91,150130.714,4.880920127582803
600829.SH,20260604,8.62,8.71,8.44,8.53,8.7,-0.17,-1.954,36871.79,31572.774,8.56285360705298
600830.SH,20260604,7.98,8.06,7.73,7.8,8.0,-0.2,-2.5,75977.0,59509.741,7.832599470892507
600831.SH,20260604,3.57,3.61,3.5,3.57,3.56,0.01,0.2809,146140.61,51798.016,3.5443957706211853
600833.SH,20260604,10.29,10.37,10.02,10.11,10.32,-0.21,-2.0349,25007.0,25364.935,10.143133922501699
600834.SH,20260604,7.4,7.44,7.23,7.28,7.41,-0.13,-1.7544,21102.0,15416.304,7.305612738129087
600835.SH,20260604,21.6,22.14,21.4,21.85,21.69,0.16,0.7377,79956.15,173675.049,21.721287105494703
600838.SH,20260604,8.17,8.22,7.88,7.91,8.18,-0.27,-3.3007,90936.48,72643.931,7.988425657118023
600839.SH,20260604,7.17,7.23,6.94,7.02,7.22,-0.2,-2.7701,802804.28,567658.545,7.070945673084852
600841.SH,20260604,7.45,7.65,7.35,7.41,7.46,-0.05,-0.6702,209783.0,156732.125,7.471154717017107
600843.SH,20260604,7.65,7.67,7.38,7.44,7.66,-0.22,-2.8721,77760.99,58205.816,7.485220545674637
600844.SH,20260604,3.02,3.04,2.93,2.98,3.01,-0.03,-0.9967,266825.0,79309.962,2.9723587369999063
600845.SH,20260604,20.02,20.11,19.24,19.31,20.26,-0.95,-4.689,258177.1,505176.379,19.567048316833677
600846.SH,20260604,12.48,12.49,11.66,11.72,12.29,-0.57,-4.6379,117696.77,141118.137,11.98997534086959
600847.SH,20260604,15.3,15.71,14.82,14.93,15.16,-0.23,-1.5172,38461.0,58342.821,15.169345830841632
600848.SH,20260604,9.0,9.05,8.62,8.64,9.07,-0.43,-4.7409,217519.17,189915.689,8.730986285024901
600850.SH,20260604,21.6,22.3,20.58,20.88,22.87,-1.99,-8.7014,375015.14,799040.444,21.30688494336522
600851.SH,20260604,7.6,7.65,7.34,7.39,7.67,-0.28,-3.6506,81551.0,60816.354,7.45746269205773
600853.SH,20260604,3.55,3.57,3.5,3.52,3.57,-0.05,-1.4006,65571.23,23100.847,3.523015657934128
600854.SH,20260604,4.84,4.88,4.69,4.73,4.85,-0.12,-2.4742,98870.01,47017.966,4.755533654745257
600855.SH,20260604,15.4,15.45,14.94,15.09,15.54,-0.45,-2.8958,98190.0,148822.194,15.156553009471432
600857.SH,20260604,16.71,17.29,15.6,15.75,17.22,-1.47,-8.5366,208253.69,336870.736,16.175979210740515
600858.SH,20260604,5.1,5.16,4.93,4.98,5.11,-0.13,-2.544,93849.0,47040.401,5.0123497320163235
600859.SH,20260604,10.75,10.88,10.35,10.45,10.77,-0.32,-2.9712,191819.32,201784.337,10.519500173392336
600860.SH,20260604,9.14,9.24,8.87,8.97,9.19,-0.22,-2.3939,72609.75,65429.674,9.011141616656165
600861.SH,20260604,14.26,14.34,14.03,14.11,14.26,-0.15,-1.0519,18571.5,26327.745,14.176423552217106
600862.SH,20260604,17.7,17.85,17.36,17.68,17.81,-0.13,-0.7299,159785.08,280919.639,17.58109324099597
600863.SH,20260604,7.14,7.39,6.86,6.88,7.39,-0.51,-6.9012,4325551.71,3070065.674,7.09751236334197
600864.SH,20260604,5.46,5.54,5.33,5.38,5.5,-0.12,-2.1818,333563.07,180398.524,5.4082283149630435
600865.SH,20260604,10.4,10.8,9.89,10.0,10.45,-0.45,-4.3062,173919.23,177208.615,10.189132909569574
600866.SH,20260604,4.92,4.95,4.75,4.79,4.92,-0.13,-2.6423,275809.01,133038.927,4.823588866803155
600867.SH,20260604,8.34,8.44,8.23,8.28,8.35,-0.07,-0.8383,200076.35,166160.011,8.304830181078373
600868.SH,20260604,3.42,3.78,3.4,3.78,3.44,0.34,9.8837,3130748.84,1167203.159,3.728191620123702
600869.SH,20260604,26.5,27.25,26.08,26.5,26.9,-0.4,-1.487,1282680.18,3410698.921,26.590407914465473
600871.SH,20260604,2.36,2.37,2.28,2.32,2.4,-0.08,-3.3333,1482327.2,343289.468,2.3158818646787296
600872.SH,20260604,18.81,18.93,18.27,18.34,18.76,-0.42,-2.2388,113498.08,209212.315,18.433114903793967
600873.SH,20260604,9.22,9.3,9.13,9.24,9.21,0.03,0.3257,130083.01,119818.067,9.210892875249426
600874.SH,20260604,5.79,5.8,5.61,5.65,5.81,-0.16,-2.7539,91474.0,52092.922,5.694833723243763
600875.SH,20260604,33.0,34.28,32.8,33.83,33.41,0.42,1.2571,626725.3,2122339.346,33.86394878266443
600876.SH,20260604,8.27,8.6,8.19,8.46,8.27,0.19,2.2975,52927.0,44622.897,8.431027075027869
600877.SH,20260604,13.9,14.08,13.73,13.89,13.98,-0.09,-0.6438,136959.0,190680.21,13.922430070313013
600879.SH,20260604,19.65,20.06,19.28,19.71,19.98,-0.27,-1.3514,986308.95,1943988.938,19.70973636607475
600880.SH,20260604,4.24,4.28,4.15,4.18,4.26,-0.08,-1.8779,163368.48,68611.913,4.199825633439204
600881.SH,20260604,1.53,1.55,1.49,1.5,1.54,-0.04,-2.5974,434003.25,65512.34,1.5094896178772854
600882.SH,20260604,18.83,19.19,17.95,18.16,19.03,-0.87,-4.5717,88884.0,163314.469,18.37388832635795
600883.SH,20260604,8.32,8.42,8.04,8.12,8.32,-0.2,-2.4038,44664.97,36518.214,8.17603011935304
600884.SH,20260604,13.76,13.78,13.47,13.58,13.89,-0.31,-2.2318,614559.68,835991.131,13.603091094423895
600885.SH,20260604,34.3,35.8,33.25,34.9,34.68,0.22,0.6344,213641.01,739299.335,34.60474817077489
600886.SH,20260604,14.25,14.4,13.98,14.03,14.3,-0.27,-1.8881,441442.06,625063.773,14.159588078218013
600887.SH,20260604,26.61,26.85,26.47,26.56,26.72,-0.16,-0.5988,474756.37,1263704.666,26.617961250314558
600888.SH,20260604,11.24,11.25,10.77,10.85,11.31,-0.46,-4.0672,882843.78,963863.264,10.917710311103964
600889.SH,20260604,15.85,15.9,15.66,15.72,15.94,-0.22,-1.3802,30480.08,48046.006,15.763083955160223
600892.SH,20260604,3.8,3.8,3.64,3.68,3.79,-0.11,-2.9024,73716.01,27285.309,3.701408825572627
600893.SH,20260604,40.92,42.98,40.38,42.75,41.25,1.5,3.6364,414825.49,1720951.164,41.48614792210576
600894.SH,20260604,8.82,8.95,8.8,8.9,8.9,0.0,0.0,53409.75,47413.294,8.877273157054658
600895.SH,20260604,32.66,33.2,32.36,32.81,33.08,-0.27,-0.8162,242724.34,794354.085,32.72659367412432
600897.SH,20260604,14.85,14.9,14.47,14.56,14.82,-0.26,-1.7544,19051.65,27839.916,14.612863452771807
600900.SH,20260604,27.83,27.96,27.61,27.72,27.89,-0.17,-0.6095,874972.29,2430916.403,27.78278158957468
600901.SH,20260604,6.51,6.61,6.44,6.53,6.53,0.0,0.0,241191.45,156936.946,6.50673753153356
600903.SH,20260604,9.17,9.19,8.7,8.79,9.26,-0.47,-5.0756,485284.33,432162.453,8.905345305503683
600905.SH,20260604,4.27,4.35,4.25,4.3,4.29,0.01,0.2331,2324403.65,1001450.744,4.308420114552823
600906.SH,20260604,6.75,6.88,6.6,6.66,6.82,-0.16,-2.346,561953.02,376804.125,6.705260254673958
600908.SH,20260604,5.48,5.53,5.38,5.39,5.48,-0.09,-1.6423,106267.0,57844.524,5.443319562987568
600909.SH,20260604,7.4,7.58,7.3,7.53,7.44,0.09,1.2097,1719423.77,1284252.43,7.4690861694903745
600916.SH,20260604,7.9,7.91,7.75,7.81,7.93,-0.12,-1.5132,227680.95,177659.898,7.803019883745214
600917.SH,20260604,5.22,5.23,5.11,5.14,5.22,-0.08,-1.5326,49908.49,25689.106,5.147241681725895
600918.SH,20260604,5.4,5.45,5.29,5.33,5.43,-0.1,-1.8416,318387.7,170580.902,5.35764735886468
600919.SH,20260604,11.33,11.42,11.18,11.24,11.32,-0.08,-0.7067,789360.45,890209.468,11.277604141428672
600925.SH,20260604,4.83,4.89,4.8,4.87,4.81,0.06,1.2474,313366.2,151985.537,4.850093500830658
600926.SH,20260604,16.0,16.04,15.62,15.68,16.02,-0.34,-2.1223,597065.9,943534.854,15.802859516847303
600927.SH,20260604,13.42,13.48,13.04,13.13,13.4,-0.27,-2.0149,68136.52,90058.366,13.21734159596058
600928.SH,20260604,3.52,3.55,3.45,3.47,3.53,-0.06,-1.6997,249741.48,87090.556,3.4872283130539627
600929.SH,20260604,5.36,5.36,5.14,5.17,5.37,-0.2,-3.7244,208070.98,108351.389,5.207424360667691
600930.SH,20260604,6.2,6.25,6.1,6.15,6.25,-0.1,-1.6,1579263.26,972820.924,6.159966793630089
600933.SH,20260604,15.47,15.79,15.32,15.45,15.55,-0.1,-0.6431,102076.47,158347.743,15.512658598009903
600935.SH,20260604,2.43,2.43,2.36,2.37,2.43,-0.06,-2.4691,178660.32,42590.153,2.383861900616768
600936.SH,20260604,6.37,6.66,6.11,6.17,6.51,-0.34,-5.2227,2238063.27,1407163.238,6.287414912984117
600938.SH,20260604,35.92,35.92,35.25,35.45,36.28,-0.83,-2.2878,349746.0,1243202.927,35.54587978132702
600939.SH,20260604,3.04,3.07,2.94,2.95,3.05,-0.1,-3.2787,206387.28,61878.551,2.998176583363083
600941.SH,20260604,100.0,100.47,98.73,100.16,100.16,0.0,0.0,95989.49,957848.178,99.78677644812988
600955.SH,20260604,16.09,16.14,15.54,15.55,16.13,-0.58,-3.5958,44163.0,69253.453,15.681328940515815
600956.SH,20260604,9.5,9.66,9.38,9.41,9.75,-0.34,-3.4872,298730.93,283013.022,9.473843970559058
600958.SH,20260604,9.12,9.19,8.93,8.97,9.16,-0.19,-2.0742,570916.41,514981.376,9.020258780090066
600959.SH,20260604,3.43,3.44,3.35,3.37,3.44,-0.07,-2.0349,477663.48,161548.215,3.382050790234162
600960.SH,20260604,4.32,4.44,4.29,4.35,4.37,-0.02,-0.4577,99892.48,43546.438,4.3593309526402795
600961.SH,20260604,25.69,25.85,24.84,25.14,26.07,-0.93,-3.5673,274135.17,691081.355,25.209510877425906
600962.SH,20260604,24.83,24.83,24.08,24.19,24.65,-0.46,-1.8661,44501.0,108097.346,24.290992561964902
600963.SH,20260604,3.89,3.93,3.81,3.83,3.9,-0.07,-1.7949,193450.0,74769.598,3.86506063582321
600965.SH,20260604,3.07,3.13,3.04,3.06,3.11,-0.05,-1.6077,56945.61,17488.305,3.071054116375257
600966.SH,20260604,5.88,5.94,5.75,5.79,5.89,-0.1,-1.6978,106179.0,62049.018,5.843812618314356
600967.SH,20260604,12.24,12.24,11.9,12.02,12.27,-0.25,-2.0375,160677.74,193611.66,12.049687778780061
600968.SH,20260604,4.0,4.08,3.95,4.01,4.04,-0.03,-0.7426,631971.0,252574.18,3.996610287497369
600969.SH,20260604,11.02,11.14,10.76,10.85,11.26,-0.41,-3.6412,151285.25,164949.678,10.903222753044332
600970.SH,20260604,8.96,9.07,8.92,9.0,8.94,0.06,0.6711,214590.8,193044.109,8.995917299343681
600971.SH,20260604,8.18,8.57,8.12,8.48,8.15,0.33,4.0491,451379.07,378640.526,8.388526433004525
600973.SH,20260604,7.05,7.15,6.85,6.93,7.06,-0.13,-1.8414,251463.63,175374.22,6.974138566280937
600975.SH,20260604,4.95,5.02,4.8,4.83,4.96,-0.13,-2.621,100649.0,49151.383,4.883444743613945
600976.SH,20260604,28.0,28.08,27.48,27.62,27.96,-0.34,-1.216,16261.78,45099.0,27.733126385918393
600977.SH,20260604,14.25,14.66,14.25,14.44,14.41,0.03,0.2082,347666.12,503631.755,14.486075174653198
600979.SH,20260604,5.18,5.28,5.11,5.16,5.3,-0.14,-2.6415,826552.9,429046.036,5.19078737731124
600980.SH,20260604,20.9,20.98,20.4,20.84,21.13,-0.29,-1.3725,27108.0,56021.764,20.666136933746493
600981.SH,20260604,2.6,2.84,2.58,2.7,2.58,0.12,4.6512,876050.5,239308.354,2.731673048528595
600982.SH,20260604,6.89,7.05,6.66,6.73,7.11,-0.38,-5.3446,951084.54,651040.469,6.84524289502172
600983.SH,20260604,8.74,8.75,8.53,8.57,8.7,-0.13,-1.4943,21339.09,18398.081,8.621773936939203
600984.SH,20260604,4.34,4.37,4.21,4.25,4.35,-0.1,-2.2989,336076.81,144199.746,4.290678252986274
600985.SH,20260604,15.83,17.4,15.63,16.58,15.83,0.75,4.7378,639538.12,1061040.51,16.590731292139395
600986.SH,20260604,8.3,8.36,8.09,8.14,8.38,-0.24,-2.864,678058.36,554974.623,8.184761898666068
600987.SH,20260604,6.64,6.65,6.51,6.52,6.65,-0.13,-1.9549,65023.25,42677.974,6.563494442372536
600988.SH,20260604,33.28,33.4,31.92,32.23,33.45,-1.22,-3.6472,419700.92,1358688.697,32.37278338584533
600989.SH,20260604,24.65,24.65,23.5,23.58,24.99,-1.41,-5.6423,1033185.94,2458067.536,23.791143886452808
600990.SH,20260604,18.76,18.86,18.39,18.46,18.76,-0.3,-1.5991,26477.56,49141.453,18.55966070891729
600992.SH,20260604,11.88,12.36,11.68,12.21,12.11,0.1,0.8258,104255.16,125679.323,12.05497387371522
600993.SH,20260604,23.74,23.85,23.2,23.32,23.75,-0.43,-1.8105,30061.31,70512.819,23.45633606785599
600995.SH,20260604,16.0,16.42,15.65,15.65,16.3,-0.65,-3.9877,547274.11,873322.968,15.957688332817352
600996.SH,20260604,8.69,8.87,8.47,8.53,8.75,-0.22,-2.5143,316485.18,273014.716,8.626461308551637
600997.SH,20260604,5.73,5.95,5.67,5.86,5.7,0.16,2.807,255748.72,148426.524,5.803607697430509
600998.SH,20260604,4.89,4.97,4.87,4.95,4.89,0.06,1.227,306302.25,150993.311,4.92955278650418
600999.SH,20260604,17.15,17.43,16.98,17.13,17.31,-0.18,-1.0399,485155.8,832198.667,17.153225149529284
601000.SH,20260604,4.34,4.42,4.26,4.29,4.34,-0.05,-1.1521,467725.24,202967.527,4.3394606414654895
601001.SH,20260604,21.4,23.9,20.7,22.69,21.88,0.81,3.702,687212.26,1520520.365,22.125920236056324
601002.SH,20260604,5.1,5.14,5.01,5.04,5.12,-0.08,-1.5625,122353.01,61840.716,5.054286445425413
601003.SH,20260604,3.82,3.9,3.78,3.84,3.86,-0.02,-0.5181,213818.11,82010.93,3.835546483878283
601005.SH,20260604,1.29,1.3,1.28,1.29,1.3,-0.01,-0.7692,496490.25,64008.797,1.2892256595169793
601006.SH,20260604,5.14,5.18,5.12,5.13,5.15,-0.02,-0.3883,952663.43,490222.172,5.14580655205795
601007.SH,20260604,6.71,6.79,6.55,6.59,6.71,-0.12,-1.7884,54967.98,36464.017,6.6336832825219325
601008.SH,20260604,4.58,4.64,4.55,4.64,4.6,0.04,0.8696,112132.73,51644.245,4.605635214624669
601009.SH,20260604,11.16,11.23,10.96,11.01,11.14,-0.13,-1.167,396062.28,437918.971,11.056820937353589
601010.SH,20260604,1.61,1.72,1.61,1.72,1.64,0.08,4.878,583432.43,97575.626,1.6724409028822753
601011.SH,20260604,3.05,3.21,3.03,3.19,3.08,0.11,3.5714,1037951.02,326313.763,3.143826218312305
601012.SH,20260604,13.33,13.52,13.19,13.34,13.42,-0.08,-0.5961,1060962.41,1416611.361,13.35213526556516
601015.SH,20260604,3.96,4.4,3.89,4.25,4.0,0.25,6.25,1890650.48,782853.274,4.140655728180917
601016.SH,20260604,4.8,5.14,4.76,4.97,4.87,0.1,2.0534,5078652.67,2545582.309,5.012318176505659
601018.SH,20260604,3.45,3.47,3.38,3.39,3.45,-0.06,-1.7391,674473.15,230366.155,3.415497785197231
601019.SH,20260604,7.04,7.06,6.9,6.94,7.04,-0.1,-1.4205,72357.35,50442.579,6.971313764254771
601020.SH,20260604,25.72,25.96,24.86,24.94,25.85,-0.91,-3.5203,214209.97,540592.789,25.236583946116045
601021.SH,20260604,46.0,46.38,45.35,45.65,45.82,-0.17,-0.371,78124.48,357244.515,45.7276022829208
601022.SH,20260604,8.12,8.19,8.03,8.03,8.13,-0.1,-1.23,49480.81,40041.854,8.092400670077955
601026.SH,20260604,17.26,17.4,15.89,16.07,17.25,-1.18,-6.8406,82519.75,136147.881,16.498823736135893
601033.SH,20260604,14.64,14.96,14.4,14.9,14.73,0.17,1.1541,62344.0,92044.219,14.763925798793789
601038.SH,20260604,12.85,12.9,12.57,12.63,12.84,-0.21,-1.6355,45846.66,58293.04,12.714784457580988
601058.SH,20260604,12.59,12.63,12.3,12.35,12.55,-0.2,-1.5936,276456.82,343927.18,12.440538815428752
601059.SH,20260604,16.72,16.87,16.25,16.35,16.81,-0.46,-2.7365,96423.33,158900.75,16.479492048241852
601061.SH,20260604,12.78,12.82,12.35,12.44,12.92,-0.48,-3.7152,142053.99,177518.663,12.496562961730255
601065.SH,20260604,7.66,7.73,7.62,7.72,7.69,0.03,0.3901,27665.0,21221.997,7.671063437556479
601066.SH,20260604,25.57,26.53,24.94,25.07,25.55,-0.48,-1.8787,441428.69,1121061.13,25.396200006845948
601068.SH,20260604,5.47,5.47,5.3,5.34,5.48,-0.14,-2.5547,146775.0,78639.939,5.3578565150740936
601069.SH,20260604,27.18,27.33,26.45,26.48,27.43,-0.95,-3.4634,141807.04,378871.475,26.717395342290477
601077.SH,20260604,6.71,6.75,6.49,6.57,6.71,-0.14,-2.0864,542872.12,356342.239,6.564018041670661
601083.SH,20260604,11.3,11.37,11.04,11.08,11.31,-0.23,-2.0336,53013.72,59171.957,11.161630800479575
601086.SH,20260604,7.69,7.85,7.18,7.28,7.8,-0.52,-6.6667,205753.0,152808.09,7.42677336417938
601088.SH,20260604,48.56,49.8,48.51,49.02,48.85,0.17,0.348,379686.79,1869936.94,49.24946006154178
601089.SH,20260604,17.26,17.4,16.92,16.99,17.27,-0.28,-1.6213,22871.0,39103.097,17.097239735910104
601096.SH,20260604,4.91,4.95,4.82,4.85,4.92,-0.07,-1.4228,226320.21,110010.309,4.860825685872243
601098.SH,20260604,11.21,11.32,11.06,11.13,11.21,-0.08,-0.7136,67536.0,75385.814,11.162315505804312
601099.SH,20260604,3.28,3.3,3.22,3.25,3.3,-0.05,-1.5152,1061346.84,345545.623,3.2557276281144816
601100.SH,20260604,111.52,116.88,110.52,114.2,112.64,1.56,1.3849,82049.53,940391.187,114.61262325329591
601101.SH,20260604,13.8,14.6,13.2,13.74,14.01,-0.27,-1.9272,999715.35,1386584.507,13.869793106607794
601106.SH,20260604,3.69,3.72,3.64,3.68,3.72,-0.04,-1.0753,459234.0,168627.831,3.67193698637296
601107.SH,20260604,6.17,6.21,6.03,6.05,6.17,-0.12,-1.9449,106170.06,64695.208,6.093545393117418
601108.SH,20260604,7.83,7.89,7.61,7.68,7.89,-0.21,-2.6616,432253.11,334037.072,7.727811883181129
601111.SH,20260604,6.48,6.55,6.46,6.5,6.51,-0.01,-0.1536,581371.54,377896.588,6.500087499983229
601112.SH,20260604,17.18,17.2,16.71,16.97,17.3,-0.33,-1.9075,83840.16,141912.544,16.92655930045935
601113.SH,20260604,4.01,4.05,3.92,3.95,4.04,-0.09,-2.2277,108208.33,42970.326,3.9710737611420486
601116.SH,20260604,12.47,12.75,11.97,12.07,12.6,-0.53,-4.2063,159393.56,194929.611,12.229453373147575
601117.SH,20260604,7.64,7.66,7.51,7.53,7.68,-0.15,-1.9531,655155.11,495193.566,7.558417212070589
601118.SH,20260604,6.85,7.03,6.7,6.75,7.04,-0.29,-4.1193,848230.09,577687.168,6.810500768724203
601121.SH,20260604,6.54,6.54,6.3,6.32,6.55,-0.23,-3.5115,103678.0,65891.774,6.355424873164992
601126.SH,20260604,75.55,76.49,74.3,74.58,76.5,-1.92,-2.5098,216096.34,1626771.208,75.27990561987306
601127.SH,20260604,78.33,78.77,76.2,76.37,79.1,-2.73,-3.4513,249826.54,1930569.172,77.2763843265011
601128.SH,20260604,7.05,7.08,6.94,6.98,7.06,-0.08,-1.1331,618401.78,431839.314,6.983151212792435
601133.SH,20260604,27.1,28.83,27.0,28.3,27.46,0.84,3.059,241761.46,678435.983,28.06220573783762
601136.SH,20260604,14.21,14.32,13.85,13.98,14.31,-0.33,-2.3061,101724.07,142861.75,14.044045819244156
601137.SH,20260604,23.6,24.45,22.58,23.3,22.66,0.64,2.8244,864461.9,2024597.707,23.420323174451063
601138.SH,20260604,80.0,80.86,77.35,78.55,81.05,-2.5,-3.0845,2805857.33,22120464.645,78.83674058723435
601139.SH,20260604,6.56,6.6,6.46,6.5,6.6,-0.1,-1.5152,172625.0,112435.428,6.513276060825489
601155.SH,20260604,12.25,12.35,11.71,11.83,12.33,-0.5,-4.0552,189589.02,226461.307,11.944853504701909
601156.SH,20260604,17.0,17.0,16.5,16.61,16.78,-0.17,-1.0131,66849.28,111664.819,16.703967342654998
601158.SH,20260604,4.29,4.31,4.23,4.24,4.29,-0.05,-1.1655,102488.0,43655.397,4.259561802357349
601162.SH,20260604,3.29,3.31,3.19,3.22,3.3,-0.08,-2.4242,1040160.27,336943.736,3.239344413721935
601163.SH,20260604,13.9,13.95,13.59,13.95,13.88,0.07,0.5043,47578.23,65476.782,13.761920525416771
601166.SH,20260604,18.53,18.62,18.23,18.29,18.49,-0.2,-1.0817,770490.55,1417890.189,18.402434513959967
601168.SH,20260604,32.0,32.24,31.04,31.25,32.75,-1.5,-4.5802,511188.71,1606241.943,31.42170223203873
601169.SH,20260604,5.12,5.14,5.06,5.07,5.13,-0.06,-1.1696,928470.65,472631.866,5.090434102575024
601177.SH,20260604,15.25,15.47,14.44,14.5,15.86,-1.36,-8.575,253432.41,377098.191,14.87963559988243
601179.SH,20260604,16.2,16.32,15.61,15.61,16.42,-0.81,-4.933,1814630.85,2888247.118,15.91644448235849
601186.SH,20260604,6.38,6.41,6.26,6.31,6.39,-0.08,-1.252,395297.78,250269.543,6.331164900546621
601187.SH,20260604,7.23,7.31,7.1,7.16,7.27,-0.11,-1.5131,115856.0,83186.433,7.180157523132165
601188.SH,20260604,3.13,3.14,3.07,3.09,3.14,-0.05,-1.5924,90467.98,28017.818,3.096987243442376
601198.SH,20260604,13.12,13.17,12.72,12.8,13.12,-0.32,-2.439,258408.84,333543.213,12.907577503927497
601199.SH,20260604,5.63,5.66,5.47,5.53,5.66,-0.13,-2.2968,103637.3,57391.21,5.5376982997434325
601200.SH,20260604,7.61,7.67,7.46,7.48,7.63,-0.15,-1.9659,79781.37,60106.112,7.533853078732542
601208.SH,20260604,55.45,60.5,54.72,59.6,56.49,3.11,5.5054,1106339.8,6395181.194,57.80485519909887
601211.SH,20260604,16.25,16.39,16.08,16.2,16.32,-0.12,-0.7353,994674.33,1614600.822,16.232456928892496
601212.SH,20260604,6.33,6.33,6.15,6.19,6.38,-0.19,-2.9781,837756.7,519745.612,6.204016177966706
601216.SH,20260604,5.14,5.14,5.01,5.03,5.15,-0.12,-2.3301,677289.2,341952.562,5.048841204023333
601218.SH,20260604,5.2,5.24,5.04,5.07,5.24,-0.17,-3.2443,293599.82,149981.784,5.108374521483018
601222.SH,20260604,6.23,6.52,6.18,6.45,6.25,0.2,3.2,558348.15,355932.273,6.374737213690061
601225.SH,20260604,26.85,28.2,26.77,27.41,27.12,0.29,1.0693,743591.69,2047967.733,27.54156293758474
601226.SH,20260604,7.62,7.64,7.4,7.46,7.58,-0.12,-1.5831,117345.0,87714.074,7.474888065107162
601228.SH,20260604,3.13,3.14,3.05,3.06,3.13,-0.07,-2.2364,253231.65,78112.015,3.084607117633203
601229.SH,20260604,9.25,9.36,9.19,9.23,9.26,-0.03,-0.324,414880.59,384591.513,9.26993265700861
601231.SH,20260604,44.11,47.89,43.62,45.76,43.62,2.14,4.906,1069612.53,4928880.295,46.08098873897822
601233.SH,20260604,20.37,20.66,19.62,20.49,20.43,0.06,0.2937,505785.48,1022669.615,20.219434037529112
601236.SH,20260604,6.89,6.97,6.7,6.93,6.99,-0.06,-0.8584,171391.37,117071.487,6.830652383489321
601238.SH,20260604,6.13,6.15,6.04,6.07,6.12,-0.05,-0.817,159585.28,97065.9,6.082384290079887
601279.SH,20260604,3.5,3.59,3.46,3.52,3.52,0.0,0.0,79816.0,28047.102,3.513969880725669
601288.SH,20260604,6.37,6.41,6.28,6.3,6.36,-0.06,-0.9434,2019331.69,1278262.773,6.330127830559626
601298.SH,20260604,9.41,9.56,9.3,9.34,9.46,-0.12,-1.2685,91580.96,86199.486,9.4123806957254
601311.SH,20260604,8.63,8.63,8.34,8.36,8.67,-0.31,-3.5755,176985.44,149514.95,8.447867236988534
601318.SH,20260604,53.61,54.08,53.04,53.23,53.7,-0.47,-0.8752,576225.88,3084164.36,53.52353073763365
601319.SH,20260604,6.64,6.7,6.5,6.57,6.66,-0.09,-1.3514,554295.83,365257.807,6.58958244372865
601326.SH,20260604,3.39,3.44,3.35,3.4,3.38,0.02,0.5917,284052.0,96696.586,3.4041860645233966
601328.SH,20260604,6.81,6.82,6.71,6.72,6.78,-0.06,-0.885,1448417.12,979377.87,6.761711502001577
601330.SH,20260604,9.4,9.43,8.86,8.86,9.49,-0.63,-6.6386,383283.0,349917.235,9.1294744353389
601333.SH,20260604,3.1,3.14,3.06,3.07,3.1,-0.03,-0.9677,558953.0,172772.019,3.0909936792538906
601336.SH,20260604,57.2,57.66,55.82,56.03,57.59,-1.56,-2.7088,212831.54,1202744.173,56.51155712165593
601339.SH,20260604,7.27,7.31,7.06,7.13,7.28,-0.15,-2.0604,69772.0,50031.566,7.1707226394542225
601360.SH,20260604,10.12,10.15,9.86,9.88,10.22,-0.34,-3.3268,979564.94,975001.86,9.95341727930769
601366.SH,20260604,3.75,3.79,3.65,3.67,3.76,-0.09,-2.3936,102074.0,37732.824,3.696614612927876
601368.SH,20260604,4.59,4.63,4.41,4.44,4.6,-0.16,-3.4783,69114.0,31073.229,4.495938449518187
601369.SH,20260604,8.87,9.25,8.85,9.11,8.95,0.16,1.7877,163626.0,148605.54,9.082024861574567
601375.SH,20260604,4.08,4.11,3.94,3.97,4.1,-0.13,-3.1707,459710.18,184430.782,4.011892492787521
601377.SH,20260604,5.75,5.92,5.74,5.85,5.77,0.08,1.3865,1302438.95,760913.983,5.842223798666341
601388.SH,20260604,3.51,3.52,3.35,3.36,3.55,-0.19,-5.3521,540262.0,183338.832,3.393517071346865
601390.SH,20260604,4.73,4.75,4.65,4.66,4.73,-0.07,-1.4799,1042900.78,488574.412,4.684764086570153
601398.SH,20260604,7.3,7.34,7.22,7.23,7.28,-0.05,-0.6868,2079564.41,1511735.233,7.269480212925937
601399.SH,20260604,3.84,3.86,3.78,3.82,3.86,-0.04,-1.0363,651572.52,248456.524,3.8131829746288255
601456.SH,20260604,8.74,8.8,8.55,8.61,8.76,-0.15,-1.7123,277112.28,239535.445,8.64398521061571
601500.SH,20260604,4.2,4.21,4.1,4.11,4.19,-0.08,-1.9093,138196.8,57318.759,4.1476183963738675
601512.SH,20260604,8.56,8.59,8.34,8.44,8.57,-0.13,-1.5169,44277.5,37505.513,8.47055795833098
601515.SH,20260604,3.94,3.97,3.89,3.91,3.98,-0.07,-1.7588,173424.38,67869.482,3.9134914018432703
601518.SH,20260604,3.12,3.16,3.11,3.15,3.12,0.03,0.9615,223288.8,69975.523,3.133857273629488
601519.SH,20260604,9.71,9.94,9.39,9.47,9.83,-0.36,-3.6623,385550.35,370162.777,9.600893294481512
601528.SH,20260604,4.75,4.8,4.68,4.69,4.76,-0.07,-1.4706,106384.6,50263.591,4.7247055494874255
601555.SH,20260604,7.56,7.68,7.46,7.55,7.61,-0.06,-0.7884,459876.83,346852.092,7.5422823976585205
601566.SH,20260604,11.45,11.5,10.95,11.08,11.66,-0.58,-4.9743,183648.45,205717.299,11.20168991352772
601567.SH,20260604,15.75,15.86,15.3,15.41,15.93,-0.52,-3.2643,198597.41,308160.889,15.516863437443622
601568.SH,20260604,3.82,3.82,3.73,3.74,3.82,-0.08,-2.0942,135871.12,51157.299,3.765134121217224
601577.SH,20260604,9.54,9.62,9.39,9.43,9.54,-0.11,-1.153,220938.3,209043.611,9.46162847274556
601579.SH,20260604,15.99,16.06,15.61,15.68,15.86,-0.18,-1.1349,40266.97,63354.449,15.733602255148574
601588.SH,20260604,2.06,2.1,1.98,2.0,2.08,-0.08,-3.8462,770568.8,156542.458,2.0315182498954023
601595.SH,20260604,19.57,19.78,19.36,19.36,19.6,-0.24,-1.2245,44993.0,88002.835,19.559228102149223
601598.SH,20260604,6.05,6.09,5.94,5.95,6.05,-0.1,-1.6529,149974.77,90018.665,6.0022539124414065
601599.SH,20260604,3.18,3.21,3.12,3.14,3.19,-0.05,-1.5674,148626.68,46777.27,3.1472996638288633
601600.SH,20260604,11.7,11.73,10.83,10.9,12.01,-1.11,-9.2423,5395155.91,6006744.051,11.133587520365097
601601.SH,20260604,31.25,31.54,30.77,31.02,31.32,-0.3,-0.9579,308986.85,960024.302,31.070069875141936
601606.SH,20260604,32.9,32.9,31.84,32.08,33.0,-0.92,-2.7879,109747.87,353439.662,32.204694451017595
601607.SH,20260604,16.25,16.35,16.1,16.1,16.3,-0.2,-1.227,71560.14,115777.985,16.17911661436101
601608.SH,20260604,5.35,5.4,5.27,5.33,5.38,-0.05,-0.9294,341047.42,181647.486,5.326165082849769
601609.SH,20260604,13.3,13.67,12.85,13.09,13.58,-0.49,-3.6082,1292985.76,1703147.992,13.172209970819788
601611.SH,20260604,11.41,11.58,11.18,11.27,11.55,-0.28,-2.4242,287474.55,324999.702,11.30533822907106
601615.SH,20260604,14.7,15.35,14.46,14.61,14.88,-0.27,-1.8145,789768.26,1166603.412,14.771464885155046
601616.SH,20260604,4.12,4.12,4.0,4.03,4.13,-0.1,-2.4213,164761.01,66609.094,4.042770434582793
601618.SH,20260604,2.78,2.79,2.73,2.74,2.78,-0.04,-1.4388,878602.0,241833.21,2.75247734469077
601619.SH,20260604,5.38,5.43,5.22,5.25,5.42,-0.17,-3.1365,450326.62,238963.884,5.306456988929503
601628.SH,20260604,32.7,33.11,32.32,32.49,32.88,-0.39,-1.1861,207197.88,676742.053,32.661630176911075
601633.SH,20260604,16.93,16.93,16.57,16.66,16.99,-0.33,-1.9423,221570.23,369891.055,16.694077313545236
601636.SH,20260604,6.1,6.78,6.01,6.56,6.19,0.37,5.9774,1624863.98,1051578.733,6.471795460688346
601658.SH,20260604,4.97,5.0,4.92,4.93,4.98,-0.05,-1.004,1019140.4,503959.823,4.944949910728688
601665.SH,20260604,6.11,6.14,5.93,6.0,6.1,-0.1,-1.6393,483405.8,290934.358,6.018429195512343
601666.SH,20260604,8.46,9.22,8.46,9.22,8.38,0.84,10.0239,1093866.19,981805.098,8.975550272744055
601668.SH,20260604,4.74,4.76,4.7,4.71,4.77,-0.06,-1.2579,1862265.74,879571.433,4.723125245272461
601669.SH,20260604,5.26,5.27,5.17,5.18,5.28,-0.1,-1.8939,1575477.32,820421.541,5.207447486454454
601677.SH,20260604,19.43,19.56,18.86,19.1,19.7,-0.6,-3.0457,454712.25,871929.502,19.175412626336765
601678.SH,20260604,5.56,5.58,5.3,5.33,5.61,-0.28,-4.9911,1080676.2,582063.425,5.386103857936355
601686.SH,20260604,5.53,5.62,5.29,5.33,5.56,-0.23,-4.1367,263633.63,142402.537,5.401531549673689
601688.SH,20260604,19.0,19.53,18.83,19.11,19.12,-0.01,-0.0523,1028436.63,1962715.913,19.084461363458047
601689.SH,20260604,62.0,68.74,61.9,67.6,62.63,4.97,7.9355,694778.4,4636617.688,66.73520201549155
601696.SH,20260604,11.2,11.28,10.9,11.0,11.23,-0.23,-2.0481,382770.8,422923.021,11.048988611461482
601698.SH,20260604,30.02,30.83,29.82,30.09,30.43,-0.34,-1.1173,353981.78,1070942.553,30.254171641263568
601699.SH,20260604,18.64,19.76,18.22,19.3,19.0,0.3,1.5789,984788.4,1881529.635,19.105928085667948
601700.SH,20260604,5.34,5.36,5.12,5.15,5.35,-0.2,-3.7383,194709.85,101174.151,5.196149604141752
601702.SH,20260604,20.92,21.52,20.17,21.4,21.17,0.23,1.0864,251712.57,527672.406,20.963291821302366
601717.SH,20260604,18.1,18.64,18.0,18.43,18.06,0.37,2.0487,217851.81,399265.624,18.327395306011
601718.SH,20260604,2.05,2.07,2.01,2.02,2.06,-0.04,-1.9417,305312.0,62075.817,2.0331928322502884
601727.SH,20260604,7.9,8.02,7.83,7.96,7.94,0.02,0.2519,996057.86,790284.512,7.934122541837078
601728.SH,20260604,6.1,6.13,6.01,6.01,6.12,-0.11,-1.7974,1281993.03,774474.709,6.041177220752909
601766.SH,20260604,5.66,5.7,5.59,5.64,5.67,-0.03,-0.5291,2098619.26,1185076.754,5.646935471277434
601777.SH,20260604,10.7,10.78,10.35,10.48,10.72,-0.24,-2.2388,385371.6,405462.314,10.521333538849259
601778.SH,20260604,5.71,5.87,5.56,5.6,5.79,-0.19,-3.2815,2177246.73,1236300.531,5.678274831993892
601788.SH,20260604,14.2,14.38,13.86,13.94,14.24,-0.3,-2.1067,357772.89,502736.729,14.051839674045732
601789.SH,20260604,4.85,4.89,4.76,4.79,4.89,-0.1,-2.045,382746.05,184014.121,4.807734031481187
601798.SH,20260604,9.1,9.16,8.56,8.69,8.54,0.15,1.7564,384481.16,337392.013,8.775254761507691
601799.SH,20260604,123.01,132.29,122.0,127.95,123.38,4.57,3.704,54935.4,701784.656,127.74725513967313
601800.SH,20260604,6.37,6.4,6.22,6.28,6.36,-0.08,-1.2579,396116.03,249985.778,6.3109230393932805
601801.SH,20260604,5.64,5.67,5.51,5.55,5.65,-0.1,-1.7699,63877.64,35631.716,5.578120293736588
601808.SH,20260604,12.97,13.1,12.71,12.95,13.1,-0.15,-1.145,197159.61,253997.087,12.882815450892808
601811.SH,20260604,13.0,13.06,12.76,12.81,13.01,-0.2,-1.5373,18382.0,23660.391,12.871499836796866
601816.SH,20260604,5.07,5.1,4.93,4.95,5.06,-0.11,-2.1739,1438549.98,718783.301,4.996582051323653
601818.SH,20260604,3.11,3.12,3.08,3.09,3.12,-0.03,-0.9615,1648575.27,510953.265,3.0993626696826526
601825.SH,20260604,8.75,8.8,8.58,8.59,8.75,-0.16,-1.8286,201729.06,174920.979,8.671084820402177
601827.SH,20260604,8.34,8.39,8.13,8.16,8.42,-0.26,-3.0879,125902.0,103562.018,8.225605470921828
601828.SH,20260604,2.45,2.47,2.38,2.39,2.46,-0.07,-2.8455,243387.62,58690.508,2.4114007113426723
601838.SH,20260604,19.2,19.29,18.8,18.83,19.29,-0.46,-2.3847,220013.75,417354.861,18.969489906880817
601857.SH,20260604,10.69,10.76,10.55,10.65,10.85,-0.2,-1.8433,1349654.95,1438354.002,10.657197989752863
601858.SH,20260604,23.8,24.07,23.3,23.5,23.82,-0.32,-1.3434,80181.0,189103.904,23.584627779648546
601860.SH,20260604,2.59,2.62,2.57,2.59,2.6,-0.01,-0.3846,503689.87,130507.791,2.591034657893755
601865.SH,20260604,11.29,11.35,11.08,11.22,11.33,-0.11,-0.9709,157558.78,176677.094,11.213408354647072
601866.SH,20260604,2.53,2.55,2.48,2.48,2.53,-0.05,-1.9763,755140.09,189220.891,2.505772021718513
601868.SH,20260604,2.84,2.85,2.79,2.8,2.85,-0.05,-1.7544,5008087.43,1409261.524,2.8139714885129314
601869.SH,20260604,434.9,469.99,433.0,455.89,444.99,10.9,2.4495,190684.68,8763817.198,459.5973414329877
601872.SH,20260604,15.1,15.3,14.9,14.96,15.13,-0.17,-1.1236,810466.26,1218871.645,15.03914111119197
601877.SH,20260604,28.51,28.52,27.79,28.08,28.66,-0.58,-2.0237,256480.46,718687.192,28.02112847115137
601878.SH,20260604,9.25,9.3,9.08,9.11,9.29,-0.18,-1.9376,274958.48,251742.368,9.155650263996222
601880.SH,20260604,1.59,1.6,1.57,1.58,1.6,-0.02,-1.25,835998.78,132616.571,1.5863249345890194
601881.SH,20260604,12.25,12.38,11.98,12.06,12.31,-0.25,-2.0309,393063.38,477012.702,12.135770623048119
601882.SH,20260604,20.1,20.25,19.56,19.76,20.3,-0.54,-2.6601,50483.0,100222.397,19.852702295822354
601886.SH,20260604,8.85,8.88,8.35,8.43,8.72,-0.29,-3.3257,57364.72,48924.281,8.528635893280748
601888.SH,20260604,56.99,57.59,55.2,55.59,57.05,-1.46,-2.5592,403625.4,2259048.824,55.96894605740867
601890.SH,20260604,8.85,9.08,8.82,9.0,8.9,0.1,1.1236,193574.54,174083.304,8.993088863855753
601898.SH,20260604,17.1,17.55,16.7,17.2,17.1,0.1,0.5848,714563.46,1226792.754,17.168422717836705
601899.SH,20260604,30.9,30.95,30.22,30.34,31.27,-0.93,-2.9741,2062165.5,6275998.578,30.434019859220804
601900.SH,20260604,11.77,11.83,11.65,11.74,11.82,-0.08,-0.6768,55569.33,65164.686,11.726735953087793
601901.SH,20260604,6.61,6.65,6.42,6.53,6.64,-0.11,-1.6566,903136.4,588421.915,6.515316125006145
601908.SH,20260604,3.65,3.83,3.61,3.77,3.68,0.09,2.4457,591189.76,221979.181,3.754787312283623
601916.SH,20260604,3.07,3.09,3.04,3.06,3.06,0.0,0.0,1336975.14,409868.305,3.065638939255071
601918.SH,20260604,11.05,11.67,10.69,11.22,11.26,-0.04,-0.3552,1333477.88,1494326.694,11.206235337027113
601919.SH,20260604,14.61,14.68,14.46,14.47,14.64,-0.17,-1.1612,612053.49,890410.974,14.547927404188155
601921.SH,20260604,7.3,7.35,7.24,7.29,7.33,-0.04,-0.5457,63271.93,46166.761,7.296562788585712
601928.SH,20260604,8.92,8.93,8.78,8.81,8.87,-0.06,-0.6764,43259.51,38319.407,8.858030754393658
601929.SH,20260604,2.7,2.71,2.56,2.58,2.73,-0.15,-5.4945,1231319.17,320919.931,2.606309873336903
601933.SH,20260604,3.5,3.55,3.41,3.41,3.53,-0.12,-3.3994,1216171.07,419914.005,3.4527544303450663
601939.SH,20260604,10.09,10.14,9.99,10.03,10.06,-0.03,-0.2982,662309.18,666119.567,10.057531846380265
601949.SH,20260604,5.15,5.16,5.02,5.06,5.15,-0.09,-1.7476,72250.92,36768.04,5.088937275816003
601952.SH,20260604,8.79,8.93,8.66,8.72,8.86,-0.14,-1.5801,90240.05,78980.718,8.75229102820754
601956.SH,20260604,5.14,5.22,5.09,5.12,5.19,-0.07,-1.3487,48457.0,24889.681,5.136446952968612
601958.SH,20260604,23.58,23.95,22.79,23.09,23.96,-0.87,-3.6311,632469.03,1472919.199,23.28840036641794
601963.SH,20260604,12.02,12.2,11.86,11.89,12.01,-0.12,-0.9992,133887.13,159908.212,11.94350883464303
601965.SH,20260604,15.84,15.97,15.67,15.72,15.85,-0.13,-0.8202,51243.29,81117.492,15.829875872528872
601966.SH,20260604,12.22,12.4,12.06,12.09,12.32,-0.23,-1.8669,99051.44,120832.992,12.199014168799565
601968.SH,20260604,4.51,4.53,4.4,4.44,4.52,-0.08,-1.7699,85296.3,37932.777,4.447177310152961
601969.SH,20260604,9.69,9.77,9.33,9.41,9.72,-0.31,-3.1893,195482.01,185393.721,9.48392749798306
601975.SH,20260604,4.42,4.48,4.34,4.39,4.47,-0.08,-1.7897,2027446.92,893854.548,4.408769172610447
601985.SH,20260604,9.22,9.37,9.2,9.25,9.26,-0.01,-0.108,1598973.64,1487790.823,9.304661351390385
601988.SH,20260604,5.95,5.99,5.88,5.9,5.95,-0.05,-0.8403,1912124.86,1134051.295,5.930843318464046
601990.SH,20260604,6.59,6.62,6.45,6.53,6.61,-0.08,-1.2103,209575.26,136507.313,6.513522302203036
601991.SH,20260604,8.9,9.4,8.71,8.81,9.1,-0.29,-3.1868,7627568.43,6880183.074,9.020152538965815
601992.SH,20260604,1.57,1.59,1.56,1.57,1.58,-0.01,-0.6329,495051.22,77753.055,1.570606269791639
601995.SH,20260604,33.71,34.1,32.71,33.03,33.95,-0.92,-2.7099,225526.36,749700.601,33.24226050560121
601996.SH,20260604,2.71,2.72,2.63,2.67,2.73,-0.06,-2.1978,320889.99,85464.739,2.6633656911516623
601997.SH,20260604,5.97,6.0,5.86,5.87,5.97,-0.1,-1.675,457346.93,270458.726,5.913644724804429
601998.SH,20260604,7.45,7.5,7.3,7.33,7.45,-0.12,-1.6107,533883.92,394256.034,7.384677066130779
601999.SH,20260604,5.95,6.02,5.82,5.89,5.98,-0.09,-1.505,43636.99,25725.252,5.895285628087548
603000.SH,20260604,17.02,17.1,16.6,16.73,17.15,-0.42,-2.449,153873.88,258248.334,16.783117056644052
603001.SH,20260604,10.95,11.12,10.58,10.77,10.83,-0.06,-0.554,189092.17,203905.49,10.783391506903747
603002.SH,20260604,16.85,17.68,16.12,17.57,17.31,0.26,1.502,928863.89,1549396.404,16.680553746146813
603004.SH,20260604,18.9,18.91,18.46,18.55,19.02,-0.47,-2.4711,24492.0,45633.028,18.63180957047199
603005.SH,20260604,39.78,44.58,39.35,44.58,40.53,4.05,9.9926,1117389.84,4793903.646,42.90269585769636
603006.SH,20260604,13.24,13.6,12.99,13.18,13.54,-0.36,-2.6588,49718.0,65465.294,13.16732249889376
603007.SH,20260604,6.15,6.3,5.98,6.04,6.16,-0.12,-1.9481,515193.05,313123.587,6.0777913638392445
603008.SH,20260604,9.14,9.21,8.9,8.97,9.25,-0.28,-3.027,137204.0,123833.873,9.025529357744674
603009.SH,20260604,48.14,51.68,47.95,50.45,48.74,1.71,3.5084,99918.13,503779.934,50.41927165770616
603010.SH,20260604,14.09,14.22,13.73,13.87,14.32,-0.45,-3.1425,99771.83,139006.827,13.932472422326022
603011.SH,20260604,30.0,33.12,29.6,32.26,30.91,1.35,4.3675,864678.05,2711629.573,31.359990842834506
603012.SH,20260604,8.99,9.22,8.74,8.78,8.94,-0.16,-1.7897,149197.3,133252.612,8.931301839912653
603013.SH,20260604,18.86,19.06,18.42,18.5,18.85,-0.35,-1.8568,31199.0,58353.312,18.70358408923363
603014.SH,20260604,32.98,32.98,32.0,32.2,32.18,0.02,0.0622,11798.0,38122.642,32.312800474656726
603015.SH,20260604,11.63,12.8,11.45,12.53,11.65,0.88,7.5536,182990.2,222379.779,12.15255128416713
603016.SH,20260604,43.21,43.89,41.56,41.64,43.62,-1.98,-4.5392,32525.0,139198.681,42.79744227517295
603017.SH,20260604,11.85,11.94,11.4,11.51,11.79,-0.28,-2.3749,77161.0,89008.008,11.5353621648242
603018.SH,20260604,7.04,7.09,6.91,6.94,7.07,-0.13,-1.8388,40828.89,28500.301,6.980425135241247
603019.SH,20260604,85.0,86.21,84.12,84.4,86.32,-1.92,-2.2243,339374.89,2883178.811,84.95557261175097
603020.SH,20260604,9.79,9.85,9.55,9.7,9.78,-0.08,-0.818,40191.0,38794.185,9.652455773680673
603021.SH,20260604,7.61,7.67,7.42,7.42,7.73,-0.31,-4.0103,75614.0,56868.089,7.520841246330044
603022.SH,20260604,9.75,9.85,9.47,9.57,9.75,-0.18,-1.8462,42086.0,40429.581,9.606420424844366
603023.SH,20260604,4.37,4.42,4.23,4.24,4.38,-0.14,-3.1963,89796.14,38526.648,4.290457028553789
603025.SH,20260604,15.38,15.66,15.02,15.12,15.52,-0.4,-2.5773,91233.45,139413.663,15.280981153294103
603026.SH,20260604,86.0,86.0,83.6,84.0,86.8,-2.8,-3.2258,95199.26,804235.012,84.47912431252092
603027.SH,20260604,7.81,7.85,7.6,7.65,7.8,-0.15,-1.9231,111761.69,86221.431,7.714757266107912
603028.SH,20260604,7.77,7.85,7.61,7.73,7.79,-0.06,-0.7702,34037.8,26175.92,7.690250251191322
603029.SH,20260604,16.47,16.68,16.02,16.17,16.51,-0.34,-2.0594,18321.3,29720.058,16.221587987751963
603030.SH,20260604,2.54,2.57,2.46,2.49,2.56,-0.07,-2.7344,256890.0,64116.045,2.495856008408268
603031.SH,20260604,60.5,64.51,60.18,60.95,63.26,-2.31,-3.6516,211447.22,1315631.332,62.220318243011185
603032.SH,20260604,24.6,25.14,23.53,24.16,25.19,-1.03,-4.0889,209517.88,507626.271,24.228303140524332
603033.SH,20260604,9.86,10.1,9.53,10.07,9.86,0.21,2.1298,87411.25,86295.726,9.872382101846158
603035.SH,20260604,12.19,12.32,12.02,12.1,12.19,-0.09,-0.7383,21381.68,25942.199,12.132909574925826
603036.SH,20260604,13.42,13.75,13.23,13.52,13.44,0.08,0.5952,45351.0,61352.143,13.528288902119026
603037.SH,20260604,12.74,13.06,12.56,12.9,12.72,0.18,1.4151,52393.31,67335.795,12.851983392536184
603038.SH,20260604,15.67,15.85,15.15,15.44,15.87,-0.43,-2.7095,41435.0,63718.212,15.377871847471944
603039.SH,20260604,39.0,39.52,37.0,37.46,39.81,-2.35,-5.903,203119.75,768480.222,37.83385032720845
603040.SH,20260604,85.52,91.08,85.52,89.29,87.19,2.1,2.4085,35746.26,320591.845,89.68542303446569
603041.SH,20260604,12.99,12.99,11.93,12.0,12.28,-0.28,-2.2801,29861.8,36103.126,12.090070256983838
603042.SH,20260604,19.42,21.13,19.28,20.52,19.87,0.65,3.2713,214454.17,433053.214,20.193275514297525
603043.SH,20260604,14.12,14.57,14.1,14.48,14.19,0.29,2.0437,61261.6,88177.214,14.39355387387858
603045.SH,20260604,73.83,78.18,72.56,77.51,72.39,5.12,7.0728,180520.7,1357904.489,75.22153908111369
603048.SH,20260604,19.49,19.58,18.77,18.9,19.37,-0.47,-2.4264,14281.0,27107.107,18.981238708773894
603049.SH,20260604,46.51,46.8,45.72,45.97,46.8,-0.83,-1.7735,20600.49,95107.443,46.167563489994656
603050.SH,20260604,20.89,22.37,20.33,20.51,21.1,-0.59,-2.7962,138985.14,293158.715,21.092809993931727
603051.SH,20260604,21.32,21.34,20.66,20.92,21.24,-0.32,-1.5066,39746.99,83059.81,20.89713208471887
603052.SH,20260604,91.33,97.43,91.0,94.02,94.96,-0.94,-0.9899,66032.64,622763.484,94.31146233135614
603053.SH,20260604,9.46,9.49,9.26,9.32,9.46,-0.14,-1.4799,25473.0,23786.464,9.337912299297296
603055.SH,20260604,8.4,8.46,7.97,8.08,8.36,-0.28,-3.3493,90549.98,73430.937,8.109437130742602
603057.SH,20260604,25.34,25.44,24.4,24.89,25.35,-0.46,-1.8146,31789.0,79085.81,24.87835729340338
603058.SH,20260604,9.6,9.68,9.35,9.44,9.61,-0.17,-1.769,45249.0,42795.51,9.45778028243718
603059.SH,20260604,26.69,26.97,26.0,26.25,26.7,-0.45,-1.6854,11472.0,30285.32,26.39933751743375
603060.SH,20260604,6.97,7.21,6.88,7.21,7.04,0.17,2.4148,260369.21,185034.449,7.106617906164865
603061.SH,20260604,293.0,317.98,290.12,317.6,298.0,19.6,6.5772,34536.73,1064171.766,308.12754015797094
603062.SH,20260604,44.12,44.3,42.7,42.99,44.12,-1.13,-2.5612,6502.0,28110.069,43.2329575515226
603063.SH,20260604,53.56,58.0,52.9,56.0,54.1,1.9,3.512,327566.76,1830055.494,55.86816849182132
603065.SH,20260604,8.41,9.15,8.39,8.68,8.39,0.29,3.4565,324936.19,282700.181,8.700175286723217
603066.SH,20260604,10.9,10.96,10.57,10.62,10.94,-0.32,-2.925,42049.08,44955.455,10.691186347002121
603067.SH,20260604,34.31,38.45,34.14,38.45,34.95,3.5,10.0143,586538.66,2175641.512,37.09289191611001
603068.SH,20260604,33.5,34.09,33.11,33.3,33.88,-0.58,-1.7119,33223.4,111208.478,33.472937146709846
603069.SH,20260604,15.55,15.64,14.9,15.1,15.7,-0.6,-3.8217,54050.05,81977.375,15.166937865922417
603070.SH,20260604,15.6,15.75,15.05,15.21,15.68,-0.47,-2.9974,58359.69,89120.793,15.270950376878288
603071.SH,20260604,14.46,14.53,14.17,14.24,14.52,-0.28,-1.9284,53418.0,76608.8,14.341383054401138
603072.SH,20260604,36.58,36.6,35.08,35.71,36.61,-0.9,-2.4583,30896.0,109957.687,35.58961904453651
603073.SH,20260604,17.52,17.65,17.04,17.24,17.53,-0.29,-1.6543,14498.97,25025.569,17.260239175610405
603075.SH,20260604,24.98,25.48,23.46,24.19,25.42,-1.23,-4.8387,94934.82,232128.142,24.45131744074513
603076.SH,20260604,24.46,24.91,23.86,24.0,24.6,-0.6,-2.439,28803.01,69823.004,24.24156503087698
603077.SH,20260604,2.45,2.47,2.38,2.4,2.47,-0.07,-2.834,1470458.21,354908.289,2.4135897680492397
603078.SH,20260604,35.1,38.6,34.9,37.78,35.71,2.07,5.7967,480865.69,1806556.083,37.568828896900506
603079.SH,20260604,13.65,13.65,13.26,13.32,13.64,-0.32,-2.346,16089.31,21524.158,13.377924845751622
603080.SH,20260604,20.8,20.95,19.91,20.19,20.94,-0.75,-3.5817,36645.0,74196.922,20.24748860690408
603081.SH,20260604,10.29,10.33,10.04,10.13,10.31,-0.18,-1.7459,21850.0,22211.117,10.165270938215103
603082.SH,20260604,34.6,37.37,34.5,37.23,34.91,2.32,6.6457,79413.04,286929.8,36.13132049849747
603083.SH,20260604,194.0,211.1,194.0,204.17,202.6,1.57,0.7749,321136.2,6586027.616,205.08518242415522
603085.SH,20260604,13.07,13.07,12.33,12.38,13.0,-0.62,-4.7692,97981.48,123344.505,12.588552959191881
603086.SH,20260604,6.11,6.14,5.95,5.99,6.13,-0.14,-2.2838,56250.84,33796.543,6.008184588887917
603087.SH,20260604,54.2,54.85,53.48,53.71,54.15,-0.44,-0.8126,44814.91,241868.07,53.970446442936066
603088.SH,20260604,10.3,10.35,10.11,10.24,10.32,-0.08,-0.7752,81784.25,83519.929,10.212226559514821
603089.SH,20260604,10.28,10.3,10.08,10.16,10.29,-0.13,-1.2634,19568.11,19932.267,10.186097175455371
603090.SH,20260604,56.1,62.36,55.3,62.36,56.69,5.67,10.0018,51808.0,310468.865,59.926819217109326
603091.SH,20260604,68.98,69.03,67.08,67.5,69.05,-1.55,-2.2448,8020.4,54527.861,67.98646077502369
603092.SH,20260604,63.74,63.8,60.51,60.65,63.88,-3.23,-5.0564,24857.23,153385.611,61.7066386721288
603093.SH,20260604,19.95,20.17,19.08,19.24,20.26,-1.02,-5.0346,147250.0,287318.691,19.512304991511037
603095.SH,20260604,19.15,19.35,18.81,19.14,19.18,-0.04,-0.2086,32117.92,61327.327,19.09442672501831
603096.SH,20260604,16.02,16.16,15.5,15.71,16.03,-0.32,-1.9963,18773.0,29459.235,15.692342726255792
603097.SH,20260604,27.11,27.3,25.98,26.36,27.11,-0.75,-2.7665,29142.0,76957.518,26.407768169652044
603098.SH,20260604,12.29,12.73,12.13,12.58,12.3,0.28,2.2764,67457.48,84523.787,12.52993544970847
603099.SH,20260604,38.99,39.3,37.45,38.04,39.38,-1.34,-3.4027,94897.59,365189.762,38.48251172658863
603100.SH,20260604,19.19,19.29,18.5,18.6,19.2,-0.6,-3.125,57798.4,108521.56,18.77587614882073
603101.SH,20260604,7.36,7.45,7.09,7.14,7.34,-0.2,-2.7248,94300.88,67946.036,7.2052388058308665
603102.SH,20260604,35.81,35.95,34.56,34.79,35.81,-1.02,-2.8484,4449.0,15604.843,35.074944931445266
603103.SH,20260604,22.0,22.87,21.22,21.91,21.85,0.06,0.2746,163116.77,360952.516,22.128473730812598
603105.SH,20260604,8.81,8.85,8.58,8.64,8.82,-0.18,-2.0408,90103.43,78103.647,8.6682212874693
603106.SH,20260604,7.54,7.58,7.39,7.44,7.53,-0.09,-1.1952,42741.22,31869.541,7.456394787046322
603107.SH,20260604,13.23,13.28,13.06,13.09,13.23,-0.14,-1.0582,13430.0,17629.485,13.126943410275501
603108.SH,20260604,12.63,12.64,11.85,11.92,12.63,-0.71,-5.6215,244401.32,295349.45,12.08460944482624
603109.SH,20260604,22.08,22.3,20.86,21.86,21.23,0.63,2.9675,93168.3,203286.008,21.819224779243584
603110.SH,20260604,20.8,21.71,20.0,20.62,20.77,-0.15,-0.7222,112257.68,232212.793,20.68569321938597
603111.SH,20260604,6.29,6.31,6.15,6.21,6.29,-0.08,-1.2719,48223.74,29945.414,6.209683031635457
603112.SH,20260604,21.73,21.77,20.11,20.51,21.94,-1.43,-6.5178,219970.2,453642.954,20.622927742030512
603113.SH,20260604,5.17,5.19,5.01,5.05,5.16,-0.11,-2.1318,89047.78,45087.364,5.063277714503382
603115.SH,20260604,102.86,109.95,97.1,107.55,102.0,5.55,5.4412,127788.0,1331149.031,104.16854720318027
603116.SH,20260604,7.17,7.37,7.14,7.26,7.28,-0.02,-0.2747,95183.2,68996.462,7.248806722194673
603117.SH,20260604,4.21,4.26,4.16,4.19,4.21,-0.02,-0.4751,83757.8,35123.874,4.193504843727988
603118.SH,20260604,13.24,13.75,13.18,13.25,12.98,0.27,2.0801,454897.8,607488.098,13.35438636986154
603119.SH,20260604,70.29,74.16,69.37,73.3,70.29,3.01,4.2823,326001.71,2365017.143,72.54615759530833
603120.SH,20260604,53.07,57.46,51.8,55.86,52.24,3.62,6.9296,84184.33,457972.717,54.40118333186235
603121.SH,20260604,16.75,16.75,16.11,16.2,16.59,-0.39,-2.3508,51065.0,83659.387,16.382921178889653
603122.SH,20260604,12.5,12.63,12.27,12.35,12.61,-0.26,-2.0619,95805.0,118829.031,12.40321809926413
603123.SH,20260604,9.73,9.84,9.58,9.66,9.77,-0.11,-1.1259,116882.51,113355.239,9.69822080309535
603124.SH,20260604,146.0,153.76,145.02,152.73,148.32,4.41,2.9733,38688.98,581872.628,150.3975106089641
603125.SH,20260604,24.03,24.65,23.94,24.25,24.28,-0.03,-0.1236,44837.27,108981.61,24.306031567042332
603126.SH,20260604,7.77,7.95,7.57,7.92,7.78,0.14,1.7995,141125.78,109697.458,7.773027578660682
603127.SH,20260604,33.56,33.98,33.0,33.42,33.71,-0.29,-0.8603,118352.55,395124.314,33.38536550332038
603128.SH,20260604,5.38,5.44,5.31,5.32,5.41,-0.09,-1.6636,60774.1,32608.704,5.365559341890707
603129.SH,20260604,227.9,230.5,225.88,227.37,229.18,-1.81,-0.7898,7875.25,179148.512,227.48295228722895
603130.SH,20260604,42.36,44.81,42.15,44.02,42.79,1.23,2.8745,17914.0,78294.803,43.705929998883555
603131.SH,20260604,18.58,18.99,18.52,18.72,18.9,-0.18,-0.9524,68862.06,128883.003,18.71611203614879
603132.SH,20260604,18.01,18.18,17.02,17.12,18.18,-1.06,-5.8306,78092.7,135732.748,17.380977735434936
603135.SH,20260604,11.48,12.75,11.35,12.75,11.59,1.16,10.0086,149320.33,186921.602,12.518161592597608
603136.SH,20260604,9.15,9.3,9.02,9.07,9.2,-0.13,-1.413,25118.0,22935.359,9.131045067282427
603137.SH,20260604,12.06,12.17,11.79,11.82,12.15,-0.33,-2.716,13093.23,15663.133,11.962772364038514
603138.SH,20260604,18.32,18.4,17.52,18.01,18.41,-0.4,-2.1727,153797.96,276780.19,17.996349886565465
603139.SH,20260604,38.0,38.5,37.05,38.48,38.12,0.36,0.9444,22502.0,85048.899,37.79615100879922
603150.SH,20260604,65.0,67.6,64.38,66.65,64.8,1.85,2.8549,27277.0,181583.678,66.57025259376032
603151.SH,20260604,12.74,12.96,12.4,12.41,12.89,-0.48,-3.7238,19664.97,24732.431,12.576897396741515
603153.SH,20260604,14.33,14.35,14.01,14.07,14.34,-0.27,-1.8828,13038.0,18427.013,14.133312624635678
603155.SH,20260604,19.1,19.93,19.1,19.7,19.48,0.22,1.1294,94299.96,185651.529,19.6873391038554
603156.SH,20260604,41.25,41.97,40.91,41.38,41.17,0.21,0.5101,71080.94,295134.52,41.5209084179247
603158.SH,20260604,14.86,15.74,14.75,15.74,15.16,0.58,3.8259,394880.68,609087.525,15.424596741476439
603159.SH,20260604,25.0,25.25,24.4,24.62,25.25,-0.63,-2.495,26292.0,65175.533,24.78911189715503
603160.SH,20260604,55.2,56.23,54.68,55.6,56.0,-0.4,-0.7143,57795.78,321595.51,55.64342413927107
603161.SH,20260604,14.11,15.14,13.61,14.82,13.98,0.84,6.0086,117871.45,171707.602,14.567361477270367
603162.SH,20260604,11.11,11.26,10.89,10.96,11.15,-0.19,-1.704,101989.32,112683.394,11.048548416638134
603163.SH,20260604,96.72,101.2,94.0,100.1,97.19,2.91,2.9941,24873.5,245027.345,98.50939554143969
603165.SH,20260604,16.44,16.79,16.2,16.59,16.46,0.13,0.7898,52963.08,87314.76,16.485967205834704
603166.SH,20260604,12.28,12.56,12.21,12.23,12.34,-0.11,-0.8914,52491.2,64813.231,12.34744700064011
603167.SH,20260604,9.1,9.16,9.01,9.01,9.11,-0.1,-1.0977,49513.0,44833.755,9.054946175751823
603168.SH,20260604,5.6,5.67,5.46,5.53,5.64,-0.11,-1.9504,51506.04,28465.942,5.526719196428225
603169.SH,20260604,7.85,7.88,7.58,7.71,7.86,-0.15,-1.9084,179192.0,137941.432,7.6979682128666465
603170.SH,20260604,12.29,12.35,11.95,11.96,12.3,-0.34,-2.7642,24615.0,29659.668,12.049428397318708
603171.SH,20260604,49.9,50.6,48.0,48.58,50.65,-2.07,-4.0869,53849.0,263693.729,48.96910416163717
603172.SH,20260604,19.35,19.54,18.9,19.0,19.46,-0.46,-2.3638,14690.1,28051.944,19.09581554924745
603173.SH,20260604,34.7,35.24,34.3,35.15,34.78,0.37,1.0638,15747.0,54701.746,34.73788404140471
603175.SH,20260604,85.06,85.77,82.15,83.98,85.74,-1.76,-2.0527,34718.3,290858.568,83.77673100353417
603176.SH,20260604,5.03,5.05,4.87,4.93,5.03,-0.1,-1.9881,42647.0,21074.438,4.941599174619551
603177.SH,20260604,9.97,10.06,9.79,9.89,9.99,-0.1,-1.001,33162.62,32772.884,9.882477319343284
603178.SH,20260604,17.17,17.39,16.98,17.03,17.26,-0.23,-1.3326,59695.62,102144.342,17.110860394782733
603179.SH,20260604,52.0,55.42,51.95,53.11,52.79,0.32,0.6062,343171.91,1851371.75,53.94881387582102
603180.SH,20260604,16.9,16.96,15.85,16.09,16.9,-0.81,-4.7929,22605.2,36873.955,16.31215605258967
603181.SH,20260604,13.71,13.74,13.2,13.28,13.8,-0.52,-3.7681,43526.33,58324.368,13.399789966211257
603182.SH,20260604,12.91,13.07,12.58,12.7,12.97,-0.27,-2.0817,18137.0,23141.93,12.75951370127364
603183.SH,20260604,3.98,4.02,3.88,3.91,3.99,-0.08,-2.005,104593.38,41203.376,3.9393866036263474
603185.SH,20260604,17.52,17.96,17.27,17.76,17.66,0.1,0.5663,128380.8,226947.351,17.67767072646377
603186.SH,20260604,118.51,125.88,115.97,123.57,118.51,5.06,4.2697,138262.55,1683818.373,121.78412541935614
603187.SH,20260604,12.98,12.98,12.67,12.75,12.99,-0.24,-1.8476,35769.73,45724.204,12.782932384449083
603188.SH,20260604,4.4,4.47,4.36,4.41,4.44,-0.03,-0.6757,95606.0,42187.101,4.412599732234379
603189.SH,20260604,12.61,13.0,12.49,12.6,12.86,-0.26,-2.0218,55913.0,71398.37,12.769547332462931
603190.SH,20260604,26.52,26.58,25.49,25.66,26.58,-0.92,-3.4612,21041.0,54383.266,25.846331448125092
603191.SH,20260604,19.9,20.08,18.32,18.43,20.18,-1.75,-8.672,255374.53,486102.889,19.034900974658672
603192.SH,20260604,19.84,19.85,19.3,19.5,19.84,-0.34,-1.7137,7879.0,15362.291,19.497767483183143
603193.SH,20260604,23.39,23.6,22.15,22.48,23.17,-0.69,-2.978,40919.37,92775.853,22.672844914278983
603194.SH,20260604,34.68,35.55,34.58,35.55,34.86,0.69,1.9793,14125.8,49486.414,35.032645230712596
603195.SH,20260604,39.5,39.53,38.5,38.78,39.8,-1.02,-2.5628,63954.82,249192.56,38.963843538297816
603196.SH,20260604,24.13,24.48,24.0,24.39,24.23,0.16,0.6603,16250.0,39447.682,24.27549661538462
603197.SH,20260604,30.41,30.8,29.9,30.1,30.49,-0.39,-1.2791,25189.4,76348.011,30.309579029274218
603198.SH,20260604,35.8,36.3,34.88,35.01,35.87,-0.86,-2.3975,54401.57,192506.131,35.38613517955456
603199.SH,20260604,32.6,32.78,32.11,32.23,32.7,-0.47,-1.4373,11261.0,36513.518,32.42475623834473
603200.SH,20260604,48.0,48.2,47.17,47.51,48.52,-1.01,-2.0816,32512.54,154874.779,47.635398218656555
603201.SH,20260604,17.6,18.48,17.42,17.95,17.55,0.4,2.2792,52351.82,93866.217,17.92988610520131
603202.SH,20260604,65.02,65.47,63.88,64.5,65.07,-0.57,-0.876,8279.43,53363.518,64.45313022756396
603203.SH,20260604,66.0,68.88,65.16,68.09,68.0,0.09,0.1324,126111.16,841366.386,66.71625144039592
603205.SH,20260604,23.51,23.51,22.9,22.95,23.44,-0.49,-2.0904,6378.8,14744.461,23.114788047908696
603206.SH,20260604,15.55,15.68,15.0,15.13,15.76,-0.63,-3.9975,64171.0,98006.738,15.272745944429726
603207.SH,20260604,22.89,22.89,22.33,22.49,22.9,-0.41,-1.7904,7520.0,16967.162,22.562715425531916
603208.SH,20260604,12.4,12.52,12.03,12.18,12.47,-0.29,-2.3256,17324.09,21147.366,12.206913032661458
603209.SH,20260604,13.4,13.43,13.07,13.15,13.36,-0.21,-1.5719,20355.33,26847.934,13.189633378579469
603210.SH,20260604,13.53,14.99,13.31,14.99,13.63,1.36,9.978,109224.32,158295.207,14.492670405272376
603211.SH,20260604,26.65,28.26,26.6,27.6,26.85,0.75,2.7933,63802.7,177393.406,27.803432456620172
603212.SH,20260604,15.57,15.92,15.45,15.82,15.75,0.07,0.4444,304710.56,480018.648,15.753265918975698
603213.SH,20260604,14.3,14.33,13.75,13.88,14.3,-0.42,-2.9371,64562.23,90195.491,13.970318404429339
603214.SH,20260604,14.21,14.27,13.74,13.85,14.21,-0.36,-2.5334,33960.0,47237.482,13.909741460541817
603215.SH,20260604,15.73,15.95,15.52,15.58,15.88,-0.3,-1.8892,13692.0,21497.293,15.7006229915279
603216.SH,20260604,23.62,23.78,23.05,23.26,23.85,-0.59,-2.4738,28295.0,66077.556,23.353085704188018
603217.SH,20260604,24.87,25.0,24.02,24.53,24.86,-0.33,-1.3274,28624.44,69765.777,24.372800655663482
603218.SH,20260604,11.42,11.44,11.14,11.19,11.43,-0.24,-2.0997,85341.85,96041.649,11.253757564430583
603219.SH,20260604,16.66,16.91,16.24,16.3,16.75,-0.45,-2.6866,42703.0,70554.253,16.52208346017844
603220.SH,20260604,22.6,23.03,22.41,22.87,22.98,-0.11,-0.4787,209156.93,476092.284,22.762443682836615
603221.SH,20260604,12.35,12.98,12.28,12.6,12.47,0.13,1.0425,34362.0,43719.912,12.72333158721844
603222.SH,20260604,8.88,8.95,8.54,8.62,8.87,-0.25,-2.8185,99354.8,86201.591,8.676137539404236
603223.SH,20260604,9.71,9.88,9.52,9.63,9.77,-0.14,-1.433,90181.11,87020.627,9.649540463629245
603225.SH,20260604,19.38,19.69,18.6,19.51,19.53,-0.02,-0.1024,263036.01,505594.669,19.221500090424883
603226.SH,20260604,48.71,51.8,47.71,51.48,48.71,2.77,5.6867,57542.99,288917.083,50.208910416368695
603227.SH,20260604,8.45,8.58,8.3,8.31,8.53,-0.22,-2.5791,118299.0,99345.68,8.397846135639353
603228.SH,20260604,73.08,76.35,72.5,75.3,74.28,1.02,1.3732,339605.23,2525348.992,74.36131039560257
603229.SH,20260604,9.5,9.63,9.27,9.35,9.45,-0.1,-1.0582,99308.11,93303.849,9.395390668496258
603230.SH,20260604,9.86,9.93,9.64,9.7,9.89,-0.19,-1.9211,13478.0,13136.317,9.746488351387445
603231.SH,20260604,16.07,16.2,15.6,15.74,16.08,-0.34,-2.1144,19544.35,30871.432,15.795578773405104
603232.SH,20260604,22.15,22.69,20.55,20.59,22.09,-1.5,-6.7904,223998.88,474173.308,21.168557092785463
603233.SH,20260604,16.18,16.33,15.95,16.08,16.19,-0.11,-0.6794,41566.36,67017.305,16.12296698580294
603235.SH,20260604,23.69,23.79,23.19,23.34,23.66,-0.32,-1.3525,3053.0,7138.728,23.382666229937765
603236.SH,20260604,57.75,58.25,56.01,56.27,57.74,-1.47,-2.5459,232326.45,1327818.566,57.15313800903858
603237.SH,20260604,15.58,16.2,15.5,15.86,15.9,-0.04,-0.2516,26158.09,41376.98,15.818043289857936
603238.SH,20260604,12.83,12.99,12.55,12.63,12.94,-0.31,-2.3957,22794.05,28966.089,12.707741274587008
603239.SH,20260604,18.74,18.89,18.36,18.63,18.84,-0.21,-1.1146,33770.9,62705.713,18.56797212985144
603248.SH,20260604,25.72,26.23,25.05,26.23,25.88,0.35,1.3524,59010.53,150724.217,25.541918874478846
603255.SH,20260604,29.59,30.5,29.14,29.89,29.6,0.29,0.9797,17774.0,53245.842,29.957152019804205
603256.SH,20260604,194.0,198.61,192.59,195.01,197.37,-2.36,-1.1957,144991.57,2839720.987,195.85421324839783
603257.SH,20260604,64.67,64.7,63.3,64.28,65.46,-1.18,-1.8026,23216.87,148509.887,63.96636885161523
603258.SH,20260604,13.9,14.24,13.65,13.76,13.93,-0.17,-1.2204,27287.43,37986.455,13.92086209657707
603259.SH,20260604,98.25,99.18,96.4,96.75,98.85,-2.1,-2.1244,332222.25,3231203.356,97.26029355348716
603260.SH,20260604,36.03,39.87,35.62,38.47,36.45,2.02,5.5418,180921.74,690641.238,38.173479759812174
603261.SH,20260604,32.61,33.66,32.21,33.0,33.5,-0.5,-1.4925,3124.0,10247.353,32.802026248399486
603262.SH,20260604,27.86,28.1,27.2,27.26,28.03,-0.77,-2.7471,15726.86,43357.166,27.56886371468939
603266.SH,20260604,18.6,19.04,18.38,18.77,18.68,0.09,0.4818,30824.03,57947.532,18.79946652011434
603267.SH,20260604,75.91,82.35,75.91,81.11,77.1,4.01,5.201,292362.54,2328705.997,79.65131227140112
603268.SH,20260604,132.58,140.43,128.99,138.89,131.7,7.19,5.4594,93403.0,1288447.32,137.9449610826205
603269.SH,20260604,20.5,21.8,20.5,21.61,21.45,0.16,0.7459,156396.5,331193.601,21.176535344461037
603270.SH,20260604,27.4,28.03,26.86,27.06,27.4,-0.34,-1.2409,40556.41,110877.4,27.339056883979616
603271.SH,20260604,46.0,46.04,44.15,44.62,46.24,-1.62,-3.5035,25337.4,113400.323,44.75610086275624
603272.SH,20260604,45.2,45.2,41.52,41.52,43.71,-2.19,-5.0103,40318.64,172193.233,42.70809556076297
603273.SH,20260604,14.62,14.83,14.32,14.47,14.62,-0.15,-1.026,19122.38,27773.447,14.52405349124952
603275.SH,20260604,41.5,41.78,40.6,41.3,41.57,-0.27,-0.6495,17531.0,72184.767,41.175498830642866
603276.SH,20260604,16.08,16.09,15.61,15.62,16.09,-0.47,-2.9211,19144.8,30199.376,15.774192470017969
603277.SH,20260604,11.7,11.75,11.51,11.53,11.71,-0.18,-1.5371,19005.0,22024.158,11.588612470402527
603278.SH,20260604,12.04,12.62,11.84,12.41,12.25,0.16,1.3061,285066.2,353384.823,12.396587985527571
603279.SH,20260604,14.5,14.5,13.92,13.98,14.33,-0.35,-2.4424,94655.97,132960.016,14.046659286255267
603280.SH,20260604,28.34,28.57,28.0,28.3,28.5,-0.2,-0.7018,9218.6,26003.311,28.207440392250447
603281.SH,20260604,34.05,34.29,33.56,33.76,34.16,-0.4,-1.171,23162.85,78406.826,33.85024986130809
603282.SH,20260604,15.7,15.85,15.07,15.4,15.75,-0.35,-2.2222,16684.0,25765.823,15.443432630064732
603283.SH,20260604,48.0,49.85,47.61,49.3,48.87,0.43,0.8799,190267.85,934819.558,49.13176650705833
603284.SH,20260604,41.26,41.5,40.33,40.73,41.26,-0.53,-1.2845,10700.25,43687.506,40.82849092310927
603285.SH,20260604,43.97,45.0,42.86,43.48,45.03,-1.55,-3.4421,40319.88,176398.176,43.7496778264221
603286.SH,20260604,54.22,59.64,53.12,59.64,54.22,5.42,9.9963,57941.0,328376.96,56.6743687544226
603288.SH,20260604,34.12,34.33,33.8,33.8,34.4,-0.6,-1.7442,152185.01,516891.951,33.96470854783924
603289.SH,20260604,10.17,10.83,9.59,9.68,9.97,-0.29,-2.9087,100056.22,100373.562,10.031716369057317
603290.SH,20260604,117.66,122.7,116.0,121.33,117.96,3.37,2.8569,93632.62,1129706.899,120.65313338449783
603291.SH,20260604,10.44,10.69,10.38,10.48,10.47,0.01,0.0955,35199.0,37056.658,10.527758743146114
603293.SH,20260604,43.71,43.71,42.48,43.26,44.08,-0.82,-1.8603,24667.02,106308.834,43.09755860253894
603296.SH,20260604,114.5,120.0,113.73,114.45,117.6,-3.15,-2.6786,270539.55,3129707.512,115.68391800755195
603297.SH,20260604,121.84,125.5,121.0,123.74,123.66,0.08,0.0647,10491.19,129838.606,123.75965548236186
603298.SH,20260604,24.48,24.92,24.26,24.66,24.5,0.16,0.6531,42079.3,103410.483,24.575143360274527
603299.SH,20260604,10.3,10.37,10.08,10.16,10.35,-0.19,-1.8357,59356.0,60416.819,10.178721443493497
603300.SH,20260604,5.23,5.29,5.18,5.22,5.28,-0.06,-1.1364,397017.17,207465.962,5.225616866897721
603301.SH,20260604,85.0,85.0,82.14,83.07,85.29,-2.22,-2.6029,15042.0,125247.375,83.26510769844435
603303.SH,20260604,27.0,28.98,25.85,27.76,27.15,0.61,2.2468,91839.36,255859.063,27.859412674478566
603305.SH,20260604,14.48,14.96,14.32,14.67,14.59,0.08,0.5483,310342.56,455702.84,14.68386546788813
603306.SH,20260604,105.0,106.35,102.8,103.63,106.98,-3.35,-3.1314,137496.3,1435248.379,104.38450918315621
603307.SH,20260604,38.05,38.36,37.17,37.45,38.06,-0.61,-1.6027,5967.0,22423.1,37.578515166750456
603308.SH,20260604,63.34,68.33,62.61,66.6,63.87,2.73,4.2743,266720.68,1769570.299,66.34544794201935
603309.SH,20260604,11.51,11.65,11.38,11.49,11.59,-0.1,-0.8628,36904.45,42303.653,11.46302221005868
603310.SH,20260604,15.84,16.05,15.58,15.98,15.85,0.13,0.8202,30387.0,48030.614,15.806303353407706
603311.SH,20260604,37.51,39.3,36.5,38.53,37.51,1.02,2.7193,204441.0,781841.458,38.242889537812864
603312.SH,20260604,37.22,37.4,36.25,36.6,37.16,-0.56,-1.507,10775.0,39578.768,36.73203526682134
603313.SH,20260604,5.46,5.51,5.36,5.4,5.48,-0.08,-1.4599,79685.55,43238.083,5.426088293297844
603315.SH,20260604,16.09,16.65,16.05,16.26,16.22,0.04,0.2466,110760.0,181220.204,16.361520765619357
603316.SH,20260604,20.1,21.03,20.06,20.35,20.49,-0.14,-0.6833,228193.3,468230.412,20.519025405215668
603317.SH,20260604,14.1,14.25,13.48,13.62,14.12,-0.5,-3.5411,100317.14,138279.255,13.784210255595406
603318.SH,20260604,9.32,9.63,9.14,9.27,9.42,-0.15,-1.5924,494285.47,463081.548,9.368706468349151
603319.SH,20260604,42.3,44.95,41.49,43.94,42.6,1.34,3.1455,571222.72,2487137.726,43.54059526903971
603320.SH,20260604,21.98,21.98,21.06,21.14,21.86,-0.72,-3.2937,25177.0,53817.061,21.375485959407396
603321.SH,20260604,6.52,6.55,6.36,6.43,6.53,-0.1,-1.5314,37927.69,24341.137,6.417774718154466
603322.SH,20260604,31.67,31.75,30.6,30.82,31.69,-0.87,-2.7453,52273.0,162146.765,31.01921929102979
603323.SH,20260604,4.79,4.81,4.68,4.7,4.79,-0.09,-1.8789,261932.75,124073.557,4.736847797764884
603324.SH,20260604,31.86,32.57,31.3,31.39,32.48,-1.09,-3.3559,76506.6,242132.486,31.64857489419213
603325.SH,20260604,55.98,56.99,55.3,56.99,56.06,0.93,1.6589,6045.83,33895.049,56.06351650641847
603326.SH,20260604,7.24,7.34,7.07,7.16,7.29,-0.13,-1.7833,27885.0,20040.239,7.186745203514436
603327.SH,20260604,10.2,10.57,10.13,10.27,10.43,-0.16,-1.534,218646.66,225015.63,10.291290523257937
603328.SH,20260604,12.41,13.12,12.38,13.07,12.59,0.48,3.8125,633475.36,813817.03,12.846861636417872
603329.SH,20260604,10.31,10.43,9.85,9.96,10.34,-0.38,-3.675,38057.71,38229.912,10.045247598975344
603330.SH,20260604,8.55,9.41,8.25,9.41,8.55,0.86,10.0585,894646.62,807779.402,9.0290331840744
603331.SH,20260604,12.28,12.8,12.26,12.43,12.4,0.03,0.2419,63710.7,79662.732,12.503823062688058
603332.SH,20260604,12.12,12.17,11.71,11.8,12.2,-0.4,-3.2787,45534.82,53962.876,11.850903550294039
603333.SH,20260604,8.56,8.75,8.5,8.61,8.67,-0.06,-0.692,164886.14,142122.207,8.61941500965454
603334.SH,20260604,42.63,43.55,42.29,42.76,42.64,0.12,0.2814,10418.54,44545.157,42.75566154182832
603335.SH,20260604,7.06,7.15,6.86,6.92,7.13,-0.21,-2.9453,143275.93,99538.632,6.947338049035871
603336.SH,20260604,9.52,9.67,9.03,9.19,9.35,-0.16,-1.7112,174724.57,161879.97,9.264865839990334
603337.SH,20260604,40.2,40.52,39.11,39.34,40.37,-1.03,-2.5514,31963.0,126824.662,39.6785852391828
603338.SH,20260604,50.72,52.48,50.5,51.78,50.66,1.12,2.2108,47271.79,244908.832,51.80866474487215
603339.SH,20260604,13.04,13.61,12.97,13.61,13.06,0.55,4.2113,81771.65,109817.679,13.42979859156566
603341.SH,20260604,39.26,39.96,38.33,38.48,39.55,-1.07,-2.7054,150791.46,588139.502,39.00350205508986
603344.SH,20260604,30.03,32.4,30.03,30.62,30.6,0.02,0.0654,111030.68,346238.342,31.184024271489648
603345.SH,20260604,89.78,90.31,85.65,86.88,89.78,-2.9,-3.2301,78708.95,685738.713,87.1233465825678
603348.SH,20260604,16.02,16.22,15.6,15.7,16.14,-0.44,-2.7261,18585.0,29433.064,15.836999730965832
603350.SH,20260604,30.31,30.48,29.59,29.78,30.55,-0.77,-2.5205,7742.55,23188.186,29.94902971243324
603351.SH,20260604,25.99,26.05,25.3,25.95,25.6,0.35,1.3672,6829.0,17609.673,25.786605652364912
603352.SH,20260604,29.32,32.27,28.4,31.72,29.34,2.38,8.1118,52557.25,161236.486,30.678257709450172
603353.SH,20260604,44.79,46.76,43.76,44.69,45.9,-1.21,-2.6362,69141.0,310870.253,44.96178143214591
603355.SH,20260604,25.83,26.04,25.16,25.33,25.83,-0.5,-1.9357,15889.0,40408.397,25.43168040782931
603356.SH,20260604,18.29,18.41,17.73,17.98,18.26,-0.28,-1.5334,30517.0,54848.677,17.973154962807616
603357.SH,20260604,6.88,6.94,6.82,6.86,6.93,-0.07,-1.0101,27572.32,18950.372,6.872969702948463
603358.SH,20260604,38.88,39.96,38.07,38.09,39.1,-1.01,-2.5831,105706.71,413512.161,39.1188185688496
603359.SH,20260604,2.85,2.96,2.79,2.8,2.91,-0.11,-3.7801,143362.48,40979.175,2.8584309506922594
603360.SH,20260604,18.45,19.1,17.91,18.38,18.6,-0.22,-1.1828,222028.05,409519.212,18.444480866268925
603363.SH,20260604,3.12,3.16,3.02,3.03,3.13,-0.1,-3.1949,309287.0,95093.704,3.0746104427279515
603365.SH,20260604,18.63,18.75,17.91,18.06,18.64,-0.58,-3.1116,15183.0,27506.239,18.116471711782914
603366.SH,20260604,7.46,7.48,7.1,7.13,7.48,-0.35,-4.6791,127931.01,92248.255,7.2107814203921325
603367.SH,20260604,13.46,13.63,13.23,13.31,13.58,-0.27,-1.9882,39696.0,53070.296,13.369179766223297
603368.SH,20260604,16.13,16.14,15.78,15.85,16.13,-0.28,-1.7359,23807.24,37898.14,15.918745726090044
603369.SH,20260604,27.5,28.25,26.68,26.76,28.29,-1.53,-5.4083,128874.28,353009.897,27.3918036244315
603370.SH,20260604,40.88,44.27,40.86,43.65,41.09,2.56,6.2302,16927.27,72700.016,42.948458906840855
603373.SH,20260604,51.43,51.79,49.28,49.7,50.93,-1.23,-2.4151,29864.0,150168.413,50.284092218055186
603375.SH,20260604,48.97,49.65,47.84,48.16,49.52,-1.36,-2.7464,25687.0,124411.589,48.43367812512166
603376.SH,20260604,27.76,29.79,26.79,29.1,27.84,1.26,4.5259,31805.8,89724.808,28.210203170490917
603377.SH,20260604,3.72,3.88,3.67,3.71,3.78,-0.07,-1.8519,91926.46,34540.344,3.757388677862717
603378.SH,20260604,5.99,6.09,5.61,5.73,5.91,-0.18,-3.0457,162565.96,93914.13,5.776986153804893
603379.SH,20260604,59.17,59.53,58.08,58.8,60.13,-1.33,-2.2119,90260.36,530377.113,58.76080186252304
603380.SH,20260604,35.38,36.43,34.88,35.15,35.71,-0.56,-1.5682,36070.0,128222.511,35.548242583864706
603381.SH,20260604,18.71,18.72,18.21,18.46,18.73,-0.27,-1.4415,42534.29,78187.141,18.382143207280524
603382.SH,20260604,21.0,21.77,20.59,21.15,21.05,0.1,0.4751,20368.99,42970.167,21.09587515139435
603383.SH,20260604,30.62,31.0,29.91,30.15,31.15,-1.0,-3.2103,62031.25,188483.01,30.385170377833756
603385.SH,20260604,5.65,5.71,5.48,5.54,5.66,-0.12,-2.1201,35131.61,19563.885,5.568741369951447
603386.SH,20260604,16.96,17.35,16.76,17.24,17.04,0.2,1.1737,208046.2,355056.349,17.06622610747036
603387.SH,20260604,8.65,8.77,8.4,8.41,8.72,-0.31,-3.555,86627.19,73751.187,8.513630304757664
603389.SH,20260604,62.04,64.1,62.04,62.51,63.95,-1.44,-2.2518,8891.4,56094.626,63.088631711541495
603390.SH,20260604,12.25,12.45,12.1,12.21,12.35,-0.14,-1.1336,62887.0,76846.777,12.219819199516593
603391.SH,20260604,57.58,58.0,53.62,54.99,57.74,-2.75,-4.7627,18152.69,100015.383,55.096728363675034
603392.SH,20260604,33.88,34.26,33.39,33.55,34.0,-0.45,-1.3235,23893.87,80729.196,33.78657203709571
603393.SH,20260604,27.5,27.99,26.82,27.21,27.74,-0.53,-1.9106,87564.48,238826.208,27.27432493175315
603395.SH,20260604,23.39,23.73,22.95,23.07,23.5,-0.43,-1.8298,23299.04,54031.768,23.19055549069833
603396.SH,20260604,29.85,30.18,29.48,29.85,30.1,-0.25,-0.8306,27259.4,81448.646,29.87910445571069
603398.SH,20260604,13.98,14.26,13.6,13.96,13.97,-0.01,-0.0716,71926.0,99649.761,13.854483914022746
603399.SH,20260604,16.7,16.96,16.27,16.33,16.8,-0.47,-2.7976,723023.79,1193239.782,16.503465010466666
603400.SH,20260604,69.3,70.97,68.3,69.61,68.8,0.81,1.1773,15060.28,105265.012,69.89578679812061
603402.SH,20260604,92.8,92.89,91.06,91.68,92.6,-0.92,-0.9935,4242.83,38908.262,91.70356106655228
603406.SH,20260604,28.96,30.39,28.38,29.83,29.06,0.77,2.6497,17630.66,51655.722,29.29880220025796
603407.SH,20260604,58.5,58.99,56.03,57.31,59.34,-2.03,-3.421,50826.04,290361.23,57.12843849333923
603408.SH,20260604,10.29,10.29,10.03,10.1,10.29,-0.19,-1.8465,16900.0,17121.939,10.131324852071003
603409.SH,20260604,40.21,41.12,40.21,40.99,40.8,0.19,0.4657,13674.43,55565.776,40.63480232814092
603416.SH,20260604,55.69,59.14,55.2,57.96,56.37,1.59,2.8206,40415.15,232906.257,57.62845294400738
603418.SH,20260604,52.88,52.89,50.88,50.9,52.89,-1.99,-3.7625,14558.27,75261.618,51.696814250594336
603421.SH,20260604,7.12,7.17,7.0,7.04,7.11,-0.07,-0.9845,81478.0,57502.237,7.057394265936817
603429.SH,20260604,9.47,9.99,9.3,9.32,9.79,-0.47,-4.8008,45559.8,43274.956,9.498495603580349
603435.SH,20260604,75.09,84.85,72.0,84.85,77.14,7.71,9.9948,140073.42,1084694.628,77.4375772362808
603439.SH,20260604,16.17,16.28,15.5,15.83,16.16,-0.33,-2.0421,172341.0,272800.343,15.829102941261802
603444.SH,20260604,331.53,333.77,326.91,328.3,334.36,-6.06,-1.8124,11687.65,384699.138,329.1501182872519
603456.SH,20260604,12.58,12.62,12.29,12.34,12.56,-0.22,-1.7516,80923.72,100570.774,12.427848596184159
603458.SH,20260604,13.79,14.68,13.7,14.39,13.84,0.55,3.974,215979.95,307717.611,14.247508206201546
603459.SH,20260604,95.11,107.49,94.0,106.99,97.72,9.27,9.4863,236812.55,2374416.448,100.26565095473191
603466.SH,20260604,11.18,11.28,10.86,11.0,11.39,-0.39,-3.4241,434030.75,482128.855,11.108172750433006
603477.SH,20260604,15.51,15.66,14.95,14.95,15.62,-0.67,-4.2894,93779.0,142407.506,15.185436611608143
603486.SH,20260604,57.35,58.32,56.48,56.72,57.6,-0.88,-1.5278,51397.38,294555.034,57.30934806404528
603488.SH,20260604,11.68,11.93,11.47,11.63,11.74,-0.11,-0.937,87551.0,102228.782,11.67648364952999
603489.SH,20260604,33.32,33.9,32.84,33.15,33.65,-0.5,-1.4859,21366.57,71013.477,33.235787026181555
603496.SH,20260604,22.58,22.92,22.43,22.63,22.78,-0.15,-0.6585,72617.9,164621.156,22.669501045885383
603499.SH,20260604,17.67,18.16,17.45,17.87,17.76,0.11,0.6194,41233.67,73536.231,17.83402520318953
603500.SH,20260604,10.97,11.12,10.97,11.12,10.11,1.01,9.9901,126614.72,140377.89,11.087011841909062
603501.SH,20260604,98.0,101.9,96.17,98.86,100.81,-1.95,-1.9343,405537.38,3977767.241,98.08632784972866
603505.SH,20260604,18.05,18.31,17.65,18.07,18.24,-0.17,-0.932,171190.18,307244.189,17.947535834123197
603506.SH,20260604,11.03,11.27,10.75,10.81,11.12,-0.31,-2.7878,29424.0,32199.856,10.943398586188147
603507.SH,20260604,37.93,37.94,36.88,37.12,38.0,-0.88,-2.3158,63671.28,236972.075,37.218047917365574
603508.SH,20260604,22.37,22.48,22.0,22.06,22.38,-0.32,-1.4298,23253.6,51574.867,22.179304279767432
603511.SH,20260604,13.42,13.69,13.16,13.26,13.55,-0.29,-2.1402,15550.23,20743.71,13.339809121794339
603515.SH,20260604,18.74,18.88,18.27,18.37,18.76,-0.39,-2.0789,13674.16,25295.534,18.49878456885103
603516.SH,20260604,117.42,126.39,117.19,126.39,114.9,11.49,10.0,93525.16,1155434.091,123.54259442058158
603517.SH,20260604,13.06,13.29,12.55,12.65,13.19,-0.54,-4.094,88043.0,113130.121,12.849416875844756
603518.SH,20260604,8.63,8.72,8.28,8.43,8.66,-0.23,-2.6559,74311.4,63031.723,8.482106783077697
603519.SH,20260604,12.51,12.56,12.35,12.42,12.58,-0.16,-1.2719,22218.6,27618.773,12.430474017264817
603520.SH,20260604,9.73,9.84,9.55,9.73,9.76,-0.03,-0.3074,136443.4,132196.804,9.688765011719147
603527.SH,20260604,13.69,14.0,13.38,13.6,14.06,-0.46,-3.2717,215953.71,294198.044,13.623199342118273
603528.SH,20260604,6.8,6.82,6.61,6.65,6.82,-0.17,-2.4927,81383.24,54567.791,6.705040374406327
603529.SH,20260604,21.01,21.21,20.6,20.73,21.19,-0.46,-2.1708,63586.64,132202.327,20.790896798446965
603530.SH,20260604,54.23,56.28,54.11,55.05,54.85,0.2,0.3646,38364.0,211018.334,55.00425763736836
603533.SH,20260604,24.95,24.95,23.8,24.11,25.23,-1.12,-4.4392,289838.0,701694.13,24.209873446546002
603535.SH,20260604,7.02,7.07,6.74,6.83,7.03,-0.2,-2.845,43226.37,29626.019,6.853691161205532
603536.SH,20260604,9.18,9.34,8.82,8.93,9.18,-0.25,-2.7233,53015.8,47552.636,8.969521538861999
603538.SH,20260604,43.01,44.2,41.97,42.22,43.27,-1.05,-2.4266,197487.67,840822.161,42.57593200628677
603551.SH,20260604,10.78,10.98,10.63,10.71,10.81,-0.1,-0.9251,15150.0,16312.597,10.767390759075909
603556.SH,20260604,25.38,25.38,24.56,24.76,25.39,-0.63,-2.4813,35825.41,88940.766,24.826168353690857
603557.SH,20260604,4.91,5.03,4.87,4.9,4.91,-0.01,-0.2037,42662.0,21049.307,4.933970981201069
603558.SH,20260604,11.82,12.06,11.74,11.83,11.83,0.0,0.0,27863.0,33144.64,11.895574776585436
603559.SH,20260604,9.19,9.4,8.96,8.96,9.43,-0.47,-4.9841,37526.0,33870.525,9.025882055108458
603565.SH,20260604,10.2,10.26,9.82,9.85,10.23,-0.38,-3.7146,208781.4,208313.312,9.977579995152826
603566.SH,20260604,10.44,10.56,10.31,10.35,10.53,-0.18,-1.7094,24660.9,25630.686,10.393248421590453
603567.SH,20260604,6.77,6.94,6.65,6.67,6.78,-0.11,-1.6224,114972.94,77853.861,6.77149431857618
603568.SH,20260604,14.73,14.86,14.4,14.46,14.77,-0.31,-2.0988,81457.46,118450.513,14.541395349179805
603569.SH,20260604,5.96,6.05,5.82,5.86,5.97,-0.11,-1.8425,35463.45,20954.813,5.908847841933032
603577.SH,20260604,9.9,9.95,9.62,9.83,9.97,-0.14,-1.4042,44260.0,43280.504,9.778694984184366
603578.SH,20260604,14.25,14.46,13.91,14.1,14.33,-0.23,-1.605,34799.4,49041.652,14.09267171273068
603579.SH,20260604,19.01,19.32,18.6,18.66,19.29,-0.63,-3.2659,30945.08,58305.455,18.841591296580912
603580.SH,20260604,23.15,23.51,22.2,23.05,23.11,-0.06,-0.2596,9112.0,20810.81,22.83890474100088
603583.SH,20260604,24.75,25.2,24.6,24.81,24.87,-0.06,-0.2413,36952.23,91993.043,24.895126221069745
603585.SH,20260604,15.7,15.92,15.38,15.46,15.85,-0.39,-2.4606,30649.0,47543.008,15.512091095957455
603586.SH,20260604,17.5,17.7,17.11,17.3,17.63,-0.33,-1.8718,28523.5,49645.751,17.40521008992585
603587.SH,20260604,12.39,12.46,12.04,12.21,12.43,-0.22,-1.7699,23242.0,28285.774,12.170111866448671
603588.SH,20260604,12.84,14.1,12.84,13.77,12.95,0.82,6.332,733059.69,996825.822,13.598153541903253
603589.SH,20260604,21.05,21.36,20.44,20.47,21.13,-0.66,-3.1235,64887.58,134128.683,20.670933173960254
603590.SH,20260604,32.53,32.53,30.92,31.11,32.4,-1.29,-3.9815,39637.0,124199.535,31.33424199611474
603595.SH,20260604,25.15,25.8,24.15,24.88,24.66,0.22,0.8921,53187.0,132237.049,24.862663620809595
603596.SH,20260604,30.8,31.94,30.42,31.51,31.04,0.47,1.5142,198180.03,621662.262,31.3685623117526
603598.SH,20260604,21.87,22.19,21.01,21.21,22.31,-1.1,-4.9305,191794.0,410798.83,21.418752932834188
603599.SH,20260604,11.09,11.19,10.8,11.12,11.09,0.03,0.2705,152168.59,166674.758,10.953295814859032
603600.SH,20260604,10.36,10.45,10.08,10.18,10.43,-0.25,-2.3969,31721.0,32454.546,10.23124933009678
603601.SH,20260604,16.55,16.8,15.47,15.57,16.91,-1.34,-7.9243,2499330.09,3971437.696,15.890008734300478
603602.SH,20260604,13.47,13.53,13.12,13.32,13.53,-0.21,-1.5521,43981.35,58487.624,13.298278474853547
603605.SH,20260604,63.88,67.1,63.88,66.48,64.3,2.18,3.3904,100434.24,663887.846,66.10174438518179
603606.SH,20260604,42.1,42.1,40.78,41.15,42.17,-1.02,-2.4188,145761.18,602049.774,41.30384880254125
603607.SH,20260604,21.64,21.79,21.25,21.58,21.65,-0.07,-0.3233,24726.57,53174.545,21.50502273465345
603608.SH,20260604,19.94,21.47,19.51,19.65,19.9,-0.25,-1.2563,467439.62,948614.595,20.29384233625725
603609.SH,20260604,6.35,6.37,6.13,6.17,6.32,-0.15,-2.3734,28018.0,17412.626,6.214799771575415
603610.SH,20260604,17.49,19.32,17.4,19.32,17.56,1.76,10.0228,143817.56,272707.739,18.962061308785938
603611.SH,20260604,17.92,18.12,17.87,17.94,18.1,-0.16,-0.884,16871.79,30304.762,17.961794213891945
603612.SH,20260604,21.26,21.29,20.53,20.55,21.45,-0.9,-4.1958,125482.44,260149.767,20.731965922881322
603613.SH,20260604,23.25,23.56,22.99,23.15,23.46,-0.31,-1.3214,70900.46,164191.622,23.15804749362698
603615.SH,20260604,19.63,19.75,19.02,19.18,19.61,-0.43,-2.1928,31107.0,60031.423,19.29836467676086
603616.SH,20260604,5.72,5.99,5.72,5.85,5.85,0.0,0.0,217887.13,127446.843,5.84921390262931
603617.SH,20260604,7.43,7.53,7.28,7.31,7.44,-0.13,-1.7473,63601.0,46839.158,7.364531689753306
603618.SH,20260604,42.52,44.82,42.01,43.58,43.75,-0.17,-0.3886,817240.53,3551659.458,43.4591693341494
603619.SH,20260604,26.1,26.5,25.16,25.7,26.85,-1.15,-4.2831,190968.95,490709.724,25.69578583324671
603626.SH,20260604,22.0,23.5,21.86,23.08,22.33,0.75,3.3587,378391.01,868963.787,22.964704869706075
603628.SH,20260604,10.58,10.72,10.45,10.52,10.74,-0.22,-2.0484,34619.0,36529.786,10.55194719662613
603629.SH,20260604,204.13,211.69,200.0,200.42,207.88,-7.46,-3.5886,264090.34,5428077.521,205.53866230018104
603630.SH,20260604,13.92,14.09,13.48,13.55,13.93,-0.38,-2.7279,29987.0,40942.496,13.65341514656351
603633.SH,20260604,8.8,9.06,8.49,8.62,8.9,-0.28,-3.1461,415713.35,362027.926,8.708595141339579
603636.SH,20260604,9.04,9.16,8.87,8.96,9.11,-0.15,-1.6465,150782.34,135286.271,8.972288863536672
603637.SH,20260604,18.2,18.2,16.81,16.98,18.6,-1.62,-8.7097,225621.49,388525.787,17.220247370939713
603638.SH,20260604,21.8,22.8,21.71,21.88,21.93,-0.05,-0.228,80952.08,178913.649,22.101179982033816
603639.SH,20260604,11.0,11.05,10.86,10.9,11.04,-0.14,-1.2681,16338.23,17844.825,10.922128651634848
603648.SH,20260604,8.99,9.1,8.84,8.87,9.02,-0.15,-1.663,19244.0,17148.107,8.910884951153605
603650.SH,20260604,52.01,53.89,51.7,53.65,52.6,1.05,1.9962,114024.02,606348.646,53.1772731745469
603655.SH,20260604,37.94,37.94,36.62,36.67,37.95,-1.28,-3.3729,12246.0,45310.842,37.00052425281724
603656.SH,20260604,20.56,20.75,19.57,19.66,20.19,-0.53,-2.6251,98054.56,196741.879,20.064531318074344
603657.SH,20260604,25.72,26.26,25.52,25.83,26.13,-0.3,-1.1481,13113.0,33872.927,25.83156180889194
603658.SH,20260604,31.06,31.15,30.44,30.58,31.01,-0.43,-1.3866,23555.2,72249.158,30.672275336231486
603659.SH,20260604,29.4,29.58,28.24,28.4,29.96,-1.56,-5.2069,610781.41,1748028.312,28.619540205062886
603660.SH,20260604,11.87,12.27,11.51,11.91,11.9,0.01,0.084,229961.73,276358.283,12.0175771420749
603661.SH,20260604,33.67,37.5,33.67,36.41,34.09,2.32,6.8055,105977.37,381562.949,36.00419117779579
603662.SH,20260604,61.6,64.59,60.91,62.93,62.17,0.76,1.2225,77494.65,491540.552,63.42896599958837
603663.SH,20260604,69.05,71.2,65.0,66.9,67.97,-1.07,-1.5742,375852.16,2544332.488,67.69503434541922
603665.SH,20260604,27.58,27.91,26.5,26.97,27.69,-0.72,-2.6002,31595.0,85103.127,26.935631270770692
603666.SH,20260604,28.22,29.16,27.8,28.05,28.69,-0.64,-2.2307,35460.05,100840.385,28.43774472963236
603667.SH,20260604,69.46,73.88,68.71,71.84,70.27,1.57,2.2342,325757.27,2350324.55,72.14956553387127
603668.SH,20260604,11.14,11.45,11.02,11.07,11.11,-0.04,-0.36,53472.07,59860.729,11.194765603800265
603669.SH,20260604,4.25,4.25,4.01,4.07,4.26,-0.19,-4.4601,133909.96,54775.447,4.090468475981921
603676.SH,20260604,9.13,9.13,8.84,8.88,9.15,-0.27,-2.9508,19810.0,17699.251,8.934503281171125
603677.SH,20260604,17.07,17.08,15.94,15.94,17.19,-1.25,-7.2717,43106.98,70528.382,16.36124404910759
603678.SH,20260604,62.69,65.94,60.7,64.55,63.93,0.62,0.9698,594645.32,3786323.085,63.673638009965345
603679.SH,20260604,16.45,16.84,16.16,16.32,16.6,-0.28,-1.6867,45712.4,74859.157,16.376116108539478
603680.SH,20260604,11.87,11.97,11.65,11.74,11.87,-0.13,-1.0952,31465.0,36994.537,11.757361194978547
603681.SH,20260604,28.72,28.72,25.79,26.6,26.11,0.49,1.8767,547473.95,1527685.972,27.904267810367966
603682.SH,20260604,8.96,9.09,8.49,8.56,8.97,-0.41,-4.5708,118124.0,102457.696,8.673740814737055
603683.SH,20260604,30.95,31.5,30.3,31.32,30.82,0.5,1.6223,211601.09,653877.686,30.90143278562506
603685.SH,20260604,32.93,33.78,32.85,33.7,33.3,0.4,1.2012,30110.2,100618.079,33.416609321758074
603686.SH,20260604,15.05,15.23,14.92,15.06,15.19,-0.13,-0.8558,87300.78,131342.383,15.044812085298664
603687.SH,20260604,18.5,18.95,18.2,18.5,18.9,-0.4,-2.1164,430841.0,799768.638,18.56296494530465
603688.SH,20260604,64.4,67.85,63.83,66.38,63.78,2.6,4.0765,246610.23,1633088.099,66.22142556697668
603689.SH,20260604,8.09,8.13,7.87,7.93,8.1,-0.17,-2.0988,43119.7,34383.867,7.974050607958776
603690.SH,20260604,25.37,27.06,25.12,26.57,25.65,0.92,3.5867,223703.66,593269.701,26.520339497351095
603693.SH,20260604,17.16,17.49,16.58,16.59,17.46,-0.87,-4.9828,246198.25,419294.005,17.03074676607165
603696.SH,20260604,13.11,13.3,12.86,12.9,13.26,-0.36,-2.7149,37600.92,48870.971,12.99728065164363
603697.SH,20260604,10.93,10.96,10.38,10.47,10.94,-0.47,-4.2962,65328.0,69051.93,10.570035819250549
603698.SH,20260604,32.18,33.91,32.05,33.07,32.52,0.55,1.6913,186545.18,619344.091,33.20075549526394
603699.SH,20260604,55.51,57.88,54.93,56.78,55.82,0.96,1.7198,42494.07,242174.297,56.990139330028875
603700.SH,20260604,11.16,11.28,10.95,11.12,11.27,-0.15,-1.331,24834.99,27466.557,11.059620720604276
603701.SH,20260604,25.0,25.25,23.95,24.2,25.0,-0.8,-3.2,92156.0,226310.996,24.55738052866878
603703.SH,20260604,12.26,12.79,12.1,12.61,12.36,0.25,2.0227,149480.89,187440.286,12.539414636881007
603706.SH,20260604,22.32,22.51,21.92,21.99,22.36,-0.37,-1.6547,13927.0,30888.878,22.17913262009047
603707.SH,20260604,8.11,8.15,7.92,7.93,8.12,-0.19,-2.3399,70124.16,56193.739,8.013463405479651
603708.SH,20260604,9.73,9.76,9.41,9.46,9.74,-0.28,-2.8747,59268.44,56456.842,9.525616331389859
603709.SH,20260604,15.93,16.03,15.54,15.72,15.93,-0.21,-1.3183,16701.0,26214.449,15.696334950002996
603711.SH,20260604,14.02,14.14,13.5,13.63,14.06,-0.43,-3.0583,46695.99,64046.079,13.715541527227499
603712.SH,20260604,14.28,14.29,13.9,13.95,14.29,-0.34,-2.3793,76020.37,106631.897,14.026753224168733
603713.SH,20260604,56.2,56.55,52.26,53.07,56.72,-3.65,-6.4351,62013.69,333850.292,53.834934189531374
603716.SH,20260604,16.6,16.77,16.15,16.2,16.67,-0.47,-2.8194,72818.23,119021.477,16.345010995186232
603717.SH,20260604,6.81,6.86,6.53,6.58,6.77,-0.19,-2.8065,92045.0,61008.314,6.628096474550491
603718.SH,20260604,3.46,3.58,3.35,3.4,3.46,-0.06,-1.7341,101284.0,34859.495,3.4417573358082225
603719.SH,20260604,9.89,10.01,9.57,9.69,9.88,-0.19,-1.9231,53321.49,51914.516,9.736133780207568
603721.SH,20260604,20.8,21.39,20.52,20.6,21.68,-1.08,-4.9815,50653.4,105547.721,20.837243107076723
603722.SH,20260604,35.3,35.3,34.13,34.45,35.0,-0.55,-1.5714,11310.0,38993.919,34.47738196286472
603725.SH,20260604,11.63,11.96,11.46,11.67,11.72,-0.05,-0.4266,105177.99,122335.777,11.631309649480846
603726.SH,20260604,25.55,26.19,25.5,25.86,25.89,-0.03,-0.1159,35000.0,90609.946,25.888556
603727.SH,20260604,14.8,14.99,14.38,14.51,14.98,-0.47,-3.1375,34585.1,50239.123,14.526233262300819
603728.SH,20260604,61.92,65.75,60.82,63.52,62.28,1.24,1.991,113599.07,726983.966,63.99559133714739
603729.SH,20260604,13.05,13.07,12.51,12.74,13.1,-0.36,-2.7481,16414.0,20972.881,12.777434507128064
603730.SH,20260604,12.43,12.52,12.11,12.43,12.37,0.06,0.485,286152.8,353011.954,12.336484353813768
603733.SH,20260604,24.87,26.17,24.42,26.0,25.42,0.58,2.2817,137681.65,352215.016,25.581841588911814
603737.SH,20260604,29.38,30.78,29.35,29.96,29.7,0.26,0.8754,75702.54,228520.7,30.186662164836218
603738.SH,20260604,44.55,46.85,44.55,45.35,45.8,-0.45,-0.9825,412945.42,1878580.92,45.492232847624265
603739.SH,20260604,12.59,12.73,12.41,12.62,12.63,-0.01,-0.0792,21951.4,27524.918,12.539026212451141
603755.SH,20260604,24.98,25.12,24.06,24.47,24.99,-0.52,-2.0808,8746.0,21364.775,24.428052824148185
603757.SH,20260604,55.0,59.36,54.61,57.73,56.43,1.3,2.3037,132648.22,764330.769,57.62088394401373
603758.SH,20260604,10.62,10.79,10.51,10.63,10.72,-0.09,-0.8396,23684.0,25184.453,10.633530231379835
603759.SH,20260604,8.1,8.15,7.88,7.94,8.1,-0.16,-1.9753,36681.25,29242.761,7.972127721928778
603766.SH,20260604,12.99,13.19,12.52,12.58,13.15,-0.57,-4.3346,181596.11,231565.292,12.75166588094866
603767.SH,20260604,16.75,17.36,16.71,16.89,16.9,-0.01,-0.0592,88500.0,150627.598,17.020067570621467
603768.SH,20260604,11.29,11.36,10.94,11.16,11.31,-0.15,-1.3263,51285.0,56986.868,11.111800331480941
603773.SH,20260604,113.9,126.66,107.11,122.4,118.82,3.58,3.013,333218.92,3959351.229,118.82132110025445
603776.SH,20260604,20.64,21.56,20.25,20.39,20.85,-0.46,-2.2062,85645.34,176920.006,20.657283396854986
603777.SH,20260604,17.42,17.42,16.95,17.12,17.44,-0.32,-1.8349,62877.46,107683.617,17.125948948955635
603778.SH,20260604,18.85,19.13,18.0,18.08,18.52,-0.44,-2.3758,464013.0,862380.729,18.585270865255932
603779.SH,20260604,9.04,9.23,8.77,8.86,9.12,-0.26,-2.8509,351943.7,315801.968,8.973082001467848
603786.SH,20260604,48.3,49.1,47.73,48.05,48.48,-0.43,-0.887,23083.0,111409.409,48.26470086210631
603787.SH,20260604,10.22,10.25,9.91,10.0,10.24,-0.24,-2.3438,28219.08,28286.234,10.023797373975338
603788.SH,20260604,15.21,15.35,14.83,14.92,15.31,-0.39,-2.5474,23227.05,34914.28,15.031732398216736
603789.SH,20260604,5.73,5.85,5.72,5.8,5.79,0.01,0.1727,36204.4,21023.041,5.806764094971882
603790.SH,20260604,24.9,25.5,24.58,24.87,25.08,-0.21,-0.8373,23617.0,58864.816,24.92476436465258
603797.SH,20260604,4.31,4.37,4.16,4.22,4.32,-0.1,-2.3148,63974.0,27190.497,4.250241816988151
603798.SH,20260604,15.76,15.89,15.26,15.43,15.91,-0.48,-3.017,47955.7,74095.699,15.450863818065423
603799.SH,20260604,52.52,52.73,51.06,51.3,53.22,-1.92,-3.6077,596717.17,3077809.943,51.57904108909754
603800.SH,20260604,74.2,80.4,73.7,77.0,75.87,1.13,1.4894,183791.99,1423234.706,77.43725425683677
603801.SH,20260604,7.09,7.14,6.87,6.95,7.11,-0.16,-2.2504,41983.62,29303.386,6.979718756981889
603803.SH,20260604,12.85,13.35,12.78,12.96,13.33,-0.37,-2.7757,258071.35,336577.792,13.042044070370462
603806.SH,20260604,17.38,18.24,17.15,17.79,17.55,0.24,1.3675,470779.46,836938.502,17.777719146880365
603808.SH,20260604,9.36,9.39,8.97,9.07,9.28,-0.21,-2.2629,52413.75,47589.265,9.079538289093987
603809.SH,20260604,10.09,10.18,9.98,9.99,10.09,-0.1,-0.9911,91174.47,91782.609,10.066700579668847
603810.SH,20260604,13.12,13.31,12.69,12.79,13.13,-0.34,-2.5895,21135.76,27221.134,12.879183904434948
603811.SH,20260604,10.81,10.83,10.62,10.66,10.85,-0.19,-1.7512,29360.27,31424.338,10.703013970920567
603813.SH,20260604,36.73,36.73,35.1,35.25,36.74,-1.49,-4.0555,3948.0,14010.605,35.48785460992907
603815.SH,20260604,6.19,6.24,5.88,6.01,6.24,-0.23,-3.6859,173544.0,104523.121,6.022859966348592
603816.SH,20260604,29.3,29.43,28.43,28.58,29.3,-0.72,-2.4573,43437.8,125065.822,28.791932832694105
603817.SH,20260604,6.2,6.23,6.04,6.1,6.2,-0.1,-1.6129,66151.66,40443.191,6.113707652990113
603818.SH,20260604,3.13,3.15,3.0,3.12,3.16,-0.04,-1.2658,216740.49,66356.131,3.0615475216467396
603819.SH,20260604,12.57,12.87,12.12,12.56,12.46,0.1,0.8026,84710.06,105643.153,12.47114604806088
603822.SH,20260604,81.91,83.8,81.27,81.83,82.02,-0.19,-0.2317,7415.0,60793.501,81.9871894807822
603823.SH,20260604,27.86,27.87,26.03,27.06,28.76,-1.7,-5.911,164983.66,446552.141,27.06644651961291
603825.SH,20260604,8.25,8.3,7.99,8.06,8.29,-0.23,-2.7744,22989.0,18689.584,8.129794249423636
603826.SH,20260604,29.75,30.5,28.82,29.39,30.05,-0.66,-2.1963,90398.94,266643.199,29.496274956321393
603828.SH,20260604,5.45,5.47,5.31,5.42,5.4,0.02,0.3704,18980.13,10255.585,5.403327058349968
603829.SH,20260604,22.0,22.46,20.14,20.41,22.38,-1.97,-8.8025,96693.65,200887.399,20.775655795390907
603833.SH,20260604,36.78,37.29,35.95,35.95,36.89,-0.94,-2.5481,32664.76,119126.958,36.469564754187694
603836.SH,20260604,12.6,12.69,12.25,12.32,12.61,-0.29,-2.2998,21832.0,27063.457,12.396233510443386
603838.SH,20260604,8.95,9.1,8.75,8.88,8.97,-0.09,-1.0033,11677.0,10370.161,8.880843538580114
603839.SH,20260604,6.59,6.79,6.55,6.62,6.75,-0.13,-1.9259,46811.63,31078.469,6.6390486723064335
603843.SH,20260604,7.86,7.93,7.65,7.65,8.05,-0.4,-4.9689,175954.6,136428.712,7.753631448112184
603848.SH,20260604,14.51,14.53,14.26,14.28,14.5,-0.22,-1.5172,12205.0,17535.196,14.367223269151987
603855.SH,20260604,17.8,17.95,17.65,17.83,17.78,0.05,0.2812,16053.0,28605.519,17.819422537843394
603856.SH,20260604,12.26,12.38,11.89,12.05,12.31,-0.26,-2.1121,63933.08,77174.353,12.071114515365128
603858.SH,20260604,15.14,15.26,14.8,14.84,15.17,-0.33,-2.1753,47778.7,71439.985,14.952266386486029
603859.SH,20260604,41.69,41.96,41.0,41.22,42.6,-1.38,-3.2394,67522.59,279768.939,41.43338384976051
603860.SH,20260604,27.9,28.08,26.85,27.19,27.9,-0.71,-2.5448,15712.0,43012.119,27.375330320773934
603861.SH,20260604,16.14,18.08,16.09,17.35,16.44,0.91,5.5353,471825.28,826941.808,17.526441313191185
603863.SH,20260604,16.16,16.3,15.76,15.88,16.18,-0.3,-1.8541,32764.0,52198.355,15.931618544744232
603866.SH,20260604,4.59,4.62,4.5,4.6,4.57,0.03,0.6565,92629.62,42154.565,4.5508731440331935
603867.SH,20260604,36.45,37.41,35.83,37.13,37.14,-0.01,-0.0269,69140.9,253219.263,36.62365734319339
603868.SH,20260604,36.0,38.0,33.59,34.03,35.74,-1.71,-4.7846,52031.73,185538.159,35.65865655437557
603869.SH,20260604,10.13,10.19,9.73,9.77,10.22,-0.45,-4.4031,15245.85,15057.286,9.87631781763562
603871.SH,20260604,12.05,12.47,11.96,12.41,12.03,0.38,3.1588,170324.34,209187.696,12.28172649898423
603876.SH,20260604,25.4,26.62,25.01,25.25,26.7,-1.45,-5.4307,568315.72,1453711.68,25.57929736661164
603877.SH,20260604,13.46,14.28,12.85,12.85,13.22,-0.37,-2.7988,48139.45,64587.989,13.416852290584957
603878.SH,20260604,6.55,6.7,6.46,6.53,6.62,-0.09,-1.3595,86048.45,56171.146,6.527850995572844
603879.SH,20260604,5.0,5.06,4.85,4.92,5.02,-0.1,-1.992,81289.0,39990.195,4.919508789627133
603880.SH,20260604,8.1,8.19,7.78,7.91,8.11,-0.2,-2.4661,66815.68,53173.249,7.958199183185744
603881.SH,20260604,36.7,37.85,36.44,37.4,36.42,0.98,2.6908,362224.41,1348516.663,37.228762771675164
603882.SH,20260604,24.52,24.52,23.61,24.04,24.57,-0.53,-2.1571,57087.26,137264.293,24.04464551285173
603883.SH,20260604,12.13,12.19,11.73,11.76,12.12,-0.36,-2.9703,83751.43,99465.99,11.876333335442752
603885.SH,20260604,10.97,11.17,10.86,10.94,10.96,-0.02,-0.1825,236207.8,259876.804,11.002041592191283
603886.SH,20260604,11.91,13.16,11.77,12.1,11.96,0.14,1.1706,325254.63,407058.346,12.515066918493982
603887.SH,20260604,11.92,12.3,11.83,11.9,12.0,-0.1,-0.8333,102036.72,122550.163,12.010398119422106
603888.SH,20260604,17.88,17.88,17.4,17.5,17.9,-0.4,-2.2346,68145.43,119979.369,17.606370522572096
603889.SH,20260604,5.96,5.97,5.86,5.93,5.96,-0.03,-0.5034,85807.74,50839.998,5.9248732107383315
603890.SH,20260604,29.17,30.5,28.2,29.36,31.33,-1.97,-6.2879,1302975.93,3771421.136,28.944672339419192
603893.SH,20260604,171.0,179.19,170.12,173.31,176.15,-2.84,-1.6123,101031.79,1761374.85,174.33867597515598
603895.SH,20260604,33.69,35.0,32.5,32.94,35.17,-2.23,-6.3406,56808.8,189778.021,33.40644776865556
603896.SH,20260604,15.7,15.8,15.47,15.8,15.72,0.08,0.5089,24263.3,37999.578,15.661339553976584
603897.SH,20260604,44.84,44.88,41.61,42.85,44.82,-1.97,-4.3954,90867.26,392148.37,43.156178584013645
603898.SH,20260604,12.62,12.85,12.33,12.48,12.73,-0.25,-1.9639,26749.0,33399.69,12.486332199334555
603899.SH,20260604,22.31,22.54,21.83,21.98,22.55,-0.57,-2.5277,57336.0,126359.132,22.038358448444257
603900.SH,20260604,6.53,6.64,6.41,6.46,6.56,-0.1,-1.5244,54633.8,35361.711,6.472497062258162
603901.SH,20260604,11.06,11.19,10.99,11.03,11.21,-0.18,-1.6057,52724.44,58347.404,11.066481502695904
603903.SH,20260604,11.19,12.32,11.19,12.32,11.2,1.12,10.0,136366.24,163050.684,11.956821864414538
603906.SH,20260604,24.55,24.57,23.67,23.76,24.65,-0.89,-3.6105,247461.87,591396.332,23.8984831077208
603908.SH,20260604,20.12,20.35,19.43,19.54,20.2,-0.66,-3.2673,12337.6,24325.833,19.716827421864867
603909.SH,20260604,9.99,10.04,9.79,9.86,10.0,-0.14,-1.4,26816.62,26499.535,9.881758029162512
603912.SH,20260604,8.88,9.05,8.84,8.9,9.01,-0.11,-1.2209,116029.44,103427.834,8.913930292174124
603915.SH,20260604,15.5,16.3,15.45,15.97,15.69,0.28,1.7846,103366.0,164972.178,15.960004063231626
603916.SH,20260604,13.38,14.15,13.12,13.68,13.43,0.25,1.8615,153483.74,209203.752,13.630352765706649
603917.SH,20260604,11.95,12.16,11.77,12.02,11.97,0.05,0.4177,50134.8,60073.573,11.982410022579126
603918.SH,20260604,11.19,11.25,10.93,11.01,11.2,-0.19,-1.6964,66401.12,73281.83,11.036234027377851
603919.SH,20260604,21.07,21.67,19.82,19.87,21.4,-1.53,-7.1495,160137.0,327115.358,20.42721906867245
603920.SH,20260604,57.0,62.69,56.57,62.69,56.99,5.7,10.0018,350877.3,2158910.978,61.52894410667205
603922.SH,20260604,15.08,15.24,14.87,15.17,15.08,0.09,0.5968,17820.4,26799.038,15.038404300689097
603926.SH,20260604,20.7,21.59,20.38,20.88,20.68,0.2,0.9671,86166.96,180168.604,20.909244564273823
603927.SH,20260604,15.01,15.15,14.83,14.93,15.07,-0.14,-0.929,67876.08,101413.311,14.940949889858107
603928.SH,20260604,14.91,15.19,14.59,14.74,15.18,-0.44,-2.8986,43002.6,63322.293,14.725224288763936
603929.SH,20260604,149.0,157.0,148.0,156.0,150.64,5.36,3.5582,74052.84,1143262.867,154.38474297542137
603931.SH,20260604,58.58,62.19,57.8,59.96,60.38,-0.42,-0.6956,102649.62,621991.27,60.59362616247387
603933.SH,20260604,23.42,23.72,22.99,23.18,23.6,-0.42,-1.7797,50944.0,118652.037,23.290679373429647
603936.SH,20260604,21.4,22.0,21.08,21.67,21.71,-0.04,-0.1842,463013.32,997633.679,21.546543822972524
603937.SH,20260604,14.59,14.8,14.33,14.54,14.96,-0.42,-2.8075,62042.0,90158.719,14.531884691015764
603938.SH,20260604,49.0,50.67,46.9,48.02,47.38,0.64,1.3508,483788.93,2349279.385,48.56000704687475
603939.SH,20260604,20.16,20.21,19.62,19.7,20.11,-0.41,-2.0388,91206.41,181033.16,19.848732123104067
603948.SH,20260604,25.02,25.02,23.92,24.33,25.28,-0.95,-3.7579,17807.0,43199.052,24.25959004885719
603949.SH,20260604,15.5,15.55,15.13,15.21,15.49,-0.28,-1.8076,23222.72,35434.456,15.258529577930577
603950.SH,20260604,63.48,70.05,61.83,70.05,63.68,6.37,10.0031,98537.22,661381.415,67.1199588338295
603955.SH,20260604,23.87,24.18,22.81,23.0,23.76,-0.76,-3.1987,19957.0,46820.953,23.460917472566017
603956.SH,20260604,5.18,5.32,5.1,5.19,5.19,0.0,0.0,124744.82,64870.394,5.200247513283517
603958.SH,20260604,21.13,21.15,20.0,20.5,21.07,-0.57,-2.7053,46836.0,96348.057,20.571367537791442
603959.SH,20260604,4.21,4.24,4.07,4.1,4.28,-0.18,-4.2056,126616.48,52294.68,4.130163782787201
603960.SH,20260604,22.02,22.54,21.34,21.35,21.8,-0.45,-2.0642,118354.34,260047.64,21.971956414948536
603966.SH,20260604,9.26,9.28,8.96,9.02,9.27,-0.25,-2.6969,90170.08,81757.548,9.067037314373016
603967.SH,20260604,12.23,12.43,12.09,12.13,12.23,-0.1,-0.8177,23709.9,29081.866,12.265705886570588
603968.SH,20260604,11.15,11.59,11.01,11.05,11.27,-0.22,-1.9521,70471.52,79236.999,11.243832827786315
603969.SH,20260604,8.34,8.47,8.18,8.24,8.34,-0.1,-1.199,116176.72,96587.837,8.313871918573705
603970.SH,20260604,11.32,11.54,11.1,11.15,11.46,-0.31,-2.7051,20239.14,22779.0,11.25492486340823
603976.SH,20260604,21.04,21.35,20.93,21.35,21.2,0.15,0.7075,17447.0,36921.517,21.162100647675818
603977.SH,20260604,15.2,15.5,14.92,15.07,15.41,-0.34,-2.2064,140535.0,212252.292,15.103162343900095
603978.SH,20260604,28.24,28.45,27.51,27.89,28.25,-0.36,-1.2743,62745.0,175095.108,27.905826440353817
603979.SH,20260604,73.55,73.9,70.88,72.0,74.5,-2.5,-3.3557,66706.16,480409.302,72.01873140351655
603980.SH,20260604,5.72,5.85,5.68,5.73,5.73,0.0,0.0,163710.0,94294.091,5.759824751084235
603982.SH,20260604,6.65,6.73,6.52,6.6,6.66,-0.06,-0.9009,47935.0,31655.628,6.603865234171273
603983.SH,20260604,23.19,23.48,22.57,22.74,23.22,-0.48,-2.0672,14019.48,32071.455,22.87635133400098
603985.SH,20260604,22.75,24.66,22.6,24.03,22.82,1.21,5.3024,283738.07,682351.474,24.048640141945
603986.SH,20260604,487.05,538.0,485.01,529.31,492.23,37.08,7.5331,563350.88,29302244.793,520.141990245937
603987.SH,20260604,7.25,7.33,7.15,7.2,7.29,-0.09,-1.2346,28012.4,20196.055,7.209683925690051
603988.SH,20260604,20.48,21.08,20.2,20.41,20.62,-0.21,-1.0184,38912.84,80299.838,20.635820464401988
603989.SH,20260604,30.69,34.25,30.5,34.25,31.14,3.11,9.9872,306082.32,1002617.887,32.756478289892726
603990.SH,20260604,22.37,23.69,22.05,22.96,22.66,0.3,1.3239,342529.8,787523.307,22.991380808326753
603991.SH,20260604,110.59,111.0,108.3,110.45,109.5,0.95,0.8676,15287.0,167648.616,109.66744030875908
603992.SH,20260604,29.09,30.24,29.09,29.8,29.54,0.26,0.8802,32749.33,97449.72,29.75624844844154
603993.SH,20260604,19.48,19.48,18.62,18.74,19.89,-1.15,-5.7818,2502339.86,4733788.37,18.917447808228577
603995.SH,20260604,19.37,19.38,18.68,18.9,19.58,-0.68,-3.4729,84053.0,159338.577,18.956917302178386
603997.SH,20260604,15.22,15.48,14.73,15.15,15.27,-0.12,-0.7859,438366.9,665555.765,15.182619057232651
603998.SH,20260604,9.83,9.88,9.49,9.55,9.84,-0.29,-2.9472,46968.0,45180.213,9.61936062851303
603999.SH,20260604,5.71,5.76,5.59,5.65,5.76,-0.11,-1.9097,83550.2,47125.725,5.640408401176778
605001.SH,20260604,6.31,6.34,6.13,6.21,6.32,-0.11,-1.7405,45331.29,28170.884,6.214445695236116
605003.SH,20260604,24.09,24.3,23.62,23.87,24.1,-0.23,-0.9544,9777.25,23384.141,23.916889718479123
605005.SH,20260604,16.26,16.46,16.13,16.25,16.26,-0.01,-0.0615,18127.39,29511.51,16.28006569064824
605006.SH,20260604,16.56,18.9,16.38,18.43,17.19,1.24,7.2135,774133.23,1366877.459,17.656876181377722
605007.SH,20260604,14.06,14.06,13.22,13.41,13.78,-0.37,-2.6851,46659.4,62599.433,13.416253316587866
605008.SH,20260604,11.0,11.09,10.84,10.91,11.01,-0.1,-0.9083,16776.0,18391.347,10.962891630901288
605009.SH,20260604,24.9,25.15,24.18,24.25,24.96,-0.71,-2.8446,12179.5,29780.535,24.451360893304322
605011.SH,20260604,21.8,22.47,21.66,21.8,22.15,-0.35,-1.5801,73059.32,160146.953,21.920126412345475
605016.SH,20260604,24.0,24.0,23.3,23.46,24.08,-0.62,-2.5748,35639.2,83741.037,23.496890222002737
605018.SH,20260604,15.95,17.0,15.91,16.71,15.81,0.9,5.6926,317216.28,522184.27,16.461458724627878
605020.SH,20260604,34.42,35.2,33.86,34.09,34.88,-0.79,-2.2649,221029.95,759494.386,34.361605112791274
605028.SH,20260604,22.55,22.64,22.01,22.28,22.56,-0.28,-1.2411,14906.0,33168.663,22.251887159533076
605033.SH,20260604,19.51,19.75,19.22,19.35,19.66,-0.31,-1.5768,15180.0,29460.94,19.407733860342557
605050.SH,20260604,10.95,10.96,10.6,10.65,10.87,-0.22,-2.0239,27194.0,29183.582,10.73162535853497
605055.SH,20260604,11.7,12.18,11.44,11.7,11.8,-0.1,-0.8475,102206.0,120595.022,11.799211592274425
605056.SH,20260604,20.0,20.0,19.03,19.29,19.83,-0.54,-2.7231,67637.32,130840.725,19.344457320307782
605058.SH,20260604,37.66,39.39,36.88,38.1,38.17,-0.07,-0.1834,55692.0,210528.906,37.8023604826546
605060.SH,20260604,47.47,52.44,47.12,52.44,47.67,4.77,10.0063,69375.0,350341.302,50.49964713513514
605066.SH,20260604,7.15,7.17,6.85,6.88,7.21,-0.33,-4.577,212480.75,147606.458,6.946815558585896
605068.SH,20260604,22.05,22.63,21.56,22.35,22.04,0.31,1.4065,20314.0,44724.527,22.01660283548292
605069.SH,20260604,11.49,11.56,11.01,11.07,11.38,-0.31,-2.7241,49434.0,55256.825,11.177898814581058
605077.SH,20260604,15.3,15.48,14.09,14.12,15.65,-1.53,-9.7764,168170.49,244198.046,14.520861894378736
605080.SH,20260604,22.48,22.58,21.53,21.9,22.55,-0.65,-2.8825,23115.4,50608.373,21.89379071960684
605086.SH,20260604,30.02,30.47,29.4,29.66,30.39,-0.73,-2.4021,18150.0,54156.883,29.83850303030303
605088.SH,20260604,34.2,34.32,33.25,33.69,34.24,-0.55,-1.6063,24794.6,83552.312,33.69778580820017
605089.SH,20260604,21.86,21.94,21.27,21.52,22.03,-0.51,-2.315,10711.83,23045.195,21.513779624956708
605090.SH,20260604,36.69,37.5,36.4,36.82,36.79,0.03,0.0815,113377.24,418150.563,36.88134964301477
605098.SH,20260604,54.83,56.4,54.15,54.31,54.88,-0.57,-1.0386,16275.07,89978.138,55.28586850932132
605099.SH,20260604,39.0,40.18,38.5,39.68,39.42,0.26,0.6596,43515.94,171401.765,39.38827128633783
605100.SH,20260604,35.46,36.0,34.4,34.75,35.46,-0.71,-2.0023,38210.16,133908.029,35.04513694786936
605108.SH,20260604,13.28,13.37,12.81,12.96,13.32,-0.36,-2.7027,31419.0,40847.668,13.00094465132563
605111.SH,20260604,63.45,66.8,63.3,63.78,64.66,-0.88,-1.361,211022.57,1363599.87,64.6186742015321
605116.SH,20260604,19.34,19.37,18.64,18.9,19.2,-0.3,-1.5625,28598.0,53983.543,18.876684733198125
605117.SH,20260604,114.02,115.56,111.1,112.28,115.33,-3.05,-2.6446,169731.14,1918558.003,113.0351214868409
605118.SH,20260604,34.62,35.58,34.4,35.05,34.82,0.23,0.6605,25972.0,90795.912,34.95915293392884
605122.SH,20260604,12.8,12.97,12.51,12.85,12.81,0.04,0.3123,30901.0,39393.477,12.748285492378887
605123.SH,20260604,97.0,100.5,96.78,99.37,98.34,1.03,1.0474,29395.29,290521.615,98.8327092537614
605128.SH,20260604,22.3,22.89,21.81,22.21,22.1,0.11,0.4977,43775.4,98039.012,22.39591460043769
605133.SH,20260604,35.22,36.48,35.04,36.1,35.71,0.39,1.0921,77623.12,278918.216,35.93236345047713
605136.SH,20260604,9.17,9.24,8.88,8.97,9.22,-0.25,-2.7115,88120.0,79523.989,9.024510780753518
605138.SH,20260604,6.95,6.96,6.61,6.65,6.95,-0.3,-4.3165,49658.0,33400.701,6.726147045793226
605151.SH,20260604,21.02,21.32,20.62,20.82,21.2,-0.38,-1.7925,14878.0,31072.013,20.88453622798763
605155.SH,20260604,14.3,14.3,13.66,13.77,14.19,-0.42,-2.9598,24008.87,33379.261,13.902887141294029
605158.SH,20260604,6.66,6.71,6.51,6.58,6.67,-0.09,-1.3493,39616.4,26115.627,6.592125230964953
605162.SH,20260604,11.75,12.71,11.5,12.71,11.55,1.16,10.0433,325694.56,403222.483,12.38038740960242
605166.SH,20260604,10.8,11.01,10.3,10.35,11.0,-0.65,-5.9091,122829.0,129086.896,10.509480334448703
605167.SH,20260604,15.09,15.48,14.61,14.81,15.12,-0.31,-2.0503,54774.21,81729.846,14.921227709171891
605168.SH,20260604,49.45,49.69,47.21,47.88,49.45,-1.57,-3.1749,59431.45,284563.057,47.880887476243636
605169.SH,20260604,11.34,11.49,10.96,11.05,11.35,-0.3,-2.6432,25893.0,28682.24,11.077217780867416
605177.SH,20260604,22.64,23.85,22.56,23.47,23.38,0.09,0.3849,58521.0,136648.174,23.35028007040208
605178.SH,20260604,63.65,66.0,61.63,65.56,62.88,2.68,4.2621,33905.0,219674.073,64.79105530157794
605179.SH,20260604,14.6,14.83,14.17,14.3,14.7,-0.4,-2.7211,30196.0,43384.246,14.367547357265861
605180.SH,20260604,13.49,13.59,13.0,13.25,13.48,-0.23,-1.7062,24028.0,31771.625,13.22275054103546
605183.SH,20260604,15.25,15.26,15.01,15.17,15.26,-0.09,-0.5898,16828.0,25414.877,15.10273175659615
605186.SH,20260604,27.54,28.66,27.28,28.28,27.89,0.39,1.3984,65118.0,183285.102,28.146611075278724
605188.SH,20260604,14.01,14.25,13.44,13.61,14.15,-0.54,-3.8163,90902.0,124752.633,13.723860091087106
605189.SH,20260604,14.06,14.16,13.67,13.81,14.09,-0.28,-1.9872,76382.21,105758.92,13.846014667551515
605196.SH,20260604,42.1,42.25,39.05,39.67,42.42,-2.75,-6.4828,179215.97,722020.387,40.287725865055435
605198.SH,20260604,54.5,54.97,53.69,54.55,54.91,-0.36,-0.6556,21304.0,115648.193,54.28473197521592
605199.SH,20260604,6.55,6.7,6.53,6.57,6.61,-0.04,-0.6051,19508.0,12870.063,6.597325712528193
605208.SH,20260604,14.21,14.56,13.98,14.39,14.29,0.1,0.6998,113653.95,162444.706,14.292922155367236
605218.SH,20260604,16.25,16.75,16.16,16.47,16.51,-0.04,-0.2423,32231.0,53095.038,16.473282864323167
605222.SH,20260604,28.54,28.62,27.81,27.99,28.68,-0.69,-2.4059,61763.7,173690.465,28.121771364086023
605228.SH,20260604,12.64,12.81,12.44,12.54,12.6,-0.06,-0.4762,40808.0,51374.325,12.589277837678885
605255.SH,20260604,83.17,83.24,78.8,80.86,83.72,-2.86,-3.4161,16265.8,130987.007,80.52908986954223
605258.SH,20260604,35.16,36.29,34.0,35.01,35.9,-0.89,-2.4791,43692.12,153680.096,35.17341250550442
605259.SH,20260604,19.5,19.52,18.64,18.95,19.4,-0.45,-2.3196,15513.82,29410.356,18.957520455954754
605266.SH,20260604,17.95,18.1,17.66,17.74,17.98,-0.24,-1.3348,12820.0,22784.794,17.77285023400936
605268.SH,20260604,10.32,10.45,10.13,10.24,10.42,-0.18,-1.7274,36996.0,37960.816,10.260789274516164
605277.SH,20260604,23.81,24.55,22.54,23.13,24.2,-1.07,-4.4215,304755.26,710918.219,23.32751267361226
605286.SH,20260604,33.68,33.9,31.62,32.02,33.93,-1.91,-5.6292,31320.0,102070.985,32.58971424010217
605287.SH,20260604,42.57,44.0,41.76,43.95,42.86,1.09,2.5432,42994.6,185563.299,43.15967563368424
605288.SH,20260604,97.6,104.0,97.35,99.08,98.0,1.08,1.102,21161.0,213263.527,100.78140305278579
605289.SH,20260604,108.64,113.66,108.3,113.66,110.35,3.31,2.9995,36875.51,409062.376,110.93063553561699
605296.SH,20260604,26.38,26.7,25.5,25.57,26.52,-0.95,-3.5822,23156.7,60123.744,25.96386531759706
605298.SH,20260604,54.11,54.5,52.77,54.31,53.85,0.46,0.8542,12508.0,66861.932,53.455334186120886
605299.SH,20260604,16.13,16.77,15.9,16.43,16.14,0.29,1.7968,220489.51,361314.048,16.386904211452055
605300.SH,20260604,9.87,9.99,9.29,9.38,9.94,-0.56,-5.6338,83313.88,79103.607,9.494649270925805
605303.SH,20260604,29.31,30.42,28.6,29.02,29.6,-0.58,-1.9595,120571.15,355552.771,29.48904203036962
605305.SH,20260604,39.4,39.63,38.28,39.04,39.6,-0.56,-1.4141,46384.18,180344.964,38.88070544741763
605318.SH,20260604,92.21,93.8,90.01,91.48,91.97,-0.49,-0.5328,13052.0,119989.006,91.93150934722647
605319.SH,20260604,26.76,27.45,26.68,27.3,26.68,0.62,2.3238,77189.73,208365.909,26.993993760568927
605333.SH,20260604,20.24,20.36,19.8,19.9,20.25,-0.35,-1.7284,21255.38,42466.479,19.97916715673867
605336.SH,20260604,16.68,16.94,16.16,16.24,16.87,-0.63,-3.7344,14293.1,23569.97,16.49045343557381
605337.SH,20260604,9.67,9.75,9.37,9.42,9.68,-0.26,-2.686,32518.85,30842.691,9.484557725749834
605338.SH,20260604,21.4,21.5,19.8,20.23,21.54,-1.31,-6.0817,45471.0,92383.012,20.3169079193332
605339.SH,20260604,13.86,13.9,13.31,13.45,13.83,-0.38,-2.7477,13858.0,18720.086,13.508504834752488
605358.SH,20260604,57.96,63.9,56.56,63.9,58.09,5.81,10.0017,970865.94,5954941.441,61.33639255075732
605365.SH,20260604,17.5,17.5,16.86,17.18,17.35,-0.17,-0.9798,49301.0,84572.298,17.154276383846167
605366.SH,20260604,10.68,11.36,10.57,11.2,10.71,0.49,4.5752,261521.5,284997.937,10.897686691151588
605368.SH,20260604,7.14,7.22,6.98,7.06,7.15,-0.09,-1.2587,38274.21,27012.014,7.0574974636968335
605369.SH,20260604,17.66,17.82,16.93,17.0,17.66,-0.66,-3.7373,15053.27,25978.829,17.25793066888457
605376.SH,20260604,186.63,198.67,184.08,188.0,190.05,-2.05,-1.0787,160208.05,3060128.358,191.00965013930323
605377.SH,20260604,8.81,8.84,8.46,8.48,8.86,-0.38,-4.2889,44765.88,38397.499,8.577402923833956
605378.SH,20260604,16.31,16.41,16.03,16.13,16.43,-0.3,-1.8259,17527.27,28329.108,16.162875336546993
605388.SH,20260604,5.75,5.81,5.58,5.67,5.74,-0.07,-1.2195,73751.2,41780.744,5.6650934493269265
605389.SH,20260604,82.7,84.0,82.05,82.9,83.51,-0.61,-0.7305,12909.76,107080.791,82.94560936841583
605398.SH,20260604,23.3,25.39,23.3,25.39,23.08,2.31,10.0087,53348.89,134794.977,25.266688210382636
605399.SH,20260604,13.07,13.3,12.73,12.91,13.3,-0.39,-2.9323,75849.69,98124.003,12.936638633592306
605488.SH,20260604,33.5,35.31,33.47,34.51,34.23,0.28,0.818,64292.59,222569.783,34.61826362882566
605499.SH,20260604,143.0,143.88,138.78,139.43,143.96,-4.53,-3.1467,55032.86,771636.217,140.2137226740533
605500.SH,20260604,7.4,7.51,7.17,7.23,7.5,-0.27,-3.6,119423.96,87020.894,7.2867198508573985
605507.SH,20260604,15.72,15.96,15.61,15.85,15.72,0.13,0.827,40783.2,64524.989,15.821463004374351
605555.SH,20260604,16.1,16.78,15.98,16.57,16.26,0.31,1.9065,209082.9,345649.344,16.53168881816734
605566.SH,20260604,40.71,40.72,39.17,40.06,41.0,-0.94,-2.2927,59842.79,237551.482,39.695923602492456
605567.SH,20260604,9.32,9.4,8.96,9.06,9.32,-0.26,-2.7897,39890.46,36341.279,9.110268219519154
605577.SH,20260604,10.22,10.23,9.95,10.04,10.23,-0.19,-1.8573,31099.0,31212.758,10.036579311231872
605580.SH,20260604,28.8,30.25,27.72,28.51,28.28,0.23,0.8133,327335.92,946417.613,28.91273322524458
605588.SH,20260604,53.06,53.99,52.45,53.0,53.06,-0.06,-0.1131,18517.0,98536.299,53.21396500513042
605589.SH,20260604,53.54,55.82,52.43,54.4,54.65,-0.25,-0.4575,625262.36,3358318.428,53.71054844881435
605598.SH,20260604,43.22,43.25,42.01,42.23,43.57,-1.34,-3.0755,25901.34,110167.986,42.53370134518137
605599.SH,20260604,15.81,16.0,15.45,15.57,15.8,-0.23,-1.4557,53826.34,84175.128,15.638278211002273
688001.SH,20260604,69.68,75.48,68.48,75.19,70.45,4.74,6.7282,131413.52,957099.94,72.83116227310555
688002.SH,20260604,120.7,123.69,119.1,121.98,121.91,0.07,0.0574,98637.71,1201765.791,121.83634342281465
688003.SH,20260604,105.75,114.43,105.5,107.9,111.31,-3.41,-3.0635,76889.48,845239.918,109.92920201827349
688004.SH,20260604,20.61,21.02,20.08,20.26,20.8,-0.54,-2.5962,22171.41,45441.185,20.495397000010374
688005.SH,20260604,31.02,34.74,30.09,32.36,31.32,1.04,3.3206,460366.17,1505460.639,32.70137419089678
688006.SH,20260604,34.04,35.07,33.1,33.87,35.27,-1.4,-3.9694,226874.78,771428.82,34.00240520343424
688007.SH,20260604,13.93,13.98,13.49,13.66,13.97,-0.31,-2.219,62154.36,85243.806,13.714855401938014
688008.SH,20260604,248.5,265.0,248.01,259.67,253.9,5.77,2.2725,650951.0,16975622.033,260.78187195349574
688009.SH,20260604,5.05,5.09,4.91,4.94,5.07,-0.13,-2.5641,552352.93,276589.532,5.007478316445248
688010.SH,20260604,36.2,37.17,35.63,36.38,36.51,-0.13,-0.3561,51230.33,185913.067,36.289648534374074
688011.SH,20260604,57.85,58.22,55.57,57.59,57.24,0.35,0.6115,13354.81,76062.064,56.954808042944826
688012.SH,20260604,280.99,295.88,280.88,289.39,285.92,3.47,1.2136,225784.4,6534358.208,289.4069832991119
688013.SH,20260604,28.35,28.38,27.75,28.02,28.31,-0.29,-1.0244,9573.74,26863.516,28.059583819907374
688015.SH,20260604,17.56,17.59,16.98,17.24,17.54,-0.3,-1.7104,13942.98,23963.566,17.186832370124606
688016.SH,20260604,102.02,102.35,98.72,99.29,102.45,-3.16,-3.0844,21033.99,210016.118,99.84606724639498
688017.SH,20260604,310.01,340.6,310.0,327.5,314.88,12.62,4.0079,144596.29,4759006.614,329.1237011682665
688018.SH,20260604,165.55,174.0,162.77,168.6,168.0,0.6,0.3571,40674.41,689475.069,169.51077323555523
688019.SH,20260604,270.7,285.78,270.12,282.59,279.0,3.59,1.2867,54294.28,1526574.871,281.1667952867227
688020.SH,20260604,135.94,149.87,135.3,146.44,138.5,7.94,5.7329,51120.79,742344.632,145.21384196136248
688021.SH,20260604,23.57,23.81,22.71,22.97,23.81,-0.84,-3.5279,16469.71,38013.848,23.081067001179743
688022.SH,20260604,9.0,9.07,8.6,8.69,9.08,-0.39,-4.2952,44039.76,38692.575,8.785827851922898
688023.SH,20260604,40.83,40.83,39.13,39.45,40.83,-1.38,-3.3799,20620.59,81793.938,39.66614825279005
688025.SH,20260604,383.0,404.88,382.23,401.78,402.0,-0.22,-0.0547,32760.37,1297794.435,396.1476732405648
688026.SH,20260604,13.4,13.52,13.03,13.15,13.46,-0.31,-2.3031,12091.68,15963.166,13.201776758895372
688027.SH,20260604,570.0,574.99,555.01,558.5,583.45,-24.95,-4.2763,28203.5,1580709.588,560.4657535412272
688028.SH,20260604,114.87,127.87,113.2,125.5,115.18,10.32,8.9599,72306.16,876622.768,121.23763286558157
688029.SH,20260604,75.88,76.2,72.7,72.98,75.88,-2.9,-3.8218,13583.46,100296.452,73.83719022988252
688030.SH,20260604,17.6,17.9,16.97,17.11,17.88,-0.77,-4.3065,32842.03,56775.141,17.287342164902718
688031.SH,20260604,122.4,152.32,119.8,152.32,126.93,25.39,20.0032,223324.84,3080332.976,137.93060261455912
688032.SH,20260604,94.31,94.31,91.83,92.45,94.69,-2.24,-2.3656,10667.55,99206.355,92.99825639439234
688033.SH,20260604,7.62,7.84,7.07,7.31,7.71,-0.4,-5.1881,87369.04,65497.47,7.496645264729932
688035.SH,20260604,75.38,78.57,75.0,77.4,76.65,0.75,0.9785,58294.15,450834.151,77.33780336448855
688036.SH,20260604,62.0,62.12,59.27,59.72,62.88,-3.16,-5.0254,144415.2,875174.855,60.60129785507342
688037.SH,20260604,250.0,264.68,246.08,258.63,256.95,1.68,0.6538,89415.19,2293694.556,256.52180082601177
688038.SH,20260604,18.21,18.53,18.09,18.47,18.32,0.15,0.8188,13684.4,25077.565,18.325659144719534
688039.SH,20260604,41.8,42.58,40.61,41.89,42.3,-0.41,-0.9693,23705.48,98598.544,41.593143863781705
688041.SH,20260604,283.0,289.55,280.08,285.79,285.94,-0.15,-0.0525,251782.91,7176306.749,285.01961268936003
688045.SH,20260604,63.44,67.39,62.02,66.11,66.6,-0.49,-0.7357,25206.16,163544.585,64.88278460503305
688046.SH,20260604,18.06,18.06,17.17,17.34,18.04,-0.7,-3.8803,45547.26,79440.391,17.441310629882018
688047.SH,20260604,138.78,142.28,138.0,140.21,140.88,-0.67,-0.4756,61446.84,862767.236,140.40872337780104
688048.SH,20260604,365.0,395.56,365.0,389.9,381.01,8.89,2.3333,140967.29,5414410.192,384.0898262284818
688049.SH,20260604,43.3,43.68,42.91,43.24,43.81,-0.57,-1.3011,45778.79,198097.548,43.27277938101902
688050.SH,20260604,42.74,42.96,40.84,41.18,42.75,-1.57,-3.6725,29686.45,123393.692,41.565661101276845
688051.SH,20260604,31.5,31.99,29.97,30.38,32.46,-2.08,-6.4079,25898.41,79468.992,30.684892238558273
688052.SH,20260604,240.01,249.02,233.23,246.0,243.21,2.79,1.1472,29086.42,709921.865,244.07330465557467
688053.SH,20260604,37.45,37.6,36.53,37.44,37.15,0.29,0.7806,7741.8,28773.588,37.166534914360994
688055.SH,20260604,4.86,5.29,4.8,5.24,5.0,0.24,4.8,610834.53,314305.938,5.145516871811422
688056.SH,20260604,35.13,40.88,34.5,40.13,34.96,5.17,14.7883,63754.97,245926.104,38.57363653374787
688057.SH,20260604,15.62,15.62,13.79,14.3,15.61,-1.31,-8.3921,91390.88,132489.544,14.497020271606969
688058.SH,20260604,24.47,24.53,23.5,23.92,24.48,-0.56,-2.2876,10120.53,24212.885,23.924522727564657
688059.SH,20260604,143.98,157.71,143.97,156.1,146.38,9.72,6.6403,49857.64,760095.213,152.45310708649666
688060.SH,20260604,38.6,38.92,37.77,38.15,38.74,-0.59,-1.523,4276.13,16344.164,38.221859485095166
688061.SH,20260604,36.05,37.06,35.33,36.29,36.3,-0.01,-0.0275,12544.96,45706.082,36.43382043466062
688062.SH,20260604,27.4,27.72,26.74,26.93,27.39,-0.46,-1.6794,80243.87,217669.182,27.12595765882179
688063.SH,20260604,61.4,61.4,59.1,59.36,61.8,-2.44,-3.9482,90339.09,541456.442,59.936007989453955
688065.SH,20260604,40.67,44.22,39.8,44.2,40.68,3.52,8.6529,119396.84,506986.365,42.46229339067935
688066.SH,20260604,13.9,14.04,13.4,13.5,14.27,-0.77,-5.3959,76943.21,105626.248,13.727819257865638
688067.SH,20260604,23.85,24.09,22.91,23.2,23.85,-0.65,-2.7254,9733.2,22638.961,23.259525130481236
688068.SH,20260604,82.91,86.6,81.75,83.85,82.8,1.05,1.2681,19079.16,160012.039,83.8674443738613
688069.SH,20260604,52.34,52.62,49.84,50.96,52.1,-1.14,-2.1881,38634.5,197040.444,51.0011632090489
688070.SH,20260604,41.28,41.28,39.06,39.7,40.71,-1.01,-2.481,12849.18,51101.043,39.769886483028486
688071.SH,20260604,35.08,35.44,33.76,34.15,35.35,-1.2,-3.3946,24693.08,85024.75,34.4326224189125
688072.SH,20260604,601.0,636.0,596.01,623.02,615.16,7.86,1.2777,91214.66,5653182.653,619.766894159338
688073.SH,20260604,48.95,49.39,47.52,48.25,48.95,-0.7,-1.43,10319.54,49970.225,48.42291904484114
688075.SH,20260604,33.39,33.39,32.24,32.3,33.25,-0.95,-2.8571,4844.48,15769.834,32.55217071801309
688076.SH,20260604,29.09,29.18,28.63,28.7,29.16,-0.46,-1.5775,16943.92,48869.191,28.841726707869256
688077.SH,20260604,27.39,27.39,26.4,27.06,27.66,-0.6,-2.1692,23820.55,63897.056,26.824341167605283
688078.SH,20260604,23.2,23.2,22.3,22.62,23.23,-0.61,-2.6259,7865.06,17808.226,22.642199805214453
688079.SH,20260604,28.62,33.85,28.62,31.85,30.2,1.65,5.4636,498816.31,1589115.384,31.857727025806355
688080.SH,20260604,40.5,40.85,39.55,39.94,40.6,-0.66,-1.6256,14882.52,59557.778,40.01861109543276
688081.SH,20260604,50.97,52.48,50.21,51.55,51.25,0.3,0.5854,13769.97,70687.128,51.33426434480249
688082.SH,20260604,250.0,278.35,241.14,270.5,252.94,17.56,6.9424,118475.91,3151395.205,265.99459797354586
688083.SH,20260604,54.22,54.59,53.03,53.3,54.6,-1.3,-2.381,23419.26,125559.452,53.61375722375516
688084.SH,20260604,51.74,51.74,50.0,50.36,51.37,-1.01,-1.9661,10685.57,54153.884,50.67945275731664
688085.SH,20260604,14.46,14.49,13.9,14.0,14.46,-0.46,-3.1812,33626.62,47451.172,14.111192858515068
688087.SH,20260604,38.39,38.39,36.41,37.02,38.58,-1.56,-4.0435,14558.88,54059.149,37.13139266207291
688088.SH,20260604,38.28,38.28,36.66,37.06,38.4,-1.34,-3.4896,77770.88,290052.578,37.29578191734489
688089.SH,20260604,12.62,12.69,12.3,12.45,12.59,-0.14,-1.112,18071.14,22518.948,12.461276931062457
688090.SH,20260604,100.5,110.0,99.0,108.64,101.6,7.04,6.9291,73380.34,775388.023,105.66699786346044
688091.SH,20260604,44.02,44.02,42.08,42.8,44.05,-1.25,-2.8377,51341.77,218608.259,42.57902658985073
688092.SH,20260604,26.99,26.99,26.41,26.66,27.01,-0.35,-1.2958,6688.96,17811.79,26.62863883174664
688093.SH,20260604,29.08,29.14,28.38,28.6,29.25,-0.65,-2.2222,31481.42,90200.737,28.65205476754225
688095.SH,20260604,71.0,72.59,68.62,71.68,72.44,-0.76,-1.0491,32580.71,229872.651,70.55483167800826
688096.SH,20260604,12.64,13.0,12.31,12.67,12.79,-0.12,-0.9382,76119.0,95846.879,12.591715471827008
688097.SH,20260604,70.5,74.83,69.9,71.84,72.67,-0.83,-1.1421,169057.5,1228562.387,72.67127379737664
688098.SH,20260604,7.62,7.67,7.45,7.48,7.64,-0.16,-2.0942,27895.17,21033.558,7.5402150264723256
688099.SH,20260604,99.11,101.0,98.2,99.07,101.0,-1.93,-1.9109,110021.69,1092892.696,99.33429453774069
688100.SH,20260604,34.6,34.85,33.83,34.0,34.85,-0.85,-2.439,32048.03,109745.485,34.24406585989841
688101.SH,20260604,16.89,17.53,16.89,17.23,17.13,0.1,0.5838,46145.6,79302.156,17.18520422315454
688102.SH,20260604,36.01,36.49,35.6,36.19,36.6,-0.41,-1.1202,130145.61,468720.347,36.01507165704629
688103.SH,20260604,60.91,64.07,60.61,61.95,61.89,0.06,0.0969,17910.61,111489.354,62.24765878995746
688105.SH,20260604,13.8,13.94,13.2,13.3,13.8,-0.5,-3.6232,29367.53,39437.882,13.429076943140945
688106.SH,20260604,26.4,28.6,26.32,28.24,26.88,1.36,5.0595,443354.08,1239848.863,27.9652070191843
688107.SH,20260604,42.3,46.53,42.1,44.46,43.44,1.02,2.3481,119901.29,538431.038,44.906192251976606
688108.SH,20260604,20.32,20.86,19.96,20.08,20.39,-0.31,-1.5204,163885.99,333031.896,20.320949704120533
688109.SH,20260604,79.6,90.98,78.81,87.2,79.08,8.12,10.2681,26514.94,229359.687,86.50205770784322
688110.SH,20260604,127.0,133.98,127.0,132.01,130.17,1.84,1.4135,197579.79,2592564.259,131.21606511475693
688111.SH,20260604,246.3,246.76,235.18,237.66,250.55,-12.89,-5.1447,100814.61,2416323.743,239.6799177222428
688112.SH,20260604,72.88,74.77,69.88,71.75,73.39,-1.64,-2.2346,79796.97,573296.516,71.84439659801617
688113.SH,20260604,38.92,39.2,38.35,38.82,39.09,-0.27,-0.6907,8943.43,34717.704,38.81922707507074
688114.SH,20260604,47.79,50.4,47.59,47.86,48.17,-0.31,-0.6436,46944.75,227147.476,48.386129652410546
688115.SH,20260604,52.0,55.72,51.42,55.62,52.66,2.96,5.621,23690.75,127919.069,53.9953648575921
688116.SH,20260604,39.23,40.27,38.04,38.24,39.7,-1.46,-3.6776,122782.26,476785.65,38.83180273762676
688117.SH,20260604,33.3,33.3,32.2,32.47,33.28,-0.81,-2.4339,15857.55,51717.107,32.61355442675571
688118.SH,20260604,22.75,23.04,22.17,22.5,23.08,-0.58,-2.513,24490.4,55085.453,22.492671822428377
688119.SH,20260604,4.52,4.52,4.39,4.43,4.52,-0.09,-1.9912,99065.49,43957.743,4.437240758613317
688120.SH,20260604,243.65,258.52,243.0,255.08,247.86,7.22,2.9129,85162.58,2154096.827,252.93935752063877
688122.SH,20260604,62.94,63.88,62.0,63.01,63.9,-0.89,-1.3928,141860.52,891963.341,62.876080039746086
688123.SH,20260604,135.51,140.21,134.0,137.6,136.28,1.32,0.9686,99180.61,1370107.666,138.14269402053486
688125.SH,20260604,179.4,184.38,178.0,180.6,180.7,-0.1,-0.0553,4798.43,87157.965,181.6385046775716
688126.SH,20260604,24.7,30.0,24.61,28.85,25.28,3.57,14.1218,2474895.25,6921059.029,27.965058436311597
688127.SH,20260604,82.16,86.22,82.0,85.55,84.71,0.84,0.9916,105419.03,888530.807,84.28561778646608
688128.SH,20260604,26.77,28.88,26.6,27.88,26.47,1.41,5.3268,109986.99,307580.964,27.965213340232328
688129.SH,20260604,26.18,26.68,25.71,26.11,26.23,-0.12,-0.4575,13452.63,35073.093,26.071551064736042
688130.SH,20260604,25.19,25.19,24.01,24.46,25.09,-0.63,-2.511,25754.14,62907.049,24.425994810931368
688131.SH,20260604,77.99,78.87,75.17,76.36,78.03,-1.67,-2.1402,42443.06,324573.585,76.47271073292077
688132.SH,20260604,14.38,14.53,13.94,14.04,14.55,-0.51,-3.5052,20127.07,28437.392,14.12892785686143
688133.SH,20260604,21.24,21.3,19.88,20.09,21.5,-1.41,-6.5581,74385.26,151660.115,20.388463386428977
688135.SH,20260604,36.02,36.92,35.68,36.26,36.36,-0.1,-0.275,91961.53,333631.678,36.27948317084329
688136.SH,20260604,19.92,20.2,19.5,19.65,19.96,-0.31,-1.5531,25837.69,51333.889,19.867832224939615
688137.SH,20260604,40.07,40.67,39.0,39.14,40.5,-1.36,-3.358,5430.61,21553.76,39.68939032631693
688138.SH,20260604,30.47,31.92,30.47,31.44,31.06,0.38,1.2234,58804.51,184633.315,31.397815405655113
688139.SH,20260604,30.64,30.69,29.26,29.36,30.53,-1.17,-3.8323,42713.43,127427.455,29.8331122085021
688141.SH,20260604,99.5,101.12,95.56,97.6,98.0,-0.4,-0.4082,137261.6,1353026.17,98.57281060398537
688143.SH,20260604,179.6,186.0,169.5,180.5,185.79,-5.29,-2.8473,91843.66,1638924.49,178.44721018304367
688146.SH,20260604,199.59,219.19,193.9,219.19,182.66,36.53,19.9989,200212.58,4226903.906,211.12079500698712
688147.SH,20260604,86.5,90.85,84.7,89.81,87.32,2.49,2.8516,103938.11,923278.426,88.8296339042532
688148.SH,20260604,8.2,8.2,7.96,8.0,8.19,-0.19,-2.3199,118121.56,95092.559,8.050398166092625
688150.SH,20260604,50.04,52.49,49.62,52.02,50.66,1.36,2.6846,122055.31,622127.063,50.97091335067684
688151.SH,20260604,16.96,17.11,16.63,16.76,17.07,-0.31,-1.8161,11919.15,20052.868,16.82407554229958
688152.SH,20260604,31.88,31.99,30.9,31.29,32.1,-0.81,-2.5234,11939.38,37420.716,31.342260653400764
688153.SH,20260604,28.65,31.6,28.5,29.27,28.0,1.27,4.5357,100076.87,300052.51,29.982203680031162
688155.SH,20260604,81.89,82.49,80.0,80.48,82.39,-1.91,-2.3182,22832.73,184819.23,80.94486730233311
688156.SH,20260604,23.91,25.4,23.04,24.32,23.96,0.36,1.5025,55627.23,134932.474,24.256550973327265
688157.SH,20260604,28.01,28.27,27.52,27.81,28.0,-0.19,-0.6786,16257.44,45373.107,27.909133910381954
688158.SH,20260604,38.23,38.87,37.51,38.7,38.6,0.1,0.2591,229875.71,878540.887,38.2180825890652
688159.SH,20260604,45.12,45.52,44.74,45.08,45.6,-0.52,-1.1404,35754.54,161402.205,45.14173724511628
688160.SH,20260604,104.06,111.85,104.03,109.56,106.45,3.11,2.9216,32318.63,353839.657,109.48473279962671
688161.SH,20260604,24.6,24.6,23.88,23.89,24.64,-0.75,-3.0438,9725.25,23482.349,24.145753579599493
688162.SH,20260604,28.31,28.64,27.34,27.45,28.72,-1.27,-4.422,22058.44,61349.658,27.81232852368527
688163.SH,20260604,36.48,37.22,35.08,36.5,36.49,0.01,0.0274,15690.72,56238.732,35.84203401755943
688165.SH,20260604,18.62,19.55,18.53,19.03,18.86,0.17,0.9014,131697.1,251494.502,19.09643431783995
688166.SH,20260604,49.31,49.38,47.5,47.68,49.19,-1.51,-3.0697,90159.0,432848.104,48.00941714082897
688167.SH,20260604,462.0,474.0,448.88,455.5,477.83,-22.33,-4.6732,44969.21,2062182.053,458.57644663982313
688168.SH,20260604,58.96,60.37,56.2,57.32,59.79,-2.47,-4.1311,22529.87,129974.937,57.690051917742984
688169.SH,20260604,103.88,105.96,103.28,104.2,104.87,-0.67,-0.6389,42532.34,444668.574,104.54834462434938
688170.SH,20260604,69.95,76.28,69.01,75.1,72.28,2.82,3.9015,89626.14,651577.545,72.69949871767322
688171.SH,20260604,52.12,52.5,50.15,50.51,52.06,-1.55,-2.9773,19887.92,101989.329,51.28204910317419
688172.SH,20260604,65.01,72.6,63.3,70.72,66.23,4.49,6.7794,234688.5,1625677.643,69.26959109628294
688173.SH,20260604,15.86,16.31,15.75,15.95,16.06,-0.11,-0.6849,103322.62,165002.395,15.969629399641628
688175.SH,20260604,37.01,37.02,34.36,34.76,36.97,-2.21,-5.9778,39623.53,140131.233,35.365661010010975
688176.SH,20260604,10.3,10.71,10.09,10.26,10.32,-0.06,-0.5814,105714.34,109427.499,10.351244589901427
688177.SH,20260604,18.04,18.04,17.26,17.47,17.91,-0.44,-2.4567,31627.67,55479.045,17.541300070476264
688178.SH,20260604,37.44,37.96,35.8,37.7,37.44,0.26,0.6944,27111.18,99695.284,36.77275721676445
688179.SH,20260604,20.07,21.68,20.07,21.33,20.5,0.83,4.0488,126183.5,264980.357,20.99960430642675
688180.SH,20260604,31.53,32.26,30.6,31.0,31.9,-0.9,-2.8213,170383.2,533936.976,31.33741918217289
688181.SH,20260604,38.05,40.42,38.02,39.7,38.9,0.8,2.0566,91760.18,363823.146,39.64934964164195
688182.SH,20260604,33.3,35.31,33.3,34.95,33.92,1.03,3.0366,92485.97,320371.396,34.639999558852004
688183.SH,20260604,125.13,132.0,122.49,128.6,128.39,0.21,0.1636,250285.23,3197542.403,127.75593681656723
688184.SH,20260604,12.7,13.37,12.2,12.35,12.9,-0.55,-4.2636,27368.64,34713.526,12.683686876658832
688185.SH,20260604,53.61,53.92,52.05,52.43,53.8,-1.37,-2.5465,16006.36,84285.317,52.65739181175483
688186.SH,20260604,19.8,19.99,18.6,19.1,19.99,-0.89,-4.4522,73578.02,141263.064,19.199084726661578
688187.SH,20260604,56.4,59.88,56.2,58.15,57.14,1.01,1.7676,155419.09,906352.131,58.316654086701966
688188.SH,20260604,152.0,154.94,149.71,153.91,153.65,0.26,0.1692,27673.39,421318.006,152.24661886382552
688189.SH,20260604,7.71,7.78,7.47,7.56,7.77,-0.21,-2.7027,59801.26,45153.997,7.550676524207015
688190.SH,20260604,108.11,112.23,107.2,108.29,109.78,-1.49,-1.3573,24647.65,269196.111,109.21775950242719
688191.SH,20260604,51.57,52.46,49.8,51.27,52.1,-0.83,-1.5931,61218.11,312347.976,51.02215275839127
688192.SH,20260604,42.0,42.3,40.43,40.61,42.1,-1.49,-3.5392,46698.62,192518.517,41.225740075402655
688193.SH,20260604,49.17,49.17,47.1,47.79,49.18,-1.39,-2.8264,6275.45,29955.275,47.734066879666
688195.SH,20260604,235.0,245.6,229.0,236.69,246.0,-9.31,-3.7846,114266.31,2685232.395,234.99773424030235
688196.SH,20260604,42.0,42.24,40.81,41.57,41.91,-0.34,-0.8113,9260.51,38379.426,41.44418179992247
688197.SH,20260604,34.57,34.69,32.93,33.39,34.58,-1.19,-3.4413,14418.0,48399.489,33.56879525593009
688198.SH,20260604,80.66,81.23,79.2,80.0,80.66,-0.66,-0.8182,3560.2,28552.105,80.19803662715577
688199.SH,20260604,25.66,27.06,25.36,26.61,25.73,0.88,3.4201,65340.04,172371.136,26.38062909052397
688200.SH,20260604,388.0,444.44,388.0,441.0,390.1,50.9,13.0479,48224.41,2057819.183,426.7173373401561
688201.SH,20260604,8.2,8.23,7.98,8.01,8.22,-0.21,-2.5547,37356.51,30130.172,8.065574648167079
688202.SH,20260604,55.53,56.11,54.8,55.86,55.95,-0.09,-0.1609,21130.9,117141.066,55.43590949746579
688203.SH,20260604,11.5,11.62,11.11,11.19,11.52,-0.33,-2.8646,27713.79,31276.533,11.28554881883712
688205.SH,20260604,231.1,238.28,231.1,233.95,241.0,-7.05,-2.9253,85809.9,2009926.839,234.2301807833362
688206.SH,20260604,36.8,40.55,36.53,39.0,36.77,2.23,6.0647,142376.37,555566.476,39.020974899135304
688207.SH,20260604,14.7,14.8,14.33,14.4,14.86,-0.46,-3.0956,71170.6,103286.678,14.512548439945707
688208.SH,20260604,30.33,30.57,29.52,29.75,30.76,-1.01,-3.2835,136021.99,407212.908,29.93728499340438
688209.SH,20260604,21.36,22.14,21.36,21.64,21.76,-0.12,-0.5515,101472.41,221451.667,21.823830438244247
688210.SH,20260604,47.46,47.55,45.85,46.61,47.5,-0.89,-1.8737,36493.29,170432.316,46.70237076459809
688211.SH,20260604,33.25,33.31,32.03,32.3,33.58,-1.28,-3.8118,14924.78,48846.788,32.728648596495226
688212.SH,20260604,29.91,30.12,28.82,29.02,30.0,-0.98,-3.2667,15256.9,44504.969,29.170387824525296
688213.SH,20260604,95.1,101.92,94.45,99.68,97.0,2.68,2.7629,130658.84,1302832.284,99.71252492368676
688215.SH,20260604,69.96,70.17,67.15,67.99,69.69,-1.7,-2.4394,6153.84,42310.091,68.75396662896664
688216.SH,20260604,32.13,33.0,31.54,32.5,32.42,0.08,0.2468,36712.9,119760.158,32.62072949835071
688217.SH,20260604,24.18,24.42,23.57,23.68,24.42,-0.74,-3.0303,8309.24,19842.926,23.88055465963193
688218.SH,20260604,40.92,43.5,40.92,41.93,41.99,-0.06,-0.1429,43152.21,181601.573,42.083956534323505
688219.SH,20260604,10.96,11.03,10.68,10.87,11.0,-0.13,-1.1818,67447.73,73157.939,10.84661248050898
688220.SH,20260604,103.6,105.5,101.18,103.75,104.5,-0.75,-0.7177,105065.53,1087378.961,103.49531011740957
688221.SH,20260604,19.14,19.21,18.71,19.01,19.32,-0.31,-1.6046,76786.28,145421.002,18.93840957004298
688222.SH,20260604,26.4,26.86,26.05,26.47,26.61,-0.14,-0.5261,98426.68,261162.564,26.53371667113023
688223.SH,20260604,5.5,5.62,5.4,5.55,5.52,0.03,0.5435,1093721.63,607097.273,5.550747615734729
688225.SH,20260604,14.5,14.55,13.94,14.05,14.61,-0.56,-3.833,38591.55,54653.337,14.161995825511024
688226.SH,20260604,46.09,49.2,45.0,48.03,46.34,1.69,3.647,89392.75,427204.556,47.78962007545354
688227.SH,20260604,83.06,86.46,80.33,84.99,83.86,1.13,1.3475,66398.07,554677.257,83.53815961819372
688228.SH,20260604,87.52,88.8,86.92,87.46,89.0,-1.54,-1.7303,12075.65,105841.242,87.64848434659832
688229.SH,20260604,97.0,99.51,93.85,94.94,97.69,-2.75,-2.815,25965.34,248942.095,95.87476805618566
688230.SH,20260604,63.66,65.57,63.66,64.18,64.51,-0.33,-0.5115,10558.33,68082.481,64.4822438775829
688231.SH,20260604,45.3,45.83,43.01,44.58,45.17,-0.59,-1.3062,37634.98,166684.462,44.289770314744416
688232.SH,20260604,19.82,19.82,19.02,19.14,19.61,-0.47,-2.3967,26438.36,50965.593,19.277138597099064
688233.SH,20260604,84.01,90.36,84.01,89.0,86.1,2.9,3.3682,80266.51,709189.535,88.3543504009331
688234.SH,20260604,134.19,142.88,132.4,139.1,136.42,2.68,1.9645,157231.79,2174846.759,138.3210582923466
688235.SH,20260604,224.69,231.1,222.22,223.98,222.41,1.57,0.7059,29581.01,668783.28,226.0853432658317
688236.SH,20260604,15.8,15.8,15.31,15.38,15.74,-0.36,-2.2872,11154.55,17272.554,15.484760927155287
688237.SH,20260604,47.4,47.82,46.01,47.26,47.26,0.0,0.0,7660.34,35896.268,46.8598887255657
688238.SH,20260604,5.95,6.01,5.78,5.88,5.9,-0.02,-0.339,100328.07,58988.644,5.879575277387474
688239.SH,20260604,56.21,57.82,55.71,57.2,57.12,0.08,0.1401,34379.25,195982.58,57.00606615909305
688244.SH,20260604,16.6,16.7,15.92,16.04,16.69,-0.65,-3.8945,18280.63,29535.074,16.156485854152727
688246.SH,20260604,21.07,21.44,20.2,20.4,21.23,-0.83,-3.9096,36385.07,74923.291,20.591767722310273
688247.SH,20260604,8.2,8.23,7.93,7.96,8.21,-0.25,-3.0451,20478.51,16421.436,8.018862700460142
688248.SH,20260604,54.5,54.83,51.12,51.52,54.83,-3.31,-6.0368,60324.02,314598.416,52.15143420481593
688249.SH,20260604,40.5,43.86,40.24,42.23,41.16,1.07,2.5996,356620.54,1511197.946,42.37551617189521
688251.SH,20260604,25.05,25.16,24.29,24.56,25.05,-0.49,-1.9561,18511.22,45727.556,24.70261603503172
688252.SH,20260604,20.44,21.33,20.2,20.91,20.88,0.03,0.1437,52087.36,109203.229,20.96539909106547
688253.SH,20260604,57.51,58.96,56.29,57.0,58.0,-1.0,-1.7241,14731.04,84453.455,57.33027335476653
688255.SH,20260604,29.94,31.8,29.93,30.38,30.42,-0.04,-0.1315,32571.57,100760.204,30.93501602778128
688256.SH,20260604,1365.0,1400.0,1347.0,1358.9,1378.1,-19.2,-1.3932,88415.6,12121114.904,1370.9249164174644
688257.SH,20260604,99.02,111.5,98.0,110.65,100.26,10.39,10.3631,192393.98,2076497.059,107.92941956915699
688258.SH,20260604,140.5,142.55,132.0,134.79,144.55,-9.76,-6.752,75179.27,1026675.374,136.56362638264508
688259.SH,20260604,36.3,37.09,35.82,36.1,37.48,-1.38,-3.682,32544.93,118428.084,36.38910392494315
688260.SH,20260604,90.0,98.77,88.62,97.68,92.25,5.43,5.8862,60739.26,578263.991,95.20431941383548
688261.SH,20260604,87.71,90.9,85.99,88.98,88.69,0.29,0.327,65602.3,586542.137,89.4087763691212
688262.SH,20260604,36.68,37.52,36.5,36.8,37.39,-0.59,-1.578,99823.64,369358.021,37.001057164415165
688265.SH,20260604,34.12,34.13,32.91,33.16,34.12,-0.96,-2.8136,5897.77,19689.338,33.384377485049434
688266.SH,20260604,92.46,94.15,89.0,89.94,93.5,-3.56,-3.8075,42310.18,384972.537,90.98815864172641
688267.SH,20260604,32.07,32.08,31.2,31.5,32.08,-0.58,-1.808,18859.86,59516.648,31.557311666152348
688268.SH,20260604,183.18,206.58,183.0,203.6,176.27,27.33,15.5046,172999.57,3405510.379,196.85080020719127
688269.SH,20260604,35.4,35.59,33.97,34.27,35.6,-1.33,-3.736,26516.32,91276.285,34.42268195586718
688270.SH,20260604,107.0,110.19,106.08,106.7,109.5,-2.8,-2.5571,54643.36,586812.307,107.38949929140523
688271.SH,20260604,113.3,114.68,110.79,111.58,114.32,-2.74,-2.3968,68111.36,762522.586,111.95233599798918
688272.SH,20260604,34.51,38.13,33.81,34.3,34.5,-0.2,-0.5797,30634.49,109597.272,35.77577821599119
688273.SH,20260604,41.59,43.0,41.29,42.74,42.01,0.73,1.7377,13206.06,55921.013,42.34496360004422
688275.SH,20260604,132.98,133.08,126.66,128.03,133.43,-5.4,-4.0471,44052.43,567044.387,128.72034232844817
688276.SH,20260604,15.19,15.26,14.55,14.7,15.19,-0.49,-3.2258,27624.5,40989.863,14.838228022226644
688277.SH,20260604,16.94,17.05,16.41,16.74,16.85,-0.11,-0.6528,53268.96,89202.872,16.745750620999548
688278.SH,20260604,54.88,55.77,53.71,54.1,55.11,-1.01,-1.8327,27435.25,149677.921,54.556791354188505
688279.SH,20260604,205.0,217.3,205.0,211.53,209.35,2.18,1.0413,16115.97,342911.075,212.7771862320419
688280.SH,20260604,5.65,5.73,5.57,5.59,5.68,-0.09,-1.5845,131467.91,73984.694,5.627585773592962
688281.SH,20260604,51.74,51.97,50.1,50.43,52.09,-1.66,-3.1868,42897.28,217671.597,50.74251724118639
688282.SH,20260604,72.18,73.55,70.63,72.61,72.51,0.1,0.1379,9742.11,69991.823,71.84462400855666
688283.SH,20260604,37.0,37.95,36.18,36.61,37.23,-0.62,-1.6653,11998.15,44143.143,36.79162454211691
688285.SH,20260604,7.94,7.95,7.69,7.75,7.92,-0.17,-2.1465,27096.72,21081.592,7.78012689358712
688286.SH,20260604,62.76,62.76,60.42,60.7,61.86,-1.16,-1.8752,14873.08,91462.313,61.495206776269605
688287.SH,20260604,0.35,0.36,0.34,0.35,0.34,0.01,2.9412,100977.09,3539.457,0.35052079635093464
688288.SH,20260604,20.99,21.37,20.41,20.56,21.25,-0.69,-3.2471,15847.32,32925.213,20.776518048477598
688289.SH,20260604,15.69,15.8,15.12,15.19,15.7,-0.51,-3.2484,42615.72,65497.693,15.369373789765842
688290.SH,20260604,58.11,60.0,58.0,58.35,59.91,-1.56,-2.6039,10652.71,62707.754,58.86554125663799
688291.SH,20260604,48.51,49.39,47.7,48.41,48.66,-0.25,-0.5138,23176.57,112683.144,48.61942211466149
688292.SH,20260604,21.59,22.09,21.27,21.65,21.85,-0.2,-0.9153,34373.06,74236.878,21.597401569717682
688293.SH,20260604,39.69,40.1,38.03,38.44,40.22,-1.78,-4.4257,21436.6,83304.692,38.86096302585298
688295.SH,20260604,50.0,50.88,48.62,49.0,51.31,-2.31,-4.502,117671.12,581535.592,49.420417856140055
688296.SH,20260604,14.69,14.69,14.0,14.19,14.73,-0.54,-3.666,21679.38,30919.353,14.26210205273398
688297.SH,20260604,45.65,45.7,43.81,44.18,46.16,-1.98,-4.2894,78531.6,350870.975,44.67895407708489
688298.SH,20260604,20.55,20.55,19.89,19.96,20.56,-0.6,-2.9183,16891.27,33885.036,20.060679865989947
688299.SH,20260604,16.12,16.3,15.8,15.97,16.37,-0.4,-2.4435,77854.1,124832.538,16.034163647129695
688300.SH,20260604,163.97,174.68,159.7,168.8,166.77,2.03,1.2172,124307.87,2072285.771,166.70591902186084
688301.SH,20260604,177.61,188.01,175.77,185.73,180.9,4.83,2.67,80816.75,1484255.088,183.65686420203733
688302.SH,20260604,39.1,39.17,37.8,37.94,39.2,-1.26,-3.2143,8483.83,32439.385,38.23672209367703
688303.SH,20260604,19.16,22.46,19.15,22.46,18.72,3.74,19.9786,511966.1,1101232.209,21.50986577040941
688305.SH,20260604,61.71,63.36,60.0,61.12,60.68,0.44,0.7251,31445.01,194329.243,61.799707807375476
688306.SH,20260604,8.85,9.18,8.81,8.9,8.93,-0.03,-0.3359,120758.02,108553.948,8.989377931171777
688307.SH,20260604,69.17,70.33,68.2,69.5,71.55,-2.05,-2.8651,57473.96,397479.944,69.15826645667012
688308.SH,20260604,144.2,162.8,144.2,159.75,148.0,11.75,7.9392,124152.27,1926367.498,155.16168153832385
688309.SH,20260604,63.54,67.54,61.45,65.57,64.55,1.02,1.5802,24197.73,155130.969,64.10971979603046
688310.SH,20260604,17.01,17.6,16.81,17.49,17.22,0.27,1.5679,28622.89,49389.063,17.255093039172497
688311.SH,20260604,28.19,28.64,28.0,28.4,28.59,-0.19,-0.6646,28042.49,79237.535,28.25624079744702
688312.SH,20260604,81.0,85.38,80.5,84.49,82.9,1.59,1.918,58241.57,489517.374,84.04948115237966
688313.SH,20260604,163.13,168.98,162.96,165.45,168.86,-3.41,-2.0194,292850.27,4860780.715,165.9817733820085
688314.SH,20260604,41.51,43.09,39.87,42.97,41.57,1.4,3.3678,26691.69,111391.27,41.73256545389221
688315.SH,20260604,13.66,13.74,13.19,13.32,13.79,-0.47,-3.4083,31785.75,42688.341,13.430024775253063
688316.SH,20260604,60.65,61.43,59.3,61.26,61.09,0.17,0.2783,20565.62,123972.203,60.28128643824013
688317.SH,20260604,18.77,18.89,17.9,18.0,18.94,-0.94,-4.963,49872.43,90890.837,18.22466581235364
688318.SH,20260604,119.01,121.0,116.8,118.07,119.25,-1.18,-0.9895,33890.14,401208.72,118.38508781610227
688319.SH,20260604,30.89,31.29,30.25,30.8,30.8,0.0,0.0,62516.88,192495.461,30.790957738134086
688320.SH,20260604,37.32,38.55,36.82,37.05,37.59,-0.54,-1.4366,40036.08,150182.546,37.51180085562822
688321.SH,20260604,26.55,26.55,25.62,25.76,26.59,-0.83,-3.1215,81786.02,212857.953,26.02620264441282
688322.SH,20260604,111.14,118.0,109.3,114.55,112.26,2.29,2.0399,201823.89,2325591.795,115.22876677285328
688323.SH,20260604,30.91,31.39,30.01,30.61,30.6,0.01,0.0327,109652.22,336692.097,30.705451927922663
688325.SH,20260604,117.36,123.22,116.02,119.82,119.59,0.23,0.1923,15387.61,184994.516,120.22303398643453
688326.SH,20260604,79.02,81.31,78.75,79.12,80.36,-1.24,-1.5431,12855.35,102596.521,79.80842295231167
688327.SH,20260604,12.7,12.77,12.4,12.5,12.83,-0.33,-2.5721,271394.34,341122.872,12.569269941296488
688328.SH,20260604,72.5,75.5,71.21,72.65,74.21,-1.56,-2.1021,51592.98,374301.51,72.54892235338994
688329.SH,20260604,22.8,22.97,22.02,22.3,23.0,-0.7,-3.0435,11424.71,25494.64,22.315349798813276
688330.SH,20260604,36.93,36.93,35.92,36.21,36.94,-0.73,-1.9762,15974.37,57754.357,36.15438793517366
688331.SH,20260604,105.82,109.43,104.68,105.73,105.81,-0.08,-0.0756,81860.99,877003.015,107.13320410613163
688332.SH,20260604,90.15,91.43,88.0,89.3,90.96,-1.66,-1.825,39114.17,349484.171,89.34976020199329
688333.SH,20260604,96.5,102.95,94.5,97.95,98.26,-0.31,-0.3155,128514.28,1278114.518,99.45311275914241
688334.SH,20260604,18.8,18.83,18.41,18.53,18.87,-0.34,-1.8018,19182.03,35695.829,18.608994459918996
688335.SH,20260604,29.11,30.4,28.82,29.93,29.18,0.75,2.5703,36658.08,108911.533,29.710102929558776
688336.SH,20260604,58.0,59.79,56.29,56.92,58.41,-1.49,-2.5509,68078.03,393538.83,57.807023793138555
688337.SH,20260604,61.1,67.8,60.72,66.38,62.6,3.78,6.0383,80488.71,530615.946,65.92427012434415
688338.SH,20260604,25.19,25.2,24.3,24.58,25.19,-0.61,-2.4216,8038.64,19778.996,24.60490331697899
688339.SH,20260604,21.4,21.54,21.04,21.19,21.6,-0.41,-1.8981,31183.8,66324.685,21.268955355024083
688343.SH,20260604,65.05,65.5,63.85,64.39,66.04,-1.65,-2.4985,90850.61,587128.236,64.62567901305232
688345.SH,20260604,49.88,50.96,48.88,50.6,50.72,-0.12,-0.2366,15599.88,78270.454,50.17375390067103
688347.SH,20260604,227.36,253.3,225.1,244.0,233.24,10.76,4.6133,286958.71,6962694.096,242.63748941441781
688348.SH,20260604,39.27,39.27,38.4,38.67,39.27,-0.6,-1.5279,20423.12,79240.531,38.799424867503106
688349.SH,20260604,19.2,19.35,18.53,18.68,19.35,-0.67,-3.4625,99980.84,188356.55,18.839264603097952
688350.SH,20260604,34.65,34.77,33.45,33.67,34.78,-1.11,-3.1915,29215.81,98948.316,33.86807211574829
688351.SH,20260604,24.03,24.38,23.13,23.36,24.35,-0.99,-4.0657,54758.36,129167.748,23.588680888178537
688352.SH,20260604,22.34,22.99,21.38,21.56,22.96,-1.4,-6.0976,550570.93,1214060.082,22.050929605019284
688353.SH,20260604,82.93,83.36,81.18,81.62,83.43,-1.81,-2.1695,34815.46,284865.919,81.82167318771603
688355.SH,20260604,18.7,19.2,18.34,18.7,19.05,-0.35,-1.8373,14341.27,26715.544,18.628436672623835
688356.SH,20260604,72.33,73.78,70.8,72.16,72.89,-0.73,-1.0015,7950.84,57190.924,71.9306689607639
688357.SH,20260604,28.98,29.07,28.44,28.79,28.97,-0.18,-0.6213,9396.19,26962.563,28.69520837701238
688358.SH,20260604,32.31,32.31,30.61,30.99,32.19,-1.2,-3.7279,13433.78,41779.043,31.099990471780835
688359.SH,20260604,120.96,139.2,120.96,138.05,120.96,17.09,14.1286,56838.32,743532.379,130.81533356369434
688360.SH,20260604,21.56,22.6,21.4,21.76,21.93,-0.17,-0.7752,89862.09,197160.87,21.940383314031532
688361.SH,20260604,201.0,216.2,200.18,211.08,205.56,5.52,2.6853,89152.58,1872991.675,210.0883311509325
688362.SH,20260604,59.04,63.95,57.82,63.19,60.98,2.21,3.6241,346977.18,2121433.076,61.14042070432412
688363.SH,20260604,35.65,35.68,34.49,34.6,35.37,-0.77,-2.177,29767.47,103360.434,34.72261297315492
688365.SH,20260604,19.8,20.1,19.27,19.53,20.33,-0.8,-3.9351,191273.29,375430.849,19.62798093764163
688366.SH,20260604,33.45,33.45,32.03,32.21,33.36,-1.15,-3.4472,6343.9,20634.44,32.52642696133294
688367.SH,20260604,35.89,35.89,32.54,33.23,35.89,-2.66,-7.4115,38391.26,130566.352,34.00939484663957
688368.SH,20260604,208.0,219.94,207.0,214.47,212.49,1.98,0.9318,24551.75,527506.005,214.8547476249147
688369.SH,20260604,20.98,20.98,20.31,20.51,20.98,-0.47,-2.2402,32546.13,66886.918,20.551419784779327
688370.SH,20260604,22.54,22.54,21.7,21.91,22.55,-0.64,-2.8381,5706.32,12551.209,21.995277166369924
688371.SH,20260604,36.0,40.6,36.0,39.59,37.3,2.29,6.1394,196230.09,760071.096,38.733666992661526
688372.SH,20260604,146.0,154.8,144.1,152.8,149.08,3.72,2.4953,61643.36,930937.131,151.01985534208387
688373.SH,20260604,4.64,4.65,4.51,4.55,4.65,-0.1,-2.1505,78686.45,35993.931,4.574349332064161
688375.SH,20260604,90.39,91.65,89.2,90.23,91.35,-1.12,-1.2261,34990.78,316641.734,90.49290527390357
688376.SH,20260604,66.33,71.0,66.01,70.3,67.51,2.79,4.1327,16132.08,112076.388,69.47423270898732
688377.SH,20260604,29.3,29.92,27.76,28.8,31.69,-2.89,-9.1196,82044.05,235419.224,28.69424705386923
688378.SH,20260604,44.0,51.48,41.7,51.48,42.9,8.58,20.0,292801.85,1402851.816,47.91130301943107
688379.SH,20260604,66.99,77.62,66.0,76.6,67.69,8.91,13.1629,72515.56,531959.795,73.35802067859643
688380.SH,20260604,45.18,46.01,44.76,45.4,45.68,-0.28,-0.613,76393.51,347277.761,45.45906595992251
688381.SH,20260604,40.8,42.18,40.35,40.87,41.95,-1.08,-2.5745,123827.76,510099.068,41.1942417435315
688382.SH,20260604,17.34,18.17,17.29,17.7,17.71,-0.01,-0.0565,95180.31,169296.645,17.78693986182646
688383.SH,20260604,144.27,147.95,141.0,141.32,146.26,-4.94,-3.3775,20877.92,299335.8,143.37433997256431
688385.SH,20260604,56.8,58.77,56.38,57.31,57.74,-0.43,-0.7447,136230.93,784724.705,57.60253600265373
688386.SH,20260604,77.7,79.13,76.0,77.35,78.47,-1.12,-1.4273,11662.98,90344.335,77.46247957211622
688387.SH,20260604,16.07,16.38,15.71,15.93,16.3,-0.37,-2.2699,460014.76,733558.978,15.94642263217815
688388.SH,20260604,47.16,48.25,46.28,46.57,48.28,-1.71,-3.5418,326846.07,1533208.322,46.9091863946842
688389.SH,20260604,11.44,11.44,11.03,11.13,11.45,-0.32,-2.7948,24487.34,27412.929,11.194735320373713
688390.SH,20260604,136.15,138.8,131.45,134.33,137.52,-3.19,-2.3197,79002.71,1066096.12,134.94424684925366
688391.SH,20260604,30.4,30.94,30.13,30.25,30.68,-0.43,-1.4016,13056.39,39778.169,30.46643750684531
688392.SH,20260604,157.25,167.0,153.2,166.0,158.6,7.4,4.6658,41450.03,678373.534,163.66056526376457
688393.SH,20260604,20.42,20.56,19.81,20.09,20.54,-0.45,-2.1908,15242.1,30733.172,20.163344945906402
688395.SH,20260604,25.9,26.24,25.35,25.65,26.16,-0.51,-1.9495,13051.63,33565.337,25.717352545237645
688396.SH,20260604,69.8,74.3,69.8,72.59,71.5,1.09,1.5245,366161.37,2657021.295,72.5642165638609
688398.SH,20260604,29.05,29.38,28.43,28.49,29.35,-0.86,-2.9302,15211.76,43591.527,28.65646512961025
688399.SH,20260604,49.8,50.9,49.2,49.38,50.3,-0.92,-1.829,10718.93,53520.181,49.930525714786825
688400.SH,20260604,54.36,55.96,53.83,55.02,55.39,-0.37,-0.668,157287.04,862709.193,54.849350143533755
688401.SH,20260604,70.18,74.57,69.5,72.7,71.7,1.0,1.3947,84100.91,612486.239,72.82754003494135
688403.SH,20260604,18.9,20.71,18.83,20.18,19.37,0.81,4.1817,579622.09,1167958.459,20.150344149236965
688408.SH,20260604,32.06,32.45,31.4,31.98,32.33,-0.35,-1.0826,32507.31,103949.797,31.977360476766613
688409.SH,20260604,142.16,150.34,140.25,146.99,143.36,3.63,2.5321,76655.2,1122578.078,146.4451306630209
688410.SH,20260604,15.35,15.36,14.57,14.7,15.29,-0.59,-3.8587,77693.91,115610.208,14.880214935765235
688411.SH,20260604,283.0,287.86,274.0,274.9,284.49,-9.59,-3.3709,62743.1,1752508.306,279.3149057027785
688416.SH,20260604,112.02,122.5,111.32,119.0,114.6,4.4,3.8394,49143.79,580411.585,118.10476664498199
688418.SH,20260604,45.63,46.67,44.8,45.14,45.95,-0.81,-1.7628,34530.95,156505.878,45.323362954103494
688419.SH,20260604,47.98,49.15,47.0,48.42,48.92,-0.5,-1.0221,31746.19,152885.257,48.15861588429982
688420.SH,20260604,24.34,24.72,23.36,23.66,24.35,-0.69,-2.8337,11403.02,26973.957,23.655099263177647
688425.SH,20260604,4.34,4.36,4.28,4.29,4.34,-0.05,-1.1521,153021.38,65926.229,4.308301820307724
688426.SH,20260604,17.5,17.74,17.17,17.19,17.75,-0.56,-3.1549,10650.57,18589.391,17.453893078023054
688428.SH,20260604,22.0,22.87,21.6,21.8,22.37,-0.57,-2.5481,83479.65,184031.579,22.045082723753634
688429.SH,20260604,11.7,11.78,11.44,11.61,11.75,-0.14,-1.1915,23534.34,27305.926,11.602588387862163
688432.SH,20260604,18.69,20.85,18.4,20.52,19.1,1.42,7.4346,375610.17,755387.526,20.11094444008265
688433.SH,20260604,95.13,99.8,95.02,97.58,97.0,0.58,0.5979,36006.65,351425.183,97.60007748568667
688435.SH,20260604,40.53,40.71,38.65,39.62,40.82,-1.2,-2.9397,25452.21,100674.527,39.55433614605569
688439.SH,20260604,48.01,49.24,47.77,49.19,48.68,0.51,1.0477,30330.72,147272.501,48.55555720404922
688443.SH,20260604,23.83,23.95,22.8,22.99,23.8,-0.81,-3.4034,49874.09,115829.034,23.22429020760078
688448.SH,20260604,53.57,58.0,53.21,56.75,53.81,2.94,5.4637,35436.44,199528.407,56.30599659559482
688449.SH,20260604,67.58,74.77,67.25,72.8,69.05,3.75,5.4308,177435.97,1282713.856,72.29164729113268
688450.SH,20260604,43.0,45.26,43.0,44.1,45.07,-0.97,-2.1522,6732.44,29763.54,44.209142599117115
688455.SH,20260604,19.8,19.85,18.9,19.09,19.7,-0.61,-3.0964,27735.48,53453.364,19.272557749135764
688456.SH,20260604,83.31,95.26,82.04,93.44,85.25,8.19,9.607,90798.23,817008.133,89.98062330069651
688458.SH,20260604,36.54,37.76,36.31,36.98,36.92,0.06,0.1625,33946.0,125888.825,37.08502474518353
688459.SH,20260604,8.52,8.56,8.31,8.32,8.52,-0.2,-2.3474,6916.95,5794.182,8.376787456899356
688466.SH,20260604,13.39,15.76,13.39,15.39,15.76,-0.37,-2.3477,14332.61,22041.834,15.378799813851069
688468.SH,20260604,6.3,6.35,6.13,6.19,6.31,-0.12,-1.9017,32259.76,19996.08,6.198459008994488
688469.SH,20260604,7.66,7.93,7.57,7.81,7.77,0.04,0.5148,1651452.81,1286622.886,7.790854683882853
688472.SH,20260604,11.8,12.09,11.58,11.92,12.04,-0.12,-0.9967,445495.45,527966.406,11.851218817161879
688475.SH,20260604,27.5,27.71,27.16,27.28,27.57,-0.29,-1.0519,24919.95,68285.221,27.40182905663936
688478.SH,20260604,58.2,61.44,58.13,59.57,59.69,-0.12,-0.201,56449.79,339016.768,60.05633820781264
688479.SH,20260604,32.35,33.55,31.7,32.59,32.35,0.24,0.7419,36670.94,120625.691,32.894082071525844
688480.SH,20260604,91.06,93.5,90.0,92.02,92.68,-0.66,-0.7121,12516.98,114986.54,91.86444334016672
688484.SH,20260604,41.2,44.11,40.38,43.26,42.0,1.26,3.0,122729.52,524478.832,42.73452972031505
688485.SH,20260604,53.7,55.7,50.5,52.6,54.98,-2.38,-4.3288,70428.04,372700.961,52.91939985835188
688486.SH,20260604,71.86,75.21,70.8,73.86,72.71,1.15,1.5816,40251.95,294616.301,73.19305052301813
688488.SH,20260604,13.92,14.38,13.9,14.02,14.05,-0.03,-0.2135,43627.3,61572.976,14.113405138525648
688489.SH,20260604,25.15,25.31,23.88,24.23,25.4,-1.17,-4.6063,18683.46,45451.153,24.32694640072021
688496.SH,20260604,1.44,1.53,1.3,1.32,1.53,-0.21,-13.7255,303650.59,42417.922,1.3969319802737743
688498.SH,20260604,1350.0,1405.93,1350.0,1373.9,1405.0,-31.1,-2.2135,49804.47,6845629.543,1374.5010323370573
688499.SH,20260604,51.21,52.16,49.49,50.39,51.76,-1.37,-2.6468,58158.36,294764.784,50.68313205530554
688500.SH,20260604,51.95,52.46,49.22,49.81,52.7,-2.89,-5.4839,28595.96,143877.255,50.31383978715874
688501.SH,20260604,21.21,21.59,21.06,21.45,21.45,0.0,0.0,14986.85,32085.663,21.40921074141664
688502.SH,20260604,430.25,468.68,430.25,462.2,445.88,16.32,3.6602,18085.97,820942.2,453.9110702937138
688503.SH,20260604,86.21,91.72,85.05,90.38,87.39,2.99,3.4214,137272.27,1221560.081,88.98811690081325
688505.SH,20260604,6.92,6.98,6.78,6.84,6.99,-0.15,-2.1459,35724.58,24460.182,6.846877416053596
688506.SH,20260604,214.31,222.49,211.5,212.9,212.13,0.77,0.363,20815.69,448640.141,215.52979555325817
688507.SH,20260604,164.0,174.2,160.01,169.06,165.8,3.26,1.9662,72016.64,1220042.728,169.41122607219665
688508.SH,20260604,87.36,91.9,85.28,87.1,88.0,-0.9,-1.0227,75391.35,664641.052,88.15879434444403
688509.SH,20260604,4.7,5.03,4.68,4.99,4.77,0.22,4.6122,188657.49,92102.991,4.882021434717487
688510.SH,20260604,25.7,26.48,24.92,26.02,25.71,0.31,1.2058,56175.43,144027.374,25.638855634927943
688511.SH,20260604,24.3,25.07,23.99,24.85,24.37,0.48,1.9696,26662.59,65582.996,24.597383825052255
688512.SH,20260604,13.15,13.69,13.1,13.39,13.44,-0.05,-0.372,155224.54,208329.312,13.421158278194929
688513.SH,20260604,48.06,48.52,46.58,46.86,47.71,-0.85,-1.7816,13203.54,62542.547,47.36801418407487
688515.SH,20260604,223.0,231.99,222.5,226.97,246.5,-19.53,-7.9229,103037.04,2335679.257,226.6834583951558
688516.SH,20260604,58.01,59.79,56.39,58.58,58.44,0.14,0.2396,114895.19,672689.663,58.548113545919534
688517.SH,20260604,20.44,20.63,19.78,20.37,20.75,-0.38,-1.8313,26700.33,53825.293,20.159036611157987
688518.SH,20260604,25.26,26.4,25.06,26.1,25.93,0.17,0.6556,169527.54,439304.986,25.9134879206057
688519.SH,20260604,220.02,253.55,220.02,247.0,228.7,18.3,8.0017,63559.89,1519150.493,239.0108750974868
688520.SH,20260604,35.9,36.33,34.92,35.3,35.9,-0.6,-1.6713,20502.59,72726.365,35.47179405138571
688521.SH,20260604,232.99,248.56,232.06,243.1,240.45,2.65,1.1021,200742.34,4857666.85,241.9851661587685
688522.SH,20260604,20.58,20.87,20.04,20.24,20.59,-0.35,-1.6999,43417.65,88571.006,20.399769678920897
688523.SH,20260604,57.3,58.49,56.62,57.6,58.75,-1.15,-1.9574,40461.46,232685.572,57.507952505915505
688525.SH,20260604,312.01,350.0,309.0,341.31,314.0,27.31,8.6975,581371.46,19509288.287,335.5735468507519
688526.SH,20260604,12.81,12.88,12.5,12.51,12.83,-0.32,-2.4942,12414.17,15688.23,12.637357149128778
688528.SH,20260604,10.9,11.07,10.51,10.67,11.01,-0.34,-3.0881,25319.25,27109.887,10.707223555200095
688529.SH,20260604,17.56,17.65,17.15,17.32,17.58,-0.26,-1.479,14883.85,25840.037,17.36112430587516
688530.SH,20260604,46.78,49.62,46.73,48.63,47.6,1.03,2.1639,63693.51,308294.658,48.40283696093997
688531.SH,20260604,182.16,203.0,177.07,198.98,185.26,13.72,7.4058,77953.65,1490686.338,191.22726620241647
688533.SH,20260604,24.94,25.23,24.45,24.71,24.95,-0.24,-0.9619,8700.14,21508.548,24.72207113908512
688535.SH,20260604,112.96,122.16,111.89,118.74,115.44,3.3,2.8586,88377.22,1044339.822,118.16844001203025
688536.SH,20260604,297.9,311.79,293.0,305.98,304.3,1.68,0.5521,47518.92,1450877.002,305.326173658829
688538.SH,20260604,2.39,2.44,2.38,2.41,2.4,0.01,0.4167,1178168.24,284245.746,2.4126074388153596
688539.SH,20260604,31.27,31.55,30.71,31.12,31.44,-0.32,-1.0178,23649.44,73338.953,31.01086241365546
688543.SH,20260604,42.2,42.3,40.7,40.79,42.49,-1.7,-4.0009,55625.3,229323.638,41.2264990930386
688545.SH,20260604,77.25,90.66,76.11,89.86,78.82,11.04,14.0066,241757.19,2069591.455,85.60620079179445
688548.SH,20260604,27.7,30.31,27.52,30.12,28.04,2.08,7.418,337934.39,996976.015,29.50205852088626
688549.SH,20260604,13.99,16.99,13.99,16.03,14.48,1.55,10.7044,1356007.73,2166097.167,15.974076836567885
688550.SH,20260604,41.12,42.03,40.9,41.45,41.95,-0.5,-1.1919,50458.73,208363.66,41.29387719429324
688551.SH,20260604,68.11,74.46,66.41,73.1,68.0,5.1,7.5,53398.83,383676.271,71.85106321617907
688552.SH,20260604,30.14,30.15,29.23,29.53,29.69,-0.16,-0.5389,32874.87,97675.607,29.711328744417848
688553.SH,20260604,16.52,16.82,16.12,16.25,16.82,-0.57,-3.3888,65047.08,105928.624,16.284916094619465
688556.SH,20260604,10.8,11.16,10.59,10.9,10.91,-0.01,-0.0917,343005.35,374192.257,10.909225089346275
688557.SH,20260604,30.76,31.36,30.35,30.48,30.78,-0.3,-0.9747,9160.21,28288.784,30.882243966022614
688558.SH,20260604,33.23,33.23,32.18,32.29,33.24,-0.95,-2.858,23963.03,78151.974,32.613560972881984
688559.SH,20260604,59.92,62.88,58.22,61.48,59.94,1.54,2.5692,105048.38,637066.7,60.64507610683762
688560.SH,20260604,14.17,14.3,13.91,14.1,14.18,-0.08,-0.5642,39254.14,55265.847,14.078985554135182
688561.SH,20260604,25.98,26.47,25.53,25.77,26.29,-0.52,-1.9779,52897.45,137058.18,25.91016769239349
688562.SH,20260604,17.19,17.19,16.2,16.42,17.04,-0.62,-3.6385,42412.95,70024.412,16.510148904992462
688563.SH,20260604,50.28,50.84,49.9,50.4,50.72,-0.32,-0.6309,17481.08,87797.896,50.224526173440076
688565.SH,20260604,10.77,10.83,10.39,10.59,10.78,-0.19,-1.7625,45499.86,47962.047,10.541141665051278
688566.SH,20260604,24.53,24.53,23.71,23.92,24.54,-0.62,-2.5265,8261.89,19835.172,24.008032060460742
688567.SH,20260604,12.3,12.39,11.9,12.07,12.4,-0.33,-2.6613,155909.9,188810.507,12.110232063518737
688568.SH,20260604,45.58,45.9,44.5,44.85,46.02,-1.17,-2.5424,106205.35,478037.267,45.010657843507886
688569.SH,20260604,18.46,18.56,17.8,18.14,18.46,-0.32,-1.7335,10866.93,19635.803,18.06931948581614
688570.SH,20260604,16.06,16.17,15.7,15.7,16.05,-0.35,-2.1807,9255.57,14709.577,15.892675437601358
688571.SH,20260604,8.71,8.85,8.51,8.85,8.75,0.1,1.1429,68655.7,59805.952,8.710995882352083
688573.SH,20260604,20.36,20.36,19.5,19.73,20.24,-0.51,-2.5198,30132.0,59631.406,19.79005907341033
688575.SH,20260604,10.14,10.17,9.65,9.75,10.17,-0.42,-4.1298,114745.19,112956.315,9.844100218928567
688576.SH,20260604,69.39,69.39,68.31,68.74,69.4,-0.66,-0.951,2502.48,17203.036,68.74395000159842
688577.SH,20260604,69.61,69.61,65.78,66.47,70.26,-3.79,-5.3942,20165.53,135694.069,67.29010792178534
688578.SH,20260604,84.8,84.98,82.97,83.26,84.56,-1.3,-1.5374,38725.19,324549.995,83.8084964851044
688579.SH,20260604,8.76,8.78,8.57,8.66,8.77,-0.11,-1.2543,27293.61,23654.461,8.666666300280541
688580.SH,20260604,51.15,51.42,49.93,50.47,51.44,-0.97,-1.8857,12397.6,62690.882,50.56695005484932
688581.SH,20260604,54.89,54.9,53.21,53.59,54.89,-1.3,-2.3684,3791.49,20441.111,53.913134414174905
688582.SH,20260604,44.91,47.5,44.41,45.94,45.12,0.82,1.8174,59944.89,275441.84,45.94917765300763
688583.SH,20260604,111.0,117.12,107.13,114.17,111.08,3.09,2.7818,19590.72,219409.721,111.99676224253113
688584.SH,20260604,24.5,27.37,24.2,26.55,25.1,1.45,5.7769,208803.25,544880.029,26.095380651402692
688585.SH,20260604,170.12,182.05,170.03,178.04,176.4,1.64,0.9297,51126.7,908075.241,177.6127230977161
688586.SH,20260604,13.2,13.33,12.8,13.05,13.24,-0.19,-1.435,75023.17,97721.591,13.025521448907051
688588.SH,20260604,10.25,10.26,9.9,9.98,10.28,-0.3,-2.9183,40331.98,40431.888,10.024771409685316
688589.SH,20260604,20.37,20.62,19.85,20.1,20.57,-0.47,-2.2849,44502.26,89987.689,20.220925633889152
688590.SH,20260604,13.74,14.67,13.62,14.21,13.72,0.49,3.5714,190805.19,270588.537,14.181403398932702
688591.SH,20260604,30.84,31.7,30.38,31.14,30.83,0.31,1.0055,43248.88,134377.002,31.07063165566369
688592.SH,20260604,37.16,38.44,36.81,38.06,37.55,0.51,1.3582,9957.99,37399.501,37.557279129623545
688593.SH,20260604,35.87,37.52,35.0,36.36,36.23,0.13,0.3588,162944.26,593503.548,36.42371618368146
688595.SH,20260604,39.0,40.06,37.89,38.17,39.47,-1.3,-3.2936,103726.83,401790.866,38.735481070808774
688596.SH,20260604,37.65,40.81,37.38,39.84,38.11,1.73,4.5395,167839.11,664549.309,39.59442522067712
688597.SH,20260604,9.22,9.68,9.13,9.35,9.36,-0.01,-0.1068,142480.43,134554.016,9.443684020324758
688598.SH,20260604,29.99,34.43,29.99,34.0,30.47,3.53,11.5852,186137.24,613056.33,32.93571614148786
688599.SH,20260604,14.48,14.62,14.21,14.42,14.48,-0.06,-0.4144,330776.58,477443.109,14.434005847693328
688600.SH,20260604,25.97,27.12,25.72,26.49,26.47,0.02,0.0756,29424.82,77534.585,26.350062634197933
688601.SH,20260604,55.0,56.7,54.52,55.37,55.77,-0.4,-0.7172,49371.53,273665.052,55.429728833601075
688602.SH,20260604,6.93,7.25,6.88,7.23,6.99,0.24,3.4335,99109.62,70395.427,7.102784472385224
688603.SH,20260604,155.39,175.0,155.0,171.68,158.39,13.29,8.3907,94303.13,1554213.911,164.81042686494075
688605.SH,20260604,67.96,73.66,67.28,72.33,68.46,3.87,5.6529,75952.64,541964.206,71.3555455083589
688606.SH,20260604,48.27,49.0,47.2,48.78,48.28,0.5,1.0356,4017.11,19390.336,48.26936777932394
688607.SH,20260604,57.78,62.49,57.0,59.75,57.78,1.97,3.4095,31937.14,192716.435,60.34242108091082
688608.SH,20260604,160.01,163.54,157.8,159.67,162.38,-2.71,-1.6689,30318.35,485983.166,160.29340844735944
688609.SH,20260604,11.45,11.65,11.23,11.37,11.68,-0.31,-2.6541,215942.99,246676.454,11.423221193704876
688610.SH,20260604,174.42,191.9,172.03,188.3,178.29,10.01,5.6144,21848.88,398966.249,182.60260892091495
688611.SH,20260604,77.04,77.92,75.78,76.96,76.61,0.35,0.4569,11263.69,86731.351,77.00083276439602
688612.SH,20260604,36.5,38.59,36.5,38.15,36.89,1.26,3.4156,85166.56,322505.271,37.867593924188085
688613.SH,20260604,16.62,16.67,16.04,16.11,16.63,-0.52,-3.1269,23515.96,38171.742,16.23227033895278
688615.SH,20260604,129.29,129.71,124.22,127.4,132.05,-4.65,-3.5214,59327.3,754038.255,127.09802316977175
688616.SH,20260604,12.0,12.05,11.63,11.77,12.05,-0.28,-2.3237,17969.27,21181.165,11.787437664412634
688617.SH,20260604,201.5,203.73,198.0,199.02,201.48,-2.46,-1.221,10586.47,211984.411,200.24088388291847
688618.SH,20260604,34.5,34.5,33.05,33.72,34.28,-0.56,-1.6336,25119.09,84810.639,33.763420171670234
688619.SH,20260604,17.23,17.42,16.3,16.43,17.51,-1.08,-6.1679,52254.23,87572.632,16.758955590772267
688620.SH,20260604,11.72,11.98,11.56,11.72,11.82,-0.1,-0.846,96761.99,113772.03,11.757925813638186
688621.SH,20260604,53.41,54.88,52.37,52.67,54.0,-1.33,-2.463,11798.77,62991.038,53.38780059277365
688622.SH,20260604,134.8,143.4,130.08,137.0,134.8,2.2,1.632,16921.42,235290.343,139.04881682506553
688623.SH,20260604,96.89,96.89,92.5,95.74,95.84,-0.1,-0.1043,3374.23,32046.814,94.97519137699564
688625.SH,20260604,76.0,80.32,75.02,77.88,78.82,-0.94,-1.1926,43431.61,335419.398,77.22932629022962
688626.SH,20260604,51.49,51.49,49.75,50.49,50.95,-0.46,-0.9028,10806.62,54482.083,50.41547033207422
688627.SH,20260604,354.0,395.0,352.06,388.01,355.5,32.51,9.1449,69155.04,2591343.637,374.7150803470001
688628.SH,20260604,83.53,87.27,82.01,84.5,85.33,-0.83,-0.9727,38931.12,329160.817,84.54953697710211
688629.SH,20260604,131.11,142.19,131.11,139.38,135.84,3.54,2.606,190695.45,2616054.412,137.18494132922416
688630.SH,20260604,358.9,413.86,354.0,408.0,366.5,41.5,11.3233,95247.65,3720374.41,390.6001260923498
688631.SH,20260604,46.65,47.68,45.63,46.87,46.83,0.04,0.0854,15792.09,73785.653,46.72317153714297
688633.SH,20260604,28.94,29.7,28.34,28.51,29.15,-0.64,-2.1955,66106.07,190715.95,28.849990628697178
688635.SH,20260604,640.0,669.0,632.99,649.99,672.99,-23.0,-3.4176,49632.93,3207652.831,646.2751304426315
688636.SH,20260604,34.79,35.47,34.6,35.1,34.96,0.14,0.4005,28788.96,101141.511,35.13204749320573
688638.SH,20260604,35.19,35.65,34.26,34.7,35.22,-0.52,-1.4764,6954.05,24091.412,34.64371409466426
688639.SH,20260604,21.81,22.54,21.37,22.08,21.77,0.31,1.424,84883.5,186165.765,21.931914329640037
688646.SH,20260604,68.71,69.6,67.59,68.0,68.97,-0.97,-1.4064,7405.43,50577.293,68.2975775883372
688648.SH,20260604,38.93,39.19,38.07,38.71,38.86,-0.15,-0.386,11997.39,46200.398,38.50870731050671
688651.SH,20260604,34.79,34.79,33.4,33.83,34.72,-0.89,-2.5634,9503.09,32137.458,33.81790343982851
688652.SH,20260604,129.84,135.52,128.02,133.07,131.61,1.46,1.1093,59223.85,786864.185,132.86272084641578
688653.SH,20260604,13.99,14.34,13.86,14.03,14.16,-0.13,-0.9181,94745.34,133772.377,14.119151084369957
688655.SH,20260604,57.43,58.8,54.43,56.7,58.66,-1.96,-3.3413,171869.75,964123.856,56.09619237823992
688656.SH,20260604,105.23,107.35,102.9,104.07,103.72,0.35,0.3374,5081.73,53230.148,104.74808382184807
688657.SH,20260604,36.6,36.76,35.62,36.15,36.6,-0.45,-1.2295,10644.94,38402.299,36.075636875360495
688658.SH,20260604,16.58,16.8,15.8,16.3,16.97,-0.67,-3.9481,117459.43,191026.545,16.263193597993794
688659.SH,20260604,9.98,10.2,9.73,9.98,10.13,-0.15,-1.4808,45569.36,45032.021,9.88208326823111
688660.SH,20260604,10.04,10.5,9.97,10.11,10.02,0.09,0.8982,212115.33,216588.008,10.210860667166301
688661.SH,20260604,123.28,128.76,122.4,124.0,129.7,-5.7,-4.3948,69813.08,873911.539,125.17876864908409
688662.SH,20260604,85.02,94.97,83.15,92.82,87.15,5.67,6.506,62617.25,567611.644,90.64780775265602
688663.SH,20260604,94.57,95.95,92.17,93.0,93.88,-0.88,-0.9374,52114.31,491730.075,94.35605594701342
688665.SH,20260604,50.25,50.8,49.53,50.19,50.29,-0.1,-0.1988,8153.9,40861.441,50.112757085566415
688667.SH,20260604,113.0,117.64,105.0,109.69,112.05,-2.36,-2.1062,28251.97,310399.123,109.86813415135299
688668.SH,20260604,295.0,362.4,295.0,362.4,302.0,60.4,20.0,69320.07,2347684.102,338.6730714495816
688669.SH,20260604,42.25,44.88,41.88,44.27,42.88,1.39,3.2416,44715.31,194563.521,43.51161179470745
688670.SH,20260604,15.7,16.18,15.37,15.48,15.82,-0.34,-2.1492,10312.29,16035.623,15.550011685086433
688671.SH,20260604,26.66,26.78,24.89,25.23,26.81,-1.58,-5.8933,27939.94,70734.694,25.316695025114587
688676.SH,20260604,94.0,98.46,93.25,94.69,95.99,-1.3,-1.3543,153511.79,1468096.19,95.63410015608571
688677.SH,20260604,143.63,152.0,143.01,145.0,146.4,-1.4,-0.9563,44977.28,665158.366,147.8876370469713
688678.SH,20260604,21.8,23.05,21.77,22.2,22.12,0.08,0.3617,162313.61,363423.923,22.390231047168506
688679.SH,20260604,57.35,57.81,54.6,55.85,57.35,-1.5,-2.6155,38947.14,217132.361,55.7505277666088
688680.SH,20260604,42.05,45.63,41.76,44.22,42.3,1.92,4.539,44203.77,196922.076,44.54870613977043
688681.SH,20260604,16.49,16.66,16.16,16.3,16.66,-0.36,-2.1609,18094.64,29577.434,16.345964329768375
688682.SH,20260604,39.71,39.99,38.81,39.29,39.71,-0.42,-1.0577,17799.29,70294.86,39.493069667385605
688683.SH,20260604,39.0,39.0,37.0,38.1,37.84,0.26,0.6871,19218.16,73012.45,37.99138419078621
688685.SH,20260604,49.3,51.86,47.9,49.16,49.26,-0.1,-0.203,32748.38,163785.057,50.01317836179987
688686.SH,20260604,137.46,140.98,135.05,136.62,141.08,-4.46,-3.1613,29580.01,406896.968,137.55809007502026
688687.SH,20260604,16.58,16.68,16.2,16.33,16.59,-0.26,-1.5672,15987.56,26209.876,16.39391877184511
688689.SH,20260604,39.4,41.12,39.0,40.13,39.61,0.52,1.3128,24654.27,99310.473,40.2812466156978
688690.SH,20260604,40.84,41.8,39.95,41.65,41.01,0.64,1.5606,145832.74,596189.406,40.88172559879215
688691.SH,20260604,96.8,101.95,96.0,98.85,98.5,0.35,0.3553,58680.43,584448.458,99.5985302084528
688692.SH,20260604,276.0,284.4,267.0,275.9,284.21,-8.31,-2.9239,31459.24,865003.832,274.96018085624445
688693.SH,20260604,105.0,113.4,101.8,104.0,107.3,-3.3,-3.0755,40623.11,435304.02,107.15674403067612
688695.SH,20260604,20.86,21.38,20.12,20.47,21.3,-0.83,-3.8967,15338.06,31438.447,20.49701657184807
688696.SH,20260604,74.44,74.77,72.1,72.7,74.45,-1.75,-2.3506,6960.68,50801.201,72.98310078900337
688697.SH,20260604,20.65,20.8,20.01,20.57,20.75,-0.18,-0.8675,82587.79,168756.13,20.433544716476856
688698.SH,20260604,63.83,66.88,63.01,64.38,64.54,-0.16,-0.2479,47436.32,309154.77,65.17258716527758
688699.SH,20260604,57.84,59.51,57.2,58.3,58.84,-0.54,-0.9177,34440.27,201601.439,58.53654428377014
688700.SH,20260604,85.68,95.0,83.75,92.0,87.0,5.0,5.7471,150773.69,1383588.752,91.76592759651899
688701.SH,20260604,9.33,9.44,9.15,9.21,9.44,-0.23,-2.4364,33905.1,31369.161,9.252047921994036
688702.SH,20260604,274.0,281.0,264.0,274.94,277.9,-2.96,-1.0651,67742.86,1853459.699,273.6022215477764
688707.SH,20260604,14.9,15.55,14.7,14.92,15.16,-0.24,-1.5831,226431.65,341406.541,15.077686401172276
688708.SH,20260604,48.46,48.46,46.5,46.75,48.3,-1.55,-3.2091,14223.79,66937.562,47.06028562007735
688709.SH,20260604,33.4,34.33,33.27,33.78,33.94,-0.16,-0.4714,54945.17,185726.315,33.80211854836376
688710.SH,20260604,58.8,59.23,56.51,57.92,58.85,-0.93,-1.5803,13329.0,76814.881,57.62989046440093
688711.SH,20260604,34.0,36.5,33.83,34.47,33.83,0.64,1.8918,159365.11,560653.723,35.18045593543029
688712.SH,20260604,40.47,40.5,38.85,39.3,40.13,-0.83,-2.0683,20868.02,82070.883,39.32854338840005
688716.SH,20260604,31.68,32.03,31.16,31.6,31.69,-0.09,-0.284,20490.65,64584.859,31.519185091736958
688717.SH,20260604,103.66,106.19,101.89,103.15,105.14,-1.99,-1.8927,36247.97,377642.427,104.18305549248689
688718.SH,20260604,14.67,15.3,14.51,14.7,14.9,-0.2,-1.3423,29013.34,42636.932,14.695630354864349
688719.SH,20260604,79.53,82.6,77.01,81.7,79.09,2.61,3.3,101910.01,818844.387,80.349750431778
688720.SH,20260604,88.38,98.66,87.91,95.84,90.05,5.79,6.4298,63776.03,611155.214,95.82835651576306
688721.SH,20260604,41.0,43.15,40.76,42.3,41.51,0.79,1.9032,25259.79,106600.939,42.20183105243551
688722.SH,20260604,15.6,16.14,15.48,15.98,15.77,0.21,1.3316,30326.34,48042.481,15.84183287531565
688726.SH,20260604,56.02,61.26,55.55,60.27,57.14,3.13,5.4778,177953.44,1048519.991,58.92102962437815
688727.SH,20260604,49.89,50.88,48.94,50.3,49.99,0.31,0.6201,47653.21,239552.116,50.26988024521329
688728.SH,20260604,13.51,14.54,13.36,13.88,13.67,0.21,1.5362,314173.42,437074.836,13.911897320912763
688729.SH,20260604,24.47,25.18,24.3,24.87,24.82,0.05,0.2015,107518.89,267514.174,24.880667387842266
688733.SH,20260604,36.6,38.15,35.88,37.55,37.05,0.5,1.3495,102539.35,380477.535,37.10551461463331
688737.SH,20260604,24.92,25.75,24.44,24.99,24.94,0.05,0.2005,24896.96,62628.509,25.155082789224068
688739.SH,20260604,20.88,21.09,20.5,20.51,20.98,-0.47,-2.2402,17150.97,35516.024,20.707880662143303
688750.SH,20260604,16.88,16.94,16.4,16.53,16.96,-0.43,-2.5354,34696.19,57525.358,16.579733394358286
688755.SH,20260604,36.43,36.43,34.76,35.18,36.44,-1.26,-3.4577,5500.86,19401.206,35.26940514755874
688757.SH,20260604,37.0,38.58,35.88,37.88,37.58,0.3,0.7983,98998.29,367515.088,37.12337738358915
688758.SH,20260604,17.83,18.0,17.01,17.39,17.78,-0.39,-2.1935,23335.73,40519.302,17.363631649834826
688759.SH,20260604,34.0,34.02,31.0,31.18,33.99,-2.81,-8.2671,48628.79,156070.756,32.09431203202876
688765.SH,20260604,48.88,48.88,47.38,47.93,48.89,-0.96,-1.9636,13610.43,65225.009,47.92281287218699
688766.SH,20260604,363.99,435.99,363.99,427.35,374.0,53.35,14.2647,95315.28,3887218.981,407.82747330753267
688767.SH,20260604,37.3,37.88,37.13,37.78,37.44,0.34,0.9081,17107.2,64121.339,37.48207713711186
688768.SH,20260604,51.56,53.65,50.0,53.3,51.85,1.45,2.7965,15844.7,83213.941,52.51847052957771
688772.SH,20260604,15.45,15.83,15.14,15.21,15.7,-0.49,-3.121,283207.84,435267.213,15.369179504352704
688775.SH,20260604,172.0,172.37,168.26,168.88,174.6,-5.72,-3.2761,12384.98,210440.8,169.91614035710998
688776.SH,20260604,63.0,65.2,63.0,64.55,64.02,0.53,0.8279,19261.22,123885.031,64.31837183729795
688777.SH,20260604,91.0,92.5,87.5,88.42,92.35,-3.93,-4.2555,243488.12,2175593.237,89.35110415243258
688778.SH,20260604,59.33,60.2,58.4,59.31,59.85,-0.54,-0.9023,59967.57,354441.643,59.10555371845149
688779.SH,20260604,8.53,8.64,8.36,8.41,8.58,-0.17,-1.9814,255833.9,217007.488,8.482358592821358
688781.SH,20260604,48.37,49.7,47.5,48.88,49.43,-0.55,-1.1127,34178.18,165818.002,48.515749522063494
688783.SH,20260604,34.96,39.65,34.25,38.55,35.33,3.22,9.1141,367613.89,1383054.033,37.62246396620106
688785.SH,20260604,328.97,343.88,323.0,337.12,336.69,0.43,0.1277,8674.46,292961.271,337.7285398745283
688786.SH,20260604,39.53,41.68,39.0,40.99,40.22,0.77,1.9145,66260.04,269547.175,40.68020106839658
688787.SH,20260604,130.02,131.91,126.58,130.1,131.91,-1.81,-1.3721,21825.58,281151.654,128.8174948844429
688788.SH,20260604,44.29,45.12,43.56,44.3,44.2,0.1,0.2262,16575.92,73417.127,44.29143420093727
688789.SH,20260604,51.58,51.86,50.1,50.55,51.58,-1.03,-1.9969,17502.73,89235.397,50.983701971063944
688790.SH,20260604,127.0,127.0,123.01,124.57,127.6,-3.03,-2.3746,4017.65,50300.111,125.19784202207758
688793.SH,20260604,18.28,18.38,17.72,17.8,18.27,-0.47,-2.5725,12714.11,22903.471,18.01421491555445
688795.SH,20260604,651.5,676.2,646.0,655.99,667.85,-11.86,-1.7758,22157.72,1462323.72,659.9612776043745
688796.SH,20260604,99.68,99.68,95.22,95.85,96.64,-0.79,-0.8175,7832.17,75453.107,96.33742245124914
688798.SH,20260604,72.03,73.49,70.67,70.99,73.1,-2.11,-2.8865,45528.23,328299.471,72.10899061966609
688799.SH,20260604,47.23,49.94,46.06,49.71,47.18,2.53,5.3624,46307.57,220322.957,47.578172855971495
688800.SH,20260604,122.43,135.01,121.51,135.0,124.99,10.01,8.0086,153012.9,1977238.188,129.2203590677649
688802.SH,20260604,738.0,759.68,722.0,724.3,756.4,-32.1,-4.2438,22931.15,1689484.889,736.7641348122531
688805.SH,20260604,54.6,55.38,54.1,54.56,55.4,-0.84,-1.5162,11490.88,62634.136,54.50769305745078
688807.SH,20260604,425.8,458.01,425.8,433.65,448.0,-14.35,-3.2031,17498.13,770089.876,440.09838537032243
688808.SH,20260604,1936.0,2155.0,1932.0,2119.99,2004.0,115.99,5.7879,14694.66,3029097.365,2061.359272688174
688809.SH,20260604,498.9,529.99,495.01,512.0,504.66,7.34,1.4544,25378.75,1308057.303,515.4143931438704
688811.SH,20260604,28.41,28.58,27.0,27.6,28.46,-0.86,-3.0218,126431.14,349469.673,27.641107483488643
688813.SH,20260604,162.8,180.18,160.0,179.2,164.56,14.64,8.8965,37192.82,642159.965,172.65697115733627
688816.SH,20260604,62.3,62.5,61.22,61.32,62.67,-1.35,-2.1541,7448.82,45947.168,61.68382106159096
688818.SH,20260604,67.02,69.95,66.12,68.67,68.83,-0.16,-0.2325,108297.08,739363.83,68.2718158236584
688819.SH,20260604,24.39,24.39,23.92,24.13,24.4,-0.27,-1.1066,24686.87,59537.293,24.11698728919462
688820.SH,20260604,183.8,195.39,181.05,191.43,186.85,4.58,2.4512,287072.08,5479701.436,190.88242353627697
688981.SH,20260604,131.0,137.57,130.0,134.88,134.0,0.88,0.6567,778526.88,10493292.686,134.7839484488962
689009.SH,20260604,36.74,37.07,36.09,36.23,36.9,-0.67,-1.8157,81434.6,296346.114,36.390688233257116
920000.BJ,20260604,13.84,13.84,13.27,13.41,13.85,-0.44,-3.1769,7224.21,9662.341,13.374944803653273
920001.BJ,20260604,16.3,17.79,16.04,17.36,16.5,0.86,5.2121,86868.9,149773.009,17.24126919990929
920002.BJ,20260604,59.02,60.5,58.0,58.22,59.02,-0.8,-1.3555,10131.03,59710.508,58.938240238159395
920003.BJ,20260604,29.0,29.0,27.8,28.01,28.82,-0.81,-2.8105,3341.26,9407.711,28.15617760964426
920005.BJ,20260604,32.49,32.88,31.46,31.92,33.15,-1.23,-3.7104,11814.56,37801.606,31.995779783589064
920006.BJ,20260604,16.89,16.9,15.89,16.06,16.9,-0.84,-4.9704,10719.74,17354.312,16.18911652707995
920007.BJ,20260604,43.59,43.81,41.45,41.63,43.3,-1.67,-3.8568,2547.96,10759.795,42.22905775600873
920008.BJ,20260604,22.75,23.08,22.32,22.32,23.04,-0.72,-3.125,6045.79,13616.513,22.522305604395786
920009.BJ,20260604,36.47,36.47,35.06,35.56,36.55,-0.99,-2.7086,2461.84,8755.497,35.56484986839112
920010.BJ,20260604,10.8,10.8,10.37,10.58,11.06,-0.48,-4.34,78084.67,82384.846,10.550706816075424
920011.BJ,20260604,24.89,26.33,24.29,25.96,24.96,1.0,4.0064,34257.41,87474.043,25.534342205087892
920012.BJ,20260604,71.4,75.6,68.01,73.27,73.3,-0.03,-0.0409,34643.01,248551.425,71.7464865206574
920014.BJ,20260604,10.01,10.01,9.4,9.56,10.18,-0.62,-6.0904,29835.12,28641.469,9.599917479802327
920015.BJ,20260604,44.19,45.6,43.6,44.75,44.22,0.53,1.1986,16105.53,72012.154,44.71268812637646
920016.BJ,20260604,14.61,14.61,14.1,14.17,14.6,-0.43,-2.9452,3567.79,5084.295,14.25054445469044
920017.BJ,20260604,16.25,16.25,15.82,15.94,16.21,-0.27,-1.6656,7608.59,12151.589,15.970881595670157
920018.BJ,20260604,18.39,18.75,17.61,18.0,18.47,-0.47,-2.5447,20403.43,36744.801,18.009129347369534
920019.BJ,20260604,18.83,19.01,18.18,18.55,19.2,-0.65,-3.3854,41290.18,76188.66,18.452004810829113
920020.BJ,20260604,14.61,15.62,14.5,15.35,14.75,0.6,4.0678,19147.89,29085.443,15.189894552350154
920021.BJ,20260604,8.7,8.7,8.24,8.34,8.78,-0.44,-5.0114,147626.81,123871.171,8.390831651784659
920022.BJ,20260604,23.23,23.38,22.73,22.89,23.2,-0.31,-1.3362,4491.04,10281.432,22.89320959065161
920023.BJ,20260604,2.41,2.44,2.32,2.33,2.46,-0.13,-5.2846,78890.97,18636.74,2.3623413427417614
920026.BJ,20260604,34.29,36.98,34.0,34.91,34.63,0.28,0.8085,13513.04,47487.721,35.14214492075802
920027.BJ,20260604,12.3,12.32,11.78,11.98,12.35,-0.37,-2.996,12392.36,14826.986,11.964618523025477
920028.BJ,20260604,16.69,20.3,16.63,19.7,16.9,2.8,16.568,99396.37,186060.796,18.719073543631424
920029.BJ,20260604,43.69,43.69,40.5,40.75,43.41,-2.66,-6.1276,13527.0,56260.259,41.5910837584091
920030.BJ,20260604,4.97,5.06,4.82,4.86,5.0,-0.14,-2.8,7966.54,3894.87,4.889035892620886
920033.BJ,20260604,15.75,15.75,15.15,15.26,15.59,-0.33,-2.1167,6222.73,9524.875,15.30658569470313
920035.BJ,20260604,26.61,26.86,25.58,26.47,26.92,-0.45,-1.6716,7917.35,20689.905,26.132361206716894
920036.BJ,20260604,42.06,43.0,40.4,42.04,42.9,-0.86,-2.0047,16041.85,66667.868,41.55871548481004
920037.BJ,20260604,44.85,45.2,43.09,43.28,44.9,-1.62,-3.608,13749.94,60106.358,43.713905660679245
920039.BJ,20260604,8.13,8.19,7.88,7.97,8.13,-0.16,-1.968,7872.93,6272.268,7.9668789129333035
920045.BJ,20260604,538.0,550.2,524.0,533.01,563.0,-29.99,-5.3268,11568.32,620462.42,536.3461764543167
920046.BJ,20260604,33.12,35.03,31.13,31.13,33.15,-2.02,-6.0935,118141.05,391578.423,33.14499261687618
920047.BJ,20260604,18.9,19.44,18.64,18.76,19.12,-0.36,-1.8828,63215.07,120178.381,19.011033445031384
920050.BJ,20260604,28.45,28.45,27.68,28.18,28.53,-0.35,-1.2268,3435.39,9639.643,28.059821446764417
920055.BJ,20260604,30.49,31.25,29.71,30.73,30.31,0.42,1.3857,7248.89,22008.771,30.36157397891263
920056.BJ,20260604,19.51,19.71,18.67,18.79,19.61,-0.82,-4.1815,8964.93,16963.513,18.922080819370592
920057.BJ,20260604,5.3,6.01,5.29,5.44,5.29,0.15,2.8355,63805.73,35782.149,5.607983640340764
920058.BJ,20260604,23.1,23.9,22.49,23.4,23.26,0.14,0.6019,5341.25,12350.444,23.12275965363913
920060.BJ,20260604,30.07,30.45,29.2,29.38,30.9,-1.52,-4.9191,40807.04,121432.647,29.757769002603467
920061.BJ,20260604,23.11,23.35,22.22,22.34,23.62,-1.28,-5.4191,17956.48,40644.997,22.63528096820758
920062.BJ,20260604,11.11,11.31,10.72,10.86,11.19,-0.33,-2.9491,60977.3,66738.305,10.944778630736353
920066.BJ,20260604,24.81,24.84,24.09,24.84,25.0,-0.16,-0.64,9073.13,22137.428,24.398887704684054
920068.BJ,20260604,18.08,18.26,17.3,17.54,18.08,-0.54,-2.9867,11899.28,20887.736,17.553781405261496
920069.BJ,20260604,36.4,37.29,35.72,36.38,36.7,-0.32,-0.8719,7150.73,25969.626,36.317447309575385
920075.BJ,20260604,18.68,18.77,17.94,18.05,18.85,-0.8,-4.244,6052.13,10980.055,18.142463892877384
920076.BJ,20260604,13.92,13.97,13.5,13.68,14.04,-0.36,-2.5641,9481.38,12967.816,13.677139825637198
920077.BJ,20260604,16.73,17.36,16.58,17.32,17.25,0.07,0.4058,101023.86,170363.777,16.863716848673175
920078.BJ,20260604,33.2,36.07,32.33,35.56,33.98,1.58,4.6498,54761.81,188974.912,34.50852190605096
920080.BJ,20260604,22.13,22.49,21.78,21.89,22.23,-0.34,-1.5295,4123.24,9075.365,22.010275899535316
920082.BJ,20260604,9.19,9.19,8.88,8.95,9.2,-0.25,-2.7174,10892.72,9770.999,8.97021037904215
920086.BJ,20260604,26.84,26.88,25.66,26.03,27.0,-0.97,-3.5926,18770.1,48969.181,26.088929201229615
920087.BJ,20260604,11.69,12.15,11.58,11.64,11.83,-0.19,-1.6061,48594.13,57303.828,11.792335411705077
920088.BJ,20260604,40.0,40.89,38.0,38.38,43.87,-5.49,-12.5142,73910.41,290242.241,39.26946704801123
920089.BJ,20260604,15.94,16.16,15.77,15.87,16.09,-0.22,-1.3673,6367.0,10102.403,15.866817967645675
920090.BJ,20260604,4.29,4.38,4.06,4.12,4.37,-0.25,-5.7208,40454.77,16907.246,4.179296038514123
920091.BJ,20260604,39.02,41.2,37.95,39.38,39.6,-0.22,-0.5556,13445.52,52983.615,39.406147921389426
920092.BJ,20260604,30.39,30.5,28.48,28.68,29.85,-1.17,-3.9196,14014.93,40509.021,28.904190745155347
920096.BJ,20260604,53.0,65.4,53.0,63.6,53.0,10.6,20.0,59812.54,360087.619,60.202696457966844
920098.BJ,20260604,22.8,24.45,22.38,23.88,23.03,0.85,3.6908,15492.15,36580.099,23.612022217703807
920099.BJ,20260604,27.67,28.33,27.5,28.1,28.06,0.04,0.1426,7030.63,19611.279,27.894056435909725
920100.BJ,20260604,43.8,49.49,43.78,47.0,44.68,2.32,5.1925,56404.46,263941.58,46.79445206992497
920101.BJ,20260604,29.48,29.57,28.85,28.86,29.48,-0.62,-2.1031,4317.89,12547.899,29.060256282582458
920106.BJ,20260604,45.46,45.46,44.05,44.22,45.47,-1.25,-2.7491,3792.34,16817.449,44.34583660747718
920108.BJ,20260604,10.24,10.26,9.58,9.76,10.24,-0.48,-4.6875,12338.07,12212.24,9.898014843488488
920110.BJ,20260604,27.64,27.69,26.4,26.82,27.7,-0.88,-3.1769,1998.93,5383.026,26.929537302456815
920111.BJ,20260604,31.51,32.26,30.69,31.79,32.14,-0.35,-1.089,51085.87,159769.219,31.274639934682526
920112.BJ,20260604,28.29,28.29,27.36,27.38,28.19,-0.81,-2.8734,1517.5,4184.536,27.575196046128504
920116.BJ,20260604,56.24,56.88,55.0,55.15,56.81,-1.66,-2.922,23435.4,130112.454,55.519621598095185
920118.BJ,20260604,19.67,19.78,19.18,19.48,19.85,-0.37,-1.864,6921.53,13421.758,19.391316659755866
920119.BJ,20260604,55.07,55.58,52.55,53.2,55.12,-1.92,-3.4833,9084.37,48529.361,53.42072262578472
920121.BJ,20260604,33.38,33.43,32.35,32.7,33.19,-0.49,-1.4763,2716.63,8910.331,32.79920710586278
920122.BJ,20260604,21.94,22.19,21.34,21.64,22.21,-0.57,-2.5664,6000.18,12992.071,21.65280208260419
920123.BJ,20260604,11.02,11.11,10.52,10.68,11.13,-0.45,-4.0431,10311.08,11067.098,10.73320932433848
920124.BJ,20260604,15.47,15.47,14.85,14.87,15.4,-0.53,-3.4416,18623.22,27940.972,15.003298033315398
920125.BJ,20260604,184.0,202.0,180.0,191.1,191.06,0.04,0.0209,22939.54,438392.055,191.10760503480014
920128.BJ,20260604,28.8,38.85,28.8,35.58,31.8,3.78,11.8868,120148.62,403723.604,33.60201756790881
920130.BJ,20260604,16.74,17.18,16.16,16.16,17.0,-0.84,-4.9412,11214.48,18383.852,16.39295981623758
920132.BJ,20260604,12.07,12.07,11.51,11.57,11.95,-0.38,-3.1799,6048.09,7076.711,11.700736926864515
920139.BJ,20260604,18.12,18.47,17.8,17.81,18.44,-0.63,-3.4165,57702.25,104374.335,18.088434159846454
920145.BJ,20260604,12.29,12.5,12.02,12.33,12.39,-0.06,-0.4843,8978.54,11001.495,12.253100169960817
920146.BJ,20260604,5.81,5.84,5.64,5.72,5.86,-0.14,-2.3891,17107.82,9758.92,5.704362098736134
920149.BJ,20260604,8.79,8.85,8.49,8.6,8.83,-0.23,-2.6048,6295.01,5438.403,8.639228531805351
920152.BJ,20260604,19.6,22.69,19.26,22.12,19.96,2.16,10.8216,99258.74,210261.718,21.183194346412215
920156.BJ,20260604,55.3,60.5,54.68,59.6,56.61,2.99,5.2818,31657.99,182996.899,57.80433280824209
920158.BJ,20260604,9.83,9.83,9.41,9.45,9.96,-0.51,-5.1205,29617.71,28297.097,9.554113738030388
920159.BJ,20260604,34.55,35.28,33.95,34.15,34.93,-0.78,-2.233,8363.35,28656.189,34.264007843746825
920160.BJ,20260604,20.55,20.79,20.2,20.45,20.69,-0.24,-1.16,7468.3,15251.968,20.42227548438065
920161.BJ,20260604,41.45,57.21,41.45,57.21,44.01,13.2,29.9932,226644.45,1164008.385,51.3583449760186
920163.BJ,20260604,10.75,10.75,10.2,10.3,10.74,-0.44,-4.0968,5538.68,5726.968,10.339951035264718
920166.BJ,20260604,22.9,22.9,21.8,22.05,23.03,-0.98,-4.2553,5173.27,11426.882,22.08831551417188
920167.BJ,20260604,17.91,18.36,17.51,18.35,18.0,0.35,1.9444,25842.18,46424.437,17.964597800959517
920168.BJ,20260604,19.24,19.24,18.71,19.06,19.29,-0.23,-1.1923,6579.38,12467.761,18.94975058440157
920169.BJ,20260604,23.7,24.18,22.58,23.05,24.0,-0.95,-3.9583,16403.75,37694.704,22.97932119180065
920171.BJ,20260604,20.12,20.98,19.07,19.51,19.8,-0.29,-1.4646,46242.16,93286.248,20.17341923474163
920174.BJ,20260604,37.28,37.28,35.83,35.83,36.87,-1.04,-2.8207,10106.08,36615.235,36.23089763785761
920175.BJ,20260604,10.18,10.32,9.7,9.94,10.33,-0.39,-3.7754,26818.74,26708.924,9.959052513279893
920177.BJ,20260604,30.8,32.21,29.57,31.5,30.63,0.87,2.8404,16332.84,50248.773,30.76548414115365
920178.BJ,20260604,129.0,146.0,127.65,140.5,133.49,7.01,5.2513,33199.68,458367.586,138.06385663958207
920179.BJ,20260604,62.5,69.25,61.08,69.2,63.8,5.4,8.4639,70997.98,467624.526,65.86448318670476
920180.BJ,20260604,13.58,13.89,13.29,13.77,13.58,0.19,1.3991,9524.38,12959.303,13.606453123457907
920181.BJ,20260604,102.02,107.5,100.44,107.36,106.6,0.76,0.7129,15156.06,157753.48,104.08607514090076
920183.BJ,20260604,37.0,37.83,35.98,37.5,36.98,0.52,1.4062,6348.07,23412.037,36.8805589730422
920184.BJ,20260604,12.97,13.09,12.32,12.45,13.02,-0.57,-4.3779,16067.67,20085.55,12.5005990289818
920185.BJ,20260604,26.65,27.0,25.83,26.02,26.9,-0.88,-3.2714,62664.38,164020.288,26.17440530010829
920186.BJ,20260604,88.0,92.5,86.2,91.45,90.01,1.44,1.5998,97981.41,880694.224,89.88380795908122
920187.BJ,20260604,21.3,21.6,20.7,21.49,21.13,0.36,1.7037,10070.14,21280.015,21.131796578796322
920188.BJ,20260604,25.92,26.19,25.25,26.04,26.24,-0.2,-0.7622,13641.31,35007.24,25.662667295149806
920190.BJ,20260604,33.4,33.9,31.6,31.92,35.26,-3.34,-9.4725,179675.72,582702.798,32.4308035609931
920191.BJ,20260604,10.8,11.45,10.57,11.1,10.87,0.23,2.1159,44329.04,48608.039,10.965281224226826
920195.BJ,20260604,14.35,14.45,13.91,14.01,14.4,-0.39,-2.7083,8488.88,11955.798,14.084069983319356
920198.BJ,20260604,8.39,8.39,8.02,8.07,8.33,-0.26,-3.1212,21098.34,17111.32,8.11026839078335
920199.BJ,20260604,25.56,25.9,24.67,24.95,25.9,-0.95,-3.668,9435.22,23594.904,25.00726427152732
920200.BJ,20260604,45.2,48.48,45.2,47.15,46.38,0.77,1.6602,31044.05,146437.571,47.17089780489337
920204.BJ,20260604,14.92,14.94,14.41,14.66,15.15,-0.49,-3.2343,8933.02,13047.508,14.605931700589498
920207.BJ,20260604,25.36,25.6,24.02,24.25,25.43,-1.18,-4.6402,21684.05,53017.08,24.449805271616697
920208.BJ,20260604,20.79,21.07,20.0,20.06,20.96,-0.9,-4.2939,11438.99,23313.194,20.38046540822223
920212.BJ,20260604,11.23,11.3,10.76,10.9,11.38,-0.48,-4.2179,7951.53,8688.317,10.926597774264826
920218.BJ,20260604,27.0,33.8,26.24,31.34,28.4,2.94,10.3521,115809.0,340419.681,29.394924487734112
920220.BJ,20260604,68.54,76.2,68.54,73.68,69.8,3.88,5.5587,31425.48,230479.221,73.34151172869913
920221.BJ,20260604,14.88,15.06,14.57,14.6,15.02,-0.42,-2.7963,8644.57,12743.198,14.741274580459178
920223.BJ,20260604,16.21,17.25,15.9,16.25,16.31,-0.06,-0.3679,40321.12,66376.842,16.46205313741285
920225.BJ,20260604,23.59,24.5,23.27,23.74,24.17,-0.43,-1.7791,29251.1,69700.284,23.828260817541906
920227.BJ,20260604,64.31,66.18,64.21,64.44,65.82,-1.38,-2.0966,7385.27,47817.574,64.74722521993102
920230.BJ,20260604,10.6,10.7,10.2,10.35,10.6,-0.25,-2.3585,9500.81,9854.183,10.371939866179833
920237.BJ,20260604,16.8,16.8,16.0,16.1,17.0,-0.9,-5.2941,19455.56,31475.048,16.177919319721457
920239.BJ,20260604,26.91,27.11,26.2,26.38,27.26,-0.88,-3.2282,13947.39,36868.36,26.433877592868633
920242.BJ,20260604,23.34,23.56,22.78,22.92,23.33,-0.41,-1.7574,2110.6,4848.459,22.97194636596229
920245.BJ,20260604,21.2,21.48,20.56,20.81,21.26,-0.45,-2.1167,2392.93,4985.088,20.83256927699515
920247.BJ,20260604,16.89,17.12,16.21,16.38,17.07,-0.69,-4.0422,22702.69,37654.207,16.585790934906836
920249.BJ,20260604,9.37,9.43,9.06,9.18,9.56,-0.38,-3.9749,77420.3,71294.516,9.208762559690417
920252.BJ,20260604,20.4,20.4,19.35,19.35,20.4,-1.05,-5.1471,22096.69,43395.604,19.63896131049492
920260.BJ,20260604,8.3,8.43,8.05,8.21,8.3,-0.09,-1.0843,6178.32,5042.001,8.160796138756169
920261.BJ,20260604,14.35,14.41,13.93,14.25,14.34,-0.09,-0.6276,15490.14,21844.885,14.102445168345799
920262.BJ,20260604,14.42,14.46,13.7,13.93,14.47,-0.54,-3.7319,6210.48,8664.313,13.951116499851866
920263.BJ,20260604,8.26,8.26,7.44,7.72,8.2,-0.48,-5.8537,20129.84,15730.544,7.814540006279235
920266.BJ,20260604,7.13,7.22,6.92,6.99,7.13,-0.14,-1.9635,7088.33,4962.865,7.001458735696559
920267.BJ,20260604,16.16,16.35,15.68,15.83,16.38,-0.55,-3.3578,3362.57,5348.351,15.905545460763639
920270.BJ,20260604,15.73,16.09,15.16,15.17,15.81,-0.64,-4.0481,22906.15,35494.924,15.495805275002564
920271.BJ,20260604,10.78,10.93,10.45,10.9,10.93,-0.03,-0.2745,6749.74,7168.629,10.620600200896629
920273.BJ,20260604,24.7,25.99,23.12,23.61,24.9,-1.29,-5.1807,71490.31,172737.504,24.16236606051925
920274.BJ,20260604,19.67,19.67,18.8,18.88,19.67,-0.79,-4.0163,10506.3,19970.977,19.008572951467215
920275.BJ,20260604,6.26,6.28,6.01,6.11,6.33,-0.22,-3.4755,9049.92,5514.762,6.093713535589265
920278.BJ,20260604,6.61,6.61,6.33,6.35,6.65,-0.3,-4.5113,10021.33,6434.655,6.42095909425196
920284.BJ,20260604,28.02,28.02,26.1,26.21,28.25,-2.04,-7.2212,35747.43,95344.579,26.671729687980367
920299.BJ,20260604,24.36,25.39,23.5,23.59,24.99,-1.4,-5.6022,55794.02,135583.72,24.300761981301942
920300.BJ,20260604,10.22,10.28,9.92,10.07,10.32,-0.25,-2.4225,13748.89,13798.362,10.035982541136049
920304.BJ,20260604,9.68,9.74,9.44,9.46,9.8,-0.34,-3.4694,9114.51,8695.912,9.540734499166714
920339.BJ,20260604,10.79,12.48,10.25,11.85,10.06,1.79,17.7932,97818.23,112938.666,11.545768718162249
920344.BJ,20260604,19.23,19.23,18.0,18.65,19.11,-0.46,-2.4071,6294.48,11744.526,18.65845312082968
920346.BJ,20260604,17.68,18.29,17.41,17.65,18.03,-0.38,-2.1076,5642.19,10028.544,17.774204697112292
920351.BJ,20260604,13.76,13.82,13.1,13.34,13.87,-0.53,-3.8212,11229.79,15009.11,13.365441384033005
920357.BJ,20260604,18.7,18.9,18.26,18.73,18.97,-0.24,-1.2652,18565.98,34383.137,18.519430162049083
920363.BJ,20260604,13.21,13.69,12.6,13.29,14.05,-0.76,-5.4093,66002.19,86776.25,13.147480409362174
920367.BJ,20260604,16.12,16.27,15.53,15.59,16.25,-0.66,-4.0615,7081.42,11123.505,15.708014776697327
920368.BJ,20260604,33.22,35.52,32.73,35.38,33.73,1.65,4.8918,111458.46,387812.024,34.79431027487729
920370.BJ,20260604,3.0,3.0,2.86,2.89,3.01,-0.12,-3.9867,23259.76,6758.819,2.905799114006336
920371.BJ,20260604,10.18,10.67,9.3,9.3,9.84,-0.54,-5.4878,81400.53,80385.68,9.875326364582637
920374.BJ,20260604,18.14,18.66,17.62,17.69,18.49,-0.8,-4.3267,6068.81,10838.436,17.859244234042585
920375.BJ,20260604,9.34,9.54,8.98,9.07,9.45,-0.38,-4.0212,38832.15,35433.109,9.124683799377577
920378.BJ,20260604,7.88,7.89,7.53,7.62,7.85,-0.23,-2.9299,9993.38,7633.25,7.638306558942021
920392.BJ,20260604,16.67,16.67,15.69,15.78,16.51,-0.73,-4.4216,5360.59,8549.111,15.948078476436363
920394.BJ,20260604,45.87,45.96,44.18,45.3,45.26,0.04,0.0884,14408.33,64930.521,45.064570980814565
920395.BJ,20260604,8.17,8.17,7.81,7.9,8.2,-0.3,-3.6585,7431.5,5908.336,7.950394940456167
920396.BJ,20260604,24.62,24.76,23.8,24.0,25.0,-1.0,-4.0,15643.01,37750.102,24.132249483954812
920402.BJ,20260604,10.33,12.11,10.16,11.4,10.51,0.89,8.4681,265289.82,300638.796,11.332466356982714
920403.BJ,20260604,20.56,21.19,20.25,20.28,20.73,-0.45,-2.1708,15212.46,31383.139,20.629890892071366
920405.BJ,20260604,12.89,12.98,12.33,12.38,12.96,-0.58,-4.4753,14142.27,17815.552,12.59737793154847
920407.BJ,20260604,15.25,15.33,14.3,14.45,15.26,-0.81,-5.308,6903.14,10116.014,14.654221122561616
920414.BJ,20260604,9.93,10.22,9.78,9.81,10.05,-0.24,-2.3881,22119.22,22081.51,9.982951478397519
920415.BJ,20260604,10.59,10.7,10.13,10.28,10.63,-0.35,-3.2926,20190.71,20767.161,10.285503085329836
920418.BJ,20260604,21.77,22.0,21.05,21.12,21.88,-0.76,-3.4735,19931.9,42726.514,21.43624742247352
920419.BJ,20260604,11.08,11.11,10.64,10.68,11.06,-0.38,-3.4358,5947.54,6419.531,10.793590291111956
920422.BJ,20260604,10.13,10.25,9.71,9.77,10.25,-0.48,-4.6829,9876.03,9780.715,9.90348854752365
920425.BJ,20260604,23.47,23.65,22.95,23.29,23.75,-0.46,-1.9368,14380.9,33393.89,23.221001467223886
920427.BJ,20260604,14.4,14.56,13.88,14.18,14.78,-0.6,-4.0595,51180.91,72460.569,14.157733615912651
920429.BJ,20260604,11.53,11.63,10.93,11.01,11.49,-0.48,-4.1775,14181.64,15755.894,11.110064844404457
920433.BJ,20260604,4.7,4.77,4.54,4.57,4.71,-0.14,-2.9724,14923.17,6912.335,4.63194817186965
920436.BJ,20260604,12.68,12.69,12.06,12.19,12.62,-0.43,-3.4073,8251.96,10101.119,12.2408724715098
920438.BJ,20260604,69.0,84.88,68.0,82.93,71.39,11.54,16.1647,138952.84,1059202.377,76.22747235680826
920445.BJ,20260604,7.77,7.8,7.42,7.51,7.78,-0.27,-3.4704,16528.36,12456.627,7.536517234619769
920454.BJ,20260604,12.98,13.0,12.21,12.57,12.91,-0.34,-2.6336,7472.92,9329.353,12.484213667482054
920455.BJ,20260604,6.73,6.73,6.5,6.56,6.75,-0.19,-2.8148,5849.74,3855.643,6.5911356744060425
920469.BJ,20260604,6.6,6.87,6.41,6.79,6.67,0.12,1.7991,45622.81,30383.35,6.659684048395968
920471.BJ,20260604,12.44,12.44,11.7,11.77,12.25,-0.48,-3.9184,18608.19,22310.196,11.98944980677863
920475.BJ,20260604,13.01,13.26,12.56,12.63,13.17,-0.54,-4.1002,10927.16,13980.552,12.794314350663852
920476.BJ,20260604,19.85,20.18,19.41,20.01,19.91,0.1,0.5023,16271.14,32178.406,19.776368465884996
920478.BJ,20260604,9.56,9.67,9.18,9.25,9.67,-0.42,-4.3433,12238.04,11376.656,9.29614219270406
920489.BJ,20260604,15.65,16.14,15.51,15.54,15.84,-0.3,-1.8939,25615.59,40235.732,15.707517179967356
920491.BJ,20260604,26.81,27.47,26.56,27.32,27.1,0.22,0.8118,37943.5,102250.961,26.94821537285701
920493.BJ,20260604,139.0,140.46,135.08,137.99,140.74,-2.75,-1.954,14476.71,198240.833,136.93776624661268
920496.BJ,20260604,7.95,8.11,7.58,7.59,8.03,-0.44,-5.4795,25056.9,19378.362,7.73374280138405
920504.BJ,20260604,18.25,18.3,17.55,17.7,18.26,-0.56,-3.0668,2445.0,4348.78,17.786421267893658
920505.BJ,20260604,33.92,35.0,32.64,33.41,34.7,-1.29,-3.7176,12223.99,41054.97,33.585572304951164
920508.BJ,20260604,16.74,16.74,15.84,15.86,16.49,-0.63,-3.8205,5428.57,8750.524,16.119390557734356
920509.BJ,20260604,31.49,31.55,30.0,30.5,31.57,-1.07,-3.3893,25457.1,78345.051,30.77532436923295
920510.BJ,20260604,15.85,16.43,14.92,15.12,16.08,-0.96,-5.9701,32963.81,51292.632,15.560286265452932
920519.BJ,20260604,10.63,10.73,10.31,10.46,10.63,-0.17,-1.5992,5862.56,6104.743,10.413101102589994
920522.BJ,20260604,31.39,31.39,30.45,30.51,31.7,-1.19,-3.7539,48131.53,148245.4,30.800059752931187
920523.BJ,20260604,18.81,18.82,18.0,18.01,18.82,-0.81,-4.3039,13297.34,24236.301,18.22642799236539
920526.BJ,20260604,27.36,29.88,27.32,28.43,28.67,-0.24,-0.8371,53797.75,153798.232,28.588227574573285
920527.BJ,20260604,14.92,14.92,14.14,14.45,14.92,-0.47,-3.1501,5865.88,8447.657,14.401346430544093
920533.BJ,20260604,22.58,22.97,21.8,21.94,22.8,-0.86,-3.7719,18406.8,41109.338,22.333777734315582
920541.BJ,20260604,10.45,10.59,10.07,10.14,10.53,-0.39,-3.7037,9574.58,9759.552,10.193190719592922
920547.BJ,20260604,20.37,20.37,19.64,19.77,20.37,-0.6,-2.9455,2530.57,5022.457,19.84713720624207
920553.BJ,20260604,7.47,7.49,7.14,7.21,7.46,-0.25,-3.3512,9416.69,6812.385,7.234373224561921
920556.BJ,20260604,8.31,8.43,7.97,8.04,8.37,-0.33,-3.9427,28822.82,23430.904,8.129289222914343
920564.BJ,20260604,19.1,19.55,17.95,18.04,18.89,-0.85,-4.4997,11789.59,21629.165,18.34598573826571
920566.BJ,20260604,9.86,9.86,9.57,9.65,9.87,-0.22,-2.229,9622.58,9306.158,9.671167192166758
920570.BJ,20260604,26.55,26.75,25.75,25.83,26.88,-1.05,-3.9063,5487.59,14290.404,26.041311395348412
920571.BJ,20260604,9.82,9.83,9.33,9.43,9.83,-0.4,-4.0692,112088.54,106867.027,9.534161743921368
920575.BJ,20260604,4.39,4.59,4.16,4.23,4.47,-0.24,-5.3691,101569.25,43950.413,4.3271376917718705
920576.BJ,20260604,57.04,58.21,56.41,56.84,57.68,-0.84,-1.4563,17918.1,102250.543,57.06550527120622
920578.BJ,20260604,16.89,16.89,16.03,16.19,16.61,-0.42,-2.5286,5138.94,8360.142,16.26822262956952
920579.BJ,20260604,16.6,16.7,15.96,16.07,16.79,-0.72,-4.2883,16193.68,26271.125,16.22307282841207
920580.BJ,20260604,12.97,13.79,12.96,13.5,14.14,-0.64,-4.5262,61038.81,81817.903,13.40424280879657
920592.BJ,20260604,28.0,28.18,26.3,26.48,28.15,-1.67,-5.9325,17162.04,46307.134,26.982301637800635
920593.BJ,20260604,27.9,29.16,27.61,28.0,28.34,-0.34,-1.1997,30619.07,87089.676,28.442952708883716
920599.BJ,20260604,16.7,16.87,16.24,16.47,16.72,-0.25,-1.4952,26527.41,43801.074,16.51162853817994
920608.BJ,20260604,14.49,14.52,13.92,14.0,14.46,-0.46,-3.1812,2425.31,3425.195,14.122710086545638
920627.BJ,20260604,17.9,18.0,17.12,17.25,17.9,-0.65,-3.6313,7969.05,13828.766,17.353092275741776
920634.BJ,20260604,17.29,17.29,16.45,16.53,17.23,-0.7,-4.0627,6171.3,10283.199,16.66293811676632
920639.BJ,20260604,7.21,7.29,6.98,7.02,7.33,-0.31,-4.2292,18135.21,12870.645,7.097047676867266
920640.BJ,20260604,32.19,32.79,31.87,32.34,33.12,-0.78,-2.3551,42456.98,136705.251,32.198533904201376
920641.BJ,20260604,16.0,16.1,15.41,15.8,16.37,-0.57,-3.482,21755.83,34324.521,15.777159961260958
920642.BJ,20260604,11.16,11.16,10.5,10.64,11.2,-0.56,-5.0,18855.58,20197.852,10.711869908006012
920651.BJ,20260604,22.61,22.73,21.91,21.95,22.78,-0.83,-3.6435,5104.87,11297.171,22.1301835306286
920656.BJ,20260604,14.31,14.34,13.87,13.95,14.25,-0.3,-2.1053,3603.19,5037.784,13.98145532153453
920662.BJ,20260604,20.5,20.9,19.9,20.21,20.78,-0.57,-2.743,12647.79,25473.55,20.140712329980175
920663.BJ,20260604,14.45,14.68,14.02,14.12,14.61,-0.49,-3.3539,8750.26,12437.013,14.213306804597806
920665.BJ,20260604,13.25,13.54,13.0,13.3,13.41,-0.11,-0.8203,50189.29,66724.477,13.294564836442198
920670.BJ,20260604,14.39,14.39,13.82,13.91,14.4,-0.49,-3.4028,14514.0,20303.949,13.98921661843737
920675.BJ,20260604,8.15,8.19,7.86,7.96,8.24,-0.28,-3.3981,13226.11,10568.157,7.990374342871789
920679.BJ,20260604,16.17,16.34,15.53,15.7,16.2,-0.5,-3.0864,2469.48,3889.344,15.749647699110746
920682.BJ,20260604,6.68,6.7,6.33,6.35,6.67,-0.32,-4.7976,31669.07,20427.305,6.4502383555942755
920685.BJ,20260604,11.39,11.41,10.91,11.07,11.33,-0.26,-2.2948,3947.46,4365.203,11.058257715087677
920689.BJ,20260604,24.6,24.74,23.7,23.96,24.6,-0.64,-2.6016,7025.37,16847.644,23.981148323860523
920690.BJ,20260604,18.11,18.6,17.81,18.41,18.3,0.11,0.6011,9493.6,17201.851,18.119418344990308
920693.BJ,20260604,27.57,27.76,26.4,26.81,27.7,-0.89,-3.213,6371.46,17134.86,26.893145370134945
920694.BJ,20260604,15.61,15.63,15.06,15.15,15.63,-0.48,-3.071,5541.65,8466.49,15.277922640368844
920699.BJ,20260604,62.88,65.43,60.37,63.54,62.0,1.54,2.4839,12894.49,80248.592,62.23479331094134
920701.BJ,20260604,13.41,13.54,12.85,13.0,13.51,-0.51,-3.775,10588.43,13812.105,13.044525958994864
920703.BJ,20260604,10.15,10.24,9.97,10.0,10.25,-0.25,-2.439,5263.35,5281.974,10.035384308472741
920706.BJ,20260604,18.7,19.3,18.05,18.27,18.89,-0.62,-3.2822,17729.35,33198.39,18.725102725142207
920717.BJ,20260604,7.77,7.77,7.44,7.59,7.79,-0.2,-2.5674,10224.41,7692.861,7.52401458861685
920718.BJ,20260604,10.95,11.09,10.41,10.58,10.96,-0.38,-3.4672,9873.15,10496.952,10.631816593488399
920719.BJ,20260604,10.47,10.58,9.92,10.07,10.53,-0.46,-4.3685,22513.68,22696.512,10.081209291417483
920720.BJ,20260604,10.68,10.79,10.1,10.23,10.67,-0.44,-4.1237,16107.19,16618.911,10.317697251972566
920725.BJ,20260604,92.0,108.67,89.0,90.7,94.5,-3.8,-4.0212,106694.75,1035949.079,97.09466295201966
920726.BJ,20260604,18.77,19.45,17.64,17.81,19.08,-1.27,-6.6562,48625.95,88728.519,18.247153834526628
920729.BJ,20260604,7.2,7.25,6.99,7.05,7.24,-0.19,-2.6243,8507.65,6024.887,7.081728797023855
920735.BJ,20260604,24.8,24.95,23.94,24.46,24.73,-0.27,-1.0918,16534.08,40049.574,24.22243874470185
920748.BJ,20260604,27.26,27.26,26.03,26.25,27.21,-0.96,-3.5281,7640.31,20251.881,26.50662211350063
920751.BJ,20260604,22.78,22.98,22.2,22.68,23.06,-0.38,-1.6479,10926.24,24591.454,22.50678549986089
920753.BJ,20260604,15.88,15.99,15.29,15.56,15.88,-0.32,-2.0151,3954.17,6135.509,15.516553410703132
920765.BJ,20260604,13.27,13.49,13.0,13.22,13.18,0.04,0.3035,7510.92,9925.12,13.214253380411456
920768.BJ,20260604,7.86,7.87,7.55,7.68,7.88,-0.2,-2.5381,11193.19,8586.292,7.670996382621933
920770.BJ,20260604,12.36,14.5,12.35,13.32,12.06,1.26,10.4478,118424.46,162865.998,13.752733008028915
920779.BJ,20260604,27.93,28.11,27.08,27.21,28.05,-0.84,-2.9947,3648.85,9986.674,27.36937391232854
920781.BJ,20260604,6.37,6.37,6.09,6.17,6.35,-0.18,-2.8346,14245.09,8773.778,6.159159401590303
920786.BJ,20260604,7.8,8.23,7.39,8.02,7.82,0.2,2.5575,118607.02,93173.623,7.855658375027044
920790.BJ,20260604,19.16,19.38,18.25,18.29,19.41,-1.12,-5.7702,14453.28,26850.602,18.577514584924664
920792.BJ,20260604,10.39,10.42,10.05,10.09,10.49,-0.4,-3.8132,13982.06,14157.5,10.125475073057903
920799.BJ,20260604,29.8,30.3,28.88,28.91,30.01,-1.1,-3.6654,19755.29,57851.563,29.28408694582565
920802.BJ,20260604,12.05,12.1,11.58,11.83,12.0,-0.17,-1.4167,4484.01,5262.042,11.735125479202768
920806.BJ,20260604,10.56,10.6,10.17,10.27,10.52,-0.25,-2.3764,14840.38,15286.165,10.30038651301382
920807.BJ,20260604,13.41,13.99,13.11,13.3,13.87,-0.57,-4.1096,99549.21,134010.934,13.461777747909803
920808.BJ,20260604,74.0,74.44,73.03,73.4,75.42,-2.02,-2.6783,20615.81,151560.577,73.5166733686428
920809.BJ,20260604,7.74,7.97,7.63,7.86,7.85,0.01,0.1274,158947.83,123925.731,7.796629309126146
920810.BJ,20260604,9.37,9.5,8.94,9.01,9.37,-0.36,-3.842,5705.1,5195.769,9.107235631277279
920819.BJ,20260604,3.0,3.04,2.91,2.93,3.02,-0.09,-2.9801,37561.59,11090.925,2.952730435532681
920821.BJ,20260604,22.09,22.8,21.8,22.59,22.79,-0.2,-0.8776,26093.93,58289.07,22.338172134285635
920826.BJ,20260604,10.68,10.97,10.0,10.18,10.82,-0.64,-5.915,66814.33,69334.278,10.377156816509274
920832.BJ,20260604,7.11,7.14,6.87,6.95,7.18,-0.23,-3.2033,20856.38,14528.82,6.9661273912347195
920833.BJ,20260604,14.15,14.15,13.69,13.83,14.15,-0.32,-2.2615,8901.57,12274.123,13.788717046543475
920834.BJ,20260604,10.57,10.57,10.22,10.28,10.54,-0.26,-2.4668,6113.28,6293.727,10.295172149811558
920837.BJ,20260604,11.31,11.32,10.81,10.89,11.32,-0.43,-3.7986,8524.86,9308.436,10.919165827943214
920839.BJ,20260604,27.46,27.56,26.2,26.5,27.5,-1.0,-3.6364,8102.73,21637.53,26.703999763042823
920855.BJ,20260604,13.81,13.99,13.17,13.34,13.97,-0.63,-4.5097,2786.01,3730.286,13.389348925524317
920856.BJ,20260604,10.29,10.29,9.89,10.05,10.28,-0.23,-2.2374,8533.22,8533.323,10.000120704728111
920857.BJ,20260604,18.32,18.96,17.35,18.8,18.23,0.57,3.1267,34545.87,62222.595,18.0115872027539
920866.BJ,20260604,6.65,6.69,6.45,6.5,6.69,-0.19,-2.8401,9508.64,6202.915,6.523451303235794
920870.BJ,20260604,13.89,13.89,13.36,13.42,14.03,-0.61,-4.3478,9086.26,12258.152,13.490866429091836
920871.BJ,20260604,12.71,12.71,12.13,12.31,12.71,-0.4,-3.1471,3673.3,4541.305,12.363011461084039
920873.BJ,20260604,8.3,8.35,8.05,8.12,8.37,-0.25,-2.9869,32178.0,26182.939,8.136906892908197
920876.BJ,20260604,22.45,23.77,21.7,23.04,23.41,-0.37,-1.5805,45052.37,102042.908,22.649842394528854
920879.BJ,20260604,16.9,17.3,16.29,16.32,17.25,-0.93,-5.3913,13388.95,22336.823,16.683028168751097
920885.BJ,20260604,14.65,14.73,14.12,14.21,14.87,-0.66,-4.4385,20490.92,29442.453,14.36853640539322
920892.BJ,20260604,12.57,12.61,11.92,12.1,12.69,-0.59,-4.6493,13932.51,17015.2,12.212587681616593
920895.BJ,20260604,13.86,13.86,13.1,13.38,13.86,-0.48,-3.4632,6479.41,8668.128,13.377958795631084
920896.BJ,20260604,14.85,15.01,14.38,14.4,14.88,-0.48,-3.2258,4274.9,6248.676,14.617127886032424
920906.BJ,20260604,20.6,20.63,19.88,20.11,20.62,-0.51,-2.4733,4944.4,9964.999,20.15411172235256
920914.BJ,20260604,21.49,21.87,20.71,21.06,21.66,-0.6,-2.7701,13906.53,29242.47,21.027869641096665
920924.BJ,20260604,17.51,17.51,16.62,16.8,17.56,-0.76,-4.328,11743.53,19937.686,16.977591916570233
920925.BJ,20260604,12.77,12.93,12.27,12.47,12.8,-0.33,-2.5781,17157.4,21426.795,12.488369449916652
920926.BJ,20260604,12.05,12.16,11.56,11.58,12.05,-0.47,-3.9004,6067.3,7133.895,11.757940105153859
920931.BJ,20260604,10.36,10.4,9.88,10.3,10.4,-0.1,-0.9615,6023.07,6130.815,10.178887178797524
920932.BJ,20260604,17.38,18.0,16.8,17.26,17.78,-0.52,-2.9246,53984.93,93443.691,17.30921777614605
920942.BJ,20260604,21.71,22.53,21.06,21.26,21.69,-0.43,-1.9825,12196.8,26663.082,21.860719205037388
920943.BJ,20260604,15.18,15.18,14.32,14.34,15.0,-0.66,-4.4,6107.86,8893.275,14.560377939245496
920946.BJ,20260604,9.25,9.29,8.95,9.01,9.29,-0.28,-3.014,21822.8,19785.809,9.066576699598585
920950.BJ,20260604,13.8,13.8,13.17,13.47,13.76,-0.29,-2.1076,3075.01,4140.791,13.465943200184714
920953.BJ,20260604,26.5,26.96,25.45,25.6,26.8,-1.2,-4.4776,12646.35,32632.641,25.80399957299932
920957.BJ,20260604,10.24,10.29,9.74,9.84,10.33,-0.49,-4.7435,7752.26,7657.325,9.877538937032554
920961.BJ,20260604,17.57,17.71,16.76,16.89,17.8,-0.91,-5.1124,23902.31,40768.508,17.0563045998483
920964.BJ,20260604,4.94,5.02,4.83,4.85,5.0,-0.15,-3.0,14618.3,7142.242,4.885822564867325
920970.BJ,20260604,6.16,6.32,5.95,6.03,6.15,-0.12,-1.9512,16673.07,10135.198,6.078783331444059
920971.BJ,20260604,39.5,42.99,38.16,41.11,40.48,0.63,1.5563,105545.86,436027.588,41.31167134362257
920974.BJ,20260604,7.63,7.65,7.22,7.28,7.68,-0.4,-5.2083,29310.67,21579.996,7.36250519008948
920976.BJ,20260604,22.84,22.84,20.94,21.15,22.28,-1.13,-5.0718,10571.2,22647.767,21.424026600575147
920978.BJ,20260604,22.92,23.04,22.15,22.21,22.92,-0.71,-3.0977,19948.33,44806.641,22.461349396164994
920981.BJ,20260604,40.02,42.63,39.28,41.82,43.87,-2.05,-4.6729,84780.03,349387.716,41.211086620280746
920982.BJ,20260604,156.09,156.75,151.01,152.95,156.09,-3.14,-2.0117,5676.01,87064.931,153.39108105870145
920985.BJ,20260604,5.53,5.85,5.53,5.6,5.53,0.07,1.2658,48524.59,27545.032,5.676509992150372
920992.BJ,20260604,12.97,12.97,12.61,12.69,12.96,-0.27,-2.0833,5136.37,6563.51,12.778499212478852
