ts_code,trade_date,open,high,low,close,pre_close,change,pct_chg,vol,amount,vwap
000001.SZ,20260603,11.03,11.06,10.92,10.99,11.08,-0.09,-0.8123,825271.72,906870.26835,10.988747661800407
000002.SZ,20260603,3.37,3.38,3.26,3.28,3.39,-0.11,-3.2448,2114604.39,697163.39389,3.296897505684266
000006.SZ,20260603,8.73,8.75,8.38,8.49,8.85,-0.36,-4.0678,377181.4,322376.98093,8.547001016752152
000007.SZ,20260603,12.08,12.49,11.82,11.99,12.1,-0.11,-0.9091,81150.47,97831.7468,12.05559829782871
000008.SZ,20260603,2.58,2.66,2.57,2.61,2.58,0.03,1.1628,336367.93,87849.71838,2.6117150460806418
000009.SZ,20260603,7.35,7.35,7.2,7.21,7.34,-0.13,-1.7711,181986.93,131879.88984,7.2466681997437945
000010.SZ,20260603,2.35,2.4,2.2,2.2,2.32,-0.12,-5.1724,809847.01,185082.37379,2.2853992359618642
000011.SZ,20260603,7.44,7.44,7.23,7.31,7.44,-0.13,-1.7473,43367.0,31598.552,7.286312634030484
000012.SZ,20260603,4.11,4.24,4.08,4.11,4.1,0.01,0.2439,507188.25,211091.22347,4.161989625548305
000014.SZ,20260603,10.93,10.93,10.67,10.77,10.94,-0.17,-1.5539,62021.19,66827.11143,10.77488378246209
000016.SZ,20260603,3.38,3.45,3.31,3.34,3.37,-0.03,-0.8902,284825.81,95991.27926,3.37017488899619
000017.SZ,20260603,5.51,5.54,5.34,5.37,5.47,-0.1,-1.8282,74764.0,40307.781,5.391335535819378
000019.SZ,20260603,6.58,6.58,6.45,6.54,6.56,-0.02,-0.3049,80268.0,52170.779,6.499573802760752
000020.SZ,20260603,12.52,12.7,12.32,12.43,12.59,-0.16,-1.2708,32755.0,40959.313,12.504751335673943
000021.SZ,20260603,37.35,39.79,37.31,38.3,37.18,1.12,3.0124,1880732.21,7290738.60127,38.76542637226382
000025.SZ,20260603,14.92,15.47,14.86,15.12,15.07,0.05,0.3318,92386.67,140132.6225,15.16805644147581
000026.SZ,20260603,22.17,22.99,21.9,22.38,22.39,-0.01,-0.0447,125079.0,280605.065,22.434226768682194
000027.SZ,20260603,7.9,8.03,7.78,7.96,8.02,-0.06,-0.7481,918161.55,725609.62869,7.902853573970724
000028.SZ,20260603,23.39,23.43,23.05,23.14,23.39,-0.25,-1.0688,22664.33,52490.35283,23.159896114290603
000029.SZ,20260603,23.61,23.85,23.25,23.46,23.5,-0.04,-0.1702,49618.42,116705.94678,23.520689852679713
000030.SZ,20260603,4.68,4.68,4.59,4.6,4.67,-0.07,-1.4989,102655.97,47472.24223,4.624401506312784
000031.SZ,20260603,2.76,2.78,2.61,2.67,2.76,-0.09,-3.2609,490933.0,130610.143,2.6604474133944955
000032.SZ,20260603,15.97,16.28,15.81,15.94,16.02,-0.08,-0.4994,165299.5,264919.78381,16.026653668643885
000034.SZ,20260603,25.73,26.8,25.35,25.58,26.05,-0.47,-1.8042,490826.03,1275812.38216,25.993168743719643
000035.SZ,20260603,5.8,5.92,5.75,5.91,5.81,0.1,1.7212,315066.51,184332.67484,5.850595635823051
000036.SZ,20260603,5.1,5.19,5.03,5.06,5.11,-0.05,-0.9785,227373.5,115617.9234,5.084933969877756
000037.SZ,20260603,11.73,12.3,11.4,11.88,12.01,-0.13,-1.0824,831527.11,973802.894,11.711017984729326
000039.SZ,20260603,10.44,10.72,10.35,10.56,10.48,0.08,0.7634,276128.0,291616.78808,10.560927833468536
000042.SZ,20260603,9.77,9.92,9.72,9.9,9.77,0.13,1.3306,41711.0,40987.11014,9.826451089640623
001914.SZ,20260603,9.94,9.96,9.64,9.76,9.94,-0.18,-1.8109,56517.78,55111.81454,9.751234839726543
000045.SZ,20260603,11.25,11.48,11.19,11.29,11.25,0.04,0.3556,62052.0,70557.829,11.370758235028687
000048.SZ,20260603,13.89,14.41,13.5,14.39,13.96,0.43,3.0802,193060.54,270027.447,13.986672108137686
000049.SZ,20260603,25.3,25.67,24.91,25.26,25.37,-0.11,-0.4336,66554.17,168412.29131,25.304543849018025
000050.SZ,20260603,7.87,8.22,7.87,8.0,7.94,0.06,0.7557,481792.86,389361.92052,8.081521185681332
000055.SZ,20260603,4.43,4.44,3.91,3.93,4.19,-0.26,-6.2053,1119949.54,464564.52229,4.148084406463527
000056.SZ,20260603,1.64,1.72,1.62,1.67,1.64,0.03,1.8293,693997.12,115936.8394,1.670566578143725
000058.SZ,20260603,7.17,7.52,7.05,7.23,7.13,0.1,1.4025,158582.86,115377.1265,7.275510512296223
000059.SZ,20260603,4.75,4.96,4.66,4.86,4.79,0.07,1.4614,519076.83,252208.43373,4.858788124486312
000060.SZ,20260603,7.78,8.44,7.72,8.17,7.84,0.33,4.2092,4121981.18,3358100.30987,8.146811358973745
000061.SZ,20260603,6.34,6.37,6.23,6.32,6.34,-0.02,-0.3155,138912.23,87496.81069,6.298711833364131
000062.SZ,20260603,35.63,36.6,32.72,32.84,33.52,-0.68,-2.0286,1337210.5,4679192.14608,34.99218818637754
000063.SZ,20260603,36.8,38.3,36.0,36.44,36.3,0.14,0.3857,2432700.52,9078990.2498,37.32062444661294
000065.SZ,20260603,11.75,12.6,11.74,12.18,11.85,0.33,2.7848,290295.9,357203.13394,12.30479431297514
000066.SZ,20260603,18.22,18.65,17.83,18.04,18.09,-0.05,-0.2764,1874224.62,3421658.71869,18.25639617672934
000068.SZ,20260603,3.25,3.32,3.19,3.22,3.25,-0.03,-0.9231,187929.92,60871.09256,3.239031473008662
000069.SZ,20260603,2.0,2.0,1.93,1.96,2.0,-0.04,-2.0,428794.72,83884.54602,1.956286822281767
000070.SZ,20260603,18.2,18.76,17.76,18.06,17.74,0.32,1.8038,806482.54,1484081.40002,18.401903654603608
000078.SZ,20260603,1.94,1.94,1.76,1.78,1.85,-0.07,-3.7838,2373884.33,430916.68497,1.8152387608961553
000088.SZ,20260603,4.49,4.49,4.42,4.44,4.48,-0.04,-0.8929,235104.16,104429.53364,4.44184116691087
000089.SZ,20260603,6.77,6.8,6.61,6.62,6.82,-0.2,-2.9326,166815.83,111542.85245,6.686586785558662
000090.SZ,20260603,3.68,3.69,3.53,3.59,3.7,-0.11,-2.973,633355.38,227063.18262,3.5850833479933493
000096.SZ,20260603,8.35,8.38,8.18,8.33,8.35,-0.02,-0.2395,51386.31,42461.14268,8.263123520641976
000099.SZ,20260603,15.72,15.86,15.39,15.45,15.67,-0.22,-1.404,94714.0,147680.057,15.592209916168676
000100.SZ,20260603,4.66,4.87,4.66,4.74,4.43,0.31,6.9977,23853333.49,11497207.5589,4.819958419530738
000151.SZ,20260603,13.6,14.1,13.5,13.86,13.57,0.29,2.1371,228132.84,314997.37398,13.807629536370126
000153.SZ,20260603,5.72,5.72,5.59,5.64,5.71,-0.07,-1.2259,53672.74,30259.64252,5.637804688189946
000155.SZ,20260603,13.83,14.08,13.53,14.0,14.02,-0.02,-0.1427,374024.2,519622.27912,13.892744884421917
000156.SZ,20260603,6.96,6.99,6.81,6.83,6.96,-0.13,-1.8678,88065.74,60453.35068,6.864570794499655
000157.SZ,20260603,7.14,7.33,7.08,7.25,7.12,0.13,1.8258,721190.37,521762.89805,7.234745772465043
000158.SZ,20260603,15.49,15.5,15.14,15.2,15.42,-0.22,-1.4267,193275.82,295723.16998,15.300577691508437
000159.SZ,20260603,6.73,6.9,6.73,6.86,6.71,0.15,2.2355,237768.04,162730.62951,6.844091809395408
000166.SZ,20260603,4.46,4.46,4.38,4.41,4.46,-0.05,-1.1211,968885.12,428153.19249,4.419029497428962
000301.SZ,20260603,12.13,12.18,11.64,11.88,12.16,-0.28,-2.3026,212582.66,251614.78726,11.836091770608196
000333.SZ,20260603,82.3,82.7,81.56,82.61,82.6,0.01,0.0121,230326.26,1895269.95217,82.28631646995005
000338.SZ,20260603,32.75,33.26,31.81,32.27,32.22,0.05,0.1552,974382.9,3172603.55094,32.560131658098676
000400.SZ,20260603,26.38,26.39,25.74,25.91,26.54,-0.63,-2.3738,272002.81,706217.17767,25.963598599220354
000401.SZ,20260603,4.05,4.06,3.97,4.0,4.06,-0.06,-1.4778,85225.0,34097.9628,4.000934326782048
000402.SZ,20260603,3.04,3.05,2.91,2.98,3.05,-0.07,-2.2951,905986.18,267908.51853,2.957092772982475
000403.SZ,20260603,12.38,12.97,11.89,12.96,12.39,0.57,4.6005,291267.58,360807.04366,12.387476960532304
000404.SZ,20260603,8.26,8.28,8.03,8.08,8.25,-0.17,-2.0606,159826.84,129448.74809,8.099312236292727
000407.SZ,20260603,4.29,4.3,4.21,4.27,4.3,-0.03,-0.6977,132661.3,56227.3375,4.238412973489631
000408.SZ,20260603,78.56,81.2,78.5,79.9,79.24,0.66,0.8329,120584.47,966541.7179,80.15474280394483
000409.SZ,20260603,9.7,9.71,9.57,9.62,9.66,-0.04,-0.4141,64630.46,62160.49926,9.617833334313262
000410.SZ,20260603,5.28,5.34,5.21,5.27,5.3,-0.03,-0.566,179667.62,94703.56927,5.271042677027725
000411.SZ,20260603,12.07,12.08,11.7,11.81,12.07,-0.26,-2.1541,147617.6,174976.4622,11.85336045295412
000415.SZ,20260603,3.99,4.0,3.89,3.94,4.02,-0.08,-1.99,591363.01,233738.89199,3.95254501951348
000417.SZ,20260603,7.56,7.93,7.53,7.79,7.68,0.11,1.4323,603339.56,467292.39407,7.745097869431932
000419.SZ,20260603,5.2,5.2,5.04,5.1,5.21,-0.11,-2.1113,62411.4,31804.5566,5.095953079084911
000420.SZ,20260603,4.42,4.6,4.41,4.5,4.36,0.14,3.211,1087163.2,490541.37917,4.512122735298619
000421.SZ,20260603,5.92,5.94,5.78,5.87,5.93,-0.06,-1.0118,74093.0,43276.93099,5.8408933354028045
000422.SZ,20260603,13.92,13.98,13.63,13.73,14.06,-0.33,-2.3471,263933.5,362977.25814,13.75260276319603
000423.SZ,20260603,50.38,50.38,49.03,49.32,50.37,-1.05,-2.0846,44086.84,217823.21825,49.407763915490435
000425.SZ,20260603,9.6,9.65,9.31,9.37,9.67,-0.3,-3.1024,1130248.63,1067476.65149,9.444617964190765
000426.SZ,20260603,41.97,43.15,41.6,42.08,42.97,-0.89,-2.0712,775915.55,3285197.03524,42.33962104819268
000428.SZ,20260603,3.64,3.64,3.5,3.55,3.63,-0.08,-2.2039,136678.83,48547.94398,3.5519724583536454
000429.SZ,20260603,14.06,14.17,13.68,13.8,14.07,-0.27,-1.919,80690.08,111668.28883,13.839159513784098
000430.SZ,20260603,8.16,8.53,8.07,8.3,8.16,0.14,1.7157,208531.0,172752.84784,8.284276574705919
000488.SZ,20260603,2.27,2.28,2.22,2.22,2.28,-0.06,-2.6316,153611.5,34391.191,2.2388422090793982
000498.SZ,20260603,5.31,5.32,5.21,5.23,5.31,-0.08,-1.5066,69799.88,36627.65004,5.247523353908345
000501.SZ,20260603,7.63,7.63,7.38,7.43,7.64,-0.21,-2.7487,99252.63,73955.27102,7.451215249409512
000503.SZ,20260603,7.14,7.2,6.99,7.03,7.16,-0.13,-1.8156,101960.64,71902.19592,7.051956119537892
000504.SZ,20260603,9.65,9.66,9.44,9.44,9.63,-0.19,-1.973,33344.0,31680.519,9.50111534309021
000505.SZ,20260603,5.94,5.97,5.81,5.89,5.93,-0.04,-0.6745,78643.01,46110.92386,5.863321337776873
000506.SZ,20260603,14.03,14.37,13.78,14.18,14.46,-0.28,-1.9364,262429.87,372397.4942,14.190362331848887
000507.SZ,20260603,5.27,5.31,5.19,5.29,5.27,0.02,0.3795,160307.16,84357.35948,5.262232796089706
000509.SZ,20260603,4.77,5.23,4.64,4.89,5.15,-0.26,-5.0485,1871802.66,928716.33614,4.961614576079297
000510.SZ,20260603,19.56,20.08,18.81,19.18,19.58,-0.4,-2.0429,719170.11,1400959.59711,19.480225577089126
000513.SZ,20260603,30.92,30.94,30.55,30.57,30.93,-0.36,-1.1639,32703.0,100289.04303,30.666618668012113
000514.SZ,20260603,4.5,4.51,4.39,4.47,4.5,-0.03,-0.6667,102475.43,45605.80158,4.450413292239906
000516.SZ,20260603,4.23,4.25,4.17,4.19,4.24,-0.05,-1.1792,165967.51,69555.77169,4.190926988661817
000517.SZ,20260603,1.92,1.93,1.84,1.87,1.92,-0.05,-2.6042,221830.0,41414.375,1.866942027678853
000518.SZ,20260603,3.53,3.93,3.53,3.93,3.57,0.36,10.084,1953752.72,748153.47788,3.82931509305845
000519.SZ,20260603,19.33,20.53,19.03,20.22,19.43,0.79,4.0659,1175023.27,2358087.4817,20.06843219113439
000520.SZ,20260603,3.85,4.05,3.73,3.8,3.8,0.0,0.0,204187.02,78089.2985,3.8244007136202884
000521.SZ,20260603,5.65,5.68,5.53,5.58,5.67,-0.09,-1.5873,105813.33,59140.73843,5.589157663783948
000523.SZ,20260603,3.23,3.24,3.16,3.18,3.24,-0.06,-1.8519,201557.6,64306.3178,3.190468521157227
000524.SZ,20260603,9.24,9.3,9.06,9.23,9.27,-0.04,-0.4315,62662.57,57655.91926,9.201014139700941
000525.SZ,20260603,4.93,4.94,4.74,4.78,4.92,-0.14,-2.8455,235140.1,113231.34327,4.815484184535092
000526.SZ,20260603,28.91,28.91,27.5,27.71,28.89,-1.18,-4.0845,28196.75,78850.21484,27.964291927261122
000528.SZ,20260603,8.97,9.0,8.85,8.87,8.98,-0.11,-1.2249,233372.98,208174.587,8.920252335981655
000529.SZ,20260603,5.13,5.14,5.0,5.04,5.12,-0.08,-1.5625,35540.01,17913.32104,5.040325267212924
000530.SZ,20260603,6.15,6.38,6.13,6.32,6.25,0.07,1.12,599020.04,374784.0955,6.256620321083081
000531.SZ,20260603,7.77,7.88,7.55,7.88,7.79,0.09,1.1553,474056.39,365833.87203,7.717096103904433
000532.SZ,20260603,12.26,12.34,11.85,11.93,12.38,-0.45,-3.6349,104992.25,126938.259,12.090250375622965
000533.SZ,20260603,12.17,12.17,11.7,11.82,12.18,-0.36,-2.9557,455948.92,541009.18098,11.865565576512386
000534.SZ,20260603,31.21,31.57,30.3,30.84,31.39,-0.55,-1.7522,226045.09,698052.03309,30.881096912567312
000536.SZ,20260603,3.75,3.89,3.71,3.75,3.83,-0.08,-2.0888,801232.19,303923.81498,3.7932052502783247
000537.SZ,20260603,10.77,11.12,10.63,11.06,10.89,0.17,1.5611,723379.48,791104.73879,10.936234171171126
000538.SZ,20260603,49.46,49.46,48.74,49.15,49.46,-0.31,-0.6268,88439.24,433204.77809,48.98332211923123
000539.SZ,20260603,8.99,9.82,8.36,9.4,9.13,0.27,2.9573,4636021.2,4124812.85715,8.897312327109288
000541.SZ,20260603,5.02,5.06,4.98,5.03,5.03,0.0,0.0,73140.97,36772.842,5.027666709916479
000543.SZ,20260603,9.4,9.78,9.21,9.62,9.55,0.07,0.733,1059059.76,1005974.95112,9.498755302722483
000544.SZ,20260603,8.09,8.12,7.96,8.05,8.1,-0.05,-0.6173,41080.5,32932.1595,8.016494322123636
000545.SZ,20260603,2.52,2.53,2.46,2.49,2.53,-0.04,-1.581,287810.71,71591.62679,2.4874552719042313
000546.SZ,20260603,5.36,5.46,5.3,5.37,5.42,-0.05,-0.9225,207271.58,111760.02846,5.391961042608929
000547.SZ,20260603,20.0,20.96,19.86,20.15,20.03,0.12,0.5991,974197.22,1979933.47017,20.323743791529196
000548.SZ,20260603,4.83,4.85,4.68,4.75,4.84,-0.09,-1.8595,83566.3,39709.08876,4.751806500945955
000550.SZ,20260603,16.96,17.77,16.86,17.46,17.02,0.44,2.5852,74526.76,130250.29899,17.476983970589895
000551.SZ,20260603,15.42,15.6,15.09,15.32,15.45,-0.13,-0.8414,129783.64,199500.31348,15.37176130057687
000552.SZ,20260603,2.83,2.92,2.81,2.9,2.86,0.04,1.3986,1340598.45,383339.88518,2.8594683604176923
000553.SZ,20260603,6.26,6.29,6.14,6.27,6.26,0.01,0.1597,82387.65,51166.72122,6.210484365071707
000554.SZ,20260603,6.88,7.07,6.82,7.04,6.85,0.19,2.7737,187732.47,130354.03971,6.943606490129278
000555.SZ,20260603,12.82,13.18,12.73,12.94,12.88,0.06,0.4658,178637.97,232007.40893,12.987575313915624
000557.SZ,20260603,4.23,4.25,4.14,4.18,4.22,-0.04,-0.9479,75660.32,31618.15148,4.178960844997747
000558.SZ,20260603,3.7,3.71,3.61,3.64,3.73,-0.09,-2.4129,290882.32,105965.11078,3.642885919639255
000559.SZ,20260603,14.86,15.08,14.64,14.7,14.93,-0.23,-1.5405,612344.03,910255.17848,14.865094356843816
000560.SZ,20260603,2.71,2.72,2.66,2.68,2.72,-0.04,-1.4706,718077.82,192422.35759,2.679686688971956
000561.SZ,20260603,8.14,8.24,8.01,8.08,8.15,-0.07,-0.8589,99226.1,80731.7945,8.13614507674896
000563.SZ,20260603,3.0,3.01,2.96,2.97,3.0,-0.03,-1.0,269980.0,80473.883,2.9807349803689167
000564.SZ,20260603,1.68,1.68,1.64,1.66,1.69,-0.03,-1.7751,2488731.45,411611.63324,1.653901361032746
000565.SZ,20260603,6.79,6.84,6.69,6.81,6.79,0.02,0.2946,90592.45,61350.5481,6.77214802116512
000566.SZ,20260603,4.11,4.12,4.04,4.08,4.08,0.0,0.0,151725.0,61808.335,4.073708024386225
000567.SZ,20260603,6.17,6.21,6.03,6.08,6.18,-0.1,-1.6181,224752.29,137359.6203,6.111600478019601
000568.SZ,20260603,88.13,88.53,86.36,87.55,88.5,-0.95,-1.0734,119047.58,1036929.40526,87.10209861132836
000570.SZ,20260603,5.56,5.63,5.5,5.6,5.56,0.04,0.7194,118528.15,65968.1852,5.565613333203969
000571.SZ,20260603,5.53,5.87,5.44,5.81,5.6,0.21,3.75,221860.9,124620.2715,5.61704525222786
000572.SZ,20260603,4.49,4.53,4.41,4.47,4.52,-0.05,-1.1062,276159.47,123779.84828,4.482187349215293
000573.SZ,20260603,4.27,4.37,4.17,4.22,4.28,-0.06,-1.4019,250874.67,106776.72209,4.256177879177678
000576.SZ,20260603,7.54,7.6,7.42,7.49,7.53,-0.04,-0.5312,48246.0,36188.725,7.500875720266965
000581.SZ,20260603,19.24,19.3,19.0,19.0,19.25,-0.25,-1.2987,82616.91,157934.64446,19.116503444633793
000582.SZ,20260603,14.06,15.46,13.99,14.91,14.05,0.86,6.121,1525113.55,2250426.7342,14.755797915506028
000586.SZ,20260603,16.72,17.2,16.41,16.55,16.74,-0.19,-1.135,231426.95,388358.73735,16.781050666311767
000589.SZ,20260603,4.76,4.77,4.68,4.69,4.76,-0.07,-1.4706,257181.25,121148.9747,4.71064569053926
000590.SZ,20260603,10.08,10.18,9.92,9.96,10.11,-0.15,-1.4837,33238.0,33344.693,10.032099705156748
000591.SZ,20260603,5.63,5.76,5.5,5.56,5.69,-0.13,-2.2847,1746997.36,975107.0563,5.581617228660265
000592.SZ,20260603,8.42,8.54,8.13,8.22,8.37,-0.15,-1.7921,1147494.85,949939.13087,8.2783738059478
000593.SZ,20260603,20.76,20.95,20.29,20.71,20.76,-0.05,-0.2408,110689.42,228242.75783,20.620106043558636
000595.SZ,20260603,7.62,7.73,7.32,7.32,7.7,-0.38,-4.9351,282320.0,210587.947,7.4591933621422495
000596.SZ,20260603,92.58,92.58,89.05,90.49,93.05,-2.56,-2.7512,46295.54,417074.81152,90.08963099253188
000597.SZ,20260603,4.6,4.6,4.47,4.5,4.59,-0.09,-1.9608,107843.93,48710.83524,4.5167897015622485
000598.SZ,20260603,7.14,7.14,7.0,7.08,7.17,-0.09,-1.2552,284807.24,201353.38099,7.06981258587387
000599.SZ,20260603,5.11,5.18,5.09,5.16,5.13,0.03,0.5848,117041.0,60110.97,5.135889987269419
000600.SZ,20260603,11.66,12.74,11.3,12.45,11.58,0.87,7.513,1328642.0,1586832.39691,11.943265355980015
000601.SZ,20260603,8.77,9.89,8.65,9.3,8.99,0.31,3.4483,3192424.19,2942586.04433,9.217403042952133
000603.SZ,20260603,31.23,32.06,30.82,31.26,31.77,-0.51,-1.6053,145409.55,457390.46307,31.455324844207276
000605.SZ,20260603,6.48,6.48,6.19,6.28,6.39,-0.11,-1.7214,57790.94,36282.70294,6.278268347945197
000607.SZ,20260603,3.58,3.61,3.53,3.56,3.6,-0.04,-1.1111,128410.05,45713.59568,3.5599702422045625
000608.SZ,20260603,4.75,4.77,4.56,4.64,4.82,-0.18,-3.7344,428547.6,199199.39192,4.648244253847181
000609.SZ,20260603,12.75,12.79,12.14,12.35,12.78,-0.43,-3.3646,177735.93,219114.07551,12.328068697758523
000610.SZ,20260603,7.61,7.7,7.51,7.6,7.63,-0.03,-0.3932,26859.55,20374.541,7.585585387692646
000612.SZ,20260603,12.1,12.37,11.94,12.1,12.22,-0.12,-0.982,452490.36,549142.29246,12.13599981356509
000615.SZ,20260603,3.73,3.73,3.56,3.65,3.74,-0.09,-2.4064,138871.8,50491.8474,3.6358603690598095
000617.SZ,20260603,7.75,7.78,7.64,7.67,7.79,-0.12,-1.5404,715535.62,550815.85391,7.697951555647222
000619.SZ,20260603,5.6,5.61,5.45,5.5,5.61,-0.11,-1.9608,75838.0,41793.52,5.510894274638044
000620.SZ,20260603,3.08,3.08,2.86,2.87,2.84,0.03,1.0563,2703263.0,794052.571,2.937385563298873
000623.SZ,20260603,17.32,17.45,17.09,17.25,17.33,-0.08,-0.4616,104261.36,180265.20926,17.289742744579584
000625.SZ,20260603,8.38,8.38,8.14,8.16,8.46,-0.3,-3.5461,1289080.78,1059645.94781,8.220167147399405
000626.SZ,20260603,8.24,8.4,7.9,8.02,7.95,0.07,0.8805,216736.16,175797.93092,8.111149100362395
000628.SZ,20260603,53.28,55.86,52.6,54.19,53.76,0.43,0.7999,105672.84,572806.49342,54.20564957088311
000629.SZ,20260603,3.41,3.51,3.4,3.44,3.43,0.01,0.2915,1068096.49,369194.74102,3.4565673090078217
000630.SZ,20260603,6.95,7.3,6.91,7.07,7.08,-0.01,-0.1412,6519553.24,4645585.80873,7.125619866446553
000631.SZ,20260603,3.42,3.42,3.32,3.37,3.41,-0.04,-1.173,273648.84,91997.51136,3.3618820149210205
000632.SZ,20260603,4.28,4.43,4.09,4.12,4.3,-0.18,-4.186,387430.0,163764.61295,4.226947137547429
000633.SZ,20260603,5.67,5.68,5.49,5.59,5.69,-0.1,-1.7575,80047.2,44562.06034,5.566973028413237
000635.SZ,20260603,7.11,7.15,6.97,7.06,7.12,-0.06,-0.8427,57114.1,40244.04835,7.0462544888215
000636.SZ,20260603,59.09,61.67,56.8,60.54,59.91,0.63,1.0516,2024524.13,12094500.3741,59.73996651795897
000637.SZ,20260603,4.28,4.36,4.22,4.35,4.28,0.07,1.6355,89951.52,38666.52502,4.298596068193178
000639.SZ,20260603,1.61,1.64,1.54,1.55,1.62,-0.07,-4.321,596627.62,94335.40286,1.581143743563196
000650.SZ,20260603,5.38,5.4,5.26,5.33,5.38,-0.05,-0.9294,133128.75,70853.963,5.322213496333436
000651.SZ,20260603,39.52,39.68,39.33,39.5,39.52,-0.02,-0.0506,298355.48,1178242.32562,39.4912245493195
000652.SZ,20260603,3.73,3.74,3.66,3.68,3.75,-0.07,-1.8667,150151.45,55328.44155,3.6848423075501433
000655.SZ,20260603,7.34,7.4,7.21,7.35,7.35,0.0,0.0,72964.6,53267.13118,7.300407482532625
000656.SZ,20260603,1.46,1.47,1.44,1.44,1.46,-0.02,-1.3699,545714.68,79111.90792,1.4496936003260896
000657.SZ,20260603,65.89,73.16,65.11,71.71,66.51,5.2,7.8184,1227030.61,8723599.98032,71.09521074066765
000659.SZ,20260603,3.9,3.94,3.85,3.87,3.91,-0.04,-1.023,168654.91,65589.83526,3.8889964875614953
000661.SZ,20260603,71.42,71.62,69.12,69.65,71.66,-2.01,-2.8049,87675.24,612216.62657,69.82776740274676
000663.SZ,20260603,5.98,6.02,5.81,5.87,5.98,-0.11,-1.8395,73237.22,43114.60036,5.886979374694997
000665.SZ,20260603,4.29,4.29,4.18,4.2,4.3,-0.1,-2.3256,132737.11,55955.73531,4.215530631185206
000668.SZ,20260603,19.08,20.18,17.88,19.66,19.27,0.39,2.0239,90237.02,170842.12288,18.93259804900472
000669.SZ,20260603,4.32,4.4,4.15,4.2,4.37,-0.17,-3.8902,124511.53,52671.18731,4.230225691548405
000670.SZ,20260603,8.61,8.95,8.56,8.79,8.7,0.09,1.0345,804404.37,708014.0439,8.801718020253919
000672.SZ,20260603,16.08,16.56,15.92,16.38,16.11,0.27,1.676,210673.33,341829.18752,16.225555817625327
000676.SZ,20260603,5.92,5.92,5.71,5.78,5.93,-0.15,-2.5295,222096.9,128974.9338,5.807146961528954
000677.SZ,20260603,2.28,2.32,2.12,2.13,2.21,-0.08,-3.6199,945886.3,210470.51379,2.225114305916049
000678.SZ,20260603,12.02,12.24,11.79,11.92,12.16,-0.24,-1.9737,145696.12,175028.07958,12.013228600734184
000679.SZ,20260603,6.48,6.49,6.22,6.35,6.49,-0.14,-2.1572,67536.0,42743.068,6.328930940535418
000680.SZ,20260603,11.0,11.01,10.73,10.82,10.99,-0.17,-1.5469,115533.5,125430.86486,10.85666623619989
000681.SZ,20260603,22.65,23.47,22.5,22.91,23.19,-0.28,-1.2074,977484.93,2248669.20245,23.00464317593111
000682.SZ,20260603,13.53,13.7,13.24,13.49,13.66,-0.17,-1.2445,304660.01,410870.17976,13.486186774562242
000683.SZ,20260603,7.25,7.38,7.13,7.26,7.26,0.0,0.0,321408.46,232595.27469,7.2367502302210704
000685.SZ,20260603,11.3,11.35,11.09,11.25,11.34,-0.09,-0.7937,205087.58,230018.5729,11.215626655695095
000686.SZ,20260603,7.93,8.02,7.84,7.93,7.93,0.0,0.0,251102.02,199136.0198,7.9304825903033365
000688.SZ,20260603,38.69,40.27,38.2,39.43,38.72,0.71,1.8337,209868.69,826902.73539,39.40095758876658
000690.SZ,20260603,5.84,5.92,5.7,5.81,5.89,-0.08,-1.3582,1743831.75,1012629.56321,5.806922389215589
000691.SZ,20260603,8.61,9.19,8.4,8.96,8.71,0.25,2.8703,196344.03,171716.33889,8.745686787115453
000692.SZ,20260603,5.26,5.28,5.09,5.2,5.28,-0.08,-1.5152,379980.18,196820.67128,5.179761514929542
000695.SZ,20260603,14.69,14.77,14.26,14.54,14.78,-0.24,-1.6238,119242.02,173606.25607,14.5591508823819
000697.SZ,20260603,12.0,12.13,11.45,11.59,11.9,-0.31,-2.605,179734.25,210551.21975,11.714585269641152
000698.SZ,20260603,3.54,3.55,3.47,3.49,3.52,-0.03,-0.8523,29222.55,10240.27995,3.504239003783037
000700.SZ,20260603,15.04,16.58,15.04,16.58,15.07,1.51,10.0199,1480884.29,2389154.94107,16.133299253718196
000701.SZ,20260603,5.72,5.82,5.56,5.63,5.73,-0.1,-1.7452,133916.0,76281.352,5.696208966815019
000702.SZ,20260603,6.04,6.08,5.82,5.9,6.04,-0.14,-2.3179,67450.2,39861.04251,5.909699676205556
000703.SZ,20260603,13.17,13.6,12.96,13.5,13.16,0.34,2.5836,496573.53,660855.54662,13.308311996009936
000705.SZ,20260603,7.01,7.04,6.86,6.88,7.02,-0.14,-1.9943,54803.33,37860.72199,6.9084710710097355
000707.SZ,20260603,4.96,4.99,4.9,4.97,4.96,0.01,0.2016,69354.21,34290.13651,4.944204037505437
000708.SZ,20260603,13.96,13.96,13.56,13.7,13.94,-0.24,-1.7217,177878.39,243761.43234,13.703824975029287
000709.SZ,20260603,2.24,2.24,2.2,2.21,2.24,-0.03,-1.3393,834163.05,184870.83331,2.216243374841405
000710.SZ,20260603,8.72,8.72,8.47,8.55,8.72,-0.17,-1.9495,56939.0,48875.337,8.583806705421592
000711.SZ,20260603,6.2,6.46,6.17,6.3,6.16,0.14,2.2727,1010115.61,638379.11217,6.319861863831607
000712.SZ,20260603,10.08,10.56,9.89,9.89,10.99,-1.1,-10.0091,461438.03,458886.15206,9.944697277335376
000713.SZ,20260603,5.98,6.07,5.92,5.96,5.95,0.01,0.1681,43159.07,25769.97989,5.970930302715049
000715.SZ,20260603,5.15,5.22,5.07,5.13,5.19,-0.06,-1.1561,93489.32,48021.71204,5.136598708815081
000716.SZ,20260603,5.95,5.97,5.47,5.63,6.06,-0.43,-7.0957,617267.45,352644.96551,5.713001155495888
000717.SZ,20260603,2.25,2.25,2.2,2.21,2.26,-0.05,-2.2124,156921.99,34818.12573,2.218817498427085
000718.SZ,20260603,2.08,2.08,1.98,2.03,2.07,-0.04,-1.9324,383714.31,77423.1336,2.017728596048451
000719.SZ,20260603,13.15,13.58,12.9,13.53,13.16,0.37,2.8116,61339.2,81562.99752,13.297042921981376
000720.SZ,20260603,5.36,5.55,5.25,5.49,5.41,0.08,1.4787,1703785.38,921527.37862,5.408705752716343
000721.SZ,20260603,6.55,6.55,6.37,6.42,6.54,-0.12,-1.8349,70752.0,45377.057,6.413537002487563
000722.SZ,20260603,15.92,17.4,15.38,16.65,16.08,0.57,3.5448,793064.2,1266954.48849,15.975434126140103
000723.SZ,20260603,4.33,4.45,4.23,4.42,4.38,0.04,0.9132,1080998.21,470573.72402,4.353140640445649
000725.SZ,20260603,5.58,5.92,5.53,5.59,5.47,0.12,2.1938,36797583.81,20984987.698,5.702816740999495
000726.SZ,20260603,6.09,6.09,5.96,6.0,6.1,-0.1,-1.6393,52689.0,31646.6,6.00630112547211
000727.SZ,20260603,2.98,3.07,2.89,2.92,2.98,-0.06,-2.0134,2372028.0,702521.345,2.961690776837373
000728.SZ,20260603,7.16,7.21,7.11,7.12,7.18,-0.06,-0.8357,303833.52,217256.61376,7.150514984653437
000729.SZ,20260603,12.51,12.56,11.98,12.12,12.59,-0.47,-3.7331,498734.59,606221.51442,12.155192893679182
000731.SZ,20260603,6.08,6.09,5.99,6.08,6.08,0.0,0.0,46800.0,28267.7012,6.0401070940170944
000733.SZ,20260603,54.6,57.16,52.93,53.92,54.1,-0.18,-0.3327,624260.13,3428535.3947,54.92158204465181
000735.SZ,20260603,5.43,5.45,5.34,5.38,5.43,-0.05,-0.9208,152362.0,82116.401,5.389559142043292
000736.SZ,20260603,5.5,5.56,5.3,5.38,5.37,0.01,0.1862,330138.56,179752.92185,5.4447720935718635
000737.SZ,20260603,15.1,15.27,14.72,14.9,15.1,-0.2,-1.3245,900452.27,1357037.43483,15.070620398680319
000738.SZ,20260603,18.76,18.99,18.55,18.69,18.75,-0.06,-0.32,136466.03,256268.09185,18.778892582278534
000739.SZ,20260603,16.4,16.7,16.04,16.45,16.45,0.0,0.0,86018.93,140619.77946,16.34753878710186
000750.SZ,20260603,3.71,3.72,3.66,3.67,3.71,-0.04,-1.0782,451818.55,166504.91625,3.685216471302473
000751.SZ,20260603,5.38,5.61,5.31,5.53,5.39,0.14,2.5974,809609.03,445118.57643,5.49794480960767
000752.SZ,20260603,9.1,9.2,9.1,9.12,9.2,-0.08,-0.8696,20826.21,19010.91006,9.128357996966322
000753.SZ,20260603,5.39,5.39,5.27,5.32,5.39,-0.07,-1.2987,128969.0,68553.066,5.315468523443618
000755.SZ,20260603,5.33,5.45,5.23,5.41,5.35,0.06,1.1215,123701.12,66180.99868,5.350072713973812
000756.SZ,20260603,13.48,13.53,13.12,13.15,13.45,-0.3,-2.2305,34097.2,45021.6686,13.203919559377312
000757.SZ,20260603,4.02,4.09,3.96,4.01,4.02,-0.01,-0.2488,118388.0,47596.581,4.020388975233976
000758.SZ,20260603,6.8,7.27,6.77,7.05,6.85,0.2,2.9197,663424.6,467463.9364,7.046225545450079
000759.SZ,20260603,5.83,5.85,5.62,5.75,5.86,-0.11,-1.8771,703146.53,401512.07925,5.710219166551244
000761.SZ,20260603,2.57,2.57,2.49,2.53,2.55,-0.02,-0.7843,155379.7,39150.3331,2.5196555985112603
000762.SZ,20260603,28.79,29.7,28.6,29.31,29.13,0.18,0.6179,179160.03,525941.75041,29.355975794935958
000766.SZ,20260603,24.03,24.13,23.18,23.45,24.13,-0.68,-2.8181,159563.43,376755.99418,23.61167556876911
000767.SZ,20260603,5.92,6.35,5.51,6.07,6.11,-0.04,-0.6547,7805361.45,4547253.36506,5.825807548041224
000768.SZ,20260603,22.06,22.1,21.77,21.89,22.14,-0.25,-1.1292,177389.84,389122.14843,21.935988466419495
000776.SZ,20260603,18.99,19.43,18.76,19.28,18.99,0.29,1.5271,821457.53,1574117.23183,19.16249074775661
000777.SZ,20260603,17.31,17.6,17.18,17.4,17.31,0.09,0.5199,58245.0,101139.834,17.364552150399177
000778.SZ,20260603,4.34,4.35,4.26,4.28,4.36,-0.08,-1.8349,556809.69,239148.5975,4.294979088815786
000779.SZ,20260603,7.45,7.47,7.32,7.42,7.45,-0.03,-0.4027,56309.5,41594.7445,7.386807643470462
000782.SZ,20260603,7.43,7.56,7.33,7.45,7.43,0.02,0.2692,170385.0,127024.87999,7.455168001291193
000783.SZ,20260603,7.8,8.03,7.78,7.87,7.84,0.03,0.3827,730332.35,577556.57166,7.908133491005842
000785.SZ,20260603,2.43,2.44,2.33,2.35,2.43,-0.08,-3.2922,536967.58,126806.25585,2.3615253615497607
000786.SZ,20260603,22.61,22.66,22.04,22.55,22.55,0.0,0.0,108592.85,242716.74874,22.351080088606203
000788.SZ,20260603,5.34,5.34,5.19,5.24,5.39,-0.15,-2.7829,150972.14,79261.17568,5.250053134306766
000789.SZ,20260603,4.57,4.58,4.49,4.52,4.6,-0.08,-1.7391,36173.0,16332.6,4.515135598374479
000790.SZ,20260603,3.87,3.88,3.72,3.78,3.86,-0.08,-2.0725,156999.34,59239.53774,3.7732348263374864
000791.SZ,20260603,9.74,10.91,9.7,10.45,10.08,0.37,3.6706,1443790.48,1458809.23701,10.104023105970334
000792.SZ,20260603,29.98,30.6,29.7,30.24,30.35,-0.11,-0.3624,600818.24,1817643.69722,30.25280486191631
000793.SZ,20260603,2.55,2.56,2.49,2.5,2.56,-0.06,-2.3438,231449.25,58143.61025,2.5121537550888586
000795.SZ,20260603,8.82,9.12,8.76,9.05,8.83,0.22,2.4915,185065.14,166351.27286,8.988795667298552
000796.SZ,20260603,4.55,4.59,4.45,4.56,4.55,0.01,0.2198,346076.52,157096.10864,4.539346056762244
000797.SZ,20260603,2.59,2.6,2.5,2.53,2.6,-0.07,-2.6923,223800.34,56609.80092,2.5294778783624725
000798.SZ,20260603,8.42,8.42,8.16,8.21,8.33,-0.12,-1.4406,54219.64,44620.91416,8.229658876377638
000799.SZ,20260603,44.82,46.87,43.7,46.29,45.7,0.59,1.291,272948.06,1227694.07414,44.97903645624006
000800.SZ,20260603,6.14,6.16,6.07,6.12,6.14,-0.02,-0.3257,114422.31,69937.69487,6.112242872041302
000801.SZ,20260603,13.07,13.2,12.88,13.04,12.8,0.24,1.875,175207.11,228623.34422,13.048748091330314
000802.SZ,20260603,5.01,5.1,4.77,4.93,5.3,-0.37,-6.9811,753069.6,366039.1994,4.860629075984477
000803.SZ,20260603,7.81,7.93,7.68,7.76,7.89,-0.13,-1.6477,143235.0,111316.661,7.771610360596223
000807.SZ,20260603,30.28,30.86,29.89,30.49,30.29,0.2,0.6603,640205.28,1948531.80042,30.436047019481
000809.SZ,20260603,4.12,4.15,3.97,4.03,4.12,-0.09,-2.1845,397214.53,160183.63206,4.0326730258331684
000810.SZ,20260603,11.45,11.53,11.22,11.29,11.39,-0.1,-0.878,111024.0,126324.572,11.378131935437384
000811.SZ,20260603,31.63,33.21,31.0,31.76,31.01,0.75,2.4186,341428.65,1103572.21676,32.322191379077296
000812.SZ,20260603,3.71,3.74,3.65,3.69,3.72,-0.03,-0.8065,109073.5,40207.321,3.686259357222424
000813.SZ,20260603,3.26,3.26,3.15,3.17,3.26,-0.09,-2.7607,355296.49,113079.66684,3.182684603498335
000815.SZ,20260603,15.94,16.49,15.72,16.12,16.07,0.05,0.3111,439450.73,713448.55547,16.235006720093516
000816.SZ,20260603,2.81,2.84,2.68,2.7,2.79,-0.09,-3.2258,414803.01,112786.5857,2.719039712368529
000818.SZ,20260603,14.08,14.29,13.87,14.03,14.14,-0.11,-0.7779,167983.46,237057.12297,14.111932387271937
000819.SZ,20260603,14.83,14.84,14.51,14.69,14.84,-0.15,-1.0108,44362.11,64873.36793,14.623598365812626
000820.SZ,20260603,3.52,3.52,3.52,3.52,3.71,-0.19,-5.1213,9151.0,3221.152,3.5199999999999996
000821.SZ,20260603,8.99,9.07,8.78,8.8,9.06,-0.26,-2.8698,114456.82,101641.45936,8.880332282514924
000822.SZ,20260603,4.89,4.9,4.82,4.88,4.92,-0.04,-0.813,98514.01,47881.12786,4.860336906395345
000823.SZ,20260603,16.06,17.84,16.05,16.98,16.22,0.76,4.6856,1003541.75,1714092.932,17.08043469043515
000825.SZ,20260603,3.87,3.95,3.84,3.9,3.87,0.03,0.7752,266488.62,103521.0194,3.8846318991032343
000826.SZ,20260603,2.31,2.33,2.22,2.24,2.31,-0.07,-3.0303,328947.6,74341.6678,2.2599851100904824
000828.SZ,20260603,10.13,10.13,9.97,10.07,10.11,-0.04,-0.3956,54326.0,54601.601,10.050730957552554
000829.SZ,20260603,8.6,9.38,8.5,9.01,8.55,0.46,5.3801,523090.41,472441.97658,9.031746091082038
000830.SZ,20260603,13.2,13.22,12.83,13.04,13.22,-0.18,-1.3616,368050.48,478229.2873,12.993578687901726
000831.SZ,20260603,49.8,53.37,49.2,52.97,49.93,3.04,6.0885,591565.07,3098328.53583,52.37510956875801
000833.SZ,20260603,23.16,23.16,22.28,22.84,23.24,-0.4,-1.7212,334555.23,757767.1973,22.649988084179707
000837.SZ,20260603,11.36,11.82,11.25,11.43,11.35,0.08,0.7048,184383.01,213412.71843,11.574424261215825
000838.SZ,20260603,1.92,1.93,1.82,1.82,1.92,-0.1,-5.2083,262556.0,48585.017,1.8504630250308505
000839.SZ,20260603,2.95,2.97,2.92,2.94,2.96,-0.02,-0.6757,478744.14,140728.22255,2.9395288796641985
000848.SZ,20260603,8.17,8.19,7.95,8.05,8.17,-0.12,-1.4688,134043.43,107587.09815,8.026286566227082
000850.SZ,20260603,4.04,4.04,3.94,3.97,4.04,-0.07,-1.7327,78599.5,31257.621,3.976821862734496
000852.SZ,20260603,5.77,5.89,5.75,5.87,5.81,0.06,1.0327,94115.25,54931.70809,5.83664263655465
000856.SZ,20260603,8.94,8.94,8.66,8.75,8.95,-0.2,-2.2346,66077.5,57964.1215,8.772142030191821
000858.SZ,20260603,82.6,82.97,81.62,82.35,82.71,-0.36,-0.4353,211543.63,1737250.4966,82.12256245201048
000859.SZ,20260603,10.29,10.52,9.9,10.06,10.32,-0.26,-2.5194,644770.65,659626.04387,10.230398109312201
000860.SZ,20260603,11.14,11.22,10.95,11.05,11.22,-0.17,-1.5152,99803.25,110224.73306,11.044202774959732
000862.SZ,20260603,7.02,7.46,7.0,7.43,7.16,0.27,3.7709,749321.02,550006.77155,7.340068633734576
000863.SZ,20260603,4.95,4.95,4.81,4.87,4.94,-0.07,-1.417,202576.77,98461.32722,4.8604451152024994
000868.SZ,20260603,3.87,3.88,3.78,3.84,3.86,-0.02,-0.5181,108368.0,41456.834,3.825560497563857
000869.SZ,20260603,18.4,18.4,17.89,18.08,18.34,-0.26,-1.4177,9111.05,16395.02015,17.994655006832364
000875.SZ,20260603,6.87,6.94,6.7,6.79,6.94,-0.15,-2.1614,857681.72,581840.23329,6.783871216119658
000876.SZ,20260603,7.8,7.82,7.6,7.6,7.8,-0.2,-2.5641,269664.64,205729.9158,7.629102421437233
000877.SZ,20260603,4.32,4.33,4.27,4.3,4.33,-0.03,-0.6928,80379.02,34544.6316,4.297717439202419
000878.SZ,20260603,18.88,19.17,18.58,18.84,19.0,-0.16,-0.8421,688116.72,1304138.60476,18.952287698517193
000880.SZ,20260603,28.1,28.59,27.6,27.96,28.21,-0.25,-0.8862,187348.01,526973.07023,28.128031369535226
000881.SZ,20260603,7.33,8.09,7.29,8.09,7.35,0.74,10.068,493346.94,389820.469,7.90154833026835
000882.SZ,20260603,1.52,1.53,1.45,1.48,1.53,-0.05,-3.268,879638.0,130032.1,1.4782455964840082
000883.SZ,20260603,5.24,5.36,5.18,5.31,5.32,-0.01,-0.188,872109.52,458037.4241,5.252063113586926
000885.SZ,20260603,13.35,13.38,13.1,13.2,13.38,-0.18,-1.3453,44864.3,59235.47658,13.203254387118488
000886.SZ,20260603,4.72,4.72,4.62,4.66,4.72,-0.06,-1.2712,113580.0,53032.537,4.669179168867758
000887.SZ,20260603,20.74,21.94,20.39,20.63,20.81,-0.18,-0.865,707730.68,1492090.83097,21.082749033431757
000888.SZ,20260603,10.31,10.33,10.14,10.21,10.34,-0.13,-1.2573,62963.13,64255.4816,10.20525529782271
000889.SZ,20260603,3.88,4.16,3.84,3.95,3.91,0.04,1.023,918004.2,364976.3712,3.975759274303974
000890.SZ,20260603,11.17,11.97,10.96,11.21,11.16,0.05,0.448,679700.04,776043.11465,11.417435176993662
000892.SZ,20260603,4.01,4.03,3.91,3.97,4.07,-0.1,-2.457,532929.98,211457.72533,3.9678331725679983
000893.SZ,20260603,46.71,46.8,45.22,45.62,46.7,-1.08,-2.3126,88017.67,402423.60441,45.72077452288842
000895.SZ,20260603,24.89,24.89,24.42,24.63,24.93,-0.3,-1.2034,94223.39,231784.31115,24.599445121853503
000897.SZ,20260603,1.96,1.97,1.9,1.92,1.96,-0.04,-2.0408,301067.81,57813.5391,1.920282978774782
000898.SZ,20260603,2.06,2.07,2.02,2.04,2.06,-0.02,-0.9709,392507.07,80102.50408,2.040791369184764
000899.SZ,20260603,14.1,15.77,13.88,15.01,14.35,0.66,4.5993,762192.17,1121300.73921,14.71152267557406
000900.SZ,20260603,3.86,3.87,3.78,3.84,3.86,-0.02,-0.5181,122999.0,46957.3865,3.81770473743689
000901.SZ,20260603,18.58,19.25,18.43,18.81,18.61,0.2,1.0747,200429.55,377651.74775,18.842119225932503
000902.SZ,20260603,13.0,13.06,12.69,12.85,13.02,-0.17,-1.3057,111551.55,143578.19091,12.871017113612496
000903.SZ,20260603,1.91,1.99,1.86,1.89,1.91,-0.02,-1.0471,455014.83,87015.92956,1.912375681469547
000905.SZ,20260603,9.15,9.2,9.02,9.12,9.16,-0.04,-0.4367,74983.02,68320.82918,9.111506735791648
000906.SZ,20260603,6.32,6.33,6.12,6.16,6.34,-0.18,-2.8391,104898.89,64779.32785,6.175406417551224
000908.SZ,20260603,7.33,7.34,7.15,7.16,7.33,-0.17,-2.3192,92165.66,66245.38356,7.187642725067015
000909.SZ,20260603,4.89,4.96,4.78,4.84,4.88,-0.04,-0.8197,59000.0,28753.059,4.8733998305084745
000910.SZ,20260603,6.25,6.26,6.08,6.1,6.23,-0.13,-2.0867,53422.0,32706.015,6.12219965557261
000911.SZ,20260603,5.94,6.12,5.86,5.9,5.94,-0.04,-0.6734,77121.15,45933.3021,5.9559928891101865
000912.SZ,20260603,3.82,3.82,3.73,3.79,3.82,-0.03,-0.7853,198039.01,74633.58177,3.76863032035961
000913.SZ,20260603,11.96,12.02,11.58,11.65,12.0,-0.35,-2.9167,46520.0,54617.444,11.740637145313844
000915.SZ,20260603,27.73,27.73,27.28,27.48,27.8,-0.32,-1.1511,17587.65,48258.1725,27.438670032664966
000917.SZ,20260603,8.02,8.08,7.72,7.75,8.21,-0.46,-5.6029,479547.0,375260.94681,7.825321539077504
000919.SZ,20260603,6.34,6.34,6.22,6.27,6.35,-0.08,-1.2598,77568.0,48612.735,6.2671120823019795
000920.SZ,20260603,12.28,12.63,12.15,12.33,12.28,0.05,0.4072,166030.0,205104.45,12.353457206528942
000921.SZ,20260603,26.3,27.0,26.0,26.55,26.66,-0.11,-0.4126,175793.53,468909.2997,26.673865625202474
000922.SZ,20260603,12.9,13.27,12.75,12.98,12.94,0.04,0.3091,146869.79,191203.42151,13.018567093341657
000923.SZ,20260603,16.08,16.1,15.64,15.73,16.15,-0.42,-2.6006,140769.0,223357.10014,15.866923835503554
000925.SZ,20260603,7.8,8.07,7.76,7.95,7.8,0.15,1.9231,403108.64,320135.72112,7.941673518086835
000926.SZ,20260603,2.41,2.43,2.29,2.32,2.39,-0.07,-2.9289,887264.34,206046.12104,2.3222630703269336
000927.SZ,20260603,2.69,2.7,2.64,2.65,2.7,-0.05,-1.8519,498345.0,132716.504,2.6631450902487233
000928.SZ,20260603,6.01,6.09,5.98,6.02,6.01,0.01,0.1664,127163.6,76760.16451,6.036331506028455
000929.SZ,20260603,10.55,10.55,10.02,10.04,10.54,-0.5,-4.7438,28796.0,29419.02946,10.216359723572719
000930.SZ,20260603,5.18,5.19,5.06,5.14,5.17,-0.03,-0.5803,133985.01,68611.00212,5.120796880188314
000931.SZ,20260603,4.22,4.24,4.14,4.2,4.22,-0.02,-0.4739,51114.0,21352.28456,4.17738477912118
000932.SZ,20260603,4.02,4.02,3.9,3.94,4.02,-0.08,-1.99,1054631.65,415265.95282,3.9375449505995768
000933.SZ,20260603,30.64,30.99,29.99,30.72,30.88,-0.16,-0.5181,520407.18,1586367.79181,30.48320339873097
000935.SZ,20260603,27.97,28.28,26.96,27.17,28.07,-0.9,-3.2063,81263.0,223869.99598,27.54882246286748
000936.SZ,20260603,6.35,6.69,6.32,6.44,6.33,0.11,1.7378,251989.4,164080.1247,6.511389951323348
000937.SZ,20260603,5.56,5.73,5.49,5.68,5.59,0.09,1.61,474225.46,266124.83522,5.611778735371989
000938.SZ,20260603,28.67,29.88,27.87,28.22,28.21,0.01,0.0354,2165743.82,6266226.23241,28.93336771663973
000948.SZ,20260603,13.29,13.29,13.03,13.1,13.33,-0.23,-1.7254,44016.24,57856.83207,13.144428526834641
000949.SZ,20260603,6.7,6.73,6.5,6.63,6.7,-0.07,-1.0448,561726.6,371221.44647,6.608578736880184
000950.SZ,20260603,5.67,5.7,5.51,5.56,5.7,-0.14,-2.4561,310573.0,173043.764,5.57175813737833
000951.SZ,20260603,22.7,23.39,22.1,22.77,22.73,0.04,0.176,150350.66,343646.05092,22.856304782433277
000952.SZ,20260603,6.66,6.67,6.51,6.59,6.67,-0.08,-1.1994,59872.21,39371.92092,6.575992588214131
000953.SZ,20260603,6.34,6.36,6.02,6.08,6.34,-0.26,-4.1009,90353.0,55263.493,6.116398238021981
000955.SZ,20260603,4.21,4.25,4.15,4.19,4.23,-0.04,-0.9456,93012.29,39072.86343,4.200828022834402
000957.SZ,20260603,10.25,10.45,10.21,10.31,10.3,0.01,0.0971,104470.98,107980.31202,10.335914530523214
000958.SZ,20260603,6.31,6.31,6.16,6.2,6.31,-0.11,-1.7433,608014.31,377905.29479,6.215401324847107
000959.SZ,20260603,3.57,3.59,3.48,3.54,3.59,-0.05,-1.3928,302857.07,107030.72171,3.534034114178018
000960.SZ,20260603,43.83,44.96,42.93,43.75,43.19,0.56,1.2966,1475660.63,6500124.71002,44.04891326551146
000962.SZ,20260603,56.0,58.74,55.5,57.2,56.49,0.71,1.2569,261412.76,1500677.07315,57.40642014376039
000963.SZ,20260603,28.9,28.93,28.1,28.22,29.0,-0.78,-2.6897,150098.42,424349.83556,28.27143920369048
000965.SZ,20260603,3.37,3.38,3.28,3.33,3.38,-0.05,-1.4793,144890.13,48027.49129,3.314752446560714
000966.SZ,20260603,5.15,5.67,5.11,5.42,5.21,0.21,4.0307,2420377.87,1314925.47833,5.4327280654321966
000967.SZ,20260603,10.77,11.64,10.44,11.09,10.83,0.26,2.4007,1734624.76,1917156.73226,11.052285061698301
000968.SZ,20260603,7.68,7.83,7.54,7.81,7.64,0.17,2.2251,303154.54,233261.11436,7.694462182885337
000969.SZ,20260603,21.96,22.97,21.73,22.12,21.96,0.16,0.7286,455358.22,1020599.52141,22.41311294237754
000970.SZ,20260603,10.99,11.32,10.92,11.19,11.02,0.17,1.5426,197597.82,221217.58877,11.195345615148993
000972.SZ,20260603,3.73,3.75,3.57,3.63,3.76,-0.13,-3.4574,151465.4,54838.9017,3.620556358085741
000973.SZ,20260603,14.76,15.25,14.42,14.55,14.58,-0.03,-0.2058,369849.28,546118.96378,14.765986938787606
000975.SZ,20260603,22.5,23.1,22.34,22.82,23.04,-0.22,-0.9549,445363.7,1014911.96639,22.788385456425836
000977.SZ,20260603,63.8,67.37,63.52,64.22,65.0,-0.78,-1.2,924612.64,6063605.02772,65.57994954211311
000978.SZ,20260603,6.52,6.74,6.4,6.62,6.54,0.08,1.2232,162369.0,106974.954,6.588385344493099
000980.SZ,20260603,2.62,2.65,2.55,2.59,2.63,-0.04,-1.5209,1085331.45,283118.52845,2.608590476669592
000981.SZ,20260603,3.47,3.75,3.43,3.68,3.5,0.18,5.1429,4461595.66,1606534.45251,3.6008069196257013
000983.SZ,20260603,7.33,7.6,7.24,7.55,7.36,0.19,2.5815,1654997.33,1229969.08542,7.43184936388991
000985.SZ,20260603,17.23,17.31,16.76,17.01,17.24,-0.23,-1.3341,14528.0,24661.506,16.975155561674008
000987.SZ,20260603,7.86,7.98,7.76,7.89,7.86,0.03,0.3817,321932.47,253900.71102,7.88676926623773
000988.SZ,20260603,153.98,160.68,150.7,154.39,149.25,5.14,3.4439,1014860.14,15917615.2501,156.8454077829877
000989.SZ,20260603,8.16,8.16,8.0,8.07,8.16,-0.09,-1.1029,73037.8,58823.0922,8.053787518243977
000990.SZ,20260603,9.59,9.7,9.46,9.65,9.58,0.07,0.7307,231439.61,221801.27396,9.58354855333536
000993.SZ,20260603,14.35,15.45,14.2,15.15,14.72,0.43,2.9212,465540.99,686864.89992,14.754122938132689
000995.SZ,20260603,12.65,12.82,12.2,12.68,12.81,-0.13,-1.0148,163755.0,204188.588,12.469151354157123
000997.SZ,20260603,20.12,20.43,19.76,19.93,20.18,-0.25,-1.2389,262712.96,527463.34776,20.077553378409654
000998.SZ,20260603,8.76,8.78,8.5,8.56,8.62,-0.06,-0.6961,140995.86,121349.76424,8.606618963138352
000999.SZ,20260603,24.45,24.5,23.95,24.25,24.58,-0.33,-1.3426,91962.08,222357.96435,24.179310031917502
001201.SZ,20260603,11.67,11.71,11.45,11.51,11.61,-0.1,-0.8613,22588.76,25993.93436,11.507464048491373
001202.SZ,20260603,15.6,15.6,15.15,15.32,15.57,-0.25,-1.6057,14644.31,22434.81643,15.31981802488475
001203.SZ,20260603,37.07,38.98,37.07,37.44,37.46,-0.02,-0.0534,212314.98,803340.74655,37.837214620937246
001205.SZ,20260603,14.43,14.45,14.03,14.14,14.34,-0.2,-1.3947,36613.87,51776.54672,14.141238476020153
001206.SZ,20260603,16.76,16.85,16.28,16.37,16.77,-0.4,-2.3852,25145.52,41306.8638,16.42712650205683
001207.SZ,20260603,18.54,19.05,18.41,18.9,18.63,0.27,1.4493,54967.2,103192.746,18.773513295201504
001208.SZ,20260603,16.1,16.5,16.02,16.25,16.13,0.12,0.744,126975.0,207028.564,16.30467131325064
001209.SZ,20260603,20.6,20.6,19.92,20.12,20.6,-0.48,-2.3301,26928.6,54259.35,20.149339364096164
001210.SZ,20260603,35.0,37.95,34.31,35.9,36.86,-0.96,-2.6044,231101.93,832733.72366,36.03317911105286
001211.SZ,20260603,44.57,45.51,43.44,43.88,44.56,-0.68,-1.526,44452.21,196781.16819,44.26802811153821
001212.SZ,20260603,49.86,54.89,49.0,54.89,49.9,4.99,10.0,155914.19,824199.31583,52.86236716683709
001213.SZ,20260603,3.82,3.83,3.78,3.79,3.83,-0.04,-1.0444,73331.0,27866.044,3.8000360011454912
001215.SZ,20260603,39.53,40.04,38.55,39.0,39.15,-0.15,-0.3831,25823.0,101290.937,39.225085001742634
001216.SZ,20260603,16.47,16.68,16.34,16.42,16.46,-0.04,-0.243,29118.0,47993.073,16.482269730063877
001217.SZ,20260603,9.98,9.98,9.81,9.9,9.97,-0.07,-0.7021,25628.0,25333.49,9.885082722022787
001218.SZ,20260603,25.31,25.39,24.38,24.73,25.37,-0.64,-2.5227,20135.6,50064.4414,24.863645185641357
001219.SZ,20260603,13.61,13.66,13.43,13.57,13.62,-0.05,-0.3671,23557.12,31817.14406,13.506381111103565
001220.SZ,20260603,32.6,32.69,31.56,31.73,32.62,-0.89,-2.7284,10173.02,32483.69598,31.931221977347924
001221.SZ,20260603,49.06,49.06,46.9,47.26,48.89,-1.63,-3.334,21000.16,99705.77333,47.47857793940617
001222.SZ,20260603,15.65,15.66,15.13,15.18,15.66,-0.48,-3.0651,20477.8,31302.507,15.2860693043198
001223.SZ,20260603,42.0,46.2,41.5,46.2,42.0,4.2,10.0,31965.58,143567.3154,44.91309571107422
001225.SZ,20260603,48.96,48.99,46.4,46.95,48.5,-1.55,-3.1959,20782.0,97868.17,47.09275815609662
001226.SZ,20260603,51.74,53.65,50.02,50.94,51.75,-0.81,-1.5652,22781.75,118378.547,51.96200774742941
001227.SZ,20260603,2.14,2.14,2.1,2.12,2.14,-0.02,-0.9346,499526.41,105713.87092,2.1162819183073824
001228.SZ,20260603,29.5,29.92,26.85,26.85,29.83,-2.98,-9.9899,51510.0,142732.57,27.709681615220347
001229.SZ,20260603,36.94,37.95,36.36,37.55,37.05,0.5,1.3495,15809.0,59067.22,37.36303371497249
001230.SZ,20260603,25.58,26.29,25.29,25.6,25.59,0.01,0.0391,26889.6,69204.363,25.73647915922885
001231.SZ,20260603,21.63,21.8,21.07,21.25,21.64,-0.39,-1.8022,12218.62,26045.05036,21.3158690261257
001233.SZ,20260603,51.77,52.56,50.0,50.47,51.77,-1.3,-2.5111,16689.35,84975.4736,50.91598750101113
001234.SZ,20260603,24.0,24.07,23.55,23.69,23.99,-0.3,-1.2505,17019.0,40394.397,23.734882778071565
001236.SZ,20260603,8.14,8.18,7.93,8.0,8.16,-0.16,-1.9608,91244.0,73310.781,8.034586493358468
001237.SZ,20260603,69.27,69.97,67.42,67.65,70.75,-3.1,-4.3816,76584.81,524247.6294,68.45321277156658
001238.SZ,20260603,30.11,30.16,29.0,29.43,30.11,-0.68,-2.2584,5737.8,16907.224,29.466387814144788
001239.SZ,20260603,13.3,13.36,12.97,13.1,13.32,-0.22,-1.6517,21086.0,27692.03,13.132898605709949
001255.SZ,20260603,30.88,30.97,29.84,30.22,30.97,-0.75,-2.4217,14511.18,44053.78208,30.358511216868646
001256.SZ,20260603,22.83,22.85,22.01,22.2,22.94,-0.74,-3.2258,22482.0,50274.087,22.36192820923405
001257.SZ,20260603,24.76,25.89,24.51,25.35,25.14,0.21,0.8353,233850.71,593517.72797,25.38019781808659
001258.SZ,20260603,10.44,11.59,10.35,11.09,10.6,0.49,4.6226,755825.28,825663.65452,10.924001569780783
001259.SZ,20260603,70.01,73.73,70.01,73.73,67.03,6.7,9.9955,20395.19,149077.45187,73.09441680611948
001260.SZ,20260603,19.04,19.12,18.6,18.8,19.04,-0.24,-1.2605,13128.49,24705.42211,18.818174908157754
001266.SZ,20260603,46.8,48.96,46.45,47.36,47.13,0.23,0.488,34938.2,166551.30047,47.670257903956134
001267.SZ,20260603,57.66,59.97,56.81,58.53,55.5,3.03,5.4595,424605.3,2475899.45732,58.31061122694418
001268.SZ,20260603,41.72,41.98,40.73,41.35,41.47,-0.12,-0.2894,11286.0,46548.971,41.244879496721595
001269.SZ,20260603,26.69,28.6,26.07,28.55,26.93,1.62,6.0156,166232.17,459189.04795,27.62335641470601
001270.SZ,20260603,127.45,138.85,127.4,136.9,126.23,10.67,8.4528,155597.26,2129682.89298,136.87149073062082
001277.SZ,20260603,32.26,32.4,31.06,31.34,32.27,-0.93,-2.8819,9199.42,29013.07742,31.537941978950847
001278.SZ,20260603,18.32,20.14,18.01,20.14,18.31,1.83,9.9945,50802.5,97433.6215,19.17890290832144
001279.SZ,20260603,29.01,29.28,27.85,27.95,29.01,-1.06,-3.6539,13954.05,39214.77705,28.10279241510529
001280.SZ,20260603,72.34,75.93,72.08,73.42,71.18,2.24,3.147,213750.66,1578225.8277,73.8348984606644
001282.SZ,20260603,18.0,18.1,17.42,17.66,18.01,-0.35,-1.9434,22883.67,40652.40769,17.76481119068751
001283.SZ,20260603,54.94,60.26,54.51,58.8,55.13,3.67,6.657,105164.27,615019.57066,58.481799061601436
001285.SZ,20260603,47.58,47.93,45.99,46.11,47.46,-1.35,-2.8445,19508.56,90901.14112,46.59551556855042
001286.SZ,20260603,13.01,13.12,12.61,12.98,13.12,-0.14,-1.0671,580090.65,743370.79379,12.814734969267302
001287.SZ,20260603,26.52,27.36,26.08,26.71,26.75,-0.04,-0.1495,451534.21,1216704.36123,26.946006178136535
001288.SZ,20260603,24.6,24.8,23.9,24.19,24.57,-0.38,-1.5466,41437.25,100382.0192,24.22506783148013
001289.SZ,20260603,18.59,19.19,18.08,18.83,18.8,0.03,0.1596,165978.21,307628.526,18.534271817969362
001296.SZ,20260603,20.36,20.36,19.82,19.94,20.35,-0.41,-2.0147,17340.95,34788.73508,20.061608550857937
001298.SZ,20260603,21.48,22.08,21.4,21.69,21.64,0.05,0.2311,113057.62,246585.28542,21.810585206021496
001299.SZ,20260603,13.34,13.75,13.19,13.6,13.78,-0.18,-1.3062,151745.11,203914.38872,13.437954522554303
001300.SZ,20260603,15.84,15.92,15.44,15.61,15.84,-0.23,-1.452,32246.0,50294.686,15.59718600756683
001301.SZ,20260603,95.31,98.3,93.31,97.42,95.67,1.75,1.8292,59513.13,576100.50726,96.80225309272089
001306.SZ,20260603,61.91,62.0,59.62,60.11,61.9,-1.79,-2.8918,8280.2,50187.174,60.61106495012197
001308.SZ,20260603,21.99,22.33,21.46,21.69,22.08,-0.39,-1.7663,93565.45,204100.1291,21.813621277939667
001309.SZ,20260603,600.0,639.99,598.0,618.95,605.9,13.05,2.1538,125917.01,7834263.32587,622.176727820173
001311.SZ,20260603,21.2,21.85,20.85,21.09,21.21,-0.12,-0.5658,42904.89,91487.83461,21.323405003485618
001312.SZ,20260603,20.97,21.1,20.29,20.38,21.05,-0.67,-3.1829,37135.21,76321.21135,20.552249832436654
001313.SZ,20260603,7.91,7.91,7.37,7.44,7.92,-0.48,-6.0606,232383.41,175871.63452,7.568166527894569
001314.SZ,20260603,55.66,60.64,55.66,57.42,59.95,-2.53,-4.2202,168172.88,978137.98305,58.162646857804894
001316.SZ,20260603,36.11,36.46,35.5,36.01,36.12,-0.11,-0.3045,20137.68,72653.7896,36.07853019811617
001317.SZ,20260603,53.8,54.8,52.6,53.06,53.9,-0.84,-1.5584,31101.73,166071.56355,53.39624630205458
001318.SZ,20260603,11.97,11.97,11.61,11.74,11.98,-0.24,-2.0033,20759.0,24337.522,11.723841225492556
001319.SZ,20260603,23.27,24.22,22.91,23.5,23.04,0.46,1.9965,39192.0,92636.211,23.636510257195344
001322.SZ,20260603,6.48,6.51,6.36,6.38,6.54,-0.16,-2.4465,43177.51,27650.64042,6.403945114018849
001323.SZ,20260603,20.9,21.07,20.57,20.88,20.95,-0.07,-0.3341,7027.8,14553.7921,20.70888770312189
001324.SZ,20260603,18.9,19.15,18.42,18.76,18.79,-0.03,-0.1597,21780.0,40752.20675,18.710838728191
001325.SZ,20260603,40.49,40.52,39.61,39.96,40.52,-0.56,-1.382,11797.0,47109.623,39.93356192252267
001326.SZ,20260603,61.79,67.98,61.36,67.98,61.8,6.18,10.0,20064.59,134672.63799,67.11955638764609
001328.SZ,20260603,30.48,30.54,29.74,30.19,30.49,-0.3,-0.9839,11715.09,35362.57005,30.18548730739585
001330.SZ,20260603,7.98,8.37,7.83,8.3,8.45,-0.15,-1.7751,1062016.64,864241.8708,8.137743216528134
001332.SZ,20260603,49.4,53.88,48.4,52.95,49.4,3.55,7.1862,64546.34,331245.02742,51.31894812626092
001333.SZ,20260603,22.15,22.26,21.41,21.65,22.15,-0.5,-2.2573,20049.28,43552.71884,21.722834356146457
001335.SZ,20260603,47.75,48.49,47.2,47.86,47.86,0.0,0.0,10878.44,51814.4324,47.63038854835803
001336.SZ,20260603,27.33,27.33,25.83,26.06,26.56,-0.5,-1.8825,17154.0,45134.216,26.31119039291128
001337.SZ,20260603,49.4,50.35,49.0,49.5,50.55,-1.05,-2.0772,81297.96,403773.75764,49.66591506601149
001338.SZ,20260603,11.13,11.24,10.68,10.76,11.17,-0.41,-3.6705,82985.0,90213.3514,10.871043128276195
001339.SZ,20260603,99.81,105.72,99.0,101.76,101.1,0.66,0.6528,100307.07,1032145.5457,102.89858388845373
001356.SZ,20260603,10.0,10.04,9.64,9.68,9.99,-0.31,-3.1031,30988.56,30247.89924,9.760988971413965
001358.SZ,20260603,25.29,25.36,24.71,24.94,25.21,-0.27,-1.071,12305.0,30832.4142,25.056817716375456
001359.SZ,20260603,91.64,93.89,89.6,91.68,91.64,0.04,0.0436,17286.8,158847.5791,91.88952212092465
001360.SZ,20260603,19.83,20.07,19.4,19.82,19.96,-0.14,-0.7014,43340.81,85785.67266,19.793278588932694
001365.SZ,20260603,44.4,44.69,43.4,44.03,44.5,-0.47,-1.0562,82135.42,361563.66619,44.02043189040733
001366.SZ,20260603,14.34,14.68,14.01,14.16,14.39,-0.23,-1.5983,64885.37,92897.02091,14.31709812396847
001367.SZ,20260603,20.38,20.38,19.73,20.11,20.17,-0.06,-0.2975,15280.92,30530.06644,19.979207037272623
001368.SZ,20260603,24.81,25.09,24.11,24.3,24.82,-0.52,-2.0951,11621.69,28448.73674,24.479001539363033
001369.SZ,20260603,14.4,14.4,13.99,14.09,14.43,-0.34,-2.3562,144977.75,205128.31225,14.148951287352713
001373.SZ,20260603,36.75,37.5,36.22,36.74,36.68,0.06,0.1636,14082.0,52020.62424,36.941218747337025
001376.SZ,20260603,14.0,14.02,12.8,13.07,14.15,-1.08,-7.6325,318344.2,424683.8232,13.340397695324747
001378.SZ,20260603,20.29,20.54,19.83,20.24,20.27,-0.03,-0.148,21429.5,43390.5423,20.24804232483259
001379.SZ,20260603,18.6,18.92,18.39,18.52,18.71,-0.19,-1.0155,19790.0,36902.77,18.647180394138452
001380.SZ,20260603,17.33,17.44,17.0,17.16,17.33,-0.17,-0.981,16707.25,28745.2307,17.20524365170809
001382.SZ,20260603,21.41,21.96,21.22,21.83,21.62,0.21,0.9713,59030.41,127869.42677,21.661619285720697
001386.SZ,20260603,16.23,16.39,15.79,15.9,16.24,-0.34,-2.0936,35607.4,56849.95365,15.96576937659026
001387.SZ,20260603,12.6,12.64,12.29,12.35,12.58,-0.23,-1.8283,35678.3,44270.5565,12.40825838114484
001388.SZ,20260603,33.41,33.55,32.17,32.53,33.36,-0.83,-2.488,11397.15,37133.42562,32.58132569984602
001389.SZ,20260603,180.0,189.2,173.68,177.55,181.06,-3.51,-1.9386,117713.48,2126208.57164,180.62575090295525
001390.SZ,20260603,17.5,17.56,16.96,17.16,17.59,-0.43,-2.4446,22178.58,38016.15579,17.14093318418041
001391.SZ,20260603,5.19,5.2,5.14,5.16,5.2,-0.04,-0.7692,129283.1,66641.9024,5.15472651877933
001393.SZ,20260603,64.3,69.52,63.03,66.86,64.49,2.37,3.675,102110.41,670043.11053,65.61947117145058
001395.SZ,20260603,35.55,35.98,35.3,35.4,35.78,-0.38,-1.062,3994.72,14208.17228,35.56737964112629
001396.SZ,20260603,44.3,44.3,42.44,43.04,44.31,-1.27,-2.8662,19309.19,83341.51879,43.16158201871752
001400.SZ,20260603,103.83,107.34,102.22,105.07,103.75,1.32,1.2723,20363.6,213498.5242,104.84321249680804
001696.SZ,20260603,14.6,14.77,14.41,14.56,14.6,-0.04,-0.274,153168.01,223505.72817,14.592193772707498
001872.SZ,20260603,22.22,22.3,21.54,22.18,22.29,-0.11,-0.4935,29470.29,64394.24516,21.85056379153378
001896.SZ,20260603,18.2,20.08,18.03,20.08,18.25,1.83,10.0274,1644082.39,3192284.48701,19.416815765601626
001965.SZ,20260603,9.95,9.96,9.62,9.69,9.94,-0.25,-2.5151,120698.3,117083.74279,9.700529567524978
001979.SZ,20260603,8.89,8.94,8.57,8.77,8.94,-0.17,-1.9016,641255.85,560154.9904,8.73528078379324
002001.SZ,20260603,30.21,30.43,29.66,30.07,30.25,-0.18,-0.595,259340.78,777222.77054,29.96916915804757
002003.SZ,20260603,9.48,9.65,9.36,9.54,9.39,0.15,1.5974,153222.53,145949.97087,9.525359675891005
002004.SZ,20260603,4.59,4.59,4.49,4.55,4.58,-0.03,-0.655,176156.99,79972.58844,4.539847578004144
002005.SZ,20260603,3.01,3.03,2.92,2.95,3.01,-0.06,-1.9934,173907.0,51764.6,2.9765679357357664
002006.SZ,20260603,16.04,16.24,15.76,15.87,15.9,-0.03,-0.1887,111704.12,179211.18836,16.043382138456487
002007.SZ,20260603,13.87,13.87,13.53,13.58,13.87,-0.29,-2.0908,94639.34,128979.09434,13.62848624472656
002008.SZ,20260603,127.08,134.6,124.0,130.6,127.0,3.6,2.8346,561596.25,7364210.98267,131.12998854016564
002009.SZ,20260603,21.27,21.79,20.85,21.18,21.32,-0.14,-0.6567,173131.46,370494.39578,21.399599805835408
002010.SZ,20260603,5.31,5.32,5.17,5.21,5.32,-0.11,-2.0677,341402.9,178128.82726,5.217554603666224
002011.SZ,20260603,11.97,12.1,11.7,11.73,12.01,-0.28,-2.3314,167077.98,198930.14348,11.906424980718583
002012.SZ,20260603,7.43,7.49,7.13,7.28,7.51,-0.23,-3.0626,367996.0,268633.456,7.299901520668703
002014.SZ,20260603,10.49,10.5,10.31,10.35,10.5,-0.15,-1.4286,34217.4,35467.2462,10.365266268039068
002015.SZ,20260603,22.8,25.57,22.5,24.37,23.3,1.07,4.5923,2172234.06,5146143.68385,23.69055793117432
002016.SZ,20260603,4.83,4.84,4.64,4.72,4.83,-0.11,-2.2774,94003.0,44337.137,4.716566173419998
002017.SZ,20260603,16.31,16.75,16.26,16.4,16.26,0.14,0.861,89509.73,148010.03914,16.53563686763439
002019.SZ,20260603,10.33,10.33,10.07,10.11,10.33,-0.22,-2.1297,81187.26,82299.4916,10.136995829148564
002020.SZ,20260603,13.1,13.1,12.84,12.89,13.12,-0.23,-1.753,81411.71,105286.97218,12.93265700720449
002021.SZ,20260603,2.72,2.73,2.65,2.7,2.74,-0.04,-1.4599,291868.19,78614.82122,2.693504256835937
002022.SZ,20260603,5.51,5.51,5.27,5.34,5.5,-0.16,-2.9091,77151.96,41279.14088,5.350368400232476
002023.SZ,20260603,10.89,11.98,10.86,11.98,10.89,1.09,10.0092,277663.84,321158.15461,11.566437841167938
002024.SZ,20260603,1.27,1.31,1.27,1.31,1.25,0.06,4.8,792223.6,103369.9196,1.3048073750895581
002025.SZ,20260603,60.75,66.83,60.66,65.24,60.75,4.49,7.3909,317215.57,2024852.6235,63.8320692612913
002026.SZ,20260603,12.55,12.82,12.4,12.53,12.51,0.02,0.1599,86942.31,109877.66171,12.637996587622297
002027.SZ,20260603,5.54,5.54,5.43,5.5,5.55,-0.05,-0.9009,1369700.16,751420.41173,5.4860212013846885
002028.SZ,20260603,204.1,204.27,191.9,194.13,206.27,-12.14,-5.8855,195322.68,3805760.13691,194.84476338897255
002029.SZ,20260603,8.6,8.63,8.47,8.53,8.63,-0.1,-1.1587,131825.0,112547.419,8.53763846007965
002030.SZ,20260603,6.21,6.54,6.13,6.44,6.29,0.15,2.3847,654290.1,412384.22482,6.302773415339771
002031.SZ,20260603,6.16,6.35,6.03,6.17,6.25,-0.08,-1.28,1237441.06,769405.88709,6.2177174490233895
002032.SZ,20260603,46.22,46.41,45.66,46.01,46.17,-0.16,-0.3465,14226.67,65414.14395,45.97994045690242
002033.SZ,20260603,8.68,8.69,8.55,8.68,8.73,-0.05,-0.5727,141717.44,122250.9246,8.6263853340845
002034.SZ,20260603,20.01,20.61,19.7,20.16,20.0,0.16,0.8,150939.86,302269.44358,20.02581979206818
002035.SZ,20260603,5.1,5.12,5.03,5.07,5.11,-0.04,-0.7828,76248.0,38632.2435,5.066656633616619
002036.SZ,20260603,9.21,9.44,8.78,8.91,9.21,-0.3,-3.2573,849315.93,776500.98831,9.142663652970692
002037.SZ,20260603,7.32,7.32,7.12,7.17,7.32,-0.15,-2.0492,57234.0,41237.364,7.205046650592305
002038.SZ,20260603,5.71,5.73,5.6,5.71,5.73,-0.02,-0.349,190073.35,107594.66205,5.660691625101572
002039.SZ,20260603,22.36,22.66,21.8,22.32,22.55,-0.23,-1.02,205843.88,456942.87992,22.198516658352922
002040.SZ,20260603,9.14,9.17,8.97,9.02,9.13,-0.11,-1.2048,70755.0,63844.987,9.02338873577839
002041.SZ,20260603,8.8,8.84,8.59,8.7,8.69,0.01,0.1151,131691.25,114542.01174,8.697769346103101
002042.SZ,20260603,4.0,4.08,3.93,3.99,4.04,-0.05,-1.2376,325412.0,130401.716,4.007280493651125
002043.SZ,20260603,12.81,12.81,12.1,12.18,12.88,-0.7,-5.4348,177265.6,217385.2032,12.263248097769674
002044.SZ,20260603,5.46,5.47,5.29,5.32,5.5,-0.18,-3.2727,1274930.9,683267.1901,5.359248803994006
002045.SZ,20260603,9.35,9.45,9.17,9.23,9.32,-0.09,-0.9657,118961.38,110755.97992,9.310246730493542
002046.SZ,20260603,52.21,56.98,51.22,56.98,51.8,5.18,10.0,289134.11,1619474.91529,56.0112023894379
002047.SZ,20260603,4.84,4.84,4.66,4.68,4.82,-0.14,-2.9046,296826.02,140030.61142,4.717598929500857
002048.SZ,20260603,24.96,25.67,24.47,24.68,24.92,-0.24,-0.9631,193671.0,485252.109,25.055486314419817
002049.SZ,20260603,76.22,78.92,76.02,77.09,76.19,0.9,1.1813,382492.45,2973909.15028,77.75079351971523
002050.SZ,20260603,44.54,46.5,44.24,45.08,45.17,-0.09,-0.1992,1202121.97,5491193.58932,45.67917171765857
002051.SZ,20260603,10.64,11.25,10.52,10.93,10.85,0.08,0.7373,550229.85,603101.76545,10.960905982290853
002052.SZ,20260603,9.59,9.93,9.31,9.52,9.59,-0.07,-0.7299,159799.62,153086.2616,9.57988896344059
002053.SZ,20260603,12.09,12.25,11.87,12.16,12.23,-0.07,-0.5724,190322.46,229499.2422,12.05844240348722
002054.SZ,20260603,7.68,7.97,7.64,7.84,7.66,0.18,2.3499,119252.64,92978.3346,7.796752725977387
002055.SZ,20260603,7.1,7.22,7.01,7.01,7.38,-0.37,-5.0136,413494.61,290831.50161,7.033501636454221
002056.SZ,20260603,25.8,28.23,25.56,27.5,25.66,1.84,7.1707,1185369.11,3226181.63429,27.21668387570855
002057.SZ,20260603,9.29,10.19,9.2,9.94,9.26,0.68,7.3434,569952.32,570737.23071,10.013771515308509
002058.SZ,20260603,25.01,25.27,24.58,24.62,24.93,-0.31,-1.2435,10174.15,25273.5813,24.840975708044407
002059.SZ,20260603,4.54,4.55,4.47,4.53,4.55,-0.02,-0.4396,60267.02,27169.76802,4.508231536916875
002060.SZ,20260603,3.56,3.56,3.46,3.54,3.57,-0.03,-0.8403,303244.75,106405.16725,3.508887367382288
002061.SZ,20260603,3.65,3.69,3.59,3.62,3.65,-0.03,-0.8219,208526.28,75502.11022,3.6207479565645158
002062.SZ,20260603,8.46,8.46,8.08,8.19,8.54,-0.35,-4.0984,291353.0,238962.082,8.201806125215803
002063.SZ,20260603,5.94,5.96,5.89,5.91,5.98,-0.07,-1.1706,266136.59,157245.38211,5.908446565352024
002064.SZ,20260603,10.05,10.5,9.92,10.38,10.04,0.34,3.3865,453677.58,462529.89172,10.195123411652832
002065.SZ,20260603,7.53,7.65,7.42,7.45,7.53,-0.08,-1.0624,311845.0,234495.132,7.519605316743895
002066.SZ,20260603,24.43,24.56,23.72,23.91,24.5,-0.59,-2.4082,51745.0,124707.145,24.100327567880953
002067.SZ,20260603,4.84,4.91,4.76,4.9,4.97,-0.07,-1.4085,560165.83,272083.83025,4.85720148710249
002068.SZ,20260603,9.9,10.69,9.75,10.49,9.89,0.6,6.0667,430351.84,444541.06969,10.329712304471615
002069.SZ,20260603,3.45,3.46,3.35,3.4,3.45,-0.05,-1.4493,137720.73,46635.09612,3.386207444587318
002072.SZ,20260603,7.92,8.35,7.89,8.17,8.0,0.17,2.125,199167.27,161791.18654,8.123382247494781
002073.SZ,20260603,5.7,5.76,5.62,5.71,5.7,0.01,0.1754,166804.25,95313.49034,5.71409243709318
002074.SZ,20260603,32.07,32.46,31.63,31.83,32.17,-0.34,-1.0569,257682.93,825928.79314,32.05213450266186
002075.SZ,20260603,3.83,3.83,3.73,3.75,3.84,-0.09,-2.3438,328096.05,123595.69835,3.7670584071341304
002076.SZ,20260603,2.77,2.77,2.62,2.62,2.76,-0.14,-5.0725,447601.14,119399.27424,2.6675373132427675
002077.SZ,20260603,16.81,17.49,16.71,17.06,16.83,0.23,1.3666,346466.95,596696.52218,17.22232155707781
002078.SZ,20260603,13.72,13.76,13.18,13.38,13.72,-0.34,-2.4781,220750.21,294970.28454,13.36217458366178
002079.SZ,20260603,12.06,13.0,12.02,12.22,12.05,0.17,1.4108,624607.38,778089.79834,12.457262325975078
002080.SZ,20260603,64.25,67.31,62.28,63.62,65.43,-1.81,-2.7663,711578.41,4596631.98715,64.59768765539135
002081.SZ,20260603,6.8,7.03,6.41,6.65,6.85,-0.2,-2.9197,5321295.22,3561716.10892,6.693325518819834
002082.SZ,20260603,15.06,15.43,14.69,14.69,15.46,-0.77,-4.9806,63707.01,94507.69404,14.834740170665677
002083.SZ,20260603,9.63,9.89,9.63,9.76,9.69,0.07,0.7224,211382.0,206415.21,9.765032500402116
002084.SZ,20260603,3.31,3.32,3.21,3.25,3.31,-0.06,-1.8127,131764.21,42887.837,3.254892736047217
002085.SZ,20260603,11.65,11.79,11.49,11.6,11.68,-0.08,-0.6849,265899.91,310001.20221,11.658567398913375
002086.SZ,20260603,1.89,1.9,1.85,1.86,1.89,-0.03,-1.5873,305983.0,57196.411,1.8692676063702884
002088.SZ,20260603,8.86,8.88,8.72,8.76,8.89,-0.13,-1.4623,17284.8,15176.5236,8.780271452374341
002090.SZ,20260603,10.5,10.55,10.23,10.36,10.59,-0.23,-2.1719,90009.02,93406.51888,10.377462045470553
002091.SZ,20260603,8.96,8.98,8.64,8.66,9.0,-0.34,-3.7778,284326.85,248693.47289,8.746745968240425
002092.SZ,20260603,4.68,4.7,4.58,4.67,4.69,-0.02,-0.4264,433071.52,200843.76579,4.6376581353121535
002093.SZ,20260603,7.34,7.39,7.22,7.28,7.33,-0.05,-0.6821,95108.01,69335.28832,7.290162870614159
002094.SZ,20260603,5.28,5.29,5.16,5.2,5.3,-0.1,-1.8868,118740.43,61785.72608,5.203427853512068
002095.SZ,20260603,14.27,14.27,13.96,14.05,14.28,-0.23,-1.6106,20550.95,28970.4238,14.096878149185317
002096.SZ,20260603,11.52,11.86,11.4,11.6,11.52,0.08,0.6944,193739.99,224910.50304,11.608883795235048
002097.SZ,20260603,8.4,8.58,8.36,8.46,8.41,0.05,0.5945,162577.5,138300.9345,8.50676966369885
002098.SZ,20260603,7.45,7.48,7.23,7.31,7.47,-0.16,-2.1419,47859.0,34996.925,7.312506529597359
002099.SZ,20260603,5.99,6.04,5.73,5.77,5.97,-0.2,-3.3501,345167.59,201082.81396,5.825657442519444
002100.SZ,20260603,6.39,6.41,6.24,6.32,6.38,-0.06,-0.9404,158026.39,99693.20072,6.308642545083767
002101.SZ,20260603,9.09,9.09,8.9,8.93,9.07,-0.14,-1.5436,56567.1,50758.4614,8.97314187929026
002102.SZ,20260603,2.41,2.41,2.3,2.31,2.4,-0.09,-3.75,205540.0,48156.775,2.342939330543933
002103.SZ,20260603,6.96,6.99,6.8,6.81,6.97,-0.16,-2.2956,58367.71,40026.82045,6.8576993084018545
002104.SZ,20260603,11.86,12.14,11.72,11.82,11.82,0.0,0.0,199251.22,237740.25306,11.931683683542815
002105.SZ,20260603,5.87,5.93,5.74,5.8,5.85,-0.05,-0.8547,65123.44,37845.78152,5.8113916463872295
002106.SZ,20260603,11.99,12.99,11.97,12.43,12.09,0.34,2.8122,493959.98,616980.90891,12.49050396572613
002107.SZ,20260603,6.38,6.38,6.26,6.35,6.38,-0.03,-0.4702,74082.4,46766.30245,6.312741278630282
002108.SZ,20260603,4.89,4.92,4.8,4.85,4.89,-0.04,-0.818,390722.92,189876.73338,4.859626186761708
002109.SZ,20260603,3.02,3.02,2.92,2.94,3.02,-0.08,-2.649,117527.0,34779.812,2.9593039897215108
002110.SZ,20260603,3.16,3.17,3.1,3.11,3.16,-0.05,-1.5823,181171.0,56484.03573,3.1177194876663483
002111.SZ,20260603,10.13,10.25,9.98,10.08,10.15,-0.07,-0.6897,63568.8,64269.7124,10.110260442229519
002112.SZ,20260603,18.0,18.29,17.81,18.07,18.16,-0.09,-0.4956,131434.25,237342.56389,18.057893120704836
002114.SZ,20260603,7.7,8.05,7.66,8.0,7.97,0.03,0.3764,119592.01,94464.71398,7.898915151605864
002115.SZ,20260603,12.08,12.44,11.97,12.11,12.08,0.03,0.2483,381088.35,465599.4842,12.217625760535583
002116.SZ,20260603,9.06,9.1,8.99,9.04,9.1,-0.06,-0.6593,17489.24,15788.17676,9.027365831791432
002117.SZ,20260603,9.24,9.39,9.12,9.23,9.24,-0.01,-0.1082,65327.31,60358.88523,9.239456703482817
002119.SZ,20260603,21.89,24.12,21.81,24.11,21.93,2.18,9.9407,467235.96,1110451.56566,23.766397724610066
002120.SZ,20260603,6.86,6.87,6.75,6.76,6.87,-0.11,-1.6012,300516.13,203947.55275,6.786575906923865
002121.SZ,20260603,7.42,7.57,7.1,7.19,7.41,-0.22,-2.969,599682.19,437054.22359,7.2880974435809085
002122.SZ,20260603,2.76,2.77,2.65,2.69,2.77,-0.08,-2.8881,257888.29,70098.97216,2.7181913595223732
002123.SZ,20260603,8.33,8.35,8.01,8.02,8.32,-0.3,-3.6058,188832.2,153335.85647,8.12021765726396
002124.SZ,20260603,2.5,2.54,2.46,2.51,2.51,0.0,0.0,757107.31,188965.6467,2.4958898719390255
002125.SZ,20260603,15.03,16.65,14.97,16.65,15.14,1.51,9.9736,475341.96,767173.03863,16.139392336203603
002126.SZ,20260603,50.65,50.68,48.34,48.85,50.19,-1.34,-2.6699,232537.41,1153970.54731,49.62515697194701
002127.SZ,20260603,3.03,3.03,2.97,2.98,3.04,-0.06,-1.9737,294864.92,88254.19916,2.993038275288902
002128.SZ,20260603,31.09,31.09,30.08,30.63,31.4,-0.77,-2.4522,178865.74,547190.31998,30.592237506187608
002129.SZ,20260603,9.08,9.53,9.02,9.13,9.12,0.01,0.1096,1675694.24,1557063.31007,9.292049067794133
002130.SZ,20260603,21.94,22.45,21.36,21.64,21.46,0.18,0.8388,608575.94,1338414.83744,21.992569036495265
002131.SZ,20260603,5.75,5.89,5.62,5.81,5.8,0.01,0.1724,2941892.44,1704555.30117,5.794077573991795
002132.SZ,20260603,4.84,5.34,4.82,5.34,4.85,0.49,10.1031,614763.94,316767.26631,5.152665042617822
002133.SZ,20260603,2.9,2.91,2.79,2.83,2.89,-0.06,-2.0761,181519.05,51518.3032,2.838176114297646
002134.SZ,20260603,27.58,28.19,26.9,27.3,27.78,-0.48,-1.7279,85224.02,235782.96684,27.666257334493256
002135.SZ,20260603,7.42,7.52,7.19,7.24,7.36,-0.12,-1.6304,210090.47,154109.56773,7.33539068811641
002136.SZ,20260603,13.31,13.35,12.95,13.07,13.31,-0.24,-1.8032,41325.22,54381.05574,13.159290075164753
002137.SZ,20260603,10.16,10.4,10.16,10.4,9.45,0.95,10.0529,302703.24,312508.5716,10.32392555824642
002138.SZ,20260603,48.65,48.87,47.03,47.8,48.85,-1.05,-2.1494,435052.05,2083342.44933,47.88719991849251
002139.SZ,20260603,10.35,10.36,9.95,9.99,10.36,-0.37,-3.5714,286613.79,290269.97129,10.127564737551534
002140.SZ,20260603,10.33,10.36,10.15,10.25,10.33,-0.08,-0.7744,53090.35,54321.53761,10.231904217998187
002141.SZ,20260603,3.26,3.46,3.19,3.32,3.27,0.05,1.5291,258637.84,85281.10564,3.297317424240784
002142.SZ,20260603,31.56,31.56,30.64,31.24,31.6,-0.36,-1.1392,336585.85,1045062.46978,31.048912774556626
002144.SZ,20260603,11.83,11.95,11.61,11.71,11.83,-0.12,-1.0144,35675.82,41903.66153,11.745675791053996
002145.SZ,20260603,4.35,4.45,4.31,4.38,4.37,0.01,0.2288,429889.75,188388.3249,4.382247422740366
002146.SZ,20260603,1.3,1.31,1.26,1.28,1.31,-0.03,-2.2901,1061678.0,135635.975,1.277562264641445
002148.SZ,20260603,6.61,6.72,6.57,6.64,6.62,0.02,0.3021,97895.4,65044.59,6.644294828970514
002149.SZ,20260603,58.32,62.88,57.44,61.7,58.7,3.0,5.1107,640459.24,3890810.92104,60.750328483667445
002150.SZ,20260603,30.82,31.28,28.88,29.22,31.3,-2.08,-6.6454,261654.09,773720.95731,29.57037504401326
002151.SZ,20260603,33.62,35.17,33.1,34.38,33.68,0.7,2.0784,163174.36,561776.60536,34.42799502078636
002152.SZ,20260603,10.32,10.5,10.22,10.28,10.31,-0.03,-0.291,179187.41,185861.8589,10.372484255450757
002153.SZ,20260603,8.32,8.44,8.15,8.24,8.41,-0.17,-2.0214,223320.79,185323.90475,8.298551368638808
002154.SZ,20260603,4.13,4.15,3.96,4.01,4.15,-0.14,-3.3735,379360.59,152438.67497,4.018305511650538
002155.SZ,20260603,25.05,25.77,24.68,25.48,25.64,-0.16,-0.624,397510.15,1008573.61702,25.372273312266366
002156.SZ,20260603,67.69,70.22,66.18,70.22,63.84,6.38,9.9937,1765024.68,12284088.7075,69.59726312438872
002157.SZ,20260603,3.1,3.15,3.07,3.12,3.11,0.01,0.3215,1375285.88,428360.66368,3.1147026949771344
002158.SZ,20260603,29.01,29.92,28.94,29.28,29.01,0.27,0.9307,108372.1,318657.79295,29.404043379246133
002159.SZ,20260603,14.77,14.77,14.31,14.49,14.82,-0.33,-2.2267,30680.0,44501.49,14.505048891786178
002160.SZ,20260603,4.61,4.62,4.51,4.58,4.63,-0.05,-1.0799,177136.05,80890.1328,4.566553945399596
002161.SZ,20260603,6.1,6.14,5.96,6.04,6.1,-0.06,-0.9836,141304.52,85519.42864,6.052136806380998
002162.SZ,20260603,3.82,3.85,3.71,3.77,3.86,-0.09,-2.3316,138053.1,52096.42342,3.7736511110579913
002163.SZ,20260603,10.01,10.08,9.87,9.94,10.0,-0.06,-0.6,175190.0,174910.275,9.984033049831611
002164.SZ,20260603,12.59,12.67,12.17,12.21,12.71,-0.5,-3.9339,157348.83,194869.46255,12.384551098981797
002165.SZ,20260603,6.85,6.85,6.64,6.72,6.79,-0.07,-1.0309,278330.05,187274.21042,6.728494117685101
002166.SZ,20260603,8.1,8.11,7.8,7.85,8.1,-0.25,-3.0864,108702.39,86021.94738,7.913528615148204
002167.SZ,20260603,13.3,14.73,13.21,14.73,13.39,1.34,10.0075,787845.85,1127291.34266,14.3085267588831
002168.SZ,20260603,3.56,3.75,3.5,3.75,3.57,0.18,5.042,130265.41,47414.07249,3.6398052629627466
002169.SZ,20260603,15.66,16.35,15.49,16.13,15.69,0.44,2.8043,391057.91,623382.98353,15.940937840382771
002170.SZ,20260603,11.83,11.92,11.65,11.77,11.85,-0.08,-0.6751,141221.02,166209.04494,11.769426742562828
002171.SZ,20260603,12.13,13.17,12.13,12.88,11.97,0.91,7.6023,1777303.22,2300985.36436,12.946498596677273
002172.SZ,20260603,3.31,3.31,3.21,3.27,3.31,-0.04,-1.2085,130383.76,42489.52124,3.2588047192380403
002173.SZ,20260603,17.8,18.32,17.59,17.96,17.79,0.17,0.9556,338802.72,611391.65007,18.045653531648153
002174.SZ,20260603,10.8,11.13,10.64,10.99,10.84,0.15,1.3838,303326.47,331456.24817,10.92737630744854
002175.SZ,20260603,2.73,2.73,2.6,2.62,2.72,-0.1,-3.6765,295513.0,78299.339,2.6496072592407103
002176.SZ,20260603,11.16,11.58,11.04,11.26,11.24,0.02,0.1779,744914.34,847336.57193,11.374953151391878
002177.SZ,20260603,6.65,6.77,6.53,6.61,6.66,-0.05,-0.7508,259624.11,172806.09186,6.6560109482898175
002178.SZ,20260603,5.58,5.61,5.45,5.52,5.61,-0.09,-1.6043,141608.0,78403.44997,5.536654000480199
002179.SZ,20260603,36.01,38.24,36.01,36.92,35.63,1.29,3.6205,454799.32,1704519.66955,37.47850083746827
002180.SZ,20260603,15.8,16.32,15.55,15.85,15.95,-0.1,-0.627,205192.85,326654.95649,15.91941222562092
002181.SZ,20260603,14.71,17.2,14.71,15.79,16.34,-0.55,-3.366,1756112.81,2689747.71324,15.316485922336618
002182.SZ,20260603,14.33,14.96,14.2,14.42,14.36,0.06,0.4178,232828.66,338370.33798,14.533019172983257
002183.SZ,20260603,6.11,6.42,6.09,6.24,6.14,0.1,1.6287,1429522.87,897933.61712,6.2813518829537855
002184.SZ,20260603,11.61,11.96,11.46,11.57,11.71,-0.14,-1.1956,106342.11,124428.86779,11.700808625106273
002185.SZ,20260603,18.48,20.1,18.36,19.16,18.33,0.83,4.5281,6694447.73,13028720.0866,19.461978959390574
002186.SZ,20260603,9.62,9.62,9.36,9.45,9.62,-0.17,-1.7672,32211.0,30431.202,9.447456458973644
002187.SZ,20260603,5.73,5.78,5.57,5.65,5.76,-0.11,-1.9097,177770.0,100212.102,5.637177364009675
002188.SZ,20260603,5.98,6.01,5.76,5.83,5.96,-0.13,-2.1812,113492.55,66374.10345,5.848322506631492
002189.SZ,20260603,20.88,21.95,20.75,21.05,20.81,0.24,1.1533,43770.9,93691.09619,21.404882282521033
002190.SZ,20260603,27.0,27.5,26.63,26.98,27.1,-0.12,-0.4428,38904.02,104781.3572,26.933298204144457
002191.SZ,20260603,3.73,3.98,3.73,3.79,3.74,0.05,1.3369,256658.58,98636.25309,3.8430919819629645
002192.SZ,20260603,79.3,80.83,78.28,79.06,80.34,-1.28,-1.5932,164961.8,1314038.38777,79.65713200086323
002193.SZ,20260603,5.0,5.02,4.77,4.83,4.96,-0.13,-2.621,64805.0,31465.841,4.855465010415863
002194.SZ,20260603,11.43,12.01,11.27,11.38,11.51,-0.13,-1.1295,469860.88,544266.89017,11.583575337661651
002195.SZ,20260603,7.6,7.73,7.51,7.56,7.65,-0.09,-1.1765,1125951.97,858477.80586,7.6244620439715565
002196.SZ,20260603,13.59,13.83,13.15,13.31,13.77,-0.46,-3.3406,405719.23,547114.3046,13.485047395954094
002197.SZ,20260603,6.75,6.81,6.55,6.6,6.81,-0.21,-3.0837,176220.03,117803.24968,6.685009058277881
002198.SZ,20260603,4.08,4.13,4.0,4.06,4.13,-0.07,-1.6949,127103.0,51341.626,4.039371690676066
002199.SZ,20260603,14.28,14.6,13.65,13.78,14.1,-0.32,-2.2695,78242.0,110387.664,14.10849211420976
002200.SZ,20260603,7.6,7.66,7.27,7.53,7.42,0.11,1.4825,171111.87,128394.29716,7.503529542398199
002201.SZ,20260603,10.8,10.94,10.6,10.71,10.86,-0.15,-1.3812,230870.1,249261.97873,10.796633203260189
002202.SZ,20260603,23.1,24.03,22.8,23.61,23.24,0.37,1.5921,1241902.05,2926844.09685,23.56743107759585
002203.SZ,20260603,19.61,21.06,19.49,20.41,19.59,0.82,4.1858,457573.79,935290.96619,20.440221591144898
002204.SZ,20260603,5.93,5.96,5.85,5.85,5.94,-0.09,-1.5152,214791.53,126718.60818,5.899609178257634
002205.SZ,20260603,12.79,12.79,12.37,12.5,12.8,-0.3,-2.3438,31567.32,39431.365,12.491198175835008
002206.SZ,20260603,5.52,5.56,5.41,5.48,5.51,-0.03,-0.5445,195258.0,107147.366,5.487476364604778
002207.SZ,20260603,9.6,9.86,9.35,9.55,9.39,0.16,1.7039,345905.0,334475.1081,9.66956557725387
002208.SZ,20260603,16.64,17.05,16.36,16.87,16.7,0.17,1.018,535254.57,898746.24499,16.791005539476295
002209.SZ,20260603,12.53,12.53,12.18,12.38,12.53,-0.15,-1.1971,42881.5,52799.7835,12.312951622494548
002210.SZ,20260603,2.77,2.84,2.7,2.72,2.76,-0.04,-1.4493,952122.83,261917.51512,2.750879475497925
002211.SZ,20260603,3.72,3.75,3.64,3.69,3.73,-0.04,-1.0724,77612.0,28687.644,3.6962897490078856
002212.SZ,20260603,6.7,6.74,6.61,6.64,6.72,-0.08,-1.1905,169352.09,112925.88921,6.668113113336835
002213.SZ,20260603,34.03,36.49,33.91,35.08,34.38,0.7,2.0361,209383.85,743472.81505,35.507648514916504
002214.SZ,20260603,14.45,15.13,14.22,14.63,14.84,-0.21,-1.4151,129222.58,189622.34974,14.67408789857005
002215.SZ,20260603,9.08,9.36,9.0,9.28,9.07,0.21,2.3153,181416.7,166825.87256,9.19572853877289
002216.SZ,20260603,13.07,13.08,12.58,12.8,13.08,-0.28,-2.1407,91938.26,117780.8276,12.810861071332003
002217.SZ,20260603,2.51,2.6,2.49,2.52,2.51,0.01,0.3984,3907987.48,995935.21358,2.5484606045360207
002218.SZ,20260603,4.5,4.55,4.46,4.5,4.54,-0.04,-0.8811,337371.67,151907.4235,4.502672779252627
002219.SZ,20260603,2.13,2.15,2.11,2.15,2.13,0.02,0.939,487787.45,103750.15499,2.126954168050039
002221.SZ,20260603,6.67,6.82,6.53,6.76,6.53,0.23,3.5222,260592.6,174610.3788,6.700511787364645
002222.SZ,20260603,95.52,103.02,95.52,99.0,93.65,5.35,5.7128,461235.78,4598047.54777,99.68974106410391
002223.SZ,20260603,26.8,26.8,26.17,26.44,26.84,-0.4,-1.4903,93719.82,247089.09109,26.364657026656687
002224.SZ,20260603,3.77,3.8,3.72,3.74,3.77,-0.03,-0.7958,78737.1,29597.36525,3.7590113491606876
002225.SZ,20260603,3.72,3.82,3.7,3.74,3.75,-0.01,-0.2667,248815.24,93437.7552,3.7553067569333773
002226.SZ,20260603,5.1,5.13,5.07,5.1,5.09,0.01,0.1965,172099.29,87740.5549,5.098251997437061
002227.SZ,20260603,8.56,8.6,8.32,8.46,8.59,-0.13,-1.5134,23733.0,20012.039,8.432157333670418
002228.SZ,20260603,3.4,3.41,3.33,3.36,3.4,-0.04,-1.1765,164158.0,55169.134,3.360733805236418
002229.SZ,20260603,13.95,14.5,13.73,14.25,14.0,0.25,1.7857,458806.12,649603.89071,14.158570742473966
002230.SZ,20260603,47.82,48.62,47.04,47.51,48.26,-0.75,-1.5541,580983.55,2770800.87639,47.69155471596398
002232.SZ,20260603,15.58,15.59,15.11,15.25,15.57,-0.32,-2.0552,44046.59,67491.65509,15.322787777669056
002233.SZ,20260603,8.11,8.2,7.95,7.99,8.13,-0.14,-1.722,77696.47,62364.04883,8.026625769484765
002234.SZ,20260603,7.56,7.56,7.31,7.47,7.55,-0.08,-1.0596,72913.62,54096.15842,7.419211722034923
002235.SZ,20260603,10.16,10.38,9.89,10.33,10.26,0.07,0.6823,623440.77,633607.94557,10.16308166002682
002236.SZ,20260603,16.83,17.35,16.78,17.0,16.9,0.1,0.5917,366795.94,627650.11853,17.111697543053502
002237.SZ,20260603,13.68,14.12,13.57,13.9,13.83,0.07,0.5061,222943.63,309678.38485,13.89043431516747
002238.SZ,20260603,6.48,6.5,6.33,6.45,6.49,-0.04,-0.6163,46390.13,29751.97473,6.4134277549987475
002239.SZ,20260603,2.67,2.68,2.63,2.63,2.67,-0.04,-1.4981,399014.14,105509.65124,2.644258452595189
002240.SZ,20260603,42.7,44.82,42.25,43.81,43.16,0.65,1.506,379003.35,1665681.81537,43.94899980092524
002241.SZ,20260603,26.35,27.62,26.3,26.81,26.7,0.11,0.412,1860015.25,5029034.38873,27.037597615019557
002242.SZ,20260603,8.97,8.97,8.79,8.9,9.0,-0.1,-1.1111,86837.75,76951.15125,8.861486076044116
002243.SZ,20260603,8.96,9.36,8.87,9.31,9.0,0.31,3.4444,407485.71,373961.12949,9.177282057081216
002244.SZ,20260603,10.05,10.11,9.72,10.05,10.07,-0.02,-0.1986,259065.61,256265.41984,9.891911930726739
002245.SZ,20260603,20.79,21.26,19.77,19.93,20.57,-0.64,-3.1113,1104320.77,2264553.00635,20.50629733560114
002246.SZ,20260603,20.31,20.7,19.96,20.15,20.46,-0.31,-1.5152,166142.48,336519.36609,20.254865949394762
002247.SZ,20260603,2.55,2.56,2.46,2.48,2.55,-0.07,-2.7451,244425.0,60915.265,2.4921863557328425
002248.SZ,20260603,10.05,10.17,9.78,9.88,10.04,-0.16,-1.5936,93389.84,93127.97676,9.971960200381542
002249.SZ,20260603,8.46,8.49,8.16,8.24,8.52,-0.28,-3.2864,547608.36,455269.13727,8.313772588679983
002250.SZ,20260603,14.2,14.33,14.0,14.09,14.2,-0.11,-0.7746,111887.5,158543.89302,14.169937930510557
002251.SZ,20260603,4.75,4.96,4.56,4.84,4.88,-0.04,-0.8197,3608467.48,1711929.33205,4.744200527061421
002252.SZ,20260603,5.25,5.28,5.2,5.24,5.25,-0.01,-0.1905,262612.13,137464.99253,5.234525630251731
002253.SZ,20260603,11.79,11.89,11.55,11.62,12.0,-0.38,-3.1667,61476.5,71929.523,11.700328255512268
002254.SZ,20260603,13.35,14.1,13.35,13.68,13.45,0.23,1.71,354228.38,488979.5953,13.804077338467346
002255.SZ,20260603,9.57,9.78,9.49,9.63,9.62,0.01,0.104,139872.0,134731.2044,9.632464281628918
002256.SZ,20260603,4.64,4.65,4.51,4.56,4.61,-0.05,-1.0846,715988.34,326277.84394,4.557027338461964
002258.SZ,20260603,12.67,13.27,12.44,13.13,12.7,0.43,3.3858,276731.84,358898.52597,12.969180776957216
002259.SZ,20260603,4.85,5.0,4.77,4.87,4.89,-0.02,-0.409,177416.84,86673.96312,4.885328986808693
002261.SZ,20260603,30.0,30.4,29.65,29.87,30.04,-0.17,-0.5659,392747.49,1180547.0749,30.058679048464448
002262.SZ,20260603,20.26,20.27,19.85,19.92,20.26,-0.34,-1.6782,82332.91,164559.77093,19.98711947992607
002263.SZ,20260603,3.79,3.93,3.72,3.78,3.83,-0.05,-1.3055,1105838.55,421894.21779,3.8151520200665825
002264.SZ,20260603,6.83,6.85,6.61,6.73,6.93,-0.2,-2.886,185214.0,124703.748,6.732954744241796
002265.SZ,20260603,19.97,20.3,19.85,19.98,20.04,-0.06,-0.2994,55907.05,112270.00355,20.08154670117633
002266.SZ,20260603,5.06,5.2,5.05,5.1,5.07,0.03,0.5917,665413.56,341871.3904,5.137728037883687
002267.SZ,20260603,7.57,7.62,7.45,7.6,7.58,0.02,0.2639,76500.0,57622.739,7.532384183006537
002268.SZ,20260603,14.11,14.26,13.87,13.96,14.11,-0.15,-1.0631,93230.47,131115.32532,14.063570131095553
002269.SZ,20260603,1.57,1.57,1.53,1.56,1.57,-0.01,-0.6369,441394.0,68418.185,1.550047916374033
002270.SZ,20260603,21.1,21.12,20.51,20.61,21.2,-0.59,-2.783,190112.53,394253.04871,20.73787817720379
002271.SZ,20260603,13.3,13.32,12.88,13.01,13.37,-0.36,-2.6926,458541.75,597827.91401,13.037589576303574
002272.SZ,20260603,19.64,20.99,19.42,19.83,19.92,-0.09,-0.4518,542839.44,1096207.32944,20.193951446121897
002273.SZ,20260603,37.38,38.61,36.1,36.85,37.07,-0.22,-0.5935,824727.99,3102414.93372,37.61743230904531
002274.SZ,20260603,5.72,5.72,5.61,5.71,5.74,-0.03,-0.5226,89227.4,50472.2805,5.6565898479615
002275.SZ,20260603,13.51,13.56,13.23,13.37,13.57,-0.2,-1.4738,23356.0,31132.187,13.329417280356227
002276.SZ,20260603,11.73,11.86,11.52,11.62,11.76,-0.14,-1.1905,156363.2,182802.58624,11.69089569924381
002277.SZ,20260603,6.48,6.61,6.4,6.52,6.51,0.01,0.1536,239103.2,156262.2627,6.535348029637412
002278.SZ,20260603,8.92,9.03,8.85,9.01,8.93,0.08,0.8959,76411.0,68404.415,8.952168535943777
002279.SZ,20260603,7.14,7.17,6.93,6.98,7.17,-0.19,-2.6499,451584.53,318152.60872,7.045250392434834
002281.SZ,20260603,220.05,234.0,216.8,224.0,215.11,8.89,4.1328,906133.99,20594563.6513,227.27945180932898
002282.SZ,20260603,6.26,6.45,6.2,6.33,6.26,0.07,1.1182,60006.0,37843.302,6.306586341365864
002283.SZ,20260603,11.02,11.33,10.48,10.64,11.02,-0.38,-3.4483,336858.64,366155.21363,10.869699338274357
002284.SZ,20260603,11.47,11.58,11.3,11.45,11.47,-0.02,-0.1744,121453.0,138905.737,11.436995133920115
002285.SZ,20260603,2.58,2.62,2.55,2.6,2.59,0.01,0.3861,365234.8,94274.6056,2.5812054492069207
002286.SZ,20260603,9.22,9.23,8.94,9.05,9.23,-0.18,-1.9502,88340.0,79938.481,9.048956418383518
002287.SZ,20260603,21.19,21.19,20.67,20.8,21.14,-0.34,-1.6083,16757.85,34893.20297,20.82200459486151
002289.SZ,20260603,41.45,42.7,40.77,41.69,41.7,-0.01,-0.024,25325.0,105741.38,41.753753208292196
002290.SZ,20260603,88.97,92.0,88.15,89.27,89.84,-0.57,-0.6345,76012.15,685145.4489,90.13630701144487
002291.SZ,20260603,5.83,5.84,5.65,5.66,5.87,-0.21,-3.5775,307885.53,175876.33943,5.712393805256129
002292.SZ,20260603,7.35,7.36,7.15,7.2,7.42,-0.22,-2.965,309635.46,224232.54725,7.241823893490752
002293.SZ,20260603,9.91,9.91,9.66,9.81,9.9,-0.09,-0.9091,49161.0,48066.3754,9.777338825491752
002294.SZ,20260603,32.75,32.91,32.2,32.33,32.99,-0.66,-2.0006,128552.58,416899.42747,32.430265302337766
002295.SZ,20260603,10.26,10.5,10.19,10.28,10.26,0.02,0.1949,45659.0,47229.169,10.343890361155523
002296.SZ,20260603,10.19,10.34,10.14,10.33,10.18,0.15,1.4735,84085.4,86245.53556,10.25689781579204
002297.SZ,20260603,20.0,21.64,19.95,21.18,19.95,1.23,6.1654,986182.56,2080023.88616,21.091671770792622
002298.SZ,20260603,9.1,9.18,9.0,9.06,9.11,-0.05,-0.5488,228726.09,208076.53526,9.097192858934458
002299.SZ,20260603,17.05,17.14,16.54,16.79,17.14,-0.35,-2.042,124191.58,208153.17518,16.760651179411678
002300.SZ,20260603,8.5,8.68,8.41,8.61,8.5,0.11,1.2941,201857.31,173379.79012,8.589225236381084
002301.SZ,20260603,7.88,8.0,7.78,7.91,7.87,0.04,0.5083,153576.0,120950.50312,7.875612277960098
002302.SZ,20260603,5.12,5.12,5.03,5.05,5.12,-0.07,-1.3672,62126.02,31501.55236,5.070589160548189
002303.SZ,20260603,3.31,3.32,3.28,3.28,3.32,-0.04,-1.2048,103614.0,34088.812,3.289981276661455
002304.SZ,20260603,44.69,44.69,43.7,44.02,44.69,-0.67,-1.4992,59039.87,259529.10915,43.958279235709696
002305.SZ,20260603,2.43,2.45,2.36,2.38,2.44,-0.06,-2.459,286576.51,68820.79993,2.40148084467914
002306.SZ,20260603,2.28,2.31,2.21,2.24,2.21,0.03,1.3575,212260.0,48082.163,2.2652484217469144
002307.SZ,20260603,3.84,3.85,3.78,3.79,3.85,-0.06,-1.5584,115410.87,43902.40172,3.8040092514682544
002309.SZ,20260603,3.51,3.6,3.46,3.55,3.51,0.04,1.1396,1540388.78,547420.49968,3.5537814010823943
002310.SZ,20260603,2.84,2.86,2.8,2.81,2.86,-0.05,-1.7483,1240456.78,349648.62518,2.8187086468260505
002311.SZ,20260603,46.91,47.1,45.58,46.27,47.2,-0.93,-1.9703,64474.59,296671.12835,46.013651013523315
002312.SZ,20260603,8.97,8.97,8.8,8.87,8.94,-0.07,-0.783,192558.06,170817.43559,8.870957444731216
002313.SZ,20260603,9.09,9.27,8.96,9.06,9.11,-0.05,-0.5488,87146.0,79359.106,9.10645422624102
002314.SZ,20260603,2.59,2.68,2.46,2.5,2.62,-0.12,-4.5802,1311693.51,331455.18124,2.5269255257655425
002315.SZ,20260603,28.2,28.3,27.33,27.52,28.48,-0.96,-3.3708,85319.3,237152.88745,27.795925124795914
002316.SZ,20260603,5.06,5.22,4.89,4.93,5.07,-0.14,-2.7613,184413.0,92192.557,4.999243925319798
002317.SZ,20260603,22.79,23.24,22.28,22.41,22.93,-0.52,-2.2678,225932.82,511646.77073,22.645969307602144
002318.SZ,20260603,22.67,22.89,22.08,22.44,22.66,-0.22,-0.9709,117985.89,266002.13063,22.545249320067
002319.SZ,20260603,12.24,12.34,11.76,11.85,12.24,-0.39,-3.1863,142560.82,171923.2581,12.059642901885665
002320.SZ,20260603,7.45,7.48,7.36,7.42,7.44,-0.02,-0.2688,141870.17,105197.50514,7.41505456291481
002321.SZ,20260603,1.9,1.91,1.86,1.89,1.91,-0.02,-1.0471,227168.0,42844.903,1.886044821453726
002322.SZ,20260603,11.59,11.6,11.27,11.38,11.6,-0.22,-1.8966,33849.0,38434.233,11.354614021093681
002323.SZ,20260603,1.55,1.59,1.51,1.59,1.51,0.08,5.298,2471285.07,387649.80737,1.5686163125243984
002324.SZ,20260603,12.25,12.37,12.03,12.15,12.25,-0.1,-0.8163,146687.52,179471.01831,12.23492075603978
002326.SZ,20260603,20.95,22.56,20.68,21.95,20.92,1.03,4.9235,490837.71,1076600.31668,21.933936507853073
002327.SZ,20260603,7.15,7.15,6.98,7.13,7.17,-0.04,-0.5579,55442.76,39048.30348,7.0429941582994795
002328.SZ,20260603,9.51,9.75,9.22,9.32,9.76,-0.44,-4.5082,741624.49,697593.55107,9.406290656205273
002329.SZ,20260603,4.24,4.29,4.1,4.14,4.28,-0.14,-3.271,202194.01,84647.11517,4.1864304076070304
002330.SZ,20260603,4.03,4.04,3.93,3.97,4.04,-0.07,-1.7327,115573.87,45867.54362,3.9686776621739845
002331.SZ,20260603,8.66,8.89,8.51,8.67,8.74,-0.07,-0.8009,123433.2,107173.4156,8.682705755015668
002332.SZ,20260603,8.53,8.53,8.36,8.4,8.52,-0.12,-1.4085,80240.0,67551.401,8.418669117647058
002333.SZ,20260603,5.06,5.06,4.97,4.98,5.07,-0.09,-1.7751,61213.0,30597.226,4.9984849623446
002334.SZ,20260603,8.55,9.33,8.54,9.0,8.63,0.37,4.2874,582213.63,521235.75446,8.9526546202637
002335.SZ,20260603,40.77,41.41,39.91,40.45,40.86,-0.41,-1.0034,341590.21,1391700.46577,40.74181358329912
002337.SZ,20260603,5.3,5.33,5.14,5.2,5.31,-0.11,-2.0716,82940.61,43425.03894,5.235678751337854
002338.SZ,20260603,52.6,55.0,52.6,53.79,52.56,1.23,2.3402,57741.24,310433.07816,53.76280075730968
002339.SZ,20260603,8.43,8.59,8.35,8.44,8.51,-0.07,-0.8226,116280.4,98624.4406,8.481604862040378
002340.SZ,20260603,7.7,7.81,7.63,7.68,7.78,-0.1,-1.2853,1303335.95,1007689.81028,7.731619850430736
002342.SZ,20260603,11.28,11.65,11.13,11.28,11.17,0.11,0.9848,937869.99,1062150.43867,11.325135146610247
002343.SZ,20260603,5.16,5.16,5.0,5.06,5.18,-0.12,-2.3166,132798.75,67081.25573,5.051346923822702
002344.SZ,20260603,4.01,4.03,3.9,3.93,3.97,-0.04,-1.0076,113499.11,44764.01823,3.9439972903752283
002345.SZ,20260603,9.18,9.25,8.96,9.2,9.18,0.02,0.2179,136171.0,123831.176,9.093799413972139
002346.SZ,20260603,19.37,19.49,18.7,18.9,19.45,-0.55,-2.8278,53063.22,101198.4858,19.071305096072194
002347.SZ,20260603,6.97,7.0,6.77,6.83,7.0,-0.17,-2.4286,192852.0,132350.181,6.862784985377388
002348.SZ,20260603,14.6,15.4,14.5,15.29,14.91,0.38,2.5486,316341.0,477816.11784,15.104463785598451
002349.SZ,20260603,6.9,6.92,6.76,6.77,6.92,-0.15,-2.1676,95209.0,64763.779,6.8022748899788885
002350.SZ,20260603,15.28,15.44,14.65,14.9,15.21,-0.31,-2.0381,174294.07,260933.92105,14.970900676655264
002351.SZ,20260603,11.26,11.5,11.21,11.32,11.37,-0.05,-0.4398,161322.46,183551.30165,11.377913630253346
002352.SZ,20260603,35.05,35.05,34.36,34.57,34.9,-0.33,-0.9456,187465.8,648690.84634,34.603156753925255
002353.SZ,20260603,148.09,151.99,141.58,143.04,148.09,-5.05,-3.4101,210667.42,3074541.00685,145.94288033954183
002354.SZ,20260603,6.4,6.53,6.12,6.18,6.7,-0.52,-7.7612,2240383.19,1405256.19183,6.272392143015498
002355.SZ,20260603,5.36,5.44,5.29,5.34,5.37,-0.03,-0.5587,145478.0,78011.477,5.3624243528231075
002356.SZ,20260603,3.29,3.5,3.2,3.4,3.29,0.11,3.3435,815892.3,271218.0521,3.3241893825937563
002357.SZ,20260603,10.28,10.29,10.1,10.21,10.28,-0.07,-0.6809,54660.38,55638.55922,10.178955803088087
002358.SZ,20260603,6.37,6.42,6.28,6.33,6.41,-0.08,-1.248,180514.0,114516.433,6.343908671903565
002360.SZ,20260603,6.28,6.39,6.09,6.14,6.28,-0.14,-2.2293,94206.53,58663.63441,6.227130370898918
002361.SZ,20260603,15.08,15.84,15.03,15.33,15.07,0.26,1.7253,908531.27,1397712.41967,15.384307242061135
002362.SZ,20260603,16.6,16.61,16.09,16.19,16.6,-0.41,-2.4699,37171.0,60743.766,16.34170885905679
002363.SZ,20260603,7.16,7.18,6.99,7.08,7.17,-0.09,-1.2552,55732.03,39514.70424,7.090124698490258
002364.SZ,20260603,51.86,57.3,50.88,54.78,52.27,2.51,4.802,602748.29,3294511.09406,54.65815745507963
002365.SZ,20260603,11.87,11.87,11.52,11.61,11.82,-0.21,-1.7766,61655.0,71552.006,11.605223582839997
002366.SZ,20260603,6.6,6.66,6.36,6.46,6.59,-0.13,-1.9727,529988.39,343464.26758,6.480599840687075
002367.SZ,20260603,5.78,5.78,5.64,5.68,5.8,-0.12,-2.069,85108.96,48467.6893,5.694781054779661
002368.SZ,20260603,15.73,15.91,15.49,15.74,15.81,-0.07,-0.4428,82654.29,129699.29707,15.691780435111113
002369.SZ,20260603,6.51,6.63,6.34,6.39,6.52,-0.13,-1.9939,126289.31,81598.00151,6.461196241392086
002370.SZ,20260603,5.88,5.9,5.68,5.74,5.91,-0.17,-2.8765,195701.0,112599.47,5.753648167357346
002371.SZ,20260603,602.81,633.66,594.0,614.84,602.8,12.04,1.9973,144161.28,8857781.07515,614.4355179941521
002372.SZ,20260603,9.89,9.9,9.47,9.55,9.9,-0.35,-3.5354,116805.25,111959.55275,9.585147307162991
002373.SZ,20260603,7.89,8.0,7.73,7.78,7.9,-0.12,-1.519,252128.0,198332.00956,7.866322247429877
002374.SZ,20260603,3.39,3.49,3.34,3.47,3.39,0.08,2.3599,303477.4,103529.25,3.411431955064858
002375.SZ,20260603,4.26,4.35,4.14,4.18,4.26,-0.08,-1.8779,242544.06,102426.41438,4.2230023848038165
002376.SZ,20260603,6.54,6.62,6.47,6.49,6.55,-0.06,-0.916,95187.27,62179.75273,6.532360128618039
002377.SZ,20260603,2.93,2.99,2.86,2.89,2.91,-0.02,-0.6873,247693.0,71715.404,2.8953343049662283
002378.SZ,20260603,29.43,31.42,28.79,30.84,29.47,1.37,4.6488,994634.79,3047561.66518,30.64000672226637
002379.SZ,20260603,21.0,21.09,20.44,20.85,21.05,-0.2,-0.9501,241824.39,500837.30508,20.710785420775796
002380.SZ,20260603,39.3,40.03,38.38,39.19,39.3,-0.11,-0.2799,82492.0,322786.459,39.12942576249818
002381.SZ,20260603,5.85,5.85,5.71,5.77,5.84,-0.07,-1.1986,56027.97,32233.84472,5.753170196956984
002382.SZ,20260603,6.41,6.61,6.38,6.51,6.43,0.08,1.2442,162736.5,105596.96551,6.4888310557250515
002383.SZ,20260603,7.73,7.89,7.7,7.77,7.72,0.05,0.6477,102467.0,79921.696,7.7997497730976795
002384.SZ,20260603,219.6,232.02,219.0,223.99,210.93,13.06,6.1916,1175068.72,26553624.9168,225.97508098760386
002385.SZ,20260603,3.36,3.37,3.31,3.32,3.35,-0.03,-0.8955,421557.28,140441.60196,3.3314951163931976
002386.SZ,20260603,5.9,5.98,5.87,5.92,5.9,0.02,0.339,172970.74,102450.13918,5.92297513325086
002387.SZ,20260603,8.1,8.5,8.08,8.16,8.13,0.03,0.369,270124.32,223787.33352,8.284605159579856
002388.SZ,20260603,5.56,5.66,5.37,5.44,5.62,-0.18,-3.2028,490086.0,269382.812,5.496643691107275
002389.SZ,20260603,19.17,19.52,19.12,19.3,19.21,0.09,0.4685,143633.77,277362.65792,19.310407150073416
002390.SZ,20260603,3.04,3.04,2.98,2.99,3.03,-0.04,-1.3201,176020.59,52884.60687,3.0044557213448724
002391.SZ,20260603,5.7,5.7,5.52,5.58,5.66,-0.08,-1.4134,59452.34,33195.75474,5.5835909469669325
002392.SZ,20260603,8.05,8.06,7.79,7.92,8.0,-0.08,-1.0,179981.76,142775.43744,7.932772600956897
002393.SZ,20260603,14.73,14.76,14.49,14.6,14.81,-0.21,-1.418,15105.76,22026.03048,14.581213047208482
002394.SZ,20260603,10.53,10.57,10.17,10.32,10.53,-0.21,-1.9943,58182.03,59750.36654,10.269556861457051
002395.SZ,20260603,13.7,14.31,13.56,14.0,13.73,0.27,1.9665,82651.96,114622.68728,13.868114837204102
002396.SZ,20260603,23.07,23.66,22.14,22.35,22.68,-0.33,-1.455,420618.19,965190.70888,22.94695597639275
002397.SZ,20260603,4.64,4.66,4.48,4.54,4.66,-0.12,-2.5751,193353.0,88061.921,4.55446364938739
002398.SZ,20260603,4.48,4.52,4.39,4.44,4.49,-0.05,-1.1136,100094.64,44386.08289,4.43441156189782
002399.SZ,20260603,9.79,9.83,9.61,9.67,9.78,-0.11,-1.1247,58753.8,57061.0272,9.711887094962368
002400.SZ,20260603,8.06,8.07,7.88,7.94,8.16,-0.22,-2.6961,800362.06,637537.06525,7.965608280457471
002401.SZ,20260603,13.05,13.07,12.7,12.8,13.07,-0.27,-2.0658,38927.0,49957.127,12.833541500757828
002402.SZ,20260603,26.0,26.58,25.56,25.88,26.02,-0.14,-0.538,270533.66,707938.24435,26.168213018298726
002403.SZ,20260603,10.43,10.56,10.12,10.24,10.44,-0.2,-1.9157,44101.8,45377.2844,10.289213682888224
002404.SZ,20260603,7.19,7.72,7.09,7.55,7.4,0.15,2.027,845499.17,622736.85158,7.365315942060593
002405.SZ,20260603,8.35,8.4,8.1,8.15,8.37,-0.22,-2.6284,639331.08,526840.99066,8.240503350157795
002406.SZ,20260603,8.33,8.34,7.82,8.02,8.41,-0.39,-4.6373,658441.0,532603.386,8.088855129009282
002407.SZ,20260603,33.01,33.8,32.46,33.27,33.1,0.17,0.5136,796494.77,2655947.45676,33.345447538343535
002408.SZ,20260603,5.17,5.25,5.13,5.22,5.16,0.06,1.1628,222208.91,115240.97482,5.186154543487928
002409.SZ,20260603,110.19,116.0,110.1,113.8,109.63,4.17,3.8037,244694.91,2791247.02558,114.0704980573564
002410.SZ,20260603,10.03,10.05,9.64,9.72,10.1,-0.38,-3.7624,438805.98,430423.86682,9.808979057669179
002412.SZ,20260603,6.8,6.81,6.5,6.58,6.85,-0.27,-3.9416,118911.29,78374.29656,6.590988673993866
002413.SZ,20260603,10.48,10.84,10.38,10.57,10.49,0.08,0.7626,596972.0,632915.31212,10.60209376855196
002414.SZ,20260603,12.95,12.98,12.65,12.75,12.95,-0.2,-1.5444,548195.93,703759.43188,12.837735440319669
002415.SZ,20260603,30.55,31.15,30.28,30.77,30.75,0.02,0.065,585573.27,1800874.25135,30.754037856782634
002416.SZ,20260603,10.21,10.68,10.16,10.51,10.26,0.25,2.4366,258183.14,270833.46213,10.489974757065855
002418.SZ,20260603,4.55,4.66,4.48,4.55,4.56,-0.01,-0.2193,522218.0,239660.676,4.5892840920841484
002419.SZ,20260603,4.94,4.94,4.8,4.82,4.94,-0.12,-2.4291,129600.21,62727.38293,4.840068000661418
002420.SZ,20260603,5.71,6.0,5.68,5.82,6.05,-0.23,-3.8017,172869.8,100366.6924,5.805912449716493
002421.SZ,20260603,4.88,5.1,4.74,4.88,4.97,-0.09,-1.8109,7668822.29,3755504.27531,4.897106926323103
002422.SZ,20260603,35.16,35.38,33.47,33.55,35.25,-1.7,-4.8227,228980.05,780062.06941,34.06681365516341
002423.SZ,20260603,9.22,9.26,9.1,9.17,9.23,-0.06,-0.6501,97517.99,89499.51779,9.177744310562595
002424.SZ,20260603,4.74,4.74,4.67,4.69,4.73,-0.04,-0.8457,51835.0,24339.109,4.695497057972412
002425.SZ,20260603,3.04,3.04,2.93,2.95,3.05,-0.1,-3.2787,178317.0,53074.888,2.976434551949618
002426.SZ,20260603,3.56,3.67,3.46,3.58,3.71,-0.13,-3.504,2929212.71,1038361.80033,3.544849429285728
002427.SZ,20260603,4.73,4.73,4.57,4.63,4.68,-0.05,-1.0684,110890.97,51237.0493,4.620488872989387
002428.SZ,20260603,87.56,92.81,86.5,88.99,86.37,2.62,3.0335,1080145.1,9691956.5092,89.72828288717876
002429.SZ,20260603,11.93,12.91,11.83,12.12,11.74,0.38,3.2368,2196886.06,2727584.96259,12.415686968262705
002430.SZ,20260603,24.61,25.03,24.3,24.82,24.58,0.24,0.9764,126688.1,313021.11214,24.70801220793429
002431.SZ,20260603,1.68,1.7,1.61,1.62,1.68,-0.06,-3.5714,289275.0,47424.621,1.6394303344568317
002432.SZ,20260603,75.8,78.89,74.66,77.2,76.3,0.9,1.1796,244035.16,1879405.20046,77.01370574879456
002434.SZ,20260603,7.12,7.54,7.09,7.35,7.21,0.14,1.9417,300835.69,221717.29239,7.370046166729751
002436.SZ,20260603,42.33,42.6,39.13,39.82,42.22,-2.4,-5.6845,2252788.22,9253281.58136,41.07479566525787
002437.SZ,20260603,2.91,2.94,2.86,2.91,2.92,-0.01,-0.3425,497967.0,144000.519,2.891768309948249
002438.SZ,20260603,17.27,17.27,16.61,16.78,17.3,-0.52,-3.0058,148790.0,251207.75732,16.883376390886482
002439.SZ,20260603,14.31,14.57,14.13,14.32,14.43,-0.11,-0.7623,198072.99,284271.88943,14.35187550962905
002440.SZ,20260603,9.29,9.29,9.06,9.11,9.29,-0.18,-1.9376,225247.93,206717.83476,9.177346702364812
002441.SZ,20260603,9.5,9.52,9.18,9.26,9.52,-0.26,-2.7311,86779.0,80857.763,9.317664757602646
002442.SZ,20260603,5.56,5.68,5.52,5.58,5.63,-0.05,-0.8881,352851.0,197167.246,5.5878329946634695
002443.SZ,20260603,11.45,11.65,11.1,11.36,11.49,-0.13,-1.1314,262315.0,298116.7812,11.364839265768257
002444.SZ,20260603,32.06,33.45,31.99,32.52,32.18,0.34,1.0566,160457.56,526909.96935,32.837964714781904
002445.SZ,20260603,3.56,3.8,3.53,3.72,3.57,0.15,4.2017,1851058.79,687452.82038,3.7138356928144893
002446.SZ,20260603,9.48,10.19,9.44,9.75,9.54,0.21,2.2013,382231.66,378065.51371,9.891004677896124
002448.SZ,20260603,13.46,13.65,12.79,12.98,13.5,-0.52,-3.8519,204027.05,268933.7377,13.181278546153564
002449.SZ,20260603,8.3,8.51,8.2,8.32,8.33,-0.01,-0.12,267452.48,224037.35228,8.376716203192432
002451.SZ,20260603,8.31,8.39,8.22,8.32,8.36,-0.04,-0.4785,71357.0,59246.85,8.302878484241209
002452.SZ,20260603,11.4,11.5,11.14,11.26,11.4,-0.14,-1.2281,220619.12,248828.7886,11.278659283927885
002453.SZ,20260603,5.69,5.81,5.59,5.68,5.7,-0.02,-0.3509,154734.01,88326.36163,5.708270704675719
002454.SZ,20260603,5.77,5.82,5.65,5.73,5.78,-0.05,-0.8651,104723.32,60116.99594,5.740554820072549
002455.SZ,20260603,8.56,8.62,8.42,8.49,8.57,-0.08,-0.9335,207200.22,176713.31733,8.528625950783256
002456.SZ,20260603,9.52,9.97,9.46,9.82,9.52,0.3,3.1513,2288240.01,2239520.29521,9.787086518122724
002457.SZ,20260603,11.84,12.11,11.55,11.9,11.96,-0.06,-0.5017,290070.0,342907.085,11.821528768917847
002458.SZ,20260603,8.26,8.39,8.13,8.25,8.34,-0.09,-1.0791,208981.35,172925.29426,8.274675910553741
002459.SZ,20260603,8.77,8.86,8.65,8.68,8.76,-0.08,-0.9132,402916.33,352910.94623,8.758913946972562
002460.SZ,20260603,68.34,69.59,67.58,68.79,68.98,-0.19,-0.2754,377235.95,2595420.16755,68.80097635312859
002461.SZ,20260603,9.9,9.95,9.5,9.68,9.99,-0.31,-3.1031,247925.08,238966.20384,9.638645829619175
002462.SZ,20260603,13.9,13.9,13.52,13.6,13.85,-0.25,-1.8051,72807.0,99737.927,13.698947491312648
002463.SZ,20260603,131.04,138.42,127.0,129.8,131.0,-1.2,-0.916,1052101.88,14017816.1085,133.23629940191725
002465.SZ,20260603,15.8,16.48,15.1,15.36,16.05,-0.69,-4.2991,1471084.85,2316412.38436,15.74628672411384
002466.SZ,20260603,60.5,61.97,60.04,60.98,61.29,-0.31,-0.5058,432098.97,2642313.89976,61.15066415825986
002467.SZ,20260603,5.58,5.63,5.46,5.51,5.61,-0.1,-1.7825,370110.76,205322.91374,5.547607255190311
002468.SZ,20260603,14.74,14.82,13.97,14.2,14.76,-0.56,-3.794,333165.01,475692.13932,14.277974128195513
002469.SZ,20260603,6.44,6.47,6.35,6.43,6.44,-0.01,-0.1553,58437.5,37362.8645,6.393645262032086
002470.SZ,20260603,2.27,2.32,2.23,2.29,2.27,0.02,0.8811,1128955.5,256725.2895,2.2740071641442023
002471.SZ,20260603,6.96,7.17,6.94,7.02,7.05,-0.03,-0.4255,525209.24,369913.89096,7.043171802537214
002472.SZ,20260603,39.72,41.64,39.33,40.24,39.98,0.26,0.6503,305650.08,1242594.0756,40.65413873276264
002474.SZ,20260603,7.08,7.09,6.87,6.98,7.03,-0.05,-0.7112,249818.72,174610.46566,6.989486843099668
002475.SZ,20260603,75.0,78.0,73.33,74.8,74.0,0.8,1.0811,2638471.22,20073822.5994,76.08126420799086
002476.SZ,20260603,5.28,5.39,5.25,5.33,5.26,0.07,1.3308,83362.49,44322.96048,5.316894982383563
002478.SZ,20260603,7.15,7.21,7.04,7.1,7.16,-0.06,-0.838,215569.62,153849.4997,7.136882261053296
002479.SZ,20260603,5.45,5.48,5.33,5.45,5.5,-0.05,-0.9091,216899.01,117281.41133,5.407189794457798
002480.SZ,20260603,6.13,6.32,6.0,6.18,6.12,0.06,0.9804,177763.8,109697.55103,6.17097243814545
002481.SZ,20260603,4.18,4.18,4.07,4.12,4.18,-0.06,-1.4354,92836.6,38127.20714,4.106915498844205
002482.SZ,20260603,1.53,1.53,1.48,1.5,1.53,-0.03,-1.9608,520262.98,78059.5245,1.5003859106023651
002483.SZ,20260603,5.93,5.94,5.75,5.81,5.94,-0.13,-2.1886,86598.0,50510.6714,5.832775745398276
002484.SZ,20260603,84.42,90.9,81.0,87.59,83.46,4.13,4.9485,611986.52,5309407.05679,86.75692818838557
002485.SZ,20260603,4.71,4.71,4.59,4.63,4.75,-0.12,-2.5263,24215.1,11241.6113,4.642397223220223
002486.SZ,20260603,2.49,2.49,2.41,2.45,2.49,-0.04,-1.6064,227013.04,55521.10876,2.4457233276114887
002487.SZ,20260603,72.0,72.1,69.0,69.91,71.45,-1.54,-2.1554,169628.91,1194594.36212,70.42398386690098
002488.SZ,20260603,10.09,10.44,9.93,10.32,10.13,0.19,1.8756,233999.71,239553.62728,10.237347186455914
002489.SZ,20260603,3.9,3.97,3.79,3.81,3.9,-0.09,-2.3077,488499.53,189624.5057,3.8817745781659196
002490.SZ,20260603,7.82,8.59,7.74,8.38,7.81,0.57,7.2983,607204.0,496382.019,8.174880583790621
002491.SZ,20260603,25.01,26.5,24.0,24.39,25.09,-0.7,-2.79,2710396.5,6880695.31478,25.386305342336442
002492.SZ,20260603,6.19,6.22,6.0,6.09,6.18,-0.09,-1.4563,91693.0,55781.117,6.083465150011451
002493.SZ,20260603,11.56,11.6,11.32,11.44,11.55,-0.11,-0.9524,418468.73,478947.71589,11.44524504590821
002494.SZ,20260603,5.34,5.38,5.16,5.22,5.34,-0.12,-2.2472,116820.3,61274.7056,5.245210430036559
002495.SZ,20260603,2.44,2.44,2.38,2.41,2.43,-0.02,-0.823,271425.8,65323.1428,2.4066666764913287
002496.SZ,20260603,2.58,2.61,2.46,2.51,2.58,-0.07,-2.7132,277087.8,69496.9588,2.5081204874411647
002497.SZ,20260603,22.22,22.73,22.08,22.28,22.57,-0.29,-1.2849,279585.95,626477.20843,22.407320841050847
002498.SZ,20260603,7.91,8.15,7.86,8.03,7.97,0.06,0.7528,867144.37,697248.98886,8.04074861098389
002500.SZ,20260603,5.18,5.19,5.13,5.13,5.18,-0.05,-0.9653,253512.08,130666.65696,5.1542576180196225
002501.SZ,20260603,1.58,1.58,1.58,1.58,1.5,0.08,5.3333,71064.0,11228.112,1.58
002506.SZ,20260603,3.39,3.43,3.36,3.39,3.41,-0.02,-0.5865,2072801.24,705029.90168,3.401338671912412
002507.SZ,20260603,11.72,11.73,11.51,11.57,11.74,-0.17,-1.448,82512.82,95509.41375,11.575099935985705
002508.SZ,20260603,16.9,16.93,16.4,16.44,16.83,-0.39,-2.3173,79396.11,131526.86561,16.565908028743475
002510.SZ,20260603,6.51,6.53,6.37,6.38,6.54,-0.16,-2.4465,161265.0,103950.137,6.445920503519052
002511.SZ,20260603,7.37,7.39,7.18,7.21,7.37,-0.16,-2.171,109245.18,78902.59378,7.222524030808499
002512.SZ,20260603,4.57,4.67,4.44,4.53,4.61,-0.08,-1.7354,445291.02,202089.0942,4.538359974113108
002513.SZ,20260603,5.76,5.81,5.58,5.65,5.79,-0.14,-2.418,77674.0,44047.063,5.670760228647938
002514.SZ,20260603,4.69,4.72,4.37,4.37,4.6,-0.23,-5.0,556555.91,247703.28165,4.45064506906413
002515.SZ,20260603,6.84,7.17,6.7,6.96,6.85,0.11,1.6058,1211271.54,845060.66387,6.976640959218773
002516.SZ,20260603,6.04,6.1,5.88,5.93,6.03,-0.1,-1.6584,229053.26,137125.47444,5.986619637720938
002517.SZ,20260603,15.58,15.97,15.29,15.45,15.62,-0.17,-1.0883,500016.07,781123.18693,15.62196164875261
002518.SZ,20260603,51.93,53.36,50.71,51.28,51.95,-0.67,-1.2897,126753.79,661173.72633,52.162047882749704
002519.SZ,20260603,6.56,6.74,6.49,6.58,6.58,0.0,0.0,358811.91,237277.83113,6.612875005458989
002520.SZ,20260603,5.74,5.86,5.61,5.69,5.76,-0.07,-1.2153,222538.12,127848.71986,5.745025609994369
002521.SZ,20260603,7.75,7.77,7.61,7.62,7.77,-0.15,-1.9305,30217.0,23108.18972,7.647413614852566
002522.SZ,20260603,6.49,7.06,6.48,6.7,6.42,0.28,4.3614,979356.93,666058.58291,6.800978912866834
002523.SZ,20260603,3.49,3.56,3.46,3.5,3.5,0.0,0.0,173166.13,60920.37922,3.518030877054306
002524.SZ,20260603,3.87,3.87,3.73,3.79,3.88,-0.09,-2.3196,125338.49,47470.23383,3.7873628308431027
002526.SZ,20260603,3.11,3.12,3.05,3.06,3.12,-0.06,-1.9231,332185.64,102206.47098,3.0767877557861922
002527.SZ,20260603,14.6,14.89,14.39,14.66,14.64,0.02,0.1366,336807.69,494115.82194,14.6705623597846
002528.SZ,20260603,4.8,4.8,4.8,4.8,4.57,0.23,5.0328,11139.0,5346.72,4.800000000000001
002529.SZ,20260603,8.15,8.19,7.97,7.97,8.21,-0.24,-2.9233,37159.0,29893.15,8.044659436475687
002530.SZ,20260603,7.63,7.65,7.48,7.55,7.64,-0.09,-1.178,99629.32,75395.30385,7.5675818975779405
002531.SZ,20260603,10.52,10.85,10.31,10.5,10.55,-0.05,-0.4739,401571.88,424217.66005,10.56392843169198
002532.SZ,20260603,15.2,15.83,15.02,15.63,15.39,0.24,1.5595,773494.11,1198773.99912,15.498165837617044
002533.SZ,20260603,12.37,12.58,12.27,12.48,12.48,0.0,0.0,82634.43,102765.75892,12.436191418032411
002534.SZ,20260603,19.93,20.35,19.35,19.6,19.92,-0.32,-1.6064,158544.88,315140.57939,19.877058116919322
002535.SZ,20260603,2.73,2.77,2.55,2.6,2.71,-0.11,-4.059,386513.15,101483.20625,2.6256081132039104
002536.SZ,20260603,42.75,43.8,38.49,39.16,40.45,-1.29,-3.1891,575385.36,2314697.70597,40.228651385395004
002537.SZ,20260603,6.31,6.36,6.18,6.22,6.31,-0.09,-1.4263,160742.6,100641.45807,6.2610321140755465
002538.SZ,20260603,6.22,6.24,6.01,6.09,6.22,-0.13,-2.09,149432.0,91066.142,6.094152658065207
002539.SZ,20260603,12.41,12.77,12.26,12.6,12.49,0.11,0.8807,167962.0,209660.024,12.482586775580192
002540.SZ,20260603,5.54,5.55,5.41,5.45,5.58,-0.13,-2.3297,86526.0,47416.975,5.480084020987911
002541.SZ,20260603,19.12,19.94,18.81,19.14,18.97,0.17,0.8962,147565.05,285247.18985,19.330267556579287
002542.SZ,20260603,1.67,1.72,1.59,1.62,1.67,-0.05,-2.994,436488.5,71889.897,1.6470055224822646
002543.SZ,20260603,7.49,7.51,7.31,7.36,7.48,-0.12,-1.6043,32339.21,23842.72048,7.372697255127754
002544.SZ,20260603,20.98,21.41,20.77,20.97,20.98,-0.01,-0.0477,117166.0,247292.894,21.10619923868699
002545.SZ,20260603,21.83,21.9,21.0,21.25,21.83,-0.58,-2.6569,204082.0,436526.842,21.38977675640184
002546.SZ,20260603,7.42,7.45,7.27,7.32,7.42,-0.1,-1.3477,134169.0,98805.156,7.364231379826935
002547.SZ,20260603,3.72,3.77,3.61,3.64,3.75,-0.11,-2.9333,485424.58,178492.50168,3.677038803432656
002548.SZ,20260603,4.06,4.14,4.0,4.1,4.07,0.03,0.7371,232792.31,94703.49893,4.068154095382274
002549.SZ,20260603,15.45,15.91,15.38,15.75,15.46,0.29,1.8758,222490.68,349048.50774,15.688230524532532
002550.SZ,20260603,6.19,6.2,6.09,6.1,6.2,-0.1,-1.6129,91232.0,55857.651,6.122594155559452
002551.SZ,20260603,3.1,3.12,3.03,3.06,3.11,-0.05,-1.6077,119855.43,36740.45566,3.065397676183716
002552.SZ,20260603,58.87,61.0,56.93,59.47,60.78,-1.31,-2.1553,295135.0,1751653.768,59.35093323394379
002553.SZ,20260603,18.33,18.54,17.96,18.1,18.3,-0.2,-1.0929,54900.57,100054.91119,18.224749067268334
002554.SZ,20260603,3.15,3.19,3.1,3.18,3.13,0.05,1.5974,244608.0,76957.721,3.146165333922031
002555.SZ,20260603,19.45,19.75,19.1,19.48,19.57,-0.09,-0.4599,250023.2,486003.193,19.43832384354732
002556.SZ,20260603,5.24,5.26,5.14,5.17,5.25,-0.08,-1.5238,85262.83,44198.86256,5.183837149200889
002557.SZ,20260603,22.5,22.52,21.61,21.7,22.5,-0.8,-3.5556,104120.01,227398.57944,21.84004587014542
002558.SZ,20260603,25.5,26.16,25.24,25.59,25.63,-0.04,-0.1561,359974.95,926086.0554,25.726402778860024
002559.SZ,20260603,9.89,10.16,9.66,9.73,10.09,-0.36,-3.5679,446447.0,443014.9205,9.923124592616816
002560.SZ,20260603,8.86,8.97,8.74,8.87,8.93,-0.06,-0.6719,474208.09,420313.78255,8.863488232560519
002561.SZ,20260603,7.38,7.44,7.2,7.29,7.37,-0.08,-1.0855,45786.69,33263.75663,7.2649402326309245
002562.SZ,20260603,5.03,5.09,4.97,5.0,5.0,0.0,0.0,211087.76,106300.55294,5.035846367406618
002563.SZ,20260603,5.54,5.56,5.41,5.45,5.54,-0.09,-1.6245,128958.0,70582.178,5.473268661114471
002564.SZ,20260603,5.12,5.14,5.02,5.07,5.13,-0.06,-1.1696,135333.0,68714.304,5.077424131586531
002565.SZ,20260603,14.32,14.96,14.18,14.62,14.38,0.24,1.669,764178.43,1114874.41711,14.589189819320076
002566.SZ,20260603,7.05,7.07,6.86,6.93,7.03,-0.1,-1.4225,53646.92,37173.63864,6.929314607436923
002567.SZ,20260603,3.65,3.65,3.55,3.57,3.65,-0.08,-2.1918,155363.65,55678.138,3.58373004238765
002568.SZ,20260603,19.5,19.65,18.72,19.25,19.88,-0.63,-3.169,272215.61,520460.3864,19.119417376542074
002569.SZ,20260603,15.97,16.21,15.6,16.01,16.09,-0.08,-0.4972,18116.99,28886.0564,15.944180793829439
002570.SZ,20260603,5.4,5.62,5.18,5.2,5.11,0.09,1.7613,1090206.78,589266.95974,5.4050935157457
002571.SZ,20260603,12.05,12.76,11.97,12.25,12.0,0.25,2.0833,137398.0,168563.192,12.268242041368872
002572.SZ,20260603,9.13,9.14,8.7,8.8,9.13,-0.33,-3.6145,161710.22,142520.44972,8.813323593276913
002573.SZ,20260603,3.44,3.44,3.36,3.39,3.45,-0.06,-1.7391,72635.6,24630.5774,3.3909787211780444
002574.SZ,20260603,5.0,5.01,4.89,4.92,5.01,-0.09,-1.7964,64454.61,31838.12712,4.939619853413123
002575.SZ,20260603,6.14,6.28,5.92,5.93,6.23,-0.3,-4.8154,856120.49,516168.86115,6.02916139934929
002576.SZ,20260603,16.45,16.6,15.89,16.09,16.41,-0.32,-1.95,60764.16,98321.90128,16.180903558940006
002577.SZ,20260603,18.15,18.42,17.86,18.05,18.15,-0.1,-0.551,28629.83,51944.33715,18.143431920482936
002578.SZ,20260603,4.15,4.18,4.07,4.13,4.18,-0.05,-1.1962,380528.0,156714.464,4.118342513560106
002579.SZ,20260603,20.2,21.88,19.0,19.45,20.76,-1.31,-6.3102,2739428.4,5494938.57593,20.058704859488206
002580.SZ,20260603,25.01,25.78,24.3,24.31,26.96,-2.65,-9.8294,1159376.75,2873944.79212,24.788704725362138
002581.SZ,20260603,4.5,4.52,4.34,4.34,4.52,-0.18,-3.9823,66330.0,29335.815,4.422706919945726
002582.SZ,20260603,10.06,10.06,9.9,9.94,10.06,-0.12,-1.1928,127832.36,127290.03753,9.957575494186292
002583.SZ,20260603,8.27,8.5,8.19,8.31,8.27,0.04,0.4837,249147.81,207790.37904,8.340044371250945
002584.SZ,20260603,7.39,7.59,7.17,7.41,7.43,-0.02,-0.2692,218781.64,161465.81544,7.380226944089092
002585.SZ,20260603,11.01,11.58,10.48,10.73,11.22,-0.49,-4.3672,1842529.56,2027442.99271,11.00358461934255
002586.SZ,20260603,4.28,4.28,4.07,4.07,4.28,-0.21,-4.9065,121572.0,50305.402,4.137910209587734
002587.SZ,20260603,6.71,6.94,6.6,6.69,6.74,-0.05,-0.7418,207240.35,140026.215,6.756706162675367
002588.SZ,20260603,9.16,9.17,9.0,9.06,9.16,-0.1,-1.0917,96332.2,87446.5806,9.077606511633702
002589.SZ,20260603,2.91,2.92,2.85,2.87,2.92,-0.05,-1.7123,187128.06,53746.153,2.8721589375746213
002590.SZ,20260603,11.5,11.53,11.19,11.31,11.54,-0.23,-1.9931,85587.45,97255.7186,11.363315369250982
002591.SZ,20260603,7.74,7.95,7.59,7.77,7.74,0.03,0.3876,105069.0,81425.663,7.749732366349732
002592.SZ,20260603,7.14,7.19,6.98,7.04,7.13,-0.09,-1.2623,25056.0,17686.858,7.05893119412516
002593.SZ,20260603,4.73,4.77,4.67,4.72,4.74,-0.02,-0.4219,102198.2,48179.7988,4.714349058985383
002594.SZ,20260603,96.0,96.0,94.5,94.82,96.76,-1.94,-2.005,370433.74,3514157.74547,94.86602774007572
002595.SZ,20260603,53.09,54.04,51.81,52.21,53.09,-0.88,-1.6576,55840.82,293391.17582,52.540628131893484
002596.SZ,20260603,3.64,3.82,3.64,3.8,3.68,0.12,3.2609,286258.12,107341.13836,3.7498023937277307
002597.SZ,20260603,20.68,20.75,19.93,19.99,20.78,-0.79,-3.8017,81493.2,164181.65743,20.14666959083703
002598.SZ,20260603,7.45,7.46,7.22,7.23,7.44,-0.21,-2.8226,46755.0,34223.983,7.319855202652122
002599.SZ,20260603,6.35,6.35,6.16,6.19,6.39,-0.2,-3.1299,107444.0,67143.416,6.249154536316592
002600.SZ,20260603,14.7,15.4,14.63,14.86,14.67,0.19,1.2952,2183927.96,3288638.55177,15.058365532212886
002601.SZ,20260603,14.3,14.57,14.23,14.35,14.35,0.0,0.0,183828.71,264104.13409,14.366860001900683
002602.SZ,20260603,14.88,15.55,14.77,15.02,14.98,0.04,0.267,1256730.01,1903152.66144,15.143687556565947
002603.SZ,20260603,15.77,15.77,15.41,15.44,15.77,-0.33,-2.0926,116982.4,181155.513,15.485706653308533
002605.SZ,20260603,19.29,19.29,18.71,18.84,19.3,-0.46,-2.3834,58724.38,110978.60398,18.898216376230792
002606.SZ,20260603,16.22,16.24,14.95,14.95,16.61,-1.66,-9.994,698750.93,1062613.66798,15.207331001047823
002607.SZ,20260603,2.34,2.34,2.16,2.23,2.36,-0.13,-5.5085,2316747.17,517803.70794,2.23504625211218
002608.SZ,20260603,10.0,10.65,9.63,10.3,10.42,-0.12,-1.1516,1783411.72,1778939.6348,9.974923988948554
002609.SZ,20260603,7.9,7.98,7.76,7.82,7.9,-0.08,-1.0127,57206.38,44994.31144,7.865261084515398
002611.SZ,20260603,17.13,18.68,17.04,18.01,17.3,0.71,4.104,807879.16,1465431.40149,18.13924005033129
002612.SZ,20260603,13.34,13.4,12.95,13.03,13.33,-0.3,-2.2506,37253.17,48699.4627,13.072568777368476
002613.SZ,20260603,4.78,4.88,4.58,4.64,4.78,-0.14,-2.9289,1088836.28,511901.79524,4.70136607902154
002614.SZ,20260603,5.22,5.23,5.09,5.13,5.22,-0.09,-1.7241,64942.7,33342.5004,5.134141389255451
002615.SZ,20260603,7.51,7.85,7.41,7.77,7.57,0.2,2.642,113055.0,86849.145,7.682026005041794
002616.SZ,20260603,5.81,5.94,5.78,5.91,5.87,0.04,0.6814,181614.89,106485.7305,5.863270930043236
002617.SZ,20260603,8.7,8.98,8.5,8.66,9.09,-0.43,-4.7305,2406133.81,2108244.55126,8.761958883990745
002620.SZ,20260603,6.85,6.94,6.62,6.62,6.97,-0.35,-5.0215,272335.26,182516.24339,6.701895428083752
002622.SZ,20260603,2.58,2.64,2.46,2.51,2.59,-0.08,-3.0888,259607.0,65286.561,2.514822828352086
002623.SZ,20260603,18.57,18.57,17.96,18.17,18.5,-0.33,-1.7838,46262.1,84389.776,18.241665639908263
002624.SZ,20260603,13.15,13.68,12.91,13.36,13.32,0.04,0.3003,562269.98,749624.5697,13.332110842908598
002625.SZ,20260603,38.1,39.79,37.88,38.73,38.33,0.4,1.0436,321617.34,1253209.61936,38.96585984325347
002626.SZ,20260603,15.03,15.06,14.76,14.77,15.08,-0.31,-2.0557,38769.0,57691.298,14.880780520518972
002627.SZ,20260603,7.12,7.23,7.02,7.16,7.09,0.07,0.9873,175523.0,125447.459,7.147066709206201
002628.SZ,20260603,5.02,5.2,4.93,5.11,5.03,0.08,1.5905,260144.0,132953.77,5.110775954855772
002629.SZ,20260603,5.62,5.62,5.36,5.41,5.51,-0.1,-1.8149,242705.0,132180.228,5.446127109041841
002630.SZ,20260603,1.76,1.76,1.76,1.76,1.68,0.08,4.7619,27746.0,4883.296,1.7600000000000002
002631.SZ,20260603,6.97,7.32,6.92,7.16,6.97,0.19,2.726,241551.82,171991.27484,7.120264084120748
002632.SZ,20260603,10.31,10.65,10.18,10.29,10.38,-0.09,-0.8671,140622.0,146554.71,10.421890600332805
002633.SZ,20260603,17.2,17.23,16.74,16.9,17.16,-0.26,-1.5152,24494.0,41498.809,16.942438556381155
002634.SZ,20260603,5.23,5.25,4.79,4.93,5.03,-0.1,-1.9881,239852.0,119622.7146,4.987355310774978
002635.SZ,20260603,17.18,17.56,16.76,17.02,17.42,-0.4,-2.2962,279004.59,480433.71599,17.21956316166698
002636.SZ,20260603,50.48,53.28,50.0,51.73,50.63,1.1,2.1726,560084.92,2887824.15323,51.560469673598774
002637.SZ,20260603,12.71,12.92,12.39,12.75,12.74,0.01,0.0785,387789.4,488580.5954,12.5991219821893
002638.SZ,20260603,4.4,4.5,4.34,4.46,4.41,0.05,1.1338,328032.0,144832.906,4.415206626182811
002639.SZ,20260603,15.62,16.16,15.42,15.86,15.73,0.13,0.8264,551898.18,872227.62131,15.804140200462339
002640.SZ,20260603,3.71,3.83,3.68,3.74,3.73,0.01,0.2681,838688.17,315395.08624,3.760576308593931
002641.SZ,20260603,4.21,4.26,4.09,4.22,4.22,0.0,0.0,187385.4,77996.7856,4.16237260747102
002642.SZ,20260603,8.26,8.3,7.91,7.92,8.26,-0.34,-4.1162,277136.71,222686.7734,8.035267987413143
002643.SZ,20260603,14.32,14.7,14.18,14.34,14.29,0.05,0.3499,229185.28,330904.09244,14.438278603233156
002644.SZ,20260603,7.74,7.75,7.63,7.68,7.75,-0.07,-0.9032,35235.49,27074.47579,7.68386527049858
002645.SZ,20260603,30.61,33.17,30.31,32.82,30.15,2.67,8.8557,782234.18,2537684.159,32.44148905638462
002646.SZ,20260603,7.63,7.63,7.41,7.47,7.64,-0.17,-2.2251,76687.07,57281.10617,7.469460780024585
002647.SZ,20260603,13.0,13.2,12.72,12.95,12.91,0.04,0.3098,313473.0,405900.0429,12.948484969997416
002648.SZ,20260603,23.55,24.33,23.31,24.11,23.64,0.47,1.9882,440969.38,1046067.71073,23.722003344767387
002649.SZ,20260603,9.9,9.91,9.53,9.55,10.01,-0.46,-4.5954,151688.87,147253.46521,9.707598534421148
002650.SZ,20260603,7.63,7.66,7.46,7.64,7.61,0.03,0.3942,30753.0,23281.02,7.570324846356453
002651.SZ,20260603,8.21,8.29,8.11,8.17,8.24,-0.07,-0.8495,50957.0,41786.682,8.200381105638087
002652.SZ,20260603,5.22,5.32,5.1,5.18,5.24,-0.06,-1.145,232191.2,120566.4872,5.192551965793708
002653.SZ,20260603,50.0,50.26,48.41,48.7,50.29,-1.59,-3.1617,53305.94,260079.02012,48.7898759725464
002654.SZ,20260603,14.88,15.8,14.77,15.27,14.88,0.39,2.621,620001.93,952794.6047,15.367607076642486
002655.SZ,20260603,37.15,38.72,36.86,38.27,37.58,0.69,1.8361,363124.72,1379016.79192,37.97639532555096
002656.SZ,20260603,3.49,3.49,3.45,3.46,3.49,-0.03,-0.8596,58225.0,20195.292,3.4684915414340924
002657.SZ,20260603,18.49,19.15,18.1,18.38,18.62,-0.24,-1.2889,152768.24,283871.38583,18.581832573969564
002658.SZ,20260603,7.69,7.76,7.6,7.68,7.69,-0.01,-0.13,70504.0,54267.221,7.697041444457052
002659.SZ,20260603,4.46,4.46,4.35,4.37,4.46,-0.09,-2.0179,101108.16,44264.9136,4.377976376980849
002660.SZ,20260603,7.76,7.97,7.6,7.69,7.77,-0.08,-1.0296,76145.0,59092.38652,7.760507783833476
002661.SZ,20260603,8.0,8.01,7.73,7.82,7.99,-0.17,-2.1277,31593.47,24694.20811,7.816238010576235
002662.SZ,20260603,3.44,3.45,3.37,3.39,3.45,-0.06,-1.7391,133731.0,45539.745,3.4053244946945735
002663.SZ,20260603,1.94,1.95,1.88,1.9,1.94,-0.04,-2.0619,417980.0,79643.837,1.9054461218240106
002664.SZ,20260603,18.43,18.75,17.91,18.14,18.57,-0.43,-2.3156,85139.74,156232.58673,18.35013669644751
002666.SZ,20260603,4.53,4.56,4.45,4.48,4.52,-0.04,-0.885,83616.0,37709.911,4.509891767125909
002667.SZ,20260603,21.45,21.56,21.08,21.56,20.53,1.03,5.017,76831.14,164985.89936,21.47383201134332
002668.SZ,20260603,9.57,9.6,9.45,9.48,9.59,-0.11,-1.147,97946.49,93227.77452,9.518235367086662
002669.SZ,20260603,16.2,16.84,15.75,16.04,16.3,-0.26,-1.5951,446559.57,720972.10165,16.145037528811667
002670.SZ,20260603,11.33,11.4,11.14,11.18,11.38,-0.2,-1.7575,127879.3,144031.76422,11.263102333215775
002671.SZ,20260603,4.35,4.38,4.22,4.28,4.36,-0.08,-1.8349,140400.58,60118.22008,4.281906818333657
002672.SZ,20260603,3.84,3.84,3.73,3.78,3.84,-0.06,-1.5625,64128.0,24224.23,3.777480975548902
002673.SZ,20260603,6.63,6.67,6.54,6.55,6.67,-0.12,-1.7991,275958.0,182179.8817,6.601724961769545
002674.SZ,20260603,14.52,14.85,14.26,14.47,14.53,-0.06,-0.4129,54349.5,78755.334,14.490535147517456
002675.SZ,20260603,12.72,12.75,12.53,12.54,12.73,-0.19,-1.4925,68086.96,86067.05516,12.640754582081502
002676.SZ,20260603,5.39,5.47,5.34,5.43,5.4,0.03,0.5556,93741.4,50792.7645,5.4183919271527845
002677.SZ,20260603,7.18,7.43,7.16,7.36,7.25,0.11,1.5172,63194.2,46272.9364,7.3223391387184265
002678.SZ,20260603,6.06,6.13,5.85,6.02,6.09,-0.07,-1.1494,147703.31,88639.93556,6.0012152442622995
002679.SZ,20260603,9.34,9.4,9.15,9.23,9.35,-0.12,-1.2834,31215.02,28811.27846,9.22994073365963
002681.SZ,20260603,5.56,5.59,5.01,5.01,5.57,-0.56,-10.0539,1045554.57,543464.42115,5.19785802428275
002682.SZ,20260603,5.13,5.14,5.05,5.1,5.15,-0.05,-0.9709,110153.5,56101.9545,5.093070533392039
002683.SZ,20260603,31.6,31.81,30.91,31.18,31.7,-0.52,-1.6404,97831.65,306568.7964,31.33636163756821
002685.SZ,20260603,7.65,7.66,7.12,7.19,7.68,-0.49,-6.3802,540690.86,395853.17332,7.321247733316595
002686.SZ,20260603,6.32,6.36,6.24,6.32,6.32,0.0,0.0,82416.0,51987.468,6.30793389633081
002687.SZ,20260603,4.42,4.5,4.27,4.31,4.42,-0.11,-2.4887,117199.78,50828.38045,4.336900670803307
002688.SZ,20260603,5.3,5.31,5.2,5.22,5.31,-0.09,-1.6949,106499.87,55654.56414,5.225787049317525
002689.SZ,20260603,3.23,3.27,3.19,3.2,3.24,-0.04,-1.2346,61148.36,19729.62114,3.226516809281557
002690.SZ,20260603,15.48,15.48,15.2,15.22,15.48,-0.26,-1.6796,51047.6,78162.493,15.31168811070452
002691.SZ,20260603,5.54,5.58,5.31,5.31,5.59,-0.28,-5.0089,92802.41,50120.46671,5.400772103871009
002692.SZ,20260603,4.62,4.64,4.49,4.55,4.63,-0.08,-1.7279,140998.0,64316.273,4.561502503581611
002693.SZ,20260603,9.41,9.58,9.3,9.44,9.41,0.03,0.3188,163230.0,153898.683,9.428333210806837
002694.SZ,20260603,2.54,2.57,2.46,2.5,2.54,-0.04,-1.5748,48016.0,11979.306,2.494857130956348
002695.SZ,20260603,11.53,12.16,11.45,11.86,11.56,0.3,2.5952,83067.6,97982.886,11.795560001733527
002696.SZ,20260603,5.85,5.92,5.67,5.72,5.86,-0.14,-2.3891,76288.66,43995.52002,5.766980311359513
002697.SZ,20260603,4.82,4.82,4.67,4.73,4.85,-0.12,-2.4742,306597.2,144800.2518,4.722817162061493
002698.SZ,20260603,12.5,12.6,12.28,12.35,12.54,-0.19,-1.5152,89866.04,111644.4159,12.423426680423441
002700.SZ,20260603,8.07,8.59,8.05,8.25,7.94,0.31,3.9043,492428.74,408337.52207,8.292317017686662
002701.SZ,20260603,5.02,5.04,4.96,4.96,5.04,-0.08,-1.5873,248806.8,124017.55162,4.984492048448837
002702.SZ,20260603,5.43,5.43,5.23,5.29,5.43,-0.14,-2.5783,171534.04,90688.15672,5.286889804495947
002703.SZ,20260603,17.8,18.11,17.37,17.62,18.0,-0.38,-2.1111,325489.9,575939.28494,17.69453629559627
002705.SZ,20260603,12.72,12.78,12.38,12.69,12.69,0.0,0.0,111932.88,140438.85359,12.546702415769165
002706.SZ,20260603,13.53,13.9,13.19,13.4,13.67,-0.27,-1.9751,586785.65,794719.38202,13.543606289962952
002707.SZ,20260603,5.65,5.71,5.55,5.6,5.67,-0.07,-1.2346,136826.45,76890.33869,5.6195522642003795
002708.SZ,20260603,13.4,14.6,13.17,14.08,13.39,0.69,5.1531,305641.02,425280.3151,13.914372982396145
002709.SZ,20260603,51.45,52.19,50.86,51.3,52.11,-0.81,-1.5544,678163.53,3491286.77391,51.481488158320744
002712.SZ,20260603,5.1,5.17,4.98,5.05,5.11,-0.06,-1.1742,172195.0,87129.961,5.059958825749876
002713.SZ,20260603,12.2,12.2,11.7,11.78,12.32,-0.54,-4.3831,162475.66,191522.53345,11.787767684710435
002714.SZ,20260603,36.76,36.82,35.8,36.2,36.76,-0.56,-1.5234,538826.8,1945233.13754,36.10126923048371
002715.SZ,20260603,15.95,16.14,15.44,15.9,15.9,0.0,0.0,43130.0,67766.397,15.712125434732204
002716.SZ,20260603,9.38,9.6,9.31,9.46,9.59,-0.13,-1.3556,743392.8,704403.68608,9.475524730398249
002717.SZ,20260603,1.01,1.01,1.01,1.01,0.96,0.05,5.2083,61227.5,6183.9775,1.01
002718.SZ,20260603,93.04,94.42,91.3,92.79,93.96,-1.17,-1.2452,15191.0,140487.95,92.48104140609571
002719.SZ,20260603,7.68,7.84,7.49,7.55,7.75,-0.2,-2.5806,64104.19,48901.58588,7.628453909175047
002721.SZ,20260603,2.68,2.69,2.62,2.64,2.69,-0.05,-1.8587,277106.0,73386.604,2.6483224470058393
002722.SZ,20260603,13.67,13.71,13.33,13.46,13.67,-0.21,-1.5362,35635.0,48189.07352,13.522961560263784
002723.SZ,20260603,9.02,9.16,8.73,8.81,9.02,-0.21,-2.3282,140611.2,125715.2504,8.940628513233653
002724.SZ,20260603,5.53,5.6,5.46,5.56,5.54,0.02,0.361,67727.8,37462.367,5.531313138770194
002725.SZ,20260603,14.8,15.8,14.54,14.76,14.68,0.08,0.545,151655.0,230269.018,15.18374059543042
002726.SZ,20260603,1.77,1.83,1.69,1.69,1.77,-0.08,-4.5198,500495.99,87121.79718,1.7407091948928501
002727.SZ,20260603,11.7,11.71,11.34,11.36,11.7,-0.34,-2.906,57596.0,65916.825,11.444687999166607
002728.SZ,20260603,8.76,8.76,8.6,8.66,8.76,-0.1,-1.1416,60354.29,52173.35657,8.64451500796381
002729.SZ,20260603,18.81,19.21,18.35,18.67,18.91,-0.24,-1.2692,63981.95,120434.13535,18.823142362807012
002730.SZ,20260603,29.41,31.18,29.41,30.44,29.4,1.04,3.5374,132918.4,403285.5114,30.340834030502926
002732.SZ,20260603,14.56,14.56,14.16,14.29,14.56,-0.27,-1.8544,12742.51,18196.74528,14.280346085661302
002733.SZ,20260603,30.0,30.24,29.11,29.7,29.95,-0.25,-0.8347,201936.56,599154.81859,29.670447916414943
002734.SZ,20260603,16.78,17.0,16.53,16.93,16.69,0.24,1.438,121525.17,204682.38067,16.842797312688393
002735.SZ,20260603,14.52,16.18,14.25,16.18,14.71,1.47,9.9932,537616.37,835712.20608,15.544768588054714
002736.SZ,20260603,10.16,10.2,10.05,10.1,10.17,-0.07,-0.6883,236754.63,239706.02329,10.124660425437087
002737.SZ,20260603,12.96,12.97,12.63,12.68,12.96,-0.28,-2.1605,48348.0,61567.13,12.734162736824688
002738.SZ,20260603,59.55,61.01,58.4,60.44,60.0,0.44,0.7333,198368.45,1191227.47947,60.05125711624
002739.SZ,20260603,9.1,9.15,8.94,8.98,9.15,-0.17,-1.8579,261147.0,235246.551,9.008204229801606
002741.SZ,20260603,27.31,29.1,26.85,28.22,27.15,1.07,3.9411,539863.96,1516562.42976,28.09156643388457
002742.SZ,20260603,4.2,4.21,4.11,4.14,4.24,-0.1,-2.3585,52804.96,21989.1839,4.164226977920256
002743.SZ,20260603,4.75,4.77,4.61,4.68,4.75,-0.07,-1.4737,62185.22,29008.96252,4.664928823923113
002745.SZ,20260603,10.25,10.86,10.22,10.31,10.26,0.05,0.4873,653832.31,684471.27057,10.46860578930399
002746.SZ,20260603,5.92,5.93,5.78,5.87,5.94,-0.07,-1.1785,126123.98,73702.7114,5.843671552388372
002747.SZ,20260603,26.98,29.66,26.54,29.04,26.96,2.08,7.7151,1073894.12,3098319.27325,28.85125465860638
002748.SZ,20260603,10.98,11.07,10.78,10.9,11.0,-0.1,-0.9091,37854.0,41410.016,10.939402969303114
002749.SZ,20260603,9.33,9.42,9.15,9.21,9.42,-0.21,-2.2293,14340.6,13227.286,9.223662887187427
002752.SZ,20260603,6.64,6.69,6.5,6.55,6.64,-0.09,-1.3554,116396.3,76666.1019,6.5866442404097025
002753.SZ,20260603,6.62,6.64,6.48,6.6,6.62,-0.02,-0.3021,47182.52,31008.22728,6.571973535962047
002755.SZ,20260603,13.6,13.79,13.39,13.46,13.68,-0.22,-1.6082,119705.08,162232.8024,13.552708239282742
002756.SZ,20260603,60.69,61.97,59.52,61.05,60.69,0.36,0.5932,108789.52,663698.2647,61.00755520384684
002757.SZ,20260603,23.61,24.14,23.16,23.51,23.69,-0.18,-0.7598,116855.51,276264.12406,23.641514555881876
002758.SZ,20260603,8.49,8.52,8.36,8.43,8.46,-0.03,-0.3546,40822.5,34332.6685,8.410231734950088
002759.SZ,20260603,27.4,27.99,27.21,27.54,27.57,-0.03,-0.1088,224028.99,619416.70299,27.64895306585099
002760.SZ,20260603,19.54,19.99,18.88,19.23,19.89,-0.66,-3.3183,49201.62,95397.3287,19.38906253493279
002761.SZ,20260603,7.86,7.89,7.61,7.62,7.9,-0.28,-3.5443,116001.8,89283.60162,7.696742776405193
002762.SZ,20260603,9.06,9.06,8.64,8.71,9.0,-0.29,-3.2222,27462.04,24228.01348,8.822364791544985
002763.SZ,20260603,8.16,8.27,8.03,8.14,8.18,-0.04,-0.489,59816.6,48582.6894,8.12194096622008
002765.SZ,20260603,8.26,8.34,8.08,8.15,8.29,-0.14,-1.6888,87253.7,71695.0361,8.216847663766695
002766.SZ,20260603,4.81,4.88,4.56,4.59,4.84,-0.25,-5.1653,406514.95,190790.87766,4.693329917140808
002767.SZ,20260603,17.37,17.62,17.17,17.32,17.32,0.0,0.0,21225.0,36868.464,17.370301060070673
002768.SZ,20260603,65.28,65.52,62.82,63.6,65.41,-1.81,-2.7672,41434.57,266195.27934,64.24473075019242
002769.SZ,20260603,7.82,7.9,7.66,7.8,7.84,-0.04,-0.5102,89546.04,69503.79092,7.761793924108761
002771.SZ,20260603,16.96,17.33,16.5,16.74,17.13,-0.39,-2.2767,217562.13,367367.1594,16.88562064546803
002772.SZ,20260603,13.13,13.17,12.76,12.9,13.11,-0.21,-1.6018,104801.52,135398.26528,12.919494419546584
002773.SZ,20260603,21.37,22.12,21.04,21.56,21.33,0.23,1.0783,117319.08,253205.98937,21.58267771704313
002774.SZ,20260603,11.9,11.91,11.6,11.7,11.84,-0.14,-1.1824,36429.0,42747.243,11.734399242361855
002775.SZ,20260603,3.97,4.02,3.87,3.88,3.98,-0.1,-2.5126,120546.4,47298.8562,3.923705411360273
002777.SZ,20260603,14.25,14.26,13.8,13.87,14.24,-0.37,-2.5983,55339.25,77305.11975,13.969311067641863
002778.SZ,20260603,19.15,19.19,18.71,18.86,19.16,-0.3,-1.5658,30050.4,56789.35288,18.898035593536193
002779.SZ,20260603,68.7,70.88,67.95,68.76,68.4,0.36,0.5263,36390.8,251879.8818,69.21526369302131
002780.SZ,20260603,13.9,13.95,13.45,13.55,13.85,-0.3,-2.1661,48918.52,66573.99021,13.609158701040016
002782.SZ,20260603,26.11,27.33,25.02,25.4,26.37,-0.97,-3.6784,310976.27,801081.35761,25.760208571863053
002783.SZ,20260603,8.49,8.75,8.33,8.44,8.54,-0.1,-1.171,164127.6,140718.35119,8.573716498017395
002785.SZ,20260603,43.71,45.0,43.17,44.19,43.55,0.64,1.4696,59342.0,261836.533,44.123307775268785
002786.SZ,20260603,8.08,8.22,7.95,8.01,8.15,-0.14,-1.7178,156741.0,126582.749,8.075918170740266
002787.SZ,20260603,25.36,27.65,25.27,27.65,25.14,2.51,9.9841,122850.77,334853.23605,27.256909830520396
002788.SZ,20260603,11.78,11.94,11.6,11.87,11.86,0.01,0.0843,114064.87,134515.09534,11.792859215988237
002789.SZ,20260603,13.83,14.47,13.76,13.79,13.78,0.01,0.0726,76518.0,108878.628,14.229152356308319
002790.SZ,20260603,6.37,6.37,6.21,6.29,6.34,-0.05,-0.7886,38352.19,24061.34828,6.27378730653973
002791.SZ,20260603,15.55,15.55,15.08,15.2,15.55,-0.35,-2.2508,39290.6,59734.3965,15.203228380325067
002792.SZ,20260603,39.28,41.3,39.08,40.02,39.19,0.83,2.1179,300561.99,1207480.37723,40.17408778901151
002793.SZ,20260603,4.17,4.21,4.1,4.19,4.19,0.0,0.0,182863.8,75983.7596,4.155210577489914
002795.SZ,20260603,7.94,8.08,7.53,7.63,7.98,-0.35,-4.386,293016.84,225951.05968,7.711197065670355
002796.SZ,20260603,46.85,50.6,45.52,49.22,46.0,3.22,7.0,211380.55,1035311.05445,48.97853915367332
002797.SZ,20260603,6.9,6.92,6.78,6.79,6.93,-0.14,-2.0202,887486.33,607599.97706,6.846302376961681
002798.SZ,20260603,6.52,6.62,6.2,6.29,6.55,-0.26,-3.9695,174305.66,110059.95037,6.314192572404132
002799.SZ,20260603,7.45,7.47,7.18,7.3,7.46,-0.16,-2.1448,42759.16,31219.65,7.301277667755867
002800.SZ,20260603,16.99,16.99,16.19,16.39,16.87,-0.48,-2.8453,28177.28,46424.3308,16.475802774433873
002801.SZ,20260603,31.15,31.44,30.62,30.81,31.18,-0.37,-1.1867,20353.36,63111.8664,31.008082400154077
002802.SZ,20260603,12.8,12.83,12.53,12.63,12.83,-0.2,-1.5588,26059.12,33003.89642,12.665008035574491
002803.SZ,20260603,22.41,23.02,21.58,21.81,22.3,-0.49,-2.1973,121253.92,270290.25234,22.291258900330813
002805.SZ,20260603,20.83,21.3,20.74,20.95,21.0,-0.05,-0.2381,93508.12,196590.12644,21.023856157090957
002806.SZ,20260603,19.67,20.32,18.36,18.8,20.33,-1.53,-7.5258,590394.41,1133332.70587,19.196196418424762
002807.SZ,20260603,4.05,4.07,3.96,4.0,4.07,-0.07,-1.7199,359892.28,144170.7104,4.005940622010564
002809.SZ,20260603,8.92,9.09,8.74,8.83,8.92,-0.09,-1.009,74857.84,66598.16252,8.896618245998015
002810.SZ,20260603,22.9,23.25,22.5,22.75,23.13,-0.38,-1.6429,53448.97,122134.13799,22.850606473801086
002811.SZ,20260603,11.77,11.82,11.44,11.54,11.76,-0.22,-1.8707,36429.74,42301.98714,11.611937702547424
002812.SZ,20260603,67.3,68.06,66.0,66.36,67.66,-1.3,-1.9214,246539.41,1648676.87053,66.87275152195748
002813.SZ,20260603,22.48,22.6,22.1,22.29,22.5,-0.21,-0.9333,13833.03,30853.92687,22.304532607823447
002815.SZ,20260603,16.6,17.49,16.16,16.99,16.49,0.5,3.0321,1081555.52,1835524.20197,16.97115097678943
002816.SZ,20260603,24.95,25.01,24.45,24.8,25.04,-0.24,-0.9585,17581.0,43445.309,24.711511859393664
002817.SZ,20260603,6.92,6.93,6.71,6.77,6.88,-0.11,-1.5988,47683.68,32369.76826,6.788437524117267
002818.SZ,20260603,11.45,11.45,11.16,11.21,11.48,-0.27,-2.3519,44341.6,49766.097,11.223342639868656
002819.SZ,20260603,23.32,23.6,23.02,23.17,23.32,-0.15,-0.6432,22804.0,53067.953,23.271335292054026
002820.SZ,20260603,9.97,10.03,9.56,9.68,9.97,-0.29,-2.9087,66996.44,65193.2848,9.73085805753261
002821.SZ,20260603,113.8,118.34,113.01,116.63,113.91,2.72,2.3879,51895.67,603847.057,116.35788824000153
002822.SZ,20260603,2.99,3.0,2.95,2.97,2.99,-0.02,-0.6689,64912.16,19283.04835,2.97063729661746
002823.SZ,20260603,18.5,20.03,18.49,19.67,18.99,0.68,3.5808,394033.67,766015.09216,19.440346104433157
002824.SZ,20260603,24.93,25.46,24.47,25.12,24.9,0.22,0.8835,170462.27,424642.121,24.91120885577788
002825.SZ,20260603,10.12,10.3,10.05,10.21,10.13,0.08,0.7897,39862.78,40490.60724,10.157497103814636
002826.SZ,20260603,16.87,17.05,16.53,16.68,16.85,-0.17,-1.0089,39283.0,65765.947,16.741579563678947
002827.SZ,20260603,28.0,28.79,27.52,27.63,27.89,-0.26,-0.9322,27806.0,78186.774,28.118670071207656
002828.SZ,20260603,9.63,9.74,9.33,9.64,9.58,0.06,0.6263,93788.99,89359.6325,9.527731613273584
002829.SZ,20260603,23.12,23.65,22.42,22.63,23.29,-0.66,-2.8338,82786.8,190276.30462,22.983894125633558
002830.SZ,20260603,22.57,22.83,21.73,22.2,22.55,-0.35,-1.5521,38716.0,85575.453,22.10338180597169
002831.SZ,20260603,40.67,41.33,40.08,41.0,41.01,-0.01,-0.0244,101248.97,412265.91126,40.718035083221096
002832.SZ,20260603,20.42,20.8,19.78,19.92,20.32,-0.4,-1.9685,76289.74,153619.76756,20.13636008721487
002833.SZ,20260603,18.0,18.2,17.81,18.05,18.11,-0.06,-0.3313,72588.74,130715.97172,18.00774771954989
002835.SZ,20260603,13.44,13.65,13.22,13.32,13.45,-0.13,-0.9665,21383.0,28573.804,13.362860216059486
002836.SZ,20260603,11.1,11.19,10.8,11.05,11.1,-0.05,-0.4505,29666.48,32600.5295,10.989011672432996
002837.SZ,20260603,67.5,70.92,67.28,68.32,67.49,0.83,1.2298,652870.85,4494953.4562,68.84904504773034
002838.SZ,20260603,33.35,33.78,32.6,33.2,33.35,-0.15,-0.4498,39403.04,131146.22497,33.28327585130487
002839.SZ,20260603,4.32,4.32,4.23,4.26,4.32,-0.06,-1.3889,228842.8,97589.2936,4.264468604649131
002840.SZ,20260603,8.57,8.58,8.37,8.44,8.61,-0.17,-1.9744,171391.31,144969.28113,8.458379898607461
002841.SZ,20260603,36.48,36.79,35.71,36.27,36.58,-0.31,-0.8475,47954.49,173714.43523,36.22485302836085
002842.SZ,20260603,32.05,34.93,31.72,33.99,32.41,1.58,4.875,542673.53,1835305.12427,33.81969126575973
002843.SZ,20260603,22.45,24.29,22.4,22.77,22.55,0.22,0.9756,168693.0,392689.635,23.27835980153296
002845.SZ,20260603,15.36,16.08,15.16,15.29,15.36,-0.07,-0.4557,169465.0,264525.3412,15.60943800784823
002846.SZ,20260603,12.22,12.33,11.95,12.08,12.22,-0.14,-1.1457,50238.52,60975.81264,12.137262928923862
002847.SZ,20260603,59.46,59.47,56.35,56.4,59.64,-3.24,-5.4326,72167.35,412947.5118,57.22082240791715
002848.SZ,20260603,15.8,16.48,15.36,15.5,16.0,-0.5,-3.125,93767.3,147436.376,15.72364523666566
002849.SZ,20260603,16.15,16.3,15.7,15.88,16.15,-0.27,-1.6718,50914.0,81779.675,16.062315865970067
002850.SZ,20260603,173.0,175.58,170.05,171.66,173.87,-2.21,-1.2711,47256.57,818060.68828,173.1104666039029
002851.SZ,20260603,148.0,162.75,145.5,157.98,147.95,10.03,6.7793,678138.57,10586446.9432,156.11037937570782
002852.SZ,20260603,8.07,8.1,7.88,7.98,8.05,-0.07,-0.8696,43099.89,34272.41068,7.951855719353345
002853.SZ,20260603,24.52,24.62,24.03,24.2,24.49,-0.29,-1.1842,14340.0,34839.8,24.295536959553697
002855.SZ,20260603,11.65,11.76,11.21,11.33,11.66,-0.33,-2.8302,52039.31,59678.81359,11.468025534927346
002856.SZ,20260603,25.77,25.77,25.01,25.77,24.54,1.23,5.0122,114295.0,293333.9332,25.664633903495343
002857.SZ,20260603,19.58,19.6,18.3,18.68,19.38,-0.7,-3.612,57119.0,107204.62,18.768644409040775
002858.SZ,20260603,13.0,13.21,12.73,12.83,13.03,-0.2,-1.5349,46450.0,59819.57,12.87827125941873
002859.SZ,20260603,80.0,87.86,76.26,86.72,80.4,6.32,7.8607,342321.76,2841570.2586,83.00875347801437
002860.SZ,20260603,13.0,13.4,12.85,12.96,12.97,-0.01,-0.0771,100739.94,132537.76364,13.156426700273991
002861.SZ,20260603,17.9,19.6,17.68,18.7,18.06,0.64,3.5437,98497.9,185955.9093,18.879175017944544
002862.SZ,20260603,16.61,16.65,16.13,16.28,16.68,-0.4,-2.3981,54471.23,89053.27849,16.348681403008523
002863.SZ,20260603,5.06,5.1,4.99,5.07,5.07,0.0,0.0,93106.7,47014.4939,5.04952854091059
002864.SZ,20260603,29.06,29.14,28.28,28.46,29.05,-0.59,-2.031,16313.36,46534.02181,28.525099556437176
002865.SZ,20260603,72.44,76.54,71.33,74.07,72.52,1.55,2.1373,139480.29,1039634.16134,74.53627758732075
002866.SZ,20260603,21.35,21.49,20.63,20.99,21.9,-0.91,-4.1553,191848.0,404486.599,21.083701628372463
002867.SZ,20260603,12.28,12.31,12.14,12.18,12.3,-0.12,-0.9756,64851.37,79192.47156,12.211379892205825
002868.SZ,20260603,28.92,28.92,27.5,28.1,28.9,-0.8,-2.7682,26844.0,75545.371,28.142367381910297
002869.SZ,20260603,17.88,18.7,17.67,18.44,17.88,0.56,3.132,57164.13,104422.33804,18.26710876908299
002870.SZ,20260603,40.65,41.1,39.25,39.66,40.65,-0.99,-2.4354,40837.09,163779.37385,40.105544702132306
002871.SZ,20260603,22.7,23.27,22.03,22.57,22.81,-0.24,-1.0522,100656.75,227973.01397,22.64855699890966
002872.SZ,20260603,5.45,5.49,5.31,5.35,5.46,-0.11,-2.0147,36420.5,19559.4425,5.370448648426024
002873.SZ,20260603,8.53,8.59,8.32,8.41,8.55,-0.14,-1.6374,64217.33,53965.1402,8.40351665196918
002875.SZ,20260603,20.0,21.81,20.0,21.81,19.83,1.98,9.9849,55799.0,119195.519,21.361586946002618
002876.SZ,20260603,30.03,32.06,29.8,31.07,30.4,0.67,2.2039,181271.99,563679.75325,31.095799921984636
002877.SZ,20260603,8.06,8.13,7.91,7.98,8.06,-0.08,-0.9926,69020.96,55314.64796,8.014181193654796
002878.SZ,20260603,14.93,15.93,14.6,15.09,14.93,0.16,1.0717,174210.6,266128.61466,15.276258428591603
002879.SZ,20260603,15.66,15.85,15.44,15.62,15.79,-0.17,-1.0766,35522.0,55554.959,15.639592083779068
002880.SZ,20260603,24.89,24.99,24.24,24.37,24.99,-0.62,-2.481,12859.51,31430.1253,24.44115312325275
002881.SZ,20260603,45.06,46.8,42.52,42.88,45.58,-2.7,-5.9237,180698.24,804198.08918,44.505031658305036
002882.SZ,20260603,22.3,22.44,21.85,22.01,22.3,-0.29,-1.3004,34996.78,77485.86697,22.140856093046274
002883.SZ,20260603,9.7,9.78,9.6,9.65,9.71,-0.06,-0.6179,22626.0,21865.075,9.663694422345975
002884.SZ,20260603,16.87,16.88,16.56,16.65,16.83,-0.18,-1.0695,13729.0,22913.981,16.69020394784762
002885.SZ,20260603,41.8,43.41,41.23,42.19,41.7,0.49,1.1751,196634.45,834370.37844,42.43256349230768
002886.SZ,20260603,28.94,30.24,28.4,28.98,29.08,-0.1,-0.3439,242572.3,714615.2116,29.459885221849326
002887.SZ,20260603,13.43,13.65,13.33,13.61,13.49,0.12,0.8895,48674.45,65596.56515,13.476590932203651
002888.SZ,20260603,19.21,19.48,18.52,18.69,19.33,-0.64,-3.3109,53596.59,101208.6826,18.88341825478076
002889.SZ,20260603,11.87,11.92,11.48,11.56,11.83,-0.27,-2.2823,23939.42,27837.6113,11.62835661849786
002890.SZ,20260603,15.31,15.39,15.03,15.19,15.31,-0.12,-0.7838,15481.94,23531.08805,15.199056481293686
002891.SZ,20260603,29.86,30.0,29.29,29.63,30.1,-0.47,-1.5615,60773.76,179185.69922,29.484056806753443
002892.SZ,20260603,10.41,10.52,10.12,10.17,10.4,-0.23,-2.2115,128363.73,132302.0564,10.306809906505523
002893.SZ,20260603,11.96,12.36,11.7,12.36,12.07,0.29,2.4027,278369.14,335184.37095,12.041003214293077
002895.SZ,20260603,34.7,35.56,34.5,34.77,34.8,-0.03,-0.0862,79110.49,276805.77537,34.98976878666786
002896.SZ,20260603,81.7,83.88,78.3,78.9,81.7,-2.8,-3.4272,266155.11,2165710.32662,81.37023281724706
002897.SZ,20260603,95.08,96.99,88.22,91.2,88.2,3.0,3.4014,315862.84,2877576.33034,91.10208501702827
002899.SZ,20260603,26.01,27.9,25.9,26.76,25.99,0.77,2.9627,76875.99,208419.49127,27.111129400740076
002900.SZ,20260603,10.46,10.6,10.15,10.27,10.48,-0.21,-2.0038,36673.0,37818.655,10.312397404084749
002901.SZ,20260603,40.76,40.76,39.95,40.14,40.78,-0.64,-1.5694,12065.4,48520.1966,40.214329073217634
002902.SZ,20260603,32.64,33.99,32.32,32.99,32.05,0.94,2.9329,244713.8,815209.05737,33.31275381159543
002903.SZ,20260603,44.51,44.9,43.18,44.1,43.29,0.81,1.8711,140393.3,616761.4004,43.930971093349896
002905.SZ,20260603,8.1,8.12,7.86,7.91,8.11,-0.2,-2.4661,55953.0,44391.863,7.933777098636355
002906.SZ,20260603,29.43,30.28,28.91,29.13,29.47,-0.34,-1.1537,85628.94,253501.9071,29.60469989468514
002907.SZ,20260603,12.35,12.4,12.12,12.25,12.42,-0.17,-1.3688,16692.0,20406.17282,12.22512150730889
002908.SZ,20260603,7.6,7.61,7.36,7.43,7.61,-0.18,-2.3653,49559.42,37038.1204,7.473477373221882
002909.SZ,20260603,5.71,5.79,5.63,5.73,5.72,0.01,0.1748,74570.77,42597.13341,5.7123097173329445
002910.SZ,20260603,9.79,9.84,9.46,9.53,9.8,-0.27,-2.7551,48738.76,46769.29808,9.595914643704518
002911.SZ,20260603,11.23,11.3,11.01,11.22,11.29,-0.07,-0.62,56578.22,63081.34674,11.149404618950543
002912.SZ,20260603,20.98,21.4,20.63,20.76,21.1,-0.34,-1.6114,24561.6,51532.5542,20.980943505309103
002913.SZ,20260603,55.6,56.48,53.18,54.06,55.45,-1.39,-2.5068,94961.9,520743.0847,54.83705409222015
002915.SZ,20260603,18.98,19.45,18.79,19.08,19.02,0.06,0.3155,78152.0,150004.633,19.193959591565154
002916.SZ,20260603,400.0,406.7,374.48,382.0,398.8,-16.8,-4.2126,211121.77,8252182.5017,390.87312036555966
002917.SZ,20260603,13.55,13.55,12.87,13.01,13.59,-0.58,-4.2678,80460.61,106030.16361,13.177897061680245
002918.SZ,20260603,12.69,13.14,12.54,12.75,12.45,0.3,2.4096,247392.17,316417.04153,12.790099279617458
002919.SZ,20260603,21.19,22.54,20.9,22.05,21.35,0.7,3.2787,61945.06,135897.93854,21.93846265384197
002920.SZ,20260603,99.8,100.53,98.05,98.4,99.99,-1.59,-1.5902,99658.98,985839.80351,98.92132184274814
002921.SZ,20260603,25.89,26.7,25.35,26.17,25.89,0.28,1.0815,44636.3,116298.7757,26.05475267887347
002922.SZ,20260603,39.98,40.96,38.33,38.89,40.2,-1.31,-3.2587,339456.33,1341154.29013,39.50889029319323
002923.SZ,20260603,10.64,10.65,10.41,10.46,10.65,-0.19,-1.784,46150.0,48538.371,10.517523510292524
002925.SZ,20260603,21.6,22.89,21.59,22.46,22.06,0.4,1.8132,335213.95,746090.20239,22.25713465653801
002926.SZ,20260603,8.11,8.18,8.08,8.1,8.15,-0.05,-0.6135,130948.0,106440.868,8.12848367290833
002927.SZ,20260603,22.22,23.2,21.65,22.09,22.74,-0.65,-2.8584,219655.92,490062.55338,22.310464174150187
002928.SZ,20260603,7.41,7.44,7.2,7.24,7.61,-0.37,-4.862,560308.0,409418.5875,7.3070273403199675
002929.SZ,20260603,68.82,70.48,67.0,68.38,69.3,-0.92,-1.3276,248370.29,1709228.68661,68.81775942726483
002930.SZ,20260603,10.52,10.68,10.02,10.17,10.45,-0.28,-2.6794,175322.46,180134.69808,10.274479269798062
002931.SZ,20260603,52.13,54.81,51.9,52.6,52.45,0.15,0.286,114494.2,611481.28162,53.40718408618079
002932.SZ,20260603,16.02,16.05,15.85,15.88,15.97,-0.09,-0.5636,16166.71,25784.38445,15.949061033444654
002933.SZ,20260603,29.84,30.33,29.36,29.54,29.54,0.0,0.0,27748.99,82673.66062,29.793394505529747
002935.SZ,20260603,19.13,19.58,18.91,19.07,19.13,-0.06,-0.3136,64625.52,124172.12182,19.214100222327033
002936.SZ,20260603,1.79,1.8,1.78,1.79,1.8,-0.01,-0.5556,636997.49,114114.51676,1.7914437427375107
002937.SZ,20260603,34.56,35.12,34.0,34.6,34.93,-0.33,-0.9447,114135.31,394759.7064,34.58699208860081
002938.SZ,20260603,112.0,113.47,105.0,108.3,111.89,-3.59,-3.2085,611092.12,6710581.30863,109.81292490942282
002939.SZ,20260603,8.32,8.37,8.22,8.24,8.33,-0.09,-1.0804,209726.85,173948.882,8.294068308373486
002940.SZ,20260603,33.05,36.47,32.3,34.67,33.18,1.49,4.4907,251683.45,874415.28965,34.74266145231242
002941.SZ,20260603,12.1,12.16,11.63,11.76,12.09,-0.33,-2.7295,137585.54,162874.24562,11.838035132180313
002942.SZ,20260603,17.27,17.32,16.92,17.03,17.2,-0.17,-0.9884,15698.83,26872.66238,17.11762110934382
002943.SZ,20260603,76.36,81.0,76.36,77.92,76.28,1.64,2.15,114677.33,905853.88369,78.9915394516074
002945.SZ,20260603,14.37,14.54,14.0,14.27,14.37,-0.1,-0.6959,90513.25,129706.87451,14.330153265958298
002946.SZ,20260603,17.9,18.04,17.41,17.53,18.03,-0.5,-2.7732,50385.68,88771.05208,17.61830982136194
002947.SZ,20260603,91.94,92.0,86.18,87.52,90.35,-2.83,-3.1323,126345.03,1112951.65619,88.08828144565717
002948.SZ,20260603,5.56,5.58,5.46,5.5,5.61,-0.11,-1.9608,476789.41,262719.61641,5.510181453275148
002949.SZ,20260603,12.3,12.33,11.86,12.01,12.3,-0.29,-2.3577,32394.35,38994.4764,12.037431342193932
002950.SZ,20260603,9.65,9.65,9.39,9.45,9.65,-0.2,-2.0725,114119.5,108297.8965,9.489867770188269
002951.SZ,20260603,22.08,23.47,21.36,22.54,21.34,1.2,5.6232,377560.11,854050.94471,22.620264219914542
002952.SZ,20260603,25.46,26.68,24.22,24.57,25.45,-0.88,-3.4578,90548.0,228995.735,25.289982661130004
002953.SZ,20260603,10.3,10.43,10.19,10.27,10.39,-0.12,-1.155,37907.88,39087.64473,10.311218862674462
002955.SZ,20260603,25.15,25.68,24.92,25.35,25.15,0.2,0.7952,43511.7,110033.715,25.28830521445956
002956.SZ,20260603,21.93,21.97,20.66,21.12,21.88,-0.76,-3.4735,50059.04,105616.71922,21.098430816891415
002957.SZ,20260603,71.0,72.4,64.97,66.11,66.69,-0.58,-0.8697,474401.74,3236208.88304,68.21663181589511
002958.SZ,20260603,2.92,2.93,2.89,2.92,2.93,-0.01,-0.3413,426135.22,123941.01873,2.9084903784765785
002959.SZ,20260603,37.57,37.9,37.09,37.1,37.45,-0.35,-0.9346,7159.0,26686.875,37.27737812543651
002960.SZ,20260603,8.1,8.27,8.02,8.17,8.1,0.07,0.8642,136422.89,110866.67387,8.126691486304093
002961.SZ,20260603,21.13,21.59,20.62,20.75,21.13,-0.38,-1.7984,81099.95,170782.88134,21.058321409569306
002962.SZ,20260603,20.85,21.06,20.0,20.29,20.9,-0.61,-2.9187,465896.16,954575.24531,20.48901294464415
002963.SZ,20260603,16.58,16.67,15.93,16.18,16.59,-0.41,-2.4714,25747.0,41802.542,16.235888453023655
002965.SZ,20260603,32.28,35.5,32.23,35.5,32.27,3.23,10.0093,77865.48,271268.71514,34.838122765055836
002966.SZ,20260603,8.27,8.28,8.13,8.16,8.28,-0.12,-1.4493,308928.07,252776.38547,8.182370267292319
002967.SZ,20260603,20.52,21.29,20.3,20.8,20.52,0.28,1.3645,111961.52,232766.03604,20.789824579016077
002968.SZ,20260603,9.95,9.97,9.68,9.81,9.94,-0.13,-1.3078,34904.6,34241.26349,9.809957280702257
002970.SZ,20260603,62.9,66.0,61.86,62.88,63.2,-0.32,-0.5063,65210.8,417406.961,64.00886984977947
002971.SZ,20260603,33.8,34.5,33.44,33.99,34.16,-0.17,-0.4977,101217.3,343253.7722,33.91255963160448
002972.SZ,20260603,12.11,12.59,11.8,12.24,12.12,0.12,0.9901,75273.0,92057.0012,12.229750534720285
002973.SZ,20260603,12.42,13.33,12.18,12.21,12.44,-0.23,-1.8489,60844.0,76758.385,12.61560466110052
002975.SZ,20260603,154.86,157.97,145.6,148.0,148.58,-0.58,-0.3904,202454.44,3070308.00004,151.65426848825837
002976.SZ,20260603,32.06,33.88,31.71,33.37,32.82,0.55,1.6758,89479.58,293219.23708,32.76940248043185
002977.SZ,20260603,27.0,27.75,26.81,26.94,27.4,-0.46,-1.6788,15348.88,41865.90348,27.276194406367114
002978.SZ,20260603,28.2,28.2,27.66,27.76,28.29,-0.53,-1.8735,38374.73,106977.07475,27.87695828739381
002979.SZ,20260603,51.34,54.59,50.73,52.5,51.32,1.18,2.2993,158882.94,842458.61635,53.02385620193081
002980.SZ,20260603,118.68,123.33,117.77,122.39,112.12,10.27,9.1598,152330.0,1863739.7386,122.34883073590233
002981.SZ,20260603,27.01,28.45,25.73,26.32,27.0,-0.68,-2.5185,143584.64,392841.30126,27.359563060505636
002982.SZ,20260603,12.98,12.99,12.43,12.84,12.99,-0.15,-1.1547,54535.83,69152.60346,12.680214724888206
002983.SZ,20260603,23.03,23.54,22.31,22.72,23.2,-0.48,-2.069,48385.45,111189.16968,22.97987714901897
002984.SZ,20260603,14.9,15.03,14.55,14.73,14.93,-0.2,-1.3396,119675.2,176208.79425,14.723918928065299
002985.SZ,20260603,29.6,30.19,29.48,29.73,29.71,0.02,0.0673,39485.03,117916.42568,29.86357758370704
002986.SZ,20260603,11.91,11.95,11.4,11.64,11.91,-0.27,-2.267,53450.0,62432.35076,11.680514641721235
002987.SZ,20260603,11.6,11.67,11.35,11.44,11.62,-0.18,-1.5491,88257.17,101317.86387,11.479845078875746
002988.SZ,20260603,28.3,29.15,28.0,28.31,28.46,-0.15,-0.5271,32918.26,93683.57261,28.459454603615136
002989.SZ,20260603,27.04,29.9,26.89,28.44,27.25,1.19,4.367,108058.76,305630.07844,28.283692913004003
002990.SZ,20260603,47.22,48.34,46.0,47.89,47.22,0.67,1.4189,84155.07,396096.8263,47.06749412721064
002991.SZ,20260603,47.2,47.35,46.08,46.4,47.1,-0.7,-1.4862,6324.0,29411.824,46.508260594560404
002992.SZ,20260603,42.2,42.73,41.78,42.05,42.3,-0.25,-0.591,10125.2,42821.9214,42.292420297870656
002993.SZ,20260603,62.0,63.13,60.12,61.01,62.0,-0.99,-1.5968,78900.22,486277.68184,61.63198047356522
002995.SZ,20260603,24.58,25.96,24.58,25.03,26.0,-0.97,-3.7308,380773.56,953164.6872,25.032323336735878
002996.SZ,20260603,6.95,6.96,6.8,6.87,6.97,-0.1,-1.4347,77765.3,53420.0349,6.869392248213534
002997.SZ,20260603,31.0,31.04,29.9,30.15,31.18,-1.03,-3.3034,52576.6,159507.96278,30.338204216324375
002998.SZ,20260603,8.23,8.3,8.05,8.14,8.23,-0.09,-1.0936,49339.0,40248.19811,8.157481527797483
002999.SZ,20260603,6.29,6.29,6.08,6.14,6.23,-0.09,-1.4446,69234.0,42613.7686,6.155034896149292
003000.SZ,20260603,10.79,10.85,10.64,10.8,10.8,0.0,0.0,42610.0,45715.234,10.728757099272471
003001.SZ,20260603,17.07,17.3,16.72,16.9,17.22,-0.32,-1.8583,42746.83,72665.09077,16.998942557845808
003002.SZ,20260603,21.81,23.08,21.73,22.68,21.82,0.86,3.9413,31056.0,69477.067,22.371543985059247
003003.SZ,20260603,11.79,12.16,11.7,11.86,11.8,0.06,0.5085,60066.86,71618.63242,11.923152370541759
003004.SZ,20260603,65.38,67.55,64.49,64.49,71.65,-7.16,-9.993,21893.0,143023.65039,65.32848416845566
003005.SZ,20260603,15.6,15.6,15.06,15.1,15.6,-0.5,-3.2051,30653.8,46783.3088,15.261830115678968
003006.SZ,20260603,16.61,16.61,16.2,16.31,16.64,-0.33,-1.9832,47311.0,77259.789,16.330195726152482
003007.SZ,20260603,41.32,41.61,40.33,40.74,41.31,-0.57,-1.3798,25539.05,104831.30375,41.0474562483726
003008.SZ,20260603,19.53,19.6,19.05,19.3,19.4,-0.1,-0.5155,20016.22,38506.21786,19.237507311570315
003009.SZ,20260603,50.32,52.4,50.01,51.3,50.33,0.97,1.9273,31139.09,159440.12989,51.20256561447364
003010.SZ,20260603,25.49,26.04,24.87,25.08,25.78,-0.7,-2.7153,73286.36,184981.04606,25.24085601467995
003011.SZ,20260603,20.96,21.22,20.42,20.64,20.91,-0.27,-1.2912,24468.62,50723.61584,20.730068079033472
003012.SZ,20260603,5.05,5.06,4.88,4.92,5.07,-0.15,-2.9586,110507.71,54587.01032,4.939656275566655
003013.SZ,20260603,14.91,15.44,14.8,15.34,14.91,0.43,2.884,57639.5,87553.7395,15.189885321697794
003015.SZ,20260603,12.42,12.57,12.13,12.33,12.36,-0.03,-0.2427,54264.0,67337.15,12.409175512310187
003016.SZ,20260603,7.35,7.44,7.15,7.19,7.35,-0.16,-2.1769,42244.0,30558.913,7.233906116844996
003017.SZ,20260603,27.78,27.78,27.15,27.42,27.69,-0.27,-0.9751,12947.0,35542.931,27.452638449061556
003018.SZ,20260603,54.59,54.6,49.86,52.09,54.59,-2.5,-4.5796,201739.18,1042127.43726,51.6571663104807
003019.SZ,20260603,42.97,43.2,40.15,40.79,42.31,-1.52,-3.5925,106950.65,448646.241,41.94890269484104
003020.SZ,20260603,16.37,16.37,15.92,16.05,16.3,-0.25,-1.5337,18601.39,29858.66452,16.051845867432487
003021.SZ,20260603,96.59,99.22,95.66,96.61,97.25,-0.64,-0.6581,41741.95,407813.84423,97.69880042259645
003022.SZ,20260603,25.13,26.25,24.97,25.86,25.35,0.51,2.0118,335801.53,863461.63035,25.713451345799406
003023.SZ,20260603,25.6,25.9,25.19,25.38,25.68,-0.3,-1.1682,22776.59,57852.22591,25.39986271430447
003025.SZ,20260603,14.61,14.93,14.13,14.27,14.74,-0.47,-3.1886,100747.29,146522.88216,14.543605307894635
003026.SZ,20260603,42.95,46.05,42.77,44.68,42.92,1.76,4.1007,76017.09,340405.26668,44.78009703870538
003027.SZ,20260603,22.44,22.51,21.61,21.85,22.45,-0.6,-2.6726,36015.5,79285.9895,22.014407546750704
003028.SZ,20260603,26.6,27.29,26.3,26.58,26.61,-0.03,-0.1127,17455.2,46921.2118,26.880936225308215
003029.SZ,20260603,18.83,18.85,18.44,18.55,18.83,-0.28,-1.487,21467.0,40042.492,18.653045139050633
003030.SZ,20260603,23.9,23.93,21.47,21.47,23.85,-2.38,-9.979,69568.0,154983.77438,22.278026446067155
003031.SZ,20260603,145.0,151.05,141.14,144.07,142.04,2.03,1.4292,136894.24,2008474.22355,146.71721933296828
003032.SZ,20260603,7.1,7.1,6.77,6.88,7.13,-0.25,-3.5063,63962.0,44238.92,6.916437884994215
003033.SZ,20260603,62.6,64.89,62.25,64.73,63.08,1.65,2.6157,25714.0,164098.655,63.81685268725208
003035.SZ,20260603,7.1,7.29,6.95,7.16,7.19,-0.03,-0.4172,579260.81,410939.40846,7.0942035326021795
003036.SZ,20260603,69.5,72.44,67.0,68.05,67.8,0.25,0.3687,135271.4,933728.14517,69.02627940348071
003037.SZ,20260603,7.22,7.37,7.11,7.15,7.24,-0.09,-1.2431,101402.0,72985.392,7.197628449143015
003038.SZ,20260603,12.41,12.44,12.11,12.21,12.44,-0.23,-1.8489,41481.8,50935.836,12.279080464203577
003039.SZ,20260603,12.9,12.94,12.72,12.83,12.97,-0.14,-1.0794,33934.74,43475.02342,12.811361872818239
003040.SZ,20260603,13.05,13.19,12.78,12.87,12.95,-0.08,-0.6178,49083.59,63658.66433,12.96943934418815
003041.SZ,20260603,55.4,56.39,50.0,50.24,55.4,-5.16,-9.3141,90107.0,469833.057,52.14168233322604
003042.SZ,20260603,15.4,15.7,14.82,15.47,15.53,-0.06,-0.3863,76487.19,117067.10188,15.305452047591237
003043.SZ,20260603,59.99,63.98,59.63,61.43,59.89,1.54,2.5714,52939.8,326211.6776,61.61936342789357
003816.SZ,20260603,4.63,4.64,4.48,4.61,4.66,-0.05,-1.073,1563295.57,711838.98284,4.553451033191375
300001.SZ,20260603,36.96,37.61,36.02,36.6,37.15,-0.55,-1.4805,249288.17,917348.43433,36.79871509065191
300002.SZ,20260603,7.95,8.03,7.8,7.82,8.0,-0.18,-2.25,342596.11,270958.16348,7.908967894585843
300003.SZ,20260603,12.55,12.55,12.31,12.39,12.57,-0.18,-1.432,183612.36,227613.77371,12.396429832392549
300004.SZ,20260603,13.56,15.28,13.35,14.56,13.35,1.21,9.0637,389565.91,558937.97721,14.347712745450444
300005.SZ,20260603,15.84,15.84,14.68,14.94,16.0,-1.06,-6.625,523115.9,795321.50751,15.20354299133328
300006.SZ,20260603,5.28,5.32,5.13,5.23,5.29,-0.06,-1.1342,306167.52,159631.20888,5.2138518442452675
300007.SZ,20260603,41.1,42.47,40.82,41.26,41.7,-0.44,-1.0552,127802.71,533443.4475,41.7396037611409
300008.SZ,20260603,6.41,6.5,6.39,6.45,6.43,0.02,0.311,376490.93,242989.75282,6.454066577911983
300009.SZ,20260603,8.2,8.26,8.05,8.06,8.27,-0.21,-2.5393,135535.83,109735.6384,8.096430176433788
300010.SZ,20260603,2.96,2.99,2.86,2.88,3.0,-0.12,-4.0,584997.23,169250.40503,2.893183016097358
300011.SZ,20260603,6.41,6.43,6.22,6.29,6.4,-0.11,-1.7188,71072.0,44928.094,6.321490038271048
300012.SZ,20260603,14.46,14.68,14.36,14.54,14.46,0.08,0.5533,237512.06,345043.59632,14.527413737222439
300013.SZ,20260603,4.56,4.66,4.5,4.57,4.55,0.02,0.4396,207755.5,95135.474,4.579203631191473
300014.SZ,20260603,64.83,64.83,62.73,62.98,65.48,-2.5,-3.818,714939.46,4552737.75779,63.68004582919511
300015.SZ,20260603,9.05,9.05,8.77,8.8,9.08,-0.28,-3.0837,1152962.42,1023202.73508,8.87455408199688
300016.SZ,20260603,8.07,8.13,8.01,8.09,8.1,-0.01,-0.1235,83106.0,67088.633,8.07265817149183
300017.SZ,20260603,15.03,15.97,14.76,15.35,15.18,0.17,1.1199,1767059.44,2734106.98891,15.472637348916795
300018.SZ,20260603,13.05,13.18,12.71,12.93,13.07,-0.14,-1.0712,112503.45,145502.96115,12.933199928535524
300019.SZ,20260603,16.82,17.52,16.56,16.88,16.72,0.16,0.9569,65355.39,111402.56705,17.045658674823912
300020.SZ,20260603,3.66,3.77,3.53,3.54,3.63,-0.09,-2.4793,210356.06,76574.41224,3.640228488782306
300021.SZ,20260603,4.06,4.08,3.97,3.99,4.0,-0.01,-0.25,100961.73,40509.67927,4.012379668018763
300022.SZ,20260603,8.46,8.57,8.17,8.27,8.44,-0.17,-2.0142,124404.0,103791.982,8.343138645059645
300024.SZ,20260603,15.05,15.28,14.71,14.81,15.2,-0.39,-2.5658,378339.4,566201.01893,14.965425724362833
300025.SZ,20260603,5.02,5.06,4.92,4.96,5.02,-0.06,-1.1952,100545.0,50165.147,4.989322890248148
300026.SZ,20260603,3.25,3.26,3.18,3.19,3.25,-0.06,-1.8462,240810.0,77297.05,3.2098770815165483
300027.SZ,20260603,1.87,1.93,1.85,1.88,1.88,0.0,0.0,518307.88,97812.10358,1.887142900084791
300030.SZ,20260603,6.86,6.9,6.73,6.79,6.87,-0.08,-1.1645,56986.93,38810.38169,6.810400505870381
300031.SZ,20260603,23.23,24.02,23.0,23.48,23.33,0.15,0.6429,144083.6,339717.27308,23.577789080783656
300032.SZ,20260603,4.39,4.53,4.32,4.4,4.4,0.0,0.0,220341.65,97666.5518,4.4325052390231265
300033.SZ,20260603,224.02,233.0,219.73,223.69,226.23,-2.54,-1.1228,223563.01,5051289.79166,225.94479255132586
300034.SZ,20260603,18.02,18.36,17.8,18.0,18.07,-0.07,-0.3874,118142.32,213980.30272,18.112078950201756
300035.SZ,20260603,16.55,17.04,16.36,16.76,16.54,0.22,1.3301,178073.33,297855.56046,16.72656767074553
300036.SZ,20260603,12.85,12.99,12.54,12.63,12.88,-0.25,-1.941,130404.4,166007.20445,12.730184292094437
300037.SZ,20260603,71.49,72.88,69.6,71.05,71.75,-0.7,-0.9756,308788.96,2195039.98866,71.08544258382811
300039.SZ,20260603,5.29,5.31,5.17,5.18,5.28,-0.1,-1.8939,62793.0,32679.774,5.204365773254981
300040.SZ,20260603,7.7,8.18,7.6,8.09,7.82,0.27,3.4527,1044228.27,826951.13898,7.919256380408088
300041.SZ,20260603,13.73,14.35,13.38,13.66,13.8,-0.14,-1.0145,542585.31,753458.95504,13.886460638604461
300042.SZ,20260603,58.11,61.89,57.92,59.66,58.08,1.58,2.7204,250260.0,1509354.35297,60.311450210580986
300043.SZ,20260603,4.8,4.8,4.61,4.64,4.77,-0.13,-2.7254,265958.27,125151.3109,4.705674724835591
300044.SZ,20260603,5.99,6.25,5.98,6.1,5.96,0.14,2.349,200685.22,122898.61004,6.123949239510513
300045.SZ,20260603,18.41,19.36,18.4,18.86,18.59,0.27,1.4524,186259.4,352575.26628,18.929260283239394
300046.SZ,20260603,30.8,31.66,30.43,30.72,30.75,-0.03,-0.0976,78359.07,244304.07515,31.1775108037908
300047.SZ,20260603,11.93,12.03,11.71,11.73,11.95,-0.22,-1.841,164848.14,195532.60027,11.861377402863022
300048.SZ,20260603,5.77,5.86,5.7,5.75,5.8,-0.05,-0.8621,139219.18,80452.5234,5.778839050768724
300049.SZ,20260603,43.65,44.1,42.5,43.31,43.49,-0.18,-0.4139,69852.58,301525.58789,43.165991562516375
300050.SZ,20260603,7.33,7.34,7.02,7.2,7.32,-0.12,-1.6393,233020.0,167391.818,7.183581580980173
300051.SZ,20260603,11.3,11.4,10.91,11.02,11.26,-0.24,-2.1314,195267.33,217082.25232,11.117182394003136
300052.SZ,20260603,11.42,11.49,11.01,11.13,11.57,-0.44,-3.8029,178863.49,201113.30513,11.243955103973427
300053.SZ,20260603,15.6,16.35,15.52,15.89,15.71,0.18,1.1458,293791.99,467968.99122,15.92858236945126
300054.SZ,20260603,67.69,72.15,67.45,70.4,67.44,2.96,4.3891,431349.49,3024025.21319,70.10615019366315
300055.SZ,20260603,8.52,8.65,8.41,8.54,8.53,0.01,0.1172,135802.86,115383.61638,8.496405479236595
300056.SZ,20260603,9.83,9.87,9.58,9.67,9.84,-0.17,-1.7276,135714.19,131681.85237,9.702880175610229
300057.SZ,20260603,9.1,9.48,8.8,8.93,9.14,-0.21,-2.2976,927375.57,846586.67863,9.128843868832991
300058.SZ,20260603,16.65,16.99,16.04,16.55,17.09,-0.54,-3.1597,3490172.14,5800863.2419,16.62056485815625
300059.SZ,20260603,18.8,19.21,18.65,18.91,18.91,0.0,0.0,2940305.42,5576255.59019,18.964885594061858
300061.SZ,20260603,8.92,9.08,8.74,8.84,9.02,-0.18,-1.9956,248615.79,221591.35708,8.913004161159675
300062.SZ,20260603,6.87,6.88,6.68,6.77,6.88,-0.11,-1.5988,157882.2,107004.653,6.777499490126182
300063.SZ,20260603,10.31,10.52,10.07,10.19,10.51,-0.32,-3.0447,421737.27,433891.85724,10.288202824474109
300065.SZ,20260603,19.89,20.68,19.78,20.19,19.92,0.27,1.3554,372569.84,749985.03333,20.13005221598184
300066.SZ,20260603,5.29,5.52,5.26,5.45,5.3,0.15,2.8302,204870.28,111133.54736,5.424581220858389
300067.SZ,20260603,5.59,5.69,5.53,5.62,5.64,-0.02,-0.3546,375856.43,211346.33957,5.623060368290095
300068.SZ,20260603,4.81,4.84,4.65,4.66,4.9,-0.24,-4.898,657680.84,309918.82227,4.712298175966325
300069.SZ,20260603,48.01,52.92,47.0,51.63,49.7,1.93,3.8833,240947.99,1208028.56425,50.13648647784944
300070.SZ,20260603,3.52,3.53,3.48,3.49,3.52,-0.03,-0.8523,246663.67,86366.87083,3.5014021655479297
300071.SZ,20260603,4.32,4.32,4.17,4.22,4.35,-0.13,-2.9885,417501.0,176638.127,4.23084320756118
300072.SZ,20260603,3.92,4.0,3.87,3.97,3.94,0.03,0.7614,333869.03,131455.3112,3.937331689614936
300073.SZ,20260603,54.2,55.12,53.28,53.8,54.22,-0.42,-0.7746,131952.31,712452.629,53.99319110063325
300074.SZ,20260603,4.1,4.15,4.02,4.08,4.11,-0.03,-0.7299,146954.3,60117.2031,4.090877442851281
300075.SZ,20260603,12.65,12.68,12.44,12.51,12.67,-0.16,-1.2628,77188.74,96939.56655,12.5587704307649
300076.SZ,20260603,4.85,5.04,4.77,4.8,4.89,-0.09,-1.8405,101189.0,49321.20827,4.874166981588909
300077.SZ,20260603,23.4,25.98,23.4,24.7,23.38,1.32,5.6459,822112.53,2065570.44302,25.125154618674888
300078.SZ,20260603,3.29,3.36,3.27,3.31,3.32,-0.01,-0.3012,195134.0,64722.168,3.3168062972111474
300079.SZ,20260603,5.11,5.21,5.09,5.13,5.13,0.0,0.0,244321.57,125939.41627,5.154658111848249
300080.SZ,20260603,4.06,4.1,4.02,4.05,4.07,-0.02,-0.4914,173349.63,70327.39515,4.056968287154694
300081.SZ,20260603,4.36,4.5,4.32,4.38,4.34,0.04,0.9217,148288.0,65323.289,4.40516353312473
300082.SZ,20260603,9.64,9.72,9.41,9.49,9.64,-0.15,-1.556,99854.8,95656.55095,9.579564622832352
300083.SZ,20260603,9.8,10.24,9.74,9.87,9.93,-0.06,-0.6042,749853.11,747428.81627,9.967669751613085
300084.SZ,20260603,11.77,12.18,11.56,11.92,11.85,0.07,0.5907,136619.0,161980.172,11.856342968401174
300085.SZ,20260603,41.24,43.1,33.56,35.13,41.58,-6.45,-15.5123,1381375.78,5301603.28413,38.37915331141827
300086.SZ,20260603,6.55,6.58,6.42,6.48,6.54,-0.06,-0.9174,96027.0,62233.228,6.480805190206921
300087.SZ,20260603,7.45,7.48,7.13,7.27,7.5,-0.23,-3.0667,193362.79,140344.53023,7.258093981267026
300088.SZ,20260603,7.33,8.5,7.3,8.09,7.18,0.91,12.6741,5268374.29,4256975.38324,8.080244775547259
300091.SZ,20260603,3.06,3.08,2.99,3.0,3.06,-0.06,-1.9608,121395.75,36607.61825,3.0155601205149276
300092.SZ,20260603,13.79,13.84,13.42,13.58,13.79,-0.21,-1.5228,36686.0,49987.223,13.62569454287739
300093.SZ,20260603,23.2,23.54,22.0,22.98,23.36,-0.38,-1.6267,37246.01,85320.31039,22.907235000473875
300094.SZ,20260603,2.96,2.97,2.89,2.92,2.96,-0.04,-1.3514,236753.02,69135.94982,2.920171823784972
300095.SZ,20260603,8.94,9.27,8.9,9.08,8.97,0.11,1.2263,113455.0,103435.255,9.116852937287911
300096.SZ,20260603,8.96,9.15,8.94,8.99,8.94,0.05,0.5593,32458.99,29369.56789,9.048207565916252
300097.SZ,20260603,9.39,9.65,9.27,9.35,9.48,-0.13,-1.3713,84503.0,79905.236,9.4559052341337
300098.SZ,20260603,5.37,5.47,5.27,5.3,5.36,-0.06,-1.1194,409887.19,220247.44442,5.373367350660557
300099.SZ,20260603,7.26,7.41,7.19,7.26,7.27,-0.01,-0.1376,152907.21,111610.67937,7.299242420942741
300100.SZ,20260603,29.72,30.39,29.1,29.25,30.0,-0.75,-2.5,118494.63,352872.97069,29.779659271479222
300101.SZ,20260603,16.63,17.23,16.6,16.85,16.73,0.12,0.7173,114254.38,193094.33104,16.900387629778393
300102.SZ,20260603,24.0,25.3,23.95,24.56,23.95,0.61,2.547,412495.0,1015853.84534,24.62705839682905
300103.SZ,20260603,8.89,8.91,8.44,8.52,8.93,-0.41,-4.5913,209982.15,181072.02315,8.62321026572973
300105.SZ,20260603,6.2,6.2,6.02,6.05,6.18,-0.13,-2.1036,65268.0,39775.926,6.09424618496047
300106.SZ,20260603,13.2,13.6,13.02,13.25,13.28,-0.03,-0.2259,108923.5,145232.747,13.33346311861077
300107.SZ,20260603,6.31,6.31,6.16,6.21,6.31,-0.1,-1.5848,84090.0,52326.296,6.222653823284576
300109.SZ,20260603,17.39,17.48,16.73,16.86,17.26,-0.4,-2.3175,74290.16,127052.60172,17.102211345351794
300110.SZ,20260603,2.81,2.83,2.78,2.8,2.81,-0.01,-0.3559,109984.0,30809.256,2.8012489089322083
300111.SZ,20260603,3.31,3.36,3.29,3.33,3.34,-0.01,-0.2994,197644.0,65628.978,3.32056515755601
300112.SZ,20260603,7.04,7.08,6.88,6.92,7.01,-0.09,-1.2839,75212.98,52270.88145,6.949715521177328
300113.SZ,20260603,21.42,21.94,21.05,21.25,21.68,-0.43,-1.9834,249259.84,536602.86825,21.52785094662662
300115.SZ,20260603,32.78,34.2,32.48,32.85,33.11,-0.26,-0.7853,579989.25,1938891.52875,33.42978389254628
300118.SZ,20260603,14.17,14.26,13.61,13.81,14.16,-0.35,-2.4718,409976.33,570711.3886,13.920593625490522
300119.SZ,20260603,16.27,16.37,15.95,16.0,16.28,-0.28,-1.7199,22879.0,36763.623,16.068719349621926
300120.SZ,20260603,8.98,8.98,8.2,8.35,8.61,-0.26,-3.0197,558742.98,473427.78152,8.47308688370456
300121.SZ,20260603,11.43,12.26,11.43,12.2,11.49,0.71,6.1793,254270.97,304343.21485,11.96924740759828
300122.SZ,20260603,13.25,13.28,12.84,12.88,13.33,-0.45,-3.3758,199022.47,258038.25117,12.965282320634447
300123.SZ,20260603,4.71,4.97,4.65,4.77,4.73,0.04,0.8457,518478.0,248767.883,4.798041247651781
300124.SZ,20260603,76.24,77.83,75.3,75.86,76.47,-0.61,-0.7977,420151.49,3214641.82531,76.51149411156439
300125.SZ,20260603,10.52,10.52,9.14,9.68,10.59,-0.91,-8.593,144644.4,143180.89056,9.898820179695862
300126.SZ,20260603,6.87,6.96,6.69,6.83,6.87,-0.04,-0.5822,57081.19,38878.96339,6.811169036595067
300127.SZ,20260603,27.75,28.44,27.52,27.78,27.88,-0.1,-0.3587,55958.0,156720.718,28.006847635726793
300128.SZ,20260603,7.84,8.01,7.5,7.6,7.82,-0.22,-2.8133,637379.0,497757.10823,7.8094369006509465
300129.SZ,20260603,10.05,10.24,9.88,9.99,10.25,-0.26,-2.5366,257747.74,258793.20967,10.040561739552015
300130.SZ,20260603,24.02,25.01,23.7,24.48,23.8,0.68,2.8571,226222.47,555402.98612,24.551185658966588
300131.SZ,20260603,17.51,17.93,16.81,17.18,17.22,-0.04,-0.2323,1088503.27,1895638.62053,17.415093484560686
300132.SZ,20260603,7.08,7.15,6.5,6.67,7.16,-0.49,-6.8436,315523.19,213695.58949,6.772737987657896
300133.SZ,20260603,7.9,8.01,7.78,7.88,8.02,-0.14,-1.7456,705515.68,557786.7203,7.906085379987586
300134.SZ,20260603,10.43,10.83,10.28,10.35,10.43,-0.08,-0.767,142803.42,150101.57068,10.511062737853196
300135.SZ,20260603,3.56,3.65,3.54,3.61,3.56,0.05,1.4045,189121.57,68068.32086,3.5991833644359024
300136.SZ,20260603,91.0,99.8,90.5,95.6,91.97,3.63,3.9469,950821.71,9141249.98669,96.14052656296624
300137.SZ,20260603,18.88,19.39,18.4,18.6,18.8,-0.2,-1.0638,238512.0,449771.11074,18.85737869541155
300138.SZ,20260603,10.49,10.49,10.18,10.27,10.49,-0.22,-2.0972,39803.0,40944.137,10.286696228927468
300139.SZ,20260603,43.43,44.22,42.89,43.47,44.6,-1.13,-2.5336,165432.07,721040.62531,43.585299108570666
300140.SZ,20260603,6.1,6.27,6.06,6.16,6.12,0.04,0.6536,200324.97,123377.60149,6.1588728299822035
300141.SZ,20260603,11.17,11.33,11.02,11.13,11.24,-0.11,-0.9786,47580.96,53150.86092,11.17061549830016
300142.SZ,20260603,12.23,12.37,12.1,12.21,12.27,-0.06,-0.489,428874.55,524664.40336,12.233516849157873
300143.SZ,20260603,7.84,7.92,7.81,7.88,7.85,0.03,0.3822,58719.18,46164.0586,7.861836388042203
300144.SZ,20260603,6.71,6.73,6.6,6.63,6.72,-0.09,-1.3393,213826.02,142062.63581,6.643842307404872
300145.SZ,20260603,4.45,4.56,4.36,4.43,4.44,-0.01,-0.2252,505939.59,226478.02612,4.476384742297
300146.SZ,20260603,9.78,9.8,9.65,9.7,9.82,-0.12,-1.222,94576.9,91801.1261,9.706506144735132
300147.SZ,20260603,9.92,10.08,9.89,9.93,10.03,-0.1,-0.997,62344.5,62077.0115,9.957095092590365
300148.SZ,20260603,3.65,3.82,3.6,3.71,3.67,0.04,1.0899,373621.0,139353.573,3.729811038458759
300149.SZ,20260603,8.32,8.35,8.06,8.28,8.32,-0.04,-0.4808,114362.32,93638.87447,8.187913157935235
300150.SZ,20260603,4.39,4.39,4.26,4.31,4.39,-0.08,-1.8223,108379.0,46714.859,4.310323863479087
300151.SZ,20260603,23.83,25.48,23.57,24.68,23.75,0.93,3.9158,272563.21,669473.25012,24.56212818010178
300152.SZ,20260603,1.87,2.02,1.86,1.92,1.85,0.07,3.7838,488620.73,94766.29062,1.9394652089361823
300153.SZ,20260603,25.8,26.75,25.68,26.17,26.06,0.11,0.4221,96795.1,253939.11114,26.234707246544502
300154.SZ,20260603,9.79,10.12,9.48,9.64,9.77,-0.13,-1.3306,153950.87,149765.29208,9.728122489986578
300155.SZ,20260603,4.78,4.85,4.69,4.73,4.85,-0.12,-2.4742,106526.31,50734.07122,4.7625859958915315
300157.SZ,20260603,4.55,4.66,4.5,4.63,4.58,0.05,1.0917,247874.49,113809.68738,4.591423965410883
300158.SZ,20260603,5.03,5.63,4.97,5.44,5.04,0.4,7.9365,335748.7,179827.68443,5.356020274389745
300159.SZ,20260603,4.21,4.25,4.12,4.16,4.25,-0.09,-2.1176,432557.77,180682.87284,4.177080736291016
300160.SZ,20260603,4.9,4.96,4.87,4.87,4.94,-0.07,-1.417,43295.0,21263.422,4.911288139508026
300161.SZ,20260603,31.89,33.13,31.56,31.94,32.0,-0.06,-0.1875,46886.0,152015.16108,32.42229259907008
300162.SZ,20260603,9.24,9.71,8.88,9.02,9.41,-0.39,-4.1445,528727.0,493626.1806,9.336125838097923
300163.SZ,20260603,6.29,6.51,6.2,6.43,6.34,0.09,1.4196,345952.96,220282.25904,6.367404951239614
300164.SZ,20260603,9.98,10.88,9.82,10.76,9.81,0.95,9.684,1157211.8,1197466.798,10.347861973063184
300165.SZ,20260603,6.15,6.18,6.01,6.1,6.15,-0.05,-0.813,144477.0,87995.788,6.090643354997681
300166.SZ,20260603,15.93,16.86,15.72,16.36,16.22,0.14,0.8631,915537.74,1502758.99016,16.413949141626865
300167.SZ,20260603,5.16,5.28,4.96,5.11,5.16,-0.05,-0.969,111626.0,56537.109,5.064869206098938
300168.SZ,20260603,5.35,5.36,5.14,5.17,5.32,-0.15,-2.8195,182130.05,95106.11675,5.2218794619558935
300169.SZ,20260603,5.6,5.65,5.41,5.45,5.58,-0.13,-2.3297,84867.88,46600.8245,5.490984869658579
300170.SZ,20260603,19.01,19.7,18.7,19.11,19.23,-0.12,-0.624,620985.86,1191962.90494,19.19468673473499
300171.SZ,20260603,11.69,11.73,11.35,11.35,11.67,-0.32,-2.7421,88964.0,102201.255,11.487933883368555
300172.SZ,20260603,4.81,4.85,4.75,4.78,4.84,-0.06,-1.2397,93478.0,44732.766,4.785379019662381
300173.SZ,20260603,3.95,3.99,3.89,3.9,4.01,-0.11,-2.7431,120519.0,47260.365,3.9214036790879447
300174.SZ,20260603,26.1,27.79,25.13,26.48,26.92,-0.44,-1.6345,612199.82,1611624.12814,26.325132342247343
300175.SZ,20260603,6.41,6.68,6.24,6.27,6.41,-0.14,-2.1841,248035.12,160714.79552,6.479517719909987
300176.SZ,20260603,5.95,5.97,5.76,5.81,5.96,-0.15,-2.5168,148991.33,87316.66656,5.86051997522272
300177.SZ,20260603,7.2,7.34,7.13,7.18,7.21,-0.03,-0.4161,102270.5,74105.459,7.246024904542367
300179.SZ,20260603,45.52,52.31,45.52,51.3,47.71,3.59,7.5246,1068712.62,5358748.8513,50.14209387084808
300180.SZ,20260603,4.9,4.96,4.83,4.91,4.94,-0.03,-0.6073,293564.93,143760.10414,4.897046256172358
300181.SZ,20260603,13.95,14.0,13.64,13.68,13.92,-0.24,-1.7241,74152.03,102036.04758,13.760384925402583
300182.SZ,20260603,5.85,6.02,5.72,5.88,5.93,-0.05,-0.8432,1790627.89,1053047.04284,5.880881498165429
300183.SZ,20260603,12.03,12.24,11.69,11.79,12.04,-0.25,-2.0764,71111.62,85040.13176,11.958682949425143
300184.SZ,20260603,18.27,18.73,17.51,17.83,18.26,-0.43,-2.3549,2138373.51,3877211.67318,18.13159232963001
300185.SZ,20260603,2.78,2.81,2.76,2.77,2.79,-0.02,-0.7168,809257.52,225115.654,2.781755478775162
300187.SZ,20260603,5.78,5.79,5.54,5.7,5.8,-0.1,-1.7241,198784.25,112891.13675,5.679078536151632
300188.SZ,20260603,11.05,11.07,10.8,10.82,11.04,-0.22,-1.9928,112639.53,122777.23769,10.90001331592914
300189.SZ,20260603,5.12,5.2,5.04,5.13,5.08,0.05,0.9843,545620.23,278837.64426,5.110471146936762
300190.SZ,20260603,4.1,4.21,4.04,4.12,4.11,0.01,0.2433,206709.61,85197.96894,4.121625934082117
300191.SZ,20260603,32.33,33.76,31.55,33.61,31.55,2.06,6.5293,138067.06,451326.69716,32.688948193725565
300192.SZ,20260603,16.34,16.77,16.0,16.41,16.36,0.05,0.3056,78501.0,128560.133,16.376878383714857
300193.SZ,20260603,7.75,7.76,7.63,7.69,7.75,-0.06,-0.7742,41518.4,31969.1154,7.69998733091834
300194.SZ,20260603,3.81,3.83,3.78,3.79,3.82,-0.03,-0.7853,64207.93,24366.28172,3.7949022371535723
300195.SZ,20260603,5.9,5.95,5.78,5.83,5.9,-0.07,-1.1864,94432.9,55155.2695,5.840683649448445
300196.SZ,20260603,26.51,26.85,24.5,24.97,26.58,-1.61,-6.0572,584463.38,1473032.52108,25.203161934285774
300197.SZ,20260603,2.61,2.78,2.57,2.78,2.32,0.46,19.8276,4678216.0,1275113.02595,2.72563948725326
300198.SZ,20260603,2.29,2.29,2.25,2.26,2.29,-0.03,-1.31,82401.0,18682.063,2.2672131406172253
300199.SZ,20260603,22.54,22.9,22.06,22.34,22.7,-0.36,-1.5859,278062.63,624746.63711,22.467838886153096
300200.SZ,20260603,9.14,9.34,9.11,9.24,9.18,0.06,0.6536,77384.0,71501.138,9.23978315930942
300201.SZ,20260603,20.0,20.34,18.88,19.24,20.25,-1.01,-4.9877,680411.75,1336071.9828,19.636227369677258
300203.SZ,20260603,12.53,12.88,12.19,12.67,12.6,0.07,0.5556,129875.62,162724.12978,12.529228332461473
300204.SZ,20260603,23.7,25.26,23.39,24.96,23.93,1.03,4.3042,333955.37,818497.09919,24.509176156981695
300205.SZ,20260603,5.95,6.17,5.93,5.97,5.98,-0.01,-0.1672,41398.77,24957.51961,6.02856548878143
300206.SZ,20260603,13.49,13.54,13.12,13.25,13.54,-0.29,-2.1418,57519.0,76469.028,13.294568403484066
300207.SZ,20260603,22.44,22.48,21.71,21.87,22.47,-0.6,-2.6702,456839.27,1008963.25261,22.0857382205781
300209.SZ,20260603,24.38,26.68,24.29,26.45,24.98,1.47,5.8847,742632.01,1898105.21563,25.559162412484753
300210.SZ,20260603,11.05,11.32,10.78,10.92,11.09,-0.17,-1.5329,179648.0,198536.245,11.051403021464196
300211.SZ,20260603,8.61,8.7,8.38,8.45,8.66,-0.21,-2.4249,40068.0,34351.791,8.573373015873015
300212.SZ,20260603,11.3,12.43,11.29,11.34,11.4,-0.06,-0.5263,551654.74,650266.66751,11.787566032877738
300213.SZ,20260603,7.43,7.57,7.29,7.36,7.41,-0.05,-0.6748,95947.0,71288.721,7.430010422420712
300214.SZ,20260603,7.75,7.76,7.57,7.65,7.75,-0.1,-1.2903,77883.0,59723.732,7.668391304906077
300215.SZ,20260603,7.32,7.73,7.21,7.56,7.4,0.16,2.1622,267864.01,200838.20802,7.497767543314236
300217.SZ,20260603,5.11,5.38,5.08,5.23,5.11,0.12,2.3483,537623.09,280106.14828,5.210084043823342
300218.SZ,20260603,13.6,13.79,13.45,13.59,13.7,-0.11,-0.8029,25406.0,34616.748,13.625422341179249
300219.SZ,20260603,8.16,8.66,8.12,8.34,8.2,0.14,1.7073,456356.5,384210.54367,8.419087789261246
300220.SZ,20260603,12.49,13.26,12.06,12.29,12.5,-0.21,-1.68,69103.2,87229.5834,12.623088858403085
300221.SZ,20260603,14.05,15.3,13.96,14.32,14.19,0.13,0.9161,714547.51,1041657.00234,14.577855044796111
300222.SZ,20260603,16.73,16.92,14.81,15.11,16.42,-1.31,-7.9781,1010251.14,1568578.36644,15.526618128240866
300223.SZ,20260603,141.6,150.91,141.6,144.36,142.27,2.09,1.469,398707.24,5873026.00483,147.30171453194578
300224.SZ,20260603,12.15,12.45,12.1,12.26,12.15,0.11,0.9053,180193.86,221693.30632,12.303044416718752
300225.SZ,20260603,9.31,9.37,8.64,8.83,9.28,-0.45,-4.8491,226531.89,203065.8037,8.964115546822127
300226.SZ,20260603,21.68,21.77,21.25,21.38,21.7,-0.32,-1.4747,50220.75,107834.0296,21.472007009055023
300227.SZ,20260603,10.97,11.73,10.85,11.29,11.02,0.27,2.4501,380504.75,433935.52666,11.404207875460163
300228.SZ,20260603,8.34,8.58,8.27,8.35,8.42,-0.07,-0.8314,182336.8,153835.313,8.436876867423361
300229.SZ,20260603,16.84,17.02,16.41,16.48,16.91,-0.43,-2.5429,198300.79,331234.61409,16.703645713665587
300230.SZ,20260603,4.87,4.93,4.82,4.87,4.87,0.0,0.0,100143.0,48825.67,4.8755948992940095
300231.SZ,20260603,9.22,9.35,9.08,9.15,9.26,-0.11,-1.1879,76247.8,70323.871,9.223068862314715
300232.SZ,20260603,5.79,6.01,5.78,5.83,5.8,0.03,0.5172,245904.2,145049.2368,5.8986075390334936
300233.SZ,20260603,13.16,13.18,12.85,12.92,13.15,-0.23,-1.749,52864.89,68652.23667,12.986357612774755
300234.SZ,20260603,8.69,8.75,8.4,8.49,8.58,-0.09,-1.049,212706.31,181355.04471,8.526077327466213
300235.SZ,20260603,13.53,13.6,13.15,13.6,13.56,0.04,0.295,76835.5,102440.3955,13.332430386995595
300236.SZ,20260603,91.01,95.88,90.98,92.38,90.92,1.46,1.6058,120731.38,1128259.99759,93.45209154322596
300237.SZ,20260603,2.29,2.29,2.24,2.26,2.29,-0.03,-1.31,198528.0,45040.452,2.2687203820116055
300238.SZ,20260603,11.77,11.78,11.5,11.55,11.75,-0.2,-1.7021,29322.0,34000.458,11.595545324329855
300239.SZ,20260603,5.16,5.16,4.9,5.0,5.16,-0.16,-3.1008,209597.73,104374.4945,4.979753096562639
300240.SZ,20260603,5.99,6.0,5.83,5.9,6.0,-0.1,-1.6667,71547.86,42182.13126,5.895652401064128
300241.SZ,20260603,7.42,8.12,7.36,7.96,7.49,0.47,6.275,1235628.86,963734.53228,7.799546963317124
300242.SZ,20260603,5.11,5.28,5.02,5.08,5.14,-0.06,-1.1673,365737.0,188421.74534,5.15183712175689
300243.SZ,20260603,19.83,20.18,18.91,19.39,20.01,-0.62,-3.0985,321711.62,631715.40945,19.636076851995586
300244.SZ,20260603,17.5,17.67,17.03,17.17,17.67,-0.5,-2.8297,205179.23,355552.14239,17.328856453452914
300245.SZ,20260603,6.88,6.96,6.68,6.78,6.98,-0.2,-2.8653,138841.34,94054.20469,6.774221906097997
300246.SZ,20260603,17.66,18.09,16.58,16.75,17.62,-0.87,-4.9376,135034.0,232573.8055,17.223351563309983
300247.SZ,20260603,4.17,4.22,4.13,4.18,4.18,0.0,0.0,137913.15,57562.7197,4.1738383685674645
300248.SZ,20260603,8.74,8.77,8.51,8.6,8.75,-0.15,-1.7143,65335.19,56473.19593,8.643610882588694
300249.SZ,20260603,15.71,16.78,15.36,15.78,14.67,1.11,7.5665,569723.73,911791.95576,16.004107039038026
300250.SZ,20260603,16.91,16.95,16.5,16.64,16.86,-0.22,-1.3049,45187.0,75624.76,16.735955031314315
300251.SZ,20260603,12.32,12.34,12.06,12.19,12.41,-0.22,-1.7728,394988.7,482101.62971,12.205453718296244
300252.SZ,20260603,14.7,16.98,14.7,15.43,14.36,1.07,7.4513,835481.69,1338700.79726,16.02310156264466
300253.SZ,20260603,7.87,7.92,7.69,7.72,7.92,-0.2,-2.5253,493879.7,384804.89298,7.791470128859316
300254.SZ,20260603,10.5,10.59,10.22,10.35,10.5,-0.15,-1.4286,96863.2,100596.8728,10.38545833711874
300255.SZ,20260603,38.36,39.25,37.9,38.53,38.73,-0.2,-0.5164,116194.37,448719.45747,38.61800339121422
300256.SZ,20260603,3.12,3.15,3.02,3.04,3.09,-0.05,-1.6181,233924.49,72307.79389,3.091074127809363
300257.SZ,20260603,27.89,30.28,27.88,29.39,28.4,0.99,3.4859,115021.18,335366.71616,29.156953194185633
300258.SZ,20260603,12.62,13.09,12.34,12.51,12.75,-0.24,-1.8824,211707.18,269540.31122,12.731751054451719
300259.SZ,20260603,5.75,5.95,5.48,5.57,5.91,-0.34,-5.753,706766.49,398798.94272,5.642584196655957
300260.SZ,20260603,53.51,55.85,53.5,54.2,53.83,0.37,0.6873,146818.57,804828.29036,54.81788103235169
300261.SZ,20260603,4.99,5.25,4.93,5.08,4.99,0.09,1.8036,159633.53,81231.19183,5.088604620219824
300263.SZ,20260603,11.83,12.06,11.4,11.57,11.85,-0.28,-2.3629,608027.47,714917.63171,11.757982442964297
300264.SZ,20260603,8.39,8.39,7.85,7.95,8.39,-0.44,-5.2443,195388.0,158102.519,8.091721037115892
300265.SZ,20260603,23.98,24.8,23.3,23.53,24.02,-0.49,-2.04,822985.51,1978996.9145,24.04655841996538
300266.SZ,20260603,2.14,2.35,2.11,2.33,2.15,0.18,8.3721,790945.55,179915.37485,2.2746872379520937
300267.SZ,20260603,3.61,3.66,3.53,3.61,3.61,0.0,0.0,431523.02,155574.10232,3.6052329796913267
300268.SZ,20260603,13.08,13.22,12.58,12.66,13.03,-0.37,-2.8396,20568.0,26284.094,12.779119992220927
300269.SZ,20260603,5.38,5.47,5.21,5.28,5.38,-0.1,-1.8587,163575.0,87171.667,5.329155861225737
300270.SZ,20260603,12.49,13.3,12.3,13.02,12.52,0.5,3.9936,133582.54,173073.7737,12.956317023167847
300271.SZ,20260603,5.65,5.68,5.53,5.6,5.67,-0.07,-1.2346,80574.61,45174.14941,5.606499294256589
300272.SZ,20260603,6.12,6.25,6.06,6.18,6.12,0.06,0.9804,75220.2,46284.095,6.153147026995408
300274.SZ,20260603,171.0,175.67,166.7,170.8,172.7,-1.9,-1.1002,642972.19,11018002.3319,171.36048033274972
300275.SZ,20260603,9.51,9.6,9.34,9.4,9.5,-0.1,-1.0526,85116.8,80378.9008,9.443364976126922
300276.SZ,20260603,7.8,8.01,7.52,7.6,7.84,-0.24,-3.0612,741261.23,573893.3411,7.742120022923632
300277.SZ,20260603,15.53,15.56,14.99,15.18,15.52,-0.34,-2.1907,181124.78,276493.1901,15.265343046931514
300278.SZ,20260603,4.54,4.57,4.41,4.44,4.55,-0.11,-2.4176,242001.78,108585.32454,4.486963878530149
300279.SZ,20260603,7.04,7.33,7.0,7.16,7.03,0.13,1.8492,132168.0,95352.302,7.214477180558077
300281.SZ,20260603,7.33,7.68,7.23,7.53,7.32,0.21,2.8689,135588.62,102331.21096,7.547182865346665
300283.SZ,20260603,16.51,17.96,16.4,17.26,16.75,0.51,3.0448,828101.84,1420817.05819,17.157516015059212
300284.SZ,20260603,5.95,6.05,5.9,5.98,5.95,0.03,0.5042,78790.98,47114.24016,5.979648959817482
300285.SZ,20260603,59.38,62.8,57.5,60.47,58.45,2.02,3.4559,1397605.38,8423496.2375,60.27092023286288
300286.SZ,20260603,31.08,34.15,31.08,32.62,30.59,2.03,6.6362,176461.0,581405.005,32.94807379534288
300287.SZ,20260603,3.94,4.08,3.93,4.02,3.96,0.06,1.5152,245340.51,98597.55639,4.018804574507487
300288.SZ,20260603,10.22,10.26,9.93,10.05,10.22,-0.17,-1.6634,48221.77,48422.03257,10.0415294938365
300289.SZ,20260603,5.93,5.95,5.76,5.79,5.98,-0.19,-3.1773,57786.0,33674.424,5.827436403281071
300290.SZ,20260603,10.64,10.64,10.16,10.26,10.55,-0.29,-2.7488,245802.94,255401.02,10.390478649278972
300291.SZ,20260603,6.46,6.48,6.15,6.3,6.58,-0.28,-4.2553,690203.44,435506.59452,6.309829381899343
300292.SZ,20260603,5.57,6.28,5.57,6.03,5.48,0.55,10.0365,2497829.74,1505437.19909,6.02698084253733
300293.SZ,20260603,17.29,17.77,17.03,17.22,17.3,-0.08,-0.4624,48997.0,85330.146,17.415381758066818
300294.SZ,20260603,16.71,17.1,16.3,16.77,16.79,-0.02,-0.1191,105982.87,177213.88276,16.720993001982304
300295.SZ,20260603,12.01,12.43,11.8,12.24,12.0,0.24,2.0,53665.0,65520.765,12.209217366998974
300296.SZ,20260603,6.55,6.85,6.53,6.64,6.58,0.06,0.9119,1218943.85,818936.47485,6.718410161797034
300298.SZ,20260603,15.51,15.51,15.1,15.1,15.51,-0.41,-2.6435,45590.87,69391.04185,15.220381153068583
300299.SZ,20260603,5.43,5.48,5.32,5.36,5.47,-0.11,-2.011,112728.5,61005.0923,5.4116831413528965
300300.SZ,20260603,9.58,9.75,9.28,9.36,9.55,-0.19,-1.9895,400431.61,378200.71407,9.444826647676491
300301.SZ,20260603,3.41,3.48,3.37,3.44,3.36,0.08,2.381,131387.0,45151.603,3.436535045324119
300302.SZ,20260603,47.08,55.93,46.98,54.81,46.61,8.2,17.5928,903004.22,4802933.43814,53.188383085740185
300303.SZ,20260603,8.67,9.26,8.67,8.86,8.62,0.24,2.7842,1283130.99,1158551.20724,9.029095363365823
300304.SZ,20260603,14.71,15.16,14.36,14.76,14.73,0.03,0.2037,551198.27,818017.50824,14.840712548680532
300305.SZ,20260603,7.19,7.59,7.19,7.44,7.28,0.16,2.1978,539569.52,399974.44028,7.412843488268202
300306.SZ,20260603,10.9,11.1,10.7,10.81,10.84,-0.03,-0.2768,23394.0,25378.88,10.848456869282723
300307.SZ,20260603,6.77,6.98,6.72,6.82,6.76,0.06,0.8876,136728.66,93522.02099,6.839972028541785
300308.SZ,20260603,1220.0,1320.0,1220.0,1275.0,1191.81,83.19,6.9801,345250.76,43881189.2973,1270.9947198175612
300310.SZ,20260603,5.13,5.25,5.04,5.08,5.15,-0.07,-1.3592,279513.0,144144.31393,5.156980674601897
300311.SZ,20260603,5.53,5.53,5.34,5.4,5.52,-0.12,-2.1739,111616.24,60508.2264,5.4210952098010114
300313.SZ,20260603,9.55,9.55,9.11,9.15,9.55,-0.4,-4.1885,28276.78,26247.32136,9.282287926701699
300314.SZ,20260603,10.26,10.33,10.06,10.1,10.26,-0.16,-1.5595,23033.0,23385.5037,10.153042894976775
300315.SZ,20260603,4.46,4.49,4.39,4.4,4.48,-0.08,-1.7857,465128.16,205981.37132,4.428486362124366
300316.SZ,20260603,48.01,50.45,47.68,48.41,47.0,1.41,3.0,339341.16,1657367.67774,48.840750050480175
300317.SZ,20260603,5.64,5.9,5.6,5.71,5.73,-0.02,-0.349,1357696.93,776033.18174,5.715805674982266
300318.SZ,20260603,4.97,4.99,4.84,4.88,4.99,-0.11,-2.2044,67333.0,32862.38208,4.8805759553265124
300319.SZ,20260603,16.12,18.72,15.92,17.99,16.31,1.68,10.3004,1913889.85,3329947.38903,17.398845545003542
300320.SZ,20260603,9.08,9.23,8.96,9.03,9.09,-0.06,-0.6601,82549.02,74860.75602,9.06864261017272
300321.SZ,20260603,40.86,41.62,39.29,40.19,41.33,-1.14,-2.7583,29606.0,118810.908,40.13068567182327
300322.SZ,20260603,28.78,29.93,27.61,28.09,28.63,-0.54,-1.8861,360680.63,1039848.30699,28.83016775783052
300323.SZ,20260603,15.49,17.83,15.46,16.56,15.24,1.32,8.6614,1899695.54,3150928.92808,16.586494318347455
300324.SZ,20260603,4.4,4.47,4.3,4.35,4.42,-0.07,-1.5837,347719.58,152922.71407,4.397874691727167
300326.SZ,20260603,6.91,6.95,6.71,6.72,6.96,-0.24,-3.4483,84864.0,57737.739,6.803560873868778
300327.SZ,20260603,28.25,30.43,28.03,28.52,28.39,0.13,0.4579,320593.26,938445.72386,29.272160115281274
300328.SZ,20260603,19.8,20.43,19.37,19.64,20.03,-0.39,-1.9471,611832.83,1217338.56378,19.896587827429922
300329.SZ,20260603,12.78,12.99,12.58,12.75,12.78,-0.03,-0.2347,34370.0,43927.128,12.780659877800407
300331.SZ,20260603,54.5,60.5,54.0,58.2,52.36,5.84,11.1536,325131.42,1880716.73796,57.84481665783025
300332.SZ,20260603,5.07,5.07,4.96,5.02,5.07,-0.05,-0.9862,177633.0,88899.025,5.004645814685334
300333.SZ,20260603,10.0,10.3,9.8,10.09,10.06,0.03,0.2982,134558.05,135045.80452,10.036248631724376
300334.SZ,20260603,7.35,7.41,7.16,7.27,7.3,-0.03,-0.411,61489.0,44644.457,7.260559937549806
300335.SZ,20260603,6.06,6.11,5.92,6.0,6.12,-0.12,-1.9608,161937.81,97214.03644,6.003170997557643
300337.SZ,20260603,12.24,12.52,12.12,12.27,12.24,0.03,0.2451,239072.43,294937.12152,12.336726636358698
300338.SZ,20260603,3.22,3.24,3.13,3.14,3.26,-0.12,-3.681,50215.0,15963.884,3.1791066414418
300339.SZ,20260603,42.28,43.99,41.76,42.43,43.03,-0.6,-1.3944,348096.36,1495960.12203,42.97546007174566
300340.SZ,20260603,9.62,9.91,9.42,9.57,9.63,-0.06,-0.6231,71386.55,68462.39295,9.590377031807812
300341.SZ,20260603,14.47,14.58,14.0,14.1,14.48,-0.38,-2.6243,49477.3,70537.3444,14.256506397883474
300342.SZ,20260603,48.35,51.06,48.0,49.64,48.76,0.88,1.8048,245157.22,1220171.99455,49.77099979148075
300343.SZ,20260603,6.95,6.95,6.64,6.68,6.93,-0.25,-3.6075,210019.0,142139.363,6.767928758826582
300345.SZ,20260603,5.88,5.98,5.8,5.9,5.88,0.02,0.3401,132606.0,78204.143,5.897481486508905
300346.SZ,20260603,49.47,52.16,49.31,50.82,49.35,1.47,2.9787,434458.88,2211719.98973,50.90746423988388
300347.SZ,20260603,39.19,40.08,38.65,39.37,39.19,0.18,0.4593,143955.94,565716.79931,39.29791291071421
300348.SZ,20260603,10.24,10.37,10.06,10.12,10.24,-0.12,-1.1719,143600.5,146869.28721,10.227630628723439
300349.SZ,20260603,13.28,13.35,12.71,12.81,13.33,-0.52,-3.901,132870.58,173136.20242,13.030439275571764
300350.SZ,20260603,4.64,4.65,4.52,4.58,4.65,-0.07,-1.5054,106502.96,48681.11755,4.57086991291134
300351.SZ,20260603,17.81,18.45,17.36,18.1,17.84,0.26,1.4574,201295.0,359927.312,17.88058878760029
300352.SZ,20260603,3.32,3.33,3.17,3.2,3.36,-0.16,-4.7619,412523.0,133423.5296,3.234329470114394
300353.SZ,20260603,19.81,20.28,18.8,19.0,19.87,-0.87,-4.3785,274903.62,535935.69326,19.495403271153723
300354.SZ,20260603,32.08,32.82,31.55,32.0,32.16,-0.16,-0.4975,16641.0,53711.6,32.27666606574124
300355.SZ,20260603,3.22,3.27,3.2,3.21,3.24,-0.03,-0.9259,159697.28,51510.98796,3.2255394681737846
300357.SZ,20260603,22.58,22.79,22.35,22.46,22.81,-0.35,-1.5344,59120.66,132870.47845,22.474457905239895
300358.SZ,20260603,8.33,8.42,8.16,8.23,8.33,-0.1,-1.2005,120930.26,100306.60616,8.294582857921583
300359.SZ,20260603,4.13,4.15,4.04,4.09,4.14,-0.05,-1.2077,92075.39,37654.3954,4.089517883117303
300360.SZ,20260603,14.45,14.46,13.89,13.96,14.45,-0.49,-3.391,77126.19,109172.39399,14.155035272713457
300363.SZ,20260603,14.13,14.38,13.99,14.17,14.13,0.04,0.2831,96072.18,136296.34842,14.1868695412137
300364.SZ,20260603,25.15,25.43,24.47,24.88,25.59,-0.71,-2.7745,422734.77,1055415.20581,24.966368529610182
300365.SZ,20260603,5.37,5.47,5.32,5.38,5.43,-0.05,-0.9208,106506.0,57386.761,5.3881247065893
300366.SZ,20260603,5.55,5.56,5.42,5.47,5.56,-0.09,-1.6187,51333.0,28160.822,5.485910038376872
300368.SZ,20260603,9.95,10.13,9.61,9.77,10.03,-0.26,-2.5922,238027.51,234567.89378,9.854654774147743
300369.SZ,20260603,6.42,6.53,6.34,6.4,6.5,-0.1,-1.5385,183434.73,118076.96726,6.437001720448467
300370.SZ,20260603,2.46,2.58,2.44,2.55,2.47,0.08,3.2389,413326.71,104994.27046,2.5402246677936686
300371.SZ,20260603,11.36,11.48,11.06,11.15,11.36,-0.21,-1.8486,24056.06,27021.9301,11.232899360909476
300373.SZ,20260603,107.23,111.23,103.95,105.82,101.5,4.32,4.2562,334634.19,3576504.02266,106.87802171858169
300374.SZ,20260603,12.23,12.35,12.01,12.17,12.24,-0.07,-0.5719,32737.0,39893.823,12.186157253260836
300375.SZ,20260603,4.32,4.45,4.27,4.33,4.32,0.01,0.2315,124470.0,54076.277,4.344522937253957
300376.SZ,20260603,5.15,5.18,5.01,5.05,5.15,-0.1,-1.9417,252820.34,128452.82336,5.080794660746046
300377.SZ,20260603,13.91,14.09,13.42,13.54,13.95,-0.41,-2.9391,274626.52,376812.62529,13.72091177829439
300378.SZ,20260603,38.58,38.91,37.5,37.97,38.77,-0.8,-2.0635,143124.91,544953.54069,38.07538049735717
300380.SZ,20260603,33.03,33.68,31.7,31.95,33.37,-1.42,-4.2553,44855.0,145756.721,32.49508884182365
300381.SZ,20260603,6.41,6.43,6.25,6.34,6.41,-0.07,-1.092,76908.0,48579.069,6.316517007333438
300382.SZ,20260603,16.07,16.08,14.3,14.6,15.97,-1.37,-8.5786,453426.04,683843.69776,15.081703242275191
300383.SZ,20260603,13.39,13.63,13.14,13.33,13.53,-0.2,-1.4782,660668.16,886423.45407,13.417075435722525
300384.SZ,20260603,12.68,12.93,12.5,12.71,12.6,0.11,0.873,30371.67,38650.6886,12.725901670866303
300385.SZ,20260603,14.61,14.87,14.42,14.49,14.8,-0.31,-2.0946,71769.2,104472.20148,14.556690262675357
300386.SZ,20260603,11.03,11.03,10.68,10.76,10.9,-0.14,-1.2844,40777.0,44123.80252,10.820757417171444
300387.SZ,20260603,7.94,8.2,7.75,7.82,7.78,0.04,0.5141,82188.04,64800.2624,7.884390770238589
300388.SZ,20260603,7.63,7.69,7.47,7.64,7.66,-0.02,-0.2611,56425.0,42648.081,7.5583661497563135
300389.SZ,20260603,13.89,14.18,13.68,13.85,13.88,-0.03,-0.2161,53506.0,74702.086,13.961440959892348
300390.SZ,20260603,80.15,82.85,78.88,81.38,81.3,0.08,0.0984,344517.57,2801206.68451,81.30809364846037
300393.SZ,20260603,8.9,9.35,8.83,9.1,8.97,0.13,1.4493,343745.16,312966.23479,9.104600477574726
300394.SZ,20260603,501.0,525.0,482.99,497.38,457.0,40.38,8.8359,599369.94,30156692.4864,503.1398886370578
300395.SZ,20260603,119.25,123.99,117.5,118.99,119.5,-0.51,-0.4268,403668.75,4896150.61519,121.29129676721321
300396.SZ,20260603,8.02,8.07,7.81,7.84,8.12,-0.28,-3.4483,41699.7,32976.9786,7.908205238886612
300397.SZ,20260603,12.98,13.61,12.94,13.23,12.95,0.28,2.1622,228129.26,304698.27388,13.356387246423365
300398.SZ,20260603,36.66,40.37,36.6,38.6,35.53,3.07,8.6406,762447.06,2961400.94937,38.840741931249624
300399.SZ,20260603,20.12,20.18,19.49,19.58,20.01,-0.43,-2.1489,42589.0,84168.454,19.76295616238935
300400.SZ,20260603,28.7,29.2,27.6,28.08,28.7,-0.62,-2.1603,137680.78,392360.235,28.49782191820819
300401.SZ,20260603,12.06,12.08,11.67,11.76,12.06,-0.3,-2.4876,106807.04,125973.18105,11.794464208539065
300402.SZ,20260603,15.67,16.52,15.52,16.51,15.67,0.84,5.3606,53275.0,85009.436,15.956721914594088
300403.SZ,20260603,10.52,10.69,10.34,10.38,10.66,-0.28,-2.6266,110094.67,115802.85908,10.518480057208945
300404.SZ,20260603,9.66,9.66,9.23,9.28,9.67,-0.39,-4.0331,141710.82,132615.80486,9.358198961801223
300405.SZ,20260603,6.35,6.46,6.21,6.27,6.36,-0.09,-1.4151,88233.91,55787.71292,6.32270664645826
300406.SZ,20260603,12.0,12.01,11.67,11.78,12.0,-0.22,-1.8333,45422.84,53504.4738,11.779200463907586
300407.SZ,20260603,12.26,12.35,11.9,12.05,12.27,-0.22,-1.793,47842.68,57850.43428,12.091804698231787
300408.SZ,20260603,134.79,137.71,129.38,134.89,134.46,0.43,0.3198,703100.3,9417962.39965,133.94905960998736
300409.SZ,20260603,21.98,22.48,21.78,22.0,22.1,-0.1,-0.4525,172761.78,381989.32555,22.11075421600773
300410.SZ,20260603,12.4,12.72,11.94,12.13,12.8,-0.67,-5.2344,737386.78,908128.40522,12.31549615277887
300411.SZ,20260603,8.3,9.23,8.24,9.15,8.35,0.8,9.5808,233881.6,207794.7656,8.884613650667688
300412.SZ,20260603,4.6,4.6,4.46,4.5,4.59,-0.09,-1.9608,83459.79,37723.6478,4.51997875863335
300413.SZ,20260603,17.42,17.42,16.93,16.99,17.42,-0.43,-2.4684,151011.82,257684.90088,17.0638894942131
300414.SZ,20260603,12.08,12.25,11.96,12.06,12.01,0.05,0.4163,50162.48,60793.7825,12.119373384250538
300415.SZ,20260603,22.33,22.79,21.9,22.1,22.22,-0.12,-0.5401,91573.03,204638.34603,22.347010471314533
300416.SZ,20260603,18.74,18.92,18.12,18.38,18.6,-0.22,-1.1828,278914.76,518991.15012,18.60751830129033
300417.SZ,20260603,13.03,13.09,12.41,12.57,12.83,-0.26,-2.0265,44778.97,57055.08353,12.741490822589265
300418.SZ,20260603,41.53,42.88,41.3,41.8,42.3,-0.5,-1.182,466465.34,1964029.23766,42.10450529207593
300419.SZ,20260603,7.45,7.88,7.18,7.28,7.62,-0.34,-4.4619,132485.6,99799.6538,7.532868009806348
300420.SZ,20260603,5.49,5.75,5.41,5.69,5.67,0.02,0.3527,1189412.16,667951.84388,5.615814823013076
300421.SZ,20260603,22.12,22.69,21.63,21.81,22.29,-0.48,-2.1534,92807.52,206044.5356,22.201275887988388
300422.SZ,20260603,5.36,5.42,5.26,5.35,5.4,-0.05,-0.9259,116340.13,62018.70876,5.330809649258601
300423.SZ,20260603,6.56,6.64,6.41,6.47,6.56,-0.09,-1.372,73842.0,47945.609,6.492999783321145
300424.SZ,20260603,19.73,20.68,19.27,19.51,19.88,-0.37,-1.8612,148658.19,296201.88781,19.92502988298189
300425.SZ,20260603,4.38,4.39,4.3,4.34,4.37,-0.03,-0.6865,58359.67,25309.813,4.336867052195463
300426.SZ,20260603,6.24,6.26,6.03,6.13,6.25,-0.12,-1.92,87779.0,53816.95,6.130959568917395
300427.SZ,20260603,6.74,8.0,6.74,7.6,7.04,0.56,7.9545,1292368.2,958530.49121,7.416852961950008
300428.SZ,20260603,20.89,21.2,20.41,20.55,20.82,-0.27,-1.2968,76467.87,159251.22051,20.825899885795174
300429.SZ,20260603,13.18,13.69,13.03,13.26,13.22,0.04,0.3026,227457.17,304121.15573,13.370480065763587
300430.SZ,20260603,5.92,5.96,5.61,5.73,6.05,-0.32,-5.2893,276601.62,159798.81568,5.777219080640236
300432.SZ,20260603,23.92,24.32,23.19,23.55,23.95,-0.4,-1.6701,374971.99,887550.41735,23.66977910403388
300433.SZ,20260603,41.1,46.8,40.29,44.39,41.23,3.16,7.6643,2858563.22,12559861.2378,43.937671729366194
300434.SZ,20260603,9.84,9.85,9.55,9.64,9.84,-0.2,-2.0325,73879.0,71313.548,9.652749495797181
300435.SZ,20260603,18.18,18.34,17.95,18.16,18.13,0.03,0.1655,68768.0,124705.758,18.134271463471382
300436.SZ,20260603,96.54,98.86,94.39,97.94,96.37,1.57,1.6291,54065.07,526919.31378,97.46021114556959
300437.SZ,20260603,12.38,12.45,12.16,12.32,12.39,-0.07,-0.565,64203.75,78958.64376,12.298135819169442
300438.SZ,20260603,82.68,82.84,79.0,81.56,82.79,-1.23,-1.4857,258714.44,2093554.31291,80.9214326386266
300439.SZ,20260603,9.14,9.15,9.0,9.01,9.15,-0.14,-1.5301,22583.0,20467.33,9.063158127795244
300440.SZ,20260603,16.93,17.25,16.63,16.8,16.91,-0.11,-0.6505,116943.02,198612.46348,16.983695433895928
300441.SZ,20260603,6.25,6.27,6.13,6.18,6.24,-0.06,-0.9615,34843.1,21613.8173,6.203184360748613
300442.SZ,20260603,79.1,82.5,78.55,81.37,80.23,1.14,1.4209,422876.94,3437098.90292,81.2789390435903
300443.SZ,20260603,26.45,26.47,24.68,25.32,26.46,-1.14,-4.3084,109862.16,276816.75734,25.196733555939552
300444.SZ,20260603,13.97,14.19,13.78,13.95,14.15,-0.2,-1.4134,372153.42,519650.62404,13.96334404343241
300445.SZ,20260603,23.3,23.68,22.91,23.19,23.4,-0.21,-0.8974,43520.2,101626.108,23.351480002389696
300446.SZ,20260603,16.08,16.29,15.97,16.05,16.08,-0.03,-0.1866,75519.26,121797.1766,16.127962138400193
300447.SZ,20260603,15.9,16.5,15.61,16.25,15.82,0.43,2.7181,68906.0,111819.56,16.227840826633383
300448.SZ,20260603,7.71,8.26,7.61,7.83,7.76,0.07,0.9021,292793.07,233408.28499,7.971783109142576
300449.SZ,20260603,7.69,8.04,7.69,7.89,7.73,0.16,2.0699,201348.2,159320.5148,7.912686321506723
300450.SZ,20260603,48.0,49.95,47.09,47.7,48.19,-0.49,-1.0168,562680.94,2726448.40369,48.454607395978265
300451.SZ,20260603,3.83,3.85,3.74,3.76,3.84,-0.08,-2.0833,222918.39,84399.7932,3.7861296773227187
300452.SZ,20260603,12.81,12.87,12.47,12.52,12.82,-0.3,-2.3401,26107.52,32844.70516,12.580553480376535
300453.SZ,20260603,9.27,9.28,9.0,9.08,9.28,-0.2,-2.1552,64151.03,58345.0968,9.094958693570469
300454.SZ,20260603,116.4,121.84,114.75,117.56,120.01,-2.45,-2.0415,149523.02,1763549.59926,117.94502273027928
300455.SZ,20260603,21.81,23.06,21.78,22.36,21.9,0.46,2.1005,105851.07,237140.73778,22.40324427329832
300456.SZ,20260603,46.3,48.43,45.14,45.79,46.2,-0.41,-0.8874,581969.3,2726471.3623,46.84905822867289
300457.SZ,20260603,25.59,26.05,24.85,25.08,25.66,-0.58,-2.2603,152095.16,386996.84802,25.444389421727816
300458.SZ,20260603,33.18,34.38,32.75,33.29,33.23,0.06,0.1806,351939.12,1188036.45654,33.75687410197536
300459.SZ,20260603,3.9,3.9,3.79,3.82,3.92,-0.1,-2.551,785476.68,301032.20076,3.8324778879495183
300460.SZ,20260603,9.65,10.02,9.58,9.84,9.65,0.19,1.9689,92082.0,90631.4748,9.842474620446993
300461.SZ,20260603,49.3,51.38,48.23,48.92,49.76,-0.84,-1.6881,54910.0,272459.586,49.619301766527045
300462.SZ,20260603,12.91,12.91,12.5,12.64,12.86,-0.22,-1.7107,12359.0,15697.12,12.700962861072902
300463.SZ,20260603,9.44,9.46,9.21,9.24,9.45,-0.21,-2.2222,45498.0,42297.276,9.296513253329817
300464.SZ,20260603,8.99,9.19,8.59,8.84,9.02,-0.18,-1.9956,180723.5,161067.584,8.912376309666424
300465.SZ,20260603,14.0,14.25,13.54,13.7,14.05,-0.35,-2.4911,178963.51,248629.96474,13.892774272252481
300466.SZ,20260603,8.0,8.12,7.94,8.04,8.03,0.01,0.1245,69102.0,55598.662,8.045883187172585
300467.SZ,20260603,34.62,34.69,33.5,34.05,33.94,0.11,0.3241,38526.0,131078.891,34.02348829361989
300468.SZ,20260603,23.67,23.94,23.28,23.5,23.78,-0.28,-1.1775,150675.57,355808.61174,23.61422039020659
300469.SZ,20260603,49.89,52.6,49.01,50.68,49.86,0.82,1.6446,65507.96,333009.8681,50.835023423107664
300470.SZ,20260603,31.77,31.78,30.94,31.29,31.77,-0.48,-1.5109,16551.0,51783.148,31.287020723823336
300471.SZ,20260603,9.9,9.9,9.64,9.74,9.82,-0.08,-0.8147,54278.72,52872.33313,9.740895350885207
300472.SZ,20260603,8.48,8.59,8.28,8.37,8.5,-0.13,-1.5294,34064.0,28505.958,8.36835310004697
300473.SZ,20260603,35.66,36.9,35.31,35.69,35.89,-0.2,-0.5573,65644.0,237227.073,36.13842437998903
300474.SZ,20260603,55.85,59.98,55.81,57.68,55.84,1.84,3.2951,140203.39,810149.8943,57.783901965565875
300475.SZ,20260603,174.35,184.93,174.0,177.03,175.13,1.9,1.0849,330252.45,5944659.33559,180.0034893182473
300476.SZ,20260603,349.08,369.15,345.01,353.44,349.08,4.36,1.249,535732.64,19229266.8789,358.9340175147812
300477.SZ,20260603,2.57,2.59,2.47,2.49,2.63,-0.14,-5.3232,471743.42,118800.604,2.518330918107984
300478.SZ,20260603,42.99,44.95,42.52,43.29,42.97,0.32,0.7447,43625.86,190022.8434,43.55738623834579
300479.SZ,20260603,14.88,14.98,14.52,14.64,14.84,-0.2,-1.3477,34829.75,51289.34525,14.725728795067434
300480.SZ,20260603,33.0,34.67,32.74,33.26,32.73,0.53,1.6193,190564.88,641740.63606,33.67570331217379
300481.SZ,20260603,13.93,14.12,13.54,13.68,13.95,-0.27,-1.9355,93924.21,129735.1062,13.81274393471076
300482.SZ,20260603,17.41,17.44,16.6,16.72,17.41,-0.69,-3.9632,76064.58,127746.86704,16.794527366088133
300483.SZ,20260603,20.05,20.4,18.95,19.68,19.92,-0.24,-1.2048,268727.31,521840.60704,19.418964415637546
300484.SZ,20260603,15.05,15.25,14.9,15.02,15.06,-0.04,-0.2656,30327.56,45648.89012,15.051949487528834
300485.SZ,20260603,8.85,8.88,8.64,8.7,8.86,-0.16,-1.8059,46521.0,40584.383,8.723884482276821
300486.SZ,20260603,29.71,30.16,27.74,28.25,29.98,-1.73,-5.7705,703713.36,2035425.22615,28.924066840936486
300487.SZ,20260603,56.78,58.25,54.8,56.03,56.86,-0.83,-1.4597,64181.44,361471.93037,56.32032101024844
300488.SZ,20260603,31.86,32.68,31.55,31.82,32.2,-0.38,-1.1801,40321.24,129439.47021,32.10205594123594
300489.SZ,20260603,137.65,144.77,132.4,135.5,137.15,-1.65,-1.2031,94235.0,1305537.5665,138.54062360057304
300490.SZ,20260603,15.56,15.75,15.25,15.5,15.56,-0.06,-0.3856,118386.0,183670.739,15.514565827040359
300491.SZ,20260603,33.06,34.15,31.8,32.44,32.7,-0.26,-0.7951,142965.76,470014.80012,32.87603969789689
300492.SZ,20260603,42.75,42.96,41.04,41.3,42.76,-1.46,-3.4144,19329.25,80559.65252,41.67758838030446
300493.SZ,20260603,15.02,15.35,14.63,14.74,15.02,-0.28,-1.8642,200959.73,301462.00093,15.001114946263112
300494.SZ,20260603,9.4,9.4,9.05,9.1,9.37,-0.27,-2.8815,101293.6,92856.7272,9.16708727895938
300496.SZ,20260603,62.64,65.26,62.01,63.19,63.67,-0.48,-0.7539,209484.08,1337440.28476,63.84448330202467
300497.SZ,20260603,15.31,16.16,15.18,16.05,15.37,0.68,4.4242,294516.73,466767.95291,15.848605711125476
300498.SZ,20260603,13.25,13.26,12.98,13.11,13.22,-0.11,-0.8321,440057.4,576293.0473,13.095860842244669
300499.SZ,20260603,36.7,38.17,36.37,37.0,36.9,0.1,0.271,279245.58,1044438.8946,37.40216388026625
300500.SZ,20260603,11.0,11.1,10.75,10.83,10.98,-0.15,-1.3661,34100.0,37175.82,10.902000000000001
300501.SZ,20260603,13.26,13.36,12.97,13.17,13.13,0.04,0.3046,43042.84,56563.56176,13.141224361589522
300502.SZ,20260603,760.0,815.98,758.07,782.25,747.0,35.25,4.7189,426908.54,33713841.9964,789.7204866503725
300503.SZ,20260603,73.01,77.63,73.01,74.98,74.37,0.61,0.8202,242901.0,1833817.18671,75.49648567564563
300504.SZ,20260603,18.56,19.53,18.53,19.28,18.53,0.75,4.0475,133791.74,255856.4077,19.12348308647455
300505.SZ,20260603,20.38,20.56,20.06,20.22,20.32,-0.1,-0.4921,98010.68,199083.0371,20.312381987350765
300506.SZ,20260603,4.87,4.89,4.71,4.75,4.87,-0.12,-2.4641,63324.6,30246.9582,4.7764941586681955
300507.SZ,20260603,7.65,7.65,7.31,7.4,7.71,-0.31,-4.0208,172858.37,129296.52227,7.479910997078129
300508.SZ,20260603,41.06,42.83,41.06,41.79,42.6,-0.81,-1.9014,37950.8,159309.2018,41.977824393688664
300509.SZ,20260603,9.87,9.97,9.68,9.82,9.9,-0.08,-0.8081,46828.34,46021.6224,9.827728764248317
300510.SZ,20260603,3.76,3.77,3.65,3.67,3.77,-0.1,-2.6525,188420.0,69821.905,3.705652531578389
300511.SZ,20260603,6.11,6.2,6.08,6.14,6.1,0.04,0.6557,167723.0,103048.365,6.143961472189265
300512.SZ,20260603,7.91,7.97,7.68,7.77,7.92,-0.15,-1.8939,40836.5,31896.793,7.810853770523919
300513.SZ,20260603,8.02,8.06,7.83,7.9,8.04,-0.14,-1.7413,72098.8,57276.62444,7.9441855398425485
300514.SZ,20260603,10.94,10.97,10.6,10.71,10.95,-0.24,-2.1918,29085.0,31313.42,10.766175004297747
300515.SZ,20260603,15.98,16.02,15.52,15.69,15.97,-0.28,-1.7533,21861.0,34480.595,15.772652211701203
300516.SZ,20260603,32.97,39.54,32.64,39.54,32.95,6.59,20.0,90237.0,329416.949,36.50575141017543
300517.SZ,20260603,11.73,11.86,11.0,11.16,11.72,-0.56,-4.7782,56582.0,63935.464,11.299611890707293
300518.SZ,20260603,28.79,29.76,28.54,29.2,29.04,0.16,0.551,102486.75,298723.10149,29.147485064166826
300519.SZ,20260603,13.86,13.87,13.42,13.53,13.8,-0.27,-1.9565,21443.16,29046.956,13.546024000194002
300520.SZ,20260603,35.0,36.58,34.7,35.29,34.61,0.68,1.9648,205749.88,732325.49891,35.59299761973129
300521.SZ,20260603,24.72,24.95,23.68,23.98,24.78,-0.8,-3.2284,37485.2,90936.7216,24.25936679009316
300522.SZ,20260603,12.09,12.13,11.59,11.72,12.08,-0.36,-2.9801,52537.0,62211.3418,11.841433998896015
300523.SZ,20260603,21.5,21.7,20.69,20.95,21.45,-0.5,-2.331,37124.01,78190.94395,21.062095379782516
300525.SZ,20260603,9.02,9.16,8.83,8.86,9.26,-0.4,-4.3197,194828.24,174992.12296,8.981866435789803
300527.SZ,20260603,7.68,7.77,7.65,7.68,7.71,-0.03,-0.3891,52492.51,40416.21439,7.6994250017764445
300528.SZ,20260603,16.54,16.54,15.76,16.1,16.7,-0.6,-3.5928,122395.2,196667.0116,16.06819643253984
300529.SZ,20260603,18.16,18.27,17.63,17.73,18.13,-0.4,-2.2063,53664.62,95776.79799,17.847288956858357
300530.SZ,20260603,20.69,20.69,19.37,19.75,20.75,-1.0,-4.8193,42073.25,83038.27885,19.736597208440042
300531.SZ,20260603,15.51,15.9,15.44,15.69,15.67,0.02,0.1276,83066.5,130407.6775,15.699190106721723
300532.SZ,20260603,7.05,7.08,6.89,6.97,7.03,-0.06,-0.8535,82291.05,57556.81515,6.994298304615143
300533.SZ,20260603,16.08,16.28,15.74,15.86,15.99,-0.13,-0.813,50930.3,81411.2338,15.984832957983755
300534.SZ,20260603,7.98,7.99,7.76,7.81,7.99,-0.18,-2.2528,65584.0,51404.912,7.838026347889729
300535.SZ,20260603,15.95,16.11,15.52,15.69,16.01,-0.32,-1.9988,24579.8,38592.97251,15.701092974719078
300536.SZ,20260603,10.59,11.1,10.4,10.6,10.58,0.02,0.189,153522.0,164418.571,10.70977260588059
300537.SZ,20260603,25.56,26.46,24.85,25.28,25.78,-0.5,-1.9395,142941.2,366056.166,25.608863364796154
300538.SZ,20260603,16.96,17.66,16.96,17.27,17.01,0.26,1.5285,84065.12,145801.61378,17.343889330081254
300539.SZ,20260603,23.28,23.8,22.85,23.15,23.42,-0.27,-1.1529,52654.21,123140.90198,23.386715322478487
300540.SZ,20260603,25.01,26.65,25.0,26.3,25.45,0.85,3.3399,93362.2,242863.42,26.013035254096412
300541.SZ,20260603,10.97,11.06,10.68,10.78,10.98,-0.2,-1.8215,76840.8,83531.1064,10.870671101810496
300542.SZ,20260603,13.03,13.06,12.72,12.8,13.04,-0.24,-1.8405,36124.0,46609.53769,12.902651337061233
300543.SZ,20260603,8.62,8.93,8.53,8.64,8.61,0.03,0.3484,51436.11,44694.675,8.689357535007995
300545.SZ,20260603,34.47,35.04,33.02,33.5,34.6,-1.1,-3.1792,102838.0,351648.99777,34.19446097454249
300546.SZ,20260603,17.03,17.22,16.66,16.9,17.04,-0.14,-0.8216,31199.47,52817.85724,16.92908797489188
300547.SZ,20260603,36.83,37.88,34.5,34.9,36.42,-1.52,-4.1735,135003.0,483730.99,35.831128937875455
300548.SZ,20260603,243.48,253.6,238.01,244.9,234.6,10.3,4.3905,240712.7,5942612.14373,246.87572129472187
300549.SZ,20260603,15.62,15.69,15.26,15.4,15.62,-0.22,-1.4085,23120.5,35700.732,15.441159144482171
300550.SZ,20260603,12.08,12.73,11.87,12.47,12.62,-0.15,-1.1886,189244.25,234884.09055,12.411689684098723
300551.SZ,20260603,11.49,11.7,11.27,11.39,11.49,-0.1,-0.8703,75345.25,86457.47725,11.474841114735169
300552.SZ,20260603,26.75,27.55,26.06,26.37,26.96,-0.59,-2.1884,67098.52,180212.76336,26.85793417798187
300553.SZ,20260603,63.39,65.33,62.4,63.5,63.42,0.08,0.1261,25256.64,161638.20846,63.99830241077198
300554.SZ,20260603,27.0,30.5,26.33,29.8,27.4,2.4,8.7591,118941.58,344415.16142,28.956666072537462
300555.SZ,20260603,13.62,13.62,13.15,13.22,13.49,-0.27,-2.0015,10616.0,14178.169,13.355471929163528
300556.SZ,20260603,18.89,19.02,18.35,18.57,18.93,-0.36,-1.9017,53849.0,100818.081,18.722368289104722
300557.SZ,20260603,34.99,39.9,34.87,38.84,34.72,4.12,11.8664,99040.46,373220.91138,37.683681131933355
300558.SZ,20260603,47.74,48.56,46.56,47.8,48.33,-0.53,-1.0966,100163.51,477493.46073,47.6713985691995
300559.SZ,20260603,11.57,11.63,11.35,11.6,11.62,-0.02,-0.1721,60887.0,69965.662,11.491067387126972
300560.SZ,20260603,18.47,19.05,18.34,18.67,18.64,0.03,0.1609,212245.49,394783.37259,18.600318555178724
300561.SZ,20260603,21.42,21.85,19.19,19.3,22.03,-2.73,-12.3922,341329.95,704314.80224,20.634427252574817
300562.SZ,20260603,12.38,12.39,12.09,12.16,12.34,-0.18,-1.4587,40243.33,49103.31584,12.201603555172994
300563.SZ,20260603,31.41,32.95,30.68,31.18,30.16,1.02,3.382,137613.79,440353.46761,31.999225339989543
300564.SZ,20260603,14.4,14.4,13.75,13.88,14.31,-0.43,-3.0049,46169.11,64796.31711,14.034560577407708
300565.SZ,20260603,13.0,13.6,12.67,12.81,12.94,-0.13,-1.0046,197942.0,258735.656,13.07128633640157
300566.SZ,20260603,24.42,25.87,24.42,25.19,24.68,0.51,2.0665,293350.62,738097.96255,25.16094776107854
300567.SZ,20260603,186.0,196.0,183.89,188.5,187.0,1.5,0.8021,92247.4,1755987.44281,190.35630736584443
300568.SZ,20260603,16.07,16.57,15.5,15.71,16.25,-0.54,-3.3231,772657.57,1236782.97717,16.006870639603004
300569.SZ,20260603,5.32,5.41,5.25,5.29,5.33,-0.04,-0.7505,136450.57,72548.33178,5.316821452632992
300570.SZ,20260603,169.99,181.88,165.0,168.8,160.85,7.95,4.9425,359225.65,6193591.4847,172.41506793014364
300571.SZ,20260603,44.87,46.0,44.0,45.37,45.18,0.19,0.4205,141689.67,638443.3273,45.059271243979886
300572.SZ,20260603,29.2,29.48,28.01,28.33,28.77,-0.44,-1.5294,41735.0,120364.276,28.840128429375824
300573.SZ,20260603,38.41,38.59,37.68,37.81,38.71,-0.9,-2.325,65198.5,247733.19523,37.99676299761498
300575.SZ,20260603,6.03,6.1,5.95,5.99,6.03,-0.04,-0.6633,69434.15,41816.93245,6.022531052803268
300576.SZ,20260603,41.2,42.9,40.5,41.06,42.08,-1.02,-2.424,253998.98,1058955.48425,41.69132821911332
300577.SZ,20260603,16.88,17.18,16.58,16.75,16.84,-0.09,-0.5344,23933.29,40239.66602,16.813261369414732
300578.SZ,20260603,18.66,20.03,18.53,19.1,18.85,0.25,1.3263,78678.48,152781.989,19.418523209904414
300579.SZ,20260603,23.15,23.45,22.87,23.01,23.23,-0.22,-0.9471,26142.91,60543.38605,23.15862543611251
300580.SZ,20260603,23.05,23.67,22.73,22.89,23.01,-0.12,-0.5215,86614.05,200701.6268,23.17194806154429
300581.SZ,20260603,10.76,10.96,10.64,10.79,10.78,0.01,0.0928,70712.72,76498.75266,10.818244957908563
300582.SZ,20260603,14.53,14.85,14.27,14.42,14.59,-0.17,-1.1652,79245.5,115802.013,14.61307115230518
300583.SZ,20260603,12.93,12.93,12.5,12.6,12.86,-0.26,-2.0218,35171.33,44370.52878,12.615539071169614
300584.SZ,20260603,33.39,33.39,32.56,32.94,33.39,-0.45,-1.3477,22890.0,75476.486,32.9735631280035
300585.SZ,20260603,18.2,18.8,17.91,18.22,18.15,0.07,0.3857,51626.0,94462.391,18.297445279510324
300586.SZ,20260603,11.35,11.85,11.05,11.46,11.4,0.06,0.5263,360807.83,412828.88856,11.44179405862672
300587.SZ,20260603,4.85,5.2,4.77,4.93,4.85,0.08,1.6495,395032.32,195600.27528,4.951500557726517
300588.SZ,20260603,19.27,20.35,19.06,19.68,19.28,0.4,2.0747,47722.14,94397.18554,19.78058518331324
300589.SZ,20260603,13.35,13.52,13.2,13.41,13.37,0.04,0.2992,80849.49,108239.91468,13.387828999292388
300590.SZ,20260603,14.01,14.71,13.93,14.08,14.65,-0.57,-3.8908,231128.1,330633.20916,14.305193057875698
300591.SZ,20260603,7.58,7.64,7.36,7.43,7.59,-0.16,-2.108,109259.0,81738.629,7.481180406190795
300592.SZ,20260603,11.85,11.95,11.53,11.6,11.99,-0.39,-3.2527,103060.0,120597.2396,11.701653366970696
300593.SZ,20260603,35.56,36.55,34.1,35.35,35.74,-0.39,-1.0912,398027.92,1411600.78505,35.4648685210324
300594.SZ,20260603,17.2,17.47,16.84,17.11,17.32,-0.21,-1.2125,19185.0,32905.369,17.15161271826948
300595.SZ,20260603,11.99,11.99,11.73,11.79,12.0,-0.21,-1.75,80444.44,95124.248,11.824838111869509
300596.SZ,20260603,47.65,47.7,46.42,47.09,47.73,-0.64,-1.3409,57938.87,272518.3283,47.03549245955262
300597.SZ,20260603,8.42,8.57,8.29,8.36,8.41,-0.05,-0.5945,63140.04,53081.00864,8.406869656718621
300598.SZ,20260603,33.52,34.29,33.02,33.26,33.99,-0.73,-2.1477,46513.29,156450.2141,33.63559406354614
300599.SZ,20260603,12.72,13.2,12.54,12.9,12.78,0.12,0.939,121482.0,157157.317,12.936675145289014
300600.SZ,20260603,10.85,11.02,10.78,10.9,10.84,0.06,0.5535,31298.0,34168.435,10.91713048757109
300601.SZ,20260603,12.4,12.41,12.05,12.07,12.43,-0.36,-2.8962,119245.17,145245.83294,12.180437408072795
300602.SZ,20260603,44.66,44.8,41.51,42.28,45.0,-2.72,-6.0444,478376.25,2072493.88731,43.32351130119858
300603.SZ,20260603,9.08,9.17,8.88,8.91,9.13,-0.22,-2.4096,155553.0,140561.218,9.036226752296644
300604.SZ,20260603,208.21,222.59,206.0,214.25,207.62,6.63,3.1933,316186.64,6798802.00564,215.0249613848327
300605.SZ,20260603,11.02,11.15,10.78,10.86,11.03,-0.17,-1.5413,54115.0,59209.219,10.941369121315716
300606.SZ,20260603,32.8,35.14,32.76,33.59,33.1,0.49,1.4804,77319.0,262118.837,33.90096056596697
300607.SZ,20260603,30.19,32.14,30.12,31.13,30.37,0.76,2.5025,220472.07,691456.2066,31.362530709672207
300608.SZ,20260603,12.02,12.23,11.79,11.95,12.27,-0.32,-2.608,260669.9,312586.02342,11.991642434358551
300609.SZ,20260603,37.89,38.0,35.74,36.32,37.9,-1.58,-4.1689,43692.0,160224.022,36.67124919893802
300610.SZ,20260603,10.87,10.89,10.66,10.77,10.83,-0.06,-0.554,35425.8,38164.7838,10.773160747252001
300611.SZ,20260603,26.62,27.09,26.02,26.28,26.79,-0.51,-1.9037,46015.54,122130.17367,26.541071488023395
300612.SZ,20260603,12.93,13.08,12.76,12.91,13.09,-0.18,-1.3751,77833.68,100410.96894,12.900709428103621
300613.SZ,20260603,58.36,61.26,58.0,59.66,58.38,1.28,2.1925,97929.41,586188.31348,59.85825029273637
300614.SZ,20260603,11.88,11.92,11.5,11.63,11.88,-0.25,-2.1044,28109.0,32796.63,11.667661603045287
300615.SZ,20260603,11.57,12.05,11.51,11.7,11.49,0.21,1.8277,88639.0,104263.61019,11.762724104513815
300616.SZ,20260603,14.6,14.6,14.0,14.15,14.64,-0.49,-3.347,52766.33,75309.89895,14.27233975718986
300617.SZ,20260603,63.68,66.34,61.8,62.85,64.2,-1.35,-2.1028,102246.15,650618.42097,63.63255936482694
300618.SZ,20260603,38.27,39.29,38.16,38.66,38.74,-0.08,-0.2065,62782.21,243673.41522,38.812494052057104
300619.SZ,20260603,40.98,42.16,40.01,40.46,40.6,-0.14,-0.3448,53584.26,220217.75103,41.097469859619224
300620.SZ,20260603,333.0,351.0,329.54,337.06,320.02,17.04,5.3247,271000.66,9235964.04452,340.8096513314765
300621.SZ,20260603,7.71,7.75,7.45,7.57,7.68,-0.11,-1.4323,51145.6,38577.3498,7.542652701307641
300622.SZ,20260603,16.74,16.98,16.3,16.47,16.9,-0.43,-2.5444,71678.12,119160.40986,16.624377126520617
300623.SZ,20260603,32.95,34.27,32.75,33.07,32.59,0.48,1.4728,397543.13,1339591.39651,33.69675628679585
300624.SZ,20260603,59.45,59.8,57.85,58.02,60.15,-2.13,-3.5411,103528.27,606770.65826,58.60917585699056
300625.SZ,20260603,11.1,11.13,10.72,10.8,11.13,-0.33,-2.965,31990.0,34715.207,10.85189340418881
300626.SZ,20260603,34.79,35.65,33.91,34.55,34.23,0.32,0.9349,107793.45,375426.80955,34.82835084599296
300627.SZ,20260603,29.4,29.57,28.68,29.23,29.23,0.0,0.0,122514.3,356052.88929,29.062149421740973
300628.SZ,20260603,39.11,39.67,38.51,39.28,39.5,-0.22,-0.557,153962.81,602950.2496,39.16207099623604
300629.SZ,20260603,22.42,22.92,22.06,22.35,22.41,-0.06,-0.2677,75369.5,169702.49344,22.516069954026495
300631.SZ,20260603,24.28,24.38,23.67,24.09,24.11,-0.02,-0.083,23113.6,55644.43423,24.074326037484425
300632.SZ,20260603,29.44,30.48,27.85,28.3,27.71,0.59,2.1292,564424.47,1648056.1206,29.19887794021404
300633.SZ,20260603,20.52,20.52,19.81,19.91,20.43,-0.52,-2.5453,52894.34,105660.64638,19.975794457403197
300634.SZ,20260603,25.21,25.51,24.33,24.58,25.82,-1.24,-4.8025,273100.57,680334.3928,24.91149662558375
300635.SZ,20260603,13.86,13.91,13.37,13.71,13.86,-0.15,-1.0823,38330.0,52208.871,13.620889903469866
300636.SZ,20260603,6.82,6.82,6.65,6.69,6.78,-0.09,-1.3274,33567.32,22504.58921,6.704315152356518
300637.SZ,20260603,9.75,10.02,9.68,9.79,9.75,0.04,0.4103,60320.6,59315.8646,9.833434117034646
300638.SZ,20260603,22.67,23.69,22.67,23.02,22.83,0.19,0.8322,173995.6,405643.31915,23.313423968767026
300639.SZ,20260603,5.6,5.61,5.49,5.54,5.61,-0.07,-1.2478,108737.89,60224.4351,5.538495836180011
300640.SZ,20260603,6.53,6.6,6.31,6.37,6.53,-0.16,-2.4502,98144.91,63021.33222,6.421253248894924
300641.SZ,20260603,15.45,16.02,15.33,15.59,15.15,0.44,2.9043,112074.62,176182.69776,15.720124481350018
300642.SZ,20260603,13.77,13.78,13.34,13.46,13.79,-0.33,-2.393,23754.25,32105.2339,13.515574644537294
300643.SZ,20260603,17.54,18.32,17.32,17.83,17.55,0.28,1.5954,54010.0,97112.915,17.980543417885574
300644.SZ,20260603,24.73,25.0,24.22,24.49,24.73,-0.24,-0.9705,18718.0,46097.279,24.627245966449408
300645.SZ,20260603,14.15,14.26,13.78,13.88,14.1,-0.22,-1.5603,34291.0,47819.348,13.945159954507014
300647.SZ,20260603,6.59,6.94,6.44,6.56,6.75,-0.19,-2.8148,252305.18,167448.83344,6.636757653568587
300648.SZ,20260603,48.24,49.48,48.15,48.6,48.66,-0.06,-0.1233,22343.13,108857.99807,48.721015394888724
300649.SZ,20260603,25.92,26.7,25.35,25.92,26.05,-0.13,-0.499,117066.0,302495.69,25.839756205900947
300650.SZ,20260603,13.7,14.0,13.38,13.54,13.71,-0.17,-1.24,70063.0,96282.818,13.742320197536502
300651.SZ,20260603,24.01,25.24,23.17,24.47,24.54,-0.07,-0.2852,142040.28,346363.27396,24.384862798073897
300652.SZ,20260603,42.81,43.99,41.36,41.93,43.36,-1.43,-3.298,34839.7,148513.7257,42.627728051619286
300653.SZ,20260603,15.97,15.97,15.63,15.75,15.97,-0.22,-1.3776,12967.96,20433.84762,15.757179710609844
300654.SZ,20260603,10.54,10.64,9.75,9.85,10.54,-0.69,-6.5465,267455.12,268211.56726,10.02828314746788
300655.SZ,20260603,14.47,15.05,14.42,14.56,14.5,0.06,0.4138,421694.29,621810.849,14.745536369487006
300656.SZ,20260603,30.74,31.45,30.02,30.26,30.83,-0.57,-1.8488,64756.28,198840.1513,30.705925556563784
300657.SZ,20260603,40.01,41.99,39.05,40.59,40.12,0.47,1.1715,740263.61,3018955.92278,40.782173836425656
300658.SZ,20260603,12.06,12.19,11.7,11.87,12.07,-0.2,-1.657,80050.84,95552.84268,11.93651967674543
300659.SZ,20260603,11.24,11.29,10.98,11.08,11.25,-0.17,-1.5111,32509.6,36188.6452,11.131679626940965
300660.SZ,20260603,32.5,33.29,31.79,31.99,32.82,-0.83,-2.5289,84409.3,274699.93193,32.54379931239804
300661.SZ,20260603,107.0,112.89,107.0,109.2,106.58,2.62,2.4582,204950.2,2243224.39376,109.45216905179892
300662.SZ,20260603,21.59,21.59,21.0,21.28,21.6,-0.32,-1.4815,21687.0,46147.636,21.278939456817447
300663.SZ,20260603,7.88,7.96,7.77,7.85,7.94,-0.09,-1.1335,150522.17,118466.09793,7.870342151591356
300664.SZ,20260603,5.02,5.02,4.94,4.99,5.08,-0.09,-1.7717,85020.5,42309.614,4.976401456119406
300665.SZ,20260603,9.68,10.08,9.56,9.91,9.62,0.29,3.0146,136387.4,134970.8704,9.896139262131253
300666.SZ,20260603,209.16,214.44,204.27,208.0,209.22,-1.22,-0.5831,181712.89,3796265.61986,208.9155931568751
300667.SZ,20260603,17.1,20.44,17.02,19.88,17.11,2.77,16.1894,295001.25,566953.32525,19.218675353070537
300668.SZ,20260603,60.23,64.5,60.0,62.11,59.69,2.42,4.0543,59228.0,371281.674,62.686849800769906
300669.SZ,20260603,28.77,28.96,28.01,28.47,28.27,0.2,0.7075,14869.0,42458.939,28.555342659223886
300670.SZ,20260603,6.9,7.08,6.65,6.74,6.88,-0.14,-2.0349,124069.1,84228.3884,6.788828838123271
300671.SZ,20260603,43.87,45.35,43.55,44.28,43.87,0.41,0.9346,79783.63,356374.37193,44.667605614083996
300672.SZ,20260603,308.66,319.49,294.0,303.89,314.32,-10.43,-3.3183,134709.54,4133978.1282,306.88087333681045
300673.SZ,20260603,15.42,15.8,15.13,15.72,15.36,0.36,2.3438,42936.0,66947.2715,15.59234011086268
300674.SZ,20260603,16.86,17.06,16.57,16.69,16.88,-0.19,-1.1256,75194.01,126297.5163,16.796220377128446
300675.SZ,20260603,14.21,14.23,13.99,14.1,14.18,-0.08,-0.5642,29309.0,41321.07874,14.098426674400352
300676.SZ,20260603,36.03,36.06,35.28,35.41,36.1,-0.69,-1.9114,48239.71,171961.31689,35.647253453638086
300677.SZ,20260603,46.45,46.99,45.75,46.27,46.68,-0.41,-0.8783,123150.09,570988.33889,46.36523926941507
300678.SZ,20260603,24.46,24.5,23.92,24.1,24.47,-0.37,-1.5121,44210.56,106952.67576,24.191658228260398
300679.SZ,20260603,59.21,61.9,58.31,60.0,58.21,1.79,3.0751,360518.21,2168177.71826,60.140588134507816
300680.SZ,20260603,34.33,35.16,33.35,33.68,34.33,-0.65,-1.8934,70565.0,242070.04571,34.30454838942819
300681.SZ,20260603,32.4,35.35,32.39,34.18,32.64,1.54,4.7181,210084.91,716442.85058,34.10253742546288
300682.SZ,20260603,12.49,13.2,12.46,12.7,12.47,0.23,1.8444,222511.71,287900.95149,12.938687653337437
300683.SZ,20260603,25.92,26.88,25.75,26.68,26.13,0.55,2.1049,50091.34,132172.8712,26.38637161633129
300684.SZ,20260603,57.8,58.19,54.06,54.9,58.04,-3.14,-5.4101,237058.83,1326018.31836,55.93625507896078
300686.SZ,20260603,16.8,18.88,16.15,18.48,16.35,2.13,13.0275,334942.49,606827.78438,18.11737245937355
300687.SZ,20260603,25.57,26.18,25.04,25.44,25.63,-0.19,-0.7413,140680.56,359681.67421,25.567262044592376
300688.SZ,20260603,24.86,24.96,24.05,24.24,24.87,-0.63,-2.5332,36818.0,90144.18,24.48372535173013
300689.SZ,20260603,52.24,53.99,51.02,51.1,51.93,-0.83,-1.5983,20791.8,108390.336,52.13129022018296
300690.SZ,20260603,25.2,25.2,24.48,24.68,24.9,-0.22,-0.8835,26588.51,65981.05868,24.815628510209862
300691.SZ,20260603,15.73,16.3,15.6,15.74,15.78,-0.04,-0.2535,64539.0,103018.44113,15.962199775329646
300692.SZ,20260603,8.32,8.33,7.98,8.05,8.32,-0.27,-3.2452,98075.21,79609.77231,8.117216604481396
300693.SZ,20260603,50.49,52.76,50.08,50.58,50.41,0.17,0.3372,138301.8,712857.81393,51.54363962941914
300694.SZ,20260603,10.55,10.59,10.35,10.45,10.55,-0.1,-0.9479,42042.04,43985.6388,10.462298879883088
300695.SZ,20260603,62.0,64.49,60.51,61.3,61.95,-0.65,-1.0492,14651.05,91380.532,62.371319461745074
300696.SZ,20260603,29.05,30.65,29.05,29.74,29.22,0.52,1.7796,73978.64,221287.70034,29.912377456519884
300697.SZ,20260603,16.75,17.56,16.66,17.42,16.9,0.52,3.0769,172915.31,299098.89106,17.297420977934227
300698.SZ,20260603,34.06,36.3,33.68,34.53,34.19,0.34,0.9944,36905.5,129816.666,35.17542534310604
300699.SZ,20260603,29.32,30.28,29.21,29.5,29.13,0.37,1.2702,180065.96,536529.30814,29.796265109740897
300700.SZ,20260603,19.0,20.95,19.0,20.34,19.32,1.02,5.2795,186749.14,377853.41759,20.233207906071215
300701.SZ,20260603,10.86,11.05,10.58,10.69,10.87,-0.18,-1.6559,48359.13,52232.02752,10.800861702847014
300702.SZ,20260603,19.08,19.13,18.52,18.52,19.07,-0.55,-2.8841,25762.5,48267.53841,18.73558016885007
300703.SZ,20260603,16.16,16.64,15.8,16.16,16.42,-0.26,-1.5834,77227.75,124340.31925,16.10047155976964
300705.SZ,20260603,11.95,12.0,11.49,11.52,12.03,-0.51,-4.2394,73036.7,85073.618,11.64806432930294
300706.SZ,20260603,51.27,53.16,50.05,51.13,51.31,-0.18,-0.3508,156964.0,811364.713,51.69113382686476
300707.SZ,20260603,12.98,12.98,12.54,12.65,12.95,-0.3,-2.3166,42438.79,54191.93267,12.769433970666931
300708.SZ,20260603,8.74,9.15,8.71,8.91,8.74,0.17,1.9451,323126.68,289344.78427,8.954530906268712
300709.SZ,20260603,47.75,48.31,45.8,46.63,48.1,-1.47,-3.0561,103389.27,488118.58911,47.21172604371808
300710.SZ,20260603,36.99,38.88,35.8,37.66,36.99,0.67,1.8113,87967.75,331037.0962,37.63164298279768
300711.SZ,20260603,19.02,19.26,18.6,18.81,19.01,-0.2,-1.0521,35934.04,68166.31207,18.969843655208265
300712.SZ,20260603,22.95,22.98,22.41,22.66,22.98,-0.32,-1.3925,21098.01,47787.38659,22.650186719031797
300713.SZ,20260603,15.43,15.49,15.0,15.15,15.43,-0.28,-1.8146,33700.7,51251.498,15.207843753987307
300715.SZ,20260603,24.38,26.37,23.5,25.67,24.38,1.29,5.2912,378033.4,953389.6333,25.21971956181649
300716.SZ,20260603,14.63,15.0,14.2,14.5,14.63,-0.13,-0.8886,25682.0,37445.7065,14.580525854684215
300717.SZ,20260603,18.46,18.6,17.91,18.15,18.46,-0.31,-1.6793,17776.6,32253.60978,18.143857531811484
300718.SZ,20260603,72.0,75.5,70.51,72.94,74.4,-1.46,-1.9624,113277.21,830180.53014,73.28751565650319
300719.SZ,20260603,12.55,12.71,12.27,12.4,12.56,-0.16,-1.2739,32992.5,41226.373,12.495680230355383
300720.SZ,20260603,70.55,78.47,69.76,72.4,67.0,5.4,8.0597,170685.93,1276949.05714,74.8127896154065
300721.SZ,20260603,31.3,32.88,30.48,32.72,31.96,0.76,2.378,253410.3,816561.1545,32.2228873293627
300722.SZ,20260603,23.47,23.84,23.27,23.52,23.48,0.04,0.1704,20309.43,47783.13753,23.52756208815314
300723.SZ,20260603,38.01,40.98,36.65,39.29,38.56,0.73,1.8932,162050.12,634727.11546,39.16856806153553
300724.SZ,20260603,75.78,76.84,74.1,74.81,75.58,-0.77,-1.0188,111859.5,847077.3072,75.7268991189841
300725.SZ,20260603,34.36,35.3,33.98,34.5,34.31,0.19,0.5538,56613.34,196531.17222,34.714640086594436
300726.SZ,20260603,65.12,67.46,64.36,66.6,65.23,1.37,2.1003,275665.97,1816741.87889,65.90374136096669
300727.SZ,20260603,32.9,34.16,31.6,32.05,33.15,-1.1,-3.3183,72737.0,238689.72055,32.8154475095206
300729.SZ,20260603,11.25,11.26,11.0,11.08,11.22,-0.14,-1.2478,20943.22,23201.6137,11.07834120063677
300730.SZ,20260603,14.46,15.04,14.24,14.57,14.57,0.0,0.0,114195.0,167126.675,14.63520075309777
300731.SZ,20260603,61.47,62.9,59.01,59.67,61.44,-1.77,-2.8809,115903.28,703279.7202,60.67815511347047
300732.SZ,20260603,6.87,6.96,6.79,6.85,6.93,-0.08,-1.1544,57988.43,39802.92585,6.86394266063075
300733.SZ,20260603,13.14,13.18,12.55,12.66,13.09,-0.43,-3.285,63798.7,81736.0191,12.81154931056589
300735.SZ,20260603,22.13,22.56,21.5,21.8,22.53,-0.73,-3.2401,258087.02,569249.41402,22.05649141208264
300736.SZ,20260603,31.89,32.01,30.25,30.68,31.92,-1.24,-3.8847,79889.8,247558.124,30.98745071335765
300737.SZ,20260603,7.54,8.59,7.15,8.15,7.59,0.56,7.3781,931571.52,736806.01156,7.909280132995049
300738.SZ,20260603,21.41,21.89,20.97,21.25,22.03,-0.78,-3.5406,690209.32,1481942.49702,21.47091402677669
300739.SZ,20260603,32.01,32.43,29.75,30.33,31.56,-1.23,-3.8973,366441.1,1147908.39135,31.325863593084947
300740.SZ,20260603,24.6,24.96,24.23,24.45,24.66,-0.21,-0.8516,89816.13,221128.32816,24.620113131126892
300741.SZ,20260603,14.31,14.45,14.12,14.34,14.47,-0.13,-0.8984,18709.0,26704.363,14.273538403976696
300743.SZ,20260603,17.53,17.57,17.09,17.17,17.54,-0.37,-2.1095,25148.21,43553.28203,17.318640980809374
300745.SZ,20260603,43.35,51.29,43.15,48.72,43.5,5.22,12.0,143211.75,697940.84978,48.73488731057333
300746.SZ,20260603,11.02,11.21,10.79,10.83,11.03,-0.2,-1.8132,37142.32,40636.42152,10.940733244449998
300747.SZ,20260603,41.39,48.79,40.96,47.87,40.66,7.21,17.7324,894370.76,4123924.97964,46.10979209159297
300748.SZ,20260603,31.15,31.95,30.75,31.19,31.32,-0.13,-0.4151,277264.65,871973.30174,31.449133589153895
300749.SZ,20260603,22.19,23.4,21.75,22.77,21.92,0.85,3.8777,79705.4,181478.9154,22.768710200312654
300750.SZ,20260603,437.0,437.0,420.1,426.42,433.89,-7.47,-1.7216,385526.08,16460790.9125,426.96958173361446
300751.SZ,20260603,219.96,231.2,215.0,218.0,218.72,-0.72,-0.3292,122521.01,2731337.25737,222.92807228490852
300752.SZ,20260603,15.17,15.5,14.45,14.7,15.06,-0.36,-2.3904,268661.17,399334.8542,14.863884282198281
300753.SZ,20260603,22.19,22.37,21.79,22.1,22.43,-0.33,-1.4712,29218.19,64533.77877,22.086850270328178
300755.SZ,20260603,15.51,15.8,15.27,15.63,15.7,-0.07,-0.4459,67444.92,104822.09888,15.541882009794069
300756.SZ,20260603,33.72,36.62,33.72,35.29,33.72,1.57,4.656,77488.6,276519.1914,35.68514483420787
300757.SZ,20260603,695.0,714.0,663.98,687.65,650.59,37.06,5.6964,111302.32,7691242.96297,691.0226995241429
300758.SZ,20260603,11.9,12.26,11.88,12.01,12.0,0.01,0.0833,119856.8,144336.3601,12.042400606390292
300759.SZ,20260603,23.93,23.93,23.34,23.49,24.04,-0.55,-2.2879,304513.97,716142.55184,23.51755986236034
300760.SZ,20260603,146.69,146.72,144.58,144.59,146.99,-2.4,-1.6328,79354.22,1151309.12886,145.08480189963433
300761.SZ,20260603,20.05,20.47,19.73,20.31,19.94,0.37,1.8556,83691.03,167727.55889,20.041282666732624
300762.SZ,20260603,33.55,36.39,33.2,35.37,33.54,1.83,5.4562,445816.1,1568623.08398,35.18542923819935
300763.SZ,20260603,112.6,117.8,108.0,109.48,112.6,-3.12,-2.7709,211656.3,2387413.96562,112.79673534971556
300765.SZ,20260603,25.49,25.97,25.07,25.66,25.56,0.1,0.3912,98483.8,251635.60654,25.550964375866894
300766.SZ,20260603,24.67,25.5,24.51,24.78,24.91,-0.13,-0.5219,164469.82,411340.98551,25.01011951675998
300767.SZ,20260603,19.58,20.87,19.58,20.09,19.56,0.53,2.7096,101824.19,206336.82932,20.264028549601033
300768.SZ,20260603,16.08,16.24,15.83,15.97,16.08,-0.11,-0.6841,55743.97,89440.90414,16.04494694941892
300769.SZ,20260603,64.36,65.76,63.28,64.08,65.19,-1.11,-1.7027,136871.79,884572.32623,64.62780432914627
300770.SZ,20260603,35.28,35.28,34.36,34.43,35.3,-0.87,-2.4646,21540.04,74764.99128,34.7097736494454
300771.SZ,20260603,11.85,12.0,11.7,11.78,11.85,-0.07,-0.5907,32106.1,38004.062,11.837022248108616
300772.SZ,20260603,14.32,14.39,13.81,14.0,14.35,-0.35,-2.439,185794.65,261737.87223,14.087481648691176
300773.SZ,20260603,23.98,24.55,23.69,23.87,23.97,-0.1,-0.4172,230703.66,555803.86911,24.091679737980748
300774.SZ,20260603,13.9,14.3,13.59,13.76,13.92,-0.16,-1.1494,87842.0,121902.486,13.877471596730492
300775.SZ,20260603,24.17,24.54,23.78,24.02,24.16,-0.14,-0.5795,123983.32,299733.85305,24.17533689612441
300776.SZ,20260603,153.41,157.59,148.0,150.8,151.0,-0.2,-0.1325,173814.85,2670937.62952,153.66567525847185
300777.SZ,20260603,31.91,34.01,31.91,32.71,31.99,0.72,2.2507,147535.45,488993.2526,33.14411909815573
300778.SZ,20260603,11.52,11.74,11.37,11.55,11.53,0.02,0.1735,53103.47,61319.15705,11.547109266117639
300779.SZ,20260603,77.85,85.49,76.6,81.85,78.74,3.11,3.9497,118263.78,951481.31256,80.4541603997437
300780.SZ,20260603,26.69,27.7,25.96,26.53,26.76,-0.23,-0.8595,72743.0,196442.831,27.005049420562806
300781.SZ,20260603,31.18,31.24,30.24,30.51,31.49,-0.98,-3.1121,47173.46,144957.62386,30.728639336610037
300782.SZ,20260603,109.0,110.85,103.38,104.55,101.32,3.23,3.1879,305799.39,3299927.96683,107.91152875844519
300783.SZ,20260603,17.76,17.79,17.37,17.4,17.81,-0.41,-2.3021,56694.0,99054.683,17.47181059724133
300784.SZ,20260603,45.61,45.99,44.18,44.87,45.84,-0.97,-2.1161,8628.53,38805.67076,44.973675423276035
300785.SZ,20260603,45.2,45.98,43.7,44.09,46.51,-2.42,-5.2032,107451.98,479394.89401,44.61480319022507
300786.SZ,20260603,17.6,18.15,17.44,17.83,17.71,0.12,0.6776,74298.6,132001.7152,17.766379877951938
300787.SZ,20260603,9.78,9.92,9.49,9.61,9.78,-0.17,-1.7382,56909.88,55223.16129,9.70361583788263
300788.SZ,20260603,26.8,26.88,26.16,26.4,26.94,-0.54,-2.0045,31975.0,84776.365,26.51332759968726
300789.SZ,20260603,21.41,21.76,21.0,21.2,21.49,-0.29,-1.3495,17174.76,36727.25618,21.38443633564603
300790.SZ,20260603,23.85,24.56,22.81,23.15,23.15,0.0,0.0,370524.1,881208.45828,23.782756864668183
300791.SZ,20260603,17.87,18.41,17.58,18.14,17.89,0.25,1.3974,23024.69,41450.28465,18.00253755859471
300792.SZ,20260603,34.1,35.04,33.26,33.59,34.54,-0.95,-2.7504,91462.4,311304.7939,34.03636837651319
300793.SZ,20260603,13.62,13.72,13.28,13.39,13.62,-0.23,-1.6887,68024.6,91773.7586,13.491260308770649
300795.SZ,20260603,10.03,10.11,9.74,9.81,10.12,-0.31,-3.0632,99246.0,98141.293,9.8886900227717
300796.SZ,20260603,7.76,7.79,7.46,7.54,7.76,-0.22,-2.8351,57498.27,43713.45196,7.602568209443518
300797.SZ,20260603,13.84,14.1,13.71,13.94,13.94,0.0,0.0,23468.5,32677.0465,13.92378997379466
300798.SZ,20260603,7.83,7.94,7.7,7.77,7.83,-0.06,-0.7663,108486.07,84818.06794,7.818337224309074
300800.SZ,20260603,10.82,10.89,10.52,10.6,10.67,-0.07,-0.656,30715.62,32771.23168,10.669239846045757
300801.SZ,20260603,26.14,26.97,25.71,26.28,26.14,0.14,0.5356,47757.1,126106.2397,26.40575740570512
300802.SZ,20260603,21.39,22.85,21.39,22.34,21.7,0.64,2.9493,117358.4,260596.00068,22.205142595672744
300803.SZ,20260603,88.91,92.22,87.67,88.95,89.69,-0.74,-0.8251,207229.35,1860290.77811,89.76965753692708
300804.SZ,20260603,37.02,37.98,36.58,37.62,37.02,0.6,1.6207,13244.0,49248.779,37.185728631833285
300805.SZ,20260603,8.5,8.55,8.35,8.44,8.6,-0.16,-1.8605,63320.0,53433.954,8.438716677195199
300806.SZ,20260603,76.61,79.77,76.0,77.96,77.28,0.68,0.8799,156348.77,1222639.17214,78.1994749392656
300807.SZ,20260603,45.2,45.2,43.15,43.38,44.84,-1.46,-3.256,14106.03,61953.24388,43.91968816172942
300808.SZ,20260603,23.58,23.61,23.0,23.1,23.59,-0.49,-2.0772,19561.0,45405.088,23.212048463779972
300809.SZ,20260603,36.0,37.18,34.48,36.67,36.45,0.22,0.6036,188019.19,673120.65519,35.8006358388205
300810.SZ,20260603,26.92,27.13,26.37,26.69,26.85,-0.16,-0.5959,16772.0,44898.864,26.770131170999285
300811.SZ,20260603,87.83,91.4,86.6,88.13,87.83,0.3,0.3416,209989.9,1874788.44678,89.27993426255263
300812.SZ,20260603,35.0,38.26,35.0,37.03,34.8,2.23,6.408,112466.86,412218.17765,36.652412777417275
300813.SZ,20260603,21.6,21.6,21.05,21.22,21.55,-0.33,-1.5313,15471.7,32935.7691,21.287750602713338
300814.SZ,20260603,152.0,156.91,147.66,150.0,149.9,0.1,0.0667,92920.09,1417725.71189,152.57472435616452
300815.SZ,20260603,20.39,20.4,19.87,19.97,20.34,-0.37,-1.8191,45842.57,92117.70815,20.094359489443985
300816.SZ,20260603,90.0,92.2,87.58,88.74,90.55,-1.81,-1.9989,22583.0,203413.367,90.0736691316477
300817.SZ,20260603,18.44,18.94,18.28,18.63,18.42,0.21,1.1401,33476.21,62498.76094,18.669604755138053
300818.SZ,20260603,24.5,26.09,24.23,24.49,24.61,-0.12,-0.4876,58611.59,147961.0709,25.24433664058593
300819.SZ,20260603,64.71,65.68,62.66,63.61,64.04,-0.43,-0.6715,54216.24,348377.68268,64.25707180726661
300820.SZ,20260603,64.64,68.0,63.88,64.68,65.0,-0.32,-0.4923,70420.13,467250.58127,66.35184872138123
300821.SZ,20260603,14.81,17.08,14.63,16.43,14.88,1.55,10.4167,1053628.41,1698036.2565,16.116082675675006
300822.SZ,20260603,14.13,14.58,13.95,14.04,14.29,-0.25,-1.7495,29470.55,41825.39201,14.192267198949462
300823.SZ,20260603,16.87,16.88,16.43,16.66,16.67,-0.01,-0.06,29745.62,49451.08824,16.624662131769316
300824.SZ,20260603,8.58,8.64,8.29,8.38,8.56,-0.18,-2.1028,27674.0,23331.952,8.43100093951001
300825.SZ,20260603,13.73,14.8,13.7,14.55,13.89,0.66,4.7516,459857.8,664317.04281,14.446140585415751
300826.SZ,20260603,18.78,19.15,18.46,18.82,18.85,-0.03,-0.1592,123470.24,231409.01773,18.742088598029774
300827.SZ,20260603,32.43,32.66,31.61,31.85,32.33,-0.48,-1.4847,155311.91,498893.98504,32.12206874797947
300828.SZ,20260603,19.34,19.92,19.12,19.59,19.36,0.23,1.188,46255.5,90701.332,19.6087669574429
300829.SZ,20260603,17.51,17.52,17.04,17.31,17.57,-0.26,-1.4798,46987.0,81094.219,17.258862876965967
300830.SZ,20260603,9.51,9.51,9.11,9.19,9.51,-0.32,-3.3649,121511.99,112685.29772,9.273594953057719
300831.SZ,20260603,21.68,22.45,21.15,21.45,21.87,-0.42,-1.9204,184253.0,403471.633,21.897696808193082
300832.SZ,20260603,44.96,45.13,44.1,44.5,45.17,-0.67,-1.4833,45114.57,200623.12247,44.469696257772156
300833.SZ,20260603,34.53,34.85,33.64,34.0,34.52,-0.52,-1.5064,6837.0,23386.497,34.20578762615182
300834.SZ,20260603,48.86,50.35,47.08,47.49,48.78,-1.29,-2.6445,36257.0,174952.43758,48.25342349891056
300835.SZ,20260603,195.0,195.0,184.33,187.7,195.9,-8.2,-4.1858,66815.58,1254911.71914,187.81723052318034
300836.SZ,20260603,70.62,72.88,68.2,69.28,70.49,-1.21,-1.7166,16977.71,119986.64009,70.67304135245567
300837.SZ,20260603,29.01,29.28,28.1,28.48,28.89,-0.41,-1.4192,17683.0,50666.24,28.652513713736354
300838.SZ,20260603,17.0,17.14,16.41,16.79,16.98,-0.19,-1.119,42757.33,71681.43566,16.76471277790264
300839.SZ,20260603,16.17,16.27,15.8,16.05,16.26,-0.21,-1.2915,63265.55,101465.234,16.037991292259374
300840.SZ,20260603,21.99,22.49,21.62,22.07,22.05,0.02,0.0907,78416.0,172894.325,22.048347913691085
300841.SZ,20260603,47.11,47.14,45.71,46.27,47.11,-0.84,-1.7831,23859.8,110680.08056,46.387681606719255
300842.SZ,20260603,81.0,85.75,79.97,82.22,81.88,0.34,0.4152,75655.93,622713.05362,82.30855844611256
300843.SZ,20260603,87.64,89.9,84.88,86.01,86.78,-0.77,-0.8873,62033.76,545378.07856,87.9163343572919
300844.SZ,20260603,27.59,27.59,25.67,25.91,27.07,-1.16,-4.2852,19222.6,50555.57856,26.30007312226234
300845.SZ,20260603,14.08,14.43,13.85,14.08,14.08,0.0,0.0,47394.45,66979.05102,14.132256207214136
300846.SZ,20260603,23.42,23.83,22.98,23.28,23.61,-0.33,-1.3977,302952.72,711030.99551,23.470031743237033
300847.SZ,20260603,14.39,14.54,14.3,14.4,14.59,-0.19,-1.3023,23673.0,34105.2425,14.406810501415116
300848.SZ,20260603,14.37,14.53,14.1,14.23,14.38,-0.15,-1.0431,44359.09,63473.61794,14.309044198156455
300849.SZ,20260603,26.13,28.18,25.66,27.76,25.62,2.14,8.3528,93803.51,255727.80726,27.262072310513755
300850.SZ,20260603,33.05,33.05,31.82,32.06,33.05,-0.99,-2.9955,113007.9,364782.1092,32.27934588643803
300851.SZ,20260603,27.37,27.51,26.13,26.4,27.0,-0.6,-2.2222,34520.91,92574.85525,26.817037919915776
300852.SZ,20260603,51.0,51.72,48.7,49.79,51.07,-1.28,-2.5064,96566.46,488336.81496,50.570023480202124
300853.SZ,20260603,38.35,38.6,36.3,37.0,38.61,-1.61,-4.1699,85475.0,319311.895,37.35734366773911
300854.SZ,20260603,30.8,30.87,29.12,29.65,30.86,-1.21,-3.9209,91386.3,272107.7002,29.775546247085177
300855.SZ,20260603,34.94,35.39,33.33,34.16,35.09,-0.93,-2.6503,116181.86,396874.92252,34.15980106705126
300856.SZ,20260603,12.67,12.69,12.14,12.23,12.66,-0.43,-3.3965,60925.8,75078.3516,12.322916006027002
300857.SZ,20260603,235.54,248.44,233.13,240.0,235.53,4.47,1.8978,211730.56,5119623.32591,241.79897913225187
300858.SZ,20260603,15.77,15.89,15.55,15.73,15.77,-0.04,-0.2536,44040.46,69202.453,15.713381059144249
300859.SZ,20260603,28.8,29.48,28.19,29.37,28.82,0.55,1.9084,44998.0,130836.535,29.076077825681143
300860.SZ,20260603,25.94,26.07,25.48,25.96,25.94,0.02,0.0771,20994.8,54075.9428,25.756826833311102
300861.SZ,20260603,18.76,19.48,18.59,18.77,18.76,0.01,0.0533,164850.0,313502.11049,19.01741646891113
300862.SZ,20260603,22.44,23.39,22.03,22.78,22.44,0.34,1.5152,55506.43,126533.39963,22.796169674396282
300863.SZ,20260603,66.62,71.54,65.28,69.0,67.38,1.62,2.4043,141764.24,967488.77925,68.24632073998352
300864.SZ,20260603,22.7,22.97,22.28,22.6,22.56,0.04,0.1773,20352.21,45912.672,22.559059679513922
300865.SZ,20260603,27.03,27.04,25.95,26.27,26.9,-0.63,-2.342,19014.25,50253.49875,26.42938782755039
300866.SZ,20260603,117.03,119.43,115.11,116.66,117.63,-0.97,-0.8246,44620.51,522863.04266,117.17997904102843
300867.SZ,20260603,20.45,21.4,20.28,21.25,20.47,0.78,3.8105,91023.33,191279.70152,21.014359892128756
300868.SZ,20260603,105.26,123.96,103.14,114.39,106.25,8.14,7.6612,69132.82,778129.19146,112.55568505089188
300869.SZ,20260603,11.67,11.73,11.33,11.38,11.51,-0.13,-1.1295,30611.0,35230.735,11.509174806442129
300870.SZ,20260603,274.0,282.99,267.2,271.0,271.61,-0.61,-0.2246,45692.32,1253646.13742,274.36692586850484
300871.SZ,20260603,20.73,20.89,20.45,20.6,20.74,-0.14,-0.675,39538.66,81719.4616,20.668242575747378
300872.SZ,20260603,19.09,20.05,19.02,19.34,19.26,0.08,0.4154,144582.57,282485.06192,19.537974869308243
300873.SZ,20260603,21.46,21.69,20.88,21.15,21.46,-0.31,-1.4445,25025.6,53322.0966,21.307020251262706
300875.SZ,20260603,33.55,34.1,32.98,33.54,33.55,-0.01,-0.0298,26536.2,88773.582,33.453765799172444
300876.SZ,20260603,17.92,19.5,17.56,18.72,17.88,0.84,4.698,82080.01,153872.5252,18.746650396363258
300877.SZ,20260603,31.06,31.75,28.29,28.84,31.22,-2.38,-7.6233,47378.71,141107.9306,29.782982820764854
300878.SZ,20260603,29.9,30.3,28.88,29.37,29.91,-0.54,-1.8054,31145.6,91761.3124,29.46204677386212
300879.SZ,20260603,19.15,19.61,18.86,18.98,19.12,-0.14,-0.7322,27799.2,53316.72888,19.179231373564708
300880.SZ,20260603,22.41,22.42,21.72,22.13,22.59,-0.46,-2.0363,68764.05,151640.54824,22.05230032844197
300881.SZ,20260603,49.28,50.0,46.28,47.57,49.36,-1.79,-3.6264,29038.98,139270.50434,47.959847191602464
300882.SZ,20260603,16.59,16.6,15.99,16.16,16.52,-0.36,-2.1792,36569.0,59590.821,16.295447236730563
300883.SZ,20260603,6.61,6.82,6.43,6.62,6.66,-0.04,-0.6006,328887.34,216636.15423,6.586941115763226
300884.SZ,20260603,11.05,11.2,10.84,10.91,11.06,-0.15,-1.3562,39896.49,43919.76677,11.008428754008186
300885.SZ,20260603,26.16,26.8,25.7,26.07,26.26,-0.19,-0.7235,81501.58,214477.43982,26.315740114486125
300886.SZ,20260603,24.58,24.7,23.9,24.25,24.57,-0.32,-1.3024,18296.35,44380.4695,24.256460714842035
300887.SZ,20260603,8.63,8.69,8.44,8.54,8.64,-0.1,-1.1574,86001.0,73680.454,8.567395030290346
300888.SZ,20260603,28.99,29.12,28.2,28.31,28.97,-0.66,-2.2782,35594.2,101374.76881,28.480698768338662
300889.SZ,20260603,22.8,24.18,22.8,23.8,22.77,1.03,4.5235,83934.69,196873.86642,23.45560178038425
300890.SZ,20260603,35.01,36.06,34.66,35.26,35.18,0.08,0.2274,69691.8,246034.01034,35.30315049116252
300891.SZ,20260603,7.13,7.17,7.03,7.08,7.13,-0.05,-0.7013,56476.37,40089.74532,7.098498950977197
300892.SZ,20260603,23.83,23.89,23.06,23.37,23.83,-0.46,-1.9303,24541.19,57185.9796,23.30204020261446
300893.SZ,20260603,21.38,22.15,21.03,21.95,21.39,0.56,2.618,32148.13,70340.29002,21.880056482289948
300894.SZ,20260603,9.13,9.16,8.77,8.83,9.14,-0.31,-3.3917,49293.0,43963.248,8.918760878826609
300895.SZ,20260603,59.0,59.97,57.88,58.6,59.4,-0.8,-1.3468,57731.01,341326.96986,59.123678913637576
300896.SZ,20260603,101.4,102.2,99.58,100.97,101.31,-0.34,-0.3356,24698.38,248520.56116,100.62221131912295
300897.SZ,20260603,20.04,20.48,18.45,18.65,19.4,-0.75,-3.866,36323.6,69029.5707,19.00405540750366
300898.SZ,20260603,21.66,21.81,21.1,21.34,21.83,-0.49,-2.2446,31687.0,67323.139,21.24629627291949
300899.SZ,20260603,33.98,33.98,32.1,32.37,32.74,-0.37,-1.1301,6849.0,22280.483,32.53100160607388
300900.SZ,20260603,34.0,36.36,33.7,35.1,34.3,0.8,2.3324,184139.61,647947.32765,35.18782991068571
300901.SZ,20260603,15.21,15.42,14.81,15.01,15.21,-0.2,-1.3149,26216.0,39551.425,15.086750457735736
300902.SZ,20260603,15.31,15.35,14.85,15.01,15.31,-0.3,-1.9595,28116.0,42411.637,15.084520202020201
300903.SZ,20260603,66.0,71.22,64.88,69.97,66.36,3.61,5.44,277099.19,1907030.05956,68.8212065708312
300904.SZ,20260603,48.56,49.28,47.46,48.66,48.57,0.09,0.1853,10878.0,52639.599,48.39087975730833
300905.SZ,20260603,61.5,62.38,59.96,60.75,61.75,-1.0,-1.6194,73662.67,451247.27698,61.2586099553546
300906.SZ,20260603,29.49,30.8,29.02,29.99,29.57,0.42,1.4204,23061.15,68351.68339,29.63932127842714
300907.SZ,20260603,43.87,51.66,43.87,48.56,44.49,4.07,9.1481,98341.84,471112.74152,47.90562608143187
300908.SZ,20260603,24.6,24.6,23.85,23.85,24.6,-0.75,-3.0488,16755.03,40331.80031,24.07145812929013
300909.SZ,20260603,47.29,48.36,45.54,46.44,47.55,-1.11,-2.3344,48693.74,226742.94074,46.56511098551888
300910.SZ,20260603,33.74,33.77,32.12,32.4,33.8,-1.4,-4.142,50959.82,167600.51788,32.88875782528274
300911.SZ,20260603,25.01,25.12,23.29,23.5,25.01,-1.51,-6.0376,128749.65,309300.60792,24.023413494327947
300912.SZ,20260603,25.98,26.61,25.78,26.35,26.07,0.28,1.074,36372.57,95527.51252,26.26361362972152
300913.SZ,20260603,62.0,64.96,60.62,61.9,60.59,1.31,2.1621,344628.06,2170797.03054,62.98956128354725
300915.SZ,20260603,23.17,23.45,22.71,22.86,23.09,-0.23,-0.9961,13954.4,32107.439,23.008828039901395
300916.SZ,20260603,32.37,33.39,30.8,31.3,32.3,-1.0,-3.096,45585.5,145253.87502,31.86405217009795
300917.SZ,20260603,29.59,29.71,28.5,28.8,29.96,-1.16,-3.8718,104216.98,300762.58652,28.85926904809562
300918.SZ,20260603,12.25,12.69,12.15,12.21,12.22,-0.01,-0.0818,66201.22,81990.60559,12.385059609173366
300919.SZ,20260603,51.0,51.73,50.33,50.78,51.29,-0.51,-0.9943,107023.62,546174.06368,51.03303959256845
300920.SZ,20260603,46.53,48.47,46.14,47.27,46.23,1.04,2.2496,21752.0,102954.36353,47.33098727933064
300921.SZ,20260603,18.59,19.64,18.53,18.82,18.7,0.12,0.6417,94310.27,179581.21893,19.041533751308314
300922.SZ,20260603,23.56,24.58,23.56,23.97,23.76,0.21,0.8838,70260.54,168789.09798,24.023313509973026
300923.SZ,20260603,23.21,23.34,22.62,22.89,23.22,-0.33,-1.4212,13442.0,30828.7904,22.93467519714328
300925.SZ,20260603,17.77,18.08,17.21,17.49,18.3,-0.81,-4.4262,246770.96,432943.0154,17.54432593689306
300926.SZ,20260603,20.22,20.65,19.99,20.21,20.22,-0.01,-0.0495,47184.05,96066.88545,20.360033835586393
300927.SZ,20260603,23.87,24.2,23.55,23.92,23.93,-0.01,-0.0418,29353.08,70142.28576,23.89605648197736
300928.SZ,20260603,33.71,34.08,32.7,33.08,33.51,-0.43,-1.2832,13497.0,45185.1,33.477883974216496
300929.SZ,20260603,12.02,12.13,11.71,11.93,12.03,-0.1,-0.8313,36084.2,43060.951,11.933464230882215
300930.SZ,20260603,34.16,35.87,34.07,35.57,34.07,1.5,4.4027,62944.37,222295.9388,35.31625446406088
300931.SZ,20260603,15.23,15.97,15.22,15.6,15.18,0.42,2.7668,48081.33,75465.9319,15.695475125168127
300932.SZ,20260603,10.0,10.25,9.91,10.1,10.03,0.07,0.6979,114732.08,115785.48356,10.091814212729343
300933.SZ,20260603,7.51,7.56,7.17,7.23,7.52,-0.29,-3.8564,145204.57,106709.32654,7.348895874282744
300935.SZ,20260603,35.66,35.74,34.6,35.14,35.66,-0.52,-1.4582,15896.0,55889.87397,35.15970934197283
300936.SZ,20260603,97.68,109.88,97.6,102.01,99.15,2.86,2.8845,47540.75,494064.07874,103.92433412177974
300937.SZ,20260603,23.24,23.35,22.6,22.75,23.26,-0.51,-2.1926,18257.0,41649.07144,22.812658947253105
300938.SZ,20260603,52.15,53.6,51.22,51.77,52.17,-0.4,-0.7667,94877.17,496696.30876,52.351509721464076
300939.SZ,20260603,66.68,70.87,66.02,68.6,67.22,1.38,2.053,91719.21,631158.71809,68.8142340181517
300940.SZ,20260603,17.3,17.98,16.96,17.2,17.29,-0.09,-0.5205,42688.03,74363.40014,17.420199559454957
300941.SZ,20260603,16.1,16.12,15.64,15.82,16.07,-0.25,-1.5557,28322.0,45023.61502,15.897046472706728
300942.SZ,20260603,6.69,6.69,6.51,6.57,6.7,-0.13,-1.9403,49195.0,32435.115,6.593173086695803
300943.SZ,20260603,37.81,39.25,37.0,38.18,37.72,0.46,1.2195,94601.45,362582.73098,38.327396776687884
300945.SZ,20260603,12.7,12.71,12.47,12.6,12.71,-0.11,-0.8655,52168.73,65595.74204,12.57376632323616
300946.SZ,20260603,46.02,48.39,45.89,46.55,46.35,0.2,0.4315,16185.28,76226.25252,47.09603573123233
300947.SZ,20260603,15.02,15.02,14.6,14.7,15.17,-0.47,-3.0982,34479.33,51001.24606,14.791832109266622
300948.SZ,20260603,27.36,28.5,27.03,27.73,27.72,0.01,0.0361,63396.97,176563.74554,27.850502246400737
300949.SZ,20260603,25.41,25.41,24.04,24.24,24.79,-0.55,-2.2186,17353.6,42364.5346,24.412533768209478
300950.SZ,20260603,18.8,18.8,17.98,18.11,18.65,-0.54,-2.8954,17459.5,31929.73075,18.28788381683324
300951.SZ,20260603,40.0,42.53,39.51,41.0,39.7,1.3,3.2746,42286.1,174220.0244,41.20030563234727
300952.SZ,20260603,21.73,22.54,21.08,21.43,21.93,-0.5,-2.28,89956.02,196315.18136,21.823462327479582
300953.SZ,20260603,145.94,149.3,142.4,144.5,146.75,-2.25,-1.5332,87658.02,1285086.13876,146.6022320330758
300955.SZ,20260603,41.19,41.48,40.3,40.76,41.19,-0.43,-1.0439,26057.0,106636.129,40.924177380358444
300956.SZ,20260603,17.2,17.99,16.61,17.1,19.2,-2.1,-10.9375,434389.35,757601.86318,17.4406178047413
300957.SZ,20260603,36.87,36.88,35.47,35.72,36.9,-1.18,-3.1978,82187.33,294676.59261,35.854260335504264
300958.SZ,20260603,12.81,12.86,12.45,12.69,12.83,-0.14,-1.0912,26826.37,33844.87115,12.616269420722968
300959.SZ,20260603,227.25,227.88,188.88,205.86,225.0,-19.14,-8.5067,79909.95,1661270.56522,207.89283001929047
300960.SZ,20260603,18.13,18.42,17.88,18.0,18.14,-0.14,-0.7718,14903.4,27051.04,18.150918582336917
300961.SZ,20260603,12.17,12.2,11.72,11.8,12.18,-0.38,-3.1199,43936.0,52349.249,11.914887336125275
300962.SZ,20260603,13.55,13.58,13.24,13.39,13.56,-0.17,-1.2537,25567.0,34160.4371,13.361144091993587
300963.SZ,20260603,14.31,14.85,14.26,14.58,14.37,0.21,1.4614,81919.14,119256.6035,14.557843685859007
300964.SZ,20260603,108.0,113.77,104.0,105.0,111.66,-6.66,-5.9645,96452.31,1045536.42288,108.39931390756738
300965.SZ,20260603,51.39,51.89,49.97,50.5,51.6,-1.1,-2.1318,15554.95,79172.0825,50.89832014889151
300966.SZ,20260603,26.56,26.86,26.06,26.51,26.66,-0.15,-0.5626,28257.98,74844.13094,26.486015964339984
300967.SZ,20260603,20.0,20.06,18.82,19.29,20.52,-1.23,-5.9942,170190.77,328077.98239,19.2770725692116
300968.SZ,20260603,11.88,12.13,11.32,11.42,12.0,-0.58,-4.8333,135893.33,158438.66775,11.659046676536665
300969.SZ,20260603,100.55,104.8,100.2,101.55,101.15,0.4,0.3955,33371.05,341737.36316,102.40533730883504
300970.SZ,20260603,28.69,28.92,28.4,28.74,28.36,0.38,1.3399,40131.59,115049.41945,28.66804416421079
300971.SZ,20260603,21.59,21.68,21.07,21.22,21.46,-0.24,-1.1184,30825.49,65857.8719,21.364744534474553
300972.SZ,20260603,193.09,199.0,191.33,192.92,191.67,1.25,0.6522,24078.58,468107.18633,194.40813633112913
300973.SZ,20260603,27.59,27.61,26.8,27.0,27.59,-0.59,-2.1385,21451.8,57820.9998,26.953915195927614
300975.SZ,20260603,41.62,44.43,41.62,42.69,43.41,-0.72,-1.6586,992015.04,4237180.00372,42.71286051993728
300976.SZ,20260603,64.01,65.58,62.1,63.26,64.17,-0.91,-1.4181,68868.31,442055.38212,64.18850442533002
300977.SZ,20260603,19.25,19.6,18.66,18.83,19.29,-0.46,-2.3847,21585.0,40917.695,18.95654157980079
300978.SZ,20260603,9.8,9.83,9.61,9.67,9.75,-0.08,-0.8205,22320.0,21728.543,9.7350103046595
300979.SZ,20260603,34.98,34.98,34.17,34.33,35.17,-0.84,-2.3884,20315.46,69825.63417,34.37068821971051
300980.SZ,20260603,27.1,28.13,26.8,27.04,27.14,-0.1,-0.3685,31607.61,86594.42147,27.396700183911406
300981.SZ,20260603,12.68,12.76,12.1,12.2,12.79,-0.59,-4.613,69108.18,85128.52732,12.3181550027797
300982.SZ,20260603,20.77,20.9,19.94,20.9,20.9,0.0,0.0,72164.8,146947.3992,20.362752921091722
300983.SZ,20260603,34.72,35.64,34.63,35.42,34.62,0.8,2.3108,15040.44,53010.47266,35.245293794596435
300984.SZ,20260603,56.11,59.01,55.61,57.22,56.1,1.12,1.9964,31169.41,178251.46812,57.18795066059961
300985.SZ,20260603,23.28,24.55,22.83,24.19,23.29,0.9,3.8643,38377.57,91683.544,23.889877342416415
300986.SZ,20260603,19.04,19.15,18.6,18.78,18.93,-0.15,-0.7924,129857.6,245745.44696,18.924225225169724
300987.SZ,20260603,14.36,14.42,13.95,14.04,14.38,-0.34,-2.3644,42084.49,59700.5219,14.185872728884206
300988.SZ,20260603,18.19,18.5,17.4,17.63,18.24,-0.61,-3.3443,71466.74,127605.3426,17.85520685566461
300989.SZ,20260603,14.05,14.1,13.74,14.09,14.15,-0.06,-0.424,44019.71,61233.64174,13.910505484929365
300990.SZ,20260603,78.65,84.35,78.12,79.2,78.5,0.7,0.8917,62262.33,502006.60451,80.62766114117477
300991.SZ,20260603,38.7,39.89,37.98,38.77,38.28,0.49,1.28,37029.97,144181.06176,38.936316113677655
300992.SZ,20260603,27.62,27.62,26.77,27.14,27.3,-0.16,-0.5861,15078.0,40902.434,27.127227749038333
300993.SZ,20260603,10.8,10.83,10.56,10.65,10.85,-0.2,-1.8433,26199.0,28016.38,10.693682964998665
300994.SZ,20260603,13.12,13.67,12.7,13.09,12.54,0.55,4.386,76782.29,101413.00943,13.207864656029408
300995.SZ,20260603,33.45,33.47,32.2,32.59,33.45,-0.86,-2.571,12209.15,40137.81225,32.87518971427168
300996.SZ,20260603,12.22,12.22,11.75,11.86,12.27,-0.41,-3.3415,95455.54,114079.39902,11.951050616863096
300997.SZ,20260603,18.98,19.88,18.65,19.56,19.32,0.24,1.2422,157321.56,304010.89183,19.32417221326816
300998.SZ,20260603,26.59,27.3,25.92,26.28,26.6,-0.32,-1.203,26560.0,70210.588,26.434709337349396
300999.SZ,20260603,26.97,26.97,26.35,26.59,27.0,-0.41,-1.5185,123632.84,328362.24527,26.559467959322134
301000.SZ,20260603,29.75,30.74,29.45,29.99,30.01,-0.02,-0.0666,56952.07,171378.72733,30.091746854855316
301001.SZ,20260603,26.79,26.8,25.52,25.86,26.8,-0.94,-3.5075,17685.58,46121.2339,26.07844011901221
301002.SZ,20260603,48.5,50.7,47.77,48.95,48.91,0.04,0.0818,53393.67,261350.86369,48.947911557680904
301003.SZ,20260603,49.45,50.2,48.3,48.71,49.45,-0.74,-1.4965,19551.86,96169.1128,49.18668239236574
301004.SZ,20260603,37.98,38.11,36.75,37.05,38.16,-1.11,-2.9088,6342.2,23595.9886,37.204737472801234
301005.SZ,20260603,99.96,105.97,98.89,102.81,99.01,3.8,3.838,87083.95,895025.5984,102.77733134521344
301006.SZ,20260603,15.13,15.3,14.81,14.94,15.16,-0.22,-1.4512,17116.52,25755.83692,15.047355957869941
301007.SZ,20260603,34.89,34.93,33.53,33.98,34.89,-0.91,-2.6082,40428.29,138150.69359,34.17178752551741
301008.SZ,20260603,24.88,25.09,24.38,24.63,24.89,-0.26,-1.0446,39004.09,96558.13026,24.755898742926703
301009.SZ,20260603,9.59,9.66,9.3,9.4,9.63,-0.23,-2.3884,34225.26,32207.71588,9.410510213801151
301010.SZ,20260603,19.91,20.16,19.16,19.35,19.86,-0.51,-2.568,18843.19,37029.70349,19.65150459662085
301011.SZ,20260603,16.89,16.89,16.28,16.43,16.87,-0.44,-2.6082,22704.8,37406.70464,16.47524075966316
301012.SZ,20260603,32.3,32.87,31.68,32.01,32.4,-0.39,-1.2037,92233.42,297695.48291,32.276314042133535
301013.SZ,20260603,52.94,55.04,51.35,54.08,53.5,0.58,1.0841,621955.57,3323910.0866,53.44288638817079
301015.SZ,20260603,21.05,21.06,20.37,20.61,21.01,-0.4,-1.9039,44981.0,92797.747,20.630432182477048
301016.SZ,20260603,15.08,15.33,14.93,15.16,15.14,0.02,0.1321,32868.2,49696.77464,15.120017110763598
301017.SZ,20260603,14.51,14.7,14.15,14.38,14.51,-0.13,-0.8959,77880.89,112034.12213,14.385316106428675
301018.SZ,20260603,100.88,102.58,96.31,97.41,98.9,-1.49,-1.5066,129717.12,1297422.32856,100.01935970826365
301019.SZ,20260603,21.15,21.29,20.77,20.89,21.1,-0.21,-0.9953,13352.77,28079.90743,21.02927514665496
301020.SZ,20260603,25.05,25.54,24.56,24.81,25.06,-0.25,-0.9976,47812.0,119705.58,25.036722998410443
301021.SZ,20260603,94.1,103.28,93.6,98.37,94.52,3.85,4.0732,113021.41,1118428.58019,98.95723121751887
301022.SZ,20260603,27.0,27.0,26.15,26.45,26.85,-0.4,-1.4898,18839.38,49950.1671,26.51370007930197
301023.SZ,20260603,38.6,38.87,37.54,37.77,38.69,-0.92,-2.3779,27354.68,104239.4242,38.106614370923
301024.SZ,20260603,45.5,46.99,45.41,46.2,45.47,0.73,1.6055,8349.0,38648.775,46.291501976284586
301025.SZ,20260603,9.31,9.36,9.05,9.12,9.33,-0.21,-2.2508,63037.0,57764.13582,9.163528692672557
301026.SZ,20260603,22.73,24.79,22.55,24.47,23.72,0.75,3.1619,155574.02,376753.13805,24.21697003458547
301027.SZ,20260603,20.2,20.85,19.84,20.18,20.2,-0.02,-0.099,49087.0,99294.066,20.228179762462567
301028.SZ,20260603,19.41,19.75,18.51,18.88,19.66,-0.78,-3.9674,152261.91,288705.90799,18.961137949077347
301029.SZ,20260603,28.15,30.49,27.91,29.0,28.06,0.94,3.35,259865.63,762454.42555,29.340333523521366
301030.SZ,20260603,13.56,13.7,12.65,12.69,13.86,-1.17,-8.4416,144621.76,189016.97574,13.069746609362241
301031.SZ,20260603,166.01,167.77,158.44,161.3,165.9,-4.6,-2.7728,37389.37,605845.27231,162.0367693571729
301032.SZ,20260603,11.12,11.28,10.93,11.1,11.13,-0.03,-0.2695,44525.0,49247.388,11.060614935429534
301033.SZ,20260603,48.53,48.78,47.6,48.06,48.68,-0.62,-1.2736,5495.0,26467.123,48.165828935395815
301035.SZ,20260603,52.85,53.75,51.42,52.96,52.83,0.13,0.2461,12102.2,63384.1726,52.374091156979716
301036.SZ,20260603,24.28,24.36,23.4,23.56,23.91,-0.35,-1.4638,9395.0,22413.44104,23.856775987227252
301037.SZ,20260603,14.8,15.17,14.31,14.5,14.8,-0.3,-2.027,34702.47,50755.08358,14.625784153116477
301038.SZ,20260603,19.2,19.48,18.76,19.26,19.29,-0.03,-0.1555,43205.49,82513.484,19.09791649163104
301039.SZ,20260603,8.06,8.13,7.95,7.95,8.07,-0.12,-1.487,90743.74,72881.1597,8.031535806216496
301040.SZ,20260603,29.37,29.86,28.4,28.77,29.51,-0.74,-2.5076,28550.1,83103.47192,29.107944252384407
301041.SZ,20260603,34.0,34.88,32.87,33.57,34.1,-0.53,-1.5543,84776.17,288355.3835,34.01373092226271
301042.SZ,20260603,109.0,111.0,104.1,107.5,109.0,-1.5,-1.3761,19570.65,209692.66156,107.14649823076903
301043.SZ,20260603,45.39,45.84,43.31,44.06,45.4,-1.34,-2.9515,10011.0,44575.232,44.52625312156628
301045.SZ,20260603,52.74,54.35,51.51,53.2,52.8,0.4,0.7576,35673.0,188538.844,52.851973201020385
301046.SZ,20260603,28.78,29.5,26.98,27.42,28.78,-1.36,-4.7255,65446.47,185335.32588,28.318613040550545
301047.SZ,20260603,65.1,65.1,62.8,62.93,65.7,-2.77,-4.2161,12451.48,78756.9567,63.25108075505884
301048.SZ,20260603,9.63,9.65,9.45,9.5,9.63,-0.13,-1.3499,33269.77,31717.58196,9.5334539313016
301049.SZ,20260603,21.52,21.67,20.81,21.08,21.52,-0.44,-2.0446,18170.0,38352.767,21.107741882223443
301050.SZ,20260603,36.65,37.19,36.0,36.05,36.63,-0.58,-1.5834,56489.66,206633.54608,36.57900332202389
301051.SZ,20260603,17.5,17.68,16.55,16.75,17.53,-0.78,-4.4495,64180.01,109400.10816,17.045822859797
301052.SZ,20260603,27.25,27.36,26.61,26.83,27.35,-0.52,-1.9013,27393.41,73772.8249,26.930865817727696
301053.SZ,20260603,43.44,44.73,42.59,43.81,43.64,0.17,0.3896,57868.24,252329.15182,43.60408262286878
301055.SZ,20260603,33.1,35.11,32.8,34.5,33.44,1.06,3.1699,62860.13,214168.28336,34.070607769980754
301056.SZ,20260603,12.93,13.04,12.61,12.74,12.83,-0.09,-0.7015,23958.0,30785.358,12.849719509140998
301057.SZ,20260603,29.35,31.97,29.33,30.82,29.18,1.64,5.6203,25341.0,77798.203,30.700526025018743
301058.SZ,20260603,8.91,9.0,8.75,8.83,8.91,-0.08,-0.8979,39954.0,35288.543,8.832292886819843
301059.SZ,20260603,14.01,14.11,13.83,13.98,14.07,-0.09,-0.6397,30792.5,42932.2405,13.942434196638791
301060.SZ,20260603,9.38,9.42,8.98,9.04,9.38,-0.34,-3.6247,80969.0,74129.827,9.155334387234621
301061.SZ,20260603,41.18,41.33,40.0,40.7,41.18,-0.48,-1.1656,26744.58,108569.44137,40.59493227038899
301062.SZ,20260603,6.77,6.78,6.6,6.66,6.77,-0.11,-1.6248,57481.0,38238.894,6.6524406325568455
301063.SZ,20260603,20.28,20.44,19.81,19.97,20.42,-0.45,-2.2037,17647.29,35413.19095,20.06721199118958
301065.SZ,20260603,20.7,20.85,20.03,20.32,20.7,-0.38,-1.8357,15041.0,30649.799,20.377500831061766
301066.SZ,20260603,14.4,14.47,14.02,14.16,14.42,-0.26,-1.8031,33993.75,48252.75316,14.194595524177238
301067.SZ,20260603,32.39,37.69,32.37,35.9,32.38,3.52,10.8709,89563.35,320793.41275,35.81748703571271
301068.SZ,20260603,29.29,30.1,28.45,28.72,29.33,-0.61,-2.0798,17179.3,49845.5304,29.01487860390121
301069.SZ,20260603,18.7,19.0,18.43,18.7,18.7,0.0,0.0,69269.98,129960.65594,18.761468667956883
301070.SZ,20260603,93.41,95.79,91.26,92.99,92.8,0.19,0.2047,20010.88,187875.40984,93.88663059295743
301071.SZ,20260603,74.56,84.45,74.52,80.0,75.81,4.19,5.527,325675.75,2619291.13738,80.42634851934785
301072.SZ,20260603,22.64,26.85,22.64,25.24,22.81,2.43,10.6532,59014.65,147858.2335,25.05449638352511
301073.SZ,20260603,22.03,22.25,21.43,21.61,22.14,-0.53,-2.3939,34253.0,74569.045,21.770077073541003
301075.SZ,20260603,73.95,73.95,69.2,71.81,73.95,-2.14,-2.8938,20304.36,145352.24376,71.58671524736559
301076.SZ,20260603,27.61,28.57,27.28,27.79,27.7,0.09,0.3249,43496.94,122005.58434,28.04923388633775
301077.SZ,20260603,27.26,27.96,26.82,27.5,27.33,0.17,0.622,21090.86,57900.86892,27.453062094196255
301078.SZ,20260603,9.01,9.11,8.67,8.78,9.13,-0.35,-3.8335,385477.33,341434.85644,8.857456194375944
301079.SZ,20260603,35.2,36.7,34.83,35.94,35.24,0.7,1.9864,48326.71,173008.40572,35.7997483627584
301080.SZ,20260603,39.5,39.57,38.46,38.7,39.67,-0.97,-2.4452,19264.66,75063.77425,38.964494701697305
301081.SZ,20260603,19.25,19.69,18.31,18.81,19.26,-0.45,-2.3364,75943.15,143702.78555,18.922415721496936
301082.SZ,20260603,10.42,10.49,10.26,10.36,10.36,0.0,0.0,47938.9,49772.2177,10.38242798645776
301083.SZ,20260603,15.05,15.4,14.8,14.91,15.15,-0.24,-1.5842,20903.0,31377.7755,15.011135004544801
301085.SZ,20260603,68.97,69.94,66.67,67.33,69.3,-1.97,-2.8427,30406.0,207837.449,68.35409096888772
301086.SZ,20260603,157.5,161.0,153.17,155.53,156.96,-1.43,-0.9111,27145.37,427732.84572,157.57119748966397
301087.SZ,20260603,46.89,46.89,45.66,45.66,46.08,-0.42,-0.9115,13887.5,63931.686,46.03541746174618
301088.SZ,20260603,14.46,14.66,14.05,14.1,14.5,-0.4,-2.7586,16552.0,23435.577,14.158758458192365
301089.SZ,20260603,23.69,23.75,23.22,23.39,23.76,-0.37,-1.5572,11853.19,27764.68435,23.42380772602143
301090.SZ,20260603,7.1,7.18,7.03,7.09,7.09,0.0,0.0,72662.0,51662.31179,7.109949050397732
301091.SZ,20260603,18.54,18.7,18.1,18.23,18.46,-0.23,-1.2459,38887.05,71437.55091,18.370524611663782
301092.SZ,20260603,49.92,50.47,47.11,48.23,50.63,-2.4,-4.7403,53521.4,258709.25748,48.33753554279223
301093.SZ,20260603,117.69,129.8,116.51,128.98,116.0,12.98,11.1897,60266.79,752907.66827,124.92911407260948
301095.SZ,20260603,89.11,104.39,88.99,103.68,88.0,15.68,17.8182,147156.2,1464878.38651,99.54581502580253
301096.SZ,20260603,56.51,56.95,53.75,54.78,56.35,-1.57,-2.7862,50665.95,279404.81098,55.14646640988673
301097.SZ,20260603,54.89,55.28,51.08,51.95,55.0,-3.05,-5.5455,9971.0,52580.942,52.73387022364858
301098.SZ,20260603,9.18,9.44,8.95,9.28,9.26,0.02,0.216,111920.06,103240.8538,9.224517374275889
301099.SZ,20260603,71.0,74.8,69.5,71.61,71.47,0.14,0.1959,153012.39,1102448.50395,72.04962316777092
301100.SZ,20260603,16.23,16.39,15.92,16.11,16.23,-0.12,-0.7394,13913.0,22436.742,16.12645870768346
301101.SZ,20260603,31.96,32.24,31.18,31.37,31.96,-0.59,-1.8461,21474.95,67969.62739,31.65065687696595
301102.SZ,20260603,9.6,9.7,9.4,9.46,9.64,-0.18,-1.8672,21732.92,20718.1498,9.533072316099263
301103.SZ,20260603,17.11,17.11,16.57,16.68,17.11,-0.43,-2.5132,19962.46,33429.20838,16.746036500511458
301105.SZ,20260603,51.63,51.99,50.01,50.81,51.7,-0.89,-1.7215,5037.21,25714.743,51.04957506238573
301106.SZ,20260603,25.96,27.27,25.5,26.39,26.02,0.37,1.422,60850.28,161140.20653,26.481424001664415
301107.SZ,20260603,23.19,24.31,22.22,23.77,24.12,-0.35,-1.4511,116315.64,273618.23984,23.52377030638356
301108.SZ,20260603,23.49,23.49,22.54,22.71,23.41,-0.7,-2.9902,16447.4,37628.5664,22.878124445201067
301109.SZ,20260603,14.29,14.43,13.86,13.96,14.29,-0.33,-2.3093,84180.99,118469.51474,14.073190959146476
301110.SZ,20260603,43.45,43.7,41.82,42.17,44.24,-2.07,-4.679,48469.17,206903.23008,42.68759503824803
301111.SZ,20260603,27.42,28.12,26.0,27.84,27.73,0.11,0.3967,71534.15,193954.20081,27.11351163185696
301112.SZ,20260603,32.38,32.38,31.24,31.53,32.29,-0.76,-2.3537,13394.35,42545.0749,31.763448692919027
301113.SZ,20260603,18.39,18.43,17.73,17.98,18.31,-0.33,-1.8023,14345.3,25835.0867,18.00944330198741
301115.SZ,20260603,28.49,33.94,28.49,33.94,28.28,5.66,20.0141,76956.33,248148.24084,32.245331974640685
301116.SZ,20260603,9.8,9.84,9.53,9.68,9.75,-0.07,-0.7179,30891.36,29739.06001,9.626983082000923
301117.SZ,20260603,26.6,27.1,26.19,26.62,26.5,0.12,0.4528,38671.44,102995.57123,26.63349780354701
301118.SZ,20260603,29.29,29.7,28.46,29.09,29.36,-0.27,-0.9196,29112.69,85111.42503,29.235163439036377
301119.SZ,20260603,34.05,34.73,33.58,33.75,34.1,-0.35,-1.0264,13240.2,45123.23902,34.080481427772995
301120.SZ,20260603,22.86,24.6,22.53,24.36,23.81,0.55,2.31,320055.47,750420.11747,23.446564355547498
301121.SZ,20260603,37.28,38.79,37.04,38.0,37.45,0.55,1.4686,14515.71,55351.76657,38.132317723349395
301122.SZ,20260603,28.2,28.93,26.83,27.85,27.34,0.51,1.8654,32322.64,89709.54721,27.75439976746949
301123.SZ,20260603,92.01,95.18,85.16,88.99,92.07,-3.08,-3.3453,224776.82,2027291.86824,90.19132258566518
301125.SZ,20260603,15.56,16.07,15.33,15.58,15.7,-0.12,-0.7643,40882.0,64193.5444,15.702153612836945
301126.SZ,20260603,10.21,10.27,9.92,10.0,10.19,-0.19,-1.8646,33881.44,34015.85544,10.039672292558992
301127.SZ,20260603,13.46,14.2,13.34,14.12,13.38,0.74,5.5306,204353.18,282884.60612,13.84292655098394
301128.SZ,20260603,140.37,146.0,133.58,136.7,140.06,-3.36,-2.399,94166.54,1315296.01489,139.6776407936407
301129.SZ,20260603,26.3,26.89,25.33,25.6,26.27,-0.67,-2.5504,28617.0,74017.979,25.865037914526333
301130.SZ,20260603,28.53,28.69,27.68,27.95,28.61,-0.66,-2.3069,11958.0,33521.919,28.033048168590064
301131.SZ,20260603,37.12,37.58,36.61,36.99,37.1,-0.11,-0.2965,9686.52,35873.18493,37.03413086433518
301132.SZ,20260603,41.02,41.2,38.77,39.5,41.08,-1.58,-3.8462,91712.7,369309.96619,40.2681380212337
301133.SZ,20260603,42.0,42.83,41.21,42.54,42.18,0.36,0.8535,24254.0,102211.54034,42.1421375195844
301135.SZ,20260603,18.34,18.41,17.83,18.05,18.37,-0.32,-1.742,17629.4,31902.22572,18.096036008032033
301136.SZ,20260603,13.46,13.55,13.2,13.34,13.5,-0.16,-1.1852,39000.56,52165.4992,13.375576966074334
301137.SZ,20260603,39.0,39.89,38.4,38.87,38.32,0.55,1.4353,42116.15,164787.29486,39.126865789014424
301138.SZ,20260603,28.44,28.99,27.83,28.11,28.7,-0.59,-2.0557,9492.0,26948.725,28.39098714707122
301139.SZ,20260603,6.0,7.11,5.35,6.33,6.2,0.13,2.0968,382131.07,234761.39851,6.14347842770283
301141.SZ,20260603,47.1,48.6,46.33,48.1,47.09,1.01,2.1448,28330.39,135249.81514,47.74018823602499
301148.SZ,20260603,56.37,57.52,54.5,57.0,56.63,0.37,0.6534,23688.57,133318.04351,56.279481416565034
301149.SZ,20260603,11.66,11.68,11.3,11.51,11.61,-0.1,-0.8613,61895.0,71199.229,11.50322788593586
301150.SZ,20260603,62.6,63.7,60.85,61.81,62.44,-0.63,-1.009,87773.77,547732.47286,62.40275117042369
301151.SZ,20260603,15.78,15.78,15.33,15.39,15.7,-0.31,-1.9745,12759.61,19773.54045,15.496978708596894
301152.SZ,20260603,26.59,27.2,26.19,26.48,26.85,-0.37,-1.378,29555.0,78610.748,26.598121468448657
301153.SZ,20260603,18.86,18.88,18.32,18.41,18.87,-0.46,-2.4377,37406.93,69494.30732,18.577923213693293
301155.SZ,20260603,59.35,59.35,56.62,57.0,59.6,-2.6,-4.3624,40723.03,235246.52004,57.767440202755054
301156.SZ,20260603,13.3,13.38,12.84,12.98,13.25,-0.27,-2.0377,36232.45,47116.6513,13.00399263643502
301157.SZ,20260603,68.89,70.19,66.71,67.75,68.88,-1.13,-1.6405,10678.83,73080.41036,68.43484760034572
301158.SZ,20260603,15.86,16.08,15.52,16.03,15.87,0.16,1.0082,56575.52,89561.97824,15.830517905977711
301159.SZ,20260603,35.01,35.2,33.93,34.5,35.23,-0.73,-2.0721,16505.0,57092.955,34.591308694335055
301160.SZ,20260603,54.88,56.58,54.39,54.97,55.12,-0.15,-0.2721,21055.54,116570.5213,55.36334917081205
301161.SZ,20260603,30.08,30.88,29.82,30.24,30.25,-0.01,-0.0331,21804.3,66129.7824,30.32878028645726
301162.SZ,20260603,47.0,47.05,44.2,44.79,47.22,-2.43,-5.1461,62212.88,280659.39144,45.11274698101101
301163.SZ,20260603,26.24,26.48,25.77,25.95,26.28,-0.33,-1.2557,12909.0,33740.845,26.137458362382834
301165.SZ,20260603,65.46,69.88,65.15,66.35,63.71,2.64,4.1438,194049.59,1313188.30064,67.67282016107326
301166.SZ,20260603,27.97,28.09,27.25,27.48,28.0,-0.52,-1.8571,8993.35,24800.9191,27.576953081999473
301167.SZ,20260603,15.08,15.08,14.6,14.72,14.96,-0.24,-1.6043,30929.26,45645.53016,14.75804146623618
301168.SZ,20260603,42.02,42.57,41.7,42.3,41.87,0.43,1.027,27040.0,113773.194,42.075885355029584
301169.SZ,20260603,79.12,81.06,77.0,78.04,79.11,-1.07,-1.3525,13408.68,106141.66016,79.15891807396403
301170.SZ,20260603,25.73,25.92,25.18,25.35,25.68,-0.33,-1.285,10095.98,25619.88766,25.376325686065147
301171.SZ,20260603,43.77,46.76,42.51,45.05,45.18,-0.13,-0.2877,882857.95,3998685.54923,45.29251335653714
301172.SZ,20260603,31.42,33.99,31.28,32.64,31.73,0.91,2.8679,69418.96,228574.88898,32.926867383204815
301173.SZ,20260603,36.52,36.89,35.44,35.82,36.53,-0.71,-1.9436,5135.0,18436.827,35.90423953261928
301175.SZ,20260603,5.76,5.82,5.68,5.72,5.76,-0.04,-0.6944,147428.0,84726.046,5.746943999782945
301176.SZ,20260603,42.31,42.95,40.9,41.76,43.0,-1.24,-2.8837,84969.02,356910.54527,42.004785422969455
301177.SZ,20260603,25.3,25.41,24.8,24.91,25.44,-0.53,-2.0833,11715.8,29320.9518,25.02684562727257
301178.SZ,20260603,53.0,55.31,51.71,52.62,53.01,-0.39,-0.7357,21704.96,115715.75576,53.31304722975762
301179.SZ,20260603,22.17,23.18,22.1,22.77,22.45,0.32,1.4254,68802.79,155829.24167,22.64868062327124
301180.SZ,20260603,15.2,15.4,14.66,14.76,15.21,-0.45,-2.9586,42495.78,63688.83967,14.987097464736499
301181.SZ,20260603,30.59,30.72,29.6,29.89,30.58,-0.69,-2.2564,15493.49,46755.83487,30.17772940118721
301182.SZ,20260603,86.0,86.99,82.67,84.45,84.59,-0.14,-0.1655,39045.53,332170.57218,85.07262474859479
301183.SZ,20260603,233.64,238.49,218.5,220.6,226.83,-6.23,-2.7466,110144.23,2530220.26491,229.71882094141475
301185.SZ,20260603,16.44,16.44,15.84,16.03,16.49,-0.46,-2.7896,25950.95,41891.8741,16.142713118402217
301186.SZ,20260603,65.51,65.75,63.33,64.3,65.28,-0.98,-1.5012,11931.25,76994.73903,64.53199709167103
301187.SZ,20260603,18.2,18.23,17.38,17.5,18.16,-0.66,-3.6344,19480.4,34491.1304,17.7055555327406
301188.SZ,20260603,41.8,47.47,40.69,45.45,42.35,3.1,7.32,314384.65,1381541.01688,43.94428980168084
301189.SZ,20260603,105.01,115.0,99.03,100.78,107.0,-6.22,-5.8131,115195.9,1239726.5086,107.6189785053114
301190.SZ,20260603,21.47,21.54,20.9,21.18,21.44,-0.26,-1.2127,18480.0,39164.283,21.19279383116883
301191.SZ,20260603,149.0,154.95,141.0,142.9,145.27,-2.37,-1.6314,53783.66,800745.28059,148.882631005402
301192.SZ,20260603,22.74,22.93,22.09,22.28,22.72,-0.44,-1.9366,18337.5,41393.92024,22.573371637355145
301193.SZ,20260603,21.88,22.47,20.67,20.95,21.63,-0.68,-3.1438,70921.24,150836.17623,21.268124504027284
301195.SZ,20260603,28.49,28.72,28.22,28.33,28.53,-0.2,-0.701,10931.12,31106.18976,28.456544032084544
301196.SZ,20260603,122.55,129.01,121.35,125.13,118.99,6.14,5.1601,53141.58,663383.46995,124.83322286428066
301197.SZ,20260603,31.05,31.59,30.86,31.49,31.22,0.27,0.8648,22114.0,68994.487,31.199460522745767
301198.SZ,20260603,17.97,18.3,17.26,18.12,17.64,0.48,2.7211,45299.32,81341.89726,17.956538257086418
301199.SZ,20260603,19.43,19.6,18.93,19.1,19.43,-0.33,-1.6984,15888.8,30585.1948,19.249530990383164
301200.SZ,20260603,277.0,291.0,272.59,285.99,279.1,6.89,2.4686,66198.87,1874639.03323,283.1829354836419
301201.SZ,20260603,33.6,35.51,33.0,34.86,33.6,1.26,3.75,77155.06,267250.15728,34.63805967878192
301202.SZ,20260603,39.0,40.41,38.32,38.68,38.97,-0.29,-0.7442,25859.0,101782.348,39.36051200742488
301203.SZ,20260603,44.45,45.37,44.01,44.91,44.58,0.33,0.7402,9504.05,42449.94125,44.66510724375398
301205.SZ,20260603,342.0,350.8,326.58,334.17,340.02,-5.85,-1.7205,148374.78,5052269.0702,340.50726614051257
301206.SZ,20260603,24.91,25.08,24.1,24.16,25.02,-0.86,-3.4373,18147.5,44368.53,24.448838683014188
301207.SZ,20260603,17.7,17.7,17.25,17.37,17.7,-0.33,-1.8644,39497.0,68749.5665,17.406275539914425
301208.SZ,20260603,29.68,31.86,29.51,30.65,29.68,0.97,3.2682,31919.91,98175.24505,30.756742437556998
301209.SZ,20260603,91.37,91.46,87.41,88.27,89.58,-1.31,-1.4624,11263.0,99707.4446,88.52654230666785
301210.SZ,20260603,27.69,28.44,26.84,27.3,27.66,-0.36,-1.3015,31642.36,87661.05897,27.703704455040643
301211.SZ,20260603,9.98,10.0,9.76,9.84,9.98,-0.14,-1.4028,27342.94,26906.25382,9.840292894619234
301212.SZ,20260603,28.85,29.27,27.81,28.06,28.86,-0.8,-2.772,12872.0,36531.43,28.380539154754505
301213.SZ,20260603,65.88,65.88,63.52,64.58,65.18,-0.6,-0.9205,10944.0,70869.29065,64.75629628106725
301215.SZ,20260603,5.84,5.87,5.76,5.79,5.85,-0.06,-1.0256,83410.05,48483.5231,5.812671626500643
301216.SZ,20260603,25.19,25.72,25.0,25.6,25.1,0.5,1.992,81683.33,207414.06134,25.392459066005266
301217.SZ,20260603,102.66,112.4,100.43,107.4,103.63,3.77,3.6379,356640.15,3830243.65468,107.39799359886989
301218.SZ,20260603,36.8,43.8,35.78,41.35,36.96,4.39,11.8777,161932.6,642903.78671,39.70193689905553
301219.SZ,20260603,77.4,79.75,76.6,78.47,77.68,0.79,1.017,70322.97,551442.51699,78.41570357309995
301220.SZ,20260603,37.0,37.99,36.79,37.21,37.58,-0.37,-0.9846,14161.6,52814.4068,37.29409586487402
301221.SZ,20260603,31.95,32.45,30.86,31.3,31.95,-0.65,-2.0344,22465.38,71060.87738,31.63128216838531
301222.SZ,20260603,30.6,31.59,30.23,30.48,31.15,-0.67,-2.1509,37660.51,116326.55516,30.88820495527012
301223.SZ,20260603,17.25,17.28,16.93,17.03,17.2,-0.17,-0.9884,13338.76,22804.63907,17.096521018445493
301225.SZ,20260603,90.55,95.0,88.98,90.38,90.13,0.25,0.2774,19654.0,180295.33804,91.73467896611378
301226.SZ,20260603,35.13,36.19,34.97,35.49,35.52,-0.03,-0.0845,28152.13,99969.60666,35.51049482223903
301227.SZ,20260603,23.68,24.22,22.55,23.09,23.96,-0.87,-3.6311,21286.4,49147.7294,23.088793501954296
301228.SZ,20260603,72.84,76.0,71.59,75.54,73.2,2.34,3.1967,55308.03,409233.86426,73.99176290676056
301229.SZ,20260603,14.73,15.03,14.46,14.6,14.72,-0.12,-0.8152,20304.83,29853.40295,14.702611619993862
301230.SZ,20260603,34.31,34.68,33.83,34.23,34.34,-0.11,-0.3203,33152.0,113444.82636,34.219602545849426
301231.SZ,20260603,31.99,34.0,30.79,33.2,32.22,0.98,3.0416,137001.71,446851.70718,32.61650582171566
301232.SZ,20260603,126.93,135.6,126.0,130.08,127.9,2.18,1.7045,55016.9,727006.19289,132.1423404244877
301233.SZ,20260603,58.13,59.59,56.17,56.65,58.71,-2.06,-3.5088,21096.31,122180.41657,57.915539053986215
301234.SZ,20260603,41.72,41.73,39.98,40.71,41.1,-0.39,-0.9489,22117.3,90084.7178,40.73043174347682
301235.SZ,20260603,63.69,70.97,63.21,67.62,63.48,4.14,6.5217,62878.06,426202.4658,67.78238161291873
301236.SZ,20260603,40.81,43.6,40.81,43.59,42.4,1.19,2.8066,805183.02,3417456.00726,42.44322001797802
301237.SZ,20260603,60.43,63.48,60.43,61.52,61.33,0.19,0.3098,22225.0,137418.742,61.83070506186726
301238.SZ,20260603,25.0,25.0,23.95,24.13,25.31,-1.18,-4.6622,239247.79,585054.72297,24.45392381555541
301239.SZ,20260603,36.65,36.85,34.73,35.06,36.79,-1.73,-4.7024,30159.07,106562.24482,35.333398815016515
301246.SZ,20260603,30.07,31.11,30.06,30.37,30.4,-0.03,-0.0987,104058.2,319159.64785,30.67126356692697
301248.SZ,20260603,74.37,77.26,73.9,74.76,74.9,-0.14,-0.1869,50512.77,379649.92263,75.15919689813092
301251.SZ,20260603,52.67,53.2,48.53,49.37,52.72,-3.35,-6.3543,108353.13,553290.33567,51.06362277397985
301252.SZ,20260603,34.21,35.3,33.21,33.55,34.14,-0.59,-1.7282,32254.1,110497.9716,34.258581575675656
301255.SZ,20260603,24.56,24.77,23.82,24.06,24.56,-0.5,-2.0358,25219.37,61176.19022,24.257620321205486
301256.SZ,20260603,11.54,11.68,11.38,11.54,11.55,-0.01,-0.0866,43215.68,49983.40752,11.566035179823619
301257.SZ,20260603,41.74,42.09,40.91,41.31,41.74,-0.43,-1.0302,13824.17,57351.22746,41.4861995042017
301258.SZ,20260603,27.07,27.07,25.82,26.03,26.45,-0.42,-1.5879,9791.61,25592.29915,26.13696741393907
301259.SZ,20260603,34.98,34.98,33.38,33.6,35.09,-1.49,-4.2462,41187.12,139740.50456,33.928204875699
301260.SZ,20260603,15.26,15.46,14.88,15.01,15.3,-0.29,-1.8954,35766.03,54163.261,15.143772177118905
301261.SZ,20260603,84.44,87.55,82.32,83.43,85.34,-1.91,-2.2381,35175.78,298989.48628,84.9986798530125
301262.SZ,20260603,21.28,21.28,20.53,20.69,21.28,-0.59,-2.7726,33779.75,70413.15171,20.844781773103712
301263.SZ,20260603,20.28,20.5,19.81,19.81,20.29,-0.48,-2.3657,50848.32,102075.66754,20.07454081865438
301265.SZ,20260603,26.1,26.85,25.7,26.09,25.94,0.15,0.5783,86382.42,226021.8588,26.165261264965718
301266.SZ,20260603,25.1,25.22,24.34,24.6,25.07,-0.47,-1.8748,36690.2,90965.76444,24.792932292546787
301267.SZ,20260603,17.22,17.4,17.01,17.03,17.31,-0.28,-1.6176,41443.6,71084.03486,17.15199327761102
301268.SZ,20260603,16.6,17.24,16.43,17.1,16.55,0.55,3.3233,79710.0,134533.932,16.877923974407228
301269.SZ,20260603,105.0,110.9,105.0,105.83,105.3,0.53,0.5033,213626.5,2313609.36938,108.30160908782383
301270.SZ,20260603,29.68,31.09,29.34,30.71,29.95,0.76,2.5376,35323.38,107803.7432,30.519090528709313
301272.SZ,20260603,38.86,39.02,37.77,38.2,38.86,-0.66,-1.6984,9172.0,35217.18839,38.39641124073267
301273.SZ,20260603,44.0,47.55,43.01,46.9,43.99,2.91,6.6151,28855.84,133065.31812,46.11382587372262
301275.SZ,20260603,44.27,44.99,43.55,43.81,44.66,-0.85,-1.9033,59831.8,264415.91912,44.193208146838295
301276.SZ,20260603,24.61,24.8,23.62,23.83,24.62,-0.79,-3.2088,18162.28,43472.9112,23.93582259496055
301277.SZ,20260603,9.8,9.81,9.57,9.63,9.81,-0.18,-1.8349,25854.94,24983.80034,9.66306645461177
301278.SZ,20260603,34.82,35.7,34.15,34.49,34.79,-0.3,-0.8623,15149.11,52826.04734,34.87072662354422
301279.SZ,20260603,22.3,22.43,21.25,21.59,22.17,-0.58,-2.6161,22447.06,49000.63946,21.829424191854073
301280.SZ,20260603,40.22,43.94,40.03,42.34,40.49,1.85,4.569,38369.07,161417.86028,42.06978701334173
301281.SZ,20260603,39.94,45.5,39.31,44.67,39.93,4.74,11.8708,72305.15,309962.09562,42.8686055723555
301282.SZ,20260603,29.73,31.29,29.28,29.56,29.8,-0.24,-0.8054,297621.3,902441.39003,30.321801229616298
301283.SZ,20260603,27.19,27.64,26.95,27.17,27.19,-0.02,-0.0736,10241.74,27960.60939,27.300643630867413
301285.SZ,20260603,107.8,114.41,106.0,113.02,107.01,6.01,5.6163,55134.27,611437.13268,110.89965146541346
301286.SZ,20260603,53.08,55.78,52.96,54.5,53.89,0.61,1.1319,20811.65,113997.67007,54.77589238239158
301287.SZ,20260603,36.59,36.66,35.71,35.97,36.59,-0.62,-1.6945,6912.0,24915.024,36.04604166666667
301288.SZ,20260603,17.59,18.4,16.65,18.12,17.6,0.52,2.9545,62059.0,107301.693,17.290271032404647
301289.SZ,20260603,49.15,49.87,48.78,49.62,49.1,0.52,1.0591,15356.46,75771.1383,49.34153984707414
301290.SZ,20260603,31.02,32.39,30.41,31.65,31.0,0.65,2.0968,30208.0,94794.957,31.38074582891949
301291.SZ,20260603,54.59,54.79,51.66,52.12,54.46,-2.34,-4.2967,104431.12,553735.27206,53.02397140430937
301292.SZ,20260603,69.0,70.32,68.52,69.21,69.75,-0.54,-0.7742,71639.93,497935.90236,69.50535858424206
301293.SZ,20260603,57.77,59.41,57.39,58.37,57.87,0.5,0.864,54447.61,318910.51895,58.57199589660593
301295.SZ,20260603,46.66,47.24,44.94,45.35,46.8,-1.45,-3.0983,18734.52,86307.20084,46.0685413023659
301296.SZ,20260603,6.93,6.93,6.74,6.78,6.88,-0.1,-1.4535,22912.19,15547.03463,6.785486079680729
301297.SZ,20260603,43.99,46.5,42.97,43.45,43.21,0.24,0.5554,236281.66,1058868.62505,44.81383045345119
301298.SZ,20260603,14.2,14.34,13.25,13.25,14.19,-0.94,-6.6244,28044.33,39274.99399,14.004611267232985
301299.SZ,20260603,52.52,52.94,51.63,52.22,52.61,-0.39,-0.7413,8477.0,44318.677,52.281086469269795
301300.SZ,20260603,35.68,35.82,34.66,34.88,35.78,-0.9,-2.5154,8876.0,31190.426,35.140182514646234
301301.SZ,20260603,8.94,8.94,8.64,8.68,8.86,-0.18,-2.0316,85736.0,74653.319,8.70734802183447
301302.SZ,20260603,25.5,26.2,24.8,25.11,25.51,-0.4,-1.568,60488.56,154219.3805,25.495627685631796
301303.SZ,20260603,13.48,13.92,13.48,13.8,13.53,0.27,1.9956,24425.0,33433.4724,13.688217973387921
301305.SZ,20260603,30.7,31.35,30.0,30.98,31.16,-0.18,-0.5777,128449.2,393963.10627,30.670732575212615
301306.SZ,20260603,125.7,138.88,125.14,134.29,126.96,7.33,5.7735,46692.3,627821.66367,134.45935703959753
301307.SZ,20260603,58.25,59.2,55.78,56.4,58.24,-1.84,-3.1593,83940.8,483893.52733,57.646999710510265
301308.SZ,20260603,518.79,555.95,517.72,532.51,519.5,13.01,2.5043,187728.3,10130743.9043,539.6492646180677
301309.SZ,20260603,33.2,33.3,32.43,32.6,33.2,-0.6,-1.8072,10907.53,35818.40364,32.83823527416381
301310.SZ,20260603,33.51,34.65,32.7,33.35,33.77,-0.42,-1.2437,84809.33,284391.51985,33.53304640538959
301311.SZ,20260603,14.81,14.81,14.53,14.7,14.82,-0.12,-0.8097,19731.0,28920.945,14.657617454766612
301312.SZ,20260603,96.5,97.92,89.0,91.09,94.84,-3.75,-3.954,100564.95,939321.95211,93.40450645180056
301313.SZ,20260603,43.8,46.19,42.66,44.4,44.06,0.34,0.7717,93362.17,418439.1336,44.81891686964859
301314.SZ,20260603,46.12,50.0,45.46,47.5,46.03,1.47,3.1936,17969.8,85749.2324,47.71852352279936
301315.SZ,20260603,43.29,43.78,41.9,42.3,43.44,-1.14,-2.6243,11464.81,48938.35397,42.68570867724803
301316.SZ,20260603,42.4,42.45,39.0,41.3,43.06,-1.76,-4.0873,246515.45,1011482.38063,41.031196244697846
301317.SZ,20260603,65.92,68.5,64.67,66.0,65.49,0.51,0.7787,36607.02,245128.9191,66.96227092508487
301318.SZ,20260603,22.4,22.65,21.91,22.02,22.42,-0.4,-1.7841,15048.55,33403.6193,22.19723448438554
301319.SZ,20260603,109.99,117.63,109.0,114.64,112.67,1.97,1.7485,113431.07,1281573.59394,112.98258880393176
301320.SZ,20260603,14.84,15.37,14.63,15.28,14.85,0.43,2.8956,37854.38,57287.41024,15.133627928921303
301321.SZ,20260603,32.53,32.53,30.33,30.9,31.26,-0.36,-1.1516,80794.87,253530.04044,31.379472538293584
301322.SZ,20260603,50.49,53.16,49.91,51.0,50.73,0.27,0.5322,72469.11,374306.00481,51.6504210980375
301323.SZ,20260603,79.57,82.73,76.8,78.05,78.19,-0.14,-0.1791,24427.02,194493.60278,79.62232101173208
301325.SZ,20260603,45.0,46.91,42.98,43.65,45.03,-1.38,-3.0646,55868.7,250744.22313,44.880984008935236
301326.SZ,20260603,141.48,142.54,136.1,138.82,141.31,-2.49,-1.7621,16233.91,226788.43555,139.70043911171123
301327.SZ,20260603,55.55,57.38,54.2,56.56,55.55,1.01,1.8182,27068.93,151314.44022,55.89967546556143
301328.SZ,20260603,54.87,57.88,54.12,55.7,54.5,1.2,2.2018,27542.45,155025.28649,56.285946417257726
301329.SZ,20260603,29.4,33.28,29.4,33.27,30.04,3.23,10.7523,298874.57,940665.57623,31.473590283375398
301330.SZ,20260603,26.99,27.52,26.78,27.0,27.11,-0.11,-0.4058,19096.82,51985.56846,27.22210737703974
301331.SZ,20260603,24.44,25.16,23.78,24.54,24.44,0.1,0.4092,25614.88,62662.06056,24.46314820135796
301332.SZ,20260603,8.69,8.69,8.45,8.48,8.65,-0.17,-1.9653,23494.75,20052.61615,8.534934889709403
301333.SZ,20260603,48.91,48.97,46.5,47.08,48.91,-1.83,-3.7416,22233.1,105677.46426,47.53159220261682
301335.SZ,20260603,22.4,22.4,21.7,22.05,22.38,-0.33,-1.4745,16617.2,36458.2874,21.940090628986834
301336.SZ,20260603,42.62,43.13,41.3,41.88,41.84,0.04,0.0956,27268.35,115218.7973,42.25367405801965
301337.SZ,20260603,25.48,25.57,24.51,24.83,25.49,-0.66,-2.5893,16518.37,41191.47429,24.936766938868665
301338.SZ,20260603,259.84,265.59,245.6,248.86,258.44,-9.58,-3.7069,67448.65,1709274.08455,253.41857613903318
301339.SZ,20260603,11.8,11.87,11.47,11.54,11.81,-0.27,-2.2862,42018.6,48917.96992,11.641979961255256
301345.SZ,20260603,208.4,208.6,201.0,202.57,207.47,-4.9,-2.3618,14127.73,289778.72308,205.11343512368938
301348.SZ,20260603,24.61,25.55,24.43,24.8,24.51,0.29,1.1832,137832.3,346071.27566,25.108140520037757
301349.SZ,20260603,60.94,64.52,60.1,61.05,62.33,-1.28,-2.0536,75394.67,468888.94828,62.19125944579372
301353.SZ,20260603,19.79,19.89,19.42,19.62,19.82,-0.2,-1.0091,19580.7,38538.92134,19.682095808627885
301355.SZ,20260603,10.97,11.02,10.68,10.79,10.94,-0.15,-1.3711,29971.0,32393.51102,10.808285015514997
301356.SZ,20260603,24.2,24.2,22.69,22.92,24.19,-1.27,-5.2501,26018.48,60487.28467,23.24781642509478
301357.SZ,20260603,91.3,93.4,90.68,92.3,90.36,1.94,2.147,16247.79,150012.72421,92.32807920954171
301358.SZ,20260603,83.01,83.85,81.6,82.72,83.98,-1.26,-1.5004,168141.92,1393861.41996,82.89791266568146
301359.SZ,20260603,20.49,20.79,19.85,20.05,20.59,-0.54,-2.6226,19215.42,38786.28582,20.184979469613467
301360.SZ,20260603,81.99,85.53,80.52,82.25,82.0,0.25,0.3049,76246.59,633989.87441,83.14993161136782
301361.SZ,20260603,37.4,37.98,36.0,36.22,37.51,-1.29,-3.4391,34562.56,127803.30981,36.97738530074162
301362.SZ,20260603,175.0,180.68,165.56,172.04,168.9,3.14,1.8591,62654.79,1084210.04315,173.0450366444449
301363.SZ,20260603,24.52,27.69,24.42,27.09,24.8,2.29,9.2339,227031.72,601032.38153,26.473498131891
301365.SZ,20260603,32.29,32.36,30.71,30.79,32.28,-1.49,-4.6159,35156.0,109619.89,31.180990442598706
301366.SZ,20260603,54.16,54.16,52.81,54.16,45.13,9.03,20.0089,96934.84,524760.12144,54.13534715072517
301367.SZ,20260603,45.34,45.74,44.54,44.73,45.45,-0.72,-1.5842,9143.62,41088.79936,44.9371248586446
301368.SZ,20260603,46.63,47.58,44.35,45.02,46.87,-1.85,-3.9471,36554.0,167026.755,45.69315396399847
301369.SZ,20260603,180.02,191.0,179.18,183.11,180.08,3.03,1.6826,21724.29,399040.87247,183.68419518888766
301370.SZ,20260603,9.4,9.45,9.08,9.19,9.4,-0.21,-2.234,39467.71,36320.03938,9.202469406003035
301371.SZ,20260603,28.7,28.99,27.89,28.16,28.71,-0.55,-1.9157,32396.4,91420.3168,28.219282636342307
301372.SZ,20260603,34.21,34.66,33.41,34.59,34.08,0.51,1.4965,12191.0,41498.469,34.04025018456238
301373.SZ,20260603,137.1,139.98,128.01,130.39,140.34,-9.95,-7.0899,98501.27,1312478.53269,133.24483356305964
301376.SZ,20260603,17.64,18.6,17.3,18.26,17.76,0.5,2.8153,50508.04,91178.788,18.052331470395604
301377.SZ,20260603,344.28,403.0,338.11,384.74,344.28,40.46,11.7521,80372.28,3001052.56293,373.3939814734632
301378.SZ,20260603,29.15,29.32,28.34,28.56,29.31,-0.75,-2.5589,18365.45,52943.06655,28.827535698825784
301379.SZ,20260603,34.24,35.84,33.18,35.0,33.72,1.28,3.796,265166.22,913950.39867,34.467074979233786
301380.SZ,20260603,33.5,33.6,31.09,31.36,32.61,-1.25,-3.8332,32777.71,105048.54881,32.04877607679121
301381.SZ,20260603,18.65,18.89,18.16,18.31,18.83,-0.52,-2.7616,42856.0,79361.326,18.518136550308007
301382.SZ,20260603,40.18,42.42,39.8,40.7,40.28,0.42,1.0427,110116.6,450240.14524,40.88758145819976
301383.SZ,20260603,29.66,30.75,28.7,29.34,29.93,-0.59,-1.9713,33773.87,100513.17689,29.76063355783628
301386.SZ,20260603,23.39,23.39,22.53,22.73,23.39,-0.66,-2.8217,18269.3,41876.92796,22.922021073604352
301387.SZ,20260603,92.56,99.79,90.45,93.97,91.64,2.33,2.5426,52169.4,496632.7426,95.19617680095993
301388.SZ,20260603,28.04,28.29,27.1,27.33,28.21,-0.88,-3.1195,18423.9,50792.9447,27.56905144947595
301389.SZ,20260603,80.44,88.71,80.42,84.12,82.0,2.12,2.5854,127672.83,1086796.41642,85.12354714938172
301390.SZ,20260603,33.0,33.5,31.95,32.2,32.96,-0.76,-2.3058,9363.11,30371.73273,32.43765450795729
301391.SZ,20260603,62.38,65.66,61.8,63.64,62.39,1.25,2.0035,16383.4,104707.7342,63.91086966075419
301392.SZ,20260603,162.62,172.0,160.0,163.81,164.67,-0.86,-0.5223,41204.6,686515.97675,166.61148919052727
301393.SZ,20260603,53.7,54.6,53.37,54.09,53.85,0.24,0.4457,10255.25,55374.0855,53.995841642085765
301395.SZ,20260603,12.84,12.86,12.16,12.27,12.7,-0.43,-3.3858,32498.35,40238.1449,12.381596265656565
301396.SZ,20260603,170.0,177.74,166.92,173.4,173.43,-0.03,-0.0173,142023.74,2456561.29351,172.96835680499615
301397.SZ,20260603,32.11,32.11,30.61,30.91,32.1,-1.19,-3.7072,38294.18,120104.37678,31.36361107092514
301398.SZ,20260603,39.0,39.88,37.71,38.1,39.18,-1.08,-2.7565,16071.93,62121.75526,38.65233065350583
301399.SZ,20260603,18.36,18.53,17.92,18.12,18.37,-0.25,-1.3609,19451.17,35492.14248,18.24679054267687
301408.SZ,20260603,17.28,17.38,16.68,17.08,17.33,-0.25,-1.4426,137232.64,232765.34728,16.961369196132928
301413.SZ,20260603,85.38,87.77,81.6,82.3,85.85,-3.55,-4.1351,69295.83,585509.70104,84.49421863335787
301418.SZ,20260603,38.31,45.88,37.9,45.88,38.32,7.56,19.7286,19652.0,77724.59,39.55047323427641
301419.SZ,20260603,45.89,50.98,43.58,50.36,44.88,5.48,12.2103,234868.36,1094062.48631,46.58194429892558
301421.SZ,20260603,90.9,96.34,90.37,92.11,90.37,1.74,1.9254,68294.15,637237.75918,93.30781028536121
301428.SZ,20260603,35.11,37.95,35.01,37.21,36.74,0.47,1.2793,165674.06,607878.45737,36.69122718245693
301429.SZ,20260603,19.93,19.93,19.16,19.51,19.93,-0.42,-2.1074,17184.62,33543.61224,19.51955425258167
301439.SZ,20260603,21.81,23.77,21.68,23.29,22.52,0.77,3.4192,520800.06,1195197.52647,22.949258617020895
301446.SZ,20260603,46.32,47.5,43.72,44.32,46.12,-1.8,-3.9029,18596.2,83889.6234,45.11116432389413
301448.SZ,20260603,34.33,34.33,32.93,33.27,33.51,-0.24,-0.7162,9113.4,30459.2581,33.42249665327979
301449.SZ,20260603,62.7,62.79,61.25,61.43,62.65,-1.22,-1.9473,5907.0,36485.7734,61.767011003893685
301456.SZ,20260603,28.51,28.51,27.51,27.78,28.53,-0.75,-2.6288,17019.0,47591.57339,27.963789523473764
301458.SZ,20260603,49.6,57.0,49.3,51.65,50.1,1.55,3.0938,283389.63,1494993.27777,52.753986720332705
301459.SZ,20260603,34.96,35.45,33.65,33.75,35.11,-1.36,-3.8735,10898.07,37388.0392,34.30702794164471
301468.SZ,20260603,43.92,45.6,42.6,43.31,44.53,-1.22,-2.7397,110125.37,486191.36326,44.14889713968726
301469.SZ,20260603,33.1,33.1,31.6,31.9,33.0,-1.1,-3.3333,11156.0,35797.813,32.088394585873075
301479.SZ,20260603,67.52,71.81,67.0,68.33,67.5,0.83,1.2296,41808.19,289860.66404,69.33107222293047
301486.SZ,20260603,256.0,261.85,225.97,231.98,243.56,-11.58,-4.7545,141567.45,3478200.5295,245.69210856732954
301487.SZ,20260603,24.85,25.34,23.97,24.3,24.93,-0.63,-2.5271,150289.59,370913.54478,24.679922593441106
301488.SZ,20260603,139.55,146.6,139.11,142.4,142.63,-0.23,-0.1613,18619.79,266941.11452,143.364191819564
301489.SZ,20260603,169.99,182.0,150.0,154.6,170.0,-15.4,-9.0588,131297.96,2168653.71548,165.1704044358343
301491.SZ,20260603,44.11,44.11,42.81,42.95,43.93,-0.98,-2.2308,6869.26,29721.82377,43.26786840212773
301498.SZ,20260603,43.65,43.65,42.45,42.8,43.73,-0.93,-2.1267,34729.79,148623.7194,42.794304083036494
301499.SZ,20260603,33.23,33.58,32.56,32.84,33.3,-0.46,-1.3814,17822.55,59035.45339,33.12402175334058
301500.SZ,20260603,26.92,27.98,26.41,26.71,26.96,-0.25,-0.9273,204615.68,554616.59807,27.105283332636088
301501.SZ,20260603,30.24,30.24,29.26,29.49,30.36,-0.87,-2.8656,13265.44,39241.292,29.58159849955976
301502.SZ,20260603,80.06,85.38,78.99,82.69,81.0,1.69,2.0864,12729.35,104768.7188,82.30484573053613
301503.SZ,20260603,32.44,32.9,31.55,31.93,32.67,-0.74,-2.2651,16661.0,53680.607,32.21931876838126
301505.SZ,20260603,19.39,19.53,19.0,19.25,19.4,-0.15,-0.7732,25342.98,48803.91426,19.25736999358402
301507.SZ,20260603,12.81,12.83,12.58,12.69,12.8,-0.11,-0.8594,24886.0,31584.269,12.691581210319054
301508.SZ,20260603,25.9,25.97,25.34,25.47,25.92,-0.45,-1.7361,14441.41,37031.28588,25.64243095376421
301509.SZ,20260603,28.08,28.39,27.68,28.12,28.12,0.0,0.0,14973.2,41975.1232,28.03350199022253
301510.SZ,20260603,32.51,35.26,32.42,33.91,32.62,1.29,3.9546,175995.18,599062.26016,34.038560610580355
301511.SZ,20260603,120.95,129.29,117.2,124.53,127.02,-2.49,-1.9603,471448.11,5806848.154,123.17046204724419
301512.SZ,20260603,53.36,57.65,53.36,54.66,53.36,1.3,2.4363,23287.92,128999.23616,55.3931979154858
301513.SZ,20260603,67.5,68.24,66.56,67.42,67.55,-0.13,-0.1925,15238.45,103010.06489,67.59878129993535
301515.SZ,20260603,20.85,20.98,20.25,20.5,20.85,-0.35,-1.6787,13982.0,28711.512,20.534624517236445
301516.SZ,20260603,17.37,17.54,16.91,17.27,17.24,0.03,0.174,62089.0,106732.485,17.190240622332457
301517.SZ,20260603,53.53,56.23,53.08,55.36,53.88,1.48,2.7468,47665.2,263280.86868,55.235448226379006
301518.SZ,20260603,31.19,31.69,30.39,30.66,30.95,-0.29,-0.937,14630.91,45303.41728,30.96418287037512
301519.SZ,20260603,13.42,13.5,12.7,12.93,13.42,-0.49,-3.6513,41084.0,53329.44498,12.98058732840035
301520.SZ,20260603,36.88,36.99,36.01,36.38,37.02,-0.64,-1.7288,5173.0,18812.83342,36.36735631161801
301522.SZ,20260603,26.67,27.05,26.37,26.51,26.68,-0.17,-0.6372,42236.12,112972.56169,26.74785507996473
301525.SZ,20260603,70.0,71.98,68.92,69.55,69.7,-0.15,-0.2152,13446.62,95105.41173,70.7281173484489
301526.SZ,20260603,22.93,23.11,21.6,22.01,23.18,-1.17,-5.0475,2090547.54,4690173.8357,22.435145558565004
301528.SZ,20260603,67.87,74.58,67.69,70.49,68.68,1.81,2.6354,27086.49,194007.66274,71.62525035174362
301529.SZ,20260603,109.08,115.0,107.15,112.55,108.09,4.46,4.1262,25919.72,290396.61326,112.0369406999767
301531.SZ,20260603,75.56,78.3,75.55,76.93,75.3,1.63,2.1647,70632.85,542607.67541,76.82086669446298
301533.SZ,20260603,28.13,28.38,27.37,27.76,27.92,-0.16,-0.5731,9298.81,25828.8464,27.776507316527596
301535.SZ,20260603,16.35,16.53,16.07,16.2,16.34,-0.14,-0.8568,18017.83,29386.18827,16.30950467953133
301536.SZ,20260603,79.2,82.09,78.55,79.68,79.33,0.35,0.4412,60178.14,485490.11132,80.67549301457306
301538.SZ,20260603,89.91,91.2,87.0,87.82,89.91,-2.09,-2.3245,13408.92,119265.6062,88.9449755834176
301539.SZ,20260603,15.86,16.17,15.45,15.78,15.85,-0.07,-0.4416,31461.39,49784.59073,15.824027714605108
301548.SZ,20260603,75.33,76.5,73.43,74.41,75.34,-0.93,-1.2344,10786.31,81007.11821,75.10178940712811
301550.SZ,20260603,108.0,115.86,107.9,110.74,108.36,2.38,2.1964,76175.28,860040.89508,112.9028859598547
301551.SZ,20260603,24.4,24.4,23.56,23.74,24.42,-0.68,-2.7846,51435.31,122607.72931,23.837268465962392
301552.SZ,20260603,26.18,26.55,25.65,25.97,26.1,-0.13,-0.4981,13591.26,35455.67276,26.08711242371936
301555.SZ,20260603,40.0,40.78,38.3,39.06,39.86,-0.8,-2.007,29897.02,118382.90134,39.59689003786999
301556.SZ,20260603,73.51,73.59,69.97,70.24,71.36,-1.12,-1.5695,13707.43,98358.89143,71.75589547420633
301557.SZ,20260603,86.35,87.48,83.21,84.41,86.3,-1.89,-2.19,18064.28,153497.48801,84.97293443746443
301558.SZ,20260603,7.01,7.03,6.84,6.88,7.01,-0.13,-1.8545,55479.0,38396.13363,6.920840972259773
301559.SZ,20260603,14.28,14.39,14.05,14.14,14.28,-0.14,-0.9804,19556.64,27761.66768,14.195520130247324
301560.SZ,20260603,32.3,33.18,31.51,32.18,32.11,0.07,0.218,22875.0,73686.482,32.21266972677596
301563.SZ,20260603,211.56,218.96,201.68,206.0,211.7,-5.7,-2.6925,81715.11,1712050.15399,209.51451377719494
301565.SZ,20260603,26.0,26.65,25.26,25.63,26.55,-0.92,-3.4652,194480.77,504182.81641,25.92455883478866
301566.SZ,20260603,40.5,40.6,37.54,38.51,37.3,1.21,3.244,580843.39,2279252.41029,39.240395079472286
301567.SZ,20260603,44.3,44.33,42.25,42.77,44.33,-1.56,-3.5191,12510.0,54242.592,43.35938609112709
301568.SZ,20260603,77.77,82.59,77.0,78.49,76.4,2.09,2.7356,68093.22,543924.80257,79.87943624490075
301571.SZ,20260603,59.0,61.44,58.55,59.15,59.23,-0.08,-0.1351,28262.67,169481.59074,59.96658869809541
301575.SZ,20260603,41.78,42.72,41.21,42.35,41.78,0.57,1.3643,5254.63,21994.29141,41.8569745348388
301577.SZ,20260603,84.99,100.85,84.0,98.46,86.39,12.07,13.9715,55477.49,522823.66428,94.24068469572074
301578.SZ,20260603,32.35,32.35,31.06,31.32,32.11,-0.79,-2.4603,15037.58,47367.03052,31.49910458996727
301580.SZ,20260603,55.79,57.72,55.68,56.3,55.77,0.53,0.9503,25045.92,141891.95023,56.6527203752148
301581.SZ,20260603,48.38,53.5,48.05,51.13,48.7,2.43,4.9897,25426.49,130095.12675,51.165192973941735
301584.SZ,20260603,23.09,23.17,22.73,22.97,23.07,-0.1,-0.4335,15174.27,34738.67575,22.89314461255797
301585.SZ,20260603,26.57,26.83,26.03,26.33,26.57,-0.24,-0.9033,8416.78,22097.0383,26.25355337789511
301586.SZ,20260603,37.45,37.78,36.81,37.07,37.3,-0.23,-0.6166,8313.0,31028.897,37.32575123300854
301587.SZ,20260603,25.7,26.92,25.23,25.87,25.71,0.16,0.6223,56030.9,146390.93413,26.12682183045427
301588.SZ,20260603,35.73,37.73,35.22,36.77,35.57,1.2,3.3736,62790.77,228951.8458,36.462659368566435
301589.SZ,20260603,151.8,155.33,150.28,151.37,151.8,-0.43,-0.2833,8543.95,130440.4956,152.67001281608623
301590.SZ,20260603,175.0,178.88,170.88,172.76,176.33,-3.57,-2.0246,5953.79,104190.34535,174.99835457750441
301591.SZ,20260603,50.18,53.98,48.72,53.02,50.82,2.2,4.329,151926.69,795125.54577,52.336133023762976
301592.SZ,20260603,104.24,108.85,104.24,107.44,104.24,3.2,3.0698,10081.04,107550.50932,106.68592657106805
301595.SZ,20260603,45.87,46.15,43.8,44.44,45.1,-0.66,-1.4634,16375.9,72903.3595,44.51868874382477
301596.SZ,20260603,71.81,76.43,71.56,73.61,72.3,1.31,1.8119,21430.55,159478.92876,74.41662895259338
301598.SZ,20260603,56.28,56.54,54.8,55.41,56.28,-0.87,-1.5458,6567.0,36532.784,55.63085731688747
301599.SZ,20260603,52.91,54.6,52.31,53.28,52.85,0.43,0.8136,82998.71,444106.02719,53.50758188771849
301600.SZ,20260603,99.61,102.85,98.95,100.74,99.84,0.9,0.9014,10312.08,104465.00299,101.30352265498328
301601.SZ,20260603,18.86,18.86,18.24,18.36,18.86,-0.5,-2.6511,14320.17,26466.47484,18.481955758905094
301602.SZ,20260603,16.22,16.33,15.76,15.8,16.25,-0.45,-2.7692,20963.75,33425.12942,15.944251109653568
301603.SZ,20260603,130.79,134.77,126.62,128.32,131.5,-3.18,-2.4183,23484.98,305611.81511,130.1307538307463
301606.SZ,20260603,69.9,71.27,67.51,68.5,69.78,-1.28,-1.8343,34542.17,238784.653,69.12844589671118
301607.SZ,20260603,54.97,61.66,54.97,59.48,55.26,4.22,7.6366,136006.91,808501.78904,59.445640595760906
301608.SZ,20260603,54.31,56.09,53.6,54.26,54.22,0.04,0.0738,19643.87,107855.70784,54.905529226165726
301609.SZ,20260603,48.86,52.0,47.48,50.62,49.4,1.22,2.4696,49948.32,246412.09549,49.33341011069041
301611.SZ,20260603,89.88,102.59,89.0,97.8,89.27,8.53,9.5553,185453.87,1785915.14135,96.29969659570868
301613.SZ,20260603,43.7,43.78,42.8,43.08,43.87,-0.79,-1.8008,10777.14,46594.86422,43.234906682106754
301616.SZ,20260603,38.73,39.29,38.2,38.59,39.1,-0.51,-1.3043,5934.49,22968.52956,38.70345987608034
301617.SZ,20260603,52.37,52.97,50.4,51.0,53.0,-2.0,-3.7736,44771.53,230672.44191,51.522126206095706
301618.SZ,20260603,40.07,40.99,39.76,40.4,40.63,-0.23,-0.5661,21375.02,86072.26448,40.267688395145356
301622.SZ,20260603,55.55,56.33,54.2,54.63,55.5,-0.87,-1.5676,14379.0,79451.06579,55.25493135127617
301626.SZ,20260603,321.05,335.65,313.0,323.01,317.68,5.33,1.6778,23860.67,770304.22025,322.83427927631544
301628.SZ,20260603,124.0,128.1,122.56,125.8,124.12,1.68,1.3535,44755.09,562668.26544,125.72162528105743
301629.SZ,20260603,355.12,380.0,352.01,363.35,354.0,9.35,2.6412,15364.98,564125.50328,367.15017089511343
301630.SZ,20260603,257.21,265.88,241.5,245.0,256.52,-11.52,-4.4909,17607.72,445998.66825,253.29722885756925
301631.SZ,20260603,82.34,83.5,80.3,80.88,82.34,-1.46,-1.7731,22978.38,187829.10156,81.74166392931096
301632.SZ,20260603,16.98,17.29,16.73,17.09,17.07,0.02,0.1172,26484.47,45021.48751,16.99920274409871
301633.SZ,20260603,52.65,53.46,51.16,51.91,52.65,-0.74,-1.4055,3487.0,18133.025,52.00179237166619
301636.SZ,20260603,50.83,50.84,49.5,49.94,50.84,-0.9,-1.7703,12213.81,61247.4944,50.14610052064016
301638.SZ,20260603,26.8,27.18,26.38,26.69,27.05,-0.36,-1.3309,209633.94,560822.58156,26.752470595171754
301656.SZ,20260603,17.98,18.03,17.64,17.77,17.96,-0.19,-1.0579,54428.31,96980.77652,17.818076019630226
301658.SZ,20260603,34.4,34.61,33.23,33.6,34.67,-1.07,-3.0862,67654.09,227952.08304,33.69376234903167
301662.SZ,20260603,96.16,98.68,93.5,95.22,96.16,-0.94,-0.9775,26825.64,259381.81899,96.6917542284173
301665.SZ,20260603,23.16,23.16,22.38,22.53,23.19,-0.66,-2.8461,28330.34,64294.27207,22.69449363120951
301666.SZ,20260603,746.0,798.8,743.05,766.8,757.0,9.8,1.2946,57652.9,4444428.77257,770.8942260614817
301667.SZ,20260603,86.97,91.22,85.99,88.88,87.13,1.75,2.0085,29015.69,258375.82761,89.04693550627265
301668.SZ,20260603,38.72,38.72,37.25,37.73,38.8,-1.07,-2.7577,11266.55,42726.65241,37.92345696774967
301678.SZ,20260603,50.25,56.65,50.25,53.8,50.2,3.6,7.1713,50940.56,277106.16645,54.397942710091925
301680.SZ,20260603,127.64,134.86,125.0,129.89,128.16,1.73,1.3499,43750.35,569592.87456,130.19161550936164
301682.SZ,20260603,181.02,184.6,170.0,173.88,181.6,-7.72,-4.2511,72647.27,1291121.16399,177.7246638435278
301683.SZ,20260603,143.33,144.33,138.4,140.15,144.9,-4.75,-3.2781,24159.59,342863.49381,141.91610611355574
301687.SZ,20260603,58.29,58.88,54.37,55.25,58.61,-3.36,-5.7328,38913.04,218757.23353,56.2169477198389
301696.SZ,20260603,121.01,127.88,120.84,124.1,122.61,1.49,1.2152,48620.36,609000.82776,125.25633865318973
302132.SZ,20260603,60.5,61.34,60.0,60.8,60.88,-0.08,-0.1314,63366.58,383606.88808,60.53772952240755
600000.SH,20260603,9.28,9.31,9.17,9.25,9.31,-0.06,-0.6445,710073.26,656412.514,9.24429282127875
600004.SH,20260603,8.23,8.23,8.11,8.12,8.23,-0.11,-1.3366,83682.73,68065.561,8.133764397982715
600006.SH,20260603,6.16,6.21,6.1,6.1,6.18,-0.08,-1.2945,114535.7,70394.421,6.146068081829509
600007.SH,20260603,21.79,22.2,20.96,21.14,21.79,-0.65,-2.983,37614.0,79981.87,21.263856542776622
600008.SH,20260603,3.25,3.27,3.21,3.25,3.24,0.01,0.3086,1300053.4,420910.624,3.2376410384373444
600009.SH,20260603,24.28,24.28,23.68,23.79,24.35,-0.56,-2.2998,195960.84,467628.899,23.863385102860345
600010.SH,20260603,2.36,2.46,2.35,2.41,2.37,0.04,1.6878,6727705.58,1622788.097,2.412097375105407
600011.SH,20260603,8.83,9.56,8.58,9.13,9.09,0.04,0.44,5636257.63,5000321.309,8.871704661591206
600012.SH,20260603,17.51,17.51,16.15,16.21,17.6,-1.39,-7.8977,103410.18,171045.694,16.540508294251108
600015.SH,20260603,6.9,6.92,6.77,6.85,6.92,-0.07,-1.0116,754500.11,516247.892,6.842250718823619
600016.SH,20260603,3.59,3.6,3.53,3.54,3.59,-0.05,-1.3928,2593555.14,921115.281,3.5515546471088326
600017.SH,20260603,2.81,2.82,2.75,2.79,2.82,-0.03,-1.0638,374426.0,104139.364,2.781306960520904
600018.SH,20260603,5.13,5.14,5.03,5.07,5.14,-0.07,-1.3619,636565.22,322635.45,5.068380110367952
600019.SH,20260603,5.93,5.94,5.81,5.83,5.94,-0.11,-1.8519,1377375.85,805804.212,5.850285613763302
600020.SH,20260603,4.01,4.02,3.93,3.97,4.01,-0.04,-0.9975,215727.44,85634.994,3.9695920926888117
600021.SH,20260603,19.39,20.89,19.16,20.86,19.9,0.96,4.8241,1724031.01,3463062.007,20.08700532016533
600022.SH,20260603,1.35,1.35,1.33,1.33,1.35,-0.02,-1.4815,743196.92,99429.539,1.337862635383365
600023.SH,20260603,6.32,6.44,6.22,6.42,6.39,0.03,0.4695,1158450.1,731073.781,6.310792161008919
600025.SH,20260603,10.11,10.18,9.97,10.13,10.18,-0.05,-0.4912,472434.85,475307.891,10.06081348571131
600026.SH,20260603,18.44,18.5,17.75,17.94,18.55,-0.61,-3.2884,681441.25,1223307.485,17.951767448771264
600027.SH,20260603,5.5,5.7,5.4,5.59,5.6,-0.01,-0.1786,3029241.16,1670309.49,5.513953501146802
600028.SH,20260603,4.83,4.88,4.77,4.86,4.82,0.04,0.8299,3466480.76,1672038.973,4.823448011867805
600029.SH,20260603,5.28,5.3,5.19,5.2,5.35,-0.15,-2.8037,1664509.19,870400.59,5.229172630762104
600030.SH,20260603,25.5,25.9,25.34,25.6,25.58,0.02,0.0782,1832380.77,4695437.239,25.624789977467405
600031.SH,20260603,18.11,18.33,17.8,17.96,18.14,-0.18,-0.9923,780235.16,1410122.175,18.073040633031713
600032.SH,20260603,10.75,11.43,10.6,11.43,10.92,0.51,4.6703,1161269.48,1290708.844,11.114636750808263
600033.SH,20260603,3.61,3.61,3.53,3.57,3.62,-0.05,-1.3812,289641.0,103350.437,3.568225389361313
600035.SH,20260603,3.91,3.91,3.83,3.86,3.91,-0.05,-1.2788,118479.62,45792.158,3.864981842446828
600036.SH,20260603,38.81,38.81,38.25,38.5,38.8,-0.3,-0.7732,881274.54,3392945.722,38.50043962463729
600037.SH,20260603,7.16,7.18,7.01,7.05,7.17,-0.12,-1.6736,157315.7,111437.655,7.083695715049419
600038.SH,20260603,27.58,27.7,26.95,27.08,27.74,-0.66,-2.3792,91760.23,249927.041,27.236967583886834
600039.SH,20260603,8.46,8.47,8.12,8.17,8.48,-0.31,-3.6557,258650.62,212845.981,8.229092240335632
600048.SH,20260603,5.58,5.58,5.43,5.5,5.6,-0.1,-1.7857,1616412.16,887590.517,5.491115069314994
600050.SH,20260603,4.42,4.43,4.36,4.37,4.42,-0.05,-1.1312,1528916.08,670337.799,4.384398906969439
600051.SH,20260603,6.73,6.75,6.57,6.61,6.73,-0.12,-1.7831,68950.1,45712.591,6.629807788531126
600052.SH,20260603,4.12,4.2,4.06,4.11,4.22,-0.11,-2.6066,220310.01,90637.857,4.114105255589612
600053.SH,20260603,9.62,9.67,9.22,9.28,9.7,-0.42,-4.3299,58953.0,55286.892,9.378130375044528
600054.SH,20260603,11.15,11.16,10.91,11.02,11.16,-0.14,-1.2545,62650.64,68921.921,11.000992328250758
600055.SH,20260603,12.87,13.13,12.64,12.66,12.84,-0.18,-1.4019,64396.37,82530.022,12.815943196798203
600056.SH,20260603,9.83,9.85,9.63,9.67,9.87,-0.2,-2.0263,133176.4,129109.487,9.694622095206057
600057.SH,20260603,6.3,6.3,6.1,6.12,6.28,-0.16,-2.5478,219301.81,134867.549,6.149860277031002
600058.SH,20260603,10.01,10.26,9.9,10.0,10.02,-0.02,-0.1996,77033.0,77314.189,10.036502408058883
600059.SH,20260603,8.29,8.29,8.09,8.15,8.23,-0.08,-0.9721,73989.0,60279.758,8.147124302261147
600060.SH,20260603,25.99,26.01,24.93,25.06,26.01,-0.95,-3.6524,135316.97,342581.871,25.316992465911703
600061.SH,20260603,6.43,6.46,6.38,6.41,6.46,-0.05,-0.774,277678.2,178065.07,6.412641323661706
600062.SH,20260603,16.95,16.95,16.65,16.8,16.96,-0.16,-0.9434,41617.44,69688.476,16.745017473443824
600063.SH,20260603,7.3,7.55,7.07,7.13,7.37,-0.24,-3.2564,1662828.32,1214741.929,7.305275682338631
600064.SH,20260603,7.6,7.63,7.45,7.49,7.61,-0.12,-1.5769,156921.66,117868.932,7.5113232934191485
600066.SH,20260603,33.36,34.5,32.36,32.83,33.35,-0.52,-1.5592,278768.24,931141.68,33.402000170464184
600067.SH,20260603,3.09,3.1,3.02,3.05,3.08,-0.03,-0.974,190095.67,57931.793,3.047507236750842
600071.SH,20260603,17.9,18.48,17.68,17.94,17.83,0.11,0.6169,49205.64,88517.882,17.989377233991874
600072.SH,20260603,10.65,10.77,10.54,10.6,10.73,-0.13,-1.2116,232275.89,247329.333,10.64808461179505
600073.SH,20260603,5.34,5.35,5.21,5.24,5.33,-0.09,-1.6886,54354.6,28530.755,5.24900468405618
600075.SH,20260603,5.05,5.05,4.95,4.99,5.02,-0.03,-0.5976,128792.76,64178.44,4.983078241354561
600076.SH,20260603,3.63,3.72,3.6,3.66,3.65,0.01,0.274,328393.0,120103.634,3.6573140718590222
600078.SH,20260603,12.01,13.08,11.9,13.08,11.89,1.19,10.0084,313091.22,394019.678,12.584820423900743
600079.SH,20260603,17.6,17.62,17.41,17.41,17.63,-0.22,-1.2479,74560.0,130366.309,17.48475174356223
600080.SH,20260603,5.79,5.8,5.55,5.6,5.78,-0.18,-3.1142,62367.0,35141.607,5.634647650199626
600081.SH,20260603,10.85,10.91,10.64,10.73,10.89,-0.16,-1.4692,30778.66,33101.067,10.754551042832926
600082.SH,20260603,3.37,3.47,3.32,3.4,3.39,0.01,0.295,116019.5,39343.743,3.3911319217890097
600084.SH,20260603,5.1,5.1,4.9,4.92,5.11,-0.19,-3.7182,52666.0,26244.345,4.983166559070368
600085.SH,20260603,25.59,25.6,25.08,25.23,25.66,-0.43,-1.6758,83389.51,210453.739,25.237435619899916
600088.SH,20260603,14.1,14.17,13.8,13.94,14.26,-0.32,-2.244,102452.29,142982.891,13.956046370461802
600089.SH,20260603,25.98,26.44,25.6,26.23,26.12,0.11,0.4211,1402721.65,3640668.202,25.9543167527214
600094.SH,20260603,4.14,4.17,4.08,4.1,4.16,-0.06,-1.4423,171302.0,70792.117,4.132591388308367
600095.SH,20260603,8.25,8.35,8.14,8.16,8.29,-0.13,-1.5682,190266.33,156590.059,8.230045694369572
600096.SH,20260603,30.83,31.45,30.51,31.02,31.07,-0.05,-0.1609,284717.61,883182.29,31.019587794376335
600097.SH,20260603,9.04,9.1,8.83,8.91,9.05,-0.14,-1.547,32117.06,28636.399,8.916257901563842
600098.SH,20260603,7.93,8.1,7.8,8.06,8.02,0.04,0.4988,615340.86,488877.652,7.944826742043426
600099.SH,20260603,9.66,9.72,9.42,9.51,9.65,-0.14,-1.4508,36337.0,34730.385,9.55785700525635
600100.SH,20260603,7.83,7.99,7.79,7.82,7.87,-0.05,-0.6353,285256.56,225026.084,7.888550713785513
600101.SH,20260603,10.08,11.21,10.01,10.74,10.19,0.55,5.3974,850426.27,901661.073,10.602460257959812
600103.SH,20260603,3.7,4.07,3.69,4.07,3.7,0.37,10.0,2810354.27,1114124.257,3.9643552020934356
600104.SH,20260603,12.26,12.27,12.07,12.08,12.28,-0.2,-1.6287,351957.39,426522.066,12.11857111453179
600105.SH,20260603,51.0,54.58,50.77,51.92,49.62,2.3,4.6352,2287954.59,12121765.324,52.980795060272584
600106.SH,20260603,5.34,5.35,5.24,5.28,5.34,-0.06,-1.1236,105908.23,56045.147,5.2918594711666875
600107.SH,20260603,6.7,6.75,6.51,6.64,6.67,-0.03,-0.4498,40583.21,26968.885,6.645330667534677
600108.SH,20260603,3.44,3.49,3.4,3.44,3.43,0.01,0.2915,520164.43,178883.654,3.4389828231815085
600109.SH,20260603,8.69,8.69,8.31,8.31,8.74,-0.43,-4.9199,619708.28,525534.994,8.48036101760654
600110.SH,20260603,11.52,12.73,11.52,12.04,11.84,0.2,1.6892,2227040.45,2708973.514,12.1640067830829
600111.SH,20260603,48.15,50.5,47.88,49.82,48.57,1.25,2.5736,1216802.84,6060803.742,49.80925046164422
600113.SH,20260603,36.8,37.11,35.71,35.92,36.8,-0.88,-2.3913,56430.92,204345.856,36.211682531491604
600114.SH,20260603,38.79,40.99,38.58,39.22,38.79,0.43,1.1085,472931.45,1881491.493,39.78359851094699
600115.SH,20260603,4.1,4.14,4.0,4.01,4.17,-0.16,-3.8369,2870701.12,1164743.427,4.057348286400501
600116.SH,20260603,6.91,7.04,6.85,7.01,6.99,0.02,0.2861,482987.3,335396.115,6.944201534905783
600117.SH,20260603,2.4,2.41,2.34,2.36,2.41,-0.05,-2.0747,160214.0,37834.587,2.3615031770007615
600118.SH,20260603,76.4,84.0,76.0,81.58,76.4,5.18,6.7801,616043.42,4925690.573,79.95687338077565
600119.SH,20260603,5.87,5.87,5.59,5.67,5.87,-0.2,-3.4072,34941.0,19911.562,5.698623966114308
600120.SH,20260603,4.88,4.88,4.8,4.83,4.89,-0.06,-1.227,256803.97,124291.71,4.839945036675251
600121.SH,20260603,5.1,5.69,4.93,5.69,5.17,0.52,10.058,2919635.96,1541583.722,5.280054579133216
600123.SH,20260603,7.18,7.44,7.11,7.37,7.21,0.16,2.2191,635863.1,463654.405,7.291733157656106
600125.SH,20260603,5.75,5.77,5.65,5.66,5.76,-0.1,-1.7361,140207.14,79770.606,5.68948243292032
600126.SH,20260603,7.71,7.85,7.65,7.71,7.75,-0.04,-0.5161,414764.6,321101.947,7.74178767908351
600127.SH,20260603,6.23,6.25,6.03,6.13,6.2,-0.07,-1.129,154673.48,94754.166,6.126077075397799
600128.SH,20260603,9.11,9.12,8.98,9.04,9.12,-0.08,-0.8772,30555.58,27611.117,9.036358334549695
600129.SH,20260603,14.55,14.59,14.18,14.3,14.59,-0.29,-1.9877,69310.2,99085.682,14.295974041338793
600130.SH,20260603,4.93,5.12,4.91,5.09,4.96,0.13,2.621,390763.87,197784.511,5.061484087564185
600131.SH,20260603,17.02,17.19,16.84,17.07,17.12,-0.05,-0.2921,99763.18,169915.428,17.031877692751976
600132.SH,20260603,52.72,52.72,50.7,51.9,52.9,-1.0,-1.8904,62120.06,318891.051,51.33463345012867
600133.SH,20260603,8.67,8.72,8.52,8.6,8.66,-0.06,-0.6928,155103.51,133461.442,8.604669359191163
600135.SH,20260603,9.2,9.3,8.96,9.14,9.08,0.06,0.6608,105645.0,95998.568,9.086901225803398
600136.SH,20260603,1.63,1.64,1.59,1.61,1.63,-0.02,-1.227,132948.0,21445.598,1.6130816559857992
600137.SH,20260603,20.53,20.53,19.67,19.83,20.53,-0.7,-3.4096,17373.62,34737.978,19.99466892910056
600138.SH,20260603,7.93,7.93,7.75,7.81,7.9,-0.09,-1.1392,64927.93,50634.718,7.798603466951742
600141.SH,20260603,31.0,32.15,30.65,31.6,31.23,0.37,1.1848,227696.61,720272.763,31.633003363554693
600143.SH,20260603,16.73,16.98,16.44,16.47,16.74,-0.27,-1.6129,594702.22,991576.499,16.673495837967444
600148.SH,20260603,16.99,17.19,16.57,16.67,17.0,-0.33,-1.9412,17419.62,29256.636,16.795220561642562
600149.SH,20260603,5.64,5.64,5.39,5.53,5.65,-0.12,-2.1239,221030.0,121775.405,5.509451431932318
600150.SH,20260603,36.51,37.0,36.02,36.33,36.45,-0.12,-0.3292,618826.96,2257973.85,36.48796830054076
600151.SH,20260603,12.7,13.06,12.45,12.55,12.8,-0.25,-1.9531,567357.26,717380.749,12.644250802395653
600152.SH,20260603,11.98,12.98,11.98,12.37,12.23,0.14,1.1447,578436.0,725138.451,12.53619157521316
600153.SH,20260603,9.77,9.81,9.54,9.62,9.77,-0.15,-1.5353,198935.52,192162.601,9.65954199632122
600155.SH,20260603,5.71,5.71,5.56,5.58,5.69,-0.11,-1.9332,221358.02,124360.696,5.618079525648088
600156.SH,20260603,10.34,10.38,9.82,9.92,10.38,-0.46,-4.4316,321589.03,324022.872,10.075681748223811
600157.SH,20260603,1.83,1.87,1.81,1.85,1.84,0.01,0.5435,10713505.96,1970539.92,1.8393044511826637
600158.SH,20260603,9.83,10.25,9.37,9.88,10.4,-0.52,-5.0,1261569.78,1238898.147,9.820290297378557
600159.SH,20260603,2.81,2.84,2.7,2.74,2.81,-0.07,-2.4911,265459.0,72915.204,2.7467595372543405
600160.SH,20260603,38.16,40.0,37.81,38.79,38.23,0.56,1.4648,1090960.9,4252871.897,38.98280769732444
600161.SH,20260603,13.21,13.23,13.03,13.13,13.25,-0.12,-0.9057,85182.03,111702.257,13.113359355253685
600162.SH,20260603,3.18,3.43,2.95,3.35,3.21,0.14,4.3614,4786829.11,1531465.245,3.199331352357386
600163.SH,20260603,6.83,7.28,6.75,7.27,6.91,0.36,5.2098,1144436.04,813471.807,7.108058279954204
600165.SH,20260603,2.99,2.99,2.93,2.95,2.99,-0.04,-1.3378,44991.0,13299.475,2.9560300949078706
600166.SH,20260603,2.99,3.15,2.98,3.09,3.0,0.09,3.0,2010905.76,618912.6,3.0777802337191575
600167.SH,20260603,6.91,6.92,6.71,6.82,6.92,-0.1,-1.4451,145214.0,99062.032,6.821796245541064
600168.SH,20260603,4.79,4.79,4.65,4.71,4.8,-0.09,-1.875,120710.59,56772.677,4.703205990460323
600169.SH,20260603,2.27,2.27,2.25,2.25,2.27,-0.02,-0.8811,88842.05,20050.341,2.256852582757827
600170.SH,20260603,2.57,2.58,2.52,2.53,2.58,-0.05,-1.938,1260031.76,319452.793,2.5352757219389455
600171.SH,20260603,26.9,28.25,26.85,27.26,26.89,0.37,1.376,188456.6,519658.093,27.574417292893962
600172.SH,20260603,13.5,15.29,13.5,15.04,13.9,1.14,8.2014,3342104.06,4894197.083,14.64405953595592
600173.SH,20260603,7.07,7.13,6.87,7.09,7.0,0.09,1.2857,157213.0,110500.213,7.028694382780051
600176.SH,20260603,38.8,40.15,37.2,37.91,38.9,-0.99,-2.545,1858186.59,7207661.252,38.78868403630015
600177.SH,20260603,7.59,7.59,7.38,7.45,7.58,-0.13,-1.715,253993.88,189201.924,7.4490741272978696
600178.SH,20260603,9.0,9.0,8.85,8.93,9.01,-0.08,-0.8879,31350.0,27942.913,8.913209888357258
600179.SH,20260603,4.37,4.52,4.33,4.45,4.39,0.06,1.3667,487061.46,217122.867,4.457812510971408
600180.SH,20260603,1.55,1.55,1.45,1.55,1.48,0.07,4.7297,794475.07,121609.77,1.5306933419572246
600182.SH,20260603,13.98,14.06,13.85,13.9,14.04,-0.14,-0.9972,13603.0,18992.432,13.961943688892157
600183.SH,20260603,137.8,147.49,135.02,141.09,141.07,0.02,0.0142,1097300.24,15462433.779,140.91342747724178
600184.SH,20260603,27.05,27.85,26.2,26.66,26.67,-0.01,-0.0375,457421.47,1241157.535,27.133783969519403
600185.SH,20260603,5.36,5.36,5.24,5.27,5.36,-0.09,-1.6791,193081.0,101897.089,5.277427038393213
600186.SH,20260603,9.46,10.04,9.4,9.55,9.64,-0.09,-0.9336,1819509.31,1761575.653,9.681597358795598
600187.SH,20260603,1.54,1.54,1.52,1.54,1.47,0.07,4.7619,452206.0,69630.511,1.5397962654188577
600188.SH,20260603,23.3,26.25,23.06,25.97,23.86,2.11,8.8433,1055345.69,2579933.148,24.446332348218526
600189.SH,20260603,7.88,7.98,7.81,7.92,7.88,0.04,0.5076,88637.8,70132.287,7.912232365875507
600191.SH,20260603,10.5,10.5,10.11,10.24,10.51,-0.27,-2.569,67351.37,68843.929,10.221607815846953
600192.SH,20260603,7.47,7.5,7.25,7.33,7.47,-0.14,-1.8742,61135.0,44938.773,7.350743927373845
600195.SH,20260603,6.83,6.84,6.71,6.76,6.84,-0.08,-1.1696,35093.52,23666.05,6.7437093799653045
600196.SH,20260603,22.64,22.77,22.12,22.18,22.72,-0.54,-2.3768,246386.3,548584.201,22.265207156404397
600197.SH,20260603,12.3,12.32,11.78,11.87,12.36,-0.49,-3.9644,124692.17,148686.351,11.924273272331373
600198.SH,20260603,8.17,8.86,8.14,8.86,8.05,0.81,10.0621,319776.43,276982.199,8.661745301240622
600199.SH,20260603,8.12,8.15,7.85,7.97,8.18,-0.21,-2.5672,229809.81,182376.728,7.9359853263009095
600201.SH,20260603,11.48,11.75,11.3,11.53,11.48,0.05,0.4355,205851.3,237679.637,11.546181005415075
600202.SH,20260603,5.46,5.46,5.31,5.35,5.43,-0.08,-1.4733,117797.99,63137.433,5.359805629960239
600203.SH,20260603,12.98,13.1,12.36,12.52,12.98,-0.46,-3.5439,395517.6,503266.267,12.724244559534139
600206.SH,20260603,27.8,30.39,27.8,29.16,27.87,1.29,4.6286,784189.85,2309877.902,29.455595504073404
600207.SH,20260603,7.01,7.12,6.49,6.59,7.08,-0.49,-6.9209,600601.18,405255.439,6.747496550040077
600208.SH,20260603,2.97,2.98,2.91,2.92,2.99,-0.07,-2.3411,1400313.09,411211.645,2.9365693139382136
600210.SH,20260603,6.66,6.66,6.58,6.6,6.66,-0.06,-0.9009,123748.0,81764.528,6.607341371173677
600211.SH,20260603,38.88,38.88,37.9,38.03,38.88,-0.85,-2.1862,23879.66,90936.187,38.08102251037076
600212.SH,20260603,6.27,6.3,6.1,6.14,6.3,-0.16,-2.5397,93366.79,57643.282,6.173852822829188
600215.SH,20260603,6.46,6.53,6.22,6.28,6.52,-0.24,-3.681,140380.0,88990.428,6.339252600085482
600216.SH,20260603,12.7,12.7,12.36,12.4,12.7,-0.3,-2.3622,120588.04,150188.782,12.454699653464807
600217.SH,20260603,3.43,3.44,3.36,3.39,3.44,-0.05,-1.4535,119522.44,40565.204,3.3939404182177
600218.SH,20260603,8.44,8.52,8.38,8.44,8.47,-0.03,-0.3542,45017.1,38026.716,8.44717140819822
600219.SH,20260603,5.3,5.33,5.21,5.27,5.32,-0.05,-0.9398,2285304.73,1202004.446,5.259711889713719
600221.SH,20260603,1.5,1.52,1.49,1.49,1.51,-0.02,-1.3245,3196400.98,479827.519,1.50114933014443
600222.SH,20260603,8.13,8.46,8.02,8.38,8.17,0.21,2.5704,468275.71,388876.844,8.304441928025692
600223.SH,20260603,6.04,6.07,5.9,5.91,6.04,-0.13,-2.1523,68282.01,40543.144,5.93760259840037
600226.SH,20260603,6.09,6.27,6.0,6.1,6.08,0.02,0.3289,979662.28,601912.308,6.144079651612185
600227.SH,20260603,3.0,3.04,2.96,3.03,3.02,0.01,0.3311,548601.99,164409.605,2.9968831319769733
600228.SH,20260603,6.31,6.43,6.04,6.12,6.36,-0.24,-3.7736,107776.0,66291.27,6.150837848871734
600229.SH,20260603,5.67,5.75,5.54,5.56,5.71,-0.15,-2.627,57154.0,31973.723,5.594310634426288
600230.SH,20260603,15.11,15.31,15.0,15.18,15.09,0.09,0.5964,89654.0,136000.491,15.169483904789525
600231.SH,20260603,2.01,2.02,1.99,2.01,2.02,-0.01,-0.495,110925.18,22194.179,2.0008242492822643
600232.SH,20260603,7.49,7.49,7.2,7.34,7.51,-0.17,-2.2636,79001.69,58053.385,7.3483725474733514
600233.SH,20260603,17.92,17.99,17.38,17.51,17.85,-0.34,-1.9048,408030.23,715535.862,17.53634435370144
600234.SH,20260603,24.62,25.15,24.09,24.6,24.38,0.22,0.9024,34704.0,85448.784,24.62217150760719
600235.SH,20260603,5.95,6.0,5.86,5.93,5.95,-0.02,-0.3361,61339.23,36291.906,5.916589758299868
600236.SH,20260603,11.18,11.98,11.06,11.82,11.39,0.43,3.7752,412364.66,476881.564,11.564559484801633
600237.SH,20260603,10.77,11.78,10.7,11.11,10.87,0.24,2.2079,1096333.19,1236170.659,11.27550155623766
600238.SH,20260603,5.08,5.24,5.08,5.08,5.14,-0.06,-1.1673,38290.0,19649.978,5.131882475842256
600239.SH,20260603,1.53,1.56,1.48,1.5,1.54,-0.04,-2.5974,282231.02,42766.942,1.515316849296013
600241.SH,20260603,7.8,7.84,7.64,7.74,7.8,-0.06,-0.7692,47850.36,37041.029,7.741013651725924
600243.SH,20260603,3.97,4.05,3.79,3.84,3.97,-0.13,-3.2746,172344.14,67350.504,3.907907979928995
600246.SH,20260603,16.5,17.18,16.01,17.15,15.62,1.53,9.7951,2888290.67,4878955.018,16.892188409832034
600248.SH,20260603,3.24,3.25,3.18,3.19,3.24,-0.05,-1.5432,183027.61,58631.928,3.2034471738990637
600249.SH,20260603,5.35,5.39,5.29,5.37,5.35,0.02,0.3738,66514.66,35548.3,5.344430836750877
600250.SH,20260603,9.4,9.4,9.15,9.23,9.43,-0.2,-2.1209,80665.0,74527.607,9.2391504369925
600251.SH,20260603,10.11,10.11,9.92,10.01,10.07,-0.06,-0.5958,74998.22,75007.788,10.001275763611456
600252.SH,20260603,2.24,2.25,2.2,2.23,2.24,-0.01,-0.4464,295052.03,65532.404,2.22104569150058
600255.SH,20260603,4.39,4.39,4.39,4.39,3.99,0.4,10.0251,564508.73,247819.332,4.389999991674177
600256.SH,20260603,6.56,6.73,6.47,6.71,6.6,0.11,1.6667,1495226.1,986975.245,6.600842808990559
600257.SH,20260603,5.44,5.47,5.23,5.29,5.4,-0.11,-2.037,108102.26,57390.476,5.3089062152817155
600258.SH,20260603,13.4,13.48,13.01,13.15,13.46,-0.31,-2.3031,181658.49,238624.246,13.13587083103025
600259.SH,20260603,83.05,89.76,81.74,88.22,83.86,4.36,5.1991,180884.97,1579200.653,87.30413881263877
600261.SH,20260603,3.44,3.55,3.39,3.46,3.44,0.02,0.5814,294439.04,102340.767,3.475787959368432
600262.SH,20260603,22.46,22.55,21.95,22.12,22.45,-0.33,-1.4699,25478.0,56626.985,22.225836015385823
600265.SH,20260603,28.3,28.3,28.3,28.3,26.95,1.35,5.0093,5296.96,14990.397,28.300000377575067
600266.SH,20260603,4.87,4.9,4.65,4.71,4.91,-0.2,-4.0733,696591.53,330401.146,4.743111734361743
600267.SH,20260603,10.03,10.03,9.83,9.92,9.98,-0.06,-0.6012,100401.11,99605.526,9.920759441802984
600268.SH,20260603,13.7,13.72,13.45,13.56,13.8,-0.24,-1.7391,164245.21,222671.305,13.557248031769085
600269.SH,20260603,4.4,4.41,4.28,4.35,4.39,-0.04,-0.9112,173429.01,75201.673,4.336164578232903
600271.SH,20260603,7.4,7.46,7.34,7.36,7.44,-0.08,-1.0753,118158.59,87313.119,7.389485521111924
600272.SH,20260603,11.45,11.65,11.05,11.14,11.48,-0.34,-2.9617,32005.63,35725.099,11.162129600323443
600273.SH,20260603,7.3,7.32,7.09,7.18,7.31,-0.13,-1.7784,180671.62,129726.412,7.180231848255968
600276.SH,20260603,48.1,48.18,47.2,47.2,48.4,-1.2,-2.4793,815364.21,3874213.873,47.515132814083174
600278.SH,20260603,6.66,6.66,6.46,6.58,6.67,-0.09,-1.3493,55429.0,36278.171,6.544980244998106
600279.SH,20260603,5.34,5.5,5.28,5.44,5.34,0.1,1.8727,365279.33,197859.4,5.41666017619995
600280.SH,20260603,3.75,4.2,3.62,3.99,3.87,0.12,3.1008,2610080.49,1031106.545,3.9504779601643625
600281.SH,20260603,5.05,5.23,4.97,5.13,5.03,0.1,1.9881,121893.33,62132.416,5.097277759168611
600282.SH,20260603,5.16,5.16,5.04,5.07,5.16,-0.09,-1.7442,329890.88,167847.944,5.0879837599632936
600283.SH,20260603,8.77,8.77,8.5,8.63,8.74,-0.11,-1.2586,52769.41,45354.436,8.594834772645743
600284.SH,20260603,5.91,5.96,5.72,5.77,5.92,-0.15,-2.5338,130645.32,75857.103,5.806339101928795
600285.SH,20260603,22.01,22.05,21.4,21.6,22.05,-0.45,-2.0408,54062.0,116968.69,21.63602715400836
600287.SH,20260603,5.09,5.11,4.98,5.04,5.09,-0.05,-0.9823,60296.0,30278.709,5.021677889080536
600288.SH,20260603,13.04,14.36,12.99,13.78,13.05,0.73,5.5939,266669.59,370380.659,13.889122452995107
600289.SH,20260603,6.23,6.5,6.19,6.19,6.32,-0.13,-2.057,41880.0,26307.569,6.281654489016236
600292.SH,20260603,14.11,14.15,13.67,13.78,14.06,-0.28,-1.9915,163984.5,226322.86,13.801478798301059
600293.SH,20260603,3.31,3.37,3.25,3.27,3.32,-0.05,-1.506,531819.39,175601.756,3.301905859430962
600295.SH,20260603,13.61,13.87,13.42,13.7,13.62,0.08,0.5874,74421.68,101229.113,13.60209995259446
600298.SH,20260603,36.7,36.7,35.31,35.4,36.86,-1.46,-3.9609,107627.88,383458.618,35.62818648848235
600299.SH,20260603,10.71,10.96,10.65,10.87,10.85,0.02,0.1843,100510.41,108568.846,10.801751380777374
600300.SH,20260603,3.24,3.24,3.18,3.21,3.23,-0.02,-0.6192,245726.62,78466.004,3.1932235913227474
600301.SH,20260603,67.99,69.76,64.75,65.72,66.55,-0.83,-1.2472,358756.3,2393854.357,66.72647579986749
600302.SH,20260603,11.22,11.22,10.55,10.55,11.1,-0.55,-4.955,84523.6,90246.841,10.677117515108206
600303.SH,20260603,3.27,3.29,3.12,3.21,3.28,-0.07,-2.1341,506157.0,161584.125,3.1923716356782577
600305.SH,20260603,7.2,7.21,7.04,7.04,7.21,-0.17,-2.3578,109486.36,77590.761,7.086797022021738
600307.SH,20260603,1.64,1.64,1.61,1.61,1.64,-0.03,-1.8293,466071.74,75512.62,1.6201930629821066
600308.SH,20260603,3.52,3.53,3.45,3.48,3.52,-0.04,-1.1364,70850.25,24686.895,3.4843765547757415
600309.SH,20260603,75.0,75.08,73.01,74.17,75.16,-0.99,-1.3172,372697.24,2751286.793,73.82095968835186
600310.SH,20260603,5.98,6.35,5.98,6.35,5.77,0.58,10.052,1101622.47,693746.976,6.297502047139616
600312.SH,20260603,20.51,20.51,19.91,20.07,20.63,-0.56,-2.7145,333935.87,672527.443,20.13941907468641
600313.SH,20260603,6.05,6.17,6.01,6.17,6.03,0.14,2.3217,326966.37,199429.525,6.099389518255348
600315.SH,20260603,18.1,18.13,17.67,17.84,18.1,-0.26,-1.4365,54481.46,97082.013,17.8192752176612
600316.SH,20260603,28.4,28.7,28.02,28.26,28.55,-0.29,-1.0158,82294.0,233840.153,28.4152128952293
600318.SH,20260603,6.74,6.75,6.61,6.65,6.72,-0.07,-1.0417,82988.0,55418.255,6.677863667036198
600319.SH,20260603,7.39,7.45,7.21,7.35,7.33,0.02,0.2729,31383.79,23033.896,7.339424588298609
600320.SH,20260603,4.7,4.74,4.63,4.65,4.7,-0.05,-1.0638,365507.26,171103.831,4.681270380238138
600322.SH,20260603,2.69,2.72,2.59,2.69,2.7,-0.01,-0.3704,446428.51,118125.481,2.646011138491133
600323.SH,20260603,31.0,31.38,30.15,30.73,31.0,-0.27,-0.871,72748.23,222342.837,30.563332881088655
600325.SH,20260603,2.84,2.85,2.72,2.74,2.85,-0.11,-3.8596,578618.33,159502.1,2.7566029579463898
600326.SH,20260603,7.74,8.07,7.72,7.78,7.72,0.06,0.7772,247182.22,194809.007,7.881190119580608
600327.SH,20260603,3.73,3.74,3.6,3.65,3.74,-0.09,-2.4064,139400.84,50847.945,3.6476067863005706
600328.SH,20260603,6.92,6.95,6.81,6.85,6.92,-0.07,-1.0116,166173.6,113864.574,6.8521458282182
600329.SH,20260603,39.39,39.58,38.77,39.31,39.39,-0.08,-0.2031,33324.99,130160.076,39.05779896708146
600330.SH,20260603,33.29,33.7,30.51,31.5,32.0,-0.5,-1.5625,1927743.61,6247064.63,32.40609693941613
600331.SH,20260603,14.85,15.49,14.71,14.91,14.85,0.06,0.404,525818.22,793540.965,15.091545610572414
600332.SH,20260603,21.77,21.77,21.41,21.56,21.78,-0.22,-1.0101,71983.78,154821.987,21.50789900169177
600333.SH,20260603,5.78,5.86,5.7,5.83,5.81,0.02,0.3442,163986.74,94761.102,5.778583195202246
600335.SH,20260603,5.63,5.64,5.5,5.56,5.63,-0.07,-1.2433,86258.23,48101.148,5.576412592746223
600336.SH,20260603,7.74,7.89,7.63,7.72,7.81,-0.09,-1.1524,107708.87,83470.668,7.7496559011342345
600337.SH,20260603,3.41,3.56,3.24,3.32,3.39,-0.07,-2.0649,476500.78,160856.656,3.375789982967079
600338.SH,20260603,17.65,18.25,17.55,17.81,17.81,0.0,0.0,420210.14,754746.938,17.961178614109595
600339.SH,20260603,3.6,3.66,3.53,3.66,3.57,0.09,2.521,902013.12,325020.808,3.603282488840074
600340.SH,20260603,1.26,1.28,1.21,1.22,1.27,-0.05,-3.937,892417.98,110634.69,1.2397182988177804
600343.SH,20260603,25.27,26.78,25.0,25.8,25.33,0.47,1.8555,320243.25,827116.649,25.827762146430878
600345.SH,20260603,52.8,56.0,52.55,53.65,51.73,1.92,3.7116,238216.73,1287113.262,54.031186726473834
600346.SH,20260603,17.8,17.85,17.23,17.51,17.79,-0.28,-1.5739,322899.28,562280.128,17.41348348624376
600348.SH,20260603,9.35,9.79,9.22,9.7,9.42,0.28,2.9724,686316.33,651529.785,9.493141231245366
600350.SH,20260603,11.5,11.51,11.08,11.26,11.46,-0.2,-1.7452,98671.82,110723.889,11.221429684787408
600351.SH,20260603,6.36,6.36,6.2,6.27,6.38,-0.11,-1.7241,117827.09,73595.642,6.246071425510042
600352.SH,20260603,11.22,11.26,11.01,11.13,11.28,-0.15,-1.3298,271693.46,302341.836,11.128049824975543
600353.SH,20260603,23.17,24.23,22.78,24.04,23.22,0.82,3.5314,685889.89,1613390.495,23.522587495785952
600354.SH,20260603,5.55,5.57,5.44,5.51,5.5,0.01,0.1818,127564.49,70118.901,5.496741373716149
600356.SH,20260603,9.06,9.06,8.74,8.8,9.06,-0.26,-2.8698,53857.44,47746.876,8.865418779652355
600358.SH,20260603,5.81,5.87,5.73,5.75,5.81,-0.06,-1.0327,60204.0,34812.713,5.782458474519966
600359.SH,20260603,6.65,6.82,6.48,6.63,6.61,0.02,0.3026,92436.05,61095.247,6.609461027380551
600360.SH,20260603,12.53,13.35,12.5,12.83,12.77,0.06,0.4699,1505398.17,1947711.364,12.938180760509361
600361.SH,20260603,4.46,4.61,4.44,4.55,4.5,0.05,1.1111,719570.88,327170.894,4.546750057478701
600362.SH,20260603,48.5,49.48,47.43,48.02,47.48,0.54,1.1373,1014734.18,4930404.139,48.58813506213026
600363.SH,20260603,34.7,37.9,34.28,36.9,34.45,2.45,7.1118,299369.39,1093214.629,36.517248106093945
600365.SH,20260603,2.78,2.79,2.7,2.74,2.78,-0.04,-1.4388,54265.0,14815.784,2.7302651801345252
600366.SH,20260603,12.3,12.89,12.3,12.67,12.39,0.28,2.2599,288546.04,366271.323,12.693687392140262
600367.SH,20260603,42.7,42.72,41.5,42.72,38.84,3.88,9.9897,129948.37,552223.743,42.495626763152174
600368.SH,20260603,3.99,4.09,3.95,4.05,3.99,0.06,1.5038,374996.92,151026.472,4.027405665091863
600369.SH,20260603,4.01,4.02,3.97,3.98,4.01,-0.03,-0.7481,372758.02,148901.534,3.994589680458116
600370.SH,20260603,1.53,1.57,1.46,1.47,1.53,-0.06,-3.9216,1083336.51,162662.183,1.5014926710076446
600371.SH,20260603,7.55,7.57,7.3,7.38,7.48,-0.1,-1.3369,44985.8,33186.532,7.377112777809885
600372.SH,20260603,11.18,11.32,11.09,11.13,11.21,-0.08,-0.7136,288693.38,323178.179,11.194512981212108
600373.SH,20260603,7.63,7.64,7.39,7.45,7.64,-0.19,-2.4869,95814.0,71516.05,7.464050138810613
600375.SH,20260603,4.26,4.27,4.18,4.21,4.27,-0.06,-1.4052,140020.5,59063.727,4.218219974932242
600376.SH,20260603,4.21,4.29,4.03,4.11,4.3,-0.19,-4.4186,1361187.83,559614.634,4.1112227252281555
600377.SH,20260603,13.0,13.0,12.66,12.84,13.02,-0.18,-1.3825,102726.5,131499.681,12.800950192988179
600378.SH,20260603,42.8,44.49,41.0,41.65,43.41,-1.76,-4.0544,676731.57,2891791.936,42.73174274993555
600379.SH,20260603,13.19,13.31,12.77,13.3,13.23,0.07,0.5291,195544.41,255781.731,13.080493121741501
600380.SH,20260603,10.11,10.12,9.95,9.98,10.12,-0.14,-1.3834,109835.68,109736.267,9.990948933898348
600381.SH,20260603,5.3,5.66,5.27,5.66,5.39,0.27,5.0093,91538.71,49927.829,5.454285842568679
600382.SH,20260603,8.0,8.72,7.85,8.61,8.0,0.61,7.625,364004.91,304559.825,8.366915297928262
600383.SH,20260603,2.68,2.69,2.61,2.64,2.7,-0.06,-2.2222,647740.43,170962.93,2.639374077668735
600386.SH,20260603,3.72,3.75,3.62,3.65,3.73,-0.08,-2.1448,91817.4,33628.099,3.6624974133443122
600388.SH,20260603,17.76,17.76,16.7,17.05,17.77,-0.72,-4.0518,276308.06,473155.669,17.124207994511632
600389.SH,20260603,25.49,25.58,24.84,25.4,25.28,0.12,0.4747,48450.12,122380.054,25.258978512333922
600390.SH,20260603,4.82,4.86,4.76,4.77,4.82,-0.05,-1.0373,259564.2,124901.381,4.811964862642845
600391.SH,20260603,33.73,34.53,33.26,33.89,33.72,0.17,0.5042,89235.48,301701.214,33.809558036780885
600392.SH,20260603,22.2,23.14,21.99,22.86,22.42,0.44,1.9625,576616.86,1314353.778,22.794230782637882
600395.SH,20260603,5.83,6.05,5.77,5.95,5.88,0.07,1.1905,644006.7,379093.45,5.886483013297844
600396.SH,20260603,18.78,21.34,18.4,21.34,19.4,1.94,10.0,3068938.41,6142576.045,20.01531221670884
600397.SH,20260603,13.54,14.28,13.45,14.07,13.69,0.38,2.7757,500373.8,702743.261,14.044365652238389
600398.SH,20260603,5.87,5.88,5.76,5.81,5.87,-0.06,-1.0221,222786.0,129479.983,5.811854559981327
600399.SH,20260603,4.68,4.68,4.56,4.56,4.65,-0.09,-1.9355,380065.17,174616.048,4.594371223229953
600400.SH,20260603,2.79,2.92,2.78,2.83,2.81,0.02,0.7117,540475.55,153981.02,2.848991411359866
600403.SH,20260603,6.73,6.73,6.28,6.73,6.12,0.61,9.9673,966486.94,636113.503,6.581708212218574
600405.SH,20260603,4.82,4.82,4.56,4.65,4.84,-0.19,-3.9256,190321.95,88644.174,4.657590677270803
600406.SH,20260603,24.45,24.48,24.06,24.25,24.64,-0.39,-1.5828,843992.84,2042764.811,24.203579866862377
600408.SH,20260603,3.06,3.17,2.97,3.15,3.1,0.05,1.6129,743408.72,228361.625,3.0718179496199616
600409.SH,20260603,6.3,6.39,6.21,6.34,6.3,0.04,0.6349,286356.4,180018.283,6.286511598832782
600410.SH,20260603,18.42,18.99,18.31,18.55,18.63,-0.08,-0.4294,550658.64,1027801.569,18.664949468512834
600415.SH,20260603,12.55,12.61,12.3,12.5,12.66,-0.16,-1.2638,722586.16,898805.04,12.438724815875243
600416.SH,20260603,11.15,11.35,10.92,11.0,11.21,-0.21,-1.8733,262088.44,291606.769,11.126273596805717
600418.SH,20260603,35.21,35.98,34.18,34.8,35.45,-0.65,-1.8336,604030.18,2116349.356,35.03714592539068
600419.SH,20260603,8.58,8.59,8.38,8.43,8.56,-0.13,-1.5187,45405.53,38214.552,8.41627704819215
600420.SH,20260603,9.1,9.12,8.98,9.01,9.07,-0.06,-0.6615,48127.05,43442.631,9.02665569570543
600421.SH,20260603,0.34,0.35,0.32,0.34,0.35,-0.01,-2.8571,250513.97,8377.813,0.3344249823672508
600422.SH,20260603,9.07,9.11,8.78,8.88,9.11,-0.23,-2.5247,112768.61,100181.32,8.88379487873443
600423.SH,20260603,2.79,2.8,2.7,2.71,2.79,-0.08,-2.8674,92945.0,25492.799,2.7427832589165635
600425.SH,20260603,3.73,3.73,3.67,3.7,3.74,-0.04,-1.0695,123009.59,45420.024,3.692396991161421
600426.SH,20260603,29.62,29.96,29.09,29.74,29.69,0.05,0.1684,236641.18,698096.544,29.500213952618054
600428.SH,20260603,8.0,8.08,7.71,7.76,8.05,-0.29,-3.6025,315902.0,247280.248,7.827751897740438
600429.SH,20260603,4.82,4.87,4.67,4.75,4.83,-0.08,-1.6563,115210.0,54436.86,4.725011717732836
600433.SH,20260603,3.85,3.88,3.75,3.85,3.88,-0.03,-0.7732,489419.32,187024.008,3.8213450176016757
600435.SH,20260603,11.9,12.12,11.81,11.92,11.81,0.11,0.9314,196891.99,235577.578,11.964812687402876
600436.SH,20260603,124.0,124.56,121.82,124.29,124.5,-0.21,-0.1687,36792.72,452900.644,123.09517861142095
600438.SH,20260603,14.09,14.24,13.94,13.98,14.11,-0.13,-0.9213,383288.16,540739.797,14.107918100052974
600439.SH,20260603,2.39,2.62,2.38,2.62,2.38,0.24,10.084,585625.23,150109.672,2.563237789464774
600444.SH,20260603,14.92,15.2,14.75,14.87,14.94,-0.07,-0.4685,26742.15,39964.745,14.944477164326727
600446.SH,20260603,13.03,13.36,12.77,12.9,13.03,-0.13,-0.9977,213904.69,278801.66,13.03391992012891
600448.SH,20260603,3.05,3.07,2.93,2.96,3.05,-0.09,-2.9508,234472.0,69825.388,2.9779840663277497
600449.SH,20260603,13.9,13.95,13.53,13.76,13.94,-0.18,-1.2912,96435.17,132547.676,13.744744370751876
600452.SH,20260603,12.62,12.62,12.03,12.32,12.85,-0.53,-4.1245,891372.62,1095219.365,12.286885870467954
600455.SH,20260603,26.64,26.65,25.57,25.7,26.65,-0.95,-3.5647,20160.0,52153.795,25.869937996031744
600456.SH,20260603,31.66,32.5,31.58,31.99,31.73,0.26,0.8194,64000.48,205576.33,32.12106065454509
600458.SH,20260603,12.94,13.17,12.63,12.79,12.95,-0.16,-1.2355,233287.15,300932.537,12.899661940231171
600459.SH,20260603,23.5,25.02,23.46,24.2,23.45,0.75,3.1983,970338.84,2356719.506,24.28759324938493
600460.SH,20260603,33.35,35.71,33.35,34.7,33.03,1.67,5.056,1225855.14,4284980.607,34.9550323458284
600461.SH,20260603,10.05,10.05,9.81,9.93,10.04,-0.11,-1.0956,110167.0,108977.67,9.892042989279911
600463.SH,20260603,9.7,9.86,9.43,9.53,9.82,-0.29,-2.9532,51903.0,49844.248,9.6033462420284
600467.SH,20260603,2.29,2.3,2.26,2.26,2.29,-0.03,-1.31,186093.02,42238.704,2.269762938986105
600468.SH,20260603,6.47,6.56,6.43,6.48,6.49,-0.01,-0.1541,183799.0,119365.006,6.494322928851625
600469.SH,20260603,5.96,5.99,5.87,5.99,5.94,0.05,0.8418,48045.0,28478.869,5.9275406389842855
600470.SH,20260603,5.5,5.54,5.42,5.48,5.49,-0.01,-0.1821,118980.06,65176.881,5.477966728206391
600475.SH,20260603,15.15,15.54,15.01,15.27,15.24,0.03,0.1969,105377.32,160500.244,15.231004546329324
600476.SH,20260603,11.89,11.89,11.4,11.43,11.89,-0.46,-3.8688,31361.0,36369.64,11.597091929466535
600477.SH,20260603,2.74,2.75,2.7,2.71,2.75,-0.04,-1.4545,322287.58,87517.386,2.7155060086398612
600478.SH,20260603,5.97,6.01,5.86,5.9,6.0,-0.1,-1.6667,272484.47,161902.445,5.94171275155608
600479.SH,20260603,10.21,10.22,10.1,10.15,10.2,-0.05,-0.4902,34376.2,34842.517,10.135651119088207
600480.SH,20260603,10.84,11.23,10.76,11.01,10.85,0.16,1.4747,224221.53,247626.444,11.043829912319303
600481.SH,20260603,5.0,5.03,4.85,4.91,5.04,-0.13,-2.5794,971506.46,480075.144,4.941553800887747
600482.SH,20260603,36.12,37.82,35.65,36.19,36.41,-0.22,-0.6042,369013.96,1359939.833,36.85334378677707
600483.SH,20260603,11.27,11.73,11.22,11.68,11.38,0.3,2.6362,453987.82,522968.821,11.51944607236379
600486.SH,20260603,58.15,59.14,57.21,58.44,58.15,0.29,0.4987,41476.79,241543.543,58.2358333419727
600487.SH,20260603,90.0,91.43,88.12,91.43,83.12,8.31,9.9976,699162.8,6333266.041,90.58356710339852
600488.SH,20260603,5.38,5.49,5.23,5.46,5.44,0.02,0.3676,889934.97,476960.431,5.359497570929256
600489.SH,20260603,22.74,23.47,22.47,23.13,23.18,-0.05,-0.2157,618690.77,1428301.873,23.08587653570458
600490.SH,20260603,7.37,7.51,7.32,7.4,7.49,-0.09,-1.2016,335132.62,248811.31,7.424264161453457
600491.SH,20260603,1.42,1.43,1.35,1.37,1.41,-0.04,-2.8369,553495.0,76577.564,1.3835276560763874
600493.SH,20260603,6.42,6.47,6.29,6.34,6.43,-0.09,-1.3997,67658.0,43082.871,6.367742321676668
600495.SH,20260603,4.17,4.17,4.07,4.1,4.17,-0.07,-1.6787,108759.4,44687.152,4.10880825013746
600496.SH,20260603,4.17,4.2,4.08,4.1,4.22,-0.12,-2.8436,391704.9,162304.241,4.14353358867862
600497.SH,20260603,9.72,10.29,9.59,10.0,9.71,0.29,2.9866,2222474.1,2230758.854,10.037277167819411
600498.SH,20260603,49.98,53.48,49.98,52.02,49.5,2.52,5.0909,1156564.32,6029183.562,52.130118988972434
600499.SH,20260603,15.81,16.14,15.68,15.99,15.85,0.14,0.8833,178791.28,285585.0,15.973094437267859
600500.SH,20260603,6.37,6.37,5.81,5.97,6.27,-0.3,-4.7847,1687731.13,1016644.467,6.023734758035778
600501.SH,20260603,18.22,18.8,18.0,18.46,18.4,0.06,0.3261,53726.01,99151.006,18.45493570060386
600502.SH,20260603,5.22,5.25,5.08,5.14,5.25,-0.11,-2.0952,246719.8,126712.805,5.135899307635626
600503.SH,20260603,2.82,2.89,2.75,2.89,2.85,0.04,1.4035,1289983.11,362886.007,2.813106653776265
600505.SH,20260603,12.96,14.34,12.78,14.34,13.04,1.3,9.9693,353809.83,490096.956,13.851988114632087
600506.SH,20260603,17.71,17.9,17.34,17.76,17.77,-0.01,-0.0563,66203.08,116838.053,17.648431613755736
600507.SH,20260603,4.68,4.69,4.5,4.59,4.64,-0.05,-1.0776,283151.96,128864.254,4.551063464296697
600508.SH,20260603,14.3,14.63,14.01,14.53,14.38,0.15,1.0431,201930.26,288459.517,14.285106006400428
600509.SH,20260603,9.36,9.54,9.21,9.29,9.38,-0.09,-0.9595,737323.98,690385.329,9.36339177521393
600510.SH,20260603,8.3,8.39,8.22,8.38,8.29,0.09,1.0856,95053.32,78842.563,8.294561725987055
600511.SH,20260603,27.41,27.41,27.02,27.13,27.42,-0.29,-1.0576,31184.01,84641.496,27.142595195422274
600512.SH,20260603,2.2,2.21,2.18,2.2,2.21,-0.01,-0.4525,131962.0,28931.218,2.192390081993301
600513.SH,20260603,17.01,17.29,16.8,17.16,17.08,0.08,0.4684,93655.01,159107.488,16.988678769026883
600515.SH,20260603,3.14,3.14,3.1,3.11,3.15,-0.04,-1.2698,751291.71,234314.193,3.118817762543926
600516.SH,20260603,4.99,5.48,4.97,5.48,4.98,0.5,10.0402,1750848.8,933489.277,5.331638443022607
600517.SH,20260603,5.31,5.32,5.23,5.25,5.32,-0.07,-1.3158,230472.26,121522.17,5.272746056293282
600518.SH,20260603,1.54,1.54,1.51,1.52,1.54,-0.02,-1.2987,1636666.95,248753.808,1.51988043749524
600519.SH,20260603,1304.0,1304.0,1276.0,1281.91,1307.22,-25.31,-1.9362,52476.52,6743202.681,1284.994256669459
600520.SH,20260603,28.82,30.98,28.82,29.4,28.98,0.42,1.4493,152636.0,456429.516,29.903136612594672
600521.SH,20260603,15.65,15.7,15.35,15.35,15.71,-0.36,-2.2915,148675.05,229116.86,15.41057897744107
600522.SH,20260603,43.89,46.98,43.4,44.98,42.89,2.09,4.8729,4191822.56,18962761.947,45.23751107203354
600523.SH,20260603,11.85,12.03,11.65,11.72,11.95,-0.23,-1.9247,41510.0,48920.95,11.78534088171525
600525.SH,20260603,5.33,5.4,5.26,5.26,5.33,-0.07,-1.3133,104014.58,55309.597,5.31748501027452
600526.SH,20260603,4.78,4.8,4.7,4.73,4.79,-0.06,-1.2526,95218.01,45109.888,4.737537362942158
600527.SH,20260603,2.51,2.55,2.47,2.53,2.51,0.02,0.7968,787962.6,198137.075,2.514549231143712
600528.SH,20260603,7.42,7.44,7.28,7.3,7.42,-0.12,-1.6173,116996.01,85989.747,7.349801672723712
600529.SH,20260603,19.13,19.47,19.03,19.06,19.21,-0.15,-0.7808,107189.13,206098.968,19.227599664257
600530.SH,20260603,7.01,7.04,6.73,6.84,7.01,-0.17,-2.4251,199611.0,136387.542,6.832666636608202
600531.SH,20260603,13.21,13.6,13.14,13.37,13.44,-0.07,-0.5208,434308.73,583360.823,13.431938681039178
600533.SH,20260603,2.29,2.3,2.21,2.24,2.3,-0.06,-2.6087,204447.78,45922.102,2.2461531252625977
600535.SH,20260603,14.3,14.3,14.05,14.13,14.34,-0.21,-1.4644,75043.2,106118.942,14.141047023581084
600536.SH,20260603,37.2,37.68,36.75,37.13,37.48,-0.35,-0.9338,102762.65,382969.667,37.267398904173845
600537.SH,20260603,2.99,3.0,2.86,2.87,3.01,-0.14,-4.6512,460760.29,134029.563,2.9088783453973432
600538.SH,20260603,6.23,6.39,6.16,6.2,6.2,0.0,0.0,137518.02,86423.416,6.284515731102004
600539.SH,20260603,15.24,15.55,14.77,14.99,15.24,-0.25,-1.6404,107398.0,162342.985,15.116015661371717
600540.SH,20260603,5.0,5.13,4.83,4.92,4.92,0.0,0.0,408776.51,201370.779,4.92618274469832
600543.SH,20260603,4.66,4.66,4.51,4.6,4.65,-0.05,-1.0753,29761.0,13607.403,4.572226403682672
600545.SH,20260603,7.28,7.55,7.06,7.18,7.28,-0.1,-1.3736,1687738.75,1240971.345,7.352863972578694
600546.SH,20260603,14.02,14.87,13.68,14.7,14.42,0.28,1.9417,726224.94,1027142.514,14.143586338414654
600547.SH,20260603,29.2,29.89,29.08,29.39,29.93,-0.54,-1.8042,412351.77,1213412.491,29.4266347153063
600548.SH,20260603,8.98,8.98,8.82,8.88,8.98,-0.1,-1.1136,23905.0,21225.986,8.87930809454089
600549.SH,20260603,55.85,61.3,55.58,60.01,55.81,4.2,7.5255,1312808.67,7830939.512,59.65027266311397
600550.SH,20260603,13.22,13.24,12.91,13.06,13.34,-0.28,-2.099,446427.52,581825.417,13.03292003593327
600551.SH,20260603,7.4,7.43,7.23,7.31,7.38,-0.07,-0.9485,33079.01,24144.689,7.299096617462251
600552.SH,20260603,18.8,19.55,18.2,18.55,18.84,-0.29,-1.5393,954645.2,1817622.45,19.039769434759638
600556.SH,20260603,5.2,5.24,5.07,5.16,5.22,-0.06,-1.1494,440110.42,226187.872,5.139343712880055
600557.SH,20260603,12.68,12.68,12.35,12.39,12.68,-0.29,-2.2871,49232.51,61199.052,12.430617898620241
600558.SH,20260603,5.63,5.71,5.54,5.65,5.63,0.02,0.3552,145215.25,81599.551,5.619213615649872
600559.SH,20260603,12.9,12.9,12.52,12.67,12.91,-0.24,-1.859,132048.0,167123.669,12.65628173088574
600560.SH,20260603,12.85,12.98,12.57,12.72,12.86,-0.14,-1.0886,23641.35,30169.465,12.761312277006178
600561.SH,20260603,6.01,6.05,5.8,5.91,6.02,-0.11,-1.8272,62198.88,36759.009,5.909914937375078
600562.SH,20260603,22.74,23.09,22.33,22.68,22.63,0.05,0.2209,73509.39,166852.845,22.698167540228535
600563.SH,20260603,165.88,166.88,158.32,161.0,165.88,-4.88,-2.9419,111562.2,1804287.982,161.72932964749708
600566.SH,20260603,28.22,28.28,27.33,27.59,28.13,-0.54,-1.9197,40518.86,111716.389,27.571454132717452
600567.SH,20260603,1.35,1.36,1.34,1.35,1.36,-0.01,-0.7353,418317.66,56483.116,1.3502445964150787
600568.SH,20260603,2.61,2.75,2.61,2.67,2.66,0.01,0.3759,148929.0,40000.881,2.68590274560361
600569.SH,20260603,1.91,1.92,1.87,1.91,1.92,-0.01,-0.5208,175726.62,33208.143,1.8897616650226357
600570.SH,20260603,24.39,24.86,24.02,24.29,24.38,-0.09,-0.3692,281566.6,688665.091,24.458337423543846
600571.SH,20260603,11.48,11.53,11.2,11.34,11.53,-0.19,-1.6479,74244.22,84156.062,11.335032141222577
600572.SH,20260603,4.23,4.24,4.15,4.17,4.23,-0.06,-1.4184,307385.95,128516.92,4.18096272780197
600573.SH,20260603,12.7,13.06,12.28,12.91,12.88,0.03,0.2329,227315.0,288154.613,12.676445153201506
600575.SH,20260603,4.26,4.39,4.16,4.32,4.38,-0.06,-1.3699,1794991.93,765630.0,4.265367365746319
600576.SH,20260603,6.0,6.01,5.79,5.85,6.01,-0.16,-2.6622,133135.24,78239.964,5.876728355317496
600577.SH,20260603,12.62,12.89,12.47,12.52,12.62,-0.1,-0.7924,643976.0,817462.456,12.693989465445917
600578.SH,20260603,8.24,9.34,8.1,9.34,8.49,0.85,10.0118,3469768.92,3005373.907,8.661596712325155
600579.SH,20260603,6.6,6.64,6.49,6.56,6.61,-0.05,-0.7564,44093.0,28818.251,6.535788220352437
600580.SH,20260603,39.1,40.3,38.7,38.81,39.9,-1.09,-2.7318,617596.21,2436111.075,39.44504573627484
600581.SH,20260603,2.63,2.69,2.63,2.64,2.65,-0.01,-0.3774,102515.6,27188.252,2.652108752228929
600582.SH,20260603,5.49,5.55,5.47,5.48,5.5,-0.02,-0.3636,188423.0,103694.301,5.50327194663072
600583.SH,20260603,5.69,5.75,5.62,5.74,5.68,0.06,1.0563,446913.16,253997.368,5.683371865800506
600584.SH,20260603,76.23,82.89,76.23,80.13,75.35,4.78,6.3437,3253500.62,26269142.977,80.74116481035126
600585.SH,20260603,20.1,20.1,19.51,19.6,20.13,-0.53,-2.6329,305716.17,602272.855,19.70039252421617
600586.SH,20260603,4.99,4.99,4.82,4.84,4.99,-0.15,-3.006,344903.94,168254.273,4.878293735931227
600587.SH,20260603,13.36,13.37,13.01,13.06,13.37,-0.31,-2.3186,66800.72,87563.851,13.108219641943979
600588.SH,20260603,11.03,11.18,10.8,10.9,11.28,-0.38,-3.3688,632852.43,695966.058,10.997288230369913
600589.SH,20260603,10.2,11.2,10.12,10.82,10.39,0.43,4.1386,1996925.48,2153041.13,10.781780049198431
600590.SH,20260603,12.72,13.84,12.6,13.73,12.84,0.89,6.9315,673900.73,899962.884,13.354531964967599
600592.SH,20260603,19.9,20.77,19.69,20.35,20.13,0.22,1.0929,131238.51,266539.301,20.309534221319637
600593.SH,20260603,37.6,40.0,36.6,38.5,38.33,0.17,0.4435,82591.0,316444.319,38.31462495913598
600594.SH,20260603,3.55,3.55,3.48,3.52,3.56,-0.04,-1.1236,170966.86,59984.475,3.508543995017514
600595.SH,20260603,7.53,7.66,7.43,7.55,7.55,0.0,0.0,809670.63,610282.693,7.537419172534392
600596.SH,20260603,13.23,14.4,13.21,14.4,13.09,1.31,10.0076,1185417.98,1655347.45,13.964251242418307
600597.SH,20260603,7.04,7.05,6.85,6.9,7.03,-0.13,-1.8492,74993.0,51845.881,6.913429386742763
600598.SH,20260603,14.55,14.56,14.32,14.5,14.49,0.01,0.069,163816.98,236467.267,14.434844727329242
600599.SH,20260603,0.5,0.52,0.48,0.5,0.51,-0.01,-1.9608,84081.4,4148.151,0.49334942091830064
600600.SH,20260603,60.8,60.83,59.65,59.82,61.01,-1.19,-1.9505,77774.95,466323.248,59.95802607394798
600601.SH,20260603,12.66,12.94,12.17,12.36,12.67,-0.31,-2.4467,2471079.73,3118107.121,12.618399492111896
600602.SH,20260603,18.81,19.06,18.5,18.64,19.15,-0.51,-2.6632,261008.84,491070.169,18.814311768137813
600603.SH,20260603,5.01,5.08,4.82,4.85,4.95,-0.1,-2.0202,180586.05,88839.971,4.919536752700445
600604.SH,20260603,4.45,4.47,4.31,4.35,4.45,-0.1,-2.2472,152750.22,66786.939,4.372297401601124
600605.SH,20260603,29.2,29.21,28.01,29.0,29.21,-0.21,-0.7189,51341.12,146500.776,28.53478381461098
600606.SH,20260603,1.46,1.47,1.4,1.42,1.48,-0.06,-4.0541,1627918.08,231508.476,1.4221137957998475
600609.SH,20260603,3.61,3.61,3.48,3.52,3.61,-0.09,-2.4931,173722.29,61383.676,3.533436958492776
600610.SH,20260603,7.84,7.87,7.61,7.67,7.79,-0.12,-1.5404,116659.99,89667.088,7.686190269688863
600611.SH,20260603,4.51,4.59,4.44,4.51,4.55,-0.04,-0.8791,734492.86,331249.568,4.50990861912531
600612.SH,20260603,36.64,36.64,35.86,36.0,36.65,-0.65,-1.7735,9829.0,35513.026,36.13086377047512
600613.SH,20260603,5.16,5.17,5.02,5.08,5.17,-0.09,-1.7408,61692.71,31278.667,5.070075054248711
600615.SH,20260603,10.28,10.29,9.91,10.06,10.29,-0.23,-2.2352,36004.6,36156.009,10.04205268215728
600616.SH,20260603,4.53,4.56,4.43,4.48,4.54,-0.06,-1.3216,61658.18,27600.486,4.47637053185806
600617.SH,20260603,3.65,3.66,3.5,3.6,3.65,-0.05,-1.3699,595576.0,212617.821,3.569952801993365
600618.SH,20260603,10.48,10.56,10.4,10.5,10.48,0.02,0.1908,56655.0,59375.716,10.480225222839996
600619.SH,20260603,14.95,15.16,14.8,14.87,14.95,-0.08,-0.5351,153252.61,229697.078,14.988134818715324
600620.SH,20260603,4.82,4.82,4.66,4.67,4.77,-0.1,-2.0964,62959.15,29634.769,4.706983655274889
600621.SH,20260603,13.14,13.16,12.94,12.97,13.15,-0.18,-1.3688,93812.34,122327.077,13.03955076698865
600622.SH,20260603,2.58,2.58,2.44,2.5,2.57,-0.07,-2.7237,462467.76,115090.426,2.4886151198950603
600623.SH,20260603,8.72,8.88,8.62,8.81,8.73,0.08,0.9164,122529.2,107075.53,8.73877655285434
600624.SH,20260603,4.28,4.29,4.15,4.17,4.27,-0.1,-2.3419,45646.0,19168.867,4.199462603513998
600626.SH,20260603,3.65,3.65,3.57,3.59,3.66,-0.07,-1.9126,117297.0,42324.362,3.6083072883364453
600628.SH,20260603,6.41,6.44,6.25,6.29,6.4,-0.11,-1.7188,66176.61,41713.187,6.303312756576681
600629.SH,20260603,16.6,16.9,15.92,16.03,16.71,-0.68,-4.0694,252190.86,411032.774,16.298480206618116
600630.SH,20260603,7.89,8.2,7.76,8.07,7.9,0.17,2.1519,112296.76,89988.041,8.013413833132853
600633.SH,20260603,12.21,12.36,12.15,12.21,12.32,-0.11,-0.8929,128411.6,157270.701,12.247390500546679
600635.SH,20260603,5.2,5.32,4.97,5.22,5.2,0.02,0.3846,1042125.32,529856.872,5.084387278873523
600636.SH,20260603,2.03,2.1,2.03,2.03,2.25,-0.22,-9.7778,237050.1,48187.565,2.0328008720519417
600637.SH,20260603,9.39,9.51,9.26,9.32,9.44,-0.12,-1.2712,424642.18,398235.382,9.378140014258593
600638.SH,20260603,5.67,5.67,5.45,5.48,5.7,-0.22,-3.8596,133534.2,73562.141,5.508861475187629
600639.SH,20260603,9.88,9.94,9.78,9.8,9.86,-0.06,-0.6085,31094.0,30511.921,9.81280021869171
600640.SH,20260603,11.56,11.8,11.35,11.61,11.64,-0.03,-0.2577,83611.49,97034.131,11.605358426216299
600641.SH,20260603,25.51,27.79,25.44,27.04,25.65,1.39,5.4191,442250.13,1192467.92,26.963653351554694
600642.SH,20260603,10.5,10.53,10.22,10.39,10.65,-0.26,-2.4413,554866.53,574327.045,10.350724254353565
600643.SH,20260603,4.31,4.33,4.2,4.21,4.31,-0.1,-2.3202,107580.16,45601.744,4.238861886801432
600644.SH,20260603,11.16,11.96,11.03,11.8,11.2,0.6,5.3571,410576.66,474764.014,11.563346391877221
600645.SH,20260603,19.5,19.84,19.27,19.67,19.53,0.14,0.7168,79804.3,156360.391,19.592978197916654
600648.SH,20260603,9.72,9.72,9.53,9.57,9.72,-0.15,-1.5432,20740.0,19864.403,9.577822082931533
600649.SH,20260603,3.88,3.89,3.75,3.77,3.89,-0.12,-3.0848,256224.97,96988.075,3.7852702256146227
600650.SH,20260603,11.39,11.42,11.01,11.02,11.39,-0.37,-3.2485,37922.0,42281.403,11.149570961447182
600651.SH,20260603,6.49,6.85,6.4,6.64,6.49,0.15,2.3112,370734.01,247337.377,6.67155886237683
600653.SH,20260603,1.74,1.74,1.69,1.7,1.74,-0.04,-2.2989,225136.33,38515.449,1.7107611641355263
600654.SH,20260603,3.22,3.29,3.21,3.24,3.24,0.0,0.0,505399.77,164573.544,3.2563042915512206
600655.SH,20260603,4.7,4.71,4.59,4.65,4.69,-0.04,-0.8529,117085.18,54263.026,4.634491401900736
600657.SH,20260603,2.85,2.86,2.76,2.79,2.86,-0.07,-2.4476,240545.0,67127.892,2.790658379928912
600658.SH,20260603,4.67,4.68,4.55,4.59,4.67,-0.08,-1.7131,140146.0,64530.041,4.604486820886789
600660.SH,20260603,54.14,54.14,53.25,53.88,54.24,-0.36,-0.6637,100135.75,538600.662,53.787050279245925
600661.SH,20260603,8.41,8.45,8.13,8.21,8.46,-0.25,-2.9551,50129.19,41274.267,8.233579477346431
600662.SH,20260603,4.49,4.5,4.4,4.42,4.5,-0.08,-1.7778,107985.54,47899.275,4.435711948099718
600663.SH,20260603,7.29,7.3,7.11,7.17,7.27,-0.1,-1.3755,91030.8,65379.962,7.1821803169916105
600664.SH,20260603,3.33,3.33,3.25,3.28,3.33,-0.05,-1.5015,412878.39,135458.497,3.2808328137493463
600665.SH,20260603,3.38,3.48,3.27,3.42,3.42,0.0,0.0,193324.23,65065.369,3.365608594432265
600666.SH,20260603,4.9,5.07,4.79,4.84,4.61,0.23,4.9892,2269656.51,1120260.989,4.93581731008275
600667.SH,20260603,15.0,15.6,14.64,14.87,14.94,-0.07,-0.4685,3718680.33,5616749.349,15.104146768646824
600668.SH,20260603,8.16,8.16,7.87,7.91,8.13,-0.22,-2.706,77056.28,61266.375,7.9508607215401526
600671.SH,20260603,17.43,17.44,16.99,17.08,17.42,-0.34,-1.9518,13423.0,23001.315,17.135748342397378
600673.SH,20260603,34.52,36.0,34.48,34.79,35.62,-0.83,-2.3302,769763.23,2697539.185,35.0437521548022
600674.SH,20260603,15.4,15.6,15.1,15.46,15.44,0.02,0.1295,534211.51,818090.949,15.313989565668475
600675.SH,20260603,2.43,2.44,2.34,2.37,2.43,-0.06,-2.4691,242166.5,57516.815,2.3750937887775563
600676.SH,20260603,6.55,6.59,6.3,6.41,6.6,-0.19,-2.8788,127140.66,81458.714,6.406975864369432
600678.SH,20260603,6.95,7.04,6.75,6.75,7.1,-0.35,-4.9296,192253.0,131486.867,6.839262170161193
600679.SH,20260603,10.1,10.73,10.09,10.73,9.75,0.98,10.0513,110252.51,115329.633,10.46049953874066
600681.SH,20260603,3.86,3.87,3.75,3.8,3.87,-0.07,-1.8088,214723.78,81588.088,3.7996764028651135
600682.SH,20260603,6.16,6.4,6.02,6.11,6.17,-0.06,-0.9724,277360.19,172350.029,6.213942563278457
600683.SH,20260603,14.15,15.63,13.96,15.63,14.21,1.42,9.993,244789.92,366637.705,14.977647159654286
600684.SH,20260603,3.64,3.66,3.49,3.53,3.64,-0.11,-3.022,164399.82,58223.824,3.5415990114831026
600685.SH,20260603,27.8,28.02,27.44,27.62,27.86,-0.24,-0.8615,83879.7,233119.022,27.792066733667383
600686.SH,20260603,13.64,14.18,13.55,13.79,13.63,0.16,1.1739,165577.86,230156.247,13.90018248816599
600688.SH,20260603,3.07,3.07,3.07,3.07,2.79,0.28,10.0358,454076.84,139401.59,3.0700000026427245
600689.SH,20260603,11.66,11.66,11.36,11.44,11.67,-0.23,-1.9709,25120.01,28756.099,11.447487083006735
600690.SH,20260603,21.0,21.01,20.58,20.7,21.13,-0.43,-2.035,569257.37,1184767.224,20.812505668569557
600691.SH,20260603,2.72,2.79,2.68,2.74,2.73,0.01,0.3663,362832.07,98627.818,2.7182773011217005
600692.SH,20260603,6.85,6.86,6.65,6.7,6.83,-0.13,-1.9034,59881.91,40280.528,6.726660522351407
600693.SH,20260603,10.4,10.72,10.11,10.42,10.72,-0.3,-2.7985,850866.0,888592.904,10.443394188979227
600694.SH,20260603,15.15,15.16,14.71,14.89,15.23,-0.34,-2.2324,57664.22,85414.188,14.812337355816137
600696.SH,20260603,0.67,0.67,0.6,0.63,0.61,0.02,3.2787,80181.02,5239.744,0.65348931704785
600697.SH,20260603,11.59,11.6,11.17,11.3,11.6,-0.3,-2.5862,42341.23,47853.647,11.301902897010784
600698.SH,20260603,6.6,6.68,6.54,6.56,6.62,-0.06,-0.9063,72518.64,47884.091,6.60300455165734
600699.SH,20260603,26.31,27.29,26.12,26.93,26.35,0.58,2.2011,436061.12,1171355.832,26.86219381356448
600702.SH,20260603,42.01,43.1,40.81,42.31,42.6,-0.29,-0.6808,112800.5,469132.095,41.589540383242976
600703.SH,20260603,15.43,16.58,15.25,15.51,15.16,0.35,2.3087,3245768.93,5186289.862,15.978617005246887
600704.SH,20260603,4.96,4.97,4.89,4.91,4.97,-0.06,-1.2072,428044.0,210399.733,4.915376293091365
600706.SH,20260603,8.2,8.21,8.05,8.11,8.21,-0.1,-1.218,43674.4,35422.555,8.110599115271189
600707.SH,20260603,10.1,10.6,9.96,10.42,10.09,0.33,3.2706,1863791.18,1925218.755,10.329583998782523
600708.SH,20260603,3.24,3.27,3.09,3.11,3.23,-0.12,-3.7152,376639.0,118708.351,3.1517806440650062
600710.SH,20260603,11.48,11.67,11.28,11.5,11.44,0.06,0.5245,79037.0,90898.917,11.50080557207384
600711.SH,20260603,12.5,13.0,12.45,12.75,12.61,0.14,1.1102,981670.63,1256382.361,12.798410409813322
600712.SH,20260603,5.9,5.9,5.72,5.85,5.92,-0.07,-1.1824,85087.0,49252.914,5.788535734013421
600713.SH,20260603,5.09,5.09,5.02,5.05,5.08,-0.03,-0.5906,75822.8,38276.335,5.048129982010687
600714.SH,20260603,28.51,30.81,28.51,29.83,28.92,0.91,3.1466,216140.16,641682.869,29.68827583915918
600715.SH,20260603,1.89,1.9,1.88,1.9,1.9,0.0,0.0,162793.0,30748.212,1.888792024227086
600716.SH,20260603,3.69,3.77,3.62,3.7,3.69,0.01,0.271,104988.75,38694.571,3.6855921229655566
600717.SH,20260603,4.53,4.54,4.42,4.47,4.53,-0.06,-1.3245,248217.49,111097.704,4.475820942351806
600718.SH,20260603,8.33,8.38,8.16,8.18,8.32,-0.14,-1.6827,90915.13,74785.319,8.225838647538644
600719.SH,20260603,9.29,9.44,8.99,9.19,9.29,-0.1,-1.0764,421865.87,388098.165,9.199563003283483
600720.SH,20260603,6.07,6.07,5.98,6.02,6.08,-0.06,-0.9868,62445.39,37534.861,6.010829782630871
600721.SH,20260603,7.3,7.35,7.12,7.29,7.31,-0.02,-0.2736,63666.0,46057.499,7.2342378977790345
600722.SH,20260603,10.23,10.41,10.12,10.4,10.22,0.18,1.7613,237496.78,243720.562,10.2620575318958
600724.SH,20260603,6.66,7.15,6.66,6.78,6.68,0.1,1.497,136714.0,93730.087,6.855924557836066
600725.SH,20260603,3.93,4.02,3.86,4.0,3.94,0.06,1.5228,201464.67,79841.054,3.963030043927801
600726.SH,20260603,8.96,10.03,8.8,9.71,9.24,0.47,5.0866,5315045.18,5044684.845,9.491330128260547
600727.SH,20260603,8.66,8.7,8.48,8.56,8.7,-0.14,-1.6092,464067.02,396938.735,8.553478654871876
600728.SH,20260603,4.85,4.86,4.75,4.75,4.86,-0.11,-2.2634,268471.4,128835.172,4.798841589830425
600729.SH,20260603,20.28,20.4,19.58,19.87,20.31,-0.44,-2.1664,43193.0,85656.909,19.831201583589934
600730.SH,20260603,14.5,14.97,13.87,14.79,14.58,0.21,1.4403,260896.85,375362.765,14.387401189397266
600731.SH,20260603,5.66,5.73,5.56,5.63,5.68,-0.05,-0.8803,69921.3,39260.155,5.614906330402896
600732.SH,20260603,11.8,11.99,11.62,11.69,11.79,-0.1,-0.8482,233689.48,276691.59,11.840138888579837
600733.SH,20260603,6.07,6.11,5.95,6.04,6.1,-0.06,-0.9836,672074.41,405519.15,6.033843038302857
600734.SH,20260603,2.22,2.27,2.15,2.16,2.24,-0.08,-3.5714,856232.53,187451.781,2.18926254763995
600735.SH,20260603,6.81,6.92,6.53,6.59,6.86,-0.27,-3.9359,100694.05,67043.175,6.658106908998099
600736.SH,20260603,7.06,7.26,6.99,7.18,7.06,0.12,1.6997,439651.74,315281.17,7.171157107213996
600737.SH,20260603,14.08,14.76,13.94,14.48,14.15,0.33,2.3322,464357.33,666310.686,14.349093746404304
600738.SH,20260603,4.34,4.34,4.24,4.28,4.34,-0.06,-1.3825,79091.0,33807.563,4.274514546535004
600739.SH,20260603,10.71,10.73,10.55,10.55,10.71,-0.16,-1.4939,105943.68,112465.931,10.615633797126927
600740.SH,20260603,3.98,4.1,3.9,4.07,4.03,0.04,0.9926,692816.67,277013.948,3.998373018362851
600741.SH,20260603,16.97,17.09,16.7,17.07,16.97,0.1,0.5893,209832.76,355747.679,16.953867403736194
600742.SH,20260603,8.1,8.11,7.96,8.0,8.09,-0.09,-1.1125,49573.52,39755.159,8.019434367380004
600743.SH,20260603,2.48,2.61,2.41,2.57,2.53,0.04,1.581,1254344.44,314549.002,2.507676456077726
600744.SH,20260603,8.5,9.3,8.4,9.2,8.83,0.37,4.1903,3122889.91,2800214.197,8.96674003151139
600745.SH,20260603,23.93,23.93,21.65,21.65,22.79,-1.14,-5.0022,460875.0,1043592.564,22.643722571196093
600746.SH,20260603,6.5,6.53,6.37,6.41,6.5,-0.09,-1.3846,103109.0,66210.326,6.421391537111213
600748.SH,20260603,4.46,4.49,4.38,4.49,4.47,0.02,0.4474,193147.52,85535.432,4.42850273200505
600749.SH,20260603,14.8,14.94,14.56,14.88,14.8,0.08,0.5405,43971.21,65049.991,14.793768695471423
600750.SH,20260603,26.02,26.26,25.55,26.1,26.02,0.08,0.3075,48701.51,126423.802,25.95890805028427
600751.SH,20260603,3.25,3.25,3.16,3.22,3.26,-0.04,-1.227,388444.33,124620.973,3.2082067718686997
600753.SH,20260603,12.49,12.67,12.19,12.4,12.83,-0.43,-3.3515,32856.95,40459.357,12.313789624417364
600754.SH,20260603,20.42,20.5,20.02,20.21,20.5,-0.29,-1.4146,108959.0,219945.581,20.186086601382172
600755.SH,20260603,5.96,5.97,5.86,5.86,5.95,-0.09,-1.5126,117459.45,69216.923,5.892835612630572
600756.SH,20260603,14.33,14.33,14.0,14.1,14.35,-0.25,-1.7422,57946.78,82087.256,14.165973674464741
600757.SH,20260603,8.11,8.13,7.98,8.01,8.11,-0.1,-1.233,65988.28,52976.993,8.028242742499124
600758.SH,20260603,5.05,5.66,5.0,5.39,5.25,0.14,2.6667,2366951.39,1232383.9,5.206629528627539
600759.SH,20260603,3.2,3.2,2.9,2.99,3.05,-0.06,-1.9672,6234275.5,1872406.629,3.003406937983411
600760.SH,20260603,43.1,43.2,42.3,42.41,43.27,-0.86,-1.9875,145112.56,619150.785,42.666932827868244
600761.SH,20260603,17.31,17.32,16.83,16.92,17.2,-0.28,-1.6279,103783.0,177069.692,17.06153146469075
600763.SH,20260603,36.61,36.67,35.01,35.24,36.81,-1.57,-4.2651,114703.79,406321.401,35.423537530887174
600764.SH,20260603,20.8,20.92,20.5,20.6,20.81,-0.21,-1.0091,26869.91,55568.917,20.680723158358177
600765.SH,20260603,14.08,14.15,13.88,13.97,14.1,-0.13,-0.922,165945.43,232350.952,14.00164813216007
600768.SH,20260603,16.99,16.99,16.48,16.64,16.95,-0.31,-1.8289,45960.97,76777.249,16.704880031905333
600769.SH,20260603,16.46,17.94,16.3,16.4,16.31,0.09,0.5518,451906.24,771949.071,17.082062664149092
600770.SH,20260603,6.0,6.24,5.98,6.07,6.01,0.06,0.9983,413680.1,253266.989,6.12229084744468
600771.SH,20260603,14.8,15.03,14.55,14.88,14.84,0.04,0.2695,64497.02,95474.261,14.802894924447674
600773.SH,20260603,16.02,16.23,15.46,15.64,16.14,-0.5,-3.0979,328662.0,519189.509,15.79706534372699
600774.SH,20260603,7.44,7.5,7.23,7.31,7.45,-0.14,-1.8792,41500.0,30361.916,7.316124337349398
600775.SH,20260603,10.78,11.09,10.76,10.9,10.79,0.11,1.0195,153899.83,168083.684,10.921628958264609
600776.SH,20260603,14.73,15.35,14.68,15.11,14.73,0.38,2.5798,255346.74,386324.493,15.12940768305873
600777.SH,20260603,5.36,5.63,5.26,5.63,5.36,0.27,5.0373,268074.3,146122.023,5.450803116897069
600778.SH,20260603,6.09,6.1,5.87,5.97,6.1,-0.13,-2.1311,100840.0,60033.761,5.9533678103927015
600779.SH,20260603,31.9,32.98,31.13,32.67,32.39,0.28,0.8645,126795.47,405617.451,31.989900822166597
600780.SH,20260603,7.49,7.82,7.35,7.82,7.49,0.33,4.4059,576771.33,438504.634,7.602746724598813
600782.SH,20260603,2.81,2.83,2.77,2.81,2.81,0.0,0.0,398407.75,111396.35,2.796038731676279
600783.SH,20260603,21.43,23.54,21.28,23.29,21.4,1.89,8.8318,625400.09,1428509.38,22.84152821276377
600784.SH,20260603,7.48,7.57,7.34,7.4,7.54,-0.14,-1.8568,134459.34,99821.49,7.423916404765932
600785.SH,20260603,15.86,15.99,15.57,15.7,16.05,-0.35,-2.1807,51058.0,80471.324,15.760766970895844
600787.SH,20260603,4.82,4.83,4.74,4.77,4.83,-0.06,-1.2422,187158.76,89303.467,4.771535513485984
600789.SH,20260603,7.78,7.79,7.59,7.61,7.8,-0.19,-2.4359,117775.1,90341.754,7.670700682911753
600790.SH,20260603,4.09,4.11,4.03,4.07,4.1,-0.03,-0.7317,145758.1,59164.899,4.059115685509073
600791.SH,20260603,14.38,15.9,14.23,15.9,14.45,1.45,10.0346,186123.35,284821.078,15.30281278517714
600792.SH,20260603,4.25,4.63,4.23,4.51,4.31,0.2,4.6404,605620.28,268867.943,4.439546558777722
600793.SH,20260603,14.12,14.12,13.75,13.84,14.11,-0.27,-1.9135,30566.65,42334.101,13.849767966067594
600794.SH,20260603,3.24,3.25,3.2,3.21,3.23,-0.02,-0.6192,63376.0,20374.143,3.2148041845493562
600795.SH,20260603,5.26,5.28,5.11,5.23,5.32,-0.09,-1.6917,4045616.58,2098617.324,5.187385612306344
600796.SH,20260603,5.37,5.41,5.28,5.31,5.41,-0.1,-1.8484,60394.0,32184.827,5.329143126800676
600797.SH,20260603,7.88,8.05,7.77,7.97,8.25,-0.28,-3.3939,597136.22,473648.16,7.931995148443684
600798.SH,20260603,3.66,3.68,3.54,3.59,3.65,-0.06,-1.6438,405213.71,145759.577,3.597103785061961
600800.SH,20260603,3.89,3.93,3.82,3.87,3.9,-0.03,-0.7692,169033.0,65527.116,3.8765871752852994
600801.SH,20260603,18.87,19.53,18.34,19.04,18.92,0.12,0.6342,162024.83,309393.158,19.095416301316288
600802.SH,20260603,5.06,5.08,4.96,5.02,5.07,-0.05,-0.9862,61153.37,30691.937,5.0188463857347525
600803.SH,20260603,19.62,19.81,19.31,19.64,19.63,0.01,0.0509,56703.93,110817.883,19.54324559161949
600805.SH,20260603,4.73,4.75,4.63,4.66,4.73,-0.07,-1.4799,72712.62,33920.483,4.665006294643214
600807.SH,20260603,2.73,2.79,2.68,2.77,2.74,0.03,1.0949,207048.0,56307.254,2.7195265832077586
600808.SH,20260603,2.88,2.91,2.85,2.88,2.88,0.0,0.0,473891.05,136736.454,2.8853985320043503
600809.SH,20260603,125.3,125.4,122.0,123.5,125.7,-2.2,-1.7502,89392.76,1102185.746,123.29698132152986
600810.SH,20260603,5.78,5.9,5.7,5.83,5.78,0.05,0.8651,123761.54,71943.832,5.813100903560185
600812.SH,20260603,4.53,4.53,4.45,4.48,4.54,-0.06,-1.3216,109462.23,49037.934,4.4798953940551005
600814.SH,20260603,7.27,7.27,7.06,7.17,7.29,-0.12,-1.6461,85668.0,61149.947,7.13801501143951
600815.SH,20260603,3.35,3.38,3.29,3.36,3.33,0.03,0.9009,351338.0,117530.569,3.345227928661289
600816.SH,20260603,3.02,3.04,2.99,3.0,3.03,-0.03,-0.9901,586296.09,176694.902,3.013748599278566
600817.SH,20260603,10.11,10.17,9.9,9.97,10.11,-0.14,-1.3848,32963.42,32954.462,9.997282442173779
600818.SH,20260603,6.03,6.08,5.9,5.93,6.0,-0.07,-1.1667,69993.11,41835.579,5.9770996030895045
600819.SH,20260603,6.52,6.52,6.34,6.4,6.54,-0.14,-2.1407,71604.0,45938.675,6.415657644824312
600820.SH,20260603,5.8,5.81,5.65,5.7,5.8,-0.1,-1.7241,190771.01,109156.362,5.721852707075357
600821.SH,20260603,7.9,8.49,7.71,8.25,7.99,0.26,3.2541,2373516.13,1930797.336,8.134755486157156
600822.SH,20260603,8.89,8.9,8.77,8.84,8.89,-0.05,-0.5624,22279.0,19651.342,8.820567350419678
600824.SH,20260603,3.83,3.84,3.75,3.78,3.84,-0.06,-1.5625,82632.46,31314.022,3.789554613283932
600825.SH,20260603,5.14,5.14,4.97,5.0,5.14,-0.14,-2.7237,81027.0,40807.188,5.036245695879151
600826.SH,20260603,8.78,8.98,8.73,8.81,8.75,0.06,0.6857,46857.4,41230.313,8.799103876868969
600827.SH,20260603,8.37,8.37,8.13,8.21,8.38,-0.17,-2.0286,146325.08,120327.322,8.223287627794225
600828.SH,20260603,4.5,4.59,4.41,4.5,4.59,-0.09,-1.9608,367094.0,164454.982,4.479914735735261
600829.SH,20260603,8.8,8.8,8.58,8.7,8.75,-0.05,-0.5714,40294.0,34926.335,8.66787486970765
600830.SH,20260603,8.08,8.11,7.92,8.0,8.12,-0.12,-1.4778,80169.0,64209.572,8.009276902543377
600831.SH,20260603,3.6,3.62,3.5,3.56,3.61,-0.05,-1.385,193912.87,69121.242,3.5645515431750354
600833.SH,20260603,10.6,10.63,10.27,10.32,10.61,-0.29,-2.7333,28886.15,29952.717,10.369231275195897
600834.SH,20260603,7.59,7.6,7.34,7.41,7.59,-0.18,-2.3715,31572.0,23443.124,7.425289497022678
600835.SH,20260603,22.05,22.28,21.66,21.69,22.22,-0.53,-2.3852,63095.43,138535.38,21.95648401159957
600838.SH,20260603,8.25,8.35,8.08,8.18,8.34,-0.16,-1.9185,92490.76,75580.569,8.171688609759505
600839.SH,20260603,7.15,7.37,7.15,7.22,7.19,0.03,0.4172,681684.28,495306.873,7.2659277547077945
600841.SH,20260603,7.56,7.87,7.4,7.46,7.56,-0.1,-1.3228,271700.0,207066.309,7.621137615016562
600843.SH,20260603,7.7,7.77,7.59,7.66,7.72,-0.06,-0.7772,75239.99,57778.276,7.679197724507937
600844.SH,20260603,3.03,3.04,2.96,3.01,3.05,-0.04,-1.3115,228630.0,68396.392,2.991575558763067
600845.SH,20260603,20.61,20.8,20.0,20.26,20.84,-0.58,-2.7831,221651.38,450845.719,20.340307333074126
600846.SH,20260603,11.38,12.44,11.3,12.29,11.31,0.98,8.6649,150269.93,184755.519,12.294909500523492
600847.SH,20260603,15.62,15.72,14.99,15.16,15.35,-0.19,-1.2378,45398.0,69475.238,15.303590025992333
600848.SH,20260603,9.45,9.49,9.01,9.07,9.51,-0.44,-4.6267,247692.4,226802.603,9.156623416786305
600850.SH,20260603,25.0,25.04,22.87,22.87,25.41,-2.54,-9.9961,422169.68,1004154.156,23.785558356535695
600851.SH,20260603,7.73,7.73,7.51,7.67,7.66,0.01,0.1305,80236.0,61252.483,7.634039957126477
600853.SH,20260603,3.61,3.63,3.56,3.57,3.62,-0.05,-1.3812,54887.74,19614.478,3.5735626935997002
600854.SH,20260603,4.89,4.9,4.79,4.85,4.9,-0.05,-1.0204,89629.0,43449.553,4.847711454997825
600855.SH,20260603,15.35,15.88,15.22,15.54,15.35,0.19,1.2378,125279.21,194322.165,15.51112630738971
600857.SH,20260603,16.3,17.47,15.52,17.22,16.53,0.69,4.1742,246158.08,410110.503,16.66045262458986
600858.SH,20260603,5.19,5.2,5.03,5.11,5.23,-0.12,-2.2945,105681.0,53833.034,5.093917922805424
600859.SH,20260603,10.92,10.93,10.68,10.77,10.98,-0.21,-1.9126,168373.68,181344.548,10.770361971063412
600860.SH,20260603,9.23,9.27,9.11,9.19,9.24,-0.05,-0.5411,49501.37,45496.913,9.191041177244184
600861.SH,20260603,14.43,14.46,14.13,14.26,14.43,-0.17,-1.1781,24810.97,35346.086,14.246152407584226
600862.SH,20260603,17.77,18.0,17.62,17.81,17.76,0.05,0.2815,138435.38,246717.328,17.821840630624916
600863.SH,20260603,7.03,7.79,6.7,7.39,7.38,0.01,0.1355,6982130.04,4959862.388,7.103652265978134
600864.SH,20260603,5.56,5.59,5.49,5.5,5.57,-0.07,-1.2567,249277.0,137653.785,5.522121375016548
600865.SH,20260603,10.66,10.75,10.36,10.45,10.85,-0.4,-3.6866,197181.82,207507.623,10.523669119191617
600866.SH,20260603,5.04,5.06,4.91,4.92,5.05,-0.13,-2.5743,208065.0,103121.889,4.956234301780693
600867.SH,20260603,8.5,8.5,8.31,8.35,8.5,-0.15,-1.7647,206540.56,172665.802,8.359898026808875
600868.SH,20260603,3.39,3.49,3.33,3.44,3.41,0.03,0.8798,987131.88,337522.946,3.419228502679905
600869.SH,20260603,25.9,27.81,25.48,26.9,25.28,1.62,6.4082,1907182.09,5114609.764,26.81762685806262
600871.SH,20260603,2.36,2.41,2.32,2.4,2.36,0.04,1.6949,1506971.9,356539.585,2.3659338637966645
600872.SH,20260603,18.97,19.0,18.54,18.76,18.97,-0.21,-1.107,131644.81,246929.071,18.75722035680708
600873.SH,20260603,9.43,9.48,9.2,9.21,9.44,-0.23,-2.4364,202702.79,188446.285,9.296679389563408
600874.SH,20260603,5.83,5.85,5.71,5.81,5.85,-0.04,-0.6838,118634.56,68411.89,5.7666071337053895
600875.SH,20260603,32.72,33.97,32.55,33.41,33.07,0.34,1.0281,643251.29,2149149.327,33.41072704261502
600876.SH,20260603,8.56,8.56,8.18,8.27,8.56,-0.29,-3.3879,56638.0,47037.446,8.304927080758501
600877.SH,20260603,13.88,14.31,13.84,13.98,13.88,0.1,0.7205,204667.97,288356.03,14.088967120746839
600879.SH,20260603,19.23,20.68,19.23,19.98,19.39,0.59,3.0428,1502630.44,2989416.616,19.894556481898505
600880.SH,20260603,4.32,4.34,4.23,4.26,4.35,-0.09,-2.069,166254.05,71138.304,4.2788914916659175
600881.SH,20260603,1.54,1.56,1.51,1.54,1.55,-0.01,-0.6452,549839.0,84259.381,1.5324373316552662
600882.SH,20260603,19.25,19.25,18.42,19.03,19.39,-0.36,-1.8566,100857.51,189391.923,18.77816763471555
600883.SH,20260603,8.42,8.47,8.18,8.32,8.42,-0.1,-1.1876,59271.65,49383.482,8.33172047682155
600884.SH,20260603,14.0,14.22,13.69,13.89,14.08,-0.19,-1.3494,683801.42,953605.193,13.945645111412608
600885.SH,20260603,35.58,35.9,34.34,34.68,35.11,-0.43,-1.2247,177664.23,619372.463,34.86196760034363
600886.SH,20260603,14.38,14.42,14.05,14.3,14.46,-0.16,-1.1065,543821.83,774634.853,14.244276530789506
600887.SH,20260603,26.81,26.93,26.34,26.72,26.86,-0.14,-0.5212,634925.69,1689005.116,26.60161878156167
600888.SH,20260603,11.75,11.93,11.22,11.31,11.83,-0.52,-4.3956,879366.96,1011718.695,11.505079688233907
600889.SH,20260603,15.96,16.39,15.81,15.94,16.2,-0.26,-1.6049,43084.0,69287.392,16.08193111131743
600892.SH,20260603,3.91,3.95,3.79,3.79,3.97,-0.18,-4.534,120288.0,46257.209,3.845538125166268
600893.SH,20260603,41.12,41.81,40.85,41.25,41.12,0.13,0.3161,201928.19,835013.608,41.352007760778726
600894.SH,20260603,8.83,8.95,8.72,8.9,8.85,0.05,0.565,61244.17,54121.74,8.837043591251216
600895.SH,20260603,33.2,33.85,32.85,33.08,33.33,-0.25,-0.7501,250475.74,838399.516,33.47228422201687
600897.SH,20260603,14.9,15.05,14.76,14.82,15.06,-0.24,-1.5936,20693.2,30790.536,14.879543038292773
600900.SH,20260603,27.85,27.98,27.51,27.89,27.96,-0.07,-0.2504,1143005.88,3168757.471,27.723019858830472
600901.SH,20260603,6.69,6.69,6.48,6.53,6.66,-0.13,-1.952,283021.11,185326.361,6.548146214252358
600903.SH,20260603,9.54,9.63,9.21,9.26,9.63,-0.37,-3.8422,396604.34,369759.693,9.323137840599525
600905.SH,20260603,4.29,4.32,4.22,4.29,4.32,-0.03,-0.6944,3071485.77,1311305.554,4.2692874139540615
600906.SH,20260603,6.75,7.0,6.67,6.82,6.82,0.0,0.0,770843.13,527978.616,6.8493652657966875
600908.SH,20260603,5.58,5.58,5.46,5.48,5.55,-0.07,-1.2613,142420.0,78338.673,5.50053875860132
600909.SH,20260603,7.08,7.69,7.01,7.44,7.11,0.33,4.6414,2438118.16,1802822.853,7.39432108983594
600916.SH,20260603,7.94,7.96,7.87,7.93,7.99,-0.06,-0.7509,194828.0,154185.487,7.913928542098672
600917.SH,20260603,5.24,5.25,5.15,5.22,5.24,-0.02,-0.3817,50285.89,26130.323,5.19635289342597
600918.SH,20260603,5.5,5.51,5.41,5.43,5.51,-0.08,-1.4519,319910.25,174057.074,5.440809539550545
600919.SH,20260603,11.46,11.47,11.28,11.32,11.5,-0.18,-1.5652,828925.13,940110.271,11.341317049948769
600925.SH,20260603,4.76,4.85,4.73,4.81,4.81,0.0,0.0,269177.55,128663.217,4.779864331182152
600926.SH,20260603,16.22,16.25,15.96,16.02,16.23,-0.21,-1.2939,435162.17,698458.894,16.050542582780118
600927.SH,20260603,13.61,13.69,13.36,13.4,13.56,-0.16,-1.1799,53378.0,72060.051,13.499953351568063
600928.SH,20260603,3.57,3.58,3.49,3.53,3.58,-0.05,-1.3966,255078.9,89974.8,3.527332131352299
600929.SH,20260603,5.41,5.43,5.33,5.37,5.41,-0.04,-0.7394,162471.13,87353.216,5.376537727041105
600930.SH,20260603,6.29,6.34,6.16,6.25,6.35,-0.1,-1.5748,2126886.05,1325836.615,6.233698392069477
600933.SH,20260603,15.6,15.92,15.38,15.55,15.61,-0.06,-0.3844,130046.3,202422.895,15.565448228823119
600935.SH,20260603,2.44,2.45,2.4,2.43,2.44,-0.01,-0.4098,187137.9,45303.78,2.4208767972708896
600936.SH,20260603,6.1,6.51,6.0,6.51,5.92,0.59,9.9662,1975277.19,1251888.635,6.337787128499165
600938.SH,20260603,35.19,36.37,35.06,36.28,35.18,1.1,3.1268,550823.58,1964438.121,35.66365334250941
600939.SH,20260603,2.98,3.08,2.97,3.05,2.99,0.06,2.0067,310001.71,94263.912,3.040754581644082
600941.SH,20260603,100.42,100.9,99.5,100.16,100.42,-0.26,-0.2589,82366.31,824452.841,100.09588155642763
600955.SH,20260603,16.22,16.29,16.0,16.13,16.21,-0.08,-0.4935,42129.0,68007.511,16.142683424719316
600956.SH,20260603,9.64,9.84,9.24,9.75,9.87,-0.12,-1.2158,518329.2,491341.117,9.479325436421487
600958.SH,20260603,9.22,9.27,9.14,9.16,9.25,-0.09,-0.973,592816.95,545899.628,9.20856982918589
600959.SH,20260603,3.51,3.52,3.43,3.44,3.52,-0.08,-2.2727,381056.1,132121.814,3.46725361436282
600960.SH,20260603,4.4,4.43,4.32,4.37,4.39,-0.02,-0.4556,115870.0,50767.298,4.381401398118581
600961.SH,20260603,25.69,26.67,25.54,26.07,25.98,0.09,0.3464,379553.98,995433.524,26.22640194683244
600962.SH,20260603,24.94,25.42,24.5,24.65,24.94,-0.29,-1.1628,47815.0,119405.636,24.972422043291857
600963.SH,20260603,3.96,3.97,3.87,3.9,3.97,-0.07,-1.7632,218219.84,85376.32,3.912399532508135
600965.SH,20260603,3.22,3.23,3.07,3.11,3.2,-0.09,-2.8125,87838.89,27373.771,3.116361215402426
600966.SH,20260603,5.89,5.95,5.79,5.89,5.9,-0.01,-0.1695,96744.82,56653.902,5.856013996408283
600967.SH,20260603,12.38,12.44,12.21,12.27,12.39,-0.12,-0.9685,142391.55,175445.674,12.321354321938347
600968.SH,20260603,4.0,4.05,3.96,4.04,4.0,0.04,1.0,389729.7,155957.286,4.001678240072542
600969.SH,20260603,11.13,11.49,10.88,11.26,11.19,0.07,0.6256,178289.0,199637.362,11.197402083134687
600970.SH,20260603,8.95,9.04,8.84,8.94,8.96,-0.02,-0.2232,191603.0,171687.337,8.960576661116997
600971.SH,20260603,7.93,8.2,7.85,8.15,7.95,0.2,2.5157,269344.49,215904.557,8.015926258599164
600973.SH,20260603,6.86,7.34,6.81,7.06,6.87,0.19,2.7656,370964.4,264902.152,7.140904949369804
600975.SH,20260603,5.01,5.02,4.92,4.96,5.01,-0.05,-0.998,86764.5,42965.135,4.951925614738747
600976.SH,20260603,28.66,28.66,27.86,27.96,28.74,-0.78,-2.714,17680.28,49604.322,28.056298882144404
600977.SH,20260603,14.28,14.61,13.7,14.41,14.38,0.03,0.2086,468875.29,667039.907,14.226382179363728
600979.SH,20260603,5.2,5.34,5.06,5.3,5.2,0.1,1.9231,1224253.82,640022.654,5.227859154239764
600980.SH,20260603,20.75,21.43,20.67,21.13,20.77,0.36,1.7333,31931.01,67292.216,21.074252270754982
600981.SH,20260603,2.66,2.67,2.55,2.58,2.66,-0.08,-3.0075,361056.02,93256.886,2.5828924276072174
600982.SH,20260603,6.66,7.33,6.54,7.11,6.74,0.37,5.4896,1380699.25,956719.51,6.929239006974184
600983.SH,20260603,8.8,8.83,8.66,8.7,8.8,-0.1,-1.1364,19226.0,16754.458,8.714479350879017
600984.SH,20260603,4.45,4.5,4.32,4.35,4.45,-0.1,-2.2472,251522.2,110977.81,4.412247109797863
600985.SH,20260603,15.45,16.05,15.23,15.83,15.68,0.15,0.9566,340609.53,532164.93,15.623900188582509
600986.SH,20260603,8.5,8.56,8.31,8.38,8.56,-0.18,-2.1028,641387.11,540908.674,8.433419779826881
600987.SH,20260603,6.68,6.69,6.57,6.65,6.68,-0.03,-0.4491,46787.0,31003.677,6.626558018252934
600988.SH,20260603,33.3,33.93,32.81,33.45,34.15,-0.7,-2.0498,349434.59,1171676.828,33.53064812501819
600989.SH,20260603,24.6,25.03,24.2,24.99,24.55,0.44,1.7923,860409.02,2114556.877,24.576182116268374
600990.SH,20260603,18.8,19.1,18.64,18.76,18.88,-0.12,-0.6356,26752.29,50507.672,18.87975646197017
600992.SH,20260603,12.31,12.65,11.99,12.11,12.5,-0.39,-3.12,121533.56,149278.274,12.2828849907795
600993.SH,20260603,24.24,24.24,23.63,23.75,24.32,-0.57,-2.3438,38180.0,90984.08,23.830298585646936
600995.SH,20260603,15.37,16.3,15.06,16.3,15.58,0.72,4.6213,726426.04,1137529.27,15.659257892241857
600996.SH,20260603,9.0,9.14,8.5,8.75,9.08,-0.33,-3.6344,437947.51,386465.42,8.824468941494837
600997.SH,20260603,5.66,5.8,5.55,5.7,5.67,0.03,0.5291,157744.87,88965.886,5.639859223314203
600998.SH,20260603,4.87,4.93,4.83,4.89,4.89,0.0,0.0,249890.52,122023.717,4.883087081494729
600999.SH,20260603,17.1,17.58,16.86,17.31,17.13,0.18,1.0508,803253.85,1391732.776,17.326188676219854
601000.SH,20260603,4.34,4.41,4.23,4.34,4.32,0.02,0.463,703725.52,305516.078,4.341409673476101
601001.SH,20260603,20.2,22.72,19.68,21.88,20.65,1.23,5.9564,705795.1,1490365.777,21.116125303221857
601002.SH,20260603,5.13,5.15,5.06,5.12,5.12,0.0,0.0,131952.76,67450.276,5.111698762496517
601003.SH,20260603,3.84,3.91,3.77,3.86,3.85,0.01,0.2597,207666.6,79577.425,3.8319799621123476
601005.SH,20260603,1.31,1.31,1.28,1.3,1.31,-0.01,-0.7634,608228.57,78891.707,1.2970733518815138
601006.SH,20260603,5.19,5.19,5.11,5.15,5.18,-0.03,-0.5792,1285255.65,660685.396,5.140497892384289
601007.SH,20260603,6.84,6.87,6.68,6.71,6.85,-0.14,-2.0438,61638.79,41480.932,6.729679800657995
601008.SH,20260603,4.53,4.64,4.49,4.6,4.53,0.07,1.5453,110885.56,50778.809,4.579388786060151
601009.SH,20260603,11.26,11.27,11.08,11.14,11.26,-0.12,-1.0657,450222.6,502649.04,11.164455982440685
601010.SH,20260603,1.72,1.73,1.64,1.64,1.73,-0.09,-5.2023,603258.0,100662.648,1.6686500303352794
601011.SH,20260603,2.96,3.08,2.88,3.08,2.98,0.1,3.3557,788524.35,237028.833,3.0059798787443914
601012.SH,20260603,13.48,13.81,13.38,13.42,13.48,-0.06,-0.4451,1437241.94,1957606.911,13.620580199600912
601015.SH,20260603,3.82,4.09,3.61,4.0,3.9,0.1,2.5641,1229036.69,471328.748,3.8349444881096275
601016.SH,20260603,4.81,5.02,4.71,4.87,4.93,-0.06,-1.217,4500811.12,2179268.851,4.841946913337701
601018.SH,20260603,3.46,3.47,3.41,3.45,3.47,-0.02,-0.5764,701450.17,241128.836,3.43757612889309
601019.SH,20260603,7.16,7.17,7.01,7.04,7.17,-0.13,-1.8131,84450.7,59642.494,7.0624037456172655
601020.SH,20260603,25.0,27.28,24.81,25.85,25.09,0.76,3.0291,404470.17,1060255.212,26.213434033961022
601021.SH,20260603,46.86,46.87,45.67,45.82,47.35,-1.53,-3.2313,87253.07,402431.976,46.122385836968256
601022.SH,20260603,8.28,8.29,8.11,8.13,8.29,-0.16,-1.93,55375.0,45170.386,8.157180316027087
601026.SH,20260603,17.47,17.58,17.21,17.25,17.39,-0.14,-0.8051,22603.53,39277.669,17.3767853959094
601033.SH,20260603,14.88,14.91,14.42,14.73,15.0,-0.27,-1.8,81810.5,119730.4,14.635089627859504
601038.SH,20260603,13.07,13.18,12.69,12.84,12.91,-0.07,-0.5422,66737.43,85941.592,12.877569903426009
601058.SH,20260603,12.68,12.72,12.46,12.55,12.75,-0.2,-1.5686,220939.33,278091.73,12.586791586631499
601059.SH,20260603,17.03,17.03,16.74,16.81,17.03,-0.22,-1.2918,87883.4,148139.006,16.856312568698982
601061.SH,20260603,12.98,13.17,12.76,12.92,13.04,-0.12,-0.9202,135638.67,175180.229,12.915212822420035
601065.SH,20260603,7.73,7.75,7.65,7.69,7.73,-0.04,-0.5175,22303.0,17127.53,7.679473613415235
601066.SH,20260603,25.51,25.9,25.31,25.55,25.8,-0.25,-0.969,512566.67,1311613.121,25.58912230871352
601068.SH,20260603,5.42,5.52,5.38,5.48,5.47,0.01,0.1828,126493.82,68953.473,5.451133739181882
601069.SH,20260603,27.15,27.7,26.82,27.43,27.9,-0.47,-1.6846,116892.46,319871.776,27.364620096112272
601077.SH,20260603,6.8,6.8,6.66,6.71,6.78,-0.07,-1.0324,428593.01,287762.625,6.71412314913862
601083.SH,20260603,11.46,11.51,11.26,11.31,11.51,-0.2,-1.7376,57301.0,65091.602,11.359592677265667
601086.SH,20260603,8.07,8.07,7.68,7.8,8.0,-0.2,-2.5,176747.0,137399.319,7.7737850713166265
601088.SH,20260603,47.78,49.18,47.66,48.85,48.24,0.61,1.2645,412751.98,2000074.202,48.45704682022362
601089.SH,20260603,17.56,17.57,17.18,17.27,17.53,-0.26,-1.4832,23378.0,40460.502,17.307084438360853
601096.SH,20260603,4.97,5.0,4.88,4.92,4.96,-0.04,-0.8065,200305.7,98909.479,4.937926329605198
601098.SH,20260603,11.23,11.33,11.05,11.21,11.16,0.05,0.448,78675.59,88045.781,11.190990877856779
601099.SH,20260603,3.35,3.36,3.29,3.3,3.36,-0.06,-1.7857,1097551.16,365143.309,3.3268910125337574
601100.SH,20260603,111.33,115.78,109.7,112.64,111.36,1.28,1.1494,105070.29,1198413.62,114.05827660702185
601101.SH,20260603,12.93,14.65,12.45,14.01,13.32,0.69,5.1802,1175774.12,1578841.915,13.428105689211801
601106.SH,20260603,3.67,3.76,3.65,3.72,3.69,0.03,0.813,599949.91,222988.349,3.716782772748478
601107.SH,20260603,6.27,6.27,6.11,6.17,6.26,-0.09,-1.4377,110305.0,68205.629,6.18336693712887
601108.SH,20260603,7.87,7.97,7.79,7.89,7.9,-0.01,-0.1266,414723.79,326442.307,7.871318570849287
601111.SH,20260603,6.61,6.61,6.5,6.51,6.67,-0.16,-2.3988,1178767.95,772196.274,6.550876056648809
601112.SH,20260603,17.54,17.73,17.21,17.3,17.6,-0.3,-1.7045,69535.05,121555.61,17.481199769037342
601113.SH,20260603,4.08,4.14,4.02,4.04,4.08,-0.04,-0.9804,83214.0,33740.378,4.054651621121446
601116.SH,20260603,12.46,12.7,12.22,12.6,12.53,0.07,0.5587,174687.61,218192.012,12.490411426431445
601117.SH,20260603,7.7,7.74,7.6,7.68,7.75,-0.07,-0.9032,780392.14,597467.719,7.65599354960187
601118.SH,20260603,6.69,7.29,6.66,7.04,6.71,0.33,4.918,1156403.15,805840.403,6.968507505362642
601121.SH,20260603,6.63,6.65,6.47,6.55,6.64,-0.09,-1.3554,97725.0,64074.769,6.556640470708621
601126.SH,20260603,76.59,79.68,74.52,76.5,76.66,-0.16,-0.2087,267102.71,2060986.872,77.16083719255411
601127.SH,20260603,80.5,80.72,78.77,79.1,81.21,-2.11,-2.5982,224579.86,1786511.004,79.5490300866694
601128.SH,20260603,7.18,7.18,7.05,7.06,7.18,-0.12,-1.6713,499476.76,353722.403,7.081859083894113
601133.SH,20260603,26.4,28.18,26.01,27.46,26.4,1.06,4.0152,350005.32,960512.829,27.44280655505465
601136.SH,20260603,14.48,14.49,14.24,14.31,14.47,-0.16,-1.1057,97368.0,139682.49,14.345831279270396
601137.SH,20260603,21.68,23.24,21.6,22.66,21.52,1.14,5.2974,568941.44,1282382.564,22.53979889388968
601138.SH,20260603,79.95,84.95,78.43,81.05,80.01,1.04,1.2998,3866135.72,31591777.538,81.71409341522029
601139.SH,20260603,6.66,6.67,6.49,6.6,6.63,-0.03,-0.4525,230996.29,151423.203,6.555222293829914
601155.SH,20260603,12.64,12.69,12.1,12.33,12.71,-0.38,-2.9898,256562.05,316032.401,12.31797146148466
601156.SH,20260603,16.78,16.98,16.6,16.78,16.76,0.02,0.1193,70494.0,118334.328,16.786439696995487
601158.SH,20260603,4.3,4.3,4.25,4.29,4.3,-0.01,-0.2326,82015.46,34996.298,4.26703672697806
601162.SH,20260603,3.33,3.35,3.3,3.3,3.34,-0.04,-1.1976,832447.91,276329.986,3.31948681329502
601163.SH,20260603,14.1,14.16,13.82,13.88,14.11,-0.23,-1.63,43834.0,61033.107,13.923690970479537
601166.SH,20260603,18.56,18.64,18.38,18.49,18.61,-0.12,-0.6448,1008619.36,1867745.826,18.517846276518032
601168.SH,20260603,32.95,33.45,32.41,32.75,32.96,-0.21,-0.6371,536614.64,1773428.995,33.04846463003693
601169.SH,20260603,5.15,5.16,5.09,5.13,5.16,-0.03,-0.5814,1004709.55,514251.336,5.118407961783582
601177.SH,20260603,17.32,17.4,15.86,15.86,17.62,-1.76,-9.9886,285005.98,457677.41,16.05851954404606
601179.SH,20260603,16.35,16.6,16.15,16.42,16.54,-0.12,-0.7255,1217879.18,1987544.205,16.31971576195268
601186.SH,20260603,6.44,6.44,6.34,6.39,6.44,-0.05,-0.7764,501914.05,320665.466,6.388852155065195
601187.SH,20260603,7.5,7.5,7.21,7.27,7.47,-0.2,-2.6774,175588.0,128330.582,7.308619153928514
601188.SH,20260603,3.16,3.17,3.12,3.14,3.16,-0.02,-0.6329,77618.01,24333.593,3.135044688726238
601198.SH,20260603,13.29,13.31,13.12,13.12,13.31,-0.19,-1.4275,142331.24,187918.736,13.202915677542052
601199.SH,20260603,5.7,5.72,5.55,5.66,5.71,-0.05,-0.8757,137745.0,77397.945,5.618929543722095
601200.SH,20260603,7.75,7.79,7.56,7.63,7.76,-0.13,-1.6753,93123.25,71117.357,7.6369066801255325
601208.SH,20260603,52.0,56.49,52.0,56.49,51.35,5.14,10.0097,1419459.13,7907496.126,55.70781122806967
601211.SH,20260603,16.23,16.42,16.02,16.32,16.22,0.1,0.6165,1548099.15,2517617.413,16.262636750365765
601212.SH,20260603,6.34,6.47,6.29,6.38,6.41,-0.03,-0.468,798286.58,511313.712,6.4051397682270945
601216.SH,20260603,5.17,5.21,5.12,5.15,5.19,-0.04,-0.7707,395049.46,203295.664,5.146081303338574
601218.SH,20260603,5.22,5.34,5.19,5.24,5.26,-0.02,-0.3802,190227.0,99964.786,5.255026152964616
601222.SH,20260603,6.4,6.49,6.23,6.25,6.47,-0.22,-3.4003,577084.84,365216.346,6.3286421802381785
601225.SH,20260603,25.93,27.59,25.86,27.12,26.37,0.75,2.8441,683359.04,1823007.347,26.67715271608904
601226.SH,20260603,7.65,7.72,7.51,7.58,7.66,-0.08,-1.0444,121845.5,92892.799,7.623818606349845
601228.SH,20260603,3.12,3.14,3.09,3.13,3.12,0.01,0.3205,277704.39,86545.726,3.116469494774641
601229.SH,20260603,9.31,9.31,9.2,9.26,9.3,-0.04,-0.4301,359518.68,332471.358,9.24767964768896
601231.SH,20260603,41.4,43.62,41.38,43.62,39.65,3.97,10.0126,464414.4,2010170.877,43.28399112947402
601233.SH,20260603,19.92,20.59,19.57,20.43,19.84,0.59,2.9738,456143.58,916672.987,20.096150142023262
601236.SH,20260603,6.9,7.09,6.86,6.99,6.88,0.11,1.5988,212454.45,148956.794,7.011234361059511
601238.SH,20260603,6.15,6.23,6.11,6.12,6.21,-0.09,-1.4493,175170.18,107748.82,6.1510937535144405
601279.SH,20260603,3.6,3.61,3.51,3.52,3.59,-0.07,-1.9499,74980.04,26615.464,3.549673219699536
601288.SH,20260603,6.43,6.43,6.33,6.36,6.45,-0.09,-1.3953,2774032.38,1767124.382,6.370237040996615
601298.SH,20260603,9.39,9.55,9.28,9.46,9.36,0.1,1.0684,146932.0,138203.78,9.4059687474478
601311.SH,20260603,8.75,8.76,8.65,8.67,8.72,-0.05,-0.5734,111215.07,96776.1,8.701707421485235
601318.SH,20260603,54.06,54.2,53.5,53.7,54.08,-0.38,-0.7027,625066.13,3361445.868,53.77744380422595
601319.SH,20260603,6.75,6.75,6.64,6.66,6.76,-0.1,-1.4793,562923.67,376036.868,6.680068507334218
601326.SH,20260603,3.35,3.4,3.29,3.38,3.35,0.03,0.8955,278823.03,93382.806,3.349178365933402
601328.SH,20260603,6.85,6.85,6.73,6.78,6.85,-0.07,-1.0219,1811067.64,1229686.417,6.789842575951498
601330.SH,20260603,9.55,9.62,9.25,9.49,9.7,-0.21,-2.1649,428149.0,403507.143,9.424456042172235
601333.SH,20260603,3.14,3.17,3.09,3.1,3.15,-0.05,-1.5873,813542.0,253914.582,3.1210998571677924
601336.SH,20260603,57.78,58.2,56.53,57.59,57.71,-0.12,-0.2079,215309.06,1231999.728,57.22005975967755
601339.SH,20260603,7.2,7.28,7.15,7.28,7.2,0.08,1.1111,98551.0,71202.233,7.224912278921573
601360.SH,20260603,10.28,10.37,10.16,10.22,10.35,-0.13,-1.256,663816.3,680783.435,10.255599854959874
601366.SH,20260603,3.86,3.86,3.74,3.76,3.88,-0.12,-3.0928,127407.06,48063.459,3.7724329405293555
601368.SH,20260603,4.67,4.71,4.53,4.6,4.68,-0.08,-1.7094,63680.0,29254.537,4.593991363065327
601369.SH,20260603,9.04,9.18,8.83,8.95,9.04,-0.09,-0.9956,182520.61,163952.478,8.982682996731166
601375.SH,20260603,4.03,4.13,4.01,4.1,4.04,0.06,1.4851,564896.6,230437.033,4.079278101514507
601377.SH,20260603,5.81,5.83,5.74,5.77,5.81,-0.04,-0.6885,791438.56,457116.083,5.775762088215666
601388.SH,20260603,3.53,3.6,3.51,3.55,3.55,0.0,0.0,338381.4,120322.613,3.5558282163263106
601390.SH,20260603,4.78,4.78,4.72,4.73,4.79,-0.06,-1.2526,990957.77,470037.134,4.743260996883853
601398.SH,20260603,7.33,7.34,7.24,7.28,7.34,-0.06,-0.8174,2444607.68,1780364.861,7.282824461223978
601399.SH,20260603,3.85,3.92,3.8,3.86,3.85,0.01,0.2597,875967.6,338671.7,3.866258295398141
601456.SH,20260603,8.81,8.86,8.75,8.76,8.84,-0.08,-0.905,202475.6,178038.882,8.7931030701971
601500.SH,20260603,4.24,4.26,4.18,4.19,4.22,-0.03,-0.7109,145672.2,61397.638,4.2147807200001095
601512.SH,20260603,8.72,8.72,8.47,8.57,8.73,-0.16,-1.8328,56772.0,48583.666,8.557680899034736
601515.SH,20260603,3.99,4.06,3.94,3.98,4.0,-0.02,-0.5,192879.14,77059.306,3.995212027594067
601518.SH,20260603,3.09,3.15,3.07,3.12,3.1,0.02,0.6452,265967.75,82765.02,3.111844199155725
601519.SH,20260603,9.78,10.3,9.64,9.83,9.84,-0.01,-0.1016,439925.0,437501.532,9.94491179178269
601528.SH,20260603,4.86,4.86,4.73,4.76,4.85,-0.09,-1.8557,150500.53,71858.872,4.774659065984685
601555.SH,20260603,7.93,7.94,7.59,7.61,7.93,-0.32,-4.0353,712416.97,548214.786,7.6951393507653245
601566.SH,20260603,12.28,12.44,11.87,12.16,12.28,-0.12,-0.9772,205477.32,248830.236,12.10986380394683
601567.SH,20260603,16.16,16.16,15.83,15.93,16.16,-0.23,-1.4233,154781.87,246901.065,15.951549428883371
601568.SH,20260603,3.83,3.83,3.77,3.82,3.83,-0.01,-0.2611,142175.5,53996.839,3.7979004118149753
601577.SH,20260603,9.67,9.7,9.5,9.54,9.71,-0.17,-1.7508,202545.58,194076.426,9.581864289509552
601579.SH,20260603,16.31,16.31,15.92,16.15,16.33,-0.18,-1.1023,50069.68,80500.511,16.077696322405096
601588.SH,20260603,2.07,2.1,2.0,2.08,2.07,0.01,0.4831,926177.91,189325.42,2.0441582330548136
601595.SH,20260603,20.22,20.22,19.51,19.6,20.36,-0.76,-3.7328,75877.2,149871.43,19.751839814858744
601598.SH,20260603,6.2,6.21,6.03,6.05,6.18,-0.13,-2.1036,135301.46,82480.062,6.096021580254937
601599.SH,20260603,3.26,3.27,3.17,3.19,3.26,-0.07,-2.1472,131228.0,42064.841,3.2054775657634043
601600.SH,20260603,11.69,12.13,11.54,12.01,11.81,0.2,1.6935,3405184.7,4028975.739,11.831886061863253
601601.SH,20260603,31.7,31.78,31.11,31.32,31.7,-0.38,-1.1987,422740.48,1326154.256,31.3704108960656
601606.SH,20260603,33.25,33.63,32.76,33.0,33.24,-0.24,-0.722,93291.52,309224.576,33.14605400362219
601607.SH,20260603,16.49,16.49,16.21,16.3,16.5,-0.2,-1.2121,90680.02,147868.95,16.306673730332218
601608.SH,20260603,5.36,5.5,5.34,5.38,5.41,-0.03,-0.5545,387304.96,210504.361,5.435106253222267
601609.SH,20260603,12.61,13.86,12.58,13.58,12.6,0.98,7.7778,1127716.62,1535733.128,13.618076569626151
601611.SH,20260603,11.5,11.7,11.37,11.55,11.56,-0.01,-0.0865,271316.04,313391.982,11.550809233394386
601615.SH,20260603,15.01,15.32,14.66,14.88,15.14,-0.26,-1.7173,836009.48,1253339.928,14.991934397681712
601616.SH,20260603,4.12,4.2,4.08,4.13,4.16,-0.03,-0.7212,154901.0,63872.923,4.1234674404942515
601618.SH,20260603,2.8,2.81,2.78,2.78,2.8,-0.02,-0.7143,760698.2,212115.196,2.788427736518898
601619.SH,20260603,5.45,5.56,5.36,5.42,5.5,-0.08,-1.4545,469851.24,255490.22,5.437683212243943
601628.SH,20260603,33.25,33.5,32.78,32.88,33.24,-0.36,-1.083,225962.28,746062.643,33.01713201867144
601633.SH,20260603,17.01,17.03,16.43,16.99,17.04,-0.05,-0.2934,293983.43,493976.568,16.802871100592302
601636.SH,20260603,6.48,6.62,6.15,6.19,6.5,-0.31,-4.7692,989442.2,632703.811,6.394550495218417
601658.SH,20260603,5.01,5.02,4.96,4.98,5.01,-0.03,-0.5988,1128845.68,562370.309,4.981817434957097
601665.SH,20260603,6.19,6.21,6.05,6.1,6.21,-0.11,-1.7713,462460.0,282474.409,6.108083055831855
601666.SH,20260603,8.24,8.45,8.1,8.38,8.31,0.07,0.8424,442927.65,366900.059,8.283521225193324
601668.SH,20260603,4.86,4.87,4.75,4.77,4.86,-0.09,-1.8519,2604256.76,1247478.157,4.790150403603061
601669.SH,20260603,5.3,5.32,5.25,5.28,5.3,-0.02,-0.3774,1257539.65,663823.025,5.278744292476186
601677.SH,20260603,19.49,20.0,19.4,19.7,19.68,0.02,0.1016,481297.8,945799.665,19.651028219950312
601678.SH,20260603,5.51,5.67,5.44,5.61,5.56,0.05,0.8993,1068956.11,597887.517,5.593190509945258
601686.SH,20260603,5.95,5.99,5.51,5.56,5.93,-0.37,-6.2395,480146.45,274706.626,5.721309113084143
601688.SH,20260603,18.59,19.38,18.34,19.12,18.61,0.51,2.7405,1567563.31,2971190.069,18.954195023867968
601689.SH,20260603,62.96,65.11,62.0,62.63,62.96,-0.33,-0.5241,400749.97,2553207.894,63.71074448240133
601696.SH,20260603,11.22,11.43,11.19,11.23,11.26,-0.03,-0.2664,290489.43,329089.11,11.328780878533172
601698.SH,20260603,29.58,31.66,29.47,30.43,29.73,0.7,2.3545,550188.48,1679225.649,30.520916195846194
601699.SH,20260603,17.24,19.19,17.24,19.0,17.8,1.2,6.7416,823540.11,1494264.475,18.1444043447987
601700.SH,20260603,5.33,5.41,5.3,5.35,5.35,0.0,0.0,142019.15,76135.568,5.360936746910539
601702.SH,20260603,20.61,21.19,20.4,21.17,20.39,0.78,3.8254,315887.97,658415.318,20.843317268460716
601717.SH,20260603,18.16,18.3,18.02,18.06,18.26,-0.2,-1.0953,148180.84,268219.841,18.100844954043993
601718.SH,20260603,2.1,2.13,2.05,2.06,2.11,-0.05,-2.3697,340095.21,70588.429,2.0755490499263427
601727.SH,20260603,7.95,8.08,7.89,7.94,7.99,-0.05,-0.6258,1189644.48,949790.697,7.983819645008566
601728.SH,20260603,6.15,6.21,6.08,6.12,6.16,-0.04,-0.6494,1311743.17,802863.613,6.1205854267950945
601766.SH,20260603,5.67,5.71,5.65,5.67,5.69,-0.02,-0.3515,2089392.37,1186062.325,5.676589720675586
601777.SH,20260603,10.77,11.0,10.7,10.72,10.8,-0.08,-0.7407,330851.54,358321.839,10.830290800520379
601778.SH,20260603,5.76,5.88,5.66,5.79,5.84,-0.05,-0.8562,2068205.79,1192845.508,5.76753780386622
601788.SH,20260603,14.35,14.41,14.19,14.24,14.37,-0.13,-0.9047,236344.86,337390.881,14.275363593691017
601789.SH,20260603,4.87,4.93,4.83,4.89,4.91,-0.02,-0.4073,359006.0,175526.981,4.889249232603355
601798.SH,20260603,8.37,8.54,8.25,8.54,7.76,0.78,10.0515,58915.0,49960.537,8.480104727149282
601799.SH,20260603,127.03,127.99,122.5,123.38,127.03,-3.65,-2.8733,31752.88,396146.192,124.75913743887168
601800.SH,20260603,6.4,6.41,6.31,6.36,6.43,-0.07,-1.0886,432157.5,274477.587,6.351332257336734
601801.SH,20260603,5.78,5.78,5.61,5.65,5.76,-0.11,-1.9097,74183.7,42029.912,5.665653236492653
601808.SH,20260603,13.07,13.13,12.82,13.1,13.07,0.03,0.2295,203536.45,264351.964,12.987942159745833
601811.SH,20260603,13.11,13.11,12.85,13.01,13.08,-0.07,-0.5352,17828.0,23149.798,12.985078528157954
601816.SH,20260603,5.1,5.1,5.05,5.06,5.1,-0.04,-0.7843,1770297.26,898133.667,5.0733494723931285
601818.SH,20260603,3.14,3.15,3.1,3.12,3.15,-0.03,-0.9524,1606050.0,500640.632,3.1172169733196347
601825.SH,20260603,8.82,8.83,8.67,8.75,8.84,-0.09,-1.0181,247397.27,216439.2,8.748649489947889
601827.SH,20260603,8.47,8.48,8.26,8.42,8.52,-0.1,-1.1737,163389.0,136426.971,8.349825936874575
601828.SH,20260603,2.52,2.53,2.43,2.46,2.51,-0.05,-1.992,373769.6,91870.571,2.4579465799251734
601838.SH,20260603,19.26,19.34,19.06,19.29,19.31,-0.02,-0.1036,205318.26,394913.032,19.23418949683287
601857.SH,20260603,10.7,10.87,10.44,10.85,10.66,0.19,1.7824,2299808.72,2446940.042,10.639754605330829
601858.SH,20260603,24.5,24.5,23.6,23.82,24.8,-0.98,-3.9516,121127.0,290890.805,24.015356196388915
601860.SH,20260603,2.63,2.63,2.58,2.6,2.62,-0.02,-0.7634,365907.0,95050.337,2.5976638052838563
601865.SH,20260603,11.56,11.6,11.27,11.33,11.56,-0.23,-1.9896,149248.35,171001.632,11.457522444971753
601866.SH,20260603,2.58,2.58,2.52,2.53,2.58,-0.05,-1.938,699255.93,177587.446,2.5396630672835334
601868.SH,20260603,2.85,2.89,2.83,2.85,2.86,-0.01,-0.3497,5172368.6,1476678.917,2.854937517407402
601869.SH,20260603,423.0,449.61,420.99,444.99,408.74,36.25,8.8687,211772.45,9383791.868,443.1073006899623
601872.SH,20260603,15.42,15.43,14.8,15.13,15.49,-0.36,-2.3241,1231045.13,1853766.248,15.058475134863658
601877.SH,20260603,28.8,28.89,28.3,28.66,28.99,-0.33,-1.1383,252347.9,722510.846,28.631537888763887
601878.SH,20260603,9.36,9.38,9.27,9.29,9.38,-0.09,-0.9595,258163.99,240518.576,9.316503668850176
601880.SH,20260603,1.61,1.61,1.59,1.6,1.61,-0.01,-0.6211,906154.94,145114.886,1.6014356882499587
601881.SH,20260603,12.31,12.43,12.22,12.31,12.38,-0.07,-0.5654,331016.09,407816.697,12.320147247222938
601882.SH,20260603,20.85,20.95,20.09,20.3,20.89,-0.59,-2.8243,66293.6,135838.961,20.49050903857989
601886.SH,20260603,8.68,8.92,8.59,8.72,8.69,0.03,0.3452,67252.0,59089.307,8.78625275084756
601888.SH,20260603,56.48,57.5,55.58,57.05,56.94,0.11,0.1932,440048.9,2491505.092,56.61882331713589
601890.SH,20260603,8.88,8.98,8.83,8.9,8.92,-0.02,-0.2242,153705.91,137062.765,8.917208518527362
601898.SH,20260603,16.21,17.21,16.1,17.1,16.4,0.7,4.2683,847900.2,1409121.512,16.618954825107956
601899.SH,20260603,31.01,31.82,30.95,31.27,31.58,-0.31,-0.9816,2529802.67,7954143.964,31.44175653826786
601900.SH,20260603,12.07,12.09,11.8,11.82,12.11,-0.29,-2.3947,62975.7,74837.285,11.883517769552384
601901.SH,20260603,6.72,6.72,6.61,6.64,6.72,-0.08,-1.1905,796015.11,529609.094,6.653254283075104
601908.SH,20260603,3.75,3.76,3.67,3.68,3.78,-0.1,-2.6455,454069.7,167960.72,3.699007443130427
601916.SH,20260603,3.07,3.08,3.04,3.06,3.07,-0.01,-0.3257,1530664.97,469019.669,3.0641562862707965
601918.SH,20260603,10.5,11.48,10.3,11.26,10.97,0.29,2.6436,1576534.48,1712934.692,10.865190160636386
601919.SH,20260603,14.89,14.89,14.56,14.64,14.91,-0.27,-1.8109,870026.77,1275417.049,14.659515005498049
601921.SH,20260603,7.4,7.44,7.27,7.33,7.41,-0.08,-1.0796,77832.0,56947.658,7.316740929180801
601928.SH,20260603,9.02,9.03,8.83,8.87,9.03,-0.16,-1.7719,80246.02,71368.834,8.893753733830039
601929.SH,20260603,2.82,2.83,2.7,2.73,2.83,-0.1,-3.5336,1114954.82,304795.412,2.73370190910516
601933.SH,20260603,3.58,3.59,3.52,3.53,3.61,-0.08,-2.2161,1263491.82,447212.386,3.5394956969329643
601939.SH,20260603,10.14,10.17,9.88,10.06,10.18,-0.12,-1.1788,1038261.74,1040145.581,10.018144182024853
601949.SH,20260603,5.26,5.27,5.11,5.15,5.27,-0.12,-2.277,86440.02,44624.21,5.162447903181882
601952.SH,20260603,8.83,8.88,8.69,8.86,8.82,0.04,0.4535,84290.1,74085.439,8.789340503807683
601956.SH,20260603,5.24,5.26,5.14,5.19,5.25,-0.06,-1.1429,57343.8,29805.725,5.197724078278733
601958.SH,20260603,23.99,24.88,23.52,23.96,24.06,-0.1,-0.4156,803142.46,1949306.221,24.270989495437707
601963.SH,20260603,11.7,12.02,11.41,12.01,11.82,0.19,1.6074,132982.65,157459.029,11.840569352468162
601965.SH,20260603,15.84,16.04,15.73,15.85,15.92,-0.07,-0.4397,62009.32,98506.581,15.885770235829067
601966.SH,20260603,12.17,12.54,11.92,12.32,12.18,0.14,1.1494,131399.67,160861.081,12.24212214536003
601968.SH,20260603,4.61,4.61,4.44,4.52,4.6,-0.08,-1.7391,129169.6,58170.739,4.503438812228264
601969.SH,20260603,9.71,9.84,9.6,9.72,9.69,0.03,0.3096,152201.0,147778.145,9.709406968416763
601975.SH,20260603,4.6,4.63,4.4,4.47,4.71,-0.24,-5.0955,3619803.21,1618010.594,4.469885516235011
601985.SH,20260603,9.24,9.29,9.1,9.26,9.28,-0.02,-0.2155,1958910.46,1802594.803,9.20202755464382
601988.SH,20260603,5.96,5.98,5.86,5.95,5.97,-0.02,-0.335,2636892.41,1560883.827,5.919406575257274
601990.SH,20260603,6.69,6.69,6.6,6.61,6.69,-0.08,-1.1958,173221.35,114897.198,6.632969781149956
601991.SH,20260603,8.32,9.92,8.32,9.1,9.18,-0.08,-0.8715,12197774.41,10786446.17,8.842962500730492
601992.SH,20260603,1.6,1.61,1.57,1.58,1.61,-0.03,-1.8634,645492.0,102346.026,1.5855506497369447
601995.SH,20260603,34.11,34.29,33.71,33.95,34.3,-0.35,-1.0204,167277.94,568432.028,33.98129053956547
601996.SH,20260603,2.67,2.82,2.65,2.73,2.66,0.07,2.6316,448460.97,122865.533,2.739715186362818
601997.SH,20260603,6.03,6.03,5.92,5.97,6.04,-0.07,-1.1589,441418.18,263281.362,5.964443104722149
601998.SH,20260603,7.5,7.57,7.39,7.45,7.51,-0.06,-0.7989,735067.17,548442.137,7.461115927677739
601999.SH,20260603,6.03,6.06,5.94,5.98,6.04,-0.06,-0.9934,43050.0,25755.675,5.98273519163763
603000.SH,20260603,17.39,17.44,17.08,17.15,17.52,-0.37,-2.1119,163941.02,282180.329,17.212307755557458
603001.SH,20260603,10.45,10.95,10.11,10.83,10.45,0.38,3.6364,243583.0,258351.714,10.606311359988176
603002.SH,20260603,18.29,18.56,17.04,17.31,18.38,-1.07,-5.8215,1223805.27,2162782.771,17.6726054709668
603004.SH,20260603,18.55,20.05,18.48,19.02,18.6,0.42,2.2581,42984.96,83136.885,19.340924127881006
603005.SH,20260603,39.0,42.38,39.0,40.53,38.63,1.9,4.9185,917894.27,3787540.025,41.263358414907636
603006.SH,20260603,13.85,14.03,13.45,13.54,13.84,-0.3,-2.1676,57328.0,78620.189,13.714099392966787
603007.SH,20260603,6.21,6.46,6.06,6.16,6.21,-0.05,-0.8052,766917.9,480964.497,6.271394852043484
603008.SH,20260603,9.8,9.8,9.25,9.25,9.74,-0.49,-5.0308,171905.91,162948.618,9.478942172494243
603009.SH,20260603,47.75,51.33,47.11,48.74,47.85,0.89,1.86,139702.94,695807.241,49.80619885308069
603010.SH,20260603,14.66,14.8,14.13,14.32,14.48,-0.16,-1.105,123038.11,177457.089,14.422936844527277
603011.SH,20260603,27.5,31.89,27.2,30.91,28.99,1.92,6.623,1084429.8,3270311.875,30.15697166381816
603012.SH,20260603,9.14,9.27,8.92,9.04,9.13,-0.09,-0.9858,161544.28,146713.444,9.081933696445333
603013.SH,20260603,19.2,19.42,18.84,18.85,19.32,-0.47,-2.4327,31516.0,60268.791,19.12323613402716
603014.SH,20260603,33.54,33.54,32.1,32.18,33.6,-1.42,-4.2262,18677.0,60778.331,32.54180596455533
603015.SH,20260603,11.67,11.89,11.45,11.65,11.79,-0.14,-1.1874,92742.05,108219.325,11.668851939330649
603016.SH,20260603,42.82,43.78,42.14,43.62,42.83,0.79,1.8445,26635.33,114930.302,43.14956938772675
603017.SH,20260603,11.66,12.0,11.54,11.79,11.66,0.13,1.1149,96089.0,113179.91,11.778654164368449
603018.SH,20260603,7.19,7.19,7.05,7.07,7.17,-0.1,-1.3947,42896.0,30446.267,7.097693724356583
603019.SH,20260603,85.56,88.78,85.06,86.32,86.02,0.3,0.3488,447613.28,3903177.198,87.19976310801144
603020.SH,20260603,9.91,10.0,9.7,9.78,9.92,-0.14,-1.4113,41784.0,40902.077,9.788932845108175
603021.SH,20260603,7.36,7.73,7.15,7.73,7.36,0.37,5.0272,135104.8,101461.59,7.509843469662069
603022.SH,20260603,10.06,10.06,9.66,9.75,10.06,-0.31,-3.0815,37606.0,36904.092,9.813352124660957
603023.SH,20260603,4.46,4.47,4.34,4.38,4.47,-0.09,-2.0134,92784.24,40743.376,4.391195746174134
603025.SH,20260603,15.81,16.06,15.48,15.52,15.94,-0.42,-2.6349,96241.6,151783.178,15.771057214343902
603026.SH,20260603,87.0,88.01,85.9,86.8,87.51,-0.71,-0.8113,74125.31,645090.377,87.0270056206173
603027.SH,20260603,7.76,7.84,7.56,7.8,7.76,0.04,0.5155,158971.8,122850.832,7.727838019070049
603028.SH,20260603,7.91,7.97,7.74,7.79,7.92,-0.13,-1.6414,39487.12,30915.981,7.829383606603875
603029.SH,20260603,16.84,16.88,16.4,16.51,16.78,-0.27,-1.6091,18585.49,30833.515,16.59010066455068
603030.SH,20260603,2.58,2.61,2.54,2.56,2.59,-0.03,-1.1583,240758.86,61837.295,2.5684327878940785
603031.SH,20260603,62.0,63.66,60.5,63.26,61.83,1.43,2.3128,300117.67,1861040.117,62.010348041153335
603032.SH,20260603,24.0,26.48,23.76,25.23,24.58,0.65,2.6444,221982.46,564768.077,25.442013616751527
603033.SH,20260603,10.0,10.0,9.81,9.86,10.0,-0.14,-1.4,41592.68,41146.954,9.892835470087524
603035.SH,20260603,12.4,12.43,12.16,12.19,12.41,-0.22,-1.7728,31564.0,38657.242,12.247257001647448
603036.SH,20260603,13.38,13.54,13.15,13.44,13.33,0.11,0.8252,40548.0,54167.15,13.358772319226595
603037.SH,20260603,12.65,12.84,12.55,12.72,12.65,0.07,0.5534,48580.74,61668.155,12.693951347797503
603038.SH,20260603,15.66,16.13,15.66,15.87,15.93,-0.06,-0.3766,39753.27,63186.748,15.894729666263935
603039.SH,20260603,41.2,42.67,39.24,39.81,42.08,-2.27,-5.3945,251243.9,1030961.076,41.03427291170054
603040.SH,20260603,82.27,88.28,81.5,87.19,80.73,6.46,8.002,49230.56,415852.284,84.47035418650529
603041.SH,20260603,12.35,12.45,12.15,12.28,12.35,-0.07,-0.5668,25017.67,30702.977,12.272516585277526
603042.SH,20260603,19.82,20.58,19.53,19.87,19.68,0.19,0.9654,165549.09,333442.049,20.14158150914632
603043.SH,20260603,14.15,14.33,13.79,14.19,14.15,0.04,0.2827,53949.2,75702.734,14.032225501026891
603045.SH,20260603,75.95,80.74,71.75,72.39,75.26,-2.87,-3.8134,231436.98,1751048.473,75.65983936534256
603048.SH,20260603,19.89,19.97,19.21,19.37,19.9,-0.53,-2.6633,13486.45,26389.015,19.567058047151026
603049.SH,20260603,47.53,47.53,46.65,46.8,47.53,-0.73,-1.5359,19168.9,89828.985,46.861836099098014
603050.SH,20260603,22.66,22.7,20.9,21.1,22.64,-1.54,-6.8021,124735.0,269615.222,21.615041648294383
603051.SH,20260603,21.43,21.63,20.95,21.24,21.2,0.04,0.1887,47122.79,100384.364,21.302720827862696
603052.SH,20260603,95.91,98.0,90.91,94.96,92.18,2.78,3.0158,109621.81,1035656.412,94.47539791579797
603053.SH,20260603,9.48,9.51,9.25,9.46,9.47,-0.01,-0.1056,33385.0,31280.84,9.369728920173731
603055.SH,20260603,8.57,8.58,8.42,8.54,8.57,-0.03,-0.3501,39288.19,33385.693,8.497640894121108
603057.SH,20260603,26.17,26.66,25.08,25.35,26.17,-0.82,-3.1334,34926.49,89544.898,25.638103914822246
603058.SH,20260603,9.58,9.75,9.49,9.61,9.67,-0.06,-0.6205,47024.0,45319.361,9.637495959510037
603059.SH,20260603,27.4,27.46,26.37,26.7,27.34,-0.64,-2.3409,13838.96,37066.26,26.783992438738174
603060.SH,20260603,6.99,7.05,6.86,7.04,6.95,0.09,1.295,198732.06,138832.82,6.985929698509642
603061.SH,20260603,295.09,309.92,292.06,298.0,291.97,6.03,2.0653,30289.4,910603.57,300.6344034546739
603062.SH,20260603,43.59,44.83,43.15,44.12,43.6,0.52,1.1927,7776.0,34340.376,44.1620061728395
603063.SH,20260603,53.4,55.75,52.96,54.1,53.41,0.69,1.2919,291274.35,1587809.861,54.51251924517212
603065.SH,20260603,7.65,8.39,7.63,8.39,7.63,0.76,9.9607,200342.99,164213.233,8.196604882456832
603066.SH,20260603,11.1,11.12,10.83,10.94,11.06,-0.12,-1.085,38757.0,42517.713,10.970331294991873
603067.SH,20260603,34.58,35.9,34.32,34.95,34.58,0.37,1.07,228576.31,799986.677,34.99866967841068
603068.SH,20260603,34.01,34.97,33.53,33.88,33.9,-0.02,-0.059,37948.0,130382.921,34.358311636976914
603069.SH,20260603,15.36,15.72,15.12,15.7,15.37,0.33,2.147,43322.99,66961.931,15.456442641655158
603070.SH,20260603,16.36,16.46,15.6,15.76,16.45,-0.69,-4.1945,92236.0,146704.913,15.905385424346242
603071.SH,20260603,14.51,14.59,14.28,14.52,14.51,0.01,0.0689,64198.0,92658.27,14.433201968908689
603072.SH,20260603,36.0,36.9,35.76,36.61,36.07,0.54,1.4971,28653.14,104359.391,36.421624645675834
603073.SH,20260603,17.9,18.02,17.38,17.53,17.91,-0.38,-2.1217,16580.69,29162.122,17.588002670576437
603075.SH,20260603,23.91,26.0,22.84,25.42,25.28,0.14,0.5538,83304.56,207177.815,24.869924887665213
603076.SH,20260603,24.7,24.85,24.33,24.6,24.95,-0.35,-1.4028,30380.64,74670.493,24.578314676715173
603077.SH,20260603,2.46,2.51,2.44,2.47,2.46,0.01,0.4065,1326217.63,327794.81,2.471651730342327
603078.SH,20260603,35.01,36.2,34.5,35.71,36.12,-0.41,-1.1351,463708.96,1643692.203,35.44663452265404
603079.SH,20260603,13.95,13.95,13.51,13.64,13.85,-0.21,-1.5162,15075.31,20631.258,13.685461857832443
603080.SH,20260603,21.86,21.86,20.8,20.94,21.96,-1.02,-4.6448,46789.72,98703.814,21.095192277278
603081.SH,20260603,10.36,10.44,10.18,10.31,10.37,-0.06,-0.5786,27770.0,28556.174,10.28310190853439
603082.SH,20260603,34.58,35.57,34.4,34.91,34.89,0.02,0.0573,38991.98,136536.062,35.016447484841756
603083.SH,20260603,192.91,208.84,190.2,202.6,189.85,12.75,6.7158,468072.77,9455642.824,202.01223890892007
603085.SH,20260603,13.28,13.48,12.82,13.0,13.29,-0.29,-2.1821,106047.79,138666.26,13.075827417054143
603086.SH,20260603,6.23,6.23,6.09,6.13,6.23,-0.1,-1.6051,52145.59,31956.808,6.128381709747651
603087.SH,20260603,55.0,55.95,53.85,54.15,54.99,-0.84,-1.5276,62705.16,342883.589,54.681877695551684
603088.SH,20260603,10.3,10.54,10.15,10.32,10.31,0.01,0.097,90040.6,93266.658,10.358289260622428
603089.SH,20260603,10.43,10.43,10.16,10.29,10.35,-0.06,-0.5797,23164.57,23758.978,10.256602216229354
603090.SH,20260603,57.0,58.7,55.82,56.69,57.15,-0.46,-0.8049,38577.0,221546.359,57.42964953210462
603091.SH,20260603,72.05,72.3,68.66,69.05,71.99,-2.94,-4.0839,9222.4,64599.289,70.04607152151283
603092.SH,20260603,65.55,65.55,63.37,63.88,65.35,-1.47,-2.2494,18356.17,117896.461,64.22715686333261
603093.SH,20260603,21.11,21.45,20.06,20.26,21.48,-1.22,-5.6797,236024.0,488949.517,20.71609315154391
603095.SH,20260603,19.2,19.53,18.82,19.18,19.21,-0.03,-0.1562,35621.1,68451.663,19.2166056073507
603096.SH,20260603,16.45,16.47,15.92,16.03,16.44,-0.41,-2.4939,23632.02,38000.213,16.07996819569381
603097.SH,20260603,26.88,28.3,26.61,27.11,27.15,-0.04,-0.1473,29260.78,80611.453,27.54931789241435
603098.SH,20260603,12.2,12.65,12.11,12.3,12.23,0.07,0.5724,67994.95,84345.842,12.404721527113411
603099.SH,20260603,39.4,40.18,38.6,39.38,39.9,-0.52,-1.3033,127069.67,499362.319,39.298309266090016
603100.SH,20260603,19.41,19.51,19.05,19.2,19.33,-0.13,-0.6725,38909.85,74679.854,19.193045976789943
603101.SH,20260603,7.5,7.5,7.25,7.34,7.53,-0.19,-2.5232,96338.04,70678.726,7.336533522998807
603102.SH,20260603,36.4,36.48,35.52,35.81,36.38,-0.57,-1.5668,5718.61,20487.63,35.82624099212921
603103.SH,20260603,21.21,22.26,20.92,21.85,21.72,0.13,0.5985,129769.18,280118.745,21.58592240468808
603105.SH,20260603,8.78,8.94,8.71,8.82,8.8,0.02,0.2273,101961.36,89963.252,8.82326912861892
603106.SH,20260603,7.64,7.65,7.48,7.53,7.64,-0.11,-1.4398,50929.18,38496.321,7.558794584951103
603107.SH,20260603,13.37,13.4,13.18,13.23,13.37,-0.14,-1.0471,19081.0,25265.081,13.240962737802
603108.SH,20260603,13.05,13.09,12.55,12.63,13.18,-0.55,-4.173,208891.46,266858.452,12.774981418579774
603109.SH,20260603,19.33,21.23,18.96,21.23,19.3,1.93,10.0,55735.0,113380.009,20.3426947160671
603110.SH,20260603,21.43,21.52,20.5,20.77,21.43,-0.66,-3.0798,91075.52,191671.343,21.04531964242422
603111.SH,20260603,6.32,6.35,6.23,6.29,6.3,-0.01,-0.1587,42332.0,26562.667,6.274843380893886
603112.SH,20260603,22.01,22.43,21.58,21.94,21.94,0.0,0.0,172047.74,377440.837,21.938145598425184
603113.SH,20260603,5.35,5.35,5.11,5.16,5.25,-0.09,-1.7143,84368.06,43589.968,5.166643395616778
603115.SH,20260603,103.0,111.4,98.08,102.0,106.25,-4.25,-4.0,149077.01,1562154.778,104.78844310064979
603116.SH,20260603,7.33,7.47,7.18,7.28,7.4,-0.12,-1.6216,100486.0,73593.372,7.3237438051071795
603117.SH,20260603,4.39,4.4,4.17,4.21,4.36,-0.15,-3.4404,133896.0,57007.404,4.257588277469081
603118.SH,20260603,13.17,13.49,12.81,12.98,12.68,0.3,2.3659,524715.49,694231.168,13.23062080747797
603119.SH,20260603,66.5,72.24,66.24,70.29,65.67,4.62,7.0352,399924.3,2849159.931,71.24248091451307
603120.SH,20260603,47.81,52.24,47.81,52.24,47.49,4.75,10.0021,9746.04,49885.221,51.18511826341775
603121.SH,20260603,17.14,17.32,16.47,16.59,16.9,-0.31,-1.8343,74290.0,124578.063,16.769156414053036
603122.SH,20260603,12.63,12.76,12.48,12.61,12.64,-0.03,-0.2373,82468.97,103886.971,12.597098157040158
603123.SH,20260603,9.88,9.94,9.65,9.77,9.86,-0.09,-0.9128,127517.0,125182.695,9.816941662680271
603124.SH,20260603,140.51,156.58,140.1,148.32,142.51,5.81,4.0769,47777.78,706271.801,147.82432356631054
603125.SH,20260603,23.9,24.7,23.87,24.28,23.86,0.42,1.7603,51988.97,126263.706,24.286633491681023
603126.SH,20260603,7.58,7.83,7.47,7.78,7.59,0.19,2.5033,124960.94,95921.455,7.676115032425333
603127.SH,20260603,32.9,34.48,32.5,33.71,32.97,0.74,2.2445,194204.31,653120.473,33.63058590203276
603128.SH,20260603,5.47,5.5,5.38,5.41,5.47,-0.06,-1.0969,87350.34,47367.677,5.422723826833416
603129.SH,20260603,231.88,234.7,227.31,229.18,232.76,-3.58,-1.5381,11032.5,254925.064,231.06735916610018
603130.SH,20260603,41.2,45.18,40.39,42.79,41.2,1.59,3.8592,26537.0,115235.886,43.42460941327204
603131.SH,20260603,18.37,19.43,18.21,18.9,18.51,0.39,2.107,118723.69,224847.999,18.93876436960475
603132.SH,20260603,17.68,18.46,17.54,18.18,17.6,0.58,3.2955,67173.34,121470.421,18.08312955705344
603135.SH,20260603,10.44,11.59,10.32,11.59,10.54,1.05,9.962,93380.2,104189.064,11.157511335379448
603136.SH,20260603,9.4,9.4,9.1,9.2,9.37,-0.17,-1.8143,37711.56,34718.292,9.206273089736941
603137.SH,20260603,12.35,12.4,12.04,12.15,12.34,-0.19,-1.5397,16337.6,19877.903,12.166966384291449
603138.SH,20260603,17.13,18.88,17.1,18.41,17.34,1.07,6.1707,254870.67,463574.933,18.188633984443953
603139.SH,20260603,37.99,38.55,37.2,38.12,37.74,0.38,1.0069,27882.0,106204.111,38.09056416325945
603150.SH,20260603,64.14,67.43,63.26,64.8,64.15,0.65,1.0133,18845.93,122405.803,64.95078937468196
603151.SH,20260603,13.24,13.3,12.81,12.89,13.25,-0.36,-2.717,29777.97,38612.147,12.966682080746267
603153.SH,20260603,14.37,14.43,14.23,14.34,14.42,-0.08,-0.5548,10191.0,14595.558,14.322007653812188
603155.SH,20260603,18.4,20.22,18.39,19.48,18.4,1.08,5.8696,112414.16,219651.119,19.539452947920438
603156.SH,20260603,41.0,41.83,40.55,41.17,41.09,0.08,0.1947,74696.59,308559.041,41.30831688568381
603158.SH,20260603,14.7,15.65,14.61,15.16,14.76,0.4,2.71,390687.68,595304.661,15.237354323535362
603159.SH,20260603,26.23,26.56,25.03,25.25,26.24,-0.99,-3.7729,37016.2,95301.245,25.74582074875325
603160.SH,20260603,55.64,57.07,55.41,56.0,55.64,0.36,0.647,80957.92,455353.161,56.2456595969857
603161.SH,20260603,14.38,14.46,13.77,13.98,14.45,-0.47,-3.2526,81066.12,114440.641,14.11695058305492
603162.SH,20260603,11.23,11.45,11.09,11.15,11.32,-0.17,-1.5018,142800.21,160827.975,11.262446672872542
603163.SH,20260603,98.98,100.46,96.5,97.19,98.97,-1.78,-1.7985,29047.25,284313.289,97.87958894559725
603165.SH,20260603,16.97,16.97,16.26,16.46,16.84,-0.38,-2.2565,83842.0,138768.915,16.551241024784716
603166.SH,20260603,12.36,12.68,12.22,12.34,12.36,-0.02,-0.1618,62698.73,78255.045,12.481121228452315
603167.SH,20260603,9.18,9.2,9.07,9.11,9.21,-0.1,-1.0858,44730.0,40778.611,9.116613234965348
603168.SH,20260603,5.76,5.76,5.57,5.64,5.73,-0.09,-1.5707,48840.0,27495.963,5.629804054054054
603169.SH,20260603,7.8,7.98,7.76,7.86,7.83,0.03,0.3831,124417.64,97849.052,7.864564220957735
603170.SH,20260603,12.36,12.39,12.03,12.3,12.35,-0.05,-0.4049,21353.0,26055.615,12.20232051702337
603171.SH,20260603,53.49,53.5,50.09,50.65,54.2,-3.55,-6.5498,141049.41,724616.269,51.373222263035345
603172.SH,20260603,19.81,20.09,19.21,19.46,19.81,-0.35,-1.7668,18725.44,36547.407,19.517515743288275
603173.SH,20260603,34.6,35.05,34.34,34.78,34.6,0.18,0.5202,12126.0,42147.254,34.75775523668151
603175.SH,20260603,87.85,89.46,84.3,85.74,87.07,-1.33,-1.5275,29922.26,259887.971,86.85439234870628
603176.SH,20260603,5.15,5.17,4.99,5.03,5.14,-0.11,-2.1401,46917.69,23672.263,5.045487746732629
603177.SH,20260603,10.44,10.44,9.89,9.99,10.37,-0.38,-3.6644,46071.62,46303.152,10.0502547989413
603178.SH,20260603,17.25,17.59,17.07,17.26,17.17,0.09,0.5242,83809.31,145242.619,17.330129433114294
603179.SH,20260603,50.99,53.98,49.98,52.79,51.22,1.57,3.0652,345187.31,1823669.454,52.83130060603908
603180.SH,20260603,17.28,17.34,16.62,16.9,17.29,-0.39,-2.2556,20553.14,34720.27,16.892927309403817
603181.SH,20260603,13.78,13.88,13.45,13.8,13.77,0.03,0.2179,45522.75,62264.153,13.677590435551455
603182.SH,20260603,13.23,13.3,12.87,12.97,13.24,-0.27,-2.0393,19402.6,25184.789,12.980110397575583
603183.SH,20260603,4.09,4.11,3.97,3.99,4.08,-0.09,-2.2059,120741.95,48497.266,4.016604502411962
603185.SH,20260603,17.64,18.1,17.44,17.66,17.61,0.05,0.2839,129023.89,229835.957,17.81344191374171
603186.SH,20260603,120.09,123.58,116.0,118.51,121.57,-3.06,-2.5171,148995.13,1799010.9,120.74293300727345
603187.SH,20260603,13.15,13.15,12.82,12.99,13.17,-0.18,-1.3667,44859.2,58024.936,12.934902093661949
603188.SH,20260603,4.5,4.51,4.4,4.44,4.49,-0.05,-1.1136,95530.0,42501.208,4.4489906835549045
603189.SH,20260603,13.13,13.39,12.67,12.86,13.01,-0.15,-1.153,79405.0,103471.226,13.030819973553303
603190.SH,20260603,26.4,27.1,26.24,26.58,26.85,-0.27,-1.0056,27686.0,73638.346,26.59768330564184
603191.SH,20260603,20.75,20.88,20.01,20.18,21.03,-0.85,-4.0418,214838.56,435057.688,20.250447033344482
603192.SH,20260603,20.12,20.26,19.61,19.84,20.13,-0.29,-1.4406,10409.0,20769.295,19.953208761648572
603193.SH,20260603,23.67,23.67,22.85,23.17,23.45,-0.28,-1.194,32324.0,74686.28,23.105519118920927
603194.SH,20260603,34.67,35.32,34.6,35.26,34.98,0.28,0.8005,12710.81,44389.6,34.922715389499174
603195.SH,20260603,41.54,41.75,41.05,41.7,41.73,-0.03,-0.0719,61020.82,252275.403,41.34251276859275
603196.SH,20260603,24.04,24.36,23.7,24.23,24.05,0.18,0.7484,19739.0,47650.54,24.140300927098636
603197.SH,20260603,31.03,31.39,30.36,30.49,31.03,-0.54,-1.7403,33026.0,102029.064,30.893557802943135
603198.SH,20260603,36.41,36.42,35.36,35.87,36.75,-0.88,-2.3946,75495.0,269662.747,35.71928564805616
603199.SH,20260603,32.91,32.91,32.31,32.7,32.91,-0.21,-0.6381,11642.0,37919.297,32.571119223501114
603200.SH,20260603,48.38,49.15,47.66,48.52,48.41,0.11,0.2272,39005.43,188612.609,48.355474865935335
603201.SH,20260603,17.34,17.98,17.34,17.55,17.33,0.22,1.2695,48640.54,85685.999,17.616169351738282
603202.SH,20260603,66.05,66.06,64.69,65.07,65.91,-0.84,-1.2745,6364.43,41413.211,65.06978786788449
603203.SH,20260603,69.0,73.29,66.69,68.0,69.94,-1.94,-2.7738,168724.7,1193120.949,70.71406551619293
603205.SH,20260603,24.06,24.08,23.24,23.44,24.08,-0.64,-2.6578,8800.9,20726.832,23.550809576293332
603206.SH,20260603,16.08,16.35,15.59,15.76,16.23,-0.47,-2.8959,92842.0,147913.825,15.931779259386916
603207.SH,20260603,23.26,23.26,22.8,22.9,23.33,-0.43,-1.8431,9077.47,20818.086,22.933797633040925
603208.SH,20260603,12.88,12.88,12.32,12.47,12.89,-0.42,-3.2583,26212.24,32760.246,12.498071893130842
603209.SH,20260603,13.62,13.71,13.28,13.36,13.75,-0.39,-2.8364,35031.8,46995.896,13.415210180464605
603210.SH,20260603,14.05,14.05,13.55,13.63,14.01,-0.38,-2.7123,31848.41,43765.917,13.741947243206177
603211.SH,20260603,26.39,27.94,26.39,26.85,26.5,0.35,1.3208,49125.0,133818.868,27.240482035623405
603212.SH,20260603,15.04,16.06,15.04,15.75,15.46,0.29,1.8758,445657.1,699110.312,15.68717994170855
603213.SH,20260603,14.6,14.85,14.2,14.3,14.59,-0.29,-1.9877,85768.12,123768.416,14.430585163811449
603214.SH,20260603,14.8,14.8,14.12,14.21,14.66,-0.45,-3.0696,39253.01,56013.461,14.26985115281605
603215.SH,20260603,16.12,16.12,15.74,15.88,16.11,-0.23,-1.4277,12848.0,20453.567,15.919650529265255
603216.SH,20260603,24.43,24.43,23.64,23.85,24.29,-0.44,-1.8114,25372.0,60803.812,23.964926690840294
603217.SH,20260603,25.53,25.83,24.63,24.86,25.53,-0.67,-2.6244,41209.53,103584.758,25.13611730102236
603218.SH,20260603,11.68,11.68,11.4,11.43,11.68,-0.25,-2.1404,80755.67,92872.438,11.50042319009922
603219.SH,20260603,16.52,17.22,16.4,16.75,16.44,0.31,1.8856,71978.0,120566.581,16.750476673427993
603220.SH,20260603,22.55,23.55,22.45,22.98,22.68,0.3,1.3228,296904.14,687172.788,23.144601082356072
603221.SH,20260603,12.82,13.02,12.28,12.47,12.73,-0.26,-2.0424,31539.62,39650.114,12.571525592255075
603222.SH,20260603,8.59,9.07,8.59,8.87,8.62,0.25,2.9002,154466.0,136624.653,8.844966076677068
603223.SH,20260603,9.85,9.98,9.7,9.77,9.88,-0.11,-1.1134,112813.94,110582.512,9.80220281287933
603225.SH,20260603,18.8,19.71,18.11,19.53,18.59,0.94,5.0565,366965.56,694538.586,18.926533214724564
603226.SH,20260603,49.22,51.0,46.69,48.71,49.04,-0.33,-0.6729,69431.9,338983.364,48.82242369861692
603227.SH,20260603,8.83,8.84,8.51,8.53,8.79,-0.26,-2.9579,145529.0,125018.831,8.590647293666555
603228.SH,20260603,75.09,77.3,72.94,74.28,75.58,-1.3,-1.72,415160.16,3127855.606,75.3409384465022
603229.SH,20260603,9.65,9.8,9.26,9.45,9.48,-0.03,-0.3165,154381.03,146504.013,9.489767816680587
603230.SH,20260603,9.93,9.96,9.78,9.89,9.94,-0.05,-0.503,12548.0,12380.495,9.866508606949315
603231.SH,20260603,16.35,16.35,16.03,16.08,16.36,-0.28,-1.7115,11818.61,19056.62,16.124248113779874
603232.SH,20260603,21.99,24.22,21.9,22.09,22.49,-0.4,-1.7786,266810.22,609639.225,22.84917065770569
603233.SH,20260603,16.85,16.85,16.11,16.19,16.67,-0.48,-2.8794,76761.76,125393.168,16.335369069182367
603235.SH,20260603,24.15,24.15,23.58,23.66,24.08,-0.42,-1.7442,4737.0,11234.025,23.71548448385054
603236.SH,20260603,52.42,57.74,52.42,57.74,52.49,5.25,10.0019,207758.47,1186304.358,57.10016819049543
603237.SH,20260603,16.58,16.58,15.9,15.9,16.34,-0.44,-2.6928,26217.14,42103.729,16.059619394030015
603238.SH,20260603,13.13,13.22,12.87,12.94,13.18,-0.24,-1.8209,26601.97,34512.232,12.97356248428218
603239.SH,20260603,19.02,19.25,18.62,18.84,19.02,-0.18,-0.9464,34849.9,65982.924,18.93346150204161
603248.SH,20260603,25.7,26.48,25.54,25.88,25.45,0.43,1.6896,54240.31,140181.003,25.84443248941608
603255.SH,20260603,28.72,30.15,28.55,29.6,29.11,0.49,1.6833,32298.78,95215.891,29.47971750016564
603256.SH,20260603,195.0,207.67,190.05,197.37,198.8,-1.43,-0.7193,241476.53,4806712.372,199.0550540046273
603257.SH,20260603,63.14,65.46,62.19,65.46,63.15,2.31,3.658,37609.81,240477.949,63.94021905454987
603258.SH,20260603,14.14,14.3,13.8,13.93,14.15,-0.22,-1.5548,25300.57,35270.022,13.940406085712693
603259.SH,20260603,99.37,100.3,98.0,98.85,99.75,-0.9,-0.9023,341713.58,3386230.75,99.09558613386099
603260.SH,20260603,36.15,37.63,35.52,36.45,36.2,0.25,0.6906,108177.05,396225.608,36.62751091844342
603261.SH,20260603,33.7,34.18,32.49,33.5,34.19,-0.69,-2.0181,6830.0,22680.35,33.20695461200585
603262.SH,20260603,27.56,28.12,27.1,28.03,27.68,0.35,1.2645,17285.9,48092.136,27.821597949774088
603266.SH,20260603,18.31,19.01,18.06,18.68,18.3,0.38,2.0765,39763.0,73910.546,18.58776903151171
603267.SH,20260603,80.0,83.57,75.03,77.1,78.98,-1.88,-2.3803,384462.74,3054621.483,79.45169102732817
603268.SH,20260603,131.15,135.0,129.41,131.7,130.3,1.4,1.0744,59819.0,790891.037,132.21401845567462
603269.SH,20260603,21.21,22.1,20.47,21.45,21.21,0.24,1.1315,207698.11,445614.224,21.454900287730112
603270.SH,20260603,28.3,28.3,27.1,27.52,27.91,-0.39,-1.3973,35530.57,98608.866,27.753246289040675
603271.SH,20260603,47.3,47.39,45.76,46.24,47.42,-1.18,-2.4884,21265.0,98968.518,46.54056806959793
603272.SH,20260603,46.3,47.77,43.71,43.71,46.01,-2.3,-4.9989,49976.64,223993.529,44.81964553839554
603273.SH,20260603,14.86,14.89,14.47,14.62,14.86,-0.24,-1.6151,22685.0,33231.574,14.649139960326208
603275.SH,20260603,41.79,42.25,41.08,41.57,41.8,-0.23,-0.5502,17432.0,72711.487,41.71150011473152
603276.SH,20260603,16.35,16.53,16.01,16.09,16.36,-0.27,-1.6504,18873.13,30466.54,16.142812559442973
603277.SH,20260603,11.82,11.94,11.56,11.71,11.89,-0.18,-1.5139,19099.6,22295.472,11.673266455842008
603278.SH,20260603,12.34,12.68,12.02,12.25,12.58,-0.33,-2.6232,319596.0,395286.969,12.368332801411782
603279.SH,20260603,14.71,14.73,14.26,14.33,14.72,-0.39,-2.6495,89239.4,128866.075,14.440490971476725
603280.SH,20260603,28.8,28.93,28.23,28.5,28.77,-0.27,-0.9385,10664.0,30382.21,28.49044448612153
603281.SH,20260603,33.6,34.88,33.32,34.16,33.8,0.36,1.0651,23314.88,79403.957,34.05720166691829
603282.SH,20260603,16.4,16.4,15.62,15.75,16.15,-0.4,-2.4768,16413.0,26001.079,15.841758971546946
603283.SH,20260603,48.88,50.6,48.08,48.87,48.21,0.66,1.369,216863.3,1073488.921,49.50071870159682
603284.SH,20260603,42.0,42.0,41.03,41.26,42.04,-0.78,-1.8554,10031.53,41548.176,41.4175863502377
603285.SH,20260603,44.93,46.26,44.47,45.03,45.34,-0.31,-0.6837,24344.02,110467.47,45.377661536590914
603286.SH,20260603,55.25,56.31,53.5,54.22,54.48,-0.26,-0.4772,40530.05,224179.149,55.31183627950125
603288.SH,20260603,34.49,34.6,33.8,34.4,34.68,-0.28,-0.8074,242400.18,826998.515,34.117075119333656
603289.SH,20260603,10.26,10.42,9.94,10.12,10.24,-0.12,-1.1719,85812.3,87181.312,10.159535637664998
603290.SH,20260603,118.0,121.58,116.0,117.96,116.91,1.05,0.8981,107344.08,1285843.614,119.78710088157634
603291.SH,20260603,10.46,10.71,10.38,10.67,10.56,0.11,1.0417,37315.0,39470.318,10.57760096475948
603293.SH,20260603,45.12,45.12,43.8,44.08,45.48,-1.4,-3.0783,22693.4,101142.835,44.569273445142635
603296.SH,20260603,120.74,124.33,116.0,117.6,124.6,-7.0,-5.618,457095.71,5492692.589,120.16504353103642
603297.SH,20260603,126.0,126.9,121.88,123.66,124.5,-0.84,-0.6747,18816.3,234863.008,124.818911263107
603298.SH,20260603,24.8,25.35,24.35,24.5,24.88,-0.38,-1.5273,65989.82,163512.761,24.778482650808865
603299.SH,20260603,10.42,10.43,10.24,10.35,10.43,-0.08,-0.767,45324.0,46865.755,10.340163048274643
603300.SH,20260603,5.45,5.47,5.24,5.28,5.47,-0.19,-3.4735,598634.0,319722.06,5.3408603587500885
603301.SH,20260603,83.9,85.68,83.56,85.29,84.93,0.36,0.4239,22549.62,191025.534,84.71341601321885
603303.SH,20260603,24.99,27.58,24.35,27.15,25.58,1.57,6.1376,97717.08,254862.633,26.08168735701067
603305.SH,20260603,14.66,15.12,14.45,14.59,14.76,-0.17,-1.1518,268545.41,397489.865,14.801588491123345
603306.SH,20260603,105.0,111.99,105.0,106.98,101.81,5.17,5.0781,223350.26,2438493.173,109.17798676392854
603307.SH,20260603,39.13,39.13,37.83,38.06,38.96,-0.9,-2.3101,6676.0,25545.996,38.26542240862792
603308.SH,20260603,62.92,65.34,62.08,63.87,62.38,1.49,2.3886,225880.66,1437631.601,63.64562601331163
603309.SH,20260603,12.05,12.05,11.58,11.59,12.09,-0.5,-4.1356,71911.91,84009.362,11.682259864881907
603310.SH,20260603,16.03,16.1,15.74,15.85,16.03,-0.18,-1.1229,22953.52,36430.736,15.871524716034838
603311.SH,20260603,35.4,37.51,33.33,37.51,34.1,3.41,10.0,211575.0,758876.771,35.86797925085667
603312.SH,20260603,38.41,38.43,37.1,37.55,38.37,-0.82,-2.1371,17520.38,66162.01,37.762885279885474
603313.SH,20260603,5.62,5.62,5.43,5.48,5.63,-0.15,-2.6643,80389.55,44102.347,5.486079596166417
603315.SH,20260603,16.33,16.98,15.85,16.22,16.39,-0.17,-1.0372,124428.0,204636.639,16.446188880316328
603316.SH,20260603,20.6,21.26,20.12,20.49,20.86,-0.37,-1.7737,274064.0,567671.924,20.71311533072567
603317.SH,20260603,14.55,14.66,14.11,14.12,14.6,-0.48,-3.2877,88740.35,126314.096,14.234121907339784
603318.SH,20260603,9.09,9.47,8.98,9.42,9.05,0.37,4.0884,458174.91,425991.435,9.29757229613468
603319.SH,20260603,39.8,42.6,38.4,42.6,38.73,3.87,9.9923,566574.56,2369478.402,41.821122395611965
603320.SH,20260603,22.36,22.81,21.6,21.86,22.14,-0.28,-1.2647,21482.0,47358.448,22.04564193278093
603321.SH,20260603,6.61,6.63,6.47,6.53,6.62,-0.09,-1.3595,39154.37,25609.915,6.540755220937024
603322.SH,20260603,31.5,32.97,31.4,31.69,31.49,0.2,0.6351,82083.0,264059.493,32.16981506523885
603323.SH,20260603,4.81,4.83,4.76,4.79,4.83,-0.04,-0.8282,262196.2,125511.854,4.786944051820735
603324.SH,20260603,32.75,33.77,31.9,32.48,33.95,-1.47,-4.3299,127052.4,414101.84,32.59299627555245
603325.SH,20260603,55.69,56.27,55.09,56.06,55.7,0.36,0.6463,3436.8,19162.052,55.75550512104282
603326.SH,20260603,7.5,7.5,7.22,7.29,7.47,-0.18,-2.4096,42264.0,30882.85,7.307128998674996
603327.SH,20260603,10.64,10.99,10.28,10.43,10.73,-0.3,-2.7959,333890.26,353930.167,10.600194417171679
603328.SH,20260603,12.4,13.03,12.38,12.59,12.52,0.07,0.5591,570774.96,726579.178,12.729696095988514
603329.SH,20260603,10.48,10.6,10.25,10.34,10.53,-0.19,-1.8044,40535.61,42168.014,10.402708630757008
603330.SH,20260603,8.55,8.55,8.55,8.55,7.77,0.78,10.0386,118366.21,101203.11,8.550000038017608
603331.SH,20260603,12.48,12.58,12.24,12.4,12.49,-0.09,-0.7206,44256.6,54898.195,12.404521585481037
603332.SH,20260603,12.25,12.71,12.07,12.2,12.08,0.12,0.9934,65219.47,80391.291,12.326271740632054
603333.SH,20260603,8.86,9.05,8.55,8.67,8.94,-0.27,-3.0201,253710.92,223251.619,8.799448561378437
603334.SH,20260603,43.82,43.9,42.28,42.64,43.82,-1.18,-2.6928,19717.82,84426.029,42.81712126391254
603335.SH,20260603,7.18,7.26,7.01,7.13,7.19,-0.06,-0.8345,200505.97,143081.561,7.1360249772114015
603336.SH,20260603,9.36,9.48,9.18,9.35,9.37,-0.02,-0.2134,160543.55,149600.287,9.318361715559424
603337.SH,20260603,38.72,41.19,38.08,40.37,38.83,1.54,3.966,68841.9,274541.946,39.880065192854936
603338.SH,20260603,50.75,51.66,50.35,50.66,50.75,-0.09,-0.1773,35971.0,183416.91,50.99021711934614
603339.SH,20260603,12.84,13.32,12.67,13.06,12.83,0.23,1.7927,56454.07,73676.656,13.05072530643052
603341.SH,20260603,38.5,40.95,38.4,40.05,39.67,0.38,0.9579,296164.1,1185128.715,40.01594774653647
603344.SH,20260603,33.05,34.0,30.6,30.6,33.9,-3.3,-9.7345,161134.66,511922.605,31.769862858803933
603345.SH,20260603,92.03,92.52,86.88,89.78,93.97,-4.19,-4.4589,116551.05,1044869.565,89.64909067743277
603348.SH,20260603,16.47,16.5,16.09,16.14,16.46,-0.32,-1.9441,12487.48,20292.397,16.250193794104174
603350.SH,20260603,31.18,31.18,30.38,30.55,31.11,-0.56,-1.8001,7230.76,22200.373,30.702682705552387
603351.SH,20260603,25.41,25.75,25.15,25.6,25.68,-0.08,-0.3115,6635.92,16899.64,25.46691340462212
603352.SH,20260603,29.3,29.75,29.05,29.34,29.58,-0.24,-0.8114,14427.35,42332.366,29.341747444956976
603353.SH,20260603,45.76,49.15,45.13,45.9,45.59,0.31,0.68,72135.9,335716.696,46.539475628639835
603355.SH,20260603,26.2,26.32,25.6,25.83,26.21,-0.38,-1.4498,17006.87,43967.479,25.852775378420603
603356.SH,20260603,18.68,18.82,18.11,18.26,18.6,-0.34,-1.828,40990.0,75790.421,18.489978287387167
603357.SH,20260603,7.02,7.06,6.86,6.93,7.04,-0.11,-1.5625,36675.14,25454.924,6.940648079325669
603358.SH,20260603,38.78,39.78,37.91,39.1,38.78,0.32,0.8252,126228.83,491367.962,38.92676197664195
603359.SH,20260603,3.0,3.16,2.9,2.91,3.01,-0.1,-3.3223,219667.0,66686.372,3.035793815183892
603360.SH,20260603,19.18,19.99,18.33,18.6,19.36,-0.76,-3.9256,231233.92,439533.703,19.00818456911512
603363.SH,20260603,3.19,3.2,3.08,3.13,3.19,-0.06,-1.8809,328540.65,102616.5,3.123403450988485
603365.SH,20260603,18.95,19.06,18.43,18.64,18.9,-0.26,-1.3757,14715.0,27350.325,18.58669724770642
603366.SH,20260603,7.55,7.59,7.42,7.48,7.61,-0.13,-1.7083,84798.0,63309.914,7.465967829429939
603367.SH,20260603,13.8,13.83,13.5,13.58,13.76,-0.18,-1.3081,44438.0,60300.297,13.569534407489085
603368.SH,20260603,16.36,16.36,16.06,16.13,16.35,-0.22,-1.3456,26826.17,43364.324,16.16493297403245
603369.SH,20260603,29.0,29.49,28.2,29.49,29.19,0.3,1.0277,159378.6,457573.325,28.709834632754962
603370.SH,20260603,41.66,41.89,40.88,41.09,41.67,-0.58,-1.3919,7488.16,30907.691,41.275414788145554
603373.SH,20260603,50.0,51.94,49.43,50.93,48.65,2.28,4.6865,46250.82,234702.523,50.745591753832684
603375.SH,20260603,47.88,51.33,47.0,49.52,48.25,1.27,2.6321,50935.0,250015.948,49.085294591145576
603376.SH,20260603,28.45,28.5,27.72,27.84,28.4,-0.56,-1.9718,9728.32,27325.317,28.088423283773558
603377.SH,20260603,3.74,3.8,3.68,3.78,3.74,0.04,1.0695,70952.64,26667.427,3.7584827005732273
603378.SH,20260603,6.12,6.2,5.78,5.91,5.95,-0.04,-0.6723,235879.44,141559.66,6.001356455653787
603379.SH,20260603,60.88,63.15,59.66,61.33,61.05,0.28,0.4586,133029.99,819585.019,61.60904161535306
603380.SH,20260603,37.45,37.67,35.38,35.71,37.49,-1.78,-4.7479,47791.26,173562.325,36.316750175659735
603381.SH,20260603,18.98,19.17,18.49,18.73,19.12,-0.39,-2.0397,47534.56,89563.835,18.841835287841104
603382.SH,20260603,21.58,21.66,20.85,21.05,21.59,-0.54,-2.5012,13728.93,28938.831,21.07872281379539
603383.SH,20260603,31.92,32.46,31.05,31.15,31.97,-0.82,-2.5649,66991.45,212321.273,31.693786744427833
603385.SH,20260603,5.81,5.85,5.63,5.66,5.82,-0.16,-2.7491,37302.96,21254.267,5.697742752853929
603386.SH,20260603,16.75,17.59,16.75,17.04,17.1,-0.06,-0.3509,278069.4,476862.571,17.149048798609265
603387.SH,20260603,8.81,8.83,8.66,8.72,8.83,-0.11,-1.2458,72385.12,63051.871,8.710612208697036
603389.SH,20260603,65.92,66.1,63.01,63.95,64.29,-0.34,-0.5289,20313.04,130574.348,64.28104705154915
603390.SH,20260603,12.52,12.67,12.25,12.35,12.61,-0.26,-2.0619,77727.26,96731.858,12.445036400356837
603391.SH,20260603,59.44,60.18,57.3,57.74,59.22,-1.48,-2.4992,12046.5,70827.293,58.7949138753995
603392.SH,20260603,35.22,35.3,33.91,34.0,35.51,-1.51,-4.2523,41132.76,140566.695,34.17390299119242
603393.SH,20260603,27.75,28.38,26.92,27.74,27.6,0.14,0.5072,106914.94,293583.4,27.459529977756148
603395.SH,20260603,24.01,24.04,23.32,23.5,23.99,-0.49,-2.0425,25366.62,59905.486,23.615872355087117
603396.SH,20260603,30.67,30.95,29.85,30.1,30.68,-0.58,-1.8905,30298.54,92037.519,30.37688251645129
603398.SH,20260603,14.65,14.65,13.96,13.97,14.57,-0.6,-4.1181,78441.0,111306.111,14.18978735610204
603399.SH,20260603,16.05,17.32,15.34,16.8,17.04,-0.24,-1.4085,959527.82,1602475.908,16.700671669946995
603400.SH,20260603,66.62,69.01,66.14,68.8,66.55,2.25,3.3809,9943.21,67479.394,67.86479818891485
603402.SH,20260603,92.5,93.27,91.8,92.6,92.92,-0.32,-0.3444,4537.86,41904.857,92.34497538487305
603406.SH,20260603,29.75,29.89,28.98,29.06,29.76,-0.7,-2.3522,9087.6,26610.73,29.28246181610106
603407.SH,20260603,56.36,60.29,56.36,59.34,58.75,0.59,1.0043,67080.02,392439.281,58.503155037819006
603408.SH,20260603,10.47,10.5,10.18,10.29,10.44,-0.15,-1.4368,24760.0,25441.186,10.2751155088853
603409.SH,20260603,41.16,41.59,40.04,40.8,41.2,-0.4,-0.9709,15566.85,63599.538,40.85575309070236
603416.SH,20260603,56.11,59.61,55.4,56.37,54.99,1.38,2.5095,50435.97,290125.164,57.523462719166496
603418.SH,20260603,53.7,54.34,52.62,53.72,54.0,-0.28,-0.5185,18173.9,96587.738,53.14640115770417
603421.SH,20260603,7.13,7.37,7.04,7.11,7.12,-0.01,-0.1404,86035.0,61862.187,7.19035125239728
603429.SH,20260603,9.9,10.14,9.72,9.79,9.66,0.13,1.3458,90879.8,89974.57,9.900392606497814
603435.SH,20260603,72.02,80.52,71.8,77.14,76.82,0.32,0.4166,116072.28,878482.271,75.68407125284348
603439.SH,20260603,16.28,16.49,15.26,16.16,16.43,-0.27,-1.6433,265220.0,421614.669,15.896790174195008
603444.SH,20260603,334.0,339.32,329.98,334.36,336.52,-2.16,-0.6419,12261.83,409515.037,333.9754645105992
603456.SH,20260603,12.8,12.85,12.54,12.56,12.78,-0.22,-1.7214,93723.0,118473.606,12.640825197656923
603458.SH,20260603,13.05,14.0,12.92,13.84,13.0,0.84,6.4615,273616.43,373391.749,13.646539756402786
603459.SH,20260603,96.73,103.25,95.68,97.72,97.11,0.61,0.6282,238374.77,2367999.518,99.33935197923843
603466.SH,20260603,10.95,11.41,10.62,11.41,11.15,0.26,2.3318,622450.32,693000.777,11.133431130696502
603477.SH,20260603,15.47,15.65,14.98,15.62,15.46,0.16,1.0349,117559.14,178950.836,15.222196759860614
603486.SH,20260603,58.47,59.2,57.35,57.6,58.4,-0.8,-1.3699,51275.18,298848.29,58.28322591944094
603488.SH,20260603,11.19,11.99,10.98,11.74,11.27,0.47,4.1704,160694.0,185770.723,11.56052640422169
603489.SH,20260603,33.61,34.13,33.24,33.65,33.56,0.09,0.2682,26262.92,88738.386,33.788469065892144
603496.SH,20260603,23.18,23.3,22.58,22.78,23.04,-0.26,-1.1285,100501.63,231338.844,23.01841711422989
603499.SH,20260603,17.84,18.11,17.43,17.76,17.94,-0.18,-1.0033,51275.45,90587.382,17.666813650587173
603500.SH,20260603,10.33,10.48,10.0,10.11,10.33,-0.22,-2.1297,97672.31,99394.707,10.176344452178922
603501.SH,20260603,92.42,101.92,92.36,100.91,92.65,8.26,8.9153,607467.98,5996103.898,98.70650133690998
603505.SH,20260603,18.5,19.1,18.11,18.24,18.63,-0.39,-2.0934,159499.83,295708.714,18.539751045502683
603506.SH,20260603,11.51,11.54,11.0,11.12,11.38,-0.26,-2.2847,31837.0,35558.343,11.168873637591481
603507.SH,20260603,38.35,38.64,37.6,38.0,38.4,-0.4,-1.0417,43871.3,167070.612,38.08198343791955
603508.SH,20260603,22.57,22.72,22.3,22.38,22.58,-0.2,-0.8857,30791.12,69321.031,22.513319099792408
603511.SH,20260603,13.73,13.73,13.01,13.55,13.75,-0.2,-1.4545,15855.53,21511.82,13.567392575334914
603515.SH,20260603,18.88,18.96,18.51,18.76,18.91,-0.15,-0.7932,10833.0,20341.025,18.776908520262165
603516.SH,20260603,109.99,118.52,109.83,114.9,110.81,4.09,3.691,88647.57,1011022.594,114.04966814093156
603517.SH,20260603,13.81,13.98,13.18,13.19,13.87,-0.68,-4.9027,128028.0,171410.767,13.388537429312336
603518.SH,20260603,9.01,9.05,8.61,8.66,9.01,-0.35,-3.8846,75502.0,65870.936,8.724396174935764
603519.SH,20260603,12.6,12.71,12.53,12.58,12.66,-0.08,-0.6319,22394.0,28216.8,12.600160757345717
603520.SH,20260603,10.09,10.1,9.91,10.01,10.18,-0.17,-1.6699,152283.5,152106.197,9.988357044591172
603527.SH,20260603,13.25,14.65,13.25,14.06,13.39,0.67,5.0037,298283.43,420928.786,14.111705299888769
603528.SH,20260603,6.84,6.92,6.75,6.82,6.85,-0.03,-0.438,91109.73,62228.047,6.830011130534577
603529.SH,20260603,21.88,21.88,21.15,21.19,21.91,-0.72,-3.2862,85266.94,181862.482,21.328604263270144
603530.SH,20260603,56.5,56.69,54.08,54.85,57.01,-2.16,-3.7888,54380.87,298695.741,54.926620519311285
603533.SH,20260603,25.81,26.12,24.94,25.23,26.25,-1.02,-3.8857,311635.78,795602.653,25.529887903115615
603535.SH,20260603,7.14,7.17,6.98,7.03,7.13,-0.1,-1.4025,30779.78,21684.311,7.044985701652189
603536.SH,20260603,9.46,9.46,9.13,9.18,9.37,-0.19,-2.0277,42372.34,39066.853,9.219895101379818
603538.SH,20260603,42.68,44.66,41.95,43.27,44.05,-0.78,-1.7707,276361.94,1192792.873,43.16053335708961
603551.SH,20260603,11.02,11.07,10.7,10.81,10.95,-0.14,-1.2785,24394.0,26460.492,10.847131261785686
603556.SH,20260603,25.3,25.58,24.81,25.39,25.36,0.03,0.1183,45077.61,113931.092,25.274430476682326
603557.SH,20260603,5.0,5.03,4.83,4.91,4.95,-0.04,-0.8081,76186.94,37492.78,4.921155778142553
603558.SH,20260603,11.9,11.93,11.6,11.83,11.91,-0.08,-0.6717,27011.0,31844.006,11.789273259042613
603559.SH,20260603,9.94,9.95,9.43,9.43,9.93,-0.5,-5.0352,90374.0,86198.552,9.537981277801137
603565.SH,20260603,10.86,10.86,10.2,10.23,10.88,-0.65,-5.9743,206368.9,213720.42,10.356231970999508
603566.SH,20260603,10.76,10.76,10.47,10.53,10.74,-0.21,-1.9553,26267.0,27688.934,10.541338561693381
603567.SH,20260603,6.85,6.9,6.72,6.78,6.91,-0.13,-1.8813,74880.1,50988.555,6.809359896688171
603568.SH,20260603,14.98,14.99,14.55,14.77,14.95,-0.18,-1.204,91581.01,135193.433,14.762168816439127
603569.SH,20260603,6.05,6.11,5.96,5.97,6.09,-0.12,-1.9704,46482.4,27904.669,6.003276293823038
603577.SH,20260603,10.19,10.2,9.83,9.97,10.28,-0.31,-3.0156,56861.0,56915.035,10.0095029985403
603578.SH,20260603,14.38,14.66,14.14,14.33,14.32,0.01,0.0698,46315.26,66755.196,14.413218451110927
603579.SH,20260603,19.23,19.68,18.96,19.29,19.24,0.05,0.2599,30965.0,59861.483,19.331982238010657
603580.SH,20260603,23.9,24.37,23.11,23.11,24.14,-1.03,-4.2668,9994.08,23678.261,23.69228683380561
603583.SH,20260603,25.0,25.55,24.62,24.87,25.08,-0.21,-0.8373,42958.55,107699.529,25.070568955423305
603585.SH,20260603,16.07,16.16,15.76,15.85,16.07,-0.22,-1.369,26742.74,42574.943,15.920187310649542
603586.SH,20260603,17.45,17.88,17.4,17.63,17.55,0.08,0.4558,31108.95,54926.126,17.65605267937362
603587.SH,20260603,12.6,12.61,12.3,12.43,12.55,-0.12,-0.9562,19411.2,24065.439,12.397708024233431
603588.SH,20260603,12.79,13.4,12.71,12.95,12.79,0.16,1.251,567330.93,743274.384,13.101249106936578
603589.SH,20260603,21.37,21.56,20.8,21.13,21.46,-0.33,-1.5377,84340.07,177817.64,21.08341147926484
603590.SH,20260603,32.5,32.99,32.1,32.4,32.81,-0.41,-1.2496,20609.82,67067.471,32.541512249985686
603595.SH,20260603,23.74,24.66,23.51,24.66,23.49,1.17,4.9808,14141.0,34412.849,24.33551304716781
603596.SH,20260603,31.93,32.13,30.8,31.04,31.93,-0.89,-2.7873,223721.16,702512.305,31.40124541639244
603598.SH,20260603,22.6,22.74,21.7,22.31,23.0,-0.69,-3.0,257371.0,574216.313,22.310839721646957
603599.SH,20260603,11.16,11.16,10.92,11.09,11.18,-0.09,-0.805,110188.88,121792.136,11.053033300637958
603600.SH,20260603,10.33,10.51,10.28,10.43,10.36,0.07,0.6757,55473.0,57732.396,10.407296522632631
603601.SH,20260603,16.45,17.86,16.4,16.91,17.15,-0.24,-1.3994,2894787.2,4966275.126,17.155924711840647
603602.SH,20260603,13.31,13.91,13.28,13.53,13.56,-0.03,-0.2212,73854.52,100550.006,13.614604224629716
603605.SH,20260603,64.6,64.98,62.56,64.3,64.88,-0.58,-0.894,74845.43,476819.962,63.70729141378439
603606.SH,20260603,42.58,42.77,41.8,42.17,42.6,-0.43,-1.0094,100954.1,426871.062,42.2836776317158
603607.SH,20260603,21.82,21.93,21.4,21.65,21.82,-0.17,-0.7791,25064.56,54255.954,21.64648172559183
603608.SH,20260603,19.18,20.08,18.97,19.9,19.31,0.59,3.0554,335784.64,658587.313,19.613384132162803
603609.SH,20260603,6.41,6.41,6.27,6.32,6.42,-0.1,-1.5576,32199.0,20376.581,6.328327277244634
603610.SH,20260603,17.85,17.85,17.11,17.56,17.56,0.0,0.0,53256.0,92952.958,17.453987907465823
603611.SH,20260603,18.11,18.24,17.95,18.1,18.03,0.07,0.3882,19326.14,34965.629,18.092401793632874
603612.SH,20260603,21.18,21.96,21.1,21.45,21.3,0.15,0.7042,160307.03,345895.108,21.577039260224584
603613.SH,20260603,23.07,24.26,22.73,23.46,23.08,0.38,1.6464,111272.45,261104.282,23.465312572878553
603615.SH,20260603,19.49,19.66,19.01,19.61,19.31,0.3,1.5536,37669.0,73046.204,19.39159627279726
603616.SH,20260603,5.82,5.87,5.65,5.85,5.79,0.06,1.0363,238044.47,137213.701,5.76420452027304
603617.SH,20260603,7.36,7.49,7.28,7.44,7.37,0.07,0.9498,76871.79,56983.006,7.412733071520776
603618.SH,20260603,43.93,45.2,41.29,43.75,42.24,1.51,3.5748,1079017.08,4669183.498,43.27256337777341
603619.SH,20260603,25.81,27.28,25.38,26.85,25.59,1.26,4.9238,218301.12,572533.432,26.22677483285473
603626.SH,20260603,22.74,23.59,21.8,22.33,22.74,-0.41,-1.803,401608.67,911030.022,22.684520779892527
603628.SH,20260603,10.79,10.96,10.62,10.74,10.8,-0.06,-0.5556,36364.4,38986.651,10.72110388181848
603629.SH,20260603,190.53,209.77,189.94,207.88,195.41,12.47,6.3815,376716.6,7513371.224,199.4435929820985
603630.SH,20260603,14.07,14.14,13.67,13.93,14.09,-0.16,-1.1356,41043.8,56897.581,13.862649413553324
603633.SH,20260603,8.64,9.35,8.5,8.9,9.06,-0.16,-1.766,767035.36,677764.943,8.836162950818851
603636.SH,20260603,9.22,9.28,9.04,9.11,9.31,-0.2,-2.1482,143653.7,131549.322,9.157391838845777
603637.SH,20260603,19.86,20.0,17.95,18.6,19.94,-1.34,-6.7202,309709.06,581945.4,18.79006703904626
603638.SH,20260603,21.85,22.7,21.76,21.93,21.92,0.01,0.0456,90137.31,200156.026,22.20567997869029
603639.SH,20260603,11.14,11.17,11.0,11.04,11.15,-0.11,-0.9865,14397.0,15886.803,11.034801000208375
603648.SH,20260603,9.13,9.14,8.98,9.02,9.11,-0.09,-0.9879,28273.0,25571.467,9.044483075725957
603650.SH,20260603,52.0,53.71,51.6,52.6,52.32,0.28,0.5352,113037.18,599671.337,53.05080478830064
603655.SH,20260603,36.93,38.13,36.93,37.95,37.22,0.73,1.9613,12527.0,47160.551,37.647123014289136
603656.SH,20260603,18.36,20.19,18.34,20.19,18.35,1.84,10.0272,57584.16,113385.232,19.690350957624457
603657.SH,20260603,26.88,26.92,25.9,26.13,26.62,-0.49,-1.8407,22002.0,58068.861,26.39253749659122
603658.SH,20260603,31.82,31.97,31.0,31.01,31.81,-0.8,-2.5149,24782.2,77284.726,31.1855791656915
603659.SH,20260603,30.71,30.82,29.65,29.96,30.85,-0.89,-2.8849,449414.85,1353952.689,30.12701269217072
603660.SH,20260603,11.57,12.26,11.28,11.9,11.4,0.5,4.386,318250.31,375417.947,11.796310489061268
603661.SH,20260603,34.04,36.06,32.96,34.09,33.7,0.39,1.1573,69788.53,237502.996,34.0318095251469
603662.SH,20260603,60.6,64.38,59.6,62.17,60.8,1.37,2.2533,95747.11,599504.265,62.61330133097489
603663.SH,20260603,61.79,67.97,61.79,67.97,61.79,6.18,10.0016,195962.61,1318117.93,67.26374638508847
603665.SH,20260603,28.49,29.25,27.4,27.69,28.5,-0.81,-2.8421,46197.8,129968.504,28.133050491581848
603666.SH,20260603,28.88,29.28,28.31,28.69,28.68,0.01,0.0349,29364.0,84546.848,28.79268764473505
603667.SH,20260603,68.45,73.0,67.96,70.27,69.03,1.24,1.7963,344819.79,2451758.714,71.10261026491548
603668.SH,20260603,11.36,11.44,11.06,11.11,11.36,-0.25,-2.2007,36951.45,41316.135,11.181194513341154
603669.SH,20260603,4.2,4.3,4.15,4.26,4.22,0.04,0.9479,103926.96,43863.092,4.220569138171654
603676.SH,20260603,9.3,9.33,9.07,9.15,9.33,-0.18,-1.9293,18230.0,16658.872,9.138163466812944
603677.SH,20260603,17.13,17.49,16.9,17.19,17.14,0.05,0.2917,29246.84,50201.324,17.164700186413302
603678.SH,20260603,59.99,64.47,59.22,63.93,58.61,5.32,9.0769,725683.92,4574552.126,63.03780475113739
603679.SH,20260603,16.54,16.87,16.38,16.6,16.56,0.04,0.2415,51873.4,86308.152,16.638229227311108
603680.SH,20260603,11.91,12.04,11.77,11.87,11.98,-0.11,-0.9182,36144.2,43045.353,11.909338981081337
603681.SH,20260603,24.76,26.48,23.88,26.11,24.93,1.18,4.7333,217429.89,546766.297,25.146786258319867
603682.SH,20260603,9.13,9.26,8.85,8.97,9.19,-0.22,-2.3939,141426.7,127293.609,9.000677311992714
603683.SH,20260603,29.5,31.2,29.5,30.82,29.74,1.08,3.6315,247824.08,752105.998,30.34838253005923
603685.SH,20260603,32.74,34.0,32.45,33.3,32.9,0.4,1.2158,45014.52,149521.926,33.21637684907004
603686.SH,20260603,15.3,15.43,15.03,15.19,15.36,-0.17,-1.1068,91073.45,138677.039,15.226944735265874
603687.SH,20260603,17.85,19.3,17.51,18.9,17.89,1.01,5.6456,827563.14,1548809.381,18.71530166266226
603688.SH,20260603,62.7,67.0,62.24,63.78,61.78,2.0,3.2373,244312.94,1576717.719,64.53680754691094
603689.SH,20260603,8.18,8.18,7.94,8.1,8.19,-0.09,-1.0989,57615.4,46361.614,8.046739934114838
603690.SH,20260603,25.22,26.65,25.22,25.65,25.34,0.31,1.2234,197088.75,512586.804,26.007917955743288
603693.SH,20260603,16.6,17.7,16.53,17.46,16.98,0.48,2.8269,302845.74,523869.351,17.29822420483775
603696.SH,20260603,13.38,13.4,13.12,13.26,13.42,-0.16,-1.1923,40356.0,53391.648,13.230163544454356
603697.SH,20260603,11.32,11.33,10.85,10.94,11.35,-0.41,-3.6123,82688.0,90900.42,10.993181598297213
603698.SH,20260603,31.8,33.44,31.74,32.52,32.03,0.49,1.5298,142233.48,462179.716,32.49443914330156
603699.SH,20260603,58.0,58.0,55.5,55.82,57.18,-1.36,-2.3785,55994.65,315905.445,56.41707645283969
603700.SH,20260603,11.41,11.44,11.19,11.27,11.36,-0.09,-0.7923,28451.57,32066.557,11.270575578078821
603701.SH,20260603,24.56,25.85,24.15,25.0,24.35,0.65,2.6694,74936.52,189513.499,25.28987188089332
603703.SH,20260603,12.57,13.08,12.23,12.36,12.52,-0.16,-1.278,123137.5,155491.648,12.627481311541974
603706.SH,20260603,22.62,22.62,22.01,22.36,22.64,-0.28,-1.2367,13138.0,29226.995,22.24615238240219
603707.SH,20260603,8.15,8.18,8.01,8.12,8.15,-0.03,-0.3681,58225.15,47208.198,8.107870567959035
603708.SH,20260603,9.85,9.85,9.57,9.74,9.84,-0.1,-1.0163,51595.21,49871.666,9.665948835172877
603709.SH,20260603,16.17,16.17,15.8,15.93,16.1,-0.17,-1.0559,16593.8,26473.206,15.953673058612253
603711.SH,20260603,14.3,14.32,13.8,14.06,14.31,-0.25,-1.747,54885.0,76835.526,13.99936704017491
603712.SH,20260603,14.55,14.75,14.22,14.29,14.64,-0.35,-2.3907,89397.38,129221.868,14.45477126958307
603713.SH,20260603,56.4,59.0,56.13,56.72,56.28,0.44,0.7818,49749.56,286816.1,57.651987273857294
603716.SH,20260603,16.88,16.98,16.5,16.67,16.98,-0.31,-1.8257,66568.53,111398.62,16.734426913137483
603717.SH,20260603,6.83,7.1,6.73,6.77,6.84,-0.07,-1.0234,101860.7,69766.319,6.8491890395412565
603718.SH,20260603,3.51,3.54,3.44,3.46,3.52,-0.06,-1.7045,91664.28,32007.242,3.491790040787971
603719.SH,20260603,10.33,10.34,10.0,10.13,10.33,-0.2,-1.9361,51680.0,52166.798,10.094194659442726
603721.SH,20260603,22.62,23.16,21.68,21.68,24.09,-2.41,-10.0042,81555.51,180948.641,22.187175458776483
603722.SH,20260603,35.34,35.7,34.61,35.0,35.35,-0.35,-0.9901,13618.0,47994.021,35.24307607578206
603725.SH,20260603,11.9,12.1,11.55,11.72,11.96,-0.24,-2.0067,150075.59,177111.611,11.801493567341632
603726.SH,20260603,26.2,26.84,25.66,25.89,26.19,-0.3,-1.1455,65916.0,172410.747,26.15613007464045
603727.SH,20260603,15.04,15.14,14.66,14.98,15.02,-0.04,-0.2663,29487.02,43756.401,14.839207556409566
603728.SH,20260603,62.19,64.95,61.71,62.28,62.51,-0.23,-0.3679,111123.89,703935.873,63.34694303808119
603729.SH,20260603,13.32,13.42,12.98,13.1,13.34,-0.24,-1.7991,14392.0,18915.095,13.1427841856587
603730.SH,20260603,12.39,12.74,12.23,12.37,12.48,-0.11,-0.8814,265396.28,332907.356,12.543783808876297
603733.SH,20260603,24.43,25.65,24.22,25.42,24.57,0.85,3.4595,127856.09,321240.915,25.1251946622175
603737.SH,20260603,30.53,30.53,29.59,29.7,30.59,-0.89,-2.9094,69115.81,206709.291,29.90767105239742
603738.SH,20260603,44.21,48.0,43.72,45.8,43.64,2.16,4.9496,597088.3,2756607.396,46.167499781858055
603739.SH,20260603,12.94,12.94,12.55,12.63,12.91,-0.28,-2.1689,27677.8,35006.547,12.647879166696773
603755.SH,20260603,25.79,25.8,24.91,24.99,25.8,-0.81,-3.1395,12340.96,31011.723,25.129100977557663
603757.SH,20260603,58.0,61.16,55.88,56.43,59.75,-3.32,-5.5565,177774.16,1043964.155,58.72417875578768
603758.SH,20260603,10.9,10.99,10.61,10.72,10.94,-0.22,-2.011,30803.0,33207.683,10.780665194948542
603759.SH,20260603,8.23,8.23,8.02,8.1,8.23,-0.13,-1.5796,31314.08,25313.566,8.08376487509772
603766.SH,20260603,13.52,13.8,13.07,13.15,13.55,-0.4,-2.952,119192.25,159056.636,13.344545136114135
603767.SH,20260603,17.1,17.37,16.7,16.9,17.17,-0.27,-1.5725,97723.0,166843.887,17.073144193281006
603768.SH,20260603,11.53,11.65,11.2,11.31,11.54,-0.23,-1.9931,66244.0,75698.872,11.427279753638066
603773.SH,20260603,120.0,128.78,115.23,118.82,122.0,-3.18,-2.6066,362677.44,4345587.585,119.81962773863188
603776.SH,20260603,19.25,21.22,19.0,20.85,19.29,1.56,8.0871,111752.46,231504.921,20.7158679996843
603777.SH,20260603,17.21,17.93,17.03,17.44,17.35,0.09,0.5187,71744.6,124943.325,17.415014509802827
603778.SH,20260603,18.28,19.13,17.18,18.52,18.28,0.24,1.3129,582890.53,1060857.641,18.199946411893155
603779.SH,20260603,9.35,9.42,9.03,9.12,9.45,-0.33,-3.4921,361796.67,332687.919,9.19543894641153
603786.SH,20260603,48.08,49.57,47.8,48.48,48.22,0.26,0.5392,26051.0,126779.621,48.6659325937584
603787.SH,20260603,10.4,10.44,10.09,10.24,10.41,-0.17,-1.633,47898.29,48840.678,10.196747733582974
603788.SH,20260603,15.61,15.67,15.08,15.31,16.08,-0.77,-4.7886,48765.37,74748.67,15.328227797717929
603789.SH,20260603,5.75,5.91,5.7,5.79,5.74,0.05,0.8711,29547.44,17062.923,5.7747551056876665
603790.SH,20260603,24.98,25.77,24.75,25.08,24.93,0.15,0.6017,29030.0,73106.569,25.18311023079573
603797.SH,20260603,4.47,4.47,4.3,4.32,4.5,-0.18,-4.0,67682.0,29334.407,4.3341519163145295
603798.SH,20260603,15.88,16.16,15.65,15.91,15.71,0.2,1.2731,61155.0,96876.537,15.841147412312974
603799.SH,20260603,53.0,54.38,52.77,53.22,53.58,-0.36,-0.6719,442856.54,2373089.2,53.58595810733653
603800.SH,20260603,70.92,75.97,68.01,75.87,70.99,4.88,6.8742,198416.12,1428993.008,72.02000563260685
603801.SH,20260603,7.43,7.43,7.03,7.11,7.44,-0.33,-4.4355,55840.8,39733.589,7.11551213449664
603803.SH,20260603,13.55,13.86,13.22,13.33,13.35,-0.02,-0.1498,327038.0,445297.935,13.616091555109804
603806.SH,20260603,17.23,18.15,17.04,17.55,17.23,0.32,1.8572,498084.04,879523.834,17.658141264674935
603808.SH,20260603,9.48,9.48,9.18,9.28,9.42,-0.14,-1.4862,65322.99,60877.797,9.319505582950198
603809.SH,20260603,10.26,10.3,10.06,10.09,10.21,-0.12,-1.1753,94042.24,95736.427,10.180151706297085
603810.SH,20260603,13.54,13.54,13.01,13.13,13.47,-0.34,-2.5241,18448.6,24280.415,13.16111520657394
603811.SH,20260603,11.1,11.1,10.78,10.85,11.1,-0.25,-2.2523,44083.4,47904.641,10.866820844127268
603813.SH,20260603,36.97,37.6,36.51,36.74,36.75,-0.01,-0.0272,4792.0,17753.619,37.04845367278798
603815.SH,20260603,6.18,6.38,6.14,6.24,6.4,-0.16,-2.5,249637.0,155573.893,6.232004590665648
603816.SH,20260603,29.34,29.52,28.0,29.3,29.39,-0.09,-0.3062,75304.39,216817.131,28.79209711412575
603817.SH,20260603,6.26,6.27,6.16,6.2,6.27,-0.07,-1.1164,68180.0,42306.323,6.205092842475799
603818.SH,20260603,3.17,3.19,3.07,3.16,3.18,-0.02,-0.6289,220490.0,68776.918,3.119276066941812
603819.SH,20260603,13.2,13.36,12.33,12.46,13.18,-0.72,-5.4628,98479.22,125543.039,12.74817560496519
603822.SH,20260603,80.75,83.9,78.84,82.02,80.75,1.27,1.5728,11821.08,95918.336,81.14177046428921
603823.SH,20260603,27.86,30.8,27.86,28.76,28.27,0.49,1.7333,307935.43,906582.42,29.440666181218575
603825.SH,20260603,8.43,8.45,8.28,8.29,8.43,-0.14,-1.6607,22267.0,18538.863,8.325712040238919
603826.SH,20260603,30.4,30.88,29.58,30.05,30.4,-0.35,-1.1513,91180.1,275605.484,30.226495035649226
603828.SH,20260603,5.58,5.58,5.28,5.4,5.48,-0.08,-1.4599,33708.53,18365.423,5.448301364669418
603829.SH,20260603,22.88,23.1,22.02,22.38,22.88,-0.5,-2.1853,47591.76,106536.442,22.385480595800615
603833.SH,20260603,37.98,38.0,36.16,36.89,38.1,-1.21,-3.1759,71598.81,264074.565,36.882535477894116
603836.SH,20260603,12.76,12.98,12.54,12.61,12.78,-0.17,-1.3302,25635.95,32470.05,12.665826700395343
603838.SH,20260603,9.11,9.21,8.95,8.97,9.25,-0.28,-3.027,15765.0,14247.521,9.037437995559785
603839.SH,20260603,6.9,6.96,6.65,6.75,6.89,-0.14,-2.0319,60987.43,41326.572,6.7762442195055606
603843.SH,20260603,7.79,8.15,7.76,8.05,7.88,0.17,2.1574,156865.22,125163.139,7.979024222195335
603848.SH,20260603,14.5,14.76,14.12,14.5,14.51,-0.01,-0.0689,20994.0,30186.822,14.378785367247787
603855.SH,20260603,18.1,18.1,17.7,17.78,18.02,-0.24,-1.3319,19655.0,35139.514,17.878155176799797
603856.SH,20260603,12.37,12.51,12.22,12.31,12.42,-0.11,-0.8857,75957.5,93675.673,12.332642991146363
603858.SH,20260603,15.32,15.37,15.06,15.17,15.31,-0.14,-0.9144,50353.67,76558.473,15.204149568442578
603859.SH,20260603,42.81,43.47,41.96,42.6,43.29,-0.69,-1.5939,77481.2,331934.194,42.840610883672426
603860.SH,20260603,28.4,28.57,27.8,27.9,28.41,-0.51,-1.7951,10853.0,30548.386,28.14741177554593
603861.SH,20260603,17.3,17.67,16.06,16.44,17.21,-0.77,-4.4741,351841.45,584607.972,16.615665152585063
603863.SH,20260603,15.99,16.33,15.73,16.18,15.99,0.19,1.1882,46085.0,74159.527,16.09190126939351
603866.SH,20260603,4.66,4.68,4.52,4.57,4.65,-0.08,-1.7204,124167.9,56932.111,4.585090913190929
603867.SH,20260603,37.0,38.1,36.0,37.14,36.76,0.38,1.0337,70711.15,262910.998,37.18098178292957
603868.SH,20260603,38.34,38.34,36.1,36.24,38.46,-2.22,-5.7722,35552.46,131696.425,37.04284457390572
603869.SH,20260603,10.31,10.39,10.2,10.22,10.43,-0.21,-2.0134,10127.75,10410.02,10.27870948631236
603871.SH,20260603,12.35,12.37,11.94,12.03,12.38,-0.35,-2.8271,112672.15,136037.12,12.073712980536895
603876.SH,20260603,28.68,28.68,26.3,26.7,28.8,-2.1,-7.2917,408949.14,1115255.642,27.271255344857796
603877.SH,20260603,13.55,13.57,12.98,13.22,13.43,-0.21,-1.5637,30119.0,39709.002,13.184037318636078
603878.SH,20260603,6.71,6.71,6.57,6.62,6.68,-0.06,-0.8982,91730.2,60893.165,6.638289788968082
603879.SH,20260603,5.07,5.09,4.92,5.02,5.02,0.0,0.0,88171.28,44162.205,5.008683666608901
603880.SH,20260603,8.13,8.35,8.03,8.11,8.15,-0.04,-0.4908,61331.1,50158.061,8.178242522961433
603881.SH,20260603,36.3,37.05,36.0,36.42,36.81,-0.39,-1.0595,288593.15,1055299.424,36.56702953621733
603882.SH,20260603,25.68,25.68,24.5,24.57,25.74,-1.17,-4.5455,73429.99,182713.993,24.88274790722428
603883.SH,20260603,12.38,12.45,12.08,12.12,12.34,-0.22,-1.7828,62456.42,75949.576,12.160411371641217
603885.SH,20260603,11.35,11.45,10.96,10.96,11.45,-0.49,-4.2795,273133.05,302002.756,11.056983254132007
603886.SH,20260603,10.9,11.96,10.9,11.96,10.87,1.09,10.0276,158905.19,185405.702,11.667693295606014
603887.SH,20260603,12.01,12.26,11.86,12.0,12.09,-0.09,-0.7444,124279.72,149400.678,12.02132399397102
603888.SH,20260603,18.13,18.17,17.88,17.9,18.28,-0.38,-2.0788,87389.17,157368.781,18.007812752999026
603889.SH,20260603,6.05,6.05,5.88,5.96,6.02,-0.06,-0.9967,123968.1,73620.668,5.938678418076908
603890.SH,20260603,31.59,32.58,29.23,31.33,30.02,1.31,4.3638,1605113.94,4935974.48,30.751552005086946
603893.SH,20260603,175.0,181.5,174.0,176.15,175.5,0.65,0.3704,115281.44,2047280.808,177.58980179289918
603895.SH,20260603,33.99,38.06,33.99,35.17,37.77,-2.6,-6.8838,70030.8,250628.0,35.78825316860581
603896.SH,20260603,15.52,15.81,15.24,15.72,15.6,0.12,0.7692,23398.0,36301.748,15.51489358064792
603897.SH,20260603,44.67,46.75,43.96,44.82,44.52,0.3,0.6739,63370.73,286391.769,45.19306768282454
603898.SH,20260603,12.86,12.9,12.41,12.73,12.83,-0.1,-0.7794,41068.0,51664.729,12.580288545826434
603899.SH,20260603,23.12,23.13,22.07,22.55,23.13,-0.58,-2.5076,96462.23,216117.362,22.404350594009696
603900.SH,20260603,6.68,6.69,6.52,6.56,6.7,-0.14,-2.0896,55690.22,36647.47,6.580593504568666
603901.SH,20260603,11.23,11.45,11.08,11.21,11.21,0.0,0.0,81439.42,91665.7,11.255691653992624
603903.SH,20260603,11.29,11.34,11.11,11.2,11.29,-0.09,-0.7972,44288.76,49651.83,11.210932525543726
603906.SH,20260603,24.67,24.99,24.4,24.65,24.87,-0.22,-0.8846,173240.4,428495.14,24.734134763022944
603908.SH,20260603,20.68,20.96,20.05,20.2,20.85,-0.65,-3.1175,13565.0,27620.214,20.36138149649834
603909.SH,20260603,10.34,10.38,9.91,10.0,10.27,-0.27,-2.629,37484.56,37642.181,10.042049579880356
603912.SH,20260603,8.96,9.22,8.9,9.01,8.97,0.04,0.4459,169287.76,154004.546,9.097205019429639
603915.SH,20260603,15.58,16.28,15.43,15.69,15.64,0.05,0.3197,113366.98,180328.008,15.906572442875342
603916.SH,20260603,13.49,13.68,13.32,13.43,13.46,-0.03,-0.2229,75290.2,101512.156,13.48278474489376
603917.SH,20260603,12.2,12.49,11.85,11.97,12.19,-0.22,-1.8048,63038.0,76386.169,12.117479774104506
603918.SH,20260603,11.45,11.46,11.1,11.2,11.43,-0.23,-2.0122,73874.32,83231.287,11.26660617654416
603919.SH,20260603,20.72,22.1,20.21,21.7,21.06,0.64,3.0389,188784.89,399697.169,21.172095340893012
603920.SH,20260603,56.9,59.87,56.23,56.99,57.58,-0.59,-1.0247,360827.03,2103572.79,58.29864769277401
603922.SH,20260603,15.29,15.6,14.77,15.08,15.16,-0.08,-0.5277,29831.73,44922.95,15.058781371378728
603926.SH,20260603,20.48,21.22,20.01,20.68,20.49,0.19,0.9273,59198.0,122100.613,20.625800364877193
603927.SH,20260603,15.2,15.32,14.96,15.07,15.18,-0.11,-0.7246,64401.8,97263.615,15.10262368443118
603928.SH,20260603,15.13,15.46,14.96,15.18,15.14,0.04,0.2642,37665.3,57110.311,15.16257961572057
603929.SH,20260603,149.63,155.1,148.0,150.64,149.65,0.99,0.6615,50495.43,769268.688,152.3442196650271
603931.SH,20260603,62.0,62.58,56.0,60.38,61.5,-1.12,-1.8211,178841.7,1049651.429,58.69164903934596
603933.SH,20260603,23.3,24.14,23.3,23.6,23.54,0.06,0.2549,51427.48,121920.671,23.707300260483308
603936.SH,20260603,22.32,22.78,21.3,21.71,22.13,-0.42,-1.8979,633847.92,1408487.829,22.221226646921863
603937.SH,20260603,14.81,15.26,14.68,14.96,14.97,-0.01,-0.0668,85895.0,128766.499,14.991151871470983
603938.SH,20260603,43.67,47.38,43.55,47.38,43.07,4.31,10.007,290681.41,1352245.368,46.51984342583174
603939.SH,20260603,20.49,20.6,19.88,20.11,20.52,-0.41,-1.9981,113402.02,227624.147,20.07231855305576
603948.SH,20260603,26.12,26.43,25.97,26.28,26.12,0.16,0.6126,15055.0,39462.852,26.212455662570573
603949.SH,20260603,15.6,15.65,15.31,15.49,15.55,-0.06,-0.3859,23215.0,35933.375,15.478516045660133
603950.SH,20260603,65.59,69.4,62.2,63.68,66.93,-3.25,-4.8558,98643.69,638576.804,64.73569713379538
603955.SH,20260603,24.64,25.19,23.66,23.76,24.64,-0.88,-3.5714,29556.3,72004.317,24.36174927172887
603956.SH,20260603,5.3,5.34,5.11,5.19,5.29,-0.1,-1.8904,148353.77,77712.972,5.238355048206729
603958.SH,20260603,21.06,21.64,20.71,21.07,21.06,0.01,0.0475,49473.0,104753.005,21.17377256281204
603959.SH,20260603,4.5,4.53,4.28,4.28,4.51,-0.23,-5.0998,164102.6,71087.576,4.331898214897265
603960.SH,20260603,20.38,21.99,20.35,21.8,20.36,1.44,7.0727,142820.99,306909.845,21.489127403471997
603966.SH,20260603,9.32,9.4,9.18,9.27,9.33,-0.06,-0.6431,82785.29,76640.917,9.257794108107854
603967.SH,20260603,12.45,12.48,12.15,12.23,12.45,-0.22,-1.7671,18784.0,23018.291,12.254200915672913
603968.SH,20260603,11.59,11.59,11.05,11.27,11.59,-0.32,-2.761,83611.22,94041.666,11.247493578015007
603969.SH,20260603,8.16,8.48,8.12,8.34,8.12,0.22,2.7094,252039.9,208296.516,8.264426227752036
603970.SH,20260603,11.59,11.68,11.39,11.46,11.65,-0.19,-1.6309,18106.14,20796.298,11.48577112515423
603976.SH,20260603,21.16,21.35,20.84,21.2,21.37,-0.17,-0.7955,31959.0,67320.038,21.064500766607214
603977.SH,20260603,15.39,15.55,15.03,15.41,15.4,0.01,0.0649,199090.64,303666.102,15.252655875735794
603978.SH,20260603,27.92,28.89,27.44,28.25,27.63,0.62,2.2439,77815.67,219983.526,28.269823545823098
603979.SH,20260603,75.5,77.86,74.01,74.5,76.35,-1.85,-2.4231,85224.8,641899.227,75.31836120471975
603980.SH,20260603,5.61,5.76,5.61,5.73,5.65,0.08,1.4159,157918.6,90088.158,5.704721166474373
603982.SH,20260603,6.76,6.77,6.6,6.66,6.77,-0.11,-1.6248,49613.76,33120.998,6.675768577104416
603983.SH,20260603,23.66,23.68,22.81,23.22,23.65,-0.43,-1.8182,21872.26,50475.698,23.077495421140753
603985.SH,20260603,22.5,23.96,22.48,22.82,22.7,0.12,0.5286,154504.69,359102.317,23.2421628754441
603986.SH,20260603,478.89,510.0,477.0,492.23,474.69,17.54,3.695,581929.78,28838934.89,495.574137656265
603987.SH,20260603,7.51,7.55,7.26,7.29,7.51,-0.22,-2.9294,58501.0,42914.144,7.335625715799729
603988.SH,20260603,21.1,21.27,20.39,20.62,21.14,-0.52,-2.4598,48893.38,101720.396,20.804533456267492
603989.SH,20260603,31.1,32.12,30.45,31.14,31.74,-0.6,-1.8904,336864.06,1050723.569,31.191322962740514
603990.SH,20260603,21.36,23.23,21.28,22.66,22.01,0.65,2.9532,377605.54,855847.994,22.665133408794794
603991.SH,20260603,111.22,113.5,108.68,109.5,110.13,-0.63,-0.5721,23590.87,262560.218,111.29738665848271
603992.SH,20260603,28.82,29.96,28.3,29.54,28.83,0.71,2.4627,33373.65,97818.274,29.310031716638726
603993.SH,20260603,19.53,20.15,19.38,19.89,19.74,0.15,0.7599,2919929.23,5799506.042,19.861803438297716
603995.SH,20260603,20.16,20.38,19.39,19.58,20.21,-0.63,-3.1173,93863.83,185810.195,19.795718435951315
603997.SH,20260603,15.09,15.82,14.92,15.27,15.08,0.19,1.2599,628311.52,969644.867,15.432549557582519
603998.SH,20260603,9.93,9.93,9.77,9.84,9.94,-0.1,-1.006,33433.0,32891.426,9.838012143690365
603999.SH,20260603,5.85,5.85,5.72,5.76,5.86,-0.1,-1.7065,71557.56,41358.855,5.779802301811298
605001.SH,20260603,6.4,6.42,6.26,6.32,6.37,-0.05,-0.7849,46502.09,29383.392,6.318725029348143
605003.SH,20260603,24.37,24.39,23.8,24.1,24.4,-0.3,-1.2295,10299.25,24779.975,24.05998009563803
605005.SH,20260603,16.6,16.6,16.18,16.26,16.61,-0.35,-2.1072,27945.0,45486.304,16.277081409912327
605006.SH,20260603,16.5,17.5,16.3,17.19,16.85,0.34,2.0178,728070.75,1238492.672,17.010608817893043
605007.SH,20260603,13.83,13.95,13.58,13.78,13.83,-0.05,-0.3615,38625.0,52914.447,13.699533203883496
605008.SH,20260603,11.09,11.18,10.9,11.01,11.13,-0.12,-1.0782,19359.0,21280.074,10.992341546567488
605009.SH,20260603,25.53,25.54,24.85,24.96,25.52,-0.56,-2.1944,12379.6,30952.94,25.003182655336197
605011.SH,20260603,22.51,22.58,21.82,22.15,22.68,-0.53,-2.3369,115123.94,254608.982,22.11607611761724
605016.SH,20260603,25.18,25.18,23.73,24.08,24.91,-0.83,-3.332,49871.84,120014.497,24.064581735905474
605018.SH,20260603,14.21,15.81,14.11,15.81,14.37,1.44,10.0209,226084.53,347858.661,15.386221295194325
605020.SH,20260603,35.24,36.88,34.3,34.88,35.6,-0.72,-2.0225,319856.25,1137398.176,35.559667069191235
605028.SH,20260603,22.79,22.88,22.15,22.56,22.8,-0.24,-1.0526,15754.0,35355.937,22.44251428208709
605033.SH,20260603,19.95,20.05,19.5,19.66,20.07,-0.41,-2.0429,19013.0,37465.329,19.705111765634037
605050.SH,20260603,11.02,11.06,10.79,10.87,11.08,-0.21,-1.8953,27609.0,30121.148,10.909901843601723
605055.SH,20260603,12.11,12.17,11.51,11.8,12.02,-0.22,-1.8303,140623.29,166751.323,11.85801605125296
605056.SH,20260603,18.95,20.2,18.86,19.83,18.99,0.84,4.4234,112131.0,221582.111,19.761003736700825
605058.SH,20260603,39.6,40.15,37.51,38.17,39.66,-1.49,-3.7569,70366.5,273901.531,38.92499001655618
605060.SH,20260603,48.49,49.36,46.97,47.67,48.15,-0.48,-0.9969,47059.0,226526.209,48.13663890010413
605066.SH,20260603,7.34,7.35,7.13,7.21,7.36,-0.15,-2.038,211834.75,153237.357,7.233815839941275
605068.SH,20260603,22.18,22.75,21.72,22.04,22.14,-0.1,-0.4517,31043.0,68486.839,22.06192668234385
605069.SH,20260603,11.8,11.99,11.22,11.38,11.63,-0.25,-2.1496,68835.0,79085.308,11.489112805985329
605077.SH,20260603,17.49,17.49,15.65,15.65,17.39,-1.74,-10.0058,197148.43,317612.759,16.1103367143223
605080.SH,20260603,23.37,23.54,22.29,22.55,23.37,-0.82,-3.5088,29193.0,66164.328,22.664449696845132
605086.SH,20260603,31.42,31.42,30.06,30.39,31.49,-1.1,-3.4932,29065.6,88980.93,30.61382871848508
605088.SH,20260603,34.59,36.16,34.35,34.83,34.61,0.22,0.6357,43699.7,153630.051,35.1558594223759
605089.SH,20260603,22.7,22.83,21.78,22.03,22.66,-0.63,-2.7802,12347.96,27215.203,22.040242274837304
605090.SH,20260603,36.56,36.98,36.23,36.79,36.64,0.15,0.4094,101680.37,372173.542,36.602300129317
605098.SH,20260603,56.15,56.16,54.4,55.88,56.15,-0.27,-0.4809,17298.0,95767.602,55.36339576829691
605099.SH,20260603,39.49,40.83,38.78,39.42,40.45,-1.03,-2.5464,52559.91,208672.956,39.701924147130384
605100.SH,20260603,35.62,36.2,35.14,35.46,35.38,0.08,0.2261,31476.8,112234.123,35.65614134854877
605108.SH,20260603,13.63,13.64,13.25,13.32,13.64,-0.32,-2.346,22613.8,30183.115,13.34721055284826
605111.SH,20260603,63.97,66.68,63.41,64.66,62.01,2.65,4.2735,308087.11,1998612.698,64.87167535181852
605116.SH,20260603,19.47,19.47,19.11,19.2,19.46,-0.26,-1.3361,25990.0,49979.858,19.230418622547134
605117.SH,20260603,109.0,119.48,109.0,115.33,111.1,4.23,3.8074,247954.41,2864380.142,115.52043547037539
605118.SH,20260603,35.02,35.6,34.5,34.82,35.17,-0.35,-0.9952,36007.58,126157.007,35.03623598142391
605122.SH,20260603,13.1,13.13,12.7,12.81,13.09,-0.28,-2.139,23333.57,30080.708,12.891601242330255
605123.SH,20260603,97.8,101.8,97.16,98.34,97.77,0.57,0.583,33422.66,331264.087,99.11362141732583
605128.SH,20260603,23.39,23.76,22.08,22.1,23.4,-1.3,-5.5556,86748.58,197403.137,22.755777327997755
605133.SH,20260603,36.08,37.48,35.3,35.71,36.04,-0.33,-0.9156,94990.0,346486.473,36.476099905253186
605136.SH,20260603,9.41,9.43,9.08,9.22,9.48,-0.26,-2.7426,110243.0,101419.105,9.199595892709741
605138.SH,20260603,7.11,7.13,6.87,6.95,7.15,-0.2,-2.7972,41533.0,28954.089,6.971345436159199
605151.SH,20260603,21.2,21.64,21.04,21.2,21.41,-0.21,-0.9809,18786.62,39920.636,21.249504168392185
605155.SH,20260603,14.88,15.04,13.91,14.19,14.88,-0.69,-4.6371,55454.81,79292.805,14.298634329465738
605158.SH,20260603,6.76,6.83,6.65,6.67,6.82,-0.15,-2.1994,49204.0,33049.021,6.716734615071945
605162.SH,20260603,10.31,11.55,10.31,11.55,10.5,1.05,10.0,247373.85,277215.956,11.206356532834816
605166.SH,20260603,10.26,11.11,10.2,11.0,10.26,0.74,7.2125,152203.4,164536.156,10.810281242074748
605167.SH,20260603,15.34,15.59,14.9,15.12,15.49,-0.37,-2.3886,53102.13,80799.333,15.215836539890208
605168.SH,20260603,48.08,50.51,48.08,49.45,48.8,0.65,1.332,78145.15,385361.792,49.31359041476023
605169.SH,20260603,11.88,11.88,11.21,11.35,11.74,-0.39,-3.322,36634.77,41748.404,11.395841709938402
605177.SH,20260603,22.46,24.2,21.5,23.38,22.6,0.78,3.4513,92493.21,210645.301,22.774136717711496
605178.SH,20260603,59.12,62.98,58.69,62.88,59.1,3.78,6.3959,39315.68,238388.418,60.63443847340298
605179.SH,20260603,14.92,14.93,14.57,14.7,15.03,-0.33,-2.1956,28172.21,41421.188,14.702853627741666
605180.SH,20260603,13.61,13.69,13.31,13.48,13.61,-0.13,-0.9552,24858.0,33427.223,13.447269691849705
605183.SH,20260603,15.41,15.47,15.01,15.26,15.45,-0.19,-1.2298,24262.0,36989.024,15.245661528315884
605186.SH,20260603,27.07,28.8,26.8,27.89,27.23,0.66,2.4238,80701.0,226445.776,28.05984758553178
605188.SH,20260603,14.27,14.32,13.88,14.15,14.31,-0.16,-1.1181,85881.0,120901.366,14.077778088284951
605189.SH,20260603,14.28,14.39,14.05,14.09,14.41,-0.32,-2.2207,59759.32,84914.637,14.209438293474559
605196.SH,20260603,40.56,43.13,38.7,42.42,41.14,1.28,3.1113,229773.63,940378.837,40.926316784045234
605198.SH,20260603,55.43,56.07,53.0,54.91,55.98,-1.07,-1.9114,37479.58,204204.895,54.48430718807414
605199.SH,20260603,6.71,6.75,6.56,6.61,6.71,-0.1,-1.4903,17395.0,11578.94,6.656475998850244
605208.SH,20260603,14.26,14.4,14.0,14.35,14.28,0.07,0.4902,111671.02,158639.835,14.20599856614545
605218.SH,20260603,16.57,16.98,16.29,16.51,16.58,-0.07,-0.4222,49396.0,81997.233,16.599974289416146
605222.SH,20260603,28.36,29.04,28.18,28.68,28.39,0.29,1.0215,84439.0,241707.908,28.62515046364831
605228.SH,20260603,12.58,12.79,12.41,12.6,12.57,0.03,0.2387,47775.81,60265.176,12.614161015794396
605255.SH,20260603,84.08,86.0,82.28,83.72,82.92,0.8,0.9648,11248.0,94912.834,84.38196479374112
605258.SH,20260603,35.77,37.7,35.35,35.9,35.88,0.02,0.0557,50105.0,181957.582,36.315254365831755
605259.SH,20260603,19.61,19.87,19.03,19.4,19.63,-0.23,-1.1717,19284.01,37449.203,19.41982139606856
605266.SH,20260603,18.25,18.33,17.86,17.98,18.26,-0.28,-1.5334,16654.22,30024.764,18.02832195083288
605268.SH,20260603,10.5,10.53,10.29,10.42,10.49,-0.07,-0.6673,29559.0,30631.393,10.362797455935587
605277.SH,20260603,24.44,25.36,23.86,24.2,24.55,-0.35,-1.4257,359587.15,889615.204,24.739905305292474
605286.SH,20260603,34.66,34.66,33.62,33.93,34.58,-0.65,-1.8797,15849.0,53859.043,33.98261278314089
605287.SH,20260603,41.89,43.97,40.53,42.86,41.9,0.96,2.2912,53025.8,224093.939,42.26130279976917
605288.SH,20260603,95.91,101.64,95.91,98.0,94.96,3.04,3.2013,29456.6,290053.45,98.46806827671898
605289.SH,20260603,105.95,111.85,104.2,110.35,107.07,3.28,3.0634,38991.57,427009.173,109.51320323854618
605296.SH,20260603,26.66,26.7,25.97,26.52,26.46,0.06,0.2268,21487.2,56498.671,26.294105793216428
605298.SH,20260603,55.27,55.27,52.78,53.85,55.0,-1.15,-2.0909,19405.0,103658.274,53.418332388559655
605299.SH,20260603,14.65,16.55,14.65,16.14,16.28,-0.14,-0.86,307903.77,490981.158,15.945928755597894
605300.SH,20260603,10.17,10.18,9.87,9.94,10.2,-0.26,-2.549,64274.73,64078.315,9.969441334098175
605303.SH,20260603,26.88,29.6,26.88,29.6,26.91,2.69,9.9963,97173.0,278419.584,28.651948998178504
605305.SH,20260603,40.04,40.5,39.13,39.6,40.3,-0.7,-1.737,58741.92,233833.792,39.806971239618996
605318.SH,20260603,92.74,94.42,90.62,91.97,92.93,-0.96,-1.033,12921.0,119609.51,92.56985527435957
605319.SH,20260603,25.36,27.0,25.0,26.68,24.87,1.81,7.2778,106011.86,278500.558,26.27069820301238
605333.SH,20260603,20.57,20.78,20.14,20.25,20.58,-0.33,-1.6035,20310.38,41536.028,20.450640509926448
605336.SH,20260603,17.08,17.34,16.58,16.87,17.15,-0.28,-1.6327,23238.94,39267.757,16.89739592253347
605337.SH,20260603,9.88,9.88,9.58,9.68,9.85,-0.17,-1.7259,35185.5,33956.38,9.65067428344062
605338.SH,20260603,21.75,21.88,21.14,21.54,21.73,-0.19,-0.8744,19850.0,42581.554,21.451664483627205
605339.SH,20260603,13.93,14.14,13.66,13.83,14.07,-0.24,-1.7058,13062.0,18031.364,13.804443423671719
605358.SH,20260603,54.91,59.22,54.91,58.09,53.84,4.25,7.8938,802814.04,4682133.649,58.32152174369048
605365.SH,20260603,17.36,17.58,17.08,17.35,17.35,0.0,0.0,51421.0,89086.619,17.324948756344686
605366.SH,20260603,10.79,10.94,10.47,10.71,10.66,0.05,0.469,202460.68,216036.546,10.670543337106245
605368.SH,20260603,7.14,7.17,7.02,7.15,7.15,0.0,0.0,44939.99,31863.152,7.090155560782279
605369.SH,20260603,18.21,18.21,17.56,17.66,18.16,-0.5,-2.7533,16427.71,29157.771,17.74913910703318
605376.SH,20260603,193.69,195.6,185.7,190.05,190.64,-0.59,-0.3095,171593.22,3260170.13,189.99411107268688
605377.SH,20260603,8.97,9.03,8.68,8.86,8.97,-0.11,-1.2263,39275.8,34476.549,8.77806410054028
605378.SH,20260603,16.72,16.72,16.31,16.43,16.67,-0.24,-1.4397,18714.96,30828.495,16.472648084740765
605388.SH,20260603,5.84,5.88,5.71,5.74,5.84,-0.1,-1.7123,85347.99,49279.976,5.7740054569533505
605389.SH,20260603,81.62,86.98,80.0,83.51,81.62,1.89,2.3156,22167.37,187424.89,84.54989924379844
605398.SH,20260603,23.55,23.57,22.9,23.08,23.65,-0.57,-2.4101,27213.0,63250.343,23.24269393304671
605399.SH,20260603,13.27,14.0,13.1,13.3,13.32,-0.02,-0.1502,71993.1,96931.659,13.464020718652204
605488.SH,20260603,34.0,34.91,33.62,34.23,34.32,-0.09,-0.2622,61494.48,211331.937,34.36600114351727
605499.SH,20260603,148.35,148.39,142.5,143.96,149.6,-5.64,-3.7701,73225.47,1055349.527,144.12328483518098
605500.SH,20260603,7.71,7.72,7.41,7.5,7.71,-0.21,-2.7237,140307.21,105619.42,7.527725766908201
605507.SH,20260603,15.53,15.84,15.29,15.72,15.64,0.08,0.5115,46832.17,73132.583,15.615886045852669
605555.SH,20260603,14.8,16.26,14.69,16.26,14.78,1.48,10.0135,121840.24,194310.273,15.947955535872218
605566.SH,20260603,41.88,42.0,40.01,41.0,42.0,-1.0,-2.381,80499.81,330478.395,41.05331366620617
605567.SH,20260603,9.58,9.58,9.23,9.32,9.53,-0.21,-2.2036,45201.0,42184.633,9.332676931926285
605577.SH,20260603,10.59,10.59,10.18,10.23,10.59,-0.36,-3.3994,36819.0,37866.087,10.284387680273772
605580.SH,20260603,25.0,28.28,25.0,28.28,25.71,2.57,9.9961,222654.24,609283.885,27.36457590028378
605588.SH,20260603,54.0,55.4,52.36,53.06,54.35,-1.29,-2.3735,25921.0,139964.212,53.99645538366575
605589.SH,20260603,53.33,56.95,53.2,54.65,54.12,0.53,0.9793,849735.11,4663898.448,54.88649807585331
605598.SH,20260603,43.38,44.89,43.0,43.57,43.55,0.02,0.0459,31425.0,137761.239,43.8381031026253
605599.SH,20260603,15.95,15.99,15.63,15.8,16.08,-0.28,-1.7413,46021.0,72529.091,15.75999891353947
688001.SH,20260603,70.55,73.5,69.0,70.45,70.86,-0.41,-0.5786,123025.84,879997.25,71.52946486689301
688002.SH,20260603,122.86,124.61,119.77,121.91,123.71,-1.8,-1.455,137182.5,1680337.369,122.48919279062562
688003.SH,20260603,100.74,117.37,99.03,111.31,97.81,13.5,13.8023,103258.5,1120886.756,108.55152418444972
688004.SH,20260603,21.09,21.2,20.47,20.8,21.1,-0.3,-1.4218,22487.4,46824.898,20.822726504620363
688005.SH,20260603,31.65,32.44,30.88,31.32,31.74,-0.42,-1.3233,203523.33,641295.858,31.509697586021225
688006.SH,20260603,36.82,39.54,34.76,35.27,36.07,-0.8,-2.2179,414125.05,1548447.116,37.39081023956411
688007.SH,20260603,13.98,14.31,13.77,13.97,13.91,0.06,0.4313,73928.65,103791.009,14.039348615185048
688008.SH,20260603,248.25,265.11,245.11,253.9,237.0,16.9,7.1308,913173.85,23401315.656,256.2635324697482
688009.SH,20260603,4.94,5.12,4.91,5.07,4.96,0.11,2.2177,753946.96,381424.597,5.059037534948082
688010.SH,20260603,36.38,38.4,35.71,36.51,36.23,0.28,0.7728,77979.96,288976.764,37.05782408711161
688011.SH,20260603,56.77,58.48,56.16,57.24,56.78,0.46,0.8101,15797.64,90696.761,57.41158869299465
688012.SH,20260603,281.99,296.74,278.8,285.92,282.8,3.12,1.1033,332413.8,9575819.076,288.0692400857004
688013.SH,20260603,28.64,28.69,28.08,28.31,28.63,-0.32,-1.1177,10447.75,29667.143,28.395724438276183
688015.SH,20260603,17.88,17.88,17.42,17.54,17.8,-0.26,-1.4607,13635.82,24050.459,17.637706423229407
688016.SH,20260603,103.97,104.82,101.57,102.45,104.45,-2.0,-1.9148,19331.9,199372.726,103.13146974689502
688017.SH,20260603,304.09,330.58,304.0,314.88,306.0,8.88,2.902,138193.13,4419268.412,319.789298643138
688018.SH,20260603,165.64,171.72,164.24,168.0,162.72,5.28,3.2448,58702.46,984765.245,167.75536238174686
688019.SH,20260603,275.0,287.77,273.02,279.0,274.18,4.82,1.758,61620.23,1733342.522,281.2943934159285
688020.SH,20260603,140.0,146.89,135.57,138.5,143.2,-4.7,-3.2821,50315.55,711584.864,141.42444313934757
688021.SH,20260603,24.3,24.83,23.33,23.81,24.12,-0.31,-1.2852,15321.47,36630.694,23.908080621506947
688022.SH,20260603,9.33,9.44,9.03,9.08,9.32,-0.24,-2.5751,32985.06,30209.322,9.158486296523336
688023.SH,20260603,40.87,41.65,40.31,40.83,41.04,-0.21,-0.5117,18922.18,77572.732,40.99566329038198
688025.SH,20260603,393.0,419.88,391.83,402.0,380.8,21.2,5.5672,45385.44,1839712.039,405.35291472331215
688026.SH,20260603,13.91,13.92,13.4,13.46,13.92,-0.46,-3.3046,16620.69,22673.773,13.641896335230367
688027.SH,20260603,557.0,599.36,549.0,583.45,548.99,34.46,6.277,43569.87,2510427.138,576.1842158353926
688028.SH,20260603,113.11,122.0,113.11,115.18,115.74,-0.56,-0.4838,61040.18,719492.079,117.87188029262038
688029.SH,20260603,79.81,79.88,75.88,75.88,79.81,-3.93,-4.9242,24335.73,187004.694,76.8436755338755
688030.SH,20260603,17.2,18.38,17.14,17.88,17.3,0.58,3.3526,62865.92,112114.543,17.833914305238835
688031.SH,20260603,131.02,132.0,124.35,126.93,137.03,-10.1,-7.3706,151630.27,1941593.607,128.04788958035888
688032.SH,20260603,95.63,96.13,94.1,94.69,95.64,-0.95,-0.9933,11215.87,106347.734,94.81897882197279
688033.SH,20260603,7.81,8.14,7.6,7.71,7.89,-0.18,-2.2814,124157.6,98452.533,7.929642083932034
688035.SH,20260603,75.01,79.7,75.0,76.65,74.88,1.77,2.3638,64892.16,502333.313,77.41047809165237
688036.SH,20260603,61.5,65.34,61.2,62.88,62.26,0.62,0.9958,207369.46,1315866.691,63.45518240728409
688037.SH,20260603,245.75,277.0,239.0,256.95,242.79,14.16,5.8322,104205.57,2683015.414,257.47332066798344
688038.SH,20260603,18.47,18.71,17.96,18.32,18.48,-0.16,-0.8658,20987.15,38541.499,18.36433198409503
688039.SH,20260603,43.57,44.38,41.76,42.3,43.7,-1.4,-3.2037,28319.92,121672.928,42.96372588623132
688041.SH,20260603,283.0,298.0,281.39,285.94,283.49,2.45,0.8642,374176.71,10828987.41,289.4083763257205
688045.SH,20260603,63.89,66.89,63.89,66.6,63.9,2.7,4.2254,26224.64,173388.838,66.1167657592249
688046.SH,20260603,18.3,18.34,17.87,18.04,18.25,-0.21,-1.1507,30637.8,55523.214,18.122454614887495
688047.SH,20260603,139.11,144.87,138.52,140.88,140.09,0.79,0.5639,98279.57,1393336.727,141.7727740363536
688048.SH,20260603,366.58,407.56,366.58,381.01,353.7,27.31,7.7212,194856.85,7552896.677,387.61258210835285
688049.SH,20260603,43.69,44.55,43.2,43.81,43.36,0.45,1.0378,66703.25,292932.459,43.91577007117344
688050.SH,20260603,43.55,43.95,42.71,42.75,43.61,-0.86,-1.972,19736.86,85216.162,43.176149600291026
688051.SH,20260603,31.19,33.83,30.33,32.46,31.15,1.31,4.2055,31955.39,102957.632,32.21917554440738
688052.SH,20260603,241.0,252.52,239.5,243.21,239.58,3.63,1.5152,34537.55,845495.511,244.8047157369298
688053.SH,20260603,36.65,38.18,36.27,37.15,36.2,0.95,2.6243,10690.43,40028.943,37.443716482873
688055.SH,20260603,4.87,5.39,4.87,5.0,4.88,0.12,2.459,574713.67,295590.835,5.143271344146033
688056.SH,20260603,34.05,35.16,33.41,34.96,34.06,0.9,2.6424,15249.98,51948.545,34.06466434710078
688057.SH,20260603,15.5,15.75,15.08,15.61,15.52,0.09,0.5799,83397.03,129682.586,15.55002450327068
688058.SH,20260603,24.89,25.08,24.2,24.48,24.9,-0.42,-1.6867,11186.53,27569.519,24.645282317215432
688059.SH,20260603,140.68,149.5,138.52,146.38,140.98,5.4,3.8303,39697.44,577523.0,145.48116956660178
688060.SH,20260603,39.84,39.84,38.56,38.74,39.31,-0.57,-1.45,4438.92,17370.376,39.131987059915474
688061.SH,20260603,36.3,37.6,36.0,36.3,36.31,-0.01,-0.0275,13352.14,49025.48,36.71732021982993
688062.SH,20260603,28.55,28.69,26.93,27.39,28.51,-1.12,-3.9284,109088.63,302619.153,27.740668573800953
688063.SH,20260603,63.25,63.42,61.16,61.8,63.48,-1.68,-2.6465,86996.16,541900.714,62.29018775081567
688065.SH,20260603,40.8,41.64,39.99,40.68,40.67,0.01,0.0246,53149.04,217185.619,40.86350741236342
688066.SH,20260603,14.1,14.94,14.02,14.27,14.21,0.06,0.4222,104134.22,150690.567,14.470801913146323
688067.SH,20260603,24.3,24.32,23.65,23.85,24.34,-0.49,-2.0131,9758.53,23322.268,23.899365990574395
688068.SH,20260603,81.05,83.83,80.5,82.8,81.0,1.8,2.2222,23021.73,189557.82,82.33865135243963
688069.SH,20260603,53.2,56.02,51.82,52.1,54.45,-2.35,-4.3159,57076.16,306880.726,53.766883756720844
688070.SH,20260603,41.34,42.65,40.2,40.71,41.35,-0.64,-1.5478,13441.47,55437.987,41.243991170608574
688071.SH,20260603,34.67,35.88,34.2,35.35,34.68,0.67,1.9319,34414.83,120542.629,35.02636189108009
688072.SH,20260603,590.0,641.8,589.12,615.49,596.0,19.49,3.2701,119210.55,7346117.137,616.230454183795
688073.SH,20260603,49.48,50.1,48.63,48.95,49.51,-0.56,-1.1311,8432.67,41591.707,49.3221091303229
688075.SH,20260603,33.42,33.93,32.62,33.25,33.5,-0.25,-0.7463,3229.18,10722.907,33.206284567599205
688076.SH,20260603,29.4,29.43,29.16,29.16,29.56,-0.4,-1.3532,18679.49,54607.611,29.233994611201908
688077.SH,20260603,27.5,27.99,26.87,27.66,27.4,0.26,0.9489,21141.31,58436.706,27.641005216800657
688078.SH,20260603,23.45,23.93,22.89,23.23,23.59,-0.36,-1.5261,9508.66,22175.948,23.321843456386073
688079.SH,20260603,29.0,31.0,28.01,30.2,26.76,3.44,12.855,631668.81,1876397.827,29.705405701446615
688080.SH,20260603,41.4,42.08,40.34,40.6,41.4,-0.8,-1.9324,13526.89,55751.998,41.21568076623674
688081.SH,20260603,52.66,53.5,50.68,51.25,52.65,-1.4,-2.6591,20022.38,104255.528,52.069498231478974
688082.SH,20260603,229.0,265.5,225.61,252.94,225.05,27.89,12.3928,149442.08,3642378.873,243.7318105449282
688083.SH,20260603,55.22,56.72,53.25,54.95,55.53,-0.58,-1.0445,29431.41,162419.231,55.185677818358
688084.SH,20260603,51.82,52.85,50.9,51.37,51.79,-0.42,-0.811,9719.45,50443.203,51.8992360678845
688085.SH,20260603,14.96,15.09,14.37,14.46,14.97,-0.51,-3.4068,46054.13,67018.737,14.55216654836385
688087.SH,20260603,39.35,39.35,37.93,38.58,39.36,-0.78,-1.9817,13598.83,52477.649,38.589826477719036
688088.SH,20260603,39.41,39.89,38.14,38.4,39.41,-1.01,-2.5628,71462.65,278738.532,39.00478529693484
688089.SH,20260603,12.88,12.9,12.4,12.59,12.88,-0.29,-2.2516,17613.56,22209.486,12.609311235207418
688090.SH,20260603,89.02,103.65,87.07,101.6,89.02,12.58,14.1317,96261.79,939972.454,97.64751455380167
688091.SH,20260603,45.7,46.0,43.74,44.05,45.86,-1.81,-3.9468,50922.39,227525.682,44.680872598477805
688092.SH,20260603,27.07,27.29,26.58,27.01,27.07,-0.06,-0.2216,9480.88,25581.466,26.982164102910282
688093.SH,20260603,30.76,31.2,28.98,29.25,30.77,-1.52,-4.9399,49217.93,146742.891,29.814925373740827
688095.SH,20260603,73.0,73.99,71.03,72.44,74.69,-2.25,-3.0125,25669.1,186481.887,72.64839320428064
688096.SH,20260603,12.61,13.21,12.37,12.79,12.74,0.05,0.3925,90120.09,115578.137,12.824902527283317
688097.SH,20260603,68.66,77.9,68.66,72.67,64.92,7.75,11.9378,291685.0,2171787.48,74.45660489912062
688098.SH,20260603,7.84,7.89,7.63,7.64,7.87,-0.23,-2.9225,22758.68,17567.849,7.719186262120649
688099.SH,20260603,100.69,104.5,99.88,101.0,101.7,-0.7,-0.6883,169050.57,1728931.068,102.27301025959272
688100.SH,20260603,35.66,35.97,34.76,34.85,35.65,-0.8,-2.244,35705.3,126248.145,35.35837676759472
688101.SH,20260603,17.42,17.43,16.96,17.13,17.53,-0.4,-2.2818,47296.04,81275.474,17.184414170826987
688102.SH,20260603,34.77,37.37,34.72,36.6,34.72,1.88,5.4147,211941.02,768741.978,36.27150506305953
688103.SH,20260603,62.23,64.37,61.02,61.89,62.24,-0.35,-0.5623,19384.09,121086.997,62.46720738502556
688105.SH,20260603,14.14,14.25,13.7,13.8,14.06,-0.26,-1.8492,25088.47,34845.162,13.888914708629102
688106.SH,20260603,25.35,27.27,25.2,26.88,25.46,1.42,5.5774,386533.45,1020770.704,26.40834070117347
688107.SH,20260603,43.3,46.34,42.51,43.44,43.39,0.05,0.1152,145742.6,644836.831,44.24491061638807
688108.SH,20260603,21.28,21.43,20.14,20.39,21.22,-0.83,-3.9114,192898.18,400777.493,20.77663423262988
688109.SH,20260603,81.0,81.44,78.28,79.08,80.6,-1.52,-1.8859,8560.77,68033.137,79.47081512527494
688110.SH,20260603,125.07,133.79,125.07,130.17,126.5,3.67,2.9012,225019.08,2931978.031,130.29908534867354
688111.SH,20260603,256.0,256.08,249.33,250.55,262.25,-11.7,-4.4614,118129.55,2979768.384,252.2458084365851
688112.SH,20260603,64.47,77.76,63.91,73.39,64.8,8.59,13.2562,72390.82,528872.197,73.057909414481
688113.SH,20260603,39.19,39.79,38.61,39.09,39.19,-0.1,-0.2552,12406.32,48756.913,39.30006077547573
688114.SH,20260603,48.99,49.39,47.8,48.17,49.0,-0.83,-1.6939,38231.16,185358.166,48.483531757864526
688115.SH,20260603,52.67,54.61,51.77,52.66,52.03,0.63,1.2108,16012.34,85142.171,53.172847316507145
688116.SH,20260603,42.05,42.48,39.23,39.7,42.48,-2.78,-6.5443,194694.38,792938.672,40.727352890206696
688117.SH,20260603,33.11,33.8,32.8,33.28,33.1,0.18,0.5438,19915.9,66239.203,33.25945751886683
688118.SH,20260603,23.49,23.75,22.85,23.08,23.42,-0.34,-1.4518,23181.6,53867.914,23.237358077095628
688119.SH,20260603,4.48,4.6,4.45,4.52,4.47,0.05,1.1186,95491.83,43190.333,4.522934894011351
688120.SH,20260603,245.5,256.56,241.66,247.86,244.76,3.1,1.2665,100927.1,2515403.383,249.22972947800935
688122.SH,20260603,64.0,66.46,62.68,63.9,64.21,-0.31,-0.4828,207987.29,1343403.456,64.59065147682823
688123.SH,20260603,129.3,145.55,128.3,136.28,127.2,9.08,7.1384,155312.73,2125813.759,136.8731178056042
688125.SH,20260603,180.68,185.0,179.0,180.7,180.68,0.02,0.0111,4683.01,85229.848,181.99800555625546
688126.SH,20260603,24.9,26.94,24.78,25.28,24.71,0.57,2.3068,1676037.27,4339224.226,25.889783620384527
688127.SH,20260603,84.39,87.5,83.0,84.71,82.16,2.55,3.1037,132336.97,1127263.973,85.18133466407761
688128.SH,20260603,25.25,27.35,25.08,26.47,25.21,1.26,4.998,72735.26,192991.569,26.53342670391224
688129.SH,20260603,27.18,27.18,25.93,26.23,27.16,-0.93,-3.4242,17037.71,45093.603,26.466938925477663
688130.SH,20260603,24.74,25.39,24.41,25.09,24.8,0.29,1.1694,22198.3,55374.912,24.945564299968915
688131.SH,20260603,76.58,78.68,75.9,78.03,77.05,0.98,1.2719,39970.08,309724.836,77.48917089983307
688132.SH,20260603,15.0,15.05,14.38,14.55,14.92,-0.37,-2.4799,23463.83,34445.621,14.680306241564143
688133.SH,20260603,21.18,22.07,21.09,21.5,21.3,0.2,0.939,61341.34,131908.908,21.50407995651872
688135.SH,20260603,34.7,37.69,34.7,36.36,34.69,1.67,4.8141,170393.59,625006.379,36.68015792143355
688136.SH,20260603,20.38,20.38,19.7,19.96,20.18,-0.22,-1.0902,28106.09,56017.431,19.930709323139574
688137.SH,20260603,40.92,41.2,40.11,40.5,41.29,-0.79,-1.9133,5321.11,21650.465,40.6878733948368
688138.SH,20260603,30.99,32.12,30.49,31.06,31.12,-0.06,-0.1928,86946.43,272582.162,31.35058702237689
688139.SH,20260603,31.0,31.0,30.4,30.53,30.94,-0.41,-1.3251,31218.86,95640.036,30.635339022629267
688141.SH,20260603,99.7,103.5,96.18,98.0,98.78,-0.78,-0.7896,159273.95,1589352.28,99.78733371025206
688143.SH,20260603,184.5,195.53,174.0,185.79,175.0,10.79,6.1657,136375.19,2567687.909,188.2811608915082
688146.SH,20260603,192.0,201.99,178.77,182.66,192.0,-9.34,-4.8646,260398.0,4844921.73,186.05833109317277
688147.SH,20260603,86.0,89.9,84.0,87.32,84.3,3.02,3.5824,129695.08,1123858.518,86.65390529848935
688148.SH,20260603,8.33,8.42,8.12,8.19,8.32,-0.13,-1.5625,148129.72,122894.352,8.296400749289205
688150.SH,20260603,52.2,53.17,49.88,50.66,52.32,-1.66,-3.1728,164097.55,841949.415,51.30786017219636
688151.SH,20260603,17.1,17.32,16.87,17.07,17.1,-0.03,-0.1754,17704.23,30165.287,17.038463124349377
688152.SH,20260603,32.69,32.86,31.75,32.1,32.7,-0.6,-1.8349,12317.42,39844.382,32.34799332977198
688153.SH,20260603,27.96,28.93,27.84,28.0,27.96,0.04,0.1431,48635.83,137994.529,28.37301820489133
688155.SH,20260603,82.8,84.5,81.32,82.39,82.25,0.14,0.1702,25289.44,209957.105,83.02165053872288
688156.SH,20260603,24.75,25.0,23.51,23.96,24.86,-0.9,-3.6203,31974.3,77148.453,24.128269579005636
688157.SH,20260603,29.51,29.51,27.7,28.0,29.52,-1.52,-5.1491,25452.81,72704.138,28.564287400880296
688158.SH,20260603,38.8,39.89,38.25,38.6,38.98,-0.38,-0.9749,264537.24,1034969.542,39.123774860582955
688159.SH,20260603,46.21,47.56,45.0,45.6,46.23,-0.63,-1.3628,42848.42,199275.157,46.507002358546714
688160.SH,20260603,104.65,110.87,104.26,106.45,106.32,0.13,0.1223,34292.43,372012.872,108.48250532260326
688161.SH,20260603,25.3,25.41,24.61,24.64,25.31,-0.67,-2.6472,11514.18,28608.519,24.846336430384103
688162.SH,20260603,29.18,29.69,28.46,28.72,29.29,-0.57,-1.9461,20171.13,58559.89,29.031536656597822
688163.SH,20260603,36.36,37.1,35.71,36.49,36.06,0.43,1.1925,13657.56,49762.269,36.435694955760766
688165.SH,20260603,18.48,19.65,18.23,18.86,18.62,0.24,1.2889,156255.88,295911.031,18.937593324488013
688166.SH,20260603,49.87,50.0,48.0,49.19,49.92,-0.73,-1.4623,89311.81,438182.854,49.062140158171694
688167.SH,20260603,470.0,497.77,463.0,477.83,441.5,36.33,8.2288,70388.64,3373892.833,479.32348643190153
688168.SH,20260603,57.91,59.99,57.68,59.79,57.92,1.87,3.2286,30324.46,179043.195,59.0425006743731
688169.SH,20260603,106.08,107.14,103.8,104.87,106.03,-1.16,-1.094,61371.93,646708.774,105.37533592311664
688170.SH,20260603,71.4,75.8,70.0,72.28,71.4,0.88,1.2325,84076.02,611439.91,72.72464966824072
688171.SH,20260603,54.69,55.31,51.68,52.06,54.69,-2.63,-4.8089,27278.34,145171.866,53.218731784998646
688172.SH,20260603,64.75,67.95,62.7,66.23,64.66,1.57,2.4281,258612.34,1708829.644,66.07687954874854
688173.SH,20260603,16.09,16.5,15.85,16.06,16.14,-0.08,-0.4957,105254.41,170886.97,16.235611410486268
688175.SH,20260603,37.9,38.23,36.4,36.97,38.19,-1.22,-3.1946,42428.0,157622.085,37.15048670689167
688176.SH,20260603,10.65,10.67,10.25,10.32,10.61,-0.29,-2.7333,90695.97,94390.131,10.407312585112656
688177.SH,20260603,18.48,18.96,17.88,17.91,18.39,-0.48,-2.6101,32125.43,58538.162,18.22175205125659
688178.SH,20260603,38.5,39.06,36.74,37.44,39.1,-1.66,-4.2455,33168.13,125457.044,37.82457557902722
688179.SH,20260603,20.45,21.12,19.9,20.5,20.47,0.03,0.1466,82468.34,169088.544,20.503449444962758
688180.SH,20260603,32.0,32.65,31.6,31.9,32.19,-0.29,-0.9009,128798.67,414665.875,32.19488795963499
688181.SH,20260603,39.74,40.49,38.1,38.9,40.13,-1.23,-3.065,112419.67,443573.927,39.45696753957738
688182.SH,20260603,34.23,34.98,33.41,33.92,33.8,0.12,0.355,84037.81,289075.105,34.398219682307285
688183.SH,20260603,131.55,134.49,125.5,128.39,131.55,-3.16,-2.4021,345298.82,4515364.636,130.76687131453272
688184.SH,20260603,12.97,12.97,12.45,12.9,12.98,-0.08,-0.6163,14291.08,18165.884,12.711344419036209
688185.SH,20260603,54.67,54.78,53.42,53.8,54.78,-0.98,-1.789,15402.01,83040.135,53.91512860983728
688186.SH,20260603,20.72,20.99,19.79,19.99,20.7,-0.71,-3.43,79653.55,161465.313,20.270950007877865
688187.SH,20260603,57.18,58.95,56.4,57.14,56.88,0.26,0.4571,161751.13,932180.857,57.63056227180607
688188.SH,20260603,152.33,157.27,149.0,153.65,153.4,0.25,0.163,33745.08,518991.369,153.79764072273647
688189.SH,20260603,7.87,7.93,7.68,7.77,7.87,-0.1,-1.2706,70864.38,55028.835,7.765373097175195
688190.SH,20260603,111.18,112.22,107.8,109.78,112.77,-2.99,-2.6514,30410.89,334706.712,110.06146548160872
688191.SH,20260603,48.0,54.68,47.41,52.1,47.92,4.18,8.7229,82103.19,427948.108,52.1232010595447
688192.SH,20260603,42.2,42.9,41.0,42.1,43.15,-1.05,-2.4334,82636.65,345090.063,41.75992891773808
688193.SH,20260603,49.87,50.37,47.42,49.18,49.83,-0.65,-1.3044,6728.06,32854.689,48.8323365130513
688195.SH,20260603,243.38,249.99,235.0,246.0,231.82,14.18,6.1168,121356.98,2946987.861,242.83628852662616
688196.SH,20260603,42.9,42.9,41.53,41.91,42.99,-1.08,-2.5122,11564.49,48583.698,42.01110295395647
688197.SH,20260603,35.19,35.19,34.09,34.58,34.85,-0.27,-0.7747,11065.59,38278.129,34.5920362131617
688198.SH,20260603,83.13,83.14,79.8,80.66,83.14,-2.48,-2.9829,6595.81,53206.526,80.6671599090938
688199.SH,20260603,25.68,26.57,25.4,25.73,25.58,0.15,0.5864,60094.92,156248.084,26.00021499321407
688200.SH,20260603,376.0,407.17,376.0,390.1,373.46,16.64,4.4556,42446.42,1663558.564,391.91963986597693
688201.SH,20260603,8.46,8.49,8.16,8.22,8.53,-0.31,-3.6342,49858.12,41308.914,8.285293147836299
688202.SH,20260603,56.08,57.75,54.99,55.95,56.09,-0.14,-0.2496,28572.9,161409.633,56.490462291192
688203.SH,20260603,11.97,11.97,11.36,11.52,12.0,-0.48,-4.0,47076.12,54556.263,11.58894637026161
688205.SH,20260603,240.0,250.0,232.88,241.0,232.59,8.41,3.6158,116248.37,2823824.374,242.91302957624265
688206.SH,20260603,36.11,37.89,36.01,36.77,36.2,0.57,1.5746,99827.5,371251.499,37.189301444992616
688207.SH,20260603,15.0,15.47,14.72,14.86,15.1,-0.24,-1.5894,80834.63,121368.918,15.014470654470738
688208.SH,20260603,31.01,32.34,30.39,30.76,30.87,-0.11,-0.3563,202366.98,635281.897,31.392566959293458
688209.SH,20260603,21.99,22.67,21.4,21.76,22.02,-0.26,-1.1807,144985.45,321918.333,22.203492350439298
688210.SH,20260603,48.29,48.77,46.74,47.5,48.42,-0.92,-1.9,43230.06,205878.102,47.623829807314635
688211.SH,20260603,33.34,33.95,33.13,33.58,33.53,0.05,0.1491,8587.77,28750.438,33.478351190122694
688212.SH,20260603,30.58,30.8,29.8,30.0,30.88,-0.88,-2.8497,14897.36,44929.092,30.15909664531165
688213.SH,20260603,96.5,100.22,95.11,97.0,96.34,0.66,0.6851,118082.39,1151829.428,97.54455579701597
688215.SH,20260603,67.54,70.2,67.0,69.69,67.55,2.14,3.168,7243.48,50044.633,69.08921264364643
688216.SH,20260603,32.0,33.9,31.77,32.42,32.16,0.26,0.8085,37886.75,125067.964,33.01100358304684
688217.SH,20260603,25.27,25.27,24.25,24.42,24.9,-0.48,-1.9277,8261.28,20291.554,24.56223974977243
688218.SH,20260603,42.95,43.95,41.7,41.99,43.2,-1.21,-2.8009,53181.7,227412.254,42.761373555189095
688219.SH,20260603,11.2,11.38,10.9,11.0,11.2,-0.2,-1.7857,60241.92,67188.664,11.153141201342853
688220.SH,20260603,106.87,111.9,103.3,104.5,103.85,0.65,0.6259,129417.52,1397202.308,107.96083157829017
688221.SH,20260603,19.1,19.85,18.81,19.32,19.17,0.15,0.7825,99251.81,191383.37,19.28260754136373
688222.SH,20260603,27.01,27.43,26.38,26.61,27.23,-0.62,-2.2769,140377.77,377350.237,26.88105367395422
688223.SH,20260603,5.61,5.68,5.5,5.52,5.61,-0.09,-1.6043,1105549.13,619438.048,5.60298978300494
688225.SH,20260603,14.66,14.99,14.4,14.61,14.81,-0.2,-1.3504,40523.5,59435.112,14.666825915826621
688226.SH,20260603,47.82,48.5,45.45,46.34,47.4,-1.06,-2.2363,69350.96,325350.863,46.91367833985283
688227.SH,20260603,82.2,89.0,82.2,83.86,83.83,0.03,0.0358,83612.05,711296.649,85.07106918201384
688228.SH,20260603,89.51,90.5,87.0,89.0,89.38,-0.38,-0.4252,16271.14,144690.093,88.92437346123259
688229.SH,20260603,97.21,103.66,96.2,97.69,99.27,-1.58,-1.5916,37375.51,373126.616,99.83184604036171
688230.SH,20260603,64.91,66.12,63.8,64.51,64.44,0.07,0.1086,13503.05,87992.723,65.16507233550938
688231.SH,20260603,44.87,46.3,43.83,45.17,44.56,0.61,1.3689,50738.02,228677.286,45.07020297599315
688232.SH,20260603,20.27,20.27,19.54,19.61,20.26,-0.65,-3.2083,27623.34,54730.782,19.813238370160885
688233.SH,20260603,79.33,89.68,79.33,86.1,79.43,6.67,8.3973,108152.69,930711.499,86.05532594704763
688234.SH,20260603,143.5,145.78,133.5,136.42,135.0,1.42,1.0519,186200.71,2589941.795,139.09408804080286
688235.SH,20260603,218.98,225.97,217.39,222.41,220.82,1.59,0.72,30978.05,687199.516,221.83433624776254
688236.SH,20260603,15.96,15.96,15.63,15.74,15.95,-0.21,-1.3166,16967.7,26794.363,15.79139364793107
688237.SH,20260603,47.5,48.21,46.88,47.26,47.92,-0.66,-1.3773,8557.88,40648.786,47.49866322033028
688238.SH,20260603,6.1,6.14,5.86,5.9,6.11,-0.21,-3.437,100051.56,59773.568,5.974276463055649
688239.SH,20260603,57.0,58.47,56.26,57.12,57.39,-0.27,-0.4705,42318.76,242802.551,57.37468465522147
688244.SH,20260603,17.1,17.1,16.6,16.69,17.0,-0.31,-1.8235,14636.18,24517.198,16.751090790083204
688246.SH,20260603,21.29,21.68,20.78,21.23,21.4,-0.17,-0.7944,36880.93,78483.463,21.28022883370891
688247.SH,20260603,8.41,8.49,8.16,8.21,8.49,-0.28,-3.298,29047.54,24037.047,8.27507148626011
688248.SH,20260603,54.91,56.08,53.96,54.83,55.09,-0.26,-0.472,47599.96,261990.235,55.04001158824502
688249.SH,20260603,42.04,43.08,40.6,41.16,42.1,-0.94,-2.2328,460277.62,1932446.353,41.984364849196886
688251.SH,20260603,25.3,25.38,24.66,25.05,25.31,-0.26,-1.0273,20639.66,51766.928,25.081289129762794
688252.SH,20260603,21.31,21.68,20.66,20.88,21.24,-0.36,-1.6949,72234.75,153236.264,21.213649109327577
688253.SH,20260603,57.5,59.32,56.77,58.0,57.41,0.59,1.0277,19328.71,112229.323,58.06353502121973
688255.SH,20260603,30.9,31.58,30.06,30.42,30.95,-0.53,-1.7124,30992.54,95333.953,30.76029037955585
688256.SH,20260603,1292.3,1428.01,1291.0,1378.1,1300.0,78.1,6.0077,165598.05,22683725.029,1369.806288721395
688257.SH,20260603,98.21,103.59,96.0,100.26,98.21,2.05,2.0874,133074.37,1337529.717,100.5099416965115
688258.SH,20260603,147.48,148.14,140.5,144.55,149.72,-5.17,-3.4531,76493.97,1106421.878,144.6417120199148
688259.SH,20260603,36.86,38.89,36.6,37.48,36.55,0.93,2.5445,34648.12,131690.546,38.00799177559994
688260.SH,20260603,89.8,93.93,85.1,92.25,92.1,0.15,0.1629,69162.05,624591.829,90.30846092618711
688261.SH,20260603,83.98,92.65,83.0,88.69,81.8,6.89,8.423,98068.25,863961.939,88.09802754714191
688262.SH,20260603,36.75,38.56,36.12,37.39,36.31,1.08,2.9744,150293.28,564407.636,37.55375064008185
688265.SH,20260603,34.64,34.82,33.8,34.12,34.77,-0.65,-1.8694,5850.29,19963.05,34.12318021841652
688266.SH,20260603,95.6,96.2,93.0,93.5,96.26,-2.76,-2.8672,29218.22,274702.772,94.01762735717645
688267.SH,20260603,32.1,32.99,31.5,32.08,32.08,0.0,0.0,21580.12,69389.446,32.154337417956896
688268.SH,20260603,145.81,176.27,145.14,176.27,146.89,29.38,20.0014,163726.33,2675199.477,163.39457905151846
688269.SH,20260603,36.67,37.26,35.31,35.6,36.28,-0.68,-1.8743,22300.24,80806.034,36.23549970762647
688270.SH,20260603,105.96,112.62,105.11,109.5,105.3,4.2,3.9886,85372.2,937504.139,109.81374955781858
688271.SH,20260603,117.1,117.96,114.06,114.32,118.22,-3.9,-3.2989,91529.07,1054478.518,115.20695206451893
688272.SH,20260603,34.2,35.0,32.52,34.5,34.05,0.45,1.3216,21782.92,72967.139,33.4974094382204
688273.SH,20260603,43.46,43.46,41.08,42.01,42.21,-0.2,-0.4738,10893.21,45599.644,41.860612252953906
688275.SH,20260603,133.34,135.75,131.03,133.43,134.18,-0.75,-0.559,26088.74,348671.233,133.6481689035193
688276.SH,20260603,15.57,15.58,15.09,15.19,15.55,-0.36,-2.3151,19877.54,30309.18,15.247953217551064
688277.SH,20260603,16.9,17.22,16.73,16.85,16.98,-0.13,-0.7656,52617.32,89104.722,16.934485070695352
688278.SH,20260603,55.14,55.3,53.88,55.11,55.15,-0.04,-0.0725,32142.43,175637.614,54.64353939636798
688279.SH,20260603,211.7,215.0,207.31,209.35,211.54,-2.19,-1.0353,16996.97,359262.429,211.36851391748056
688280.SH,20260603,5.79,5.85,5.63,5.68,5.76,-0.08,-1.3889,139099.3,79928.061,5.746115257229908
688281.SH,20260603,53.2,53.77,51.5,52.09,53.2,-1.11,-2.0865,50206.51,263883.266,52.559571657141674
688282.SH,20260603,74.83,75.0,71.81,72.51,73.0,-0.49,-0.6712,10746.78,78902.591,73.4197508463
688283.SH,20260603,37.8,38.48,36.76,37.23,37.12,0.11,0.2963,16779.73,63356.001,37.75746153245613
688285.SH,20260603,8.07,8.08,7.88,7.92,8.04,-0.12,-1.4925,31987.08,25469.43,7.9624116987233595
688286.SH,20260603,61.78,63.84,61.34,61.86,62.3,-0.44,-0.7063,13719.09,85917.873,62.62651021314096
688287.SH,20260603,0.35,0.36,0.34,0.34,0.36,-0.02,-5.5556,93053.76,3233.49,0.34748622731633844
688288.SH,20260603,21.43,21.43,20.81,21.25,21.44,-0.19,-0.8862,18617.11,39343.792,21.133136131225527
688289.SH,20260603,16.17,16.21,15.66,15.7,16.22,-0.52,-3.2059,51584.18,81446.942,15.78913186174521
688290.SH,20260603,59.07,61.5,58.95,59.91,60.3,-0.39,-0.6468,9795.38,59086.401,60.32068281169286
688291.SH,20260603,46.59,51.35,45.68,48.66,46.68,1.98,4.2416,37919.66,185444.615,48.90460911305639
688292.SH,20260603,22.4,22.44,21.5,21.85,22.41,-0.56,-2.4989,42068.31,92631.587,22.019326899511775
688293.SH,20260603,42.23,42.23,39.81,40.22,41.21,-0.99,-2.4023,17479.73,71253.232,40.76334817528647
688295.SH,20260603,48.88,52.67,48.71,51.31,47.2,4.11,8.7076,189347.89,968930.381,51.171966109577454
688296.SH,20260603,14.84,15.04,14.57,14.73,14.86,-0.13,-0.8748,25751.62,38047.836,14.774929111255915
688297.SH,20260603,45.45,46.4,45.2,46.16,45.82,0.34,0.742,81413.34,373727.513,45.90494788691878
688298.SH,20260603,20.94,20.96,20.45,20.56,20.95,-0.39,-1.8616,14760.1,30457.914,20.63530328385309
688299.SH,20260603,16.34,16.95,16.1,16.37,16.5,-0.13,-0.7879,86091.72,142391.059,16.539460356930956
688300.SH,20260603,176.0,179.0,162.05,166.77,183.52,-16.75,-9.1271,158430.05,2722801.147,171.86140804727387
688301.SH,20260603,182.93,189.3,177.83,180.9,182.49,-1.59,-0.8713,100710.3,1853597.044,184.05238034242774
688302.SH,20260603,40.04,40.04,38.56,39.2,40.05,-0.85,-2.1223,9595.92,37826.053,39.418891570584165
688303.SH,20260603,18.7,19.07,18.45,18.72,18.78,-0.06,-0.3195,132218.73,248294.344,18.779059820042136
688305.SH,20260603,60.1,62.65,59.53,60.68,60.64,0.04,0.066,35204.73,216327.914,61.44853660289398
688306.SH,20260603,9.02,9.25,8.83,8.93,9.03,-0.1,-1.1074,117411.77,106171.478,9.042660544168612
688307.SH,20260603,68.65,74.5,68.21,71.55,67.84,3.71,5.4688,84818.1,613551.542,72.33733625252157
688308.SH,20260603,135.87,157.16,135.0,148.0,138.58,9.42,6.7975,136615.29,2009022.322,147.05691595721092
688309.SH,20260603,63.88,66.0,63.28,64.55,64.49,0.06,0.093,18856.28,122064.317,64.73403926967568
688310.SH,20260603,17.25,17.71,16.62,17.22,17.08,0.14,0.8197,43547.58,74767.9,17.169243388495982
688311.SH,20260603,28.46,29.32,27.9,28.59,28.4,0.19,0.669,47746.61,136609.557,28.611362565844985
688312.SH,20260603,85.7,86.63,80.56,82.9,81.09,1.81,2.2321,82284.82,691487.227,84.03581936498128
688313.SH,20260603,160.8,181.0,158.53,168.86,154.5,14.36,9.2945,463958.4,7811881.252,168.37460539565615
688314.SH,20260603,42.0,42.39,40.78,41.57,42.38,-0.81,-1.9113,14972.54,62231.529,41.563775418198915
688315.SH,20260603,14.08,14.14,13.6,13.79,14.09,-0.3,-2.1292,38891.83,53743.238,13.818644687071808
688316.SH,20260603,62.06,62.94,60.23,61.09,62.08,-0.99,-1.5947,19909.11,122844.949,61.702883252942996
688317.SH,20260603,19.1,19.35,18.5,18.94,19.14,-0.2,-1.0449,47442.62,89849.749,18.93861447786821
688318.SH,20260603,114.0,122.89,112.04,119.25,114.9,4.35,3.7859,75630.96,899239.351,118.89831241068471
688319.SH,20260603,31.52,32.39,30.33,30.8,31.82,-1.02,-3.2055,119162.81,370787.509,31.116042748572315
688320.SH,20260603,37.68,39.66,36.83,37.59,37.2,0.39,1.0484,59076.2,226112.576,38.2747326334463
688321.SH,20260603,26.61,27.04,26.36,26.59,26.61,-0.02,-0.0752,70333.29,187603.0,26.673428756140943
688322.SH,20260603,104.28,116.54,103.5,112.26,103.23,9.03,8.7475,259131.56,2894445.819,111.69792745430159
688323.SH,20260603,29.6,31.7,29.36,30.6,30.19,0.41,1.3581,134222.43,411722.435,30.674637242076454
688325.SH,20260603,121.0,125.0,117.79,119.59,118.0,1.59,1.3475,22686.93,275082.587,121.2515695160165
688326.SH,20260603,80.8,82.27,79.0,80.36,80.68,-0.32,-0.3966,20454.75,165341.687,80.83290531539129
688327.SH,20260603,13.28,13.55,12.64,12.83,13.34,-0.51,-3.8231,427220.18,558063.498,13.062667077196588
688328.SH,20260603,73.0,76.67,72.0,74.21,73.88,0.33,0.4467,64678.43,480993.908,74.36697334799251
688329.SH,20260603,23.67,23.9,22.71,23.0,23.64,-0.64,-2.7073,13989.69,32337.806,23.115455739190793
688330.SH,20260603,37.75,37.99,36.8,36.94,37.76,-0.82,-2.1716,17742.19,66374.095,37.41031687745425
688331.SH,20260603,107.0,108.99,105.26,105.81,109.0,-3.19,-2.9266,101730.13,1086327.104,106.78518782980028
688332.SH,20260603,94.03,94.83,89.8,90.96,94.42,-3.46,-3.6645,55158.8,505039.934,91.56108073417116
688333.SH,20260603,96.82,101.5,95.27,98.26,96.97,1.29,1.3303,149912.71,1482027.93,98.8593915752707
688334.SH,20260603,19.23,19.23,18.72,18.87,19.26,-0.39,-2.0249,24503.27,46401.085,18.936690898806567
688335.SH,20260603,28.37,29.78,27.75,29.18,28.04,1.14,4.0656,34755.71,100366.745,28.877771451079546
688336.SH,20260603,59.65,59.9,56.66,58.41,60.6,-2.19,-3.6139,84557.53,491723.097,58.15249061792605
688337.SH,20260603,57.5,65.12,57.5,62.6,57.39,5.21,9.0782,87020.49,537526.454,61.77010196104389
688338.SH,20260603,25.58,25.65,25.02,25.44,25.71,-0.27,-1.0502,7846.06,19867.761,25.321959046961148
688339.SH,20260603,22.06,22.1,21.35,21.6,21.9,-0.3,-1.3699,36925.04,80424.497,21.780476608826966
688343.SH,20260603,65.0,67.85,64.01,66.04,64.81,1.23,1.8979,122332.97,809088.423,66.1382146611825
688345.SH,20260603,51.31,52.31,49.51,50.72,51.32,-0.6,-1.1691,18931.68,96250.567,50.841006714670854
688347.SH,20260603,226.3,246.33,221.58,233.24,226.5,6.74,2.9757,310970.87,7338481.576,235.98614159583502
688348.SH,20260603,40.09,40.43,38.91,39.27,40.1,-0.83,-2.0698,20862.23,82480.614,39.535856905038436
688349.SH,20260603,19.51,19.55,19.2,19.35,19.51,-0.16,-0.8201,68149.95,131949.165,19.361593808946303
688350.SH,20260603,35.31,35.71,34.3,34.78,35.3,-0.52,-1.4731,23083.47,80745.111,34.97962438056324
688351.SH,20260603,24.89,25.5,24.1,24.35,24.67,-0.32,-1.2971,51938.25,128560.613,24.752588506543827
688352.SH,20260603,23.44,24.31,22.33,22.96,23.62,-0.66,-2.7942,575906.74,1336322.898,23.203807234483836
688353.SH,20260603,84.0,85.84,82.63,83.43,84.22,-0.79,-0.938,33504.01,282783.637,84.40292281431385
688355.SH,20260603,18.93,19.38,18.7,19.05,19.04,0.01,0.0525,15375.78,29234.37,19.01325981511182
688356.SH,20260603,72.88,73.77,72.05,72.89,73.01,-0.12,-0.1644,6043.05,43956.567,72.73904237098816
688357.SH,20260603,28.89,29.58,28.35,28.97,28.9,0.07,0.2422,15410.45,44485.393,28.867030489051256
688358.SH,20260603,31.5,33.55,31.15,32.19,31.86,0.33,1.0358,27546.34,90051.419,32.69088343496813
688359.SH,20260603,129.12,131.8,118.98,120.96,129.12,-8.16,-6.3197,67222.62,830402.456,123.53021289559975
688360.SH,20260603,21.6,22.94,21.6,22.04,21.58,0.46,2.1316,94462.64,209757.539,22.20534372107322
688361.SH,20260603,204.88,211.88,201.19,205.56,204.82,0.74,0.3613,94687.5,1962400.601,207.25022848844884
688362.SH,20260603,59.0,64.16,59.0,60.98,60.1,0.88,1.4642,351570.62,2191697.344,62.34017347638435
688363.SH,20260603,36.3,36.3,35.34,35.37,36.3,-0.93,-2.562,29414.56,104554.468,35.54514090980793
688365.SH,20260603,20.6,21.25,20.01,20.33,20.78,-0.45,-2.1655,240410.01,494530.528,20.570296885724517
688366.SH,20260603,33.9,34.24,33.23,33.36,34.27,-0.91,-2.6554,5585.24,18733.955,33.54189793097522
688367.SH,20260603,35.01,35.98,34.41,35.89,35.07,0.82,2.3382,38101.13,134498.761,35.300465104315805
688368.SH,20260603,216.0,224.6,209.2,212.49,216.43,-3.94,-1.8205,41119.92,892615.139,217.07608842624208
688369.SH,20260603,21.81,21.81,20.8,20.98,21.9,-0.92,-4.2009,36427.37,77444.748,21.260043752815534
688370.SH,20260603,22.88,22.91,22.32,22.55,22.89,-0.34,-1.4854,6715.82,15149.508,22.557942291484885
688371.SH,20260603,34.5,41.0,33.82,37.3,35.1,2.2,6.2678,211289.21,778935.211,36.86583006297388
688372.SH,20260603,148.73,155.0,146.27,149.08,148.37,0.71,0.4785,74589.95,1126845.229,151.0719914680195
688373.SH,20260603,4.71,4.72,4.63,4.65,4.7,-0.05,-1.0638,72750.05,33980.711,4.670884899735464
688375.SH,20260603,90.0,94.68,88.5,91.35,89.35,2.0,2.2384,63421.1,579793.541,91.41966017618742
688376.SH,20260603,67.76,70.31,66.86,67.51,67.71,-0.2,-0.2954,14997.54,103253.902,68.84722561166699
688377.SH,20260603,29.64,31.69,29.56,31.69,29.98,1.71,5.7038,66897.8,205630.15,30.737954013435417
688378.SH,20260603,40.81,44.28,40.81,42.9,40.55,2.35,5.7953,102695.76,439943.282,42.83947866981072
688379.SH,20260603,66.15,70.8,66.15,67.69,66.65,1.04,1.5604,36560.04,248312.93,67.91921726562661
688380.SH,20260603,43.29,47.38,43.29,45.68,43.06,2.62,6.0845,142649.27,653509.843,45.81235102009285
688381.SH,20260603,40.37,44.3,40.3,41.95,39.43,2.52,6.3911,164365.93,700728.551,42.63222621622376
688382.SH,20260603,17.63,18.4,17.52,17.71,17.95,-0.24,-1.337,110528.69,196252.147,17.7557652225861
688383.SH,20260603,145.81,150.58,142.12,146.26,144.17,2.09,1.4497,23684.69,347218.101,146.60023035978097
688385.SH,20260603,57.5,59.88,56.7,57.74,57.41,0.33,0.5748,202588.02,1182184.365,58.35411022823561
688386.SH,20260603,80.28,81.28,76.9,78.47,80.29,-1.82,-2.2668,21814.21,173091.863,79.3482152230129
688387.SH,20260603,15.72,16.77,15.61,16.3,15.72,0.58,3.6896,654836.57,1065155.581,16.265975814392895
688388.SH,20260603,47.2,50.24,46.03,48.28,47.54,0.74,1.5566,371975.67,1806105.755,48.55440558787084
688389.SH,20260603,11.72,11.83,11.36,11.45,11.74,-0.29,-2.4702,34447.13,39560.13,11.484303627036564
688390.SH,20260603,141.0,144.84,136.84,137.52,139.84,-2.32,-1.659,85503.67,1195743.87,139.84708141767484
688391.SH,20260603,30.06,31.22,30.06,30.68,30.23,0.45,1.4886,19872.42,60982.653,30.687079379360945
688392.SH,20260603,156.0,167.6,155.6,158.6,156.58,2.02,1.2901,42491.19,686349.868,161.527570303397
688393.SH,20260603,20.93,21.3,20.45,20.54,21.16,-0.62,-2.9301,15503.75,32177.84,20.754875433362898
688395.SH,20260603,26.75,26.84,25.88,26.16,26.76,-0.6,-2.2422,17043.8,44878.408,26.331221910606793
688396.SH,20260603,69.22,74.5,68.84,71.5,67.65,3.85,5.6911,628810.84,4501704.779,71.59076295504066
688398.SH,20260603,29.39,30.26,28.85,29.35,29.4,-0.05,-0.1701,30664.98,90548.19,29.528207747078262
688399.SH,20260603,52.0,52.3,49.6,50.3,52.01,-1.71,-3.2878,15117.69,76624.052,50.685026614515834
688400.SH,20260603,55.71,57.7,54.5,55.39,54.8,0.59,1.0766,218139.71,1230653.027,56.41581842205621
688401.SH,20260603,75.8,78.18,69.79,71.7,76.68,-4.98,-6.4945,127321.41,942929.547,74.05899345601027
688403.SH,20260603,19.52,20.44,19.19,19.37,19.58,-0.21,-1.0725,575959.09,1145545.5,19.88935533598402
688408.SH,20260603,32.83,33.31,32.04,32.33,33.12,-0.79,-2.3853,42460.97,138801.957,32.68930431876615
688409.SH,20260603,141.05,149.5,140.01,143.36,140.0,3.36,2.4,97685.45,1415463.937,144.90018083552872
688410.SH,20260603,16.6,16.6,15.21,15.29,16.48,-1.19,-7.2209,113595.64,177703.908,15.643550051744944
688411.SH,20260603,295.0,296.0,280.99,284.49,299.17,-14.68,-4.9069,78834.77,2275429.38,288.63271624944167
688416.SH,20260603,114.95,119.85,112.0,114.6,114.5,0.1,0.0873,45099.91,524777.972,116.35898430839438
688418.SH,20260603,44.81,47.9,43.83,45.95,44.4,1.55,3.491,57787.48,265816.293,45.99894181230952
688419.SH,20260603,48.07,50.7,47.5,48.92,47.99,0.93,1.9379,37975.14,186646.061,49.149538619212464
688420.SH,20260603,24.76,24.93,24.06,24.35,24.72,-0.37,-1.4968,11068.16,27068.75,24.456413712848388
688425.SH,20260603,4.41,4.41,4.33,4.34,4.41,-0.07,-1.5873,139729.55,60973.698,4.363693864325764
688426.SH,20260603,18.19,18.35,17.5,17.75,18.18,-0.43,-2.3652,13746.58,24435.521,17.7757093036959
688428.SH,20260603,22.6,22.65,22.17,22.37,22.65,-0.28,-1.2362,74016.97,165494.805,22.35903536715972
688429.SH,20260603,11.81,11.96,11.62,11.75,11.8,-0.05,-0.4237,24563.83,28966.258,11.792240053770115
688432.SH,20260603,18.0,20.23,17.83,19.1,18.05,1.05,5.8172,323343.31,622778.814,19.260606134080835
688433.SH,20260603,94.5,98.0,93.01,97.0,95.79,1.21,1.2632,49855.8,478629.51,96.00277400021662
688435.SH,20260603,41.13,42.82,40.47,40.82,41.41,-0.59,-1.4248,26407.89,109743.331,41.55702367739339
688439.SH,20260603,49.47,50.87,48.5,48.68,49.84,-1.16,-2.3274,29592.56,146894.549,49.639013657486885
688443.SH,20260603,23.76,24.25,23.61,23.8,24.05,-0.25,-1.0395,47475.59,113276.461,23.85993749630073
688448.SH,20260603,60.0,60.0,52.58,53.81,56.05,-2.24,-3.9964,47221.1,262225.78,55.53148486587564
688449.SH,20260603,68.23,71.5,67.51,69.05,68.15,0.9,1.3206,150938.8,1056606.453,70.00230908156153
688450.SH,20260603,45.33,45.96,43.85,45.07,45.32,-0.25,-0.5516,13668.5,61250.398,44.81135311116802
688455.SH,20260603,19.61,20.25,19.5,19.7,19.65,0.05,0.2545,31711.85,62842.356,19.81667925396973
688456.SH,20260603,83.23,88.96,82.98,85.25,81.12,4.13,5.0912,78897.49,675685.153,85.64089339217256
688458.SH,20260603,37.1,38.4,36.31,36.92,36.98,-0.06,-0.1622,37101.43,138810.54,37.41379779701214
688459.SH,20260603,8.51,8.57,8.37,8.52,8.54,-0.02,-0.2342,9999.64,8459.811,8.46011556416031
688466.SH,20260603,15.72,16.32,15.58,15.76,16.33,-0.57,-3.4905,17904.8,28266.738,15.78724029310576
688468.SH,20260603,6.58,6.61,6.21,6.31,6.59,-0.28,-4.2489,77475.23,49241.777,6.3558090760104875
688469.SH,20260603,7.8,8.05,7.65,7.77,7.71,0.06,0.7782,2421983.77,1910808.342,7.889434956865957
688472.SH,20260603,12.34,12.46,11.89,12.04,12.16,-0.12,-0.9868,541890.21,662133.991,12.218969429250254
688475.SH,20260603,27.67,28.05,27.31,27.57,27.6,-0.03,-0.1087,31537.23,87466.786,27.734454167344435
688478.SH,20260603,61.71,64.66,58.09,59.69,59.35,0.34,0.5729,80054.9,489547.333,61.151451441448316
688479.SH,20260603,30.0,33.4,29.57,32.35,29.5,2.85,9.661,52705.96,168437.588,31.95797742797968
688480.SH,20260603,93.32,96.13,91.42,92.68,92.73,-0.05,-0.0539,17964.27,168070.623,93.5582815221548
688484.SH,20260603,40.47,43.78,40.2,42.0,39.86,2.14,5.3688,155154.26,653538.666,42.121864137020786
688485.SH,20260603,54.0,57.5,51.6,54.98,52.73,2.25,4.267,89311.43,486948.087,54.52248239671003
688486.SH,20260603,71.55,77.37,71.0,72.71,69.9,2.81,4.02,60848.33,452035.613,74.28891031191817
688488.SH,20260603,14.5,14.5,13.91,14.05,14.4,-0.35,-2.4306,66015.87,93054.9,14.095837864440776
688489.SH,20260603,25.46,25.93,25.11,25.4,25.47,-0.07,-0.2748,10027.22,25561.668,25.492278019231655
688496.SH,20260603,1.41,1.54,1.35,1.53,1.28,0.25,19.5313,450022.37,66274.571,1.4726950351379198
688498.SH,20260603,1240.99,1437.77,1240.0,1405.0,1206.91,198.09,16.413,76941.21,10551539.969,1371.3769212883446
688499.SH,20260603,53.62,55.2,50.99,51.76,53.8,-2.04,-3.7918,90049.57,476885.956,52.9581602666176
688500.SH,20260603,52.3,53.63,51.0,52.7,52.31,0.39,0.7456,23196.32,121529.08,52.391534519268575
688501.SH,20260603,21.03,21.6,20.75,21.45,20.99,0.46,2.1915,12314.15,26206.574,21.281675146071795
688502.SH,20260603,438.0,463.0,436.11,445.88,436.05,9.83,2.2543,18759.36,843783.856,449.79351960834487
688503.SH,20260603,88.0,90.0,86.0,87.39,87.7,-0.31,-0.3535,89570.68,790530.974,88.25778413203965
688505.SH,20260603,7.02,7.07,6.9,6.99,7.04,-0.05,-0.7102,36022.45,25135.02,6.977598691926841
688506.SH,20260603,211.98,214.98,207.5,212.13,212.31,-0.18,-0.0848,16484.17,348147.642,211.20119605658036
688507.SH,20260603,163.0,175.0,160.17,165.8,171.13,-5.33,-3.1146,87650.66,1469938.388,167.70420074418152
688508.SH,20260603,93.0,96.99,85.37,88.0,92.8,-4.8,-5.1724,140059.57,1248391.478,89.13289381082635
688509.SH,20260603,4.77,4.91,4.72,4.77,4.78,-0.01,-0.2092,115122.57,55351.498,4.80804919487117
688510.SH,20260603,25.8,26.22,24.86,25.71,25.69,0.02,0.0779,47904.47,123207.722,25.719462505273512
688511.SH,20260603,24.75,24.98,23.91,24.37,24.24,0.13,0.5363,22638.34,55263.371,24.41140604832333
688512.SH,20260603,13.33,13.75,13.15,13.44,13.21,0.23,1.7411,182481.67,246187.6,13.4910865294032
688513.SH,20260603,47.04,47.99,46.4,47.71,46.68,1.03,2.2065,13862.38,65638.816,47.35032223903833
688515.SH,20260603,249.99,260.0,240.33,246.5,217.0,29.5,13.5945,128683.83,3204566.245,249.02633415558117
688516.SH,20260603,58.8,60.68,57.76,58.44,58.5,-0.06,-0.1026,108185.6,641063.933,59.255939145320625
688517.SH,20260603,21.06,21.18,20.22,20.75,21.06,-0.31,-1.472,37731.99,77903.838,20.646628497463297
688518.SH,20260603,25.6,26.96,25.41,25.93,25.53,0.4,1.5668,208596.15,543627.299,26.061233584608345
688519.SH,20260603,234.15,250.0,223.02,228.7,238.92,-10.22,-4.2776,70435.03,1674301.189,237.7085931531512
688520.SH,20260603,37.08,37.1,35.7,35.9,37.08,-1.18,-3.1823,28729.59,104103.909,36.23577955689587
688521.SH,20260603,241.99,256.51,236.8,240.45,235.4,5.05,2.1453,286907.35,7058620.552,246.0243891277097
688522.SH,20260603,21.18,21.33,20.47,20.59,21.15,-0.56,-2.6478,48189.27,100585.833,20.87307672434133
688523.SH,20260603,57.0,61.09,56.39,58.75,56.72,2.03,3.579,65063.82,382253.818,58.75059564593656
688525.SH,20260603,300.0,327.8,299.95,314.0,303.4,10.6,3.4937,412823.14,13034538.421,315.74146790802473
688526.SH,20260603,13.06,13.18,12.82,12.83,13.06,-0.23,-1.7611,10457.61,13508.052,12.91695903748562
688528.SH,20260603,11.32,11.43,10.88,11.01,11.28,-0.27,-2.3936,26785.46,29786.6,11.120436236674674
688529.SH,20260603,17.85,18.11,17.32,17.58,17.86,-0.28,-1.5677,16159.96,28499.475,17.635857390736117
688530.SH,20260603,48.72,49.62,46.71,47.6,48.61,-1.01,-2.0778,73029.84,353659.62,48.42672803336281
688531.SH,20260603,181.0,195.33,178.88,185.26,180.36,4.9,2.7168,74745.78,1403782.031,187.80752986991374
688533.SH,20260603,25.25,25.64,24.9,24.95,25.12,-0.17,-0.6768,14611.18,36873.865,25.236746792524624
688535.SH,20260603,112.97,121.36,112.97,115.44,112.77,2.67,2.3677,87545.92,1024421.716,117.01535788304012
688536.SH,20260603,286.54,314.49,284.54,304.3,283.31,20.99,7.4088,61902.83,1868685.114,301.873939204395
688538.SH,20260603,2.4,2.48,2.39,2.4,2.4,0.0,0.0,1380177.25,336140.22,2.435485876904578
688539.SH,20260603,31.51,32.5,30.87,31.44,31.4,0.04,0.1274,27361.25,86457.342,31.59846205856823
688543.SH,20260603,42.34,43.14,41.99,42.49,42.46,0.03,0.0707,41103.24,175278.675,42.64351788326175
688545.SH,20260603,75.0,82.2,74.01,78.82,75.03,3.79,5.0513,160312.48,1267098.539,79.03929494447344
688548.SH,20260603,27.72,28.25,26.95,28.04,27.62,0.42,1.5206,251657.58,699018.308,27.776564806829978
688549.SH,20260603,14.09,14.82,14.01,14.48,14.13,0.35,2.477,600614.29,870208.263,14.488637341612367
688550.SH,20260603,42.85,43.41,40.9,41.95,42.82,-0.87,-2.0318,101582.17,426576.94,41.993288782864155
688551.SH,20260603,66.1,72.3,66.1,68.0,66.2,1.8,2.719,44269.74,307744.444,69.51575590911536
688552.SH,20260603,29.46,30.56,29.22,29.69,29.46,0.23,0.7807,57618.5,172879.482,30.004162204847397
688553.SH,20260603,17.17,17.26,16.58,16.82,17.15,-0.33,-1.9242,48728.17,81888.544,16.80517532261113
688556.SH,20260603,10.94,11.52,10.75,10.91,10.93,-0.02,-0.183,452398.58,500395.381,11.06094057589659
688557.SH,20260603,31.1,31.58,30.31,30.78,30.39,0.39,1.2833,11342.13,34849.961,30.72611669942066
688558.SH,20260603,33.19,33.76,32.66,33.24,33.2,0.04,0.1205,16704.54,55572.293,33.267778101043184
688559.SH,20260603,60.51,62.18,59.01,59.94,60.24,-0.3,-0.498,99605.14,603096.524,60.54873513555626
688560.SH,20260603,14.33,14.45,14.05,14.18,14.33,-0.15,-1.0468,34200.0,48823.207,14.275791520467838
688561.SH,20260603,26.73,27.1,26.14,26.29,26.88,-0.59,-2.1949,64767.06,172564.187,26.64381971329253
688562.SH,20260603,17.18,17.43,16.91,17.04,17.18,-0.14,-0.8149,35155.41,60178.68,17.117900203695534
688563.SH,20260603,51.07,51.64,50.3,50.72,51.05,-0.33,-0.6464,24890.43,127047.267,51.042616379066175
688565.SH,20260603,10.95,11.04,10.7,10.78,10.96,-0.18,-1.6423,44393.62,48240.866,10.866621374873235
688566.SH,20260603,24.95,25.05,24.54,24.54,24.95,-0.41,-1.6433,6750.88,16671.573,24.695407117294337
688567.SH,20260603,13.06,13.06,12.31,12.4,13.03,-0.63,-4.835,186248.45,235511.031,12.644992803966957
688568.SH,20260603,45.61,47.62,45.15,46.02,45.81,0.21,0.4584,130268.98,601830.284,46.19904784700087
688569.SH,20260603,18.93,19.05,18.32,18.46,18.99,-0.53,-2.7909,11871.37,22188.832,18.691045768095844
688570.SH,20260603,16.17,16.29,16.0,16.05,16.15,-0.1,-0.6192,10456.47,16874.822,16.138163261597846
688571.SH,20260603,8.71,9.01,8.59,8.75,8.69,0.06,0.6904,84199.93,74221.966,8.81496766089948
688573.SH,20260603,21.1,21.1,20.01,20.24,20.8,-0.56,-2.6923,23028.15,46978.47,20.4004533581725
688575.SH,20260603,10.33,10.34,10.06,10.17,10.34,-0.17,-1.6441,60849.8,61816.581,10.158879897715359
688576.SH,20260603,72.38,72.88,69.02,69.4,71.95,-2.55,-3.5441,4776.04,33429.422,69.99401596301539
688577.SH,20260603,72.18,72.43,69.12,70.26,70.08,0.18,0.2568,14045.25,99599.601,70.91337000053399
688578.SH,20260603,87.0,87.2,84.38,84.56,86.88,-2.32,-2.6703,46576.26,396507.878,85.13089672721684
688579.SH,20260603,8.94,9.06,8.7,8.77,8.87,-0.1,-1.1274,37698.64,33515.551,8.890387292485883
688580.SH,20260603,52.04,52.54,51.0,51.44,52.21,-0.77,-1.4748,13501.89,69814.139,51.70693806570783
688581.SH,20260603,55.07,55.56,54.0,54.89,55.34,-0.45,-0.8132,4840.18,26513.551,54.7780268502411
688582.SH,20260603,44.0,47.07,43.21,45.12,46.15,-1.03,-2.2319,86124.24,389060.687,45.174353585006955
688583.SH,20260603,117.18,119.65,110.2,111.08,118.88,-7.8,-6.5612,19552.26,222183.41,113.63566666973539
688584.SH,20260603,24.45,26.09,24.2,25.1,24.4,0.7,2.8689,186253.27,474254.388,25.46287579273105
688585.SH,20260603,170.31,183.1,169.9,176.4,170.31,6.09,3.5758,61478.03,1087513.217,176.89461048117516
688586.SH,20260603,13.66,14.24,13.11,13.24,13.66,-0.42,-3.0747,111080.23,151590.339,13.646923399420404
688588.SH,20260603,10.4,10.53,10.18,10.28,10.46,-0.18,-1.7208,35275.04,36565.511,10.365831193954705
688589.SH,20260603,20.85,21.28,20.33,20.57,20.84,-0.27,-1.2956,45483.22,94698.809,20.820603510481448
688590.SH,20260603,13.95,14.15,13.58,13.72,13.94,-0.22,-1.5782,118128.29,163073.599,13.804787913208596
688591.SH,20260603,31.75,32.15,30.7,30.83,31.76,-0.93,-2.9282,68022.14,214527.253,31.5378570859429
688592.SH,20260603,37.57,38.5,37.01,37.55,37.58,-0.03,-0.0798,12560.94,47534.574,37.84316619616048
688593.SH,20260603,36.0,37.86,34.22,36.23,35.71,0.52,1.4562,281014.58,1008695.093,35.894760086825386
688595.SH,20260603,36.05,40.99,36.05,39.47,36.97,2.5,6.7622,154261.87,595368.416,38.59465829112534
688596.SH,20260603,38.65,39.5,37.32,38.11,38.47,-0.36,-0.9358,138069.27,529022.653,38.31574201848102
688597.SH,20260603,9.18,9.9,9.0,9.36,8.8,0.56,6.3636,259927.42,242115.401,9.314731050690996
688598.SH,20260603,30.6,32.16,30.05,30.47,30.51,-0.04,-0.1311,90771.16,283209.282,31.200359453377043
688599.SH,20260603,14.76,14.96,14.4,14.48,14.79,-0.31,-2.096,353594.67,520338.08,14.715665255927078
688600.SH,20260603,27.76,28.22,25.93,26.47,28.23,-1.76,-6.2345,59021.18,158195.053,26.803098989210316
688601.SH,20260603,54.59,56.75,53.96,55.77,54.36,1.41,2.5938,59875.27,330119.718,55.13456857898093
688602.SH,20260603,6.97,7.18,6.91,6.99,6.98,0.01,0.1433,71436.0,50304.494,7.0418968027325155
688603.SH,20260603,161.12,162.9,153.2,158.39,162.17,-3.78,-2.3309,70321.07,1113968.47,158.41176335911837
688605.SH,20260603,66.58,71.33,65.91,68.46,65.9,2.56,3.8847,56470.92,387091.015,68.54696452616675
688606.SH,20260603,49.22,49.25,48.12,48.28,49.22,-0.94,-1.9098,4836.31,23534.361,48.66181241483693
688607.SH,20260603,55.12,61.99,54.31,57.78,55.67,2.11,3.7902,39715.0,230450.831,58.02614402618658
688608.SH,20260603,161.0,165.22,160.68,162.38,162.92,-0.54,-0.3315,38505.8,628104.739,163.11951420305508
688609.SH,20260603,11.57,12.01,11.42,11.68,11.57,0.11,0.9507,293935.53,344413.754,11.717322978953922
688610.SH,20260603,171.7,183.74,169.02,178.29,171.7,6.59,3.8381,19074.13,337754.255,177.0745271212894
688611.SH,20260603,75.99,78.38,75.4,76.61,75.9,0.71,0.9354,16048.18,123456.405,76.9286018726111
688612.SH,20260603,36.25,38.58,35.8,36.89,36.25,0.64,1.7655,97786.94,366295.175,37.458496502702715
688613.SH,20260603,16.73,16.85,16.51,16.63,16.73,-0.1,-0.5977,20857.23,34775.267,16.673003557998832
688615.SH,20260603,134.71,135.99,130.51,132.05,136.76,-4.71,-3.444,59408.73,792898.955,133.46505723990396
688616.SH,20260603,12.08,12.28,11.82,12.05,12.1,-0.05,-0.4132,25678.31,30977.699,12.063760816035012
688617.SH,20260603,206.81,207.25,201.0,201.48,208.69,-7.21,-3.4549,14834.87,300864.852,202.8092271789372
688618.SH,20260603,34.72,35.91,33.72,34.28,33.88,0.4,1.1806,29144.65,101425.202,34.80062447138668
688619.SH,20260603,18.21,18.56,17.31,17.51,18.37,-0.86,-4.6815,61235.09,109710.456,17.91627251629744
688620.SH,20260603,11.78,12.19,11.64,11.82,11.77,0.05,0.4248,102372.84,122441.675,11.960367124717845
688621.SH,20260603,52.0,54.33,51.03,54.0,51.97,2.03,3.9061,31203.64,165999.849,53.198873272477186
688622.SH,20260603,135.12,143.0,128.88,134.8,128.73,6.07,4.7153,23226.57,317120.364,136.53344596296398
688623.SH,20260603,99.45,100.9,94.6,95.84,100.76,-4.92,-4.8829,8996.02,88049.623,97.87619747399405
688625.SH,20260603,107.21,109.98,100.58,109.88,100.43,9.45,9.4095,56914.31,599069.133,105.2580858838489
688626.SH,20260603,50.4,51.59,50.22,50.95,50.8,0.15,0.2953,11775.53,59941.748,50.903651895073935
688627.SH,20260603,347.01,372.0,344.0,355.5,348.19,7.31,2.0994,59498.2,2127807.112,357.6254595937357
688628.SH,20260603,83.15,90.8,82.78,85.33,83.78,1.55,1.8501,49907.7,436388.309,87.43907433121542
688629.SH,20260603,140.05,143.5,133.02,135.84,137.9,-2.06,-1.4938,203009.85,2822160.233,139.01592622229907
688630.SH,20260603,363.1,381.5,355.0,366.5,353.3,13.2,3.7362,82407.66,3033788.977,368.14405080789817
688631.SH,20260603,46.66,47.77,46.6,46.83,46.8,0.03,0.0641,16898.0,79756.552,47.19881169369156
688633.SH,20260603,29.64,29.8,28.89,29.15,29.64,-0.49,-1.6532,51282.24,150714.386,29.389197117754605
688635.SH,20260603,628.0,720.0,620.0,672.99,611.0,61.99,10.1457,71711.45,4808981.216,670.6015867758914
688636.SH,20260603,35.53,35.74,34.35,34.96,35.53,-0.57,-1.6043,45908.51,160673.526,34.99863663621407
688638.SH,20260603,35.93,36.42,35.02,35.22,36.08,-0.86,-2.3836,8054.47,28698.368,35.63036177426944
688639.SH,20260603,22.55,22.62,21.7,21.77,22.51,-0.74,-3.2874,60277.68,132639.256,22.004704892424524
688646.SH,20260603,68.21,70.45,67.5,68.97,68.2,0.77,1.129,9712.05,66947.909,68.93282983510176
688648.SH,20260603,39.26,39.81,38.39,38.86,39.27,-0.41,-1.0441,14871.75,58140.647,39.09469094087784
688651.SH,20260603,35.36,35.5,34.38,34.72,35.37,-0.65,-1.8377,13901.51,48408.657,34.82258905687224
688652.SH,20260603,132.0,134.82,129.58,131.61,130.75,0.86,0.6577,60459.78,799808.102,132.28763022293498
688653.SH,20260603,13.99,14.61,13.98,14.16,14.02,0.14,0.9986,116124.25,165745.234,14.27309403505297
688655.SH,20260603,50.18,58.66,50.18,58.66,48.88,9.78,20.0082,144363.82,809281.495,56.05847053645435
688656.SH,20260603,107.63,107.63,103.13,103.72,107.64,-3.92,-3.6418,6012.94,63084.647,104.91481205533401
688657.SH,20260603,36.5,37.21,35.95,36.6,36.48,0.12,0.3289,14523.47,53091.722,36.55581069813206
688658.SH,20260603,17.2,17.47,16.31,16.97,17.22,-0.25,-1.4518,122857.99,206917.063,16.841970391994852
688659.SH,20260603,10.24,10.48,10.03,10.13,10.27,-0.14,-1.3632,44819.79,45577.501,10.169057240116475
688660.SH,20260603,10.18,10.28,9.95,10.02,10.12,-0.1,-0.9881,138205.4,139915.359,10.123725918090031
688661.SH,20260603,113.01,135.1,113.01,129.7,112.58,17.12,15.207,107453.86,1375962.077,128.0514331453519
688662.SH,20260603,92.35,93.34,86.0,87.15,89.25,-2.1,-2.3529,59223.91,537863.759,90.8186843793326
688663.SH,20260603,88.7,95.58,87.81,93.88,89.23,4.65,5.2113,62220.04,570940.571,91.76152426131516
688665.SH,20260603,50.64,51.44,49.52,50.29,50.65,-0.36,-0.7108,8875.27,44848.596,50.53209198142704
688667.SH,20260603,114.86,115.81,109.66,112.05,116.05,-4.0,-3.4468,17161.04,193380.867,112.68598348351847
688668.SH,20260603,293.78,307.78,286.24,302.0,289.74,12.26,4.2314,52717.92,1573826.896,298.5373656623782
688669.SH,20260603,40.8,43.97,40.12,42.88,40.75,2.13,5.227,45738.39,193750.712,42.36063228285911
688670.SH,20260603,16.19,16.58,15.73,15.82,16.26,-0.44,-2.706,13581.2,21645.497,15.937838335345917
688671.SH,20260603,25.82,27.06,25.82,26.81,25.98,0.83,3.1948,33395.57,88754.504,26.576729787813175
688676.SH,20260603,94.8,101.57,92.76,95.99,96.25,-0.26,-0.2701,205281.53,1984737.68,96.68369482631974
688677.SH,20260603,150.0,157.98,144.34,146.4,148.78,-2.38,-1.5997,47884.19,727662.585,151.96301430597447
688678.SH,20260603,21.41,22.94,21.4,22.12,21.56,0.56,2.5974,160965.21,357809.15,22.228974198834646
688679.SH,20260603,57.59,60.49,56.26,57.35,57.08,0.27,0.473,36868.25,214819.923,58.266916113458066
688680.SH,20260603,42.28,43.85,41.6,42.3,42.39,-0.09,-0.2123,24245.94,103113.385,42.528103674264635
688681.SH,20260603,16.86,16.99,16.44,16.66,16.86,-0.2,-1.1862,17587.7,29350.083,16.6878460515019
688682.SH,20260603,39.58,40.96,39.08,39.71,39.6,0.11,0.2778,18080.7,72257.572,39.9639239631209
688683.SH,20260603,37.58,39.95,37.42,37.84,37.72,0.12,0.3181,22062.77,85027.799,38.53904065536648
688685.SH,20260603,51.27,51.66,48.6,49.26,50.09,-0.83,-1.657,42937.12,215896.736,50.28207201600853
688686.SH,20260603,137.12,147.5,137.12,141.08,138.66,2.42,1.7453,27134.5,386939.814,142.60067957765943
688687.SH,20260603,16.88,16.88,16.57,16.59,16.79,-0.2,-1.1912,14144.8,23556.452,16.653789378428822
688689.SH,20260603,38.63,40.19,38.52,39.61,38.63,0.98,2.5369,32256.88,126604.556,39.24885357790338
688690.SH,20260603,39.11,42.1,39.11,41.11,39.8,1.31,3.2915,196388.11,806396.056,41.06134816410219
688691.SH,20260603,98.51,102.99,96.8,98.5,97.45,1.05,1.0775,66161.28,664115.895,100.3783323115877
688692.SH,20260603,290.0,293.55,281.39,284.21,304.88,-20.67,-6.7797,39100.12,1121089.906,286.722881157398
688693.SH,20260603,104.55,112.88,102.48,107.3,104.05,3.25,3.1235,36905.51,395785.844,107.24302251885965
688695.SH,20260603,21.76,21.78,21.06,21.3,21.79,-0.49,-2.2487,12647.11,27007.188,21.354434333219206
688696.SH,20260603,74.99,75.49,73.54,74.45,74.87,-0.42,-0.561,6599.44,49211.981,74.56993472173397
688697.SH,20260603,20.63,21.13,20.35,20.75,20.73,0.02,0.0965,68369.57,142059.633,20.7781960600308
688698.SH,20260603,64.4,67.27,63.83,64.54,64.91,-0.37,-0.57,52637.77,345719.327,65.6789463155449
688699.SH,20260603,59.0,61.19,57.78,58.84,59.4,-0.56,-0.9428,45155.9,269544.145,59.69189961887594
688700.SH,20260603,85.66,91.3,84.5,87.0,86.27,0.73,0.8462,140696.24,1238886.484,88.05398665948714
688701.SH,20260603,9.79,9.79,9.34,9.44,9.65,-0.21,-2.1762,32059.83,30381.666,9.47655243337223
688702.SH,20260603,285.0,295.35,273.78,277.9,265.52,12.38,4.6625,114922.18,3283283.633,285.69625402163445
688707.SH,20260603,15.43,15.7,15.0,15.16,15.49,-0.33,-2.1304,227621.1,348962.604,15.330854828484705
688708.SH,20260603,47.0,49.76,45.71,48.3,47.18,1.12,2.3739,25352.78,122626.069,48.3678985105381
688709.SH,20260603,34.36,35.19,33.2,33.94,34.2,-0.26,-0.7602,95334.38,327764.887,34.38055473796546
688710.SH,20260603,58.92,59.8,57.69,58.85,57.77,1.08,1.8695,14324.06,84117.526,58.724639522593456
688711.SH,20260603,33.43,34.96,32.23,33.83,32.3,1.53,4.7368,159315.5,536016.545,33.644971456010246
688712.SH,20260603,40.95,41.3,39.9,40.13,40.68,-0.55,-1.352,23292.4,94154.354,40.422779103913726
688716.SH,20260603,31.96,33.2,31.39,31.69,31.9,-0.21,-0.6583,21354.33,68905.391,32.26764361138935
688717.SH,20260603,106.97,107.79,104.06,105.14,107.0,-1.86,-1.7383,34476.85,364024.199,105.58510971855029
688718.SH,20260603,15.38,15.55,14.64,14.9,15.27,-0.37,-2.4231,30085.64,45172.426,15.014613616329918
688719.SH,20260603,71.0,82.49,69.5,79.09,70.89,8.2,11.5672,76317.7,585088.917,76.66490434067065
688720.SH,20260603,85.8,93.8,85.5,90.05,86.76,3.29,3.7921,52097.24,467908.241,89.81440110838886
688721.SH,20260603,41.4,42.84,40.76,41.51,41.38,0.13,0.3142,24414.05,102447.532,41.96253059201567
688722.SH,20260603,15.83,16.15,15.56,15.77,15.81,-0.04,-0.253,27417.66,43537.761,15.87945907856469
688726.SH,20260603,57.3,58.77,56.05,57.14,56.89,0.25,0.4394,100755.22,579246.184,57.490439105785285
688727.SH,20260603,49.61,51.44,49.1,49.99,49.6,0.39,0.7863,49322.74,248817.005,50.44671180068261
688728.SH,20260603,13.62,14.16,13.53,13.67,13.61,0.06,0.4409,303096.58,420667.29,13.878985041665594
688729.SH,20260603,24.3,25.27,24.14,24.82,24.19,0.63,2.6044,144702.49,357960.543,24.73769062301554
688733.SH,20260603,38.5,38.6,36.3,37.05,38.37,-1.32,-3.4402,117046.13,440469.291,37.63211060459667
688737.SH,20260603,25.5,25.5,24.5,24.94,25.25,-0.31,-1.2277,16751.12,41930.178,25.031268356981506
688739.SH,20260603,21.28,21.31,20.78,20.98,21.27,-0.29,-1.3634,19040.71,39980.474,20.997365119262884
688750.SH,20260603,17.3,17.3,16.89,16.96,17.21,-0.25,-1.4526,24699.56,42264.834,17.111573647465786
688755.SH,20260603,37.63,37.63,36.21,36.44,37.41,-0.97,-2.5929,5819.57,21359.971,36.703692884525836
688757.SH,20260603,38.68,39.46,36.96,37.58,38.3,-0.72,-1.8799,84644.3,324947.811,38.38980427506636
688758.SH,20260603,18.39,18.39,17.65,17.78,18.28,-0.5,-2.7352,21708.34,38944.224,17.939752187408157
688759.SH,20260603,34.7,35.0,33.61,33.99,34.53,-0.54,-1.5639,37751.73,129659.25,34.34524722443183
688765.SH,20260603,49.85,49.87,48.6,48.89,49.88,-0.99,-1.9848,13932.56,68432.921,49.11726272845766
688766.SH,20260603,372.03,389.49,366.36,374.0,372.03,1.97,0.5295,64309.72,2441872.655,379.705067134486
688767.SH,20260603,39.03,39.69,37.12,37.44,38.5,-1.06,-2.7532,30135.72,114187.197,37.890980205550086
688768.SH,20260603,51.74,52.05,49.1,51.85,50.26,1.59,3.1635,18525.66,95164.57,51.36905783653592
688772.SH,20260603,15.51,15.89,15.41,15.7,15.7,0.0,0.0,314929.89,493363.403,15.665817017241519
688775.SH,20260603,167.74,181.2,167.07,174.6,166.95,7.65,4.5822,24308.52,428521.567,176.284515470296
688776.SH,20260603,63.25,65.5,62.0,64.02,63.34,0.68,1.0736,18619.19,118920.176,63.86968283797523
688777.SH,20260603,92.5,97.3,90.0,92.35,94.09,-1.74,-1.8493,334411.17,3146998.846,94.10567374289562
688778.SH,20260603,61.4,61.56,58.96,59.85,60.72,-0.87,-1.4328,67105.07,404555.884,60.286932716112204
688779.SH,20260603,8.61,8.79,8.49,8.58,8.64,-0.06,-0.6944,234716.33,202502.512,8.62754253187241
688781.SH,20260603,48.8,50.27,48.44,49.43,49.06,0.37,0.7542,40826.74,201333.021,49.31400866197008
688783.SH,20260603,34.29,38.32,34.11,35.33,34.02,1.31,3.8507,328568.26,1198609.289,36.47976493529838
688785.SH,20260603,332.96,347.0,328.06,336.69,331.75,4.94,1.4891,8766.83,297057.849,338.8429443709984
688786.SH,20260603,39.8,41.78,39.51,40.22,40.0,0.22,0.55,72654.7,295480.485,40.669149414972466
688787.SH,20260603,129.5,134.98,127.0,131.91,131.8,0.11,0.0835,26847.11,352706.364,131.37591494950482
688788.SH,20260603,44.45,44.76,43.35,44.2,43.89,0.31,0.7063,17150.56,75413.55,43.97147964847795
688789.SH,20260603,52.88,52.9,51.3,51.58,52.82,-1.24,-2.3476,18961.81,98133.499,51.753234000340676
688790.SH,20260603,124.26,129.88,124.19,127.6,124.2,3.4,2.7375,6793.05,86600.265,127.48362664782388
688793.SH,20260603,18.65,18.74,18.08,18.27,18.63,-0.36,-1.9324,14563.1,26678.629,18.319333795689104
688795.SH,20260603,615.0,688.69,610.0,667.85,616.4,51.45,8.3469,45469.89,2989119.821,657.3844407804813
688796.SH,20260603,96.95,98.0,95.18,96.64,96.96,-0.32,-0.33,10000.44,96336.671,96.33243237297557
688798.SH,20260603,73.78,74.73,71.8,73.1,73.15,-0.05,-0.0684,56682.4,415253.105,73.25961938802874
688799.SH,20260603,46.92,47.18,45.68,47.18,46.8,0.38,0.812,21190.1,98632.471,46.54648680279942
688800.SH,20260603,121.02,133.41,120.2,124.99,119.29,5.7,4.7783,127134.83,1602914.884,126.0799172028625
688802.SH,20260603,662.0,762.7,656.66,756.4,663.47,92.93,14.0067,38760.51,2811941.004,725.4654296344398
688805.SH,20260603,53.58,56.07,52.6,55.4,53.58,1.82,3.3968,22462.07,122312.18,54.452764148629214
688807.SH,20260603,428.96,469.94,428.96,448.0,407.39,40.61,9.9683,23496.95,1070427.274,455.5600935440557
688808.SH,20260603,1865.73,2088.0,1865.73,2004.0,1860.0,144.0,7.7419,19709.71,3951239.231,2004.7170815806019
688809.SH,20260603,484.0,537.35,481.01,504.66,488.5,16.16,3.3081,31333.34,1598224.813,510.07164030390635
688811.SH,20260603,27.21,29.76,27.03,28.46,27.34,1.12,4.0966,185256.93,525136.046,28.346364478780902
688813.SH,20260603,160.66,170.1,158.53,164.56,162.5,2.06,1.2677,39208.88,647742.541,165.20302059125382
688816.SH,20260603,63.2,63.95,62.08,62.67,63.29,-0.62,-0.9796,7985.35,50268.752,62.9512194205639
688818.SH,20260603,65.18,70.19,64.81,68.83,65.58,3.25,4.9558,177015.96,1201348.562,67.86668060891232
688819.SH,20260603,24.7,24.72,24.27,24.4,24.6,-0.2,-0.813,23091.54,56401.817,24.4253163712771
688820.SH,20260603,179.0,196.33,179.0,186.85,180.42,6.43,3.5639,366927.14,6973313.444,190.04627033039856
688981.SH,20260603,132.0,138.75,131.85,134.0,132.48,1.52,1.1473,992127.45,13487781.965,135.94807768901063
689009.SH,20260603,37.76,37.94,36.67,36.9,37.84,-0.94,-2.4841,122189.78,453481.8,37.11290747884152
920000.BJ,20260603,14.11,14.2,13.85,13.85,14.1,-0.25,-1.773,5620.26,7848.75762,13.965114816752251
920001.BJ,20260603,16.01,16.99,15.94,16.5,16.2,0.3,1.8519,60404.63,100353.01663,16.613464337088068
920002.BJ,20260603,59.55,61.3,58.36,59.02,59.55,-0.53,-0.89,11785.85,70860.80653,60.12362835943101
920003.BJ,20260603,29.35,29.51,28.53,28.82,29.36,-0.54,-1.8392,3076.27,8966.82822,29.14837845832778
920005.BJ,20260603,34.44,34.5,33.1,33.15,35.16,-2.01,-5.7167,13774.27,46395.18059,33.6824968510128
920006.BJ,20260603,16.98,17.18,16.71,16.9,16.98,-0.08,-0.4711,7822.74,13276.09226,16.97115366227179
920007.BJ,20260603,44.41,44.41,43.18,43.3,44.18,-0.88,-1.9919,1489.05,6512.36245,43.73501527819751
920008.BJ,20260603,23.06,23.42,22.79,23.04,23.1,-0.06,-0.2597,5415.48,12556.84601,23.186949282427413
920009.BJ,20260603,37.19,37.74,36.55,36.55,37.38,-0.83,-2.2204,1899.12,7057.7629,37.163333017397534
920010.BJ,20260603,10.68,11.33,10.47,11.06,10.62,0.44,4.1431,96660.56,105222.50574,10.885774481339647
920011.BJ,20260603,25.16,25.95,24.66,24.96,25.23,-0.27,-1.0702,25918.84,65971.53272,25.45311932169804
920012.BJ,20260603,75.8,81.5,72.1,73.3,76.9,-3.6,-4.6814,46503.16,356203.15555,76.59762380664023
920014.BJ,20260603,10.08,10.25,9.81,10.18,9.98,0.2,2.004,23628.61,23774.21599,10.061622748862503
920015.BJ,20260603,44.7,46.77,44.16,44.65,44.77,-0.12,-0.268,31060.1,140879.14046,45.356950061332704
920016.BJ,20260603,14.86,14.94,14.54,14.6,14.93,-0.33,-2.2103,3951.42,5815.52058,14.717546046737628
920017.BJ,20260603,16.23,16.36,16.13,16.21,16.22,-0.01,-0.0617,6386.04,10361.53608,16.22529154217637
920018.BJ,20260603,19.06,19.21,18.41,18.47,19.2,-0.73,-3.8021,16511.33,31061.39199,18.812168365601075
920019.BJ,20260603,18.18,19.33,18.15,19.2,18.44,0.76,4.1215,66142.94,125353.74015,18.951945612033573
920020.BJ,20260603,14.8,14.8,14.57,14.75,14.66,0.09,0.6139,3093.81,4535.43694,14.659713880296461
920021.BJ,20260603,8.82,8.95,8.62,8.78,9.05,-0.27,-2.9834,147696.2,130089.49105,8.807910498035833
920022.BJ,20260603,23.8,23.83,23.07,23.2,23.58,-0.38,-1.6115,3372.59,7870.30422,23.336083603402727
920023.BJ,20260603,2.45,2.6,2.4,2.46,2.42,0.04,1.6529,126200.99,31391.15331,2.487393586215132
920026.BJ,20260603,34.35,36.2,34.34,34.63,35.47,-0.84,-2.3682,17953.24,63145.0093,35.17192957928485
920027.BJ,20260603,16.49,16.49,16.1,16.2,16.42,-0.22,-1.3398,5573.95,9089.13878,16.30645911786076
920028.BJ,20260603,17.94,17.94,16.9,16.9,18.12,-1.22,-6.7329,50920.45,88332.28304,17.3471135938508
920029.BJ,20260603,44.53,44.53,43.3,43.41,44.08,-0.67,-1.52,6811.94,29938.67927,43.95029796210771
920030.BJ,20260603,5.13,5.15,4.96,5.0,5.14,-0.14,-2.7237,11522.19,5810.15934,5.042582477810208
920033.BJ,20260603,15.88,15.95,15.45,15.59,15.88,-0.29,-1.8262,5670.79,8904.8046,15.702934864454512
920035.BJ,20260603,28.25,28.4,26.78,26.92,27.95,-1.03,-3.6852,4890.91,13462.96271,27.52649856570659
920036.BJ,20260603,43.79,45.0,42.29,42.9,45.07,-2.17,-4.8147,19111.69,83092.86293,43.47750666215285
920037.BJ,20260603,46.24,47.12,44.8,44.9,46.3,-1.4,-3.0238,15151.52,69796.89271,46.06593444750097
920039.BJ,20260603,8.43,8.43,8.12,8.13,8.42,-0.29,-3.4442,7581.35,6251.78161,8.246264332869476
920045.BJ,20260603,593.0,604.5,540.0,563.0,539.95,23.05,4.2689,21311.79,1237083.07438,580.4688739800832
920046.BJ,20260603,31.3,33.56,30.48,33.15,32.22,0.93,2.8864,128894.68,412288.21216,31.986441345756088
920047.BJ,20260603,20.1,20.7,18.95,19.12,20.66,-1.54,-7.454,117229.27,228010.16482,19.449934715109972
920050.BJ,20260603,29.02,29.22,28.43,28.53,28.95,-0.42,-1.4508,2226.13,6413.37078,28.809506991954645
920055.BJ,20260603,31.19,31.38,30.05,30.31,31.18,-0.87,-2.7903,7584.13,23349.22159,30.786947995353454
920056.BJ,20260603,20.12,20.2,19.55,19.61,20.1,-0.49,-2.4378,4486.59,8922.29661,19.886587831738577
920057.BJ,20260603,5.46,5.48,5.27,5.29,5.46,-0.17,-3.1136,8680.26,4657.4402,5.365553796775673
920058.BJ,20260603,23.8,23.99,23.21,23.26,23.88,-0.62,-2.5963,3524.81,8284.8163,23.50429186254011
920060.BJ,20260603,31.55,32.15,30.42,30.9,31.56,-0.66,-2.0913,60130.11,188820.09571,31.401920886224886
920061.BJ,20260603,23.28,23.67,22.86,23.62,23.29,0.33,1.4169,13630.34,31912.86631,23.413110978889744
920062.BJ,20260603,11.33,11.39,11.06,11.19,11.48,-0.29,-2.5261,75211.28,84306.33972,11.209268040644968
920066.BJ,20260603,25.31,25.56,24.5,25.0,25.34,-0.34,-1.3418,10143.08,25374.20311,25.01627031434239
920068.BJ,20260603,18.2,18.36,17.99,18.08,18.15,-0.07,-0.3857,11430.36,20729.30028,18.135299570617196
920069.BJ,20260603,36.35,37.48,36.17,36.7,36.35,0.35,0.9629,7505.03,27637.64195,36.82549163694216
920075.BJ,20260603,19.64,19.64,18.8,18.85,19.65,-0.8,-4.0712,8825.48,16919.56623,19.17127026518671
920076.BJ,20260603,14.2,14.26,13.91,14.04,14.24,-0.2,-1.4045,6967.36,9818.35725,14.091933314770586
920077.BJ,20260603,17.38,18.19,17.02,17.25,16.78,0.47,2.801,153440.67,270272.41942,17.614131860868437
920078.BJ,20260603,34.03,36.25,33.4,33.98,35.18,-1.2,-3.411,58101.43,201680.43493,34.71178505072939
920080.BJ,20260603,22.51,22.66,22.21,22.23,22.51,-0.28,-1.2439,2139.62,4787.53527,22.37563338349801
920082.BJ,20260603,9.38,9.39,9.12,9.2,9.33,-0.13,-1.3934,7473.03,6919.73362,9.259609047468029
920086.BJ,20260603,27.65,27.79,27.0,27.0,27.56,-0.56,-2.0319,9246.2,25428.01873,27.50104770608466
920087.BJ,20260603,11.82,12.1,11.48,11.83,11.67,0.16,1.371,52260.45,61457.77436,11.759901485731563
920088.BJ,20260603,35.42,45.7,35.42,43.87,35.2,8.67,24.6307,102780.27,408163.69233,39.712261149926924
920089.BJ,20260603,15.95,16.33,15.87,16.09,15.95,0.14,0.8777,9619.49,15500.67452,16.113821543553765
920090.BJ,20260603,4.25,4.55,4.24,4.37,4.3,0.07,1.6279,44472.99,19528.17877,4.391019980891773
920091.BJ,20260603,40.98,40.98,39.28,39.6,40.5,-0.9,-2.2222,8805.17,35309.31289,40.10066005539927
920092.BJ,20260603,31.1,31.89,29.72,29.85,30.74,-0.89,-2.8953,14975.12,46191.18222,30.845283523604486
920096.BJ,20260603,56.78,57.94,52.98,53.0,57.0,-4.0,-7.0175,28537.0,157273.50835,55.112138048848855
920098.BJ,20260603,22.45,23.68,22.3,23.03,22.56,0.47,2.0833,8038.2,18542.76347,23.068303189768855
920099.BJ,20260603,28.01,28.06,27.52,28.06,28.0,0.06,0.2143,5276.36,14662.63089,27.789292030869767
920100.BJ,20260603,41.01,45.79,41.01,44.68,42.4,2.28,5.3774,49335.49,216522.84559,43.887847387347335
920101.BJ,20260603,30.13,30.13,29.44,29.48,30.1,-0.62,-2.0598,2636.48,7851.94571,29.781927835598978
920106.BJ,20260603,45.37,46.72,45.19,45.47,45.31,0.16,0.3531,4940.46,22760.84769,46.070300518575195
920108.BJ,20260603,10.49,10.55,10.16,10.24,10.49,-0.25,-2.3832,5789.99,6000.16409,10.362995601028672
920110.BJ,20260603,28.39,28.53,27.19,27.7,28.52,-0.82,-2.8752,1581.46,4404.72162,27.85224804927093
920111.BJ,20260603,33.6,33.64,31.67,32.14,33.32,-1.18,-3.5414,60771.19,197977.48703,32.57752349921073
920112.BJ,20260603,28.42,28.67,27.92,28.19,28.34,-0.15,-0.5293,1708.88,4836.31167,28.301060753241888
920116.BJ,20260603,55.77,59.32,55.01,56.81,55.79,1.02,1.8283,39791.79,227320.51462,57.12749153028803
920118.BJ,20260603,20.3,20.34,19.74,19.85,20.18,-0.33,-1.6353,5922.7,11914.13234,20.116048997923244
920119.BJ,20260603,56.59,57.06,55.01,55.12,56.6,-1.48,-2.6148,4526.02,25402.68941,56.12588855108903
920121.BJ,20260603,33.87,34.07,33.19,33.19,33.87,-0.68,-2.0077,1493.02,5025.76191,33.66171859720566
920122.BJ,20260603,22.99,23.16,22.0,22.21,23.0,-0.79,-3.4348,5665.98,12816.9713,22.620925771005194
920123.BJ,20260603,11.13,11.31,11.03,11.13,11.23,-0.1,-0.8905,6007.2,6698.6516,11.15103808762818
920124.BJ,20260603,15.7,15.78,15.38,15.4,15.7,-0.3,-1.9108,11313.12,17594.12733,15.551967388306673
920125.BJ,20260603,210.0,217.06,189.0,191.06,207.79,-16.73,-8.0514,31719.86,628890.32209,198.26390220196433
920128.BJ,20260603,35.0,36.33,31.5,31.8,33.28,-1.48,-4.4471,122600.25,417710.42043,34.07092729664092
920130.BJ,20260603,18.13,18.14,16.83,17.0,17.62,-0.62,-3.5187,15283.35,26345.0887,17.237770972986944
920132.BJ,20260603,12.17,12.24,11.9,11.95,12.1,-0.15,-1.2397,4578.77,5516.00876,12.046922557804825
920139.BJ,20260603,18.32,19.3,18.2,18.44,18.26,0.18,0.9858,80710.26,151667.01051,18.791540320896004
920145.BJ,20260603,12.85,13.3,12.35,12.39,12.95,-0.56,-4.3243,20873.57,26551.42613,12.72011741642661
920146.BJ,20260603,6.0,6.05,5.74,5.86,6.0,-0.14,-2.3333,12540.48,7378.47963,5.883729833307816
920149.BJ,20260603,9.09,9.13,8.8,8.83,9.12,-0.29,-3.1798,5663.44,5053.64483,8.923277778170158
920152.BJ,20260603,21.11,21.37,19.81,19.96,21.56,-1.6,-7.4212,71183.71,145323.47242,20.415270912403972
920156.BJ,20260603,57.57,59.88,56.11,56.61,57.13,-0.52,-0.9102,28169.87,162271.72769,57.60471301074517
920158.BJ,20260603,9.89,9.98,9.64,9.96,9.81,0.15,1.5291,26243.16,25717.55899,9.799718856265786
920159.BJ,20260603,34.17,36.36,34.01,34.93,33.83,1.1,3.2516,14281.99,50151.64564,35.115306508406746
920160.BJ,20260603,20.94,21.06,20.52,20.69,20.9,-0.21,-1.0048,6539.58,13603.11289,20.801202661332994
920161.BJ,20260603,43.3,48.47,42.78,44.01,44.8,-0.79,-1.7634,168928.14,771403.07575,45.66456931035883
920163.BJ,20260603,10.95,11.05,10.72,10.74,10.91,-0.17,-1.5582,2856.26,3104.48558,10.869058068943303
920166.BJ,20260603,24.06,24.06,22.8,23.03,23.81,-0.78,-3.2759,2964.47,6896.03875,23.26229899442396
920167.BJ,20260603,17.81,18.28,17.78,18.0,17.78,0.22,1.2373,19866.59,35893.15093,18.06709200220068
920168.BJ,20260603,19.46,19.53,19.0,19.29,19.47,-0.18,-0.9245,3938.22,7614.06625,19.333775792109126
920169.BJ,20260603,24.88,25.25,23.75,24.0,24.88,-0.88,-3.537,19866.33,48230.57327,24.277545611091732
920171.BJ,20260603,19.3,20.77,19.24,19.8,19.34,0.46,2.3785,41699.69,83081.60932,19.923795433491232
920174.BJ,20260603,37.97,37.97,36.7,36.87,37.8,-0.93,-2.4603,12384.18,46098.24874,37.22349702604452
920175.BJ,20260603,9.6,10.4,9.47,10.33,9.65,0.68,7.0466,48423.03,48400.14307,9.995273544427105
920177.BJ,20260603,31.55,31.95,30.46,30.63,31.4,-0.77,-2.4522,9388.21,29433.53495,31.351594127101976
920178.BJ,20260603,146.99,149.49,132.72,133.49,145.03,-11.54,-7.957,34552.68,480816.66842,139.15466714014659
920179.BJ,20260603,66.32,67.95,63.11,63.8,65.34,-1.54,-2.3569,55015.75,361391.19111,65.68867844390016
920180.BJ,20260603,13.98,13.99,13.5,13.58,13.77,-0.19,-1.3798,5121.38,7045.16068,13.756371681070336
920181.BJ,20260603,106.2,114.8,104.48,106.6,106.1,0.5,0.4713,16696.96,182612.80639,109.3688949305742
920183.BJ,20260603,38.14,38.31,36.58,36.98,38.47,-1.49,-3.8731,5957.83,22321.35573,37.46558013572055
920184.BJ,20260603,13.24,13.39,12.89,13.02,13.23,-0.21,-1.5873,19114.65,25035.69316,13.09764665322148
920185.BJ,20260603,28.08,28.09,27.01,27.2,27.95,-0.75,-2.6834,65693.12,180790.32285,27.520434841578542
920186.BJ,20260603,91.94,95.85,90.0,90.01,94.36,-4.35,-4.61,121949.98,1134387.81457,93.02074625760496
920187.BJ,20260603,21.64,21.85,21.12,21.13,21.62,-0.49,-2.2664,4455.15,9549.75341,21.435312862642114
920188.BJ,20260603,26.08,26.36,25.87,26.24,26.0,0.24,0.9231,10147.55,26436.19889,26.051804514390177
920190.BJ,20260603,33.5,36.48,32.1,35.26,37.29,-2.03,-5.4438,223294.58,763260.63751,34.181780744969274
920191.BJ,20260603,11.21,11.25,10.77,10.87,11.19,-0.32,-2.8597,22136.83,24349.19407,10.99940419201846
920195.BJ,20260603,14.24,14.98,14.21,14.4,14.2,0.2,1.4085,15245.84,22300.67423,14.62738309597897
920198.BJ,20260603,8.45,8.55,8.29,8.33,8.37,-0.04,-0.4779,22461.64,18961.76634,8.441844112896476
920199.BJ,20260603,25.76,26.44,25.49,25.9,26.01,-0.11,-0.4229,10426.45,27096.09525,25.98784365723712
920200.BJ,20260603,49.53,49.9,46.3,46.38,51.0,-4.62,-9.0588,40657.44,194848.22369,47.92437096137878
920204.BJ,20260603,15.37,15.6,14.92,15.15,15.3,-0.15,-0.9804,11558.77,17565.31395,15.196525192559417
920207.BJ,20260603,25.95,26.17,25.05,25.43,25.96,-0.53,-2.0416,22386.06,57481.84284,25.67751665098726
920208.BJ,20260603,21.2,21.56,20.82,20.96,21.3,-0.34,-1.5962,8856.81,18835.21943,21.266369528080652
920212.BJ,20260603,11.75,11.79,11.05,11.38,11.85,-0.47,-3.9662,18367.87,21087.71935,11.480764699445281
920218.BJ,20260603,28.88,31.16,28.32,28.4,29.75,-1.35,-4.5378,80435.82,235928.94233,29.331328048871757
920220.BJ,20260603,73.9,73.98,69.7,69.8,73.79,-3.99,-5.4072,21849.5,156759.83378,71.745272788851
920221.BJ,20260603,15.31,15.49,14.81,15.02,15.39,-0.37,-2.4042,8784.58,13374.66193,15.22515809520774
920223.BJ,20260603,16.5,17.0,16.18,16.31,17.16,-0.85,-4.9534,54819.14,90381.06664,16.487136908751214
920225.BJ,20260603,24.37,25.3,23.67,24.17,24.98,-0.81,-3.2426,59641.24,144842.39284,24.285610567452988
920227.BJ,20260603,66.18,68.15,64.4,65.82,68.03,-2.21,-3.2486,13251.17,87790.79947,66.25135702734173
920230.BJ,20260603,10.71,10.84,10.5,10.6,10.7,-0.1,-0.9346,8388.01,8956.58218,10.677839177588009
920237.BJ,20260603,17.82,17.82,16.71,17.0,18.18,-1.18,-6.4906,35847.76,61781.00065,17.234270886102784
920239.BJ,20260603,27.5,27.76,27.07,27.26,27.5,-0.24,-0.8727,10953.99,30009.69162,27.396128369662563
920242.BJ,20260603,24.02,24.02,23.26,23.33,23.94,-0.61,-2.548,2084.09,4938.27179,23.6950985322131
920245.BJ,20260603,21.85,21.92,21.1,21.26,21.87,-0.61,-2.7892,3287.43,7087.69036,21.559973474720376
920247.BJ,20260603,17.42,17.65,17.01,17.07,17.44,-0.37,-2.1216,18387.61,31848.27635,17.320508945969596
920249.BJ,20260603,9.5,9.97,9.34,9.56,9.49,0.07,0.7376,117648.09,114007.39088,9.690543287188088
920252.BJ,20260603,21.46,21.46,20.16,20.4,21.32,-0.92,-4.3152,25928.68,53847.44385,20.76752223792341
920260.BJ,20260603,8.55,8.59,8.3,8.3,8.5,-0.2,-2.3529,5767.82,4871.15975,8.44540875061982
920261.BJ,20260603,14.35,14.45,14.19,14.34,14.34,0.0,0.0,12083.28,17282.8826,14.303138386265982
920262.BJ,20260603,14.76,14.8,14.39,14.47,14.77,-0.3,-2.0311,4784.14,6958.41474,14.54475567186579
920263.BJ,20260603,8.59,8.59,8.08,8.2,8.55,-0.35,-4.0936,10446.24,8637.41694,8.268445813996232
920266.BJ,20260603,7.37,7.43,7.11,7.13,7.26,-0.13,-1.7906,5097.34,3702.84226,7.264263831723997
920267.BJ,20260603,16.91,16.94,16.1,16.38,16.94,-0.56,-3.3058,5355.57,8862.61365,16.548404091441245
920270.BJ,20260603,16.0,16.98,15.64,15.81,16.4,-0.59,-3.5976,36844.98,60210.38968,16.341544948592723
920271.BJ,20260603,11.24,11.33,10.72,10.93,11.22,-0.29,-2.5847,9309.11,10250.74648,11.011521488090697
920273.BJ,20260603,22.2,25.38,21.5,24.9,22.86,2.04,8.9239,87695.89,207614.94464,23.674421302982385
920274.BJ,20260603,19.95,20.2,19.57,19.67,19.98,-0.31,-1.5516,10413.51,20675.43891,19.854438042504402
920275.BJ,20260603,6.45,6.45,6.12,6.33,6.35,-0.02,-0.315,9427.91,5946.30871,6.307133511032669
920278.BJ,20260603,6.81,6.84,6.54,6.65,6.85,-0.2,-2.9197,13878.78,9241.10769,6.658443818548893
920284.BJ,20260603,28.75,28.88,28.05,28.25,28.6,-0.35,-1.2238,18732.94,53344.29323,28.47619926717323
920299.BJ,20260603,23.19,25.0,22.8,24.99,23.24,1.75,7.5301,72385.0,174171.39221,24.061807309525452
920300.BJ,20260603,10.58,10.69,10.27,10.32,10.57,-0.25,-2.3652,13910.34,14621.24639,10.511063273794889
920304.BJ,20260603,9.98,10.04,9.66,9.8,9.98,-0.18,-1.8036,8174.22,8037.0479,9.832189370973621
920339.BJ,20260603,10.01,10.8,9.95,10.06,10.2,-0.14,-1.3725,44322.69,45971.8703,10.372084884739623
920344.BJ,20260603,19.8,19.81,19.1,19.11,19.62,-0.51,-2.5994,5090.77,9875.59948,19.399028987756274
920346.BJ,20260603,18.89,18.99,17.92,18.03,18.99,-0.96,-5.0553,8580.17,15899.59111,18.530624812795086
920351.BJ,20260603,14.08,14.18,13.71,13.87,14.08,-0.21,-1.4915,11543.47,16094.64152,13.942637283243254
920357.BJ,20260603,18.8,19.55,18.6,18.97,19.14,-0.17,-0.8882,31421.9,59732.80874,19.009928979469734
920363.BJ,20260603,12.38,15.25,12.02,14.05,12.43,1.62,13.033,83771.5,115799.60024,13.823269278931377
920367.BJ,20260603,16.63,16.64,16.06,16.25,16.56,-0.31,-1.872,5680.8,9266.89968,16.312666666666665
920368.BJ,20260603,32.11,34.53,31.82,33.73,31.83,1.9,5.9692,89095.8,298088.56372,33.45708369193609
920370.BJ,20260603,3.1,3.1,2.95,3.01,3.09,-0.08,-2.589,22358.77,6755.18263,3.021267551837601
920371.BJ,20260603,9.02,9.9,8.96,9.84,9.22,0.62,6.7245,84239.96,80074.89142,9.50557092144868
920374.BJ,20260603,18.8,18.86,18.15,18.49,18.8,-0.31,-1.6489,8688.62,16111.80876,18.5435762641248
920375.BJ,20260603,9.57,9.77,9.21,9.45,9.79,-0.34,-3.4729,58918.37,55691.6026,9.452332540767845
920378.BJ,20260603,8.06,8.06,7.83,7.85,8.02,-0.17,-2.1197,13987.81,11079.22077,7.92062572339773
920392.BJ,20260603,16.43,16.78,16.3,16.51,16.43,0.08,0.4869,5258.48,8697.6947,16.54032096727572
920394.BJ,20260603,45.89,46.15,45.0,45.26,45.99,-0.73,-1.5873,14036.32,63578.87398,45.29597072452039
920395.BJ,20260603,8.49,8.58,8.2,8.2,8.72,-0.52,-5.9633,11035.8,9253.43817,8.384927390855218
920396.BJ,20260603,24.67,25.96,24.52,25.0,24.71,0.29,1.1736,15988.49,40169.38179,25.123937151038028
920402.BJ,20260603,10.37,10.76,10.15,10.51,10.37,0.14,1.35,106899.73,112288.61639,10.504106641803492
920403.BJ,20260603,20.8,21.45,20.34,20.73,20.27,0.46,2.2694,14631.4,30358.43125,20.74882188307339
920405.BJ,20260603,13.15,13.66,12.93,12.96,13.03,-0.07,-0.5372,15878.12,21067.86475,13.268488177441661
920407.BJ,20260603,15.82,15.94,15.14,15.26,15.9,-0.64,-4.0252,6290.24,9751.95091,15.503304977234574
920414.BJ,20260603,10.0,10.13,9.83,10.05,9.99,0.06,0.6006,12626.22,12627.92029,10.001346634226238
920415.BJ,20260603,10.97,10.97,10.59,10.63,10.97,-0.34,-3.0994,15935.75,17167.76003,10.773110791773215
920418.BJ,20260603,21.66,22.07,21.43,21.88,21.59,0.29,1.3432,20110.45,43851.2749,21.80521813286127
920419.BJ,20260603,11.35,11.45,11.0,11.06,11.36,-0.3,-2.6408,7135.88,7976.62471,11.178193453365246
920422.BJ,20260603,10.36,10.4,10.07,10.25,10.29,-0.04,-0.3887,10109.04,10327.16195,10.215769202614688
920425.BJ,20260603,24.16,24.63,23.56,23.75,24.12,-0.37,-1.534,18449.88,44540.94771,24.14159209165588
920427.BJ,20260603,15.03,15.24,14.51,14.78,15.42,-0.64,-4.1505,73591.73,109077.19289,14.821936227073342
920429.BJ,20260603,11.79,11.92,11.49,11.49,11.8,-0.31,-2.6271,20878.42,24257.27002,11.618345650676634
920433.BJ,20260603,4.82,4.84,4.69,4.71,4.81,-0.1,-2.079,9196.61,4369.15568,4.7508328394919435
920436.BJ,20260603,13.01,13.02,12.51,12.62,12.78,-0.16,-1.252,9053.43,11486.66519,12.687639038463875
920438.BJ,20260603,70.2,73.6,68.85,71.39,68.99,2.4,3.4788,101390.18,724551.679,71.4617213422444
920445.BJ,20260603,7.92,7.99,7.74,7.78,7.91,-0.13,-1.6435,10090.81,7928.6676,7.857315319582868
920454.BJ,20260603,13.14,13.2,12.8,12.91,13.2,-0.29,-2.197,6885.83,8940.89252,12.984480476572903
920455.BJ,20260603,6.98,7.02,6.7,6.75,6.97,-0.22,-3.1564,8456.5,5787.2645,6.843569443623249
920469.BJ,20260603,6.79,6.9,6.61,6.67,6.78,-0.11,-1.6224,31074.26,20881.25055,6.719790125332028
920471.BJ,20260603,12.15,12.54,11.98,12.25,12.04,0.21,1.7442,19971.59,24538.10673,12.28650634726629
920475.BJ,20260603,13.53,13.73,12.92,13.17,13.53,-0.36,-2.6608,8598.99,11519.17996,13.395968549794802
920476.BJ,20260603,19.6,20.43,19.42,19.91,19.7,0.21,1.066,23565.56,46792.85572,19.856458204260793
920478.BJ,20260603,9.89,9.9,9.61,9.67,9.89,-0.22,-2.2245,6136.25,6007.61648,9.790371122428192
920489.BJ,20260603,15.75,16.38,15.68,15.84,15.8,0.04,0.2532,31832.28,51117.72849,16.05845653845719
920491.BJ,20260603,27.15,27.97,26.56,27.1,27.36,-0.26,-0.9503,52306.75,142819.00364,27.30412492460342
920493.BJ,20260603,141.0,143.15,139.81,140.74,141.18,-0.44,-0.3117,11823.14,167371.52384,141.56266765004898
920496.BJ,20260603,8.22,8.22,7.98,8.03,8.25,-0.22,-2.6667,24042.71,19461.16781,8.094415234389135
920504.BJ,20260603,18.78,18.95,18.15,18.26,18.87,-0.61,-3.2326,1291.37,2386.37493,18.479405050450296
920505.BJ,20260603,34.0,35.4,33.82,34.7,34.16,0.54,1.5808,9398.16,32552.92833,34.637554936285404
920508.BJ,20260603,16.9,16.99,16.39,16.49,17.07,-0.58,-3.3978,6071.41,10169.48524,16.749791629950867
920509.BJ,20260603,31.6,32.65,31.38,31.87,31.37,0.5,1.5939,25380.1,81392.70037,32.06949553784264
920510.BJ,20260603,15.69,16.59,15.51,16.08,15.8,0.28,1.7722,31918.22,51662.59242,16.185925286560465
920519.BJ,20260603,10.97,10.97,10.62,10.63,10.97,-0.34,-3.0994,6064.92,6535.07711,10.77520743884503
920522.BJ,20260603,32.0,32.63,31.31,31.7,31.89,-0.19,-0.5958,46800.34,149414.62841,31.925970710896546
920523.BJ,20260603,19.18,19.36,18.8,18.82,19.23,-0.41,-2.1321,8128.06,15526.93092,19.1028743882304
920526.BJ,20260603,26.81,29.93,26.63,28.67,27.2,1.47,5.4044,62369.92,178397.82944,28.60318394508122
920527.BJ,20260603,15.62,15.7,14.85,14.92,15.68,-0.76,-4.8469,7349.78,11206.74683,15.247730993308643
920533.BJ,20260603,22.9,23.44,22.62,22.8,23.02,-0.22,-0.9557,17885.85,41153.39158,23.008910160825458
920541.BJ,20260603,10.84,10.86,10.43,10.53,10.76,-0.23,-2.1375,8597.64,9141.02357,10.632014797083851
920547.BJ,20260603,20.52,20.58,20.0,20.37,20.52,-0.15,-0.731,3456.34,6994.01872,20.235331940723423
920553.BJ,20260603,7.72,7.74,7.42,7.46,7.76,-0.3,-3.866,11393.55,8610.55435,7.557393744706435
920556.BJ,20260603,8.52,8.61,8.34,8.37,8.82,-0.45,-5.102,50546.97,42904.8028,8.488105775677553
920564.BJ,20260603,22.86,23.26,22.43,22.71,23.09,-0.38,-1.6457,8825.75,20179.45078,22.86429003767385
920566.BJ,20260603,9.99,10.01,9.8,9.87,9.98,-0.11,-1.1022,6565.21,6509.78353,9.915575480449215
920570.BJ,20260603,27.42,27.58,26.32,26.88,27.25,-0.37,-1.3578,5202.14,14056.12921,27.019897984291074
920571.BJ,20260603,9.78,9.89,9.74,9.83,9.83,0.0,0.0,94628.21,92770.84131,9.803719346482406
920575.BJ,20260603,4.19,4.83,4.08,4.47,4.1,0.37,9.0244,134581.37,60529.49835,4.497613477259149
920576.BJ,20260603,56.08,60.61,55.57,57.68,56.17,1.51,2.6883,30600.94,177337.43556,57.95163010025183
920578.BJ,20260603,16.86,17.08,16.27,16.61,16.98,-0.37,-2.179,6705.36,11198.70011,16.701116882613313
920579.BJ,20260603,17.22,17.3,16.68,16.79,17.23,-0.44,-2.5537,13045.3,22181.54951,17.003479804987236
920580.BJ,20260603,13.42,15.5,13.42,14.14,13.19,0.95,7.2024,96974.84,139090.98146,14.342996746372565
920592.BJ,20260603,28.05,29.13,27.69,28.15,28.16,-0.01,-0.0355,17295.6,48928.3979,28.28950594370823
920593.BJ,20260603,27.88,29.2,27.81,28.34,28.18,0.16,0.5678,33667.08,96598.84821,28.6923749282682
920599.BJ,20260603,16.93,17.05,16.63,16.72,16.9,-0.18,-1.0651,31472.14,52971.01277,16.83108068596543
920608.BJ,20260603,14.87,14.99,14.45,14.46,14.83,-0.37,-2.4949,1686.81,2485.10123,14.732549783318811
920627.BJ,20260603,18.04,18.29,17.64,17.9,18.13,-0.23,-1.2686,9192.84,16538.83448,17.99099568794845
920634.BJ,20260603,17.48,17.8,17.16,17.23,17.66,-0.43,-2.4349,7973.0,13869.01374,17.3949752163552
920639.BJ,20260603,7.37,7.46,7.21,7.33,7.37,-0.04,-0.5427,18290.17,13465.26107,7.362020730261119
920640.BJ,20260603,31.8,34.4,31.73,33.12,31.51,1.61,5.1095,78385.97,260145.18796,33.18772325710838
920641.BJ,20260603,16.1,17.14,15.72,16.37,16.2,0.17,1.0494,36350.02,59645.86204,16.408756319803953
920642.BJ,20260603,11.24,11.33,11.06,11.2,11.2,0.0,0.0,11646.97,13041.52614,11.19735531215415
920651.BJ,20260603,23.3,23.49,22.63,22.78,23.47,-0.69,-2.9399,4116.53,9510.8218,23.10397786485219
920656.BJ,20260603,14.41,14.42,14.1,14.25,14.38,-0.13,-0.904,2789.76,3981.38483,14.27142417268869
920662.BJ,20260603,21.32,21.78,20.56,20.78,20.99,-0.21,-1.0005,15006.27,31803.47991,21.193461073271372
920663.BJ,20260603,15.2,15.21,14.53,14.61,15.11,-0.5,-3.3091,12375.36,18385.81439,14.856791551922528
920665.BJ,20260603,13.65,13.67,13.07,13.41,13.65,-0.24,-1.7582,49361.93,65991.89649,13.368986279507304
920670.BJ,20260603,14.9,14.9,14.24,14.4,14.69,-0.29,-1.9741,18099.41,26206.35441,14.479120816645406
920675.BJ,20260603,8.33,8.42,8.01,8.24,8.34,-0.1,-1.199,14195.1,11749.67598,8.277275947333939
920679.BJ,20260603,16.65,16.68,16.05,16.2,16.48,-0.28,-1.699,2403.9,3956.50058,16.458673738508256
920682.BJ,20260603,6.57,6.84,6.53,6.67,6.58,0.09,1.3678,41604.28,27919.64182,6.710761926417186
920685.BJ,20260603,11.62,11.62,11.26,11.33,11.6,-0.27,-2.3276,3427.87,3920.07767,11.435899465265603
920689.BJ,20260603,24.96,25.24,24.43,24.6,24.92,-0.32,-1.2841,6402.97,15903.734,24.83805796372621
920690.BJ,20260603,18.68,18.96,18.12,18.3,18.77,-0.47,-2.504,10087.16,18766.33723,18.604183169494686
920693.BJ,20260603,27.8,28.49,27.3,27.7,27.83,-0.13,-0.4671,6560.17,18280.88837,27.86648573131489
920694.BJ,20260603,15.68,16.2,15.56,15.63,15.55,0.08,0.5145,9853.99,15627.86357,15.859427064569784
920699.BJ,20260603,68.57,68.57,61.58,62.0,68.61,-6.61,-9.6342,13421.66,86893.97504,64.74160054717524
920701.BJ,20260603,13.79,14.04,13.23,13.51,13.86,-0.35,-2.5253,12615.06,17237.97173,13.664597496959985
920703.BJ,20260603,10.44,10.52,10.12,10.25,10.46,-0.21,-2.0076,7555.5,7814.70641,10.34306982992522
920706.BJ,20260603,19.0,19.38,18.74,18.89,19.12,-0.23,-1.2029,11701.0,22334.56809,19.087743004871378
920717.BJ,20260603,8.03,8.04,7.73,7.79,8.07,-0.28,-3.4696,8018.84,6317.98983,7.878932401694011
920718.BJ,20260603,11.13,11.21,10.77,10.96,11.18,-0.22,-1.9678,12070.65,13235.4622,10.964995422781707
920719.BJ,20260603,10.53,10.94,10.36,10.53,10.63,-0.1,-0.9407,31538.52,33289.29267,10.555122012700659
920720.BJ,20260603,10.85,10.89,10.6,10.67,10.85,-0.18,-1.659,11002.85,11836.75388,10.757898071863199
920725.BJ,20260603,82.32,99.9,76.0,94.5,80.6,13.9,17.2457,108388.32,984013.22762,90.7859101072883
920726.BJ,20260603,18.36,19.46,18.08,19.08,18.58,0.5,2.6911,52070.6,97549.03284,18.73399439222901
920729.BJ,20260603,7.35,7.41,7.2,7.24,7.39,-0.15,-2.0298,4907.59,3577.97327,7.290693130436732
920735.BJ,20260603,25.16,25.16,24.56,24.73,24.98,-0.25,-1.0008,14069.11,34906.55263,24.810775258705064
920748.BJ,20260603,28.18,28.26,25.86,27.21,28.03,-0.82,-2.9254,7221.29,19904.17256,27.563181315249764
920751.BJ,20260603,22.07,23.64,22.05,23.06,22.02,1.04,4.723,13748.16,31688.04569,23.04893577758769
920753.BJ,20260603,16.36,16.48,15.82,15.88,16.43,-0.55,-3.3475,4247.8,6872.57299,16.179135058147747
920765.BJ,20260603,13.89,13.96,13.3,13.3,13.83,-0.53,-3.8322,13311.1,18124.35573,13.61597142985929
920768.BJ,20260603,8.07,8.07,7.85,7.88,8.07,-0.19,-2.3544,9917.47,7891.38359,7.957053149644013
920770.BJ,20260603,12.44,12.49,11.9,12.06,12.43,-0.37,-2.9767,32913.75,39910.19558,12.125690807033534
920779.BJ,20260603,28.36,28.75,28.01,28.05,28.5,-0.45,-1.5789,3761.8,10641.34055,28.287895555319263
920781.BJ,20260603,6.57,6.57,6.32,6.35,6.47,-0.12,-1.8547,13183.79,8476.22678,6.4292792740175635
920786.BJ,20260603,7.7,7.88,7.63,7.82,7.81,0.01,0.128,65836.88,51057.81017,7.755198935611771
920790.BJ,20260603,19.56,20.3,19.11,19.41,19.66,-0.25,-1.2716,12356.72,24335.73969,19.694336110229898
920792.BJ,20260603,10.46,10.7,10.39,10.49,10.51,-0.02,-0.1903,8309.79,8770.26481,10.5541353150922
920799.BJ,20260603,30.62,31.54,30.01,30.16,30.83,-0.67,-2.1732,26556.71,81399.76495,30.651298654840904
920802.BJ,20260603,12.32,12.4,11.91,12.0,12.4,-0.4,-3.2258,4041.2,4917.58797,12.168633005048004
920806.BJ,20260603,10.77,10.82,10.41,10.52,10.78,-0.26,-2.4119,14955.2,15933.45541,10.654123923451376
920807.BJ,20260603,13.35,14.2,13.2,13.87,13.9,-0.03,-0.2158,144574.47,199002.2908,13.764691013565534
920808.BJ,20260603,74.5,78.3,74.28,75.42,74.95,0.47,0.6271,23200.19,177622.80793,76.56092813464029
920809.BJ,20260603,8.15,8.22,7.77,7.85,8.14,-0.29,-3.5627,196852.69,157394.76387,7.995560734780916
920810.BJ,20260603,9.72,9.83,9.35,9.37,9.77,-0.4,-4.0942,4938.07,4721.12654,9.560671557916352
920819.BJ,20260603,3.04,3.08,3.01,3.02,3.04,-0.02,-0.6579,37683.24,11445.94286,3.0374094318853686
920821.BJ,20260603,22.78,24.1,22.41,22.79,22.92,-0.13,-0.5672,36880.56,86298.12203,23.399352404084972
920826.BJ,20260603,10.56,10.94,10.38,10.82,10.69,0.13,1.2161,59421.94,63367.76807,10.664035551515148
920832.BJ,20260603,7.28,7.37,7.06,7.18,7.21,-0.03,-0.4161,24421.57,17604.08235,7.208415490895959
920833.BJ,20260603,14.18,14.25,14.03,14.15,14.15,0.0,0.0,4997.35,7061.53825,14.130565699820902
920834.BJ,20260603,10.9,10.9,10.42,10.54,10.77,-0.23,-2.1356,7017.41,7423.43476,10.5785963197248
920837.BJ,20260603,11.42,11.49,11.13,11.32,11.39,-0.07,-0.6146,6021.95,6797.16817,11.287320834613372
920839.BJ,20260603,27.78,28.35,27.24,27.5,27.99,-0.49,-1.7506,5760.01,16032.10733,27.833471348140023
920855.BJ,20260603,13.99,14.07,13.78,13.97,14.05,-0.08,-0.5694,2431.62,3389.22393,13.93813149258519
920856.BJ,20260603,10.75,10.75,10.15,10.28,10.8,-0.52,-4.8148,12253.84,12839.54315,10.477975189818046
920857.BJ,20260603,19.0,19.44,18.02,18.23,20.15,-1.92,-9.5285,46599.93,86246.16515,18.507788563201704
920866.BJ,20260603,6.82,6.85,6.62,6.69,6.81,-0.12,-1.7621,6881.26,4619.95451,6.7138205939028595
920870.BJ,20260603,14.08,14.25,13.86,14.03,13.94,0.09,0.6456,8323.86,11719.16945,14.079008356699896
920871.BJ,20260603,12.81,12.86,12.46,12.71,12.81,-0.1,-0.7806,4081.52,5175.87955,12.681254900135244
920873.BJ,20260603,8.35,8.65,8.21,8.37,8.35,0.02,0.2395,31207.27,26274.3773,8.419312967779623
920876.BJ,20260603,24.99,24.99,22.73,23.41,26.3,-2.89,-10.9886,68584.84,161647.62848,23.56900278253912
920879.BJ,20260603,16.86,17.6,16.86,17.25,16.82,0.43,2.5565,16231.41,28006.3774,17.254432855802424
920885.BJ,20260603,15.2,15.31,14.68,14.87,15.08,-0.21,-1.3926,23090.86,34695.80735,15.025775285112813
920892.BJ,20260603,13.55,13.65,13.15,13.29,13.51,-0.22,-1.6284,11986.25,16009.59443,13.356633167170715
920895.BJ,20260603,14.45,14.65,13.67,13.86,14.32,-0.46,-3.2123,6850.61,9744.63424,14.224476710833049
920896.BJ,20260603,15.33,15.34,14.85,14.88,15.22,-0.34,-2.2339,3288.03,4960.58112,15.086787894271037
920906.BJ,20260603,20.98,21.27,20.45,20.62,21.07,-0.45,-2.1357,4647.69,9676.87217,20.820821031523188
920914.BJ,20260603,21.76,22.57,21.5,21.66,21.83,-0.17,-0.7787,20511.07,45106.60131,21.991344825014004
920924.BJ,20260603,17.94,18.08,17.45,17.56,17.91,-0.35,-1.9542,11402.65,20259.49279,17.767354772794043
920925.BJ,20260603,12.96,13.37,12.73,12.8,13.02,-0.22,-1.6897,14785.27,19150.2983,12.95228176421533
920926.BJ,20260603,12.47,12.59,12.03,12.05,12.45,-0.4,-3.2129,5071.69,6211.19499,12.246795427165305
920931.BJ,20260603,10.7,10.7,10.23,10.4,10.65,-0.25,-2.3474,3125.55,3281.66001,10.499464126313768
920932.BJ,20260603,17.25,18.29,16.6,17.78,17.8,-0.02,-0.1124,85098.58,149533.62248,17.5718117129569
920942.BJ,20260603,22.65,22.86,21.5,21.69,22.86,-1.17,-5.1181,12866.38,28586.20867,22.21775563134308
920943.BJ,20260603,15.57,15.58,14.78,15.0,15.4,-0.4,-2.5974,6567.09,9918.03638,15.102635078855322
920946.BJ,20260603,9.52,9.57,9.25,9.29,9.5,-0.21,-2.2105,16281.39,15305.04645,9.400331574883964
920950.BJ,20260603,14.35,14.47,13.66,13.76,14.31,-0.55,-3.8435,3060.94,4277.78202,13.9753867112717
920953.BJ,20260603,27.14,27.63,26.5,26.8,27.58,-0.78,-2.8281,17513.39,47340.28461,27.030908699001166
920957.BJ,20260603,10.59,10.59,10.26,10.33,10.59,-0.26,-2.4551,2991.03,3117.08998,10.421460099029431
920961.BJ,20260603,17.32,18.2,17.31,17.8,17.36,0.44,2.5346,26016.49,46575.67565,17.902367171743766
920964.BJ,20260603,5.09,5.15,4.96,5.0,5.1,-0.1,-1.9608,13683.83,6924.29166,5.0602000024846845
920970.BJ,20260603,6.28,6.33,6.13,6.15,6.31,-0.16,-2.5357,9996.97,6203.63133,6.2055116000148045
920971.BJ,20260603,41.5,43.2,39.09,40.48,43.49,-3.01,-6.9211,123069.16,508663.06714,41.331481188300955
920974.BJ,20260603,7.6,7.85,7.41,7.68,7.6,0.08,1.0526,34972.87,26767.86397,7.653893995545689
920976.BJ,20260603,22.98,23.46,22.08,22.28,22.99,-0.71,-3.0883,8017.05,18185.93706,22.684075888263138
920978.BJ,20260603,23.13,23.48,22.82,22.92,23.2,-0.28,-1.2069,14000.41,32511.94273,23.22213615886963
920981.BJ,20260603,36.64,46.05,36.63,43.87,35.47,8.4,23.682,118120.37,507748.19652,42.9856591644608
920982.BJ,20260603,158.17,159.0,154.02,156.09,158.18,-2.09,-1.3213,7887.86,123066.20767,156.0197666667512
920985.BJ,20260603,5.6,5.65,5.47,5.53,5.58,-0.05,-0.8961,17189.52,9556.67392,5.559593240532603
920992.BJ,20260603,13.33,13.45,12.9,12.96,13.28,-0.32,-2.4096,5642.02,7386.79564,13.092466244359288
