ts_code,trade_date,open,high,low,close,pre_close,change,pct_chg,vol,amount,vwap
000001.SZ,20260605,10.83,11.03,10.83,10.98,10.82,0.16,1.4787,1003503.34,1102446.143,10.985973828447847
000002.SZ,20260605,3.25,3.37,3.23,3.25,3.21,0.04,1.2461,1644370.75,540009.021,3.283985810377617
000006.SZ,20260605,8.41,8.69,8.21,8.51,8.4,0.11,1.3095,347372.09,294982.91,8.491842565705262
000007.SZ,20260605,12.43,12.55,12.13,12.31,12.45,-0.14,-1.1245,84727.01,104520.989,12.336206482442849
000008.SZ,20260605,2.57,2.6,2.56,2.59,2.57,0.02,0.7782,213548.0,55119.84,2.581145222619739
000009.SZ,20260605,7.15,7.34,7.02,7.19,7.09,0.1,1.4104,256012.25,183708.863,7.175784088456705
000010.SZ,20260605,2.1,2.26,2.1,2.26,2.15,0.11,5.1163,227961.0,50637.368,2.2213171551274122
000011.SZ,20260605,7.19,7.6,7.19,7.58,7.22,0.36,4.9861,63617.94,47083.921,7.401044579563564
000012.SZ,20260605,4.16,4.54,4.07,4.38,4.2,0.18,4.2857,1282677.42,558342.853,4.352948327413451
000014.SZ,20260605,10.46,10.8,10.4,10.67,10.47,0.2,1.9102,56923.42,60470.828,10.623189541317089
000016.SZ,20260605,3.2,3.24,3.17,3.18,3.21,-0.03,-0.9346,206801.4,66173.621,3.1998632987977835
000017.SZ,20260605,5.24,5.41,5.21,5.32,5.25,0.07,1.3333,92130.91,49089.439,5.328226867616959
000019.SZ,20260605,6.37,6.46,6.36,6.42,6.38,0.04,0.627,80899.83,51929.884,6.419034996736087
000020.SZ,20260605,12.38,12.61,12.0,12.46,12.35,0.11,0.8907,39953.0,49295.703,12.338423397492054
000021.SZ,20260605,38.68,39.3,37.68,38.13,39.68,-1.55,-3.9063,1362653.39,5246077.065,38.498983699736
000025.SZ,20260605,14.95,15.75,14.95,15.28,15.24,0.04,0.2625,83370.64,128542.979,15.41825503558567
000026.SZ,20260605,21.36,23.25,21.01,22.56,21.56,1.0,4.6382,199884.01,443437.634,22.1847477444544
000027.SZ,20260605,7.77,7.93,7.25,7.29,7.79,-0.5,-6.4185,942947.33,706929.206,7.49701689064648
000028.SZ,20260605,22.64,22.92,22.64,22.79,22.7,0.09,0.3965,17190.5,39225.318,22.81802041825427
000029.SZ,20260605,23.3,23.58,22.91,23.09,23.44,-0.35,-1.4932,50542.0,117332.488,23.214848640734438
000030.SZ,20260605,4.5,4.58,4.49,4.52,4.51,0.01,0.2217,74094.0,33541.291,4.526856560585203
000031.SZ,20260605,2.53,2.82,2.53,2.65,2.56,0.09,3.5156,1087541.79,292050.67,2.6854202080823026
000032.SZ,20260605,16.46,16.48,15.9,15.9,16.36,-0.46,-2.8117,229121.6,368680.854,16.091056190250068
000034.SZ,20260605,24.7,25.29,23.99,24.44,24.9,-0.46,-1.8474,370715.59,910994.693,24.573951502821878
000035.SZ,20260605,5.69,5.71,5.48,5.51,5.69,-0.18,-3.1634,426149.13,236246.389,5.543749180011232
000036.SZ,20260605,5.1,5.19,5.03,5.11,5.11,0.0,0.0,243105.3,124208.985,5.109266848563154
000037.SZ,20260605,11.41,11.81,10.85,10.95,11.46,-0.51,-4.4503,433038.0,483314.828,11.161025776028893
000039.SZ,20260605,10.12,10.23,9.77,9.87,10.09,-0.22,-2.1804,331634.01,331583.872,9.998488152647552
000042.SZ,20260605,9.98,10.14,9.87,9.97,9.99,-0.02,-0.2002,54307.0,54369.237,10.011460216914948
000045.SZ,20260605,11.2,11.79,11.18,11.54,11.3,0.24,2.1239,89977.45,103817.105,11.538124830165781
000048.SZ,20260605,14.43,14.66,13.87,14.1,14.57,-0.47,-3.2258,174912.35,247306.146,14.138861321113117
000049.SZ,20260605,24.65,24.89,23.93,24.46,24.61,-0.15,-0.6095,82444.72,200945.673,24.373382916456023
000050.SZ,20260605,8.13,9.06,8.06,8.61,8.24,0.37,4.4903,1088008.83,945207.501,8.687498436938236
000055.SZ,20260605,3.71,3.89,3.6,3.67,3.72,-0.05,-1.3441,591141.82,219948.734,3.7207439324796887
000056.SZ,20260605,1.79,1.84,1.76,1.84,1.75,0.09,5.1429,539620.92,98099.697,1.8179372475033027
000058.SZ,20260605,7.0,7.18,6.99,7.07,7.0,0.07,1.0,89955.4,63792.685,7.091590388125671
000059.SZ,20260605,4.61,4.73,4.58,4.63,4.6,0.03,0.6522,244759.99,114087.322,4.661191643291046
000060.SZ,20260605,7.7,7.75,7.38,7.45,7.8,-0.35,-4.4872,2718312.85,2048021.699,7.534164800052356
000061.SZ,20260605,6.23,6.32,6.18,6.21,6.22,-0.01,-0.1608,138557.0,86556.339,6.2469842014477805
000062.SZ,20260605,32.47,34.84,32.12,33.66,32.77,0.89,2.7159,800150.51,2691001.813,33.63119537348042
000063.SZ,20260605,37.58,41.3,37.05,39.13,37.74,1.39,3.6831,4637053.94,18325624.374,39.519972402995165
000065.SZ,20260605,12.71,12.98,12.24,12.4,12.63,-0.23,-1.8211,273555.98,342726.446,12.528567132767488
000066.SZ,20260605,17.74,17.74,16.98,17.05,17.95,-0.9,-5.0139,1707095.15,2950709.871,17.284976007342063
000068.SZ,20260605,3.25,3.56,3.24,3.56,3.24,0.32,9.8765,909668.42,318261.178,3.4986503983506427
000069.SZ,20260605,1.9,1.99,1.9,1.93,1.91,0.02,1.0471,585030.71,113979.528,1.9482657243753922
000070.SZ,20260605,18.54,20.38,18.54,19.92,18.53,1.39,7.5013,1786816.47,3600229.53,20.148849030924815
000078.SZ,20260605,1.69,1.77,1.64,1.77,1.69,0.08,4.7337,1385367.99,241883.94,1.7459905364205794
000088.SZ,20260605,4.39,4.43,4.38,4.39,4.4,-0.01,-0.2273,163984.49,72217.411,4.4039171631414655
000089.SZ,20260605,6.53,6.65,6.53,6.58,6.53,0.05,0.7657,76278.0,50230.121,6.5851387031647395
000090.SZ,20260605,3.61,3.83,3.49,3.51,3.52,-0.01,-0.2841,729019.34,262490.402,3.600595863478739
000096.SZ,20260605,8.01,8.18,7.94,8.1,8.05,0.05,0.6211,56668.0,45812.317,8.084336309733889
000099.SZ,20260605,15.15,15.47,14.81,15.2,15.0,0.2,1.3333,96182.05,145330.402,15.1099297634018
000100.SZ,20260605,4.89,5.15,4.82,4.89,4.92,-0.03,-0.6098,18851178.6,9394537.92,4.983528149269139
000151.SZ,20260605,14.1,14.25,13.67,13.91,14.23,-0.32,-2.2488,182892.12,255006.811,13.943017938662422
000153.SZ,20260605,5.51,5.73,5.51,5.6,5.49,0.11,2.0036,63619.6,35637.869,5.601712208187414
000155.SZ,20260605,13.6,13.82,13.24,13.37,13.6,-0.23,-1.6912,405830.22,547720.722,13.496302025019231
000156.SZ,20260605,6.67,6.79,6.66,6.7,6.68,0.02,0.2994,84423.0,56842.935,6.733110052947656
000157.SZ,20260605,7.37,7.59,7.36,7.52,7.39,0.13,1.7591,1060948.34,796463.966,7.50709469982299
000158.SZ,20260605,14.52,14.95,14.36,14.55,14.51,0.04,0.2757,225738.71,329059.701,14.57701698569997
000159.SZ,20260605,6.88,7.07,6.83,7.0,6.88,0.12,1.7442,377307.57,263157.565,6.974616623779904
000166.SZ,20260605,4.31,4.4,4.31,4.33,4.32,0.01,0.2315,866751.62,377500.349,4.3553463332436575
000301.SZ,20260605,11.7,12.19,11.58,11.85,11.62,0.23,1.9793,156008.89,185557.807,11.894053409392246
000333.SZ,20260605,82.3,83.3,81.6,81.69,82.42,-0.73,-0.8857,209494.37,1725517.859,82.36583441359308
000338.SZ,20260605,34.31,34.38,30.9,31.12,33.74,-2.62,-7.7653,1523091.64,4859841.759,31.907743640428624
000400.SZ,20260605,24.09,24.09,23.01,23.19,24.11,-0.92,-3.8158,315821.41,736217.441,23.311194798351384
000401.SZ,20260605,3.92,4.0,3.92,3.95,3.93,0.02,0.5089,58527.5,23221.157,3.967563453077613
000402.SZ,20260605,2.9,3.07,2.9,2.93,2.89,0.04,1.3841,869538.38,256896.828,2.954404703792373
000403.SZ,20260605,12.85,13.15,12.62,12.73,12.84,-0.11,-0.8567,137504.84,176112.302,12.807716586557971
000404.SZ,20260605,8.04,8.33,7.97,8.22,8.06,0.16,1.9851,181464.54,148776.3,8.198643106802022
000407.SZ,20260605,4.19,4.22,4.13,4.18,4.19,-0.01,-0.2387,160035.2,66895.981,4.180079195077083
000408.SZ,20260605,77.65,78.98,75.82,76.08,77.65,-1.57,-2.0219,95135.03,734129.887,77.16714726426217
000409.SZ,20260605,9.47,9.59,9.35,9.55,9.46,0.09,0.9514,60183.1,57100.016,9.48771598671388
000410.SZ,20260605,5.2,5.38,5.17,5.27,5.24,0.03,0.5725,238327.6,125904.989,5.2828538952265705
000411.SZ,20260605,11.69,11.86,11.36,11.39,11.68,-0.29,-2.4829,135786.49,158067.326,11.640872814372035
000415.SZ,20260605,3.92,4.09,3.84,3.89,3.92,-0.03,-0.7653,735820.0,290467.644,3.947536680166345
000417.SZ,20260605,7.75,7.89,7.46,7.5,7.78,-0.28,-3.599,581172.0,443212.623,7.62618679151783
000419.SZ,20260605,5.03,5.16,5.02,5.11,5.02,0.09,1.7928,70850.0,36172.459,5.1054988002822865
000420.SZ,20260605,4.36,4.58,4.34,4.48,4.38,0.1,2.2831,1125503.85,507025.507,4.504875811841958
000421.SZ,20260605,5.75,5.83,5.7,5.76,5.73,0.03,0.5236,57537.0,33159.821,5.763216886525193
000422.SZ,20260605,13.36,13.48,13.15,13.23,13.31,-0.08,-0.6011,237234.85,316138.837,13.325986338010624
000423.SZ,20260605,48.59,50.22,48.5,49.6,48.6,1.0,2.0576,73744.38,367288.124,49.805574879061965
000425.SZ,20260605,9.5,9.77,9.43,9.52,9.45,0.07,0.7407,1231067.92,1181263.826,9.595439916913763
000426.SZ,20260605,39.68,39.9,37.83,38.08,39.89,-1.81,-4.5375,647721.83,2513085.285,38.798835682286644
000428.SZ,20260605,3.5,3.59,3.49,3.55,3.51,0.04,1.1396,130295.58,46170.928,3.5435528971896053
000429.SZ,20260605,13.74,13.92,13.64,13.78,13.85,-0.07,-0.5054,42837.16,59141.912,13.806216845374434
000430.SZ,20260605,8.3,8.58,8.26,8.35,8.29,0.06,0.7238,234088.96,197458.316,8.4351827612887
000488.SZ,20260605,2.14,2.18,2.13,2.15,2.14,0.01,0.4673,106728.0,22969.372,2.1521411438422904
000498.SZ,20260605,5.13,5.2,5.12,5.16,5.13,0.03,0.5848,71223.9,36804.276,5.167405323213136
000501.SZ,20260605,7.2,7.57,7.2,7.27,7.21,0.06,0.8322,104202.1,77225.584,7.411135092287008
000503.SZ,20260605,7.01,7.16,6.93,7.09,6.99,0.1,1.4306,143068.2,100825.433,7.047368527737121
000504.SZ,20260605,8.81,8.81,8.52,8.52,8.97,-0.45,-5.0167,55017.0,47041.265,8.550314448261446
000505.SZ,20260605,5.79,5.9,5.73,5.76,5.81,-0.05,-0.8606,68739.84,39784.632,5.787710882073627
000506.SZ,20260605,13.95,14.4,13.87,14.2,14.0,0.2,1.4286,312388.2,441276.892,14.12591423107531
000507.SZ,20260605,5.25,5.31,5.09,5.12,5.25,-0.13,-2.4762,225893.0,117314.295,5.193356810525337
000509.SZ,20260605,4.71,5.0,4.37,4.76,4.79,-0.03,-0.6263,1728057.06,815079.741,4.716740898590467
000510.SZ,20260605,18.65,19.14,18.17,18.5,19.23,-0.73,-3.7962,416173.0,779566.882,18.731798602984814
000513.SZ,20260605,30.36,30.97,30.32,30.66,30.35,0.31,1.0214,37281.11,114695.269,30.7649823194642
000514.SZ,20260605,4.35,4.55,4.35,4.39,4.36,0.03,0.6881,112570.19,49878.775,4.430904398402454
000516.SZ,20260605,4.09,4.2,4.09,4.13,4.09,0.04,0.978,159851.0,66384.855,4.15292084503694
000517.SZ,20260605,1.93,2.12,1.92,2.12,1.93,0.19,9.8446,549312.3,114351.278,2.081717048753505
000518.SZ,20260605,3.65,3.78,3.5,3.5,3.64,-0.14,-3.8462,1124177.26,405216.461,3.6045602007640682
000519.SZ,20260605,19.48,20.19,19.11,19.26,19.7,-0.44,-2.2335,725140.61,1418397.677,19.56031226826477
000520.SZ,20260605,4.26,4.6,4.26,4.6,4.18,0.42,10.0478,390263.52,175432.181,4.4952236632314495
000521.SZ,20260605,5.7,5.81,5.68,5.74,5.7,0.04,0.7018,118393.21,68070.448,5.749522966730947
000523.SZ,20260605,3.05,3.15,3.04,3.07,3.06,0.01,0.3268,185361.2,57128.494,3.08200928781212
000524.SZ,20260605,9.15,9.37,9.08,9.17,9.08,0.09,0.9912,75930.26,69836.379,9.19743709556638
000525.SZ,20260605,4.53,4.62,4.44,4.54,4.53,0.01,0.2208,244516.73,111263.175,4.550329746353143
000526.SZ,20260605,27.05,27.58,26.94,27.31,27.03,0.28,1.0359,18689.0,50977.238,27.276600139119264
000528.SZ,20260605,8.47,8.63,8.43,8.53,8.47,0.06,0.7084,285366.16,244380.941,8.563767371716395
000529.SZ,20260605,4.92,5.03,4.92,5.0,4.94,0.06,1.2146,38317.25,19116.176,4.988921699756637
000530.SZ,20260605,6.21,6.43,6.15,6.31,6.24,0.07,1.1218,491427.9,310625.062,6.320867455836349
000531.SZ,20260605,7.69,8.05,7.18,7.19,7.69,-0.5,-6.502,452842.35,337301.912,7.448550516531858
000532.SZ,20260605,12.28,13.4,12.28,12.98,12.35,0.63,5.1012,224649.98,294247.324,13.098034729404384
000533.SZ,20260605,11.58,11.67,11.24,11.31,11.56,-0.25,-2.1626,274150.25,312133.815,11.38550174584922
000534.SZ,20260605,33.66,34.25,32.04,32.5,33.05,-0.55,-1.6641,223049.3,733372.294,32.87938110543274
000536.SZ,20260605,4.1,4.31,4.02,4.13,4.13,0.0,0.0,2083599.58,871230.683,4.181372905632856
000537.SZ,20260605,10.8,11.25,10.11,10.12,10.93,-0.81,-7.4108,702003.32,740346.559,10.54619740259918
000538.SZ,20260605,48.6,49.48,48.6,48.81,48.6,0.21,0.4321,94070.93,461177.307,49.024423060343935
000539.SZ,20260605,9.17,9.47,8.25,8.25,9.17,-0.92,-10.0327,2828010.52,2460683.995,8.701113300667636
000541.SZ,20260605,4.97,5.05,4.96,5.01,5.0,0.01,0.2,92257.36,46246.832,5.012806783111938
000543.SZ,20260605,9.56,9.72,8.96,9.02,9.6,-0.58,-6.0417,880091.91,813168.131,9.239581931846187
000544.SZ,20260605,7.79,7.95,7.78,7.89,7.79,0.1,1.2837,37048.01,29144.434,7.866666522709317
000545.SZ,20260605,2.42,2.49,2.37,2.45,2.41,0.04,1.6598,350134.83,85349.07,2.4376058217344445
000546.SZ,20260605,5.21,5.37,5.11,5.26,5.23,0.03,0.5736,252290.44,132817.842,5.264481761576063
000547.SZ,20260605,20.02,20.87,19.65,20.47,19.9,0.57,2.8643,1401279.71,2866332.332,20.455104798455977
000548.SZ,20260605,4.67,4.81,4.64,4.77,4.66,0.11,2.3605,72900.47,34523.75,4.735737643392422
000550.SZ,20260605,17.26,17.7,17.0,17.09,17.23,-0.14,-0.8125,42645.51,73765.461,17.297356978495507
000551.SZ,20260605,15.11,15.22,14.6,15.12,15.11,0.01,0.0662,127627.87,190748.322,14.945663670482004
000552.SZ,20260605,2.87,2.97,2.86,2.89,2.9,-0.01,-0.3448,1105915.1,322143.93,2.9129173658990637
000553.SZ,20260605,6.08,6.14,6.0,6.02,6.07,-0.05,-0.8237,73266.2,44495.696,6.073154606080294
000554.SZ,20260605,6.67,6.83,6.61,6.73,6.7,0.03,0.4478,140666.62,94382.345,6.709647605096363
000555.SZ,20260605,12.2,12.37,11.93,12.12,12.25,-0.13,-1.0612,210584.94,255946.487,12.154073648381502
000557.SZ,20260605,4.09,4.2,4.08,4.15,4.09,0.06,1.467,75435.88,31244.065,4.141804271389159
000558.SZ,20260605,3.59,3.69,3.58,3.61,3.59,0.02,0.5571,274041.0,99393.987,3.6269750511784733
000559.SZ,20260605,14.71,15.5,14.1,15.06,14.85,0.21,1.4141,1021651.08,1502694.886,14.708494078036898
000560.SZ,20260605,2.58,2.64,2.53,2.56,2.58,-0.02,-0.7752,691179.6,177547.893,2.5687663958832117
000561.SZ,20260605,7.99,8.36,7.93,8.24,7.99,0.25,3.1289,182977.41,150374.253,8.218186769612707
000563.SZ,20260605,2.94,2.97,2.92,2.96,2.93,0.03,1.0239,242168.78,71480.899,2.951697530953412
000564.SZ,20260605,1.6,1.69,1.6,1.63,1.6,0.03,1.875,3050812.81,501948.519,1.6452943863179859
000565.SZ,20260605,6.62,6.76,6.52,6.66,6.62,0.04,0.6042,98726.48,65747.374,6.659548076665956
000566.SZ,20260605,3.97,4.06,3.94,3.99,3.97,0.02,0.5038,221009.4,88307.424,3.995641090378961
000567.SZ,20260605,5.89,5.95,5.74,5.78,5.89,-0.11,-1.8676,200574.76,116787.789,5.8226563003241285
000568.SZ,20260605,87.04,88.18,86.44,86.88,86.6,0.28,0.3233,73872.56,644152.414,87.1977922519539
000570.SZ,20260605,5.49,5.63,5.39,5.52,5.5,0.02,0.3636,119203.01,65807.022,5.520583918140993
000571.SZ,20260605,5.69,5.79,5.35,5.44,5.74,-0.3,-5.2265,261559.52,144153.5,5.5113077130589625
000572.SZ,20260605,4.43,4.52,4.35,4.44,4.43,0.01,0.2257,417465.44,186125.152,4.458456537144728
000573.SZ,20260605,4.24,4.43,4.12,4.36,4.24,0.12,2.8302,316378.0,135512.357,4.283242102801079
000576.SZ,20260605,7.31,7.52,7.2,7.43,7.36,0.07,0.9511,79593.01,58789.512,7.386265703483259
000581.SZ,20260605,18.7,19.0,18.56,18.67,18.72,-0.05,-0.2671,71754.86,134651.422,18.765477627578118
000582.SZ,20260605,13.24,13.25,12.38,12.52,13.42,-0.9,-6.7064,1209839.51,1529734.542,12.64411130034925
000586.SZ,20260605,16.9,17.1,16.29,16.31,16.61,-0.3,-1.8061,141225.0,235605.044,16.682955850593025
000589.SZ,20260605,4.59,4.66,4.56,4.57,4.59,-0.02,-0.4357,265939.67,122619.312,4.61079432038101
000590.SZ,20260605,9.76,9.93,9.59,9.79,9.73,0.06,0.6166,38537.0,37671.762,9.775478630926123
000591.SZ,20260605,5.52,5.63,5.24,5.26,5.59,-0.33,-5.9034,1615915.06,864270.787,5.348491442365788
000592.SZ,20260605,8.07,8.24,8.01,8.06,8.05,0.01,0.1242,1070300.94,869390.562,8.122860865655225
000593.SZ,20260605,20.39,21.05,19.9,20.23,20.39,-0.16,-0.7847,106389.36,216234.054,20.324781914281655
000595.SZ,20260605,7.0,7.2,6.82,7.07,6.95,0.12,1.7266,234043.02,164359.791,7.022631608496592
000596.SZ,20260605,89.2,90.9,87.52,88.22,88.57,-0.35,-0.3952,27144.7,241392.07,88.92788279111576
000597.SZ,20260605,4.42,4.49,4.41,4.44,4.43,0.01,0.2257,105584.99,46998.684,4.451265658120534
000598.SZ,20260605,6.93,6.98,6.85,6.87,6.92,-0.05,-0.7225,257269.0,177659.842,6.90560627203433
000599.SZ,20260605,5.16,5.5,5.09,5.1,5.03,0.07,1.3917,407435.09,214214.764,5.257641505546319
000600.SZ,20260605,12.31,12.99,11.34,11.48,12.57,-1.09,-8.6714,988470.47,1185057.409,11.988799311323888
000601.SZ,20260605,8.61,8.98,7.88,7.97,8.6,-0.63,-7.3256,1758942.87,1448115.058,8.232871474671601
000603.SZ,20260605,30.12,30.39,29.46,29.71,30.12,-0.41,-1.3612,138919.67,415524.163,29.911110715998674
000605.SZ,20260605,6.16,6.34,6.07,6.25,6.17,0.08,1.2966,47207.2,29388.634,6.225455862665017
000607.SZ,20260605,3.49,3.6,3.47,3.55,3.49,0.06,1.7192,137692.0,48731.186,3.539144322110217
000608.SZ,20260605,5.2,5.52,5.09,5.52,5.02,0.5,9.9602,765569.56,414784.574,5.417986760079646
000609.SZ,20260605,13.03,13.03,13.03,13.03,12.41,0.62,4.996,15411.58,20081.289,13.030000168704312
000610.SZ,20260605,7.46,7.53,7.33,7.42,7.44,-0.02,-0.2688,18878.0,14037.972,7.436154253628562
000612.SZ,20260605,11.43,11.51,11.09,11.16,11.45,-0.29,-2.5328,407406.16,460431.726,11.30154060508069
000615.SZ,20260605,3.57,3.62,3.51,3.59,3.59,0.0,0.0,89627.1,31996.748,3.569985863650614
000617.SZ,20260605,7.46,7.5,7.31,7.33,7.46,-0.13,-1.7426,814932.92,602535.541,7.393682672679365
000619.SZ,20260605,5.4,5.55,5.28,5.45,5.4,0.05,0.9259,80467.93,43561.688,5.413546489887339
000620.SZ,20260605,2.91,2.92,2.85,2.88,2.98,-0.1,-3.3557,1784139.67,515060.713,2.8868856046455154
000623.SZ,20260605,17.04,17.26,16.9,16.97,16.98,-0.01,-0.0589,105331.98,179928.962,17.082082953344276
000625.SZ,20260605,7.96,8.09,7.95,8.0,8.0,0.0,0.0,572568.77,459230.704,8.020533568395635
000626.SZ,20260605,7.86,8.6,7.85,8.08,7.85,0.23,2.9299,269156.78,221043.108,8.212429499268048
000628.SZ,20260605,53.8,54.85,51.88,52.75,54.32,-1.57,-2.8903,113074.73,602227.605,53.2592565111586
000629.SZ,20260605,3.34,3.38,3.28,3.3,3.35,-0.05,-1.4925,967077.22,321475.839,3.324200305328255
000630.SZ,20260605,6.65,6.81,6.45,6.49,6.69,-0.2,-2.9895,3388794.99,2233556.243,6.591004323339133
000631.SZ,20260605,3.35,3.46,3.22,3.24,3.38,-0.14,-4.142,349310.87,114627.856,3.2815427701977895
000632.SZ,20260605,4.1,4.22,3.95,3.96,4.06,-0.1,-2.4631,283755.0,115839.475,4.082376521999612
000633.SZ,20260605,5.44,5.65,5.34,5.55,5.47,0.08,1.4625,97461.0,53765.996,5.516667795323258
000635.SZ,20260605,6.91,7.1,6.78,6.98,6.91,0.07,1.013,59930.0,41853.938,6.983804104788921
000636.SZ,20260605,60.0,62.17,57.96,59.65,63.5,-3.85,-6.063,1692663.21,10195382.921,60.232790910602944
000637.SZ,20260605,4.17,4.33,4.14,4.25,4.18,0.07,1.6746,108224.0,45933.186,4.244269847723241
000639.SZ,20260605,1.62,1.62,1.56,1.59,1.63,-0.04,-2.454,630699.36,100247.927,1.5894724706871433
000650.SZ,20260605,5.27,5.33,5.26,5.28,5.27,0.01,0.1898,83908.25,44428.44,5.294883399427351
000651.SZ,20260605,38.7,39.27,38.42,38.46,38.88,-0.42,-1.0802,367640.69,1424485.747,38.74668353494821
000652.SZ,20260605,3.59,3.68,3.57,3.63,3.57,0.06,1.6807,153080.4,55642.492,3.634854102811333
000655.SZ,20260605,7.14,7.23,7.05,7.11,7.11,0.0,0.0,60948.54,43630.171,7.158526028679276
000656.SZ,20260605,1.41,1.43,1.4,1.4,1.42,-0.02,-1.4085,716939.97,101034.846,1.4092511260043152
000657.SZ,20260605,73.03,74.31,69.54,70.1,74.33,-4.23,-5.6908,823078.42,5915390.21,71.86909614274664
000659.SZ,20260605,3.79,3.79,3.66,3.69,3.76,-0.07,-1.8617,219352.86,81199.145,3.7017591199859448
000661.SZ,20260605,69.37,69.77,68.12,68.43,68.1,0.33,0.4846,53708.53,370413.072,68.96727056205039
000663.SZ,20260605,5.75,5.95,5.7,5.85,5.75,0.1,1.7391,72776.0,42419.955,5.828838490711224
000665.SZ,20260605,4.17,4.3,4.11,4.23,4.17,0.06,1.4388,149948.95,63083.384,4.206990712505823
000668.SZ,20260605,18.59,20.59,18.52,20.59,18.72,1.87,9.9893,56496.2,113978.17,20.174484301599044
000669.SZ,20260605,4.3,4.4,4.24,4.24,4.36,-0.12,-2.7523,81407.0,35070.703,4.3080696991659195
000670.SZ,20260605,9.63,9.85,9.35,9.42,9.67,-0.25,-2.5853,1398299.3,1332913.78,9.532392528552364
000672.SZ,20260605,16.06,17.17,15.93,16.23,16.12,0.11,0.6824,297343.76,490616.043,16.499960954284024
000676.SZ,20260605,5.71,5.87,5.61,5.77,5.69,0.08,1.406,239557.1,137763.858,5.750773322936369
000677.SZ,20260605,1.96,2.1,1.94,2.03,2.02,0.01,0.495,483342.7,97258.844,2.012212949528357
000678.SZ,20260605,11.58,12.12,11.32,11.83,11.68,0.15,1.2842,154572.2,180593.514,11.683440748077595
000679.SZ,20260605,6.23,6.49,6.22,6.36,6.25,0.11,1.76,68867.0,43900.71,6.374709222123803
000680.SZ,20260605,10.8,11.07,10.75,10.9,10.85,0.05,0.4608,278888.71,304533.611,10.919538872692263
000681.SZ,20260605,23.15,24.4,22.86,24.31,23.2,1.11,4.7845,1180399.68,2799888.841,23.71983734356824
000682.SZ,20260605,13.05,13.16,12.51,12.85,12.99,-0.14,-1.0778,304892.55,391838.021,12.851675811691694
000683.SZ,20260605,7.0,7.09,6.83,6.87,7.0,-0.13,-1.8571,447718.22,311186.815,6.950505945458284
000685.SZ,20260605,10.93,11.03,10.76,10.77,10.94,-0.17,-1.5539,186635.02,203228.192,10.88907065780045
000686.SZ,20260605,7.74,7.78,7.69,7.7,7.74,-0.04,-0.5168,205825.24,159222.644,7.73581723990702
000688.SZ,20260605,38.22,41.0,37.61,39.06,38.2,0.86,2.2513,224301.61,881466.725,39.298279000315695
000690.SZ,20260605,5.8,5.87,5.26,5.33,5.83,-0.5,-8.5763,2044884.56,1123192.915,5.492695954435687
000691.SZ,20260605,8.65,9.1,8.61,9.01,8.72,0.29,3.3257,117689.03,104559.252,8.884366877694546
000692.SZ,20260605,5.08,5.42,4.82,4.86,5.09,-0.23,-4.5187,349364.0,174627.186,4.998431034680161
000695.SZ,20260605,13.9,14.18,13.27,14.01,13.96,0.05,0.3582,143639.01,197444.756,13.745900643564724
000697.SZ,20260605,11.2,11.41,10.98,11.13,11.18,-0.05,-0.4472,129832.28,145432.449,11.201563201385664
000698.SZ,20260605,3.45,3.49,3.43,3.45,3.46,-0.01,-0.289,32072.0,11074.428,3.452989523571963
000700.SZ,20260605,18.27,18.66,16.9,17.29,17.8,-0.51,-2.8652,1498652.92,2631512.019,17.55918254241282
000701.SZ,20260605,5.5,5.84,5.37,5.68,5.55,0.13,2.3423,276093.43,155082.666,5.6170357259135075
000702.SZ,20260605,5.79,5.95,5.67,5.89,5.78,0.11,1.9031,73393.57,42755.235,5.82547422069808
000703.SZ,20260605,13.13,13.62,12.97,13.34,13.11,0.23,1.7544,582783.91,774440.058,13.28863142429584
000705.SZ,20260605,6.79,6.95,6.69,6.85,6.77,0.08,1.1817,52999.0,36263.565,6.8423111756825605
000707.SZ,20260605,4.8,4.93,4.77,4.9,4.81,0.09,1.8711,84836.77,41342.637,4.873197906992451
000708.SZ,20260605,13.66,13.84,13.51,13.57,13.66,-0.09,-0.6589,107127.97,146539.563,13.678926521243703
000709.SZ,20260605,2.17,2.2,2.17,2.18,2.18,0.0,0.0,755534.35,165040.33,2.1844186171019224
000710.SZ,20260605,8.35,8.51,8.27,8.32,8.3,0.02,0.241,73407.0,61459.005,8.372362989905595
000711.SZ,20260605,5.95,6.03,5.74,5.75,6.04,-0.29,-4.8013,880873.55,512917.614,5.822829099590968
000712.SZ,20260605,9.44,9.45,8.98,8.98,9.39,-0.41,-4.3663,391535.42,355666.389,9.083887965998072
000713.SZ,20260605,5.82,5.98,5.82,5.96,5.87,0.09,1.5332,40617.94,24070.837,5.926158982951868
000715.SZ,20260605,4.97,5.25,4.96,5.18,4.98,0.2,4.0161,141017.72,72407.648,5.13464889377023
000716.SZ,20260605,5.18,5.63,5.1,5.33,5.2,0.13,2.5,330964.24,176809.616,5.342257399167959
000717.SZ,20260605,2.17,2.22,2.17,2.18,2.17,0.01,0.4608,148627.0,32609.666,2.194060702295007
000718.SZ,20260605,2.38,2.45,2.29,2.3,2.23,0.07,3.139,2161413.44,519630.974,2.4041257650364196
000719.SZ,20260605,13.12,13.31,13.11,13.26,13.11,0.15,1.1442,33863.3,44781.928,13.224324859065712
000720.SZ,20260605,5.08,5.53,5.06,5.16,5.18,-0.02,-0.3861,1049122.09,555312.749,5.293118449159715
000721.SZ,20260605,6.27,6.48,6.23,6.35,6.27,0.08,1.2759,92702.1,59047.195,6.369563904161826
000722.SZ,20260605,15.68,16.12,15.01,15.1,15.78,-0.68,-4.3093,385188.04,591677.939,15.360755723360466
000723.SZ,20260605,4.4,4.46,4.34,4.35,4.44,-0.09,-2.027,828718.32,363033.9,4.380667003958595
000725.SZ,20260605,6.11,6.77,6.01,6.43,6.15,0.28,4.5528,55041155.19,35684789.249,6.483292206680156
000726.SZ,20260605,5.89,6.0,5.89,5.95,5.89,0.06,1.0187,39854.01,23749.99,5.959247262697028
000727.SZ,20260605,2.89,3.11,2.81,3.0,2.9,0.1,3.4483,3740818.9,1120723.988,2.995932222220113
000728.SZ,20260605,6.97,7.03,6.89,6.9,6.97,-0.07,-1.0043,277113.07,192520.683,6.947369281427252
000729.SZ,20260605,11.91,12.2,11.87,11.91,11.9,0.01,0.084,291134.54,349070.267,11.989998404174235
000731.SZ,20260605,5.91,6.01,5.84,5.94,5.92,0.02,0.3378,62338.0,36913.452,5.921500850203728
000733.SZ,20260605,61.04,61.77,55.95,56.07,59.31,-3.24,-5.4628,740644.42,4262425.052,57.550221629969215
000735.SZ,20260605,5.24,5.32,5.17,5.21,5.26,-0.05,-0.9506,188929.44,98729.793,5.22574951791526
000736.SZ,20260605,4.76,4.85,4.6,4.74,4.84,-0.1,-2.0661,217771.64,102530.85,4.7081819285559865
000737.SZ,20260605,14.13,14.58,13.79,13.86,14.23,-0.37,-2.6001,617181.7,869982.552,14.096052297078803
000738.SZ,20260605,18.78,19.09,18.58,18.81,18.81,0.0,0.0,171910.59,324530.811,18.877883613801803
000739.SZ,20260605,16.2,16.66,16.1,16.13,16.05,0.08,0.4984,77859.47,127337.204,16.35474836908086
000750.SZ,20260605,3.6,3.64,3.58,3.59,3.61,-0.02,-0.554,365011.96,131701.725,3.608148209718936
000751.SZ,20260605,5.08,5.17,4.98,5.03,5.15,-0.12,-2.3301,509327.1,257970.839,5.06493447923741
000752.SZ,20260605,9.06,9.1,8.97,9.01,9.03,-0.02,-0.2215,24170.01,21817.355,9.026622247984177
000753.SZ,20260605,5.19,5.29,5.17,5.23,5.22,0.01,0.1916,155999.4,81622.443,5.232228008569264
000755.SZ,20260605,5.14,5.2,4.98,4.99,5.19,-0.2,-3.8536,153432.73,77285.285,5.037079441915685
000756.SZ,20260605,12.85,12.93,12.76,12.77,12.76,0.01,0.0784,34969.32,44883.518,12.83511317920966
000757.SZ,20260605,3.9,4.05,3.86,3.99,3.91,0.08,2.046,142503.0,56308.263,3.951373865813351
000758.SZ,20260605,6.8,6.96,6.65,6.72,6.83,-0.11,-1.6105,527584.69,357570.999,6.777509009975252
000759.SZ,20260605,5.06,5.7,5.02,5.7,5.18,0.52,10.0386,622954.7,347390.247,5.576492913529667
000761.SZ,20260605,2.47,2.51,2.43,2.44,2.46,-0.02,-0.813,156403.0,38523.022,2.4630615781027214
000762.SZ,20260605,28.15,28.66,27.29,27.99,28.08,-0.09,-0.3205,221281.14,618997.291,27.973341559972074
000766.SZ,20260605,24.69,25.09,24.31,24.7,24.7,0.0,0.0,190073.35,469700.554,24.711541833718403
000767.SZ,20260605,5.72,6.02,5.25,5.34,5.74,-0.4,-6.9686,4206337.62,2336968.015,5.555826056111968
000768.SZ,20260605,21.03,21.26,20.98,21.03,21.1,-0.07,-0.3318,210262.63,443621.983,21.098470184644796
000776.SZ,20260605,19.17,19.59,18.75,18.81,19.15,-0.34,-1.7755,789892.66,1513307.518,19.158394483625155
000777.SZ,20260605,17.65,17.88,17.22,17.22,17.11,0.11,0.6429,106199.81,186241.746,17.53691894552354
000778.SZ,20260605,4.27,4.28,4.18,4.22,4.24,-0.02,-0.4717,627898.43,265787.167,4.232964350619574
000779.SZ,20260605,7.49,7.67,7.45,7.52,7.53,-0.01,-0.1328,61479.53,46353.419,7.539650839881177
000782.SZ,20260605,7.43,7.61,7.29,7.32,7.46,-0.14,-1.8767,180600.0,133856.473,7.411764839424142
000783.SZ,20260605,7.71,7.77,7.48,7.5,7.71,-0.21,-2.7237,878070.36,669585.714,7.625649885277986
000785.SZ,20260605,2.32,2.56,2.32,2.47,2.33,0.14,6.0086,1759854.95,442488.445,2.5143461113087757
000786.SZ,20260605,22.2,22.48,21.9,21.94,22.1,-0.16,-0.724,76527.92,169878.351,22.198218767738624
000788.SZ,20260605,5.15,5.26,5.12,5.18,5.14,0.04,0.7782,108770.0,56386.388,5.184001838742301
000789.SZ,20260605,4.45,4.51,4.42,4.46,4.44,0.02,0.4505,22781.15,10200.446,4.477581684857875
000790.SZ,20260605,3.8,3.97,3.73,3.83,3.79,0.04,1.0554,217569.67,83371.432,3.831941832701222
000791.SZ,20260605,9.79,10.07,9.17,9.2,9.78,-0.58,-5.9305,789621.56,751150.841,9.512795483953097
000792.SZ,20260605,29.25,30.35,28.98,29.45,29.35,0.1,0.3407,857145.34,2537924.609,29.609034670829573
000793.SZ,20260605,2.61,2.61,2.54,2.55,2.63,-0.08,-3.0418,226537.0,58254.811,2.571536261184707
000795.SZ,20260605,8.92,9.34,8.81,9.2,9.03,0.17,1.8826,296298.79,270714.606,9.13654105708633
000796.SZ,20260605,4.53,4.65,4.5,4.54,4.54,0.0,0.0,394624.0,180342.984,4.569995337333766
000797.SZ,20260605,2.51,2.57,2.5,2.53,2.5,0.03,1.2,282710.17,71935.106,2.544482428771487
000798.SZ,20260605,8.17,8.32,8.02,8.05,8.21,-0.16,-1.9488,97964.0,79561.22,8.121475235800906
000799.SZ,20260605,44.01,46.74,44.01,44.51,43.32,1.19,2.747,234828.43,1068467.861,45.49993631520681
000800.SZ,20260605,6.07,6.16,6.07,6.11,6.06,0.05,0.8251,125552.0,76904.437,6.125305610424366
000801.SZ,20260605,12.55,12.77,12.2,12.44,12.58,-0.14,-1.1129,165024.0,206161.57,12.49282346810161
000802.SZ,20260605,4.88,4.92,4.64,4.87,4.82,0.05,1.0373,774375.44,371874.099,4.802245523179299
000803.SZ,20260605,7.72,7.77,7.41,7.47,7.7,-0.23,-2.987,113302.6,85162.016,7.516333782278606
000807.SZ,20260605,28.36,28.95,27.5,27.64,28.6,-0.96,-3.3566,670498.78,1888633.56,28.167591296735843
000809.SZ,20260605,3.99,4.04,3.82,3.98,3.99,-0.01,-0.2506,303134.0,119040.68,3.926998621071869
000810.SZ,20260605,11.0,11.36,10.82,11.1,10.99,0.11,1.0009,118710.04,132096.736,11.12768018610726
000811.SZ,20260605,31.43,32.1,30.56,31.04,31.72,-0.68,-2.1438,249270.58,779531.254,31.272493288217163
000812.SZ,20260605,3.6,3.68,3.58,3.66,3.6,0.06,1.6667,115361.1,42054.348,3.6454531033424606
000813.SZ,20260605,3.12,3.15,3.03,3.1,3.09,0.01,0.3236,312528.5,96800.079,3.09732005241122
000815.SZ,20260605,15.85,16.07,15.41,15.69,15.88,-0.19,-1.1965,347845.89,547052.46,15.726862835723026
000816.SZ,20260605,2.61,2.72,2.61,2.67,2.61,0.06,2.2989,331448.91,88519.315,2.67067751105291
000818.SZ,20260605,13.66,13.96,13.24,13.7,13.66,0.04,0.2928,208267.32,284496.064,13.660139478435696
000819.SZ,20260605,14.31,14.74,14.15,14.43,14.27,0.16,1.1212,51570.41,74734.909,14.491819824585455
000820.SZ,20260605,3.17,3.47,3.17,3.44,3.34,0.1,2.994,341251.49,110180.752,3.228725887760959
000821.SZ,20260605,9.24,9.7,9.08,9.56,9.24,0.32,3.4632,234014.9,219354.647,9.373533351936137
000822.SZ,20260605,4.77,4.89,4.74,4.82,4.78,0.04,0.8368,149799.0,72320.274,4.827820879979172
000823.SZ,20260605,17.3,18.17,16.77,17.61,17.41,0.2,1.1488,993871.58,1752422.719,17.632285239507503
000825.SZ,20260605,3.86,3.91,3.81,3.85,3.84,0.01,0.2604,281396.5,108586.099,3.858829054377009
000826.SZ,20260605,2.31,2.41,2.29,2.3,2.33,-0.03,-1.2876,370586.4,86519.916,2.334675962204765
000828.SZ,20260605,9.96,10.1,9.92,9.95,9.96,-0.01,-0.1004,46001.08,46003.128,10.00044520693862
000829.SZ,20260605,9.11,9.29,9.04,9.16,9.16,0.0,0.0,272522.01,249255.467,9.146250866122703
000830.SZ,20260605,12.47,12.66,12.38,12.49,12.48,0.01,0.0801,359447.26,450176.34,12.524127739908213
000831.SZ,20260605,53.0,56.0,52.51,54.32,53.64,0.68,1.2677,487646.58,2678297.994,54.922931972577345
000833.SZ,20260605,22.2,22.3,21.48,21.53,22.32,-0.79,-3.5394,311759.47,677625.258,21.7355148185234
000837.SZ,20260605,11.41,12.33,10.93,12.02,11.47,0.55,4.7951,460315.98,539715.339,11.724888173554175
000838.SZ,20260605,1.73,1.76,1.68,1.72,1.73,-0.01,-0.578,242534.01,41713.821,1.7199163531745507
000839.SZ,20260605,2.93,2.95,2.82,2.85,2.93,-0.08,-2.7304,669010.0,192184.99,2.872677388977743
000848.SZ,20260605,7.93,8.08,7.9,7.93,7.91,0.02,0.2528,109868.0,87486.869,7.962907215931846
000850.SZ,20260605,3.92,4.03,3.9,3.96,3.93,0.03,0.7634,94508.0,37595.294,3.97800122740932
000852.SZ,20260605,5.72,5.83,5.66,5.76,5.72,0.04,0.6993,114189.52,65820.073,5.764108037234941
000856.SZ,20260605,8.67,8.86,8.38,8.71,8.68,0.03,0.3456,58454.0,50550.692,8.647944024361037
000858.SZ,20260605,81.5,82.42,81.03,81.08,81.1,-0.02,-0.0247,219364.42,1789684.297,81.58498524965898
000859.SZ,20260605,10.15,10.96,9.92,10.75,10.45,0.3,2.8708,930222.83,983815.381,10.576125948231137
000860.SZ,20260605,10.69,10.95,10.69,10.76,10.68,0.08,0.7491,65637.02,70889.539,10.800237274635565
000862.SZ,20260605,7.25,7.45,6.7,6.75,7.24,-0.49,-6.768,644845.0,449749.646,6.974538780637207
000863.SZ,20260605,4.8,4.88,4.67,4.72,4.81,-0.09,-1.8711,247848.77,118241.944,4.77072950573852
000868.SZ,20260605,3.76,3.84,3.73,3.78,3.76,0.02,0.5319,115846.2,43974.903,3.7959728502100196
000869.SZ,20260605,17.72,17.98,17.66,17.86,17.62,0.24,1.3621,7531.47,13439.762,17.844805861272764
000875.SZ,20260605,6.6,6.69,6.36,6.4,6.66,-0.26,-3.9039,704400.72,455528.479,6.4668940003354916
000876.SZ,20260605,7.31,7.38,7.18,7.32,7.32,0.0,0.0,237730.74,172976.243,7.276141192342227
000877.SZ,20260605,4.2,4.29,4.19,4.23,4.2,0.03,0.7143,86983.0,36965.411,4.24972822275617
000878.SZ,20260605,17.88,18.25,17.28,17.32,17.9,-0.58,-3.2402,533510.04,942864.422,17.672852454660458
000880.SZ,20260605,28.1,28.1,26.9,26.9,28.18,-1.28,-4.5422,232985.18,633482.555,27.18982190197677
000881.SZ,20260605,7.82,8.05,7.81,7.86,7.85,0.01,0.1274,339992.11,269425.492,7.924463070628317
000882.SZ,20260605,1.45,1.53,1.45,1.49,1.45,0.04,2.7586,1042394.01,156673.942,1.5030203598349534
000883.SZ,20260605,5.15,5.27,4.97,5.0,5.18,-0.18,-3.4749,722658.53,368102.065,5.093720612417043
000885.SZ,20260605,12.89,13.02,12.8,12.91,12.82,0.09,0.702,35401.5,45741.763,12.92085448356708
000886.SZ,20260605,4.54,4.62,4.5,4.56,4.54,0.02,0.4405,153924.01,70406.325,4.574096334938259
000887.SZ,20260605,21.04,22.61,20.96,21.99,20.55,1.44,7.0073,1336168.29,2940659.082,22.008149003446263
000888.SZ,20260605,9.95,10.16,9.93,10.02,9.97,0.05,0.5015,72378.6,72627.376,10.034371485494331
000889.SZ,20260605,3.79,3.85,3.71,3.76,3.82,-0.06,-1.5707,454673.62,171571.853,3.7735167701174306
000890.SZ,20260605,10.62,11.3,10.12,10.26,10.67,-0.41,-3.8425,407104.1,422465.289,10.377328280407887
000892.SZ,20260605,3.9,4.06,3.81,3.92,3.86,0.06,1.5544,484054.0,189475.571,3.914347800038839
000893.SZ,20260605,44.7,48.8,44.7,47.99,44.9,3.09,6.882,232053.81,1104952.248,47.61620798210552
000895.SZ,20260605,24.35,25.2,24.35,24.76,24.33,0.43,1.7674,129804.26,322827.164,24.87030579735981
000897.SZ,20260605,1.9,1.97,1.89,1.94,1.9,0.04,2.1053,397629.99,77218.921,1.941979300907359
000898.SZ,20260605,2.02,2.07,2.02,2.04,2.02,0.02,0.9901,394427.47,80815.298,2.0489267139532648
000899.SZ,20260605,14.45,14.9,13.69,13.73,14.63,-0.9,-6.1517,412894.43,582490.978,14.107503896334954
000900.SZ,20260605,3.75,3.81,3.74,3.77,3.75,0.02,0.5333,82624.5,31226.477,3.779324171401945
000901.SZ,20260605,18.6,19.18,18.41,18.86,18.48,0.38,2.0563,261839.27,494624.621,18.89039107846581
000902.SZ,20260605,12.5,12.59,12.26,12.38,12.47,-0.09,-0.7217,133531.0,165867.823,12.42167159685766
000903.SZ,20260605,1.82,1.85,1.8,1.83,1.82,0.01,0.5495,248906.1,45500.704,1.828026874391588
000905.SZ,20260605,9.0,9.14,8.95,9.0,8.93,0.07,0.7839,92308.0,83449.363,9.040317523941587
000906.SZ,20260605,5.81,6.0,5.8,5.9,5.78,0.12,2.0761,85404.91,50335.563,5.893755171687436
000908.SZ,20260605,7.12,7.18,7.08,7.1,7.15,-0.05,-0.6993,56910.0,40554.385,7.126056053417678
000909.SZ,20260605,4.67,4.71,4.5,4.54,4.68,-0.14,-2.9915,66404.1,30377.169,4.574592382096888
000910.SZ,20260605,6.25,6.45,6.2,6.32,6.28,0.04,0.6369,60390.46,38079.685,6.305579556771052
000911.SZ,20260605,5.52,5.66,5.45,5.54,5.61,-0.07,-1.2478,58536.0,32555.812,5.561673500068335
000912.SZ,20260605,3.67,3.73,3.64,3.69,3.67,0.02,0.545,201679.0,74463.35,3.6921717184238325
000913.SZ,20260605,11.3,11.42,11.21,11.27,11.25,0.02,0.1778,24851.0,28091.889,11.304128204096415
000915.SZ,20260605,27.08,27.55,27.08,27.28,27.02,0.26,0.9623,14656.6,40179.1,27.413656646152585
000917.SZ,20260605,7.56,7.63,7.42,7.44,7.52,-0.08,-1.0638,258829.07,194522.534,7.515482476523986
000919.SZ,20260605,6.23,6.28,6.2,6.22,6.19,0.03,0.4847,67223.03,41947.176,6.2400007854451065
000920.SZ,20260605,12.3,12.76,12.29,12.36,12.42,-0.06,-0.4831,169569.85,211534.125,12.474748606547685
000921.SZ,20260605,26.68,27.5,26.6,26.73,26.55,0.18,0.678,150272.87,407592.797,27.1235118488121
000922.SZ,20260605,12.54,12.86,12.18,12.53,12.62,-0.09,-0.7132,134296.15,168088.24,12.516236690329542
000923.SZ,20260605,14.86,15.06,14.62,14.72,14.92,-0.2,-1.3405,146329.65,216898.553,14.822597675864053
000925.SZ,20260605,8.3,8.98,8.28,8.64,8.47,0.17,2.0071,843109.8,734587.61,8.712834437459984
000926.SZ,20260605,2.25,2.33,2.2,2.28,2.27,0.01,0.4405,649817.44,147091.6,2.2635834458367263
000927.SZ,20260605,2.59,2.62,2.58,2.58,2.58,0.0,0.0,388403.0,100767.459,2.5944047548551374
000928.SZ,20260605,5.74,5.84,5.74,5.84,5.74,0.1,1.7422,138819.2,80662.311,5.810601919619188
000929.SZ,20260605,9.65,9.91,9.59,9.7,9.65,0.05,0.5181,30724.0,29905.447,9.733578635594323
000930.SZ,20260605,5.0,5.12,5.0,5.05,5.03,0.02,0.3976,136995.66,69376.159,5.064113636884555
000931.SZ,20260605,4.13,4.2,4.1,4.18,4.13,0.05,1.2107,55408.76,23068.428,4.163317858042664
000932.SZ,20260605,3.92,4.0,3.91,3.92,3.93,-0.01,-0.2545,691106.9,273572.063,3.9584623305019817
000933.SZ,20260605,28.53,28.82,27.66,27.8,28.68,-0.88,-3.0683,480223.0,1354938.004,28.21476697284386
000935.SZ,20260605,25.82,27.38,24.9,26.26,25.86,0.4,1.5468,115468.11,302376.101,26.186979331349583
000936.SZ,20260605,6.3,6.45,6.2,6.32,6.3,0.02,0.3175,150979.0,95679.056,6.337242662886892
000937.SZ,20260605,5.77,5.92,5.74,5.85,5.81,0.04,0.6885,439548.17,257294.214,5.8536067616889405
000938.SZ,20260605,27.31,29.09,26.67,27.87,27.72,0.15,0.5411,2266741.94,6356007.088,28.04027655658059
000948.SZ,20260605,13.14,13.33,12.96,13.11,12.85,0.26,2.0233,49473.8,65028.907,13.144110013785074
000949.SZ,20260605,6.59,7.05,6.57,6.72,6.58,0.14,2.1277,670039.78,454767.065,6.7871651590596604
000950.SZ,20260605,5.46,5.56,5.45,5.49,5.43,0.06,1.105,232758.12,128005.658,5.499514173769748
000951.SZ,20260605,22.5,22.9,22.03,22.16,22.48,-0.32,-1.4235,86738.62,194110.122,22.3787422488391
000952.SZ,20260605,6.44,6.56,6.35,6.46,6.43,0.03,0.4666,53693.2,34724.408,6.467189141269286
000953.SZ,20260605,6.0,6.08,5.9,5.99,5.99,0.0,0.0,69142.0,41391.355,5.986427207775304
000955.SZ,20260605,4.11,4.25,4.08,4.17,4.11,0.06,1.4599,147004.2,61423.971,4.1783820462272505
000957.SZ,20260605,10.01,10.08,9.89,9.97,10.0,-0.03,-0.3,100581.0,100344.311,9.976467821954444
000958.SZ,20260605,6.22,6.5,6.15,6.18,6.21,-0.03,-0.4831,765426.12,484028.133,6.323642744253357
000959.SZ,20260605,3.47,3.53,3.44,3.46,3.47,-0.01,-0.2882,303322.57,105840.608,3.4893746284689593
000960.SZ,20260605,40.52,41.17,38.45,38.9,41.84,-2.94,-7.0268,1056061.05,4180895.758,39.589527120614854
000962.SZ,20260605,58.01,58.22,54.55,55.85,59.13,-3.28,-5.5471,225045.0,1263522.58,56.1453300451021
000963.SZ,20260605,28.26,28.68,28.13,28.42,27.84,0.58,2.0833,150974.21,429412.748,28.4427882086616
000965.SZ,20260605,3.35,3.44,3.35,3.42,3.35,0.07,2.0896,188506.62,64073.492,3.3990048731445084
000966.SZ,20260605,5.26,5.81,5.24,5.42,5.28,0.14,2.6515,2732418.71,1528614.679,5.594364704814952
000967.SZ,20260605,10.95,10.95,10.5,10.6,11.06,-0.46,-4.1591,1030367.14,1107208.38,10.745765630685774
000968.SZ,20260605,7.34,7.43,7.28,7.36,7.41,-0.05,-0.6748,207746.0,152721.342,7.351349340059496
000969.SZ,20260605,21.87,23.08,20.8,22.14,22.04,0.1,0.4537,526913.26,1155535.164,21.93027300167014
000970.SZ,20260605,11.08,11.85,10.93,11.48,11.15,0.33,2.9596,378180.62,435448.45,11.514298379435733
000972.SZ,20260605,3.52,3.56,3.48,3.55,3.53,0.02,0.5666,59366.01,20925.272,3.5247900271552695
000973.SZ,20260605,14.14,14.44,13.76,13.91,14.15,-0.24,-1.6961,429988.26,604244.856,14.05258962186549
000975.SZ,20260605,22.09,22.41,21.62,21.84,22.21,-0.37,-1.6659,399908.02,880661.266,22.021595515888876
000977.SZ,20260605,62.75,65.1,61.03,62.14,63.36,-1.22,-1.9255,716993.06,4509343.035,62.89242234785369
000978.SZ,20260605,6.62,6.74,6.54,6.63,6.62,0.01,0.1511,145341.19,96247.093,6.622148408169769
000980.SZ,20260605,2.6,2.62,2.47,2.54,2.6,-0.06,-2.3077,1354280.05,343805.905,2.538661815183647
000981.SZ,20260605,3.51,3.64,3.48,3.56,3.53,0.03,0.8499,2085576.62,740313.174,3.549681018192465
000983.SZ,20260605,7.71,8.0,7.66,7.79,7.78,0.01,0.1285,1464179.17,1144640.047,7.817622805001385
000985.SZ,20260605,16.56,17.25,16.5,17.01,16.66,0.35,2.1008,18690.1,31554.663,16.88308944307414
000987.SZ,20260605,7.73,7.82,7.59,7.61,7.74,-0.13,-1.6796,327779.83,252452.461,7.701891266463833
000988.SZ,20260605,156.3,165.87,155.86,157.2,158.36,-1.16,-0.7325,921741.42,14874960.217,161.37888451405385
000989.SZ,20260605,7.92,8.09,7.92,7.98,7.9,0.08,1.0127,69841.06,55941.741,8.009864254637602
000990.SZ,20260605,9.21,9.5,9.1,9.25,9.2,0.05,0.5435,243406.25,226045.527,9.286759358069073
000993.SZ,20260605,14.46,14.87,13.45,13.51,14.6,-1.09,-7.4658,363417.18,508415.269,13.989852350953797
000995.SZ,20260605,12.3,12.54,12.03,12.06,12.03,0.03,0.2494,120348.0,147304.195,12.239854006713864
000997.SZ,20260605,20.22,20.25,19.61,19.76,20.21,-0.45,-2.2266,214246.6,425309.237,19.8513879333441
000998.SZ,20260605,8.38,8.45,8.33,8.38,8.39,-0.01,-0.1192,101297.56,84923.153,8.38353391730265
000999.SZ,20260605,24.08,24.42,24.0,24.21,23.93,0.28,1.1701,64839.83,156922.711,24.201591984433026
001201.SZ,20260605,11.22,11.35,11.13,11.26,11.18,0.08,0.7156,18491.68,20799.663,11.248119694911441
001202.SZ,20260605,14.91,15.32,14.75,15.14,14.9,0.24,1.6107,14908.8,22459.171,15.064372048722902
001203.SZ,20260605,36.8,39.1,36.25,37.73,36.98,0.75,2.0281,301205.51,1138683.276,37.80419807061298
001205.SZ,20260605,14.05,14.25,13.94,14.11,14.01,0.1,0.7138,23346.78,32906.452,14.094642601677833
001206.SZ,20260605,15.95,16.26,15.82,16.02,15.94,0.08,0.5019,24515.96,39359.63,16.054696613960864
001207.SZ,20260605,18.5,19.15,18.12,18.65,18.7,-0.05,-0.2674,47112.2,87989.116,18.67650332610237
001208.SZ,20260605,16.05,16.58,15.85,16.34,16.01,0.33,2.0612,174118.0,284107.955,16.316977854098948
001209.SZ,20260605,19.92,20.3,19.57,20.0,19.91,0.09,0.452,25255.0,50410.651,19.960661651158183
001210.SZ,20260605,25.0,26.72,24.45,24.93,24.86,0.07,0.2816,171175.7,433245.8,25.310006034735068
001211.SZ,20260605,32.79,33.57,32.51,32.9,32.93,-0.03,-0.0911,53157.03,175739.139,33.06037583363856
001212.SZ,20260605,53.46,54.96,52.18,52.99,53.43,-0.44,-0.8235,80005.06,426171.811,53.26810716722167
001213.SZ,20260605,3.74,3.79,3.73,3.77,3.74,0.03,0.8021,78574.0,29564.387,3.762617023442869
001215.SZ,20260605,38.9,39.07,37.66,38.21,38.7,-0.49,-1.2661,23467.07,89996.285,38.350030489532784
001216.SZ,20260605,15.98,16.36,15.73,16.14,16.03,0.11,0.6862,26532.91,42678.257,16.08502685909687
001217.SZ,20260605,9.69,9.89,9.5,9.76,9.67,0.09,0.9307,31751.0,30853.115,9.717210481559636
001218.SZ,20260605,23.99,24.83,23.9,24.76,24.25,0.51,2.1031,17665.6,43176.607,24.441064554841052
001219.SZ,20260605,13.35,13.6,13.34,13.51,13.47,0.04,0.297,23784.7,32023.337,13.463838938477256
001220.SZ,20260605,31.51,32.04,31.21,31.67,31.59,0.08,0.2532,7485.29,23728.119,31.699665610818016
001221.SZ,20260605,45.8,46.21,44.58,45.43,45.49,-0.06,-0.1319,15648.15,71082.723,45.42564009164023
001222.SZ,20260605,14.9,15.22,14.65,15.01,14.82,0.19,1.2821,20326.0,30424.163,14.9681014464233
001223.SZ,20260605,46.89,49.26,44.89,46.46,47.0,-0.54,-1.1489,73140.64,347195.503,47.46957409724608
001225.SZ,20260605,46.72,47.75,44.86,46.91,46.25,0.66,1.427,15420.0,71425.464,46.32001556420234
001226.SZ,20260605,50.17,52.29,49.26,50.22,51.18,-0.96,-1.8757,21617.65,109179.86,50.50496238027723
001227.SZ,20260605,2.09,2.12,2.09,2.11,2.09,0.02,0.9569,382436.04,80625.749,2.108215245613358
001228.SZ,20260605,26.06,26.79,25.45,26.69,26.13,0.56,2.1431,20548.0,53613.985,26.0920697878139
001229.SZ,20260605,37.92,38.71,37.6,38.17,38.3,-0.13,-0.3394,22829.27,87180.773,38.188156257296
001230.SZ,20260605,25.53,26.15,25.11,25.68,25.79,-0.11,-0.4265,24030.6,61546.685,25.61179704210465
001231.SZ,20260605,20.8,21.54,20.33,21.11,20.8,0.31,1.4904,14717.5,30903.33,20.997676235773742
001233.SZ,20260605,50.5,51.26,49.66,50.05,50.43,-0.38,-0.7535,13221.6,66504.97,50.300243540872515
001234.SZ,20260605,23.38,23.71,22.87,23.39,23.38,0.01,0.0428,18888.0,44014.824,23.303062261753492
001236.SZ,20260605,7.77,7.86,7.68,7.83,7.78,0.05,0.6427,85437.0,66558.235,7.790329131406768
001237.SZ,20260605,67.99,68.35,65.72,65.95,67.97,-2.02,-2.9719,48781.18,326244.946,66.87926491323088
001238.SZ,20260605,28.75,29.08,27.97,28.29,28.75,-0.46,-1.6,6085.0,17307.594,28.44304683648316
001239.SZ,20260605,12.93,13.34,12.82,13.2,12.93,0.27,2.0882,23432.0,30733.955,13.116232075793787
001255.SZ,20260605,29.83,30.59,28.82,30.18,29.72,0.46,1.5478,15159.0,45233.69,29.83949468962333
001256.SZ,20260605,22.43,24.82,22.16,24.82,22.56,2.26,10.0177,66937.0,161028.903,24.056785186070485
001257.SZ,20260605,24.5,25.06,23.69,24.15,24.7,-0.55,-2.2267,203105.85,494931.882,24.36817462421688
001258.SZ,20260605,10.86,11.07,9.93,9.93,10.86,-0.93,-8.5635,553276.0,575399.862,10.399870263665873
001259.SZ,20260605,73.36,77.5,70.06,70.54,71.68,-1.14,-1.5904,66566.96,487985.165,73.30741331735743
001260.SZ,20260605,18.35,19.06,18.02,18.65,18.43,0.22,1.1937,13241.03,24694.72,18.650150328184438
001266.SZ,20260605,47.21,47.82,45.0,46.58,47.2,-0.62,-1.3136,41840.53,193439.73,46.23261942427594
001267.SZ,20260605,57.0,58.33,54.0,54.49,57.13,-2.64,-4.621,332498.15,1867407.51,56.16294436525436
001268.SZ,20260605,39.56,40.46,38.75,39.0,39.47,-0.47,-1.1908,17565.0,69334.395,39.473040136635355
001269.SZ,20260605,27.07,28.48,25.9,27.2,27.53,-0.33,-1.1987,113042.13,306935.984,27.152353197874103
001270.SZ,20260605,140.09,142.39,134.16,137.61,136.79,0.82,0.5995,122945.45,1713659.17,139.38369984411787
001277.SZ,20260605,30.97,32.04,30.5,31.37,30.96,0.41,1.3243,10604.92,33217.962,31.323161325120793
001278.SZ,20260605,18.08,18.46,17.49,18.13,18.13,0.0,0.0,75897.95,136121.062,17.93474817172269
001279.SZ,20260605,27.38,28.03,27.21,27.76,27.36,0.4,1.462,8925.0,24722.601,27.700393277310923
001280.SZ,20260605,71.41,72.39,69.29,69.68,71.78,-2.1,-2.9256,98575.47,697024.135,70.70969430833047
001282.SZ,20260605,17.6,18.34,17.3,17.9,17.79,0.11,0.6183,29477.04,52743.448,17.893061175748986
001283.SZ,20260605,55.34,55.87,52.88,54.42,54.86,-0.44,-0.802,52735.7,287499.949,54.51713905380985
001285.SZ,20260605,45.65,46.3,44.94,45.56,45.66,-0.1,-0.219,13784.01,62767.825,45.536694329153846
001286.SZ,20260605,12.63,12.84,12.25,12.34,12.64,-0.3,-2.3734,358094.5,445614.577,12.44404974105997
001287.SZ,20260605,27.27,28.76,26.75,27.68,27.69,-0.01,-0.0361,521765.93,1457157.392,27.927415498363413
001288.SZ,20260605,24.45,25.36,23.48,24.48,24.18,0.3,1.2407,51704.2,126120.672,24.392732505289707
001289.SZ,20260605,19.23,19.65,18.17,18.38,19.31,-0.93,-4.8162,171317.16,322191.985,18.80675496838729
001296.SZ,20260605,19.61,20.0,19.3,19.77,19.67,0.1,0.5084,14683.56,28945.538,19.712888427602028
001298.SZ,20260605,21.9,21.94,21.04,21.62,22.11,-0.49,-2.2162,117227.27,252696.698,21.5561360424072
001299.SZ,20260605,13.19,13.19,11.87,11.87,13.19,-1.32,-10.0076,164049.11,199874.615,12.183828062218687
001300.SZ,20260605,16.0,17.05,15.73,16.53,16.05,0.48,2.9907,72919.0,119029.54,16.323528847076894
001301.SZ,20260605,91.01,91.6,87.73,88.39,91.15,-2.76,-3.028,46792.36,417870.654,89.30317983534064
001306.SZ,20260605,59.98,65.18,56.71,63.9,59.25,4.65,7.8481,23176.01,145869.365,62.93980931143885
001308.SZ,20260605,21.35,22.12,20.5,21.39,21.38,0.01,0.0468,74161.78,159496.038,21.506500787872138
001309.SZ,20260605,655.55,665.38,623.82,630.5,680.85,-50.35,-7.3952,165280.73,10653611.988,644.5767748000628
001311.SZ,20260605,20.94,21.1,20.16,20.48,20.94,-0.46,-2.1968,44140.96,90799.959,20.57045406352739
001312.SZ,20260605,20.32,20.62,20.03,20.29,20.53,-0.24,-1.169,32345.27,65685.647,20.3076514742341
001313.SZ,20260605,7.45,7.51,7.2,7.33,7.4,-0.07,-0.9459,126962.17,92949.753,7.32105894220302
001314.SZ,20260605,54.83,57.73,53.56,56.39,55.45,0.94,1.6952,79799.01,446266.105,55.923764593069514
001316.SZ,20260605,35.0,35.56,34.46,35.28,35.05,0.23,0.6562,24616.16,86317.481,35.06537209702894
001317.SZ,20260605,51.26,56.0,51.18,51.69,51.27,0.42,0.8192,69948.72,371062.615,53.047806307249076
001318.SZ,20260605,11.46,11.64,11.26,11.51,11.45,0.06,0.524,27377.0,31365.206,11.456772473243964
001319.SZ,20260605,23.19,24.56,22.96,24.06,23.38,0.68,2.9085,38192.0,91349.528,23.918498114788438
001322.SZ,20260605,6.31,6.48,6.28,6.36,6.34,0.02,0.3155,26041.51,16587.686,6.3697097441738215
001323.SZ,20260605,20.62,22.14,20.41,22.12,20.58,1.54,7.483,27721.28,59625.383,21.50888523185077
001324.SZ,20260605,18.22,18.74,17.81,18.37,18.27,0.1,0.5473,29641.24,54411.556,18.35670707433292
001325.SZ,20260605,40.2,41.09,39.35,40.39,40.08,0.31,0.7735,14604.77,58769.378,40.23985177445451
001326.SZ,20260605,68.29,71.0,66.66,69.48,67.62,1.86,2.7507,23197.94,160237.317,69.07394234143206
001328.SZ,20260605,28.8,29.14,28.22,28.9,28.61,0.29,1.0136,10980.5,31502.789,28.689758207731888
001330.SZ,20260605,8.24,8.24,7.65,7.77,8.21,-0.44,-5.3593,965866.39,755865.253,7.8257744634845405
001332.SZ,20260605,47.81,49.4,47.03,47.5,48.48,-0.98,-2.0215,37007.91,177588.022,47.986503966314224
001333.SZ,20260605,21.43,22.64,21.05,22.17,21.36,0.81,3.7921,24883.35,54803.051,22.023984310794166
001335.SZ,20260605,48.19,48.85,47.4,48.32,48.2,0.12,0.249,9644.17,46640.663,48.361510632848656
001336.SZ,20260605,25.24,26.28,24.51,25.76,25.41,0.35,1.3774,17680.0,44842.58,25.363450226244346
001337.SZ,20260605,48.5,48.84,47.59,47.76,48.9,-1.14,-2.3313,63573.14,305732.922,48.091524502329136
001338.SZ,20260605,10.5,10.75,10.33,10.56,10.49,0.07,0.6673,58203.0,61250.459,10.523591395632527
001339.SZ,20260605,101.16,104.42,99.74,101.89,100.52,1.37,1.3629,85188.0,868091.701,101.90304984270085
001356.SZ,20260605,9.53,9.67,9.43,9.54,9.5,0.04,0.4211,22195.12,21165.668,9.536180926257664
001358.SZ,20260605,24.72,25.69,24.43,25.26,24.71,0.55,2.2258,14733.0,37142.49,25.210405212787617
001359.SZ,20260605,92.25,95.9,89.8,92.64,92.27,0.37,0.401,20802.86,194462.719,93.47883848663116
001360.SZ,20260605,19.5,19.7,18.61,19.29,19.38,-0.09,-0.4644,50362.68,96384.965,19.13817235302013
001365.SZ,20260605,43.6,44.5,42.28,43.72,43.7,0.02,0.0458,75239.98,326601.904,43.40802642424944
001366.SZ,20260605,13.8,14.06,13.27,13.87,13.66,0.21,1.5373,59304.15,81104.762,13.676068538205168
001367.SZ,20260605,19.58,19.78,19.25,19.48,19.58,-0.1,-0.5107,15977.9,31243.825,19.554400140193643
001368.SZ,20260605,23.96,26.13,23.83,24.54,23.95,0.59,2.4635,39098.69,97657.668,24.97722251052401
001369.SZ,20260605,13.69,14.65,13.48,14.24,13.61,0.63,4.6289,231887.16,327589.09,14.127090521096555
001373.SZ,20260605,35.94,37.37,35.2,36.26,36.38,-0.12,-0.3299,13444.0,48929.586,36.39511008628385
001376.SZ,20260605,14.24,14.47,13.45,13.71,14.38,-0.67,-4.6592,316470.89,439037.458,13.872917600730986
001378.SZ,20260605,20.22,20.71,19.73,20.5,20.28,0.22,1.0848,52598.28,106984.26,20.339878034034573
001379.SZ,20260605,17.83,18.49,17.63,18.26,18.16,0.1,0.5507,19936.08,36003.037,18.05923581767328
001380.SZ,20260605,17.1,17.78,16.63,17.42,17.1,0.32,1.8713,26829.13,46179.001,17.212261821385933
001382.SZ,20260605,20.9,20.9,20.28,20.46,20.9,-0.44,-2.1053,38621.98,79363.97,20.548912821144853
001386.SZ,20260605,15.71,15.95,15.63,15.78,15.67,0.11,0.702,30424.85,48119.734,15.815931385035586
001387.SZ,20260605,12.05,12.48,11.85,12.26,12.05,0.21,1.7427,42257.29,51541.792,12.197136162778069
001388.SZ,20260605,31.27,32.14,30.66,31.6,31.41,0.19,0.6049,11355.23,35618.732,31.367688721408555
001389.SZ,20260605,179.06,180.46,172.55,174.02,182.61,-8.59,-4.704,72563.2,1273954.309,175.56479165747928
001390.SZ,20260605,17.1,17.28,16.75,17.15,17.15,0.0,0.0,15297.23,26024.874,17.012801664092127
001391.SZ,20260605,5.07,5.09,5.06,5.06,5.05,0.01,0.198,80559.47,40875.996,5.074015010277501
001393.SZ,20260605,68.02,68.02,64.38,65.02,68.01,-2.99,-4.3964,62558.73,410887.156,65.68022656470168
001395.SZ,20260605,35.75,36.28,35.25,35.8,35.74,0.06,0.1679,7202.81,25703.235,35.68501043342806
001396.SZ,20260605,41.85,42.32,40.8,41.4,41.44,-0.04,-0.0965,13623.83,56357.389,41.36677351376228
001400.SZ,20260605,105.13,116.22,102.59,116.22,105.65,10.57,10.0047,26061.61,290226.406,111.36165647479186
001696.SZ,20260605,14.3,14.83,13.98,14.5,14.26,0.24,1.683,290510.58,419201.735,14.429826789785075
001872.SZ,20260605,21.63,22.1,21.63,21.84,21.68,0.16,0.738,18472.0,40498.713,21.92437906019922
001896.SZ,20260605,23.01,24.04,19.88,19.88,22.09,-2.21,-10.0045,2996420.76,6518799.907,21.755288823322662
001914.SZ,20260605,9.55,9.73,9.51,9.58,9.53,0.05,0.5247,59089.95,56921.394,9.633007643431752
001965.SZ,20260605,9.48,9.69,9.37,9.5,9.48,0.02,0.211,144638.67,137378.397,9.498040669206926
001979.SZ,20260605,8.66,9.05,8.43,8.45,8.63,-0.18,-2.0857,718973.37,625206.681,8.695825284878074
002001.SZ,20260605,30.99,32.79,30.82,31.74,30.68,1.06,3.455,563511.76,1805371.752,32.03787179170848
002003.SZ,20260605,9.21,9.31,9.07,9.09,9.22,-0.13,-1.41,48962.19,44865.84,9.163364628910593
002004.SZ,20260605,4.47,4.52,4.45,4.46,4.46,0.0,0.0,121811.0,54685.63,4.48938355320948
002005.SZ,20260605,2.84,2.87,2.8,2.81,2.85,-0.04,-1.4035,124686.0,35331.01,2.8335988001860675
002006.SZ,20260605,15.93,16.54,15.37,16.32,15.98,0.34,2.1277,152492.1,243395.827,15.961208941315647
002007.SZ,20260605,13.38,13.53,13.35,13.45,13.38,0.07,0.5232,58784.92,79038.239,13.445325603913385
002008.SZ,20260605,133.99,135.62,127.0,127.87,134.65,-6.78,-5.0353,568179.32,7457995.986,131.26130648331235
002009.SZ,20260605,21.34,22.54,20.65,21.92,21.45,0.47,2.1911,318609.37,688993.815,21.625033030258965
002010.SZ,20260605,5.1,5.16,5.08,5.1,5.08,0.02,0.3937,211251.01,108233.436,5.123451764798663
002011.SZ,20260605,11.59,11.62,11.15,11.33,11.56,-0.23,-1.9896,212881.69,241641.631,11.350982369596935
002012.SZ,20260605,7.53,8.07,7.4,7.62,7.57,0.05,0.6605,382072.0,293820.045,7.690174757637304
002014.SZ,20260605,10.2,10.3,10.16,10.18,10.17,0.01,0.0983,16240.0,16608.879,10.22714224137931
002015.SZ,20260605,23.98,24.44,22.29,22.32,24.12,-1.8,-7.4627,1495529.2,3455689.034,23.106797473429474
002016.SZ,20260605,4.66,5.02,4.62,4.88,4.64,0.24,5.1724,241013.09,117093.026,4.85836790026633
002017.SZ,20260605,16.18,16.79,16.06,16.48,16.2,0.28,1.7284,128051.34,211978.124,16.554151170928787
002019.SZ,20260605,10.06,10.15,10.01,10.04,10.03,0.01,0.0997,65423.21,65842.559,10.064097894309985
002020.SZ,20260605,12.7,12.93,12.61,12.68,12.63,0.05,0.3959,84209.42,107236.967,12.734557131494315
002021.SZ,20260605,2.66,2.73,2.64,2.67,2.66,0.01,0.3759,355411.14,95549.112,2.6884107234230195
002022.SZ,20260605,5.29,5.32,5.2,5.27,5.21,0.06,1.1516,52020.0,27384.533,5.264231641676278
002023.SZ,20260605,11.39,12.19,11.18,11.86,11.38,0.48,4.2179,573199.03,672076.911,11.725018289022575
002024.SZ,20260605,1.26,1.28,1.25,1.26,1.26,0.0,0.0,323643.0,40889.919,1.2634266460266406
002025.SZ,20260605,67.91,67.91,64.27,64.8,67.91,-3.11,-4.5796,229901.86,1507592.613,65.5754856876756
002026.SZ,20260605,12.27,12.66,11.95,12.41,12.27,0.14,1.141,93475.64,115375.422,12.342833063245141
002027.SZ,20260605,5.44,5.52,5.36,5.39,5.44,-0.05,-0.9191,1538118.0,833926.273,5.421731447132146
002028.SZ,20260605,191.05,192.78,176.46,177.49,192.8,-15.31,-7.9409,226660.46,4124937.423,181.98751661405788
002029.SZ,20260605,8.21,8.4,8.07,8.13,8.23,-0.1,-1.2151,151480.93,124261.349,8.203101802979425
002030.SZ,20260605,6.15,6.26,6.05,6.09,6.15,-0.06,-0.9756,365983.62,224452.911,6.1328676676841445
002031.SZ,20260605,6.32,6.86,6.1,6.67,6.45,0.22,3.4109,2681507.71,1736520.872,6.47591228443643
002032.SZ,20260605,45.45,46.0,44.11,44.16,45.46,-1.3,-2.8597,28918.67,129153.676,44.661001353105114
002033.SZ,20260605,8.68,8.93,8.67,8.8,8.68,0.12,1.3825,262298.56,230991.02,8.806415864425638
002034.SZ,20260605,19.74,19.74,18.3,18.42,19.56,-1.14,-5.8282,167113.74,313063.009,18.733528972542896
002035.SZ,20260605,4.99,5.07,4.97,5.02,4.99,0.03,0.6012,68550.9,34420.213,5.021117592912713
002036.SZ,20260605,8.81,9.45,8.47,9.09,8.85,0.24,2.7119,901606.73,811172.991,8.996971340264952
002037.SZ,20260605,7.06,7.24,7.0,7.17,7.06,0.11,1.5581,58151.0,41487.353,7.134417808808103
002038.SZ,20260605,5.63,5.74,5.5,5.6,5.6,0.0,0.0,214657.0,120477.08,5.612539073964511
002039.SZ,20260605,21.63,22.08,20.4,20.51,21.63,-1.12,-5.178,187707.82,395015.187,21.044151863252154
002040.SZ,20260605,8.76,9.05,8.76,8.94,8.8,0.14,1.5909,85184.62,76250.523,8.951207741491364
002041.SZ,20260605,8.49,8.62,8.43,8.47,8.49,-0.02,-0.2356,102056.2,86788.441,8.503985157197702
002042.SZ,20260605,3.86,3.97,3.79,3.88,3.85,0.03,0.7792,358413.52,139158.591,3.8826267212241317
002043.SZ,20260605,12.3,12.55,12.28,12.39,12.35,0.04,0.3239,97214.26,120453.74,12.39054229286938
002044.SZ,20260605,5.47,5.52,5.3,5.33,5.48,-0.15,-2.7372,1034188.06,555025.782,5.366778088696943
002045.SZ,20260605,9.04,9.32,8.77,9.12,9.03,0.09,0.9967,179531.19,163121.135,9.085949633598485
002046.SZ,20260605,56.73,56.95,54.4,54.88,56.18,-1.3,-2.314,184717.73,1023535.064,55.41076452162984
002047.SZ,20260605,4.69,4.81,4.64,4.76,4.69,0.07,1.4925,282485.0,133578.003,4.7286759650954915
002048.SZ,20260605,25.1,26.57,24.15,25.85,25.3,0.55,2.1739,282609.25,716967.209,25.369559170480088
002049.SZ,20260605,76.07,77.75,73.03,75.14,77.27,-2.13,-2.7566,379816.45,2856025.747,75.19489340179973
002050.SZ,20260605,46.61,49.36,45.17,47.51,47.01,0.5,1.0636,2016417.61,9503739.218,47.1318003317775
002051.SZ,20260605,12.08,12.47,11.71,11.77,12.02,-0.25,-2.0799,1145977.59,1376576.164,12.012243310970854
002052.SZ,20260605,9.2,9.79,9.04,9.42,9.26,0.16,1.7279,178141.06,167877.879,9.423873361930147
002053.SZ,20260605,12.08,12.34,11.44,11.44,12.16,-0.72,-5.9211,196431.02,230975.46,11.758604114563983
002054.SZ,20260605,7.55,7.73,7.45,7.6,7.6,0.0,0.0,91092.91,69319.235,7.60972890206274
002055.SZ,20260605,6.73,6.8,6.38,6.43,6.72,-0.29,-4.3155,441313.0,290300.822,6.578116257622141
002056.SZ,20260605,29.01,30.18,27.82,29.16,29.42,-0.26,-0.8838,1119997.39,3245109.023,28.97425522571977
002057.SZ,20260605,9.84,10.34,9.78,10.06,9.82,0.24,2.444,399422.04,403182.86,10.094156546794464
002058.SZ,20260605,24.15,24.44,23.96,24.27,24.2,0.07,0.2893,8085.0,19541.698,24.170312925170066
002059.SZ,20260605,4.41,4.54,4.4,4.52,4.4,0.12,2.7273,97788.0,44042.999,4.503926759929644
002060.SZ,20260605,3.54,3.59,3.47,3.49,3.59,-0.1,-2.7855,390088.0,137136.425,3.515525342999528
002061.SZ,20260605,3.51,3.55,3.49,3.5,3.51,-0.01,-0.2849,176013.32,62009.037,3.5229741135500428
002062.SZ,20260605,8.0,8.0,7.7,7.79,8.0,-0.21,-2.625,222530.46,174223.368,7.829191922759698
002063.SZ,20260605,5.7,5.77,5.65,5.67,5.71,-0.04,-0.7005,285109.43,162723.639,5.707409923270514
002064.SZ,20260605,10.04,10.48,10.01,10.22,10.06,0.16,1.5905,542158.24,556817.074,10.270379253112523
002065.SZ,20260605,7.28,7.4,7.23,7.28,7.28,0.0,0.0,339817.7,248259.791,7.3056756902303785
002066.SZ,20260605,24.01,25.37,23.31,24.22,23.72,0.5,2.1079,86322.15,210647.707,24.40250932118813
002067.SZ,20260605,4.68,4.84,4.58,4.74,4.7,0.04,0.8511,496413.76,233317.258,4.700056219231312
002068.SZ,20260605,10.63,11.09,10.52,10.76,10.64,0.12,1.1278,370677.27,401559.684,10.833134818328622
002069.SZ,20260605,3.35,3.43,3.33,3.39,3.38,0.01,0.2959,113695.0,38489.282,3.3853099960420425
002072.SZ,20260605,9.0,9.43,8.8,9.09,8.99,0.1,1.1123,459761.17,418588.672,9.104480745949033
002073.SZ,20260605,5.61,5.8,5.56,5.71,5.61,0.1,1.7825,217321.01,123497.343,5.6827153067252905
002074.SZ,20260605,31.02,31.02,29.95,30.01,30.66,-0.65,-2.12,323784.73,984561.382,30.40790039727939
002075.SZ,20260605,3.69,3.73,3.65,3.67,3.69,-0.02,-0.542,292182.8,107847.937,3.6911117629100687
002076.SZ,20260605,2.54,2.61,2.53,2.55,2.52,0.03,1.1905,289817.3,74482.007,2.569964146377735
002077.SZ,20260605,17.23,17.39,16.26,16.66,17.39,-0.73,-4.1978,356358.12,598441.395,16.793258281865448
002078.SZ,20260605,13.17,13.4,13.1,13.18,13.18,0.0,0.0,145307.28,192405.472,13.24128233630139
002079.SZ,20260605,12.1,12.54,11.64,12.26,12.31,-0.05,-0.4062,475082.87,574538.426,12.09343595150042
002080.SZ,20260605,62.8,66.35,60.93,62.73,63.8,-1.07,-1.6771,539436.8,3450405.674,63.963112527732626
002081.SZ,20260605,6.11,6.38,5.72,5.78,6.05,-0.27,-4.4628,3145727.06,1873886.512,5.956926574551576
002082.SZ,20260605,13.46,13.79,13.26,13.27,13.96,-0.69,-4.9427,231309.7,308273.297,13.327296563870863
002083.SZ,20260605,9.47,9.55,9.27,9.36,9.47,-0.11,-1.1616,224436.57,210989.818,9.400866267025913
002084.SZ,20260605,3.25,3.34,3.18,3.28,3.21,0.07,2.1807,161316.74,52765.201,3.2709067267290424
002085.SZ,20260605,11.4,11.87,11.25,11.6,11.48,0.12,1.0453,355037.7,410609.621,11.565240001273104
002086.SZ,20260605,1.92,1.96,1.89,1.92,1.94,-0.02,-1.0309,548118.66,105287.036,1.9208803436832453
002088.SZ,20260605,8.69,8.75,8.43,8.65,8.68,-0.03,-0.3456,31237.34,26846.138,8.594245860883161
002090.SZ,20260605,10.19,10.25,9.9,10.06,10.21,-0.15,-1.4691,82769.4,83261.012,10.059395380418367
002091.SZ,20260605,8.29,8.34,8.2,8.29,8.28,0.01,0.1208,117294.1,97006.948,8.270403029649403
002092.SZ,20260605,4.47,4.62,4.47,4.54,4.46,0.08,1.7937,574203.13,261075.777,4.546749457809469
002093.SZ,20260605,7.15,7.39,7.09,7.24,7.15,0.09,1.2587,137818.43,99799.746,7.241393331791691
002094.SZ,20260605,5.09,5.15,5.0,5.07,5.05,0.02,0.396,164059.09,83249.965,5.074389050920617
002095.SZ,20260605,13.82,14.12,13.66,13.91,13.76,0.15,1.0901,24673.0,34279.545,13.893545576135857
002096.SZ,20260605,11.91,12.45,11.9,12.17,11.77,0.4,3.3985,264018.65,322291.282,12.207140745549603
002097.SZ,20260605,8.45,8.54,8.3,8.44,8.42,0.02,0.2375,159713.21,134783.266,8.439080649621907
002098.SZ,20260605,7.14,7.32,7.03,7.22,7.12,0.1,1.4045,33788.8,24335.994,7.202384813902832
002099.SZ,20260605,5.79,5.84,5.55,5.58,5.72,-0.14,-2.4476,285752.34,161695.749,5.658597546392796
002100.SZ,20260605,6.44,6.52,6.3,6.4,6.44,-0.04,-0.6211,140364.88,90018.954,6.413210626475796
002101.SZ,20260605,8.81,9.02,8.68,8.91,8.82,0.09,1.0204,80401.8,71213.702,8.857227325756389
002102.SZ,20260605,2.26,2.29,2.23,2.27,2.26,0.01,0.4425,118113.0,26780.193,2.267336618323131
002103.SZ,20260605,6.6,6.78,6.56,6.7,6.62,0.08,1.2085,67366.92,44996.194,6.679271369390199
002104.SZ,20260605,11.76,12.02,11.67,11.83,11.77,0.06,0.5098,221185.57,262745.917,11.878980938946423
002105.SZ,20260605,5.69,5.93,5.59,5.84,5.69,0.15,2.6362,78880.83,45632.988,5.7850542394140625
002106.SZ,20260605,12.68,14.06,12.64,13.52,12.83,0.69,5.378,815063.52,1100065.263,13.496681375213555
002107.SZ,20260605,6.22,6.41,6.19,6.22,6.21,0.01,0.161,90517.52,56928.289,6.2892011402875365
002108.SZ,20260605,4.7,4.8,4.62,4.75,4.69,0.06,1.2793,426300.59,202053.788,4.739702283780559
002109.SZ,20260605,2.84,2.88,2.81,2.82,2.84,-0.02,-0.7042,78279.5,22211.18,2.837419758685224
002110.SZ,20260605,3.05,3.11,3.04,3.07,3.06,0.01,0.3268,144667.74,44499.324,3.0759673165558543
002111.SZ,20260605,9.95,10.13,9.83,10.02,9.91,0.11,1.11,66782.8,66811.104,10.00423821702594
002112.SZ,20260605,17.68,17.99,17.17,17.67,17.75,-0.08,-0.4507,126115.73,221788.793,17.586132435660485
002114.SZ,20260605,7.49,7.69,7.34,7.5,7.5,0.0,0.0,95836.02,72076.794,7.520845919936992
002115.SZ,20260605,12.04,12.68,11.91,12.3,11.82,0.48,4.0609,869478.66,1078518.895,12.404202019173189
002116.SZ,20260605,8.86,9.06,8.86,8.98,8.92,0.06,0.6726,19319.0,17375.467,8.993978466794347
002117.SZ,20260605,9.15,9.34,9.1,9.23,9.07,0.16,1.7641,80192.35,73987.005,9.226192398651493
002119.SZ,20260605,24.3,25.58,23.92,24.83,24.5,0.33,1.3469,490655.23,1223576.579,24.937603926080637
002120.SZ,20260605,6.67,6.8,6.66,6.74,6.67,0.07,1.0495,288100.83,194310.735,6.744539229546821
002121.SZ,20260605,7.03,7.2,6.72,6.94,7.03,-0.09,-1.2802,463189.78,323501.171,6.984203559068163
002122.SZ,20260605,2.59,2.64,2.58,2.61,2.6,0.01,0.3846,141635.89,36968.621,2.6101167578358844
002123.SZ,20260605,7.96,8.13,7.8,8.01,7.97,0.04,0.5019,157505.37,125557.68,7.971644395362519
002124.SZ,20260605,2.41,2.47,2.34,2.38,2.41,-0.03,-1.2448,838468.0,199429.188,2.3784949216905114
002125.SZ,20260605,16.25,17.38,15.9,16.98,16.2,0.78,4.8148,902859.17,1509462.66,16.71869445596925
002126.SZ,20260605,50.8,51.68,48.6,50.06,50.77,-0.71,-1.3985,241596.76,1213067.679,50.21042827726663
002127.SZ,20260605,2.87,2.97,2.87,2.92,2.89,0.03,1.0381,278319.0,81457.422,2.9267646836902985
002128.SZ,20260605,29.5,29.73,28.8,29.02,29.63,-0.61,-2.0587,182778.86,534158.472,29.224302635436068
002129.SZ,20260605,9.46,9.8,9.3,9.42,9.55,-0.13,-1.3613,1858029.84,1775339.407,9.554956377880346
002130.SZ,20260605,20.86,21.28,20.51,20.56,20.96,-0.4,-1.9084,443394.87,924706.897,20.855155518601286
002131.SZ,20260605,5.73,5.82,5.51,5.6,5.71,-0.11,-1.9264,2604135.3,1463953.611,5.6216495778848365
002132.SZ,20260605,5.46,6.17,5.41,5.86,5.61,0.25,4.4563,2357830.43,1400013.677,5.937719944516959
002133.SZ,20260605,2.79,2.86,2.77,2.83,2.79,0.04,1.4337,167797.0,47363.488,2.822665959462922
002134.SZ,20260605,26.51,29.37,25.36,26.56,26.7,-0.14,-0.5243,224483.01,618699.019,27.56106214897956
002135.SZ,20260605,7.02,7.7,7.02,7.45,7.01,0.44,6.2767,395149.94,292887.996,7.412072389533957
002136.SZ,20260605,12.41,12.7,11.99,12.45,12.33,0.12,0.9732,63609.0,78852.51,12.396439183134461
002137.SZ,20260605,10.24,10.95,10.24,10.35,10.54,-0.19,-1.8027,1151474.96,1216822.5,10.567511602683918
002138.SZ,20260605,51.2,55.61,48.8,55.61,50.55,5.06,10.0099,811177.49,4303363.809,53.05082872800132
002139.SZ,20260605,9.85,10.48,9.55,10.12,9.87,0.25,2.5329,367974.5,368397.246,10.01148845911877
002140.SZ,20260605,10.09,10.2,9.92,10.07,10.05,0.02,0.199,54680.79,55080.092,10.073024182715722
002141.SZ,20260605,3.18,3.22,3.13,3.14,3.19,-0.05,-1.5674,160398.46,50819.509,3.168328985203474
002142.SZ,20260605,30.5,30.95,30.4,30.56,30.45,0.11,0.3612,165457.09,508102.763,30.709035375879026
002144.SZ,20260605,11.46,11.8,11.27,11.58,11.47,0.11,0.959,38579.99,44703.968,11.587345668052274
002145.SZ,20260605,4.36,4.46,4.35,4.4,4.4,0.0,0.0,459253.02,202283.553,4.4046210735859725
002146.SZ,20260605,1.27,1.32,1.26,1.27,1.27,0.0,0.0,1010591.0,129916.826,1.2855529685105052
002148.SZ,20260605,6.41,6.7,6.37,6.58,6.43,0.15,2.3328,146128.82,95665.543,6.54665814724296
002149.SZ,20260605,63.8,66.0,61.7,65.0,62.51,2.49,3.9834,654795.22,4198295.967,64.11616699034548
002150.SZ,20260605,28.6,28.64,27.03,27.21,28.6,-1.39,-4.8601,159844.54,438618.391,27.440311129801493
002151.SZ,20260605,34.35,35.47,33.89,34.94,34.15,0.79,2.3133,224089.73,780688.997,34.83823185471284
002152.SZ,20260605,10.14,10.32,10.06,10.17,10.12,0.05,0.4941,179790.59,183448.62,10.203460592681742
002153.SZ,20260605,8.11,8.26,8.05,8.06,8.07,-0.01,-0.1239,164887.95,134035.684,8.128895046605892
002154.SZ,20260605,3.99,4.09,3.98,4.02,3.99,0.03,0.7519,247200.89,100004.552,4.045477020734027
002155.SZ,20260605,24.78,25.02,24.28,24.45,24.87,-0.42,-1.6888,313648.45,773241.005,24.65311099098369
002156.SZ,20260605,70.8,71.01,66.37,66.84,71.1,-4.26,-5.9916,1479878.95,10162891.081,68.67379984694018
002157.SZ,20260605,3.05,3.08,3.02,3.04,3.07,-0.03,-0.9772,1313043.31,399510.295,3.0426284644030517
002158.SZ,20260605,28.76,29.28,27.9,28.51,28.83,-0.32,-1.11,93125.03,265765.253,28.53854146409403
002159.SZ,20260605,14.24,14.64,14.23,14.46,14.2,0.26,1.831,31479.0,45393.626,14.420288446265763
002160.SZ,20260605,4.38,4.5,4.33,4.39,4.38,0.01,0.2283,242381.0,107190.417,4.422393545698714
002161.SZ,20260605,6.01,6.2,5.94,6.03,6.0,0.03,0.5,156724.01,95415.632,6.088131103842991
002162.SZ,20260605,3.77,3.88,3.71,3.78,3.71,0.07,1.8868,161328.52,61094.869,3.7869850290574787
002163.SZ,20260605,9.77,10.06,9.69,9.86,9.78,0.08,0.818,212010.0,209820.051,9.896705391255129
002164.SZ,20260605,12.21,13.45,11.65,13.33,12.23,1.1,8.9943,431476.82,558527.942,12.944564252605737
002165.SZ,20260605,6.55,6.77,6.41,6.64,6.58,0.06,0.9119,394117.62,261313.292,6.630337714918708
002166.SZ,20260605,7.69,7.78,7.6,7.7,7.7,0.0,0.0,62121.14,47798.58,7.694414494003169
002167.SZ,20260605,13.83,14.3,13.53,13.65,14.04,-0.39,-2.7778,715924.94,993619.03,13.878815703780345
002168.SZ,20260605,3.63,3.7,3.55,3.65,3.6,0.05,1.3889,55798.2,20273.742,3.6334043033646246
002169.SZ,20260605,15.7,16.08,15.41,15.76,15.97,-0.21,-1.315,306669.61,482767.972,15.742282777872905
002170.SZ,20260605,11.48,11.69,11.42,11.54,11.49,0.05,0.4352,117581.0,136003.468,11.5667895323224
002171.SZ,20260605,12.7,13.27,12.7,12.85,12.64,0.21,1.6614,1452624.04,1885751.759,12.981691800997595
002172.SZ,20260605,3.23,3.29,3.19,3.26,3.21,0.05,1.5576,160600.6,52160.249,3.2478240429985945
002173.SZ,20260605,17.67,18.26,17.49,17.65,17.63,0.02,0.1134,162992.0,289050.023,17.734000625797584
002174.SZ,20260605,10.86,11.05,10.63,10.69,10.85,-0.16,-1.4747,261389.55,282067.971,10.791095933253645
002175.SZ,20260605,2.48,2.55,2.48,2.5,2.49,0.01,0.4016,182608.0,45977.24,2.517810829755542
002176.SZ,20260605,11.0,11.26,10.67,11.05,10.97,0.08,0.7293,784880.55,866137.293,11.035275278512124
002177.SZ,20260605,6.61,6.68,6.52,6.56,6.6,-0.04,-0.6061,285532.0,188458.476,6.600257624364344
002178.SZ,20260605,5.45,5.52,5.36,5.42,5.42,0.0,0.0,127098.0,69208.897,5.445317550236824
002179.SZ,20260605,38.75,39.37,37.64,37.78,39.22,-1.44,-3.6716,449961.27,1736350.473,38.58888728356553
002180.SZ,20260605,15.49,15.71,15.1,15.23,15.57,-0.34,-2.1837,165692.54,254263.565,15.345504692003635
002181.SZ,20260605,15.38,15.87,14.2,15.04,15.33,-0.29,-1.8917,988059.57,1480126.319,14.980132412461732
002182.SZ,20260605,13.95,14.36,13.51,14.0,14.05,-0.05,-0.3559,247168.26,344244.053,13.92751856569286
002183.SZ,20260605,6.52,7.01,6.4,7.01,6.37,0.64,10.0471,2040713.04,1384468.192,6.784237493773255
002184.SZ,20260605,11.4,12.04,10.91,11.75,11.25,0.5,4.4444,173766.13,201096.067,11.572800004235578
002185.SZ,20260605,18.98,19.16,17.89,18.08,19.26,-1.18,-6.1267,4088680.27,7554410.325,18.47640271710461
002186.SZ,20260605,9.23,9.44,9.21,9.39,9.25,0.14,1.5135,33056.0,30927.303,9.35603309535334
002187.SZ,20260605,5.42,5.72,5.42,5.55,5.43,0.12,2.2099,210379.15,117517.257,5.585974513158742
002188.SZ,20260605,5.73,6.0,5.63,5.9,5.74,0.16,2.7875,127233.99,74094.646,5.823494649503642
002189.SZ,20260605,20.5,21.04,20.01,20.67,20.52,0.15,0.731,34510.0,71140.207,20.614374674007536
002190.SZ,20260605,26.1,26.58,25.91,26.08,26.11,-0.03,-0.1149,35428.47,92739.639,26.176585949096868
002191.SZ,20260605,3.73,3.87,3.69,3.87,3.73,0.14,3.7534,256571.89,97996.685,3.8194630362663657
002192.SZ,20260605,75.9,79.5,73.28,76.79,76.1,0.69,0.9067,225293.81,1727390.012,76.67276841738351
002193.SZ,20260605,4.73,4.84,4.65,4.79,4.73,0.06,1.2685,50382.04,23943.635,4.752414749382915
002194.SZ,20260605,11.2,12.14,11.18,12.14,11.04,1.1,9.9638,362510.56,431494.459,11.902948675481342
002195.SZ,20260605,7.5,7.65,7.36,7.41,7.45,-0.04,-0.5369,1207898.72,902710.258,7.473393613663238
002196.SZ,20260605,13.0,14.0,12.32,13.68,13.11,0.57,4.3478,622329.83,821475.14,13.199996214226147
002197.SZ,20260605,6.47,6.69,6.4,6.55,6.47,0.08,1.2365,172023.3,112447.459,6.536757462506532
002198.SZ,20260605,3.88,3.97,3.83,3.92,3.9,0.02,0.5128,81872.5,31979.245,3.905981251335919
002199.SZ,20260605,13.08,13.35,12.62,13.23,13.09,0.14,1.0695,61979.01,80532.734,12.993549590417787
002200.SZ,20260605,6.99,7.33,6.72,6.9,7.0,-0.1,-1.4286,105835.16,74082.183,6.999770492150246
002201.SZ,20260605,10.5,10.87,10.1,10.57,10.43,0.14,1.3423,336751.01,354415.473,10.524555605638717
002202.SZ,20260605,23.85,23.95,22.97,23.0,23.63,-0.63,-2.6661,1164388.72,2713196.33,23.301465252944055
002203.SZ,20260605,19.49,19.75,18.88,19.04,19.49,-0.45,-2.3089,298878.69,576926.442,19.303030336488696
002204.SZ,20260605,5.81,5.88,5.73,5.78,5.81,-0.03,-0.5164,210300.52,122026.416,5.802478091827829
002205.SZ,20260605,12.25,12.6,12.08,12.44,12.28,0.16,1.3029,23321.01,28803.293,12.350791410835125
002206.SZ,20260605,5.36,5.47,5.28,5.36,5.33,0.03,0.5629,152546.0,82117.198,5.3831105371494505
002207.SZ,20260605,8.87,9.06,8.62,8.85,9.07,-0.22,-2.4256,250647.6,218662.695,8.723909385128763
002208.SZ,20260605,16.81,16.9,15.83,16.18,17.04,-0.86,-5.0469,734938.22,1189242.686,16.18153272801624
002209.SZ,20260605,12.43,12.72,12.31,12.56,12.5,0.06,0.48,56817.2,71252.471,12.540651598459622
002210.SZ,20260605,2.65,2.72,2.61,2.66,2.66,0.0,0.0,791227.1,211146.153,2.6685910151459673
002211.SZ,20260605,3.58,3.79,3.58,3.77,3.61,0.16,4.4321,139063.21,51925.109,3.7339213584958952
002212.SZ,20260605,6.47,6.65,6.4,6.49,6.47,0.02,0.3091,223554.45,145470.12,6.50714490362415
002213.SZ,20260605,38.0,39.5,37.11,37.76,38.59,-0.83,-2.1508,368271.61,1417737.415,38.49705968374809
002214.SZ,20260605,14.22,14.85,14.22,14.82,14.14,0.68,4.8091,88211.49,130225.514,14.762874314899339
002215.SZ,20260605,8.95,9.08,8.88,8.89,9.01,-0.12,-1.3319,94972.57,85118.535,8.962433574241489
002216.SZ,20260605,12.26,12.66,12.13,12.31,12.12,0.19,1.5677,94758.77,116669.553,12.312269671714818
002217.SZ,20260605,2.52,2.61,2.45,2.54,2.54,0.0,0.0,3703155.25,940922.122,2.540865987187548
002218.SZ,20260605,4.58,4.84,4.45,4.56,4.48,0.08,1.7857,894019.84,411552.031,4.603388119440392
002219.SZ,20260605,2.12,2.19,2.12,2.16,2.13,0.03,1.4085,555001.82,120347.854,2.1684226909382027
002221.SZ,20260605,6.6,6.82,6.53,6.68,6.63,0.05,0.7541,175149.0,117381.577,6.701812571010968
002222.SZ,20260605,96.3,100.0,93.79,94.4,97.2,-2.8,-2.8807,295035.62,2863389.522,97.0523329352571
002223.SZ,20260605,26.1,26.5,25.9,25.92,25.94,-0.02,-0.0771,70482.94,184332.378,26.15276519396041
002224.SZ,20260605,3.65,3.76,3.64,3.73,3.67,0.06,1.6349,112853.84,41891.562,3.71201919225788
002225.SZ,20260605,3.79,4.02,3.76,3.91,3.79,0.12,3.1662,545187.3,211677.806,3.8826620869561705
002226.SZ,20260605,5.01,5.15,5.0,5.12,5.03,0.09,1.7893,205638.9,104670.358,5.090007678508297
002227.SZ,20260605,8.3,8.35,8.11,8.22,8.25,-0.03,-0.3636,28115.0,23141.534,8.231027565356571
002228.SZ,20260605,3.33,3.39,3.3,3.34,3.33,0.01,0.3003,216328.96,72514.248,3.352036084304201
002229.SZ,20260605,13.6,14.3,13.41,14.1,13.73,0.37,2.6948,415661.17,577619.594,13.896404949252297
002230.SZ,20260605,45.83,46.43,45.01,46.03,45.84,0.19,0.4145,482054.83,2200804.679,45.654654658267816
002232.SZ,20260605,14.9,15.39,14.8,15.12,14.94,0.18,1.2048,40626.0,61345.629,15.100090828533453
002233.SZ,20260605,7.91,8.08,7.87,7.98,7.91,0.07,0.885,52306.44,41860.013,8.002841141549682
002234.SZ,20260605,7.16,7.33,7.05,7.17,7.22,-0.05,-0.6925,68326.53,49021.123,7.174537181970166
002235.SZ,20260605,10.08,10.67,10.01,10.6,10.1,0.5,4.9505,714808.94,747178.326,10.45283969168041
002236.SZ,20260605,16.69,17.25,16.55,16.92,16.69,0.23,1.3781,364335.25,618281.274,16.970119525903684
002237.SZ,20260605,13.41,13.58,13.21,13.26,13.48,-0.22,-1.632,184030.4,246197.744,13.378101878820022
002238.SZ,20260605,6.25,6.44,6.22,6.35,6.27,0.08,1.2759,56556.15,35799.46,6.3298969254448885
002239.SZ,20260605,2.57,2.65,2.57,2.6,2.58,0.02,0.7752,545004.0,141761.218,2.601104175382199
002240.SZ,20260605,42.76,44.89,41.36,43.55,42.49,1.06,2.4947,519800.56,2255473.843,43.39113915152381
002241.SZ,20260605,24.64,25.75,23.5,24.82,24.94,-0.12,-0.4812,1992806.57,4886532.573,24.520857400625687
002242.SZ,20260605,8.66,8.74,8.53,8.61,8.65,-0.04,-0.4624,75856.23,65553.984,8.64187213100361
002243.SZ,20260605,9.04,9.33,8.98,9.26,9.1,0.16,1.7582,330177.01,304917.321,9.234965238797214
002244.SZ,20260605,9.73,10.03,9.48,9.6,9.71,-0.11,-1.1329,206034.06,199777.997,9.696357825497396
002245.SZ,20260605,20.77,21.35,20.24,20.56,20.85,-0.29,-1.3909,1084343.71,2244343.294,20.697711189748134
002246.SZ,20260605,20.02,21.76,20.02,21.09,20.36,0.73,3.5855,272325.16,574306.581,21.089001875552007
002247.SZ,20260605,2.41,2.5,2.39,2.47,2.42,0.05,2.0661,234192.16,57441.689,2.4527588370165763
002248.SZ,20260605,9.87,10.28,9.56,10.08,9.83,0.25,2.5432,145992.0,145690.912,9.979376404186532
002249.SZ,20260605,8.22,8.59,7.99,8.38,8.22,0.16,1.9465,636366.5,528099.899,8.298675354532334
002250.SZ,20260605,13.96,14.33,13.96,14.05,14.06,-0.01,-0.0711,114299.99,161507.746,14.130162741046611
002251.SZ,20260605,4.46,4.86,4.44,4.86,4.42,0.44,9.9548,3431818.94,1638265.99,4.773754147997097
002252.SZ,20260605,5.16,5.26,5.13,5.19,5.14,0.05,0.9728,335494.94,174397.338,5.198210679421871
002253.SZ,20260605,11.4,11.45,11.17,11.21,11.5,-0.29,-2.5217,46029.18,51833.812,11.261076560564407
002254.SZ,20260605,13.84,15.53,13.52,15.53,14.12,1.41,9.9858,846184.25,1271458.818,15.025791581443402
002255.SZ,20260605,9.48,9.61,9.27,9.43,9.48,-0.05,-0.5274,159651.0,151008.733,9.45867755291229
002256.SZ,20260605,4.36,4.45,4.09,4.12,4.41,-0.29,-6.576,1163437.38,486320.735,4.180033608684638
002258.SZ,20260605,13.14,13.93,13.01,13.37,13.11,0.26,1.9832,351534.06,476252.378,13.547830272833307
002259.SZ,20260605,4.83,4.88,4.69,4.71,4.87,-0.16,-3.2854,127107.0,60405.105,4.752303571007104
002261.SZ,20260605,29.0,29.1,28.12,28.39,29.03,-0.64,-2.2046,474780.23,1355850.432,28.557432393509732
002262.SZ,20260605,19.53,19.68,19.29,19.32,19.43,-0.11,-0.5661,72410.18,141029.377,19.476457177706234
002263.SZ,20260605,3.87,3.94,3.78,3.83,3.9,-0.07,-1.7949,1154363.0,444025.756,3.846500242991156
002264.SZ,20260605,6.54,6.74,6.53,6.63,6.53,0.1,1.5314,170908.0,113310.161,6.6298921642053035
002265.SZ,20260605,20.03,20.38,19.68,19.94,20.03,-0.09,-0.4493,68155.76,136230.298,19.988082885437713
002266.SZ,20260605,4.99,5.07,4.9,4.94,5.0,-0.06,-1.2,781819.03,388740.031,4.97225081615115
002267.SZ,20260605,7.44,7.51,7.39,7.4,7.44,-0.04,-0.5376,51023.42,37976.73,7.442999704841425
002268.SZ,20260605,13.74,14.0,13.5,13.77,13.62,0.15,1.1013,99190.6,136779.348,13.789547396628308
002269.SZ,20260605,1.52,1.58,1.52,1.55,1.53,0.02,1.3072,540264.0,83839.203,1.5518191661854202
002270.SZ,20260605,20.45,20.88,19.8,20.59,20.43,0.16,0.7832,192370.61,391947.335,20.374595422866314
002271.SZ,20260605,12.84,13.04,12.78,12.81,12.84,-0.03,-0.2336,360317.7,465166.9,12.909909782394815
002272.SZ,20260605,19.81,20.0,18.81,19.0,19.81,-0.81,-4.0888,473170.91,917627.988,19.39316151113347
002273.SZ,20260605,36.77,37.99,35.1,36.22,37.18,-0.96,-2.582,728732.95,2668058.348,36.61229189650338
002274.SZ,20260605,5.58,5.7,5.51,5.58,5.55,0.03,0.5405,125496.11,70348.652,5.605644031516196
002275.SZ,20260605,12.91,13.12,12.87,13.07,12.87,0.2,1.554,11465.03,14915.612,13.009658064566771
002276.SZ,20260605,11.39,11.94,11.13,11.65,11.4,0.25,2.193,260251.42,300756.69,11.556389970898142
002277.SZ,20260605,6.67,6.88,6.66,6.7,6.75,-0.05,-0.7407,272847.44,184972.286,6.779330090104565
002278.SZ,20260605,8.94,9.01,8.66,8.89,8.85,0.04,0.452,83756.61,74255.661,8.86564785752432
002279.SZ,20260605,6.91,7.24,6.86,7.03,6.9,0.13,1.8841,475122.85,335257.927,7.056236655425013
002281.SZ,20260605,219.96,238.67,218.11,227.58,220.56,7.02,3.1828,736103.81,16977951.553,230.64615781570265
002282.SZ,20260605,6.2,6.33,6.14,6.26,6.21,0.05,0.8052,47359.18,29550.215,6.239595998072601
002283.SZ,20260605,10.85,10.95,10.64,10.68,10.85,-0.17,-1.5668,217195.63,234210.728,10.783399647589595
002284.SZ,20260605,11.51,11.77,11.23,11.47,11.46,0.01,0.0873,166920.39,192223.638,11.515887184303846
002285.SZ,20260605,2.56,2.65,2.52,2.54,2.57,-0.03,-1.1673,437628.0,112585.55,2.572631321579058
002286.SZ,20260605,8.78,9.02,8.66,8.75,8.88,-0.13,-1.464,73735.0,64710.685,8.776115142062793
002287.SZ,20260605,20.35,20.78,20.35,20.56,20.37,0.19,0.9327,13088.44,26970.883,20.60664448933563
002289.SZ,20260605,40.1,41.19,39.11,39.4,40.33,-0.93,-2.306,21891.0,87051.121,39.76571239322096
002290.SZ,20260605,87.96,88.33,82.48,83.37,89.47,-6.1,-6.8179,118971.08,1005017.074,84.475746038449
002291.SZ,20260605,5.82,5.89,5.65,5.74,5.8,-0.06,-1.0345,272591.36,156873.456,5.754894652567125
002292.SZ,20260605,6.98,7.12,6.91,6.99,6.95,0.04,0.5755,278602.5,195236.778,7.007718092981936
002293.SZ,20260605,9.73,9.98,9.65,9.65,9.74,-0.09,-0.924,40580.39,39778.354,9.802358725482923
002294.SZ,20260605,32.43,33.42,32.15,32.28,32.09,0.19,0.5921,207721.78,677927.398,32.63631757825299
002295.SZ,20260605,9.91,10.28,9.8,10.03,9.99,0.04,0.4004,41450.0,41657.392,10.05003425814234
002296.SZ,20260605,10.0,10.35,9.97,10.17,10.02,0.15,1.497,98410.02,100521.374,10.214546648806696
002297.SZ,20260605,21.1,21.38,20.25,20.44,20.78,-0.34,-1.6362,794809.02,1652964.707,20.797004883009507
002298.SZ,20260605,8.78,8.93,8.54,8.77,8.85,-0.08,-0.904,276286.3,241456.93,8.739373975473992
002299.SZ,20260605,16.38,16.59,16.19,16.28,16.4,-0.12,-0.7317,80531.0,131541.986,16.334329140331054
002300.SZ,20260605,8.26,8.38,8.12,8.23,8.31,-0.08,-0.9627,178995.6,147876.355,8.261451957478286
002301.SZ,20260605,7.53,7.59,7.22,7.48,7.53,-0.05,-0.664,147620.6,109658.536,7.428403352919578
002302.SZ,20260605,4.96,5.07,4.95,5.01,4.94,0.07,1.417,71687.0,36020.366,5.024671976787981
002303.SZ,20260605,3.21,3.27,3.19,3.25,3.22,0.03,0.9317,78336.0,25391.627,3.241373953227124
002304.SZ,20260605,43.28,44.15,42.91,43.3,43.01,0.29,0.6743,57651.09,251412.589,43.60933834902341
002305.SZ,20260605,2.26,2.31,2.21,2.24,2.26,-0.02,-0.885,299536.0,67366.925,2.249042686021046
002306.SZ,20260605,2.23,2.25,2.15,2.19,2.19,0.0,0.0,99251.0,21654.28,2.1817694532045016
002307.SZ,20260605,3.92,4.15,3.91,3.97,3.8,0.17,4.4737,349502.66,140765.152,4.027584568312013
002309.SZ,20260605,3.47,3.54,3.36,3.44,3.47,-0.03,-0.8646,1579437.0,543777.878,3.442858930112439
002310.SZ,20260605,2.67,2.84,2.67,2.72,2.7,0.02,0.7407,991748.74,271431.869,2.736901576502129
002311.SZ,20260605,44.42,45.1,43.95,44.09,44.57,-0.48,-1.077,74874.88,331871.2,44.3234366452407
002312.SZ,20260605,8.66,8.75,8.54,8.62,8.66,-0.04,-0.4619,213315.03,184501.963,8.64927159609897
002313.SZ,20260605,8.75,9.18,8.68,9.06,8.79,0.27,3.0717,105256.0,94735.075,9.000444155202555
002314.SZ,20260605,2.46,2.62,2.43,2.5,2.51,-0.01,-0.3984,872816.61,219634.288,2.516385291980179
002315.SZ,20260605,26.8,26.92,26.27,26.3,26.62,-0.32,-1.2021,57436.1,152385.191,26.53125664869307
002316.SZ,20260605,4.81,4.97,4.67,4.86,4.81,0.05,1.0395,184576.76,89068.31,4.825543042363512
002317.SZ,20260605,22.64,22.82,21.8,21.87,22.2,-0.33,-1.4865,246069.6,545604.855,22.17278587033912
002318.SZ,20260605,22.66,23.19,22.25,22.86,22.64,0.22,0.9717,155321.78,354010.199,22.79205137875706
002319.SZ,20260605,11.73,12.18,11.65,11.99,11.75,0.24,2.0426,129509.47,154650.596,11.941257731963537
002320.SZ,20260605,7.23,7.38,7.2,7.22,7.22,0.0,0.0,155324.29,113093.011,7.281089841131737
002321.SZ,20260605,1.86,1.92,1.86,1.89,1.87,0.02,1.0695,220863.48,41774.285,1.891407533739847
002322.SZ,20260605,11.1,11.26,11.06,11.09,11.14,-0.05,-0.4488,25139.0,28064.399,11.163689486455308
002323.SZ,20260605,1.46,1.54,1.43,1.5,1.51,-0.01,-0.6623,1360418.57,200719.926,1.4754277133985314
002324.SZ,20260605,11.87,12.49,11.61,12.21,11.85,0.36,3.038,270083.57,327181.076,12.114068101217708
002326.SZ,20260605,21.86,22.1,21.22,21.9,21.95,-0.05,-0.2278,273714.63,592952.032,21.663147198233432
002327.SZ,20260605,6.98,7.16,6.98,7.1,6.98,0.12,1.7192,47765.0,33938.336,7.105272898565897
002328.SZ,20260605,8.94,8.97,8.56,8.58,9.02,-0.44,-4.878,588087.71,513226.016,8.727031823195217
002329.SZ,20260605,3.92,3.92,3.56,3.56,3.95,-0.39,-9.8734,489108.6,178946.51,3.65862530325576
002330.SZ,20260605,3.89,4.0,3.88,3.96,3.89,0.07,1.7995,123794.49,48869.394,3.9476227092175105
002331.SZ,20260605,8.68,8.95,8.61,8.84,8.7,0.14,1.6092,123416.6,108771.616,8.813370000469952
002332.SZ,20260605,8.3,8.4,8.27,8.34,8.27,0.07,0.8464,45510.85,37962.517,8.341421221532887
002333.SZ,20260605,4.94,5.02,4.92,4.97,4.93,0.04,0.8114,41599.2,20678.581,4.970908334775669
002334.SZ,20260605,9.38,9.38,9.1,9.17,9.47,-0.3,-3.1679,621534.81,573771.938,9.231533435753983
002335.SZ,20260605,39.7,39.81,38.33,38.51,39.91,-1.4,-3.5079,272814.68,1062780.942,38.956149353839756
002337.SZ,20260605,5.16,5.36,5.08,5.26,5.17,0.09,1.7408,99123.0,51868.222,5.232713093832915
002338.SZ,20260605,52.54,54.2,51.22,53.21,52.93,0.28,0.529,59739.0,317069.203,53.07574666465793
002339.SZ,20260605,8.31,8.43,8.05,8.27,8.31,-0.04,-0.4813,149301.64,123258.409,8.255663434105612
002340.SZ,20260605,7.39,7.41,7.16,7.2,7.39,-0.19,-2.571,1509651.06,1096535.295,7.26350163990876
002342.SZ,20260605,11.1,11.38,10.7,11.1,11.05,0.05,0.4525,889762.68,988125.339,11.105493197354601
002343.SZ,20260605,4.94,5.14,4.92,5.08,4.93,0.15,3.0426,135297.2,68399.523,5.055501739873405
002344.SZ,20260605,3.86,4.02,3.85,3.91,3.89,0.02,0.5141,139524.4,54922.659,3.9364196513298033
002345.SZ,20260605,9.07,9.2,8.94,8.96,9.05,-0.09,-0.9945,107722.0,97407.199,9.042461057165665
002346.SZ,20260605,18.1,18.55,17.2,17.85,18.11,-0.26,-1.4357,46867.0,83547.646,17.826540209529092
002347.SZ,20260605,6.82,7.11,6.61,6.98,6.79,0.19,2.7982,263177.86,181718.795,6.904790357365168
002348.SZ,20260605,14.6,14.6,13.18,13.37,14.63,-1.26,-8.6124,393970.71,539541.014,13.69495244963769
002349.SZ,20260605,6.69,6.8,6.69,6.7,6.69,0.01,0.1495,51507.67,34798.169,6.755919846500531
002350.SZ,20260605,14.4,14.72,13.93,14.54,14.54,0.0,0.0,151162.61,217447.313,14.3849932863689
002351.SZ,20260605,10.9,11.14,10.62,10.93,10.96,-0.03,-0.2737,107259.5,117583.107,10.962488823833787
002352.SZ,20260605,34.25,34.88,34.25,34.86,34.25,0.61,1.781,170434.79,592074.782,34.73908009039703
002353.SZ,20260605,162.98,162.98,150.01,151.38,157.34,-5.96,-3.788,299090.36,4597236.134,153.70726538963007
002354.SZ,20260605,6.66,6.66,6.55,6.66,6.05,0.61,10.0826,1249607.28,831246.961,6.652065607364259
002355.SZ,20260605,5.22,5.33,5.07,5.22,5.25,-0.03,-0.5714,196018.0,102237.759,5.215733197971614
002356.SZ,20260605,3.2,3.37,3.19,3.19,3.21,-0.02,-0.6231,361638.1,117269.258,3.242724093506741
002357.SZ,20260605,10.5,11.07,10.41,10.44,10.58,-0.14,-1.3233,140582.0,150374.26,10.6965514788522
002358.SZ,20260605,6.23,6.32,6.12,6.24,6.23,0.01,0.1605,171450.02,106854.517,6.23240038117231
002360.SZ,20260605,6.06,6.06,5.86,5.9,6.03,-0.13,-2.1559,100074.31,59235.924,5.919193847052256
002361.SZ,20260605,15.45,16.81,15.15,16.81,15.28,1.53,10.0131,1485371.45,2421921.852,16.305159574731288
002362.SZ,20260605,16.04,16.52,15.72,16.26,16.05,0.21,1.3084,41915.77,67836.172,16.18392600207512
002363.SZ,20260605,6.95,7.14,6.84,7.03,6.91,0.12,1.7366,61084.93,42797.365,7.006206768183248
002364.SZ,20260605,52.95,57.37,52.25,52.95,53.69,-0.74,-1.3783,482568.13,2641133.224,54.73078431433091
002365.SZ,20260605,11.55,11.71,11.38,11.45,11.5,-0.05,-0.4348,55743.31,64218.573,11.520408996164742
002366.SZ,20260605,6.24,6.44,6.21,6.28,6.26,0.02,0.3195,438060.25,277438.007,6.3333298787096055
002367.SZ,20260605,5.62,5.73,5.57,5.65,5.61,0.04,0.713,61089.0,34535.08,5.653240354237261
002368.SZ,20260605,15.7,16.17,15.62,15.82,15.76,0.06,0.3807,117776.0,187636.316,15.931625798125253
002369.SZ,20260605,6.32,6.5,6.14,6.34,6.32,0.02,0.3165,174620.37,110806.064,6.345540557496242
002370.SZ,20260605,5.69,5.73,5.52,5.65,5.64,0.01,0.1773,181881.0,102002.453,5.60819728283878
002371.SZ,20260605,615.0,619.59,600.0,603.36,627.0,-23.64,-3.7703,80843.36,4927541.316,609.5171348642609
002372.SZ,20260605,9.5,9.54,9.34,9.45,9.42,0.03,0.3185,64269.67,60495.257,9.412722517479862
002373.SZ,20260605,7.67,7.8,7.53,7.64,7.61,0.03,0.3942,222957.04,170704.356,7.656378825266069
002374.SZ,20260605,3.55,3.6,3.42,3.43,3.52,-0.09,-2.5568,345074.32,120175.422,3.4825953435190424
002375.SZ,20260605,4.01,4.14,4.01,4.04,4.01,0.03,0.7481,194989.0,79241.925,4.06391770817841
002376.SZ,20260605,6.4,6.56,6.37,6.45,6.41,0.04,0.624,96346.85,62272.638,6.463380795531975
002377.SZ,20260605,2.84,2.89,2.8,2.86,2.82,0.04,1.4184,241436.0,68811.53,2.8500940207756917
002378.SZ,20260605,30.48,31.4,29.53,29.69,31.03,-1.34,-4.3184,619193.29,1877341.843,30.31915676928605
002379.SZ,20260605,19.3,19.68,18.55,18.63,19.44,-0.81,-4.1667,401372.74,765086.619,19.06174841370642
002380.SZ,20260605,38.3,39.35,37.1,38.41,38.41,0.0,0.0,79029.7,301923.523,38.20380477212997
002381.SZ,20260605,5.63,5.78,5.51,5.71,5.57,0.14,2.5135,52756.39,29827.095,5.65374071273641
002382.SZ,20260605,6.3,6.35,6.08,6.1,6.29,-0.19,-3.0207,188994.01,116686.123,6.1740646171801945
002383.SZ,20260605,7.68,7.96,7.65,7.84,7.68,0.16,2.0833,142057.0,111239.417,7.8306184841296105
002384.SZ,20260605,232.08,241.8,219.05,221.41,237.8,-16.39,-6.8923,844740.8,19466323.94,230.4413843867847
002385.SZ,20260605,3.29,3.31,3.22,3.25,3.3,-0.05,-1.5152,568679.41,185164.082,3.2560363316125684
002386.SZ,20260605,5.75,5.79,5.65,5.78,5.75,0.03,0.5217,160693.5,92235.906,5.739865395924539
002387.SZ,20260605,8.52,9.26,8.41,9.26,8.42,0.84,9.9762,902756.69,826919.434,9.159936926083596
002388.SZ,20260605,5.42,5.65,5.09,5.59,5.49,0.1,1.8215,561637.95,303413.788,5.402302105831702
002389.SZ,20260605,18.88,19.21,18.61,18.93,18.9,0.03,0.1587,163506.01,309482.688,18.927909010806392
002390.SZ,20260605,2.94,3.01,2.94,2.96,2.95,0.01,0.339,164449.44,48921.198,2.9748473451779462
002391.SZ,20260605,5.41,5.57,5.4,5.49,5.43,0.06,1.105,54781.24,30095.494,5.493759177411829
002392.SZ,20260605,7.81,8.11,7.59,8.02,7.79,0.23,2.9525,278407.0,220263.429,7.911562173364894
002393.SZ,20260605,14.37,14.59,14.34,14.4,14.35,0.05,0.3484,14230.0,20546.978,14.43919747013352
002394.SZ,20260605,10.15,10.23,9.8,9.94,10.07,-0.13,-1.291,55395.0,55599.837,10.036977525047385
002395.SZ,20260605,15.19,16.78,15.0,15.68,15.4,0.28,1.8182,205702.97,323894.672,15.745746014265132
002396.SZ,20260605,21.27,22.53,20.95,21.32,21.38,-0.06,-0.2806,379094.28,823451.595,21.72155156231848
002397.SZ,20260605,4.57,4.7,4.47,4.53,4.58,-0.05,-1.0917,166242.0,75716.197,4.554576881895069
002398.SZ,20260605,4.35,4.48,4.33,4.4,4.36,0.04,0.9174,141672.02,62368.599,4.4023229851596675
002399.SZ,20260605,9.44,9.72,9.41,9.63,9.45,0.18,1.9048,38871.5,37287.677,9.592549039784933
002400.SZ,20260605,7.61,7.74,7.35,7.44,7.61,-0.17,-2.2339,764259.81,574452.191,7.516451650126675
002401.SZ,20260605,12.5,12.88,12.49,12.71,12.55,0.16,1.2749,32610.71,41411.583,12.698767674791503
002402.SZ,20260605,25.6,26.32,24.78,25.58,25.63,-0.05,-0.1951,321670.99,821230.126,25.530127102851274
002403.SZ,20260605,9.97,10.95,9.55,10.62,10.01,0.61,6.0939,141603.5,146255.252,10.328505439484195
002404.SZ,20260605,7.48,7.57,7.2,7.22,7.43,-0.21,-2.8264,326037.54,238748.09,7.3227178072807195
002405.SZ,20260605,7.91,8.06,7.7,7.88,7.89,-0.01,-0.1267,567797.61,447204.813,7.87613059871809
002406.SZ,20260605,7.59,8.34,7.32,8.07,7.58,0.49,6.4644,970739.0,774311.125,7.976511966656331
002407.SZ,20260605,32.23,34.15,31.56,33.2,32.76,0.44,1.3431,1265233.72,4190312.869,33.1188839086584
002408.SZ,20260605,5.09,5.22,5.03,5.13,5.1,0.03,0.5882,256326.63,131439.523,5.127813797575382
002409.SZ,20260605,113.74,119.09,111.41,115.0,117.78,-2.78,-2.3603,258014.4,2984385.316,115.66739360283768
002410.SZ,20260605,9.37,9.7,9.37,9.47,9.37,0.1,1.0672,305192.43,290648.127,9.52343827794156
002412.SZ,20260605,6.51,6.58,6.4,6.46,6.41,0.05,0.78,73241.85,47564.499,6.494169521933157
002413.SZ,20260605,10.48,10.83,10.25,10.6,10.36,0.24,2.3166,878344.7,933081.722,10.62318383659627
002414.SZ,20260605,12.72,12.87,12.39,12.53,12.77,-0.24,-1.8794,493756.77,622679.726,12.611062041741727
002415.SZ,20260605,30.77,31.53,30.51,31.28,30.63,0.65,2.1221,761527.2,2379650.205,31.248394082312494
002416.SZ,20260605,10.35,10.63,10.27,10.52,10.34,0.18,1.7408,178975.03,188000.619,10.504293196654304
002418.SZ,20260605,4.51,4.65,4.4,4.55,4.52,0.03,0.6637,645748.0,292285.741,4.526312756679076
002419.SZ,20260605,4.69,4.85,4.69,4.79,4.69,0.1,2.1322,124975.0,59987.413,4.799953030606121
002420.SZ,20260605,5.7,5.89,5.55,5.79,5.7,0.09,1.5789,135901.8,77926.131,5.734002860889261
002421.SZ,20260605,4.86,5.21,4.82,5.21,4.74,0.47,9.9156,7792543.37,4003760.01,5.137937410029455
002422.SZ,20260605,34.18,35.63,34.18,34.61,33.88,0.73,2.1547,174180.86,609164.723,34.97311489907674
002423.SZ,20260605,9.06,9.11,8.91,8.92,9.03,-0.11,-1.2182,110277.0,99259.78,9.000950334158528
002424.SZ,20260605,4.63,4.66,4.59,4.59,4.62,-0.03,-0.6494,62095.0,28674.469,4.6178386343505915
002425.SZ,20260605,2.9,3.1,2.9,2.99,2.88,0.11,3.8194,255665.0,76549.153,2.994119374963331
002426.SZ,20260605,3.55,3.99,3.52,3.82,3.63,0.19,5.2342,5410588.54,2087166.827,3.8575596934968557
002427.SZ,20260605,4.5,4.68,4.5,4.59,4.54,0.05,1.1013,145732.32,67011.666,4.5982707199061945
002428.SZ,20260605,87.04,92.49,85.2,85.5,88.61,-3.11,-3.5098,818613.59,7271575.344,88.82793338429673
002429.SZ,20260605,12.05,12.39,11.71,11.82,12.23,-0.41,-3.3524,1175124.47,1415204.648,12.043019136517515
002430.SZ,20260605,25.08,25.48,24.61,25.0,25.22,-0.22,-0.8723,156911.81,392884.775,25.038572622417654
002431.SZ,20260605,1.62,1.67,1.6,1.63,1.65,-0.02,-1.2121,218807.51,35639.143,1.628789752234738
002432.SZ,20260605,73.42,74.0,69.61,70.68,73.92,-3.24,-4.3831,231336.12,1647063.094,71.19783516728819
002434.SZ,20260605,7.17,7.39,6.97,7.3,7.19,0.11,1.5299,270119.2,194185.55,7.1888836484041105
002436.SZ,20260605,39.5,40.39,37.5,37.9,40.87,-2.97,-7.2669,1852203.38,7184962.299,38.79143282310607
002437.SZ,20260605,2.86,2.92,2.81,2.82,2.85,-0.03,-1.0526,431338.45,123179.363,2.855747337154849
002438.SZ,20260605,16.71,17.28,16.34,17.0,16.85,0.15,0.8902,128903.99,217512.009,16.87395471621941
002439.SZ,20260605,14.0,14.1,13.59,13.78,13.87,-0.09,-0.6489,190894.4,264272.31,13.843900606827651
002440.SZ,20260605,8.98,9.15,8.89,8.99,8.98,0.01,0.1114,215246.26,194151.017,9.019948453459772
002441.SZ,20260605,8.91,9.12,8.68,8.95,8.93,0.02,0.224,79797.0,70926.834,8.888408586788977
002442.SZ,20260605,5.5,5.56,5.25,5.49,5.49,0.0,0.0,331984.72,180255.657,5.429637153179821
002443.SZ,20260605,11.3,11.41,10.83,10.88,11.39,-0.51,-4.4776,271013.0,299480.008,11.050392711788732
002444.SZ,20260605,32.12,32.8,31.53,31.67,32.26,-0.59,-1.8289,99192.24,317672.185,32.02591099868296
002445.SZ,20260605,3.58,3.69,3.51,3.53,3.61,-0.08,-2.2161,1250964.12,451608.514,3.610083668906507
002446.SZ,20260605,9.91,10.76,9.85,10.62,9.78,0.84,8.589,1395476.4,1480749.217,10.611065991513723
002448.SZ,20260605,13.0,13.21,12.65,13.08,12.99,0.09,0.6928,138228.22,179405.516,12.978935560336378
002449.SZ,20260605,8.34,8.76,8.18,8.57,8.42,0.15,1.7815,393383.46,335799.317,8.536182914248606
002451.SZ,20260605,8.2,8.32,7.96,8.22,8.15,0.07,0.8589,99731.0,81538.507,8.175843719605739
002452.SZ,20260605,11.07,11.59,10.87,11.27,11.07,0.2,1.8067,269200.56,304406.998,11.30781444139641
002453.SZ,20260605,5.59,5.76,5.34,5.6,5.61,-0.01,-0.1783,205062.2,114295.0,5.573674719182765
002454.SZ,20260605,5.64,5.81,5.56,5.66,5.66,0.0,0.0,122612.5,69647.35,5.680281374248139
002455.SZ,20260605,8.33,8.41,8.05,8.22,8.32,-0.1,-1.2019,260669.76,215201.436,8.255711594624554
002456.SZ,20260605,9.95,10.19,9.76,9.86,10.05,-0.19,-1.8905,2099321.35,2089092.003,9.951273076892205
002457.SZ,20260605,11.88,12.4,11.86,12.2,11.9,0.3,2.521,333097.65,404982.842,12.158081631617634
002458.SZ,20260605,7.84,7.94,7.71,7.81,7.88,-0.07,-0.8883,180477.7,140806.912,7.801900844259429
002459.SZ,20260605,8.62,8.68,8.4,8.44,8.62,-0.18,-2.0882,490554.51,418583.464,8.532863432445051
002460.SZ,20260605,66.79,68.05,64.68,65.65,66.79,-1.14,-1.7068,561626.66,3716227.755,66.16900549201137
002461.SZ,20260605,9.33,9.78,9.33,9.4,9.33,0.07,0.7503,161333.65,153116.35,9.49066422286981
002462.SZ,20260605,13.6,13.92,13.6,13.73,13.55,0.18,1.3284,75163.01,103548.792,13.776562700189896
002463.SZ,20260605,137.1,141.28,131.81,133.22,140.82,-7.6,-5.397,955056.0,13031904.56,136.45173225444373
002465.SZ,20260605,15.01,16.4,14.76,15.92,14.91,1.01,6.774,2295478.15,3643226.806,15.871319907793502
002466.SZ,20260605,59.46,61.2,57.81,59.06,59.46,-0.4,-0.6727,574124.33,3416563.652,59.5091250008513
002467.SZ,20260605,5.53,5.59,5.4,5.5,5.56,-0.06,-1.0791,412581.43,226654.645,5.493573595883847
002468.SZ,20260605,13.74,14.09,13.65,13.9,13.73,0.17,1.2382,190641.84,265725.193,13.938450919273546
002469.SZ,20260605,6.3,6.38,6.22,6.3,6.3,0.0,0.0,65365.7,41196.799,6.302510185005286
002470.SZ,20260605,2.26,2.3,2.23,2.25,2.27,-0.02,-0.8811,848789.0,191992.759,2.2619609702764762
002471.SZ,20260605,7.63,7.95,7.59,7.95,7.23,0.72,9.9585,945321.99,747418.123,7.906492506325807
002472.SZ,20260605,41.4,44.21,39.05,42.86,41.39,1.47,3.5516,561344.02,2349735.662,41.8591020529621
002474.SZ,20260605,7.0,7.22,6.87,7.16,7.07,0.09,1.273,289315.25,205268.116,7.0949635734721905
002475.SZ,20260605,73.0,73.39,67.98,68.77,74.59,-5.82,-7.8027,2551045.38,18017428.381,70.62762788249577
002476.SZ,20260605,5.2,5.32,5.12,5.24,5.2,0.04,0.7692,86745.02,45443.136,5.238702579122121
002478.SZ,20260605,7.27,7.29,7.06,7.12,7.29,-0.17,-2.332,185484.04,132435.418,7.139989941991774
002479.SZ,20260605,5.31,5.6,5.31,5.34,5.36,-0.02,-0.3731,252048.1,137112.866,5.439948406673171
002480.SZ,20260605,6.16,6.26,6.0,6.04,6.41,-0.37,-5.7722,274917.03,166836.035,6.068595859630812
002481.SZ,20260605,4.01,4.09,4.01,4.04,4.01,0.03,0.7481,77629.0,31432.653,4.04908642388798
002482.SZ,20260605,1.47,1.51,1.46,1.48,1.47,0.01,0.6803,546458.0,81131.507,1.4846796460112213
002483.SZ,20260605,5.89,5.95,5.68,5.73,5.88,-0.15,-2.551,176435.0,101665.161,5.762187831212628
002484.SZ,20260605,92.01,95.0,88.48,90.0,96.35,-6.35,-6.5906,830857.54,7623531.801,91.75498125707566
002485.SZ,20260605,4.6,4.69,4.56,4.59,4.64,-0.05,-1.0776,24882.0,11485.231,4.615879350534523
002486.SZ,20260605,2.42,2.52,2.4,2.48,2.42,0.06,2.4793,299642.91,73963.025,2.468372270179862
002487.SZ,20260605,67.57,67.96,63.3,63.67,67.58,-3.91,-5.7857,270714.25,1745700.421,64.48498448086868
002488.SZ,20260605,10.52,10.59,10.16,10.19,10.52,-0.33,-3.1369,182269.09,188040.435,10.316638712576005
002489.SZ,20260605,3.7,3.76,3.54,3.65,3.7,-0.05,-1.3514,426469.0,156001.562,3.6579812835165044
002490.SZ,20260605,7.61,7.63,7.34,7.48,7.75,-0.27,-3.4839,345568.0,258530.105,7.4813091779331415
002491.SZ,20260605,26.42,28.58,24.65,24.82,26.83,-2.01,-7.4916,2972135.04,7966036.774,26.80240522987812
002492.SZ,20260605,5.95,6.11,5.8,6.03,5.94,0.09,1.5152,99951.0,59749.074,5.977836539904553
002493.SZ,20260605,11.0,11.8,10.93,11.43,11.0,0.43,3.9091,629782.21,725641.995,11.522110079927472
002494.SZ,20260605,5.12,5.35,4.98,5.25,5.09,0.16,3.1434,134633.0,69603.489,5.169868382937318
002495.SZ,20260605,2.36,2.45,2.35,2.42,2.35,0.07,2.9787,293151.1,70540.406,2.4062814705453945
002496.SZ,20260605,2.37,2.45,2.29,2.38,2.38,0.0,0.0,286577.6,67998.742,2.372786358738436
002497.SZ,20260605,21.11,22.3,20.39,21.2,21.15,0.05,0.2364,500248.43,1065694.767,21.30331057710666
002498.SZ,20260605,8.17,8.3,7.94,7.97,8.23,-0.26,-3.1592,865161.11,696857.067,8.054650849944007
002500.SZ,20260605,5.06,5.1,5.03,5.06,5.06,0.0,0.0,213395.8,108138.681,5.067516839600405
002501.SZ,20260605,1.66,1.74,1.58,1.7,1.66,0.04,2.4096,1701965.39,281637.202,1.6547763171611851
002506.SZ,20260605,3.49,3.53,3.37,3.44,3.49,-0.05,-1.4327,2701058.31,929482.858,3.441180275741622
002507.SZ,20260605,11.49,11.64,11.47,11.57,11.47,0.1,0.8718,65587.14,75928.907,11.576797982043432
002508.SZ,20260605,16.16,16.94,16.1,16.7,16.15,0.55,3.4056,86899.0,144537.061,16.632764588775473
002510.SZ,20260605,6.19,6.39,6.08,6.3,6.18,0.12,1.9417,213215.51,133280.146,6.250959228997928
002511.SZ,20260605,7.02,7.16,7.01,7.04,7.02,0.02,0.2849,105815.68,74794.248,7.0683520627566745
002512.SZ,20260605,4.28,4.38,4.19,4.29,4.3,-0.01,-0.2326,314960.75,135255.261,4.294352899527957
002513.SZ,20260605,5.52,5.68,5.4,5.61,5.52,0.09,1.6304,70719.0,39335.388,5.562209307258303
002514.SZ,20260605,3.94,4.17,3.94,4.05,4.15,-0.1,-2.4096,485809.16,193757.292,3.9883416772133318
002515.SZ,20260605,7.1,7.1,6.58,6.68,6.92,-0.24,-3.4682,733990.64,495816.188,6.7550750783416
002516.SZ,20260605,5.9,6.17,5.68,6.06,5.92,0.14,2.3649,350975.0,209542.279,5.970290732958188
002517.SZ,20260605,15.23,15.73,15.1,15.22,15.23,-0.01,-0.0657,542144.44,835899.006,15.418381972154878
002518.SZ,20260605,51.01,53.21,49.23,50.9,51.23,-0.33,-0.6442,160423.83,821019.835,51.17817190874946
002519.SZ,20260605,6.5,6.74,6.37,6.62,6.46,0.16,2.4768,482651.18,318762.149,6.604400076262115
002520.SZ,20260605,6.21,6.51,5.95,6.35,6.26,0.09,1.4377,835913.18,520894.068,6.231437432294104
002521.SZ,20260605,7.45,7.51,7.35,7.42,7.45,-0.03,-0.4027,29800.34,22092.346,7.413454343138367
002522.SZ,20260605,7.1,7.4,7.03,7.29,7.1,0.19,2.6761,903416.31,653144.57,7.229718600054939
002523.SZ,20260605,3.48,3.57,3.45,3.52,3.49,0.03,0.8596,239847.97,84511.892,3.52356086232458
002524.SZ,20260605,3.74,3.84,3.68,3.79,3.71,0.08,2.1563,117668.9,44380.511,3.7716432294344555
002526.SZ,20260605,2.96,3.04,2.94,3.0,2.98,0.02,0.6711,245391.12,73366.634,2.9897835748905663
002527.SZ,20260605,14.68,15.6,14.51,15.43,14.89,0.54,3.6266,424704.17,643351.455,15.148225528371901
002528.SZ,20260605,4.8,5.04,4.72,4.83,4.8,0.03,0.625,202885.9,98778.673,4.868681017261426
002529.SZ,20260605,7.73,7.91,7.55,7.68,7.74,-0.06,-0.7752,35271.0,27227.856,7.71961554818406
002530.SZ,20260605,7.6,7.92,7.58,7.86,7.68,0.18,2.3438,248003.02,192586.334,7.765483420322866
002531.SZ,20260605,10.05,10.11,9.47,9.77,9.99,-0.22,-2.2022,496315.16,485577.678,9.783655973756677
002532.SZ,20260605,14.3,14.41,13.72,13.81,14.35,-0.54,-3.7631,799644.36,1122573.503,14.038409562470997
002533.SZ,20260605,12.08,12.15,11.82,11.92,12.13,-0.21,-1.7312,119261.0,142541.027,11.952023461148238
002534.SZ,20260605,19.95,20.17,19.4,19.72,20.03,-0.31,-1.5477,134224.57,265135.229,19.753106975868874
002535.SZ,20260605,2.59,2.69,2.54,2.64,2.6,0.04,1.5385,279143.5,73007.642,2.6154161569228735
002536.SZ,20260605,40.0,41.55,39.3,39.55,41.4,-1.85,-4.4686,358939.81,1449650.661,40.38701254675541
002537.SZ,20260605,6.13,6.25,6.08,6.14,6.11,0.03,0.491,201087.53,124013.755,6.1671529308654796
002538.SZ,20260605,6.04,6.06,5.91,5.96,6.07,-0.11,-1.8122,89532.0,53575.043,5.983898829468793
002539.SZ,20260605,12.08,12.32,11.9,11.94,12.13,-0.19,-1.5664,179346.96,217387.921,12.121082007746327
002540.SZ,20260605,5.31,5.42,5.26,5.34,5.3,0.04,0.7547,109962.5,58879.752,5.3545301352733885
002541.SZ,20260605,19.45,19.76,18.24,18.41,19.5,-1.09,-5.5897,110959.34,209127.18,18.847190331160945
002542.SZ,20260605,1.59,1.63,1.58,1.61,1.59,0.02,1.2579,258061.0,41425.075,1.6052435276930646
002543.SZ,20260605,7.25,7.43,7.22,7.33,7.22,0.11,1.5235,31718.36,23262.763,7.334163241731288
002544.SZ,20260605,20.36,21.5,20.13,20.8,20.32,0.48,2.3622,185990.14,388038.524,20.863392220684386
002545.SZ,20260605,20.53,21.45,20.33,20.74,20.6,0.14,0.6796,187924.94,392726.487,20.898050413106425
002546.SZ,20260605,7.12,7.26,7.0,7.14,7.13,0.01,0.1403,155438.0,110965.186,7.138871189799149
002547.SZ,20260605,3.48,3.61,3.43,3.54,3.46,0.08,2.3121,362487.0,128287.688,3.5390976228113007
002548.SZ,20260605,3.96,4.07,3.95,3.99,3.97,0.02,0.5038,219215.56,87816.133,4.0059260848089435
002549.SZ,20260605,16.44,16.44,15.83,15.99,16.5,-0.51,-3.0909,253783.08,407352.972,16.051226582954232
002550.SZ,20260605,6.03,6.12,6.01,6.06,5.98,0.08,1.3378,106891.7,64834.982,6.065483288225373
002551.SZ,20260605,3.02,3.09,2.98,3.05,3.01,0.04,1.3289,141156.03,42899.514,3.0391556067424115
002552.SZ,20260605,58.0,61.58,57.35,58.32,59.0,-0.68,-1.1525,208345.0,1232833.691,59.17270349660419
002553.SZ,20260605,17.83,18.73,17.43,18.4,17.93,0.47,2.6213,116703.5,211905.675,18.15761095425587
002554.SZ,20260605,3.09,3.14,3.03,3.1,3.1,0.0,0.0,222522.0,68756.045,3.0898538122073322
002555.SZ,20260605,19.01,19.8,19.01,19.5,19.0,0.5,2.6316,439203.53,860413.488,19.590313584228248
002556.SZ,20260605,5.1,5.2,5.09,5.16,5.1,0.06,1.1765,69863.0,35949.873,5.145767144268067
002557.SZ,20260605,21.18,21.63,21.17,21.26,21.16,0.1,0.4726,56546.05,120932.917,21.386625060459572
002558.SZ,20260605,25.25,26.08,25.14,25.79,25.25,0.54,2.1386,419723.49,1077636.869,25.67492396005761
002559.SZ,20260605,9.67,10.19,9.19,9.94,9.7,0.24,2.4742,418284.5,409056.196,9.779377337673282
002560.SZ,20260605,8.68,8.84,8.42,8.69,8.69,0.0,0.0,469755.9,406615.664,8.65589264552079
002561.SZ,20260605,7.05,7.28,7.05,7.17,7.04,0.13,1.8466,39185.0,28185.025,7.192809748628301
002562.SZ,20260605,4.89,5.0,4.81,4.9,4.88,0.02,0.4098,215981.78,106056.651,4.910444343962718
002563.SZ,20260605,5.41,5.55,5.4,5.46,5.41,0.05,0.9242,135706.19,74595.609,5.496846459251417
002564.SZ,20260605,5.04,5.19,4.92,5.08,5.06,0.02,0.3953,149491.0,75577.096,5.055628499374545
002565.SZ,20260605,14.9,15.55,14.32,15.34,14.57,0.77,5.2848,1302261.74,1963946.788,15.081044982554737
002566.SZ,20260605,6.85,7.02,6.76,6.9,6.81,0.09,1.3216,61346.0,42399.381,6.911515176213609
002567.SZ,20260605,3.43,3.49,3.41,3.45,3.44,0.01,0.2907,158697.33,54896.017,3.459164498860819
002568.SZ,20260605,18.24,19.25,18.23,18.38,18.0,0.38,2.1111,228999.03,428120.292,18.695288447291677
002569.SZ,20260605,15.72,16.06,15.42,15.88,15.81,0.07,0.4428,14720.0,23263.761,15.804185461956521
002570.SZ,20260605,5.56,5.97,5.44,5.6,5.72,-0.12,-2.0979,1688933.73,957324.618,5.668218953741897
002571.SZ,20260605,12.06,12.88,11.72,12.66,11.99,0.67,5.588,191218.04,236423.063,12.364056393423969
002572.SZ,20260605,8.87,8.99,8.73,8.81,8.81,0.0,0.0,71834.35,63638.486,8.859060602622561
002573.SZ,20260605,3.36,3.4,3.35,3.37,3.36,0.01,0.2976,61030.11,20576.114,3.3714692632865977
002574.SZ,20260605,4.81,4.98,4.74,4.89,4.81,0.08,1.6632,69785.01,34060.401,4.880761785374824
002575.SZ,20260605,5.95,6.0,5.76,5.83,5.92,-0.09,-1.5203,419014.67,245161.934,5.850915291342903
002576.SZ,20260605,15.91,16.66,15.42,16.25,15.97,0.28,1.7533,76113.0,121699.779,15.98935516928777
002577.SZ,20260605,17.68,18.23,17.45,17.93,17.84,0.09,0.5045,30691.88,54945.866,17.902411321821926
002578.SZ,20260605,3.85,4.0,3.76,3.9,3.89,0.01,0.2571,411106.0,160308.953,3.899455444581203
002579.SZ,20260605,19.58,19.9,18.55,18.69,20.61,-1.92,-9.3159,1745576.73,3335940.398,19.110820742895672
002580.SZ,20260605,23.1,23.22,21.76,21.85,23.09,-1.24,-5.3703,752099.73,1667634.019,22.173043713232023
002581.SZ,20260605,4.23,4.32,4.14,4.24,4.26,-0.02,-0.4695,67059.2,28339.411,4.226028792469937
002582.SZ,20260605,9.64,9.78,9.5,9.66,9.64,0.02,0.2075,146181.16,141120.347,9.653798546953658
002583.SZ,20260605,8.27,9.02,8.24,8.75,8.27,0.48,5.8041,638531.22,557563.644,8.731971539308603
002584.SZ,20260605,7.46,7.71,7.1,7.55,7.49,0.06,0.8011,313696.54,233420.88,7.440977194074248
002585.SZ,20260605,12.98,12.98,11.71,11.82,11.8,0.02,0.1695,2961004.86,3646255.746,12.314251135676962
002586.SZ,20260605,4.06,4.13,3.98,3.98,4.06,-0.08,-1.9704,47123.0,19025.776,4.037471298516648
002587.SZ,20260605,6.75,7.13,6.67,7.05,6.76,0.29,4.2899,340044.15,236966.955,6.968711415855852
002588.SZ,20260605,8.78,9.01,8.78,8.89,8.82,0.07,0.7937,106276.0,94808.158,8.92093774699838
002589.SZ,20260605,2.82,2.89,2.82,2.87,2.81,0.06,2.1352,256262.19,73389.759,2.8638543594745682
002590.SZ,20260605,12.45,12.7,11.79,12.04,12.44,-0.4,-3.2154,280388.0,339402.485,12.104743605289812
002591.SZ,20260605,7.56,7.74,7.35,7.59,7.63,-0.04,-0.5242,113330.0,85506.839,7.544942998323481
002592.SZ,20260605,6.93,7.02,6.81,6.99,6.9,0.09,1.3043,23453.0,16244.86,6.926559501982688
002593.SZ,20260605,4.67,4.77,4.59,4.73,4.64,0.09,1.9397,106410.0,49893.568,4.6888044356733385
002594.SZ,20260605,93.52,94.0,92.3,93.01,93.44,-0.43,-0.4602,339968.97,3159266.076,92.92807152370406
002595.SZ,20260605,52.24,52.43,50.51,50.79,52.24,-1.45,-2.7757,58547.47,298423.777,50.97125067914976
002596.SZ,20260605,3.74,3.81,3.69,3.77,3.74,0.03,0.8021,269772.0,101758.299,3.7720111427427607
002597.SZ,20260605,19.23,19.55,19.01,19.2,19.23,-0.03,-0.156,45570.2,87864.911,19.281221280573707
002598.SZ,20260605,6.97,7.18,6.94,7.12,6.97,0.15,2.1521,46717.0,32961.788,7.055630284478883
002599.SZ,20260605,6.11,6.42,6.01,6.23,6.11,0.12,1.964,119841.0,74045.853,6.178674493704158
002600.SZ,20260605,14.86,15.55,14.17,15.08,14.99,0.09,0.6004,2738233.97,4093430.053,14.949161020743597
002601.SZ,20260605,13.98,14.2,13.66,13.93,13.95,-0.02,-0.1434,245433.67,342882.421,13.97047198128928
002602.SZ,20260605,14.86,15.45,14.85,14.94,14.88,0.06,0.4032,1356683.9,2059949.031,15.183706617289408
002603.SZ,20260605,15.25,15.59,15.25,15.4,15.17,0.23,1.5162,124199.2,192042.274,15.462440498811587
002605.SZ,20260605,18.6,19.6,18.6,19.2,18.58,0.62,3.3369,88858.0,171470.065,19.297088050597583
002606.SZ,20260605,14.24,14.38,13.54,13.88,13.98,-0.1,-0.7153,348770.26,485409.419,13.917741122766603
002607.SZ,20260605,2.2,2.22,2.15,2.17,2.19,-0.02,-0.9132,1228594.95,268520.565,2.1855906619183156
002608.SZ,20260605,10.46,11.13,9.63,9.83,10.5,-0.67,-6.381,1717901.86,1750585.563,10.190253609714352
002609.SZ,20260605,7.64,7.83,7.53,7.71,7.61,0.1,1.3141,63672.06,48907.593,7.681170202440443
002611.SZ,20260605,17.79,19.24,17.28,18.43,17.6,0.83,4.7159,851288.12,1553383.207,18.247443732681244
002612.SZ,20260605,12.67,12.98,12.58,12.62,12.62,0.0,0.0,35547.78,45221.646,12.721369942089211
002613.SZ,20260605,4.51,4.96,4.39,4.96,4.51,0.45,9.9778,1222514.14,585531.41,4.789567587332773
002614.SZ,20260605,5.03,5.17,5.02,5.09,5.02,0.07,1.3944,79877.2,40639.56,5.087754703469826
002615.SZ,20260605,8.17,8.33,7.87,8.08,8.12,-0.04,-0.4926,146629.25,118082.719,8.053148945384361
002616.SZ,20260605,5.83,5.93,5.57,5.59,5.84,-0.25,-4.2808,224076.29,127473.389,5.6888387878967475
002617.SZ,20260605,8.57,8.79,8.08,8.58,8.74,-0.16,-1.8307,1865445.59,1570152.982,8.417039823713111
002620.SZ,20260605,6.49,6.63,6.42,6.46,6.31,0.15,2.3772,245694.25,161503.943,6.5733708867830645
002622.SZ,20260605,2.48,2.62,2.39,2.47,2.45,0.02,0.8163,279564.0,69336.491,2.480165221559285
002623.SZ,20260605,17.73,19.29,17.18,18.42,17.76,0.66,3.7162,78236.11,143019.74,18.28052800682447
002624.SZ,20260605,13.93,14.56,13.86,13.96,13.92,0.04,0.2874,1031474.7,1471116.467,14.262264183503483
002625.SZ,20260605,38.4,38.46,37.39,37.5,38.21,-0.71,-1.8582,313454.28,1185826.769,37.83093244092886
002626.SZ,20260605,14.88,14.99,14.67,14.78,14.84,-0.06,-0.4043,27468.23,40665.35,14.804503238832645
002627.SZ,20260605,7.27,7.6,7.0,7.1,7.13,-0.03,-0.4208,345718.15,250920.22,7.257941765568281
002628.SZ,20260605,5.0,5.11,4.93,5.04,5.03,0.01,0.1988,203623.0,102273.612,5.022694489325862
002629.SZ,20260605,5.5,5.5,5.16,5.18,5.41,-0.23,-4.2514,286261.08,149665.088,5.228272317005161
002630.SZ,20260605,1.89,1.94,1.83,1.85,1.85,0.0,0.0,544981.67,102702.49,1.8845127396670056
002631.SZ,20260605,7.05,7.45,6.81,7.45,6.77,0.68,10.0443,449267.96,321759.773,7.161867785986785
002632.SZ,20260605,10.22,10.77,10.02,10.49,10.31,0.18,1.7459,212505.34,221994.556,10.44654011988593
002633.SZ,20260605,16.7,17.64,16.53,17.22,16.75,0.47,2.806,28661.5,48892.928,17.05874709976798
002634.SZ,20260605,4.87,5.03,4.68,4.78,4.8,-0.02,-0.4167,99533.0,48027.339,4.825267901098128
002635.SZ,20260605,17.08,18.08,16.61,17.65,17.25,0.4,2.3188,409175.82,722496.647,17.657364186378363
002636.SZ,20260605,53.99,59.4,52.8,58.16,54.0,4.16,7.7037,887279.0,5174580.791,58.31965808950736
002637.SZ,20260605,12.85,13.48,12.82,13.09,12.86,0.23,1.7885,346311.29,454108.262,13.11271896449001
002638.SZ,20260605,4.41,4.51,4.28,4.31,4.41,-0.1,-2.2676,368322.5,161111.059,4.37418455293934
002639.SZ,20260605,15.44,15.79,15.04,15.1,15.45,-0.35,-2.2654,440659.1,675265.381,15.32398584302469
002640.SZ,20260605,3.67,3.84,3.63,3.65,3.67,-0.02,-0.545,904274.0,334818.368,3.7026207543288874
002641.SZ,20260605,4.13,4.28,4.12,4.22,4.15,0.07,1.6867,165590.9,69599.284,4.2030862807074545
002642.SZ,20260605,7.54,7.75,7.36,7.61,7.59,0.02,0.2635,188981.6,143206.734,7.577813607250653
002643.SZ,20260605,14.25,14.8,13.58,14.41,14.32,0.09,0.6285,304157.08,433933.808,14.266766632557097
002644.SZ,20260605,7.47,7.63,7.45,7.58,7.47,0.11,1.4726,26112.49,19750.689,7.563694232147143
002645.SZ,20260605,30.59,33.0,30.59,31.17,30.0,1.17,3.9,1351987.69,4370561.387,32.32693181548125
002646.SZ,20260605,7.22,7.4,7.22,7.27,7.21,0.06,0.8322,48896.83,35781.826,7.317821216631017
002647.SZ,20260605,12.7,12.8,12.0,12.11,12.7,-0.59,-4.6457,359627.2,440592.6,12.251370307918865
002648.SZ,20260605,23.07,24.67,22.68,23.97,23.51,0.46,1.9566,599555.87,1435463.705,23.94211743769601
002649.SZ,20260605,9.3,9.47,9.15,9.31,9.26,0.05,0.54,98469.18,91699.105,9.312467616771055
002650.SZ,20260605,7.54,7.54,7.35,7.44,7.54,-0.1,-1.3263,33546.0,24868.966,7.413392356763847
002651.SZ,20260605,7.99,8.25,7.98,8.16,8.02,0.14,1.7456,66649.34,54119.523,8.120038848096621
002652.SZ,20260605,5.05,5.16,4.86,5.03,5.06,-0.03,-0.5929,242925.0,122013.482,5.022681156735618
002653.SZ,20260605,49.34,49.92,47.5,47.58,48.7,-1.12,-2.2998,51124.73,247749.317,48.45978003209014
002654.SZ,20260605,15.4,15.71,14.85,15.09,15.77,-0.68,-4.312,599122.35,910144.397,15.191294349142542
002655.SZ,20260605,37.09,40.38,33.85,37.78,37.09,0.69,1.8603,511303.59,1917658.643,37.50528415026383
002656.SZ,20260605,3.34,3.43,3.28,3.41,3.37,0.04,1.1869,101198.26,33960.77,3.3558650119083073
002657.SZ,20260605,18.79,19.66,18.61,18.92,18.91,0.01,0.0529,236364.56,451459.444,19.100132608712578
002658.SZ,20260605,7.78,7.94,7.63,7.87,7.78,0.09,1.1568,92904.0,72412.5,7.7943360888659265
002659.SZ,20260605,4.3,4.4,4.22,4.34,4.29,0.05,1.1655,110546.0,47812.273,4.325102038970202
002660.SZ,20260605,7.49,7.84,7.3,7.65,7.5,0.15,2.0,90140.0,68566.299,7.606645107610383
002661.SZ,20260605,7.56,7.77,7.55,7.72,7.56,0.16,2.1164,26201.0,20141.055,7.687132170527843
002662.SZ,20260605,3.34,3.4,3.28,3.36,3.32,0.04,1.2048,185575.02,62015.413,3.3417974574379676
002663.SZ,20260605,1.86,1.91,1.83,1.84,1.86,-0.02,-1.0753,406236.0,75621.03,1.8615048887838594
002664.SZ,20260605,18.0,19.43,17.51,18.81,18.18,0.63,3.4653,141121.67,260944.632,18.490755672038176
002666.SZ,20260605,4.56,4.64,4.47,4.52,4.54,-0.02,-0.4405,149381.0,68066.254,4.556553644707158
002667.SZ,20260605,22.51,23.77,22.5,23.2,22.64,0.56,2.4735,225691.45,528580.248,23.420481724052905
002668.SZ,20260605,9.25,9.59,9.2,9.55,9.28,0.27,2.9095,171622.1,162427.965,9.464280241297594
002669.SZ,20260605,16.57,17.05,16.33,16.62,16.55,0.07,0.423,587400.28,981449.991,16.708367776058942
002670.SZ,20260605,10.97,11.45,10.94,11.03,10.96,0.07,0.6387,262291.02,294698.542,11.235555910377716
002671.SZ,20260605,4.23,4.36,4.15,4.29,4.22,0.07,1.6588,156019.04,66599.393,4.268670862222969
002672.SZ,20260605,3.64,3.73,3.63,3.67,3.65,0.02,0.5479,118478.37,43511.188,3.6725005585407704
002673.SZ,20260605,6.38,6.45,6.34,6.36,6.34,0.02,0.3155,252391.06,161380.304,6.394057856090466
002674.SZ,20260605,14.72,15.1,14.36,14.74,14.71,0.03,0.2039,59229.5,87324.645,14.743437813927184
002675.SZ,20260605,12.63,12.77,12.52,12.55,12.57,-0.02,-0.1591,74789.38,94311.123,12.610229286564483
002676.SZ,20260605,5.55,5.68,5.45,5.62,5.59,0.03,0.5367,170899.58,95176.055,5.569121644418319
002677.SZ,20260605,7.46,7.5,7.13,7.25,7.45,-0.2,-2.6846,55932.8,40545.23,7.248918344870988
002678.SZ,20260605,5.97,6.44,5.72,6.25,6.02,0.23,3.8206,298725.0,182387.724,6.105539342204368
002679.SZ,20260605,9.08,9.27,8.88,9.17,9.0,0.17,1.8889,35732.4,32538.609,9.106191859488867
002681.SZ,20260605,4.9,5.39,4.49,5.17,4.9,0.27,5.5102,1499378.98,743077.288,4.9559003955090795
002682.SZ,20260605,5.01,5.18,5.01,5.11,5.03,0.08,1.5905,166026.0,84589.318,5.09494404490863
002683.SZ,20260605,31.32,32.57,30.49,31.68,31.33,0.35,1.1171,123143.37,389379.39,31.62000439000492
002685.SZ,20260605,7.23,7.32,6.96,7.25,7.25,0.0,0.0,357768.61,256426.69,7.167389279903567
002686.SZ,20260605,6.16,6.28,6.05,6.2,6.16,0.04,0.6494,97135.0,59977.888,6.174693776702528
002687.SZ,20260605,4.28,4.42,4.21,4.38,4.28,0.1,2.3364,93251.79,40320.707,4.323853408068628
002688.SZ,20260605,5.18,5.25,5.17,5.19,5.18,0.01,0.1931,71508.0,37253.408,5.209683951445992
002689.SZ,20260605,3.09,3.1,3.01,3.06,3.09,-0.03,-0.9709,52609.6,16072.12,3.054978559046258
002690.SZ,20260605,14.91,15.22,14.78,15.0,14.86,0.14,0.9421,45076.0,67628.332,15.003179519034518
002691.SZ,20260605,5.09,5.25,5.02,5.17,5.09,0.08,1.5717,57283.7,29476.133,5.14564055743606
002692.SZ,20260605,4.51,4.61,4.37,4.51,4.48,0.03,0.6696,208261.4,94029.854,4.514991928413043
002693.SZ,20260605,9.31,9.33,9.06,9.26,9.2,0.06,0.6522,103551.0,95454.846,9.218148158878234
002694.SZ,20260605,2.4,2.51,2.37,2.51,2.39,0.12,5.0209,53821.0,13248.097,2.4615107485925565
002695.SZ,20260605,11.95,12.33,11.84,12.09,11.94,0.15,1.2563,117047.29,141667.67,12.10345579124472
002696.SZ,20260605,5.84,5.94,5.6,5.8,5.95,-0.15,-2.521,344273.67,198993.445,5.780094800743839
002697.SZ,20260605,4.63,4.78,4.61,4.73,4.63,0.1,2.1598,218092.45,103205.442,4.732187748819364
002698.SZ,20260605,12.11,12.79,11.81,12.47,12.11,0.36,2.9727,148545.69,182784.806,12.30495519594005
002700.SZ,20260605,8.22,8.3,7.65,7.98,8.3,-0.32,-3.8554,332170.49,263259.189,7.925423748509388
002701.SZ,20260605,4.85,4.9,4.77,4.83,4.79,0.04,0.8351,237970.16,114682.645,4.8192027521433785
002702.SZ,20260605,5.11,5.32,5.08,5.23,5.1,0.13,2.549,222495.3,115971.787,5.212325249117622
002703.SZ,20260605,17.22,17.38,16.2,16.76,17.31,-0.55,-3.1774,455676.65,759713.264,16.672200868751997
002705.SZ,20260605,12.46,12.65,12.34,12.46,12.49,-0.03,-0.2402,64028.76,79943.225,12.485518226496968
002706.SZ,20260605,13.06,13.1,12.22,12.63,13.1,-0.47,-3.5878,582263.82,735891.029,12.638446761126254
002707.SZ,20260605,5.51,5.65,5.51,5.53,5.51,0.02,0.363,144530.0,80526.729,5.571627274614267
002708.SZ,20260605,14.28,15.86,14.23,15.86,14.42,1.44,9.9861,615242.58,946710.524,15.387597587930276
002709.SZ,20260605,49.17,50.44,48.29,48.62,49.4,-0.78,-1.5789,838730.38,4131679.625,49.26111803652564
002712.SZ,20260605,4.97,5.13,4.9,5.05,4.92,0.13,2.6423,184617.6,92714.361,5.021967623888513
002713.SZ,20260605,11.44,11.78,11.13,11.54,11.43,0.11,0.9624,94925.34,108972.68,11.479830359311855
002714.SZ,20260605,35.13,35.63,34.85,35.06,35.13,-0.07,-0.1993,391702.86,1378272.677,35.186689139824
002715.SZ,20260605,15.36,15.98,15.1,15.62,15.51,0.11,0.7092,38850.0,60363.279,15.537523552123552
002716.SZ,20260605,9.24,9.3,9.03,9.08,9.28,-0.2,-2.1552,799161.0,733422.058,9.177400523799333
002717.SZ,20260605,1.11,1.11,1.08,1.11,1.06,0.05,4.717,1566125.93,173470.901,1.1076433745018193
002718.SZ,20260605,90.09,90.1,86.28,87.72,90.11,-2.39,-2.6523,15915.0,139761.881,87.81770719447061
002719.SZ,20260605,7.29,7.39,7.15,7.35,7.34,0.01,0.1362,44511.0,32341.802,7.266024578194155
002721.SZ,20260605,2.58,2.62,2.57,2.58,2.57,0.01,0.3891,216401.0,56074.113,2.5912132106598396
002722.SZ,20260605,13.13,13.58,13.05,13.31,13.19,0.12,0.9098,29118.0,38846.834,13.341175218078165
002723.SZ,20260605,8.5,8.66,8.42,8.59,8.56,0.03,0.3505,103865.0,88989.784,8.56783170461657
002724.SZ,20260605,5.41,5.56,5.38,5.47,5.44,0.03,0.5515,69150.0,37858.824,5.474884164859002
002725.SZ,20260605,14.36,14.63,13.84,13.85,14.51,-0.66,-4.5486,127407.0,180217.984,14.145061417347556
002726.SZ,20260605,1.66,1.7,1.62,1.67,1.69,-0.02,-1.1834,356024.95,59002.173,1.6572482630781915
002727.SZ,20260605,11.22,11.48,11.21,11.35,11.18,0.17,1.5206,50528.0,57435.646,11.367092701076631
002728.SZ,20260605,8.51,8.65,8.46,8.48,8.51,-0.03,-0.3525,80612.84,68876.249,8.544079206240593
002729.SZ,20260605,18.1,18.46,17.6,17.97,18.01,-0.04,-0.2221,53925.58,96848.287,17.959618978599764
002730.SZ,20260605,29.74,30.24,28.85,29.21,29.91,-0.7,-2.3404,97099.8,285861.778,29.439996580837445
002732.SZ,20260605,13.91,14.33,13.86,14.17,13.92,0.25,1.796,13384.0,18881.115,14.107228780633594
002733.SZ,20260605,33.2,35.76,33.02,33.96,32.67,1.29,3.9486,437204.52,1501282.193,34.33821299468725
002734.SZ,20260605,17.23,17.58,17.06,17.33,17.23,0.1,0.5804,215504.78,373562.877,17.334319777036963
002735.SZ,20260605,16.69,18.81,16.65,18.03,17.12,0.91,5.3154,859605.99,1529621.379,17.794447651533932
002736.SZ,20260605,10.0,10.17,9.99,10.01,9.99,0.02,0.2002,204402.47,206017.347,10.079004769365067
002737.SZ,20260605,12.51,12.88,12.48,12.77,12.51,0.26,2.0783,40424.0,51459.373,12.729906243815554
002738.SZ,20260605,57.76,58.98,55.82,58.37,57.8,0.57,0.9862,298239.0,1718192.172,57.611250440083296
002739.SZ,20260605,8.99,9.06,8.87,8.9,8.97,-0.07,-0.7804,239960.5,214565.815,8.941713948754066
002741.SZ,20260605,27.85,29.18,27.01,27.98,28.43,-0.45,-1.5828,440041.88,1242539.941,28.23685647829702
002742.SZ,20260605,4.15,4.31,4.01,4.14,4.06,0.08,1.9704,149911.15,61635.934,4.111497643770994
002743.SZ,20260605,4.64,4.74,4.54,4.66,4.64,0.02,0.431,56695.0,26446.699,4.6647321633300995
002745.SZ,20260605,10.17,10.47,9.6,10.06,10.3,-0.24,-2.3301,727923.44,733954.873,10.082858068150685
002746.SZ,20260605,5.7,5.76,5.61,5.65,5.69,-0.04,-0.703,100438.98,56905.559,5.665684677403135
002747.SZ,20260605,29.47,32.0,28.11,31.02,29.49,1.53,5.1882,960222.9,2896509.134,30.164966217739654
002748.SZ,20260605,10.68,10.9,10.45,10.73,10.68,0.05,0.4682,34086.0,36488.356,10.704792583465352
002749.SZ,20260605,9.09,9.27,9.03,9.24,9.09,0.15,1.6502,15721.31,14466.086,9.20157798554955
002752.SZ,20260605,6.46,6.48,6.31,6.35,6.42,-0.07,-1.0903,112148.73,71494.898,6.375007367448566
002753.SZ,20260605,6.47,6.67,6.43,6.55,6.47,0.08,1.2365,58811.0,38675.633,6.576258353029195
002755.SZ,20260605,13.15,13.29,12.92,12.92,13.02,-0.1,-0.768,103150.8,134827.814,13.070942154593082
002756.SZ,20260605,59.92,60.6,58.27,58.95,60.0,-1.05,-1.75,145070.54,861582.014,59.39055675949093
002757.SZ,20260605,22.6,22.85,21.95,22.37,22.75,-0.38,-1.6703,105682.13,236928.417,22.418966858446172
002758.SZ,20260605,8.26,8.35,8.2,8.22,8.3,-0.08,-0.9639,53618.35,44343.544,8.270217938448312
002759.SZ,20260605,26.83,27.26,25.96,26.75,26.73,0.02,0.0748,299445.6,799225.948,26.690188401499306
002760.SZ,20260605,18.71,19.16,18.3,18.79,18.8,-0.01,-0.0532,50153.0,93835.284,18.7098047973202
002761.SZ,20260605,7.49,7.56,7.41,7.47,7.49,-0.02,-0.267,80365.1,60069.673,7.474596933245898
002762.SZ,20260605,8.99,8.99,8.65,8.7,8.89,-0.19,-2.1372,21031.66,18336.628,8.718583316771001
002763.SZ,20260605,7.93,8.03,7.8,7.94,7.93,0.01,0.1261,53012.4,41957.361,7.914631482445616
002765.SZ,20260605,8.05,8.39,7.86,8.24,8.06,0.18,2.2333,166340.98,135156.753,8.125282957933758
002766.SZ,20260605,4.65,4.65,4.4,4.46,4.7,-0.24,-5.1064,470725.64,211456.652,4.492142216854812
002767.SZ,20260605,17.6,18.88,17.21,18.54,17.63,0.91,5.1617,48702.0,88745.418,18.2221300973266
002768.SZ,20260605,64.1,66.2,62.69,64.47,64.08,0.39,0.6086,41661.16,270131.94,64.84023488544246
002769.SZ,20260605,7.88,8.6,7.81,8.01,7.84,0.17,2.1684,177893.0,146153.385,8.21580303890541
002771.SZ,20260605,16.19,17.02,16.09,16.29,16.26,0.03,0.1845,156751.63,259795.863,16.573726410372892
002772.SZ,20260605,12.68,12.86,12.41,12.6,12.61,-0.01,-0.0793,81862.0,102975.32,12.579135618479881
002773.SZ,20260605,21.84,21.93,21.15,21.33,21.64,-0.31,-1.4325,95441.28,204320.552,21.407985307824873
002774.SZ,20260605,11.52,12.37,11.15,11.92,11.48,0.44,3.8328,77384.0,92077.256,11.898745994003928
002775.SZ,20260605,3.85,4.2,3.74,4.0,3.82,0.18,4.712,392981.6,157238.537,4.001167917276534
002777.SZ,20260605,13.5,13.91,13.48,13.69,13.51,0.18,1.3323,55524.66,75928.345,13.674706877988987
002778.SZ,20260605,18.3,18.41,17.83,18.13,18.37,-0.24,-1.3065,22887.8,41521.242,18.14121147510901
002779.SZ,20260605,67.3,73.13,65.0,72.57,67.33,5.24,7.7826,68254.38,476678.361,69.83850135331974
002780.SZ,20260605,13.34,13.77,13.29,13.64,13.35,0.29,2.1723,68507.0,93031.12,13.57979768490811
002782.SZ,20260605,25.05,26.7,23.41,26.01,25.2,0.81,3.2143,296565.73,752231.431,25.36474565014643
002783.SZ,20260605,8.39,8.55,8.28,8.43,8.37,0.06,0.7168,123510.93,104102.557,8.428610892979268
002785.SZ,20260605,42.25,42.4,39.73,40.9,42.43,-1.53,-3.6059,96467.0,395323.547,40.98018462272073
002786.SZ,20260605,8.0,8.83,7.68,8.83,8.03,0.8,9.9626,393417.56,333092.106,8.466630365965363
002787.SZ,20260605,29.74,29.99,27.57,27.82,30.42,-2.6,-8.547,410478.29,1160543.976,28.27296849243842
002788.SZ,20260605,11.85,12.01,11.58,11.64,11.84,-0.2,-1.6892,123457.0,144806.549,11.729310529172102
002789.SZ,20260605,13.14,13.59,12.81,13.37,13.1,0.27,2.0611,45137.0,59963.988,13.284885570596185
002790.SZ,20260605,6.1,6.32,6.08,6.23,6.16,0.07,1.1364,52803.0,32890.251,6.228860292028862
002791.SZ,20260605,15.18,15.65,15.16,15.3,15.2,0.1,0.6579,44057.35,67826.561,15.395061436967953
002792.SZ,20260605,41.0,43.23,40.34,42.5,39.75,2.75,6.9182,442767.1,1852036.153,41.82867591110541
002793.SZ,20260605,4.19,4.35,4.16,4.19,4.18,0.01,0.2392,159453.06,67413.638,4.227804596537689
002795.SZ,20260605,7.73,7.8,7.47,7.55,7.77,-0.22,-2.8314,191397.84,145341.051,7.5936620287877865
002796.SZ,20260605,45.48,47.2,43.6,44.0,45.81,-1.81,-3.9511,150186.64,684864.255,45.600877348344696
002797.SZ,20260605,6.6,6.64,6.48,6.49,6.6,-0.11,-1.6667,770532.66,505662.329,6.562503515425291
002798.SZ,20260605,6.21,6.32,6.05,6.24,6.21,0.03,0.4831,131410.32,81327.078,6.188789282302941
002799.SZ,20260605,7.11,7.33,7.0,7.25,7.11,0.14,1.9691,48168.96,34633.932,7.1900933713329085
002800.SZ,20260605,16.2,16.4,15.76,16.35,16.17,0.18,1.1132,22877.0,36919.303,16.138175022948815
002801.SZ,20260605,30.49,32.26,29.5,31.41,30.41,1.0,3.2884,38845.4,120931.822,31.13156821657133
002802.SZ,20260605,12.34,12.73,12.06,12.52,12.35,0.17,1.3765,43334.51,53812.393,12.41790734451595
002803.SZ,20260605,21.39,21.59,20.85,20.93,21.41,-0.48,-2.2419,78163.0,165131.452,21.126549902127604
002805.SZ,20260605,20.48,21.0,19.82,20.82,20.47,0.35,1.7098,123645.85,253772.323,20.524127821516046
002806.SZ,20260605,20.74,21.25,19.51,19.78,20.68,-0.9,-4.352,503606.27,1006242.661,19.980741323971202
002807.SZ,20260605,3.92,3.98,3.92,3.94,3.91,0.03,0.7673,191680.47,75788.379,3.9538915466974807
002809.SZ,20260605,8.62,8.94,8.5,8.83,8.62,0.21,2.4362,83199.97,72915.023,8.76382803984184
002810.SZ,20260605,21.73,22.39,21.35,21.9,21.77,0.13,0.5972,100596.21,220703.765,21.939570586207967
002811.SZ,20260605,11.44,11.58,11.18,11.34,11.46,-0.12,-1.0471,37156.0,42299.762,11.384369146302078
002812.SZ,20260605,64.05,65.66,62.63,63.31,64.37,-1.06,-1.6467,259547.98,1659528.287,63.939171747743906
002813.SZ,20260605,22.03,22.79,21.56,22.32,22.03,0.29,1.3164,20319.0,45267.158,22.278241055170042
002815.SZ,20260605,17.64,18.49,17.12,17.77,17.81,-0.04,-0.2246,1404159.26,2514254.628,17.905765390173762
002816.SZ,20260605,24.88,25.42,24.08,25.05,24.94,0.11,0.4411,32048.0,79632.609,24.847918434847728
002817.SZ,20260605,6.68,6.85,6.55,6.74,6.64,0.1,1.506,55606.25,37351.855,6.717204450938519
002818.SZ,20260605,11.03,11.24,11.0,11.08,11.02,0.06,0.5445,33022.8,36767.632,11.134014075123853
002819.SZ,20260605,22.87,23.44,22.44,23.0,22.89,0.11,0.4806,19225.0,44238.594,23.010972171651495
002820.SZ,20260605,9.5,9.76,9.29,9.68,9.45,0.23,2.4339,65594.94,62662.959,9.553017199192498
002821.SZ,20260605,119.6,122.0,115.31,116.27,119.62,-3.35,-2.8005,59090.45,699093.347,118.30902404703298
002822.SZ,20260605,2.94,2.96,2.93,2.94,2.94,0.0,0.0,57106.0,16796.51,2.941286379714916
002823.SZ,20260605,20.3,21.35,19.6,20.0,20.85,-0.85,-4.0767,332920.78,675213.979,20.28152099727749
002824.SZ,20260605,28.0,29.99,27.5,28.4,27.45,0.95,3.4608,409664.44,1179722.043,28.797277181295016
002825.SZ,20260605,10.08,10.2,9.8,10.11,10.09,0.02,0.1982,50179.45,50347.518,10.033493392215338
002826.SZ,20260605,16.37,16.68,16.22,16.41,16.37,0.04,0.2443,37326.74,61315.101,16.42658882077567
002827.SZ,20260605,27.31,28.68,27.3,28.08,27.43,0.65,2.3697,44983.52,126336.843,28.085139402163286
002828.SZ,20260605,9.11,9.38,8.97,9.31,9.18,0.13,1.4161,96792.0,89023.602,9.197413215968261
002829.SZ,20260605,23.02,23.48,22.44,22.88,23.01,-0.13,-0.565,87087.33,200115.604,22.978727674852358
002830.SZ,20260605,15.87,16.03,15.39,15.58,15.92,-0.34,-2.1357,43533.2,68311.576,15.691834278206061
002831.SZ,20260605,28.42,28.77,26.5,26.88,28.37,-1.49,-5.252,178064.17,487181.997,27.359911710480553
002832.SZ,20260605,19.28,20.99,19.28,19.98,19.28,0.7,3.6307,152096.84,309225.872,20.33085447403115
002833.SZ,20260605,18.06,18.88,17.97,18.51,18.28,0.23,1.2582,79768.43,147324.619,18.469038315032652
002835.SZ,20260605,13.2,13.52,12.92,13.28,13.2,0.08,0.6061,26554.49,35102.172,13.218921545847802
002836.SZ,20260605,10.95,11.11,10.66,11.0,10.96,0.04,0.365,25268.0,27538.336,10.898502453696375
002837.SZ,20260605,68.6,68.6,65.58,65.9,69.22,-3.32,-4.7963,468849.88,3137961.31,66.92891357890504
002838.SZ,20260605,32.33,32.99,31.26,32.5,32.32,0.18,0.5569,55973.29,180400.935,32.22982515410475
002839.SZ,20260605,4.19,4.25,4.17,4.23,4.18,0.05,1.1962,175994.93,74248.739,4.2187998824738875
002840.SZ,20260605,8.19,8.3,7.92,8.02,8.21,-0.19,-2.3143,242889.96,195182.939,8.035858666204236
002841.SZ,20260605,35.36,36.47,34.53,35.67,35.36,0.31,0.8767,47594.14,169221.668,35.55514775558504
002842.SZ,20260605,34.02,35.08,32.81,32.94,34.55,-1.61,-4.6599,365733.18,1236969.043,33.821624906988205
002843.SZ,20260605,22.52,23.32,21.97,22.91,22.82,0.09,0.3944,139135.96,314917.789,22.6338172389079
002845.SZ,20260605,15.38,16.21,15.0,15.72,15.57,0.15,0.9634,203978.52,320279.52,15.70162975983942
002846.SZ,20260605,11.7,12.08,11.5,11.9,11.76,0.14,1.1905,75860.74,89690.459,11.823040349988677
002847.SZ,20260605,56.5,57.45,55.88,56.8,56.68,0.12,0.2117,35647.22,202562.881,56.8243136491429
002848.SZ,20260605,16.32,16.32,15.6,15.76,16.48,-0.72,-4.3689,79603.0,126246.881,15.859563207416805
002849.SZ,20260605,16.24,17.06,15.73,16.67,16.09,0.58,3.6047,107132.11,177388.67,16.557936738107745
002850.SZ,20260605,171.09,177.7,164.31,172.15,171.36,0.79,0.461,69895.98,1188849.552,170.08840165056705
002851.SZ,20260605,155.01,158.73,145.51,146.5,154.11,-7.61,-4.938,417947.34,6353243.879,152.0106307890367
002852.SZ,20260605,7.81,7.94,7.73,7.85,7.83,0.02,0.2554,32653.67,25636.741,7.8511055572007695
002853.SZ,20260605,24.42,24.66,23.85,24.0,24.44,-0.44,-1.8003,17112.3,41506.977,24.255638926386283
002855.SZ,20260605,11.26,11.88,10.96,11.59,11.41,0.18,1.5776,66660.36,76627.652,11.49523524925458
002856.SZ,20260605,25.0,25.7,24.99,25.7,24.48,1.22,4.9837,70797.4,181241.663,25.600045058151856
002857.SZ,20260605,19.35,19.77,18.58,18.69,19.4,-0.71,-3.6598,55478.0,105303.414,18.981112152564982
002858.SZ,20260605,12.67,13.09,12.45,12.76,12.58,0.18,1.4308,50171.0,63908.127,12.738061230591377
002859.SZ,20260605,92.5,94.93,86.19,86.56,94.39,-7.83,-8.2954,341303.04,3064681.367,89.79355610193218
002860.SZ,20260605,13.07,13.47,12.75,13.17,13.16,0.01,0.076,128699.0,168540.166,13.095685747364003
002861.SZ,20260605,17.94,18.34,17.71,17.89,18.01,-0.12,-0.6663,60282.43,108504.691,17.999389042545232
002862.SZ,20260605,15.92,16.25,15.48,16.0,15.82,0.18,1.1378,40086.2,63888.087,15.937676058094807
002863.SZ,20260605,5.0,5.15,4.88,5.05,5.02,0.03,0.5976,106079.0,53351.625,5.029423825639382
002864.SZ,20260605,27.9,28.29,27.74,27.93,27.9,0.03,0.1075,12021.0,33622.809,27.97005989518343
002865.SZ,20260605,75.78,76.12,70.03,72.86,73.47,-0.61,-0.8303,188537.69,1369450.499,72.63537062536409
002866.SZ,20260605,18.8,19.48,18.43,19.11,18.89,0.22,1.1646,136636.0,259646.414,19.002782136479404
002867.SZ,20260605,12.14,12.52,12.1,12.27,12.15,0.12,0.9877,81431.92,100406.604,12.330128529451352
002868.SZ,20260605,27.0,27.6,26.41,27.28,27.2,0.08,0.2941,25236.0,68313.687,27.069934617213505
002869.SZ,20260605,19.16,19.26,18.55,18.74,19.36,-0.62,-3.2025,39134.97,73817.556,18.862300392717817
002870.SZ,20260605,39.54,40.25,38.5,39.38,39.32,0.06,0.1526,31940.0,125274.621,39.22186005009392
002871.SZ,20260605,20.64,21.23,20.01,20.85,20.84,0.01,0.048,52514.32,108868.215,20.731148189674737
002872.SZ,20260605,5.23,5.3,5.2,5.24,5.25,-0.01,-0.1905,26736.5,14030.638,5.24774671329456
002873.SZ,20260605,8.3,8.47,8.15,8.36,8.26,0.1,1.2107,61934.28,51621.475,8.33487932692525
002875.SZ,20260605,19.47,19.56,18.47,18.61,19.63,-1.02,-5.1961,116950.0,220079.083,18.818220008550664
002876.SZ,20260605,32.1,33.56,31.58,32.78,31.87,0.91,2.8553,138674.11,451526.779,32.56027956480125
002877.SZ,20260605,7.86,8.64,7.71,8.64,7.85,0.79,10.0637,170648.58,140619.227,8.240281108697186
002878.SZ,20260605,15.77,16.15,15.01,15.19,15.77,-0.58,-3.6779,177147.43,271202.656,15.309432149255569
002879.SZ,20260605,15.4,15.64,14.95,15.32,15.36,-0.04,-0.2604,39875.0,61114.534,15.326528902821316
002880.SZ,20260605,23.89,24.08,23.5,23.66,23.66,0.0,0.0,8745.16,20835.471,23.825145566233207
002881.SZ,20260605,42.79,45.16,41.98,44.05,42.63,1.42,3.331,123828.07,542423.529,43.80456943243967
002882.SZ,20260605,21.0,21.59,20.41,21.2,21.1,0.1,0.4739,54889.0,115737.961,21.085820656233487
002883.SZ,20260605,9.4,9.55,9.37,9.4,9.41,-0.01,-0.1063,17703.0,16713.108,9.44083375699034
002884.SZ,20260605,16.33,16.57,16.29,16.4,16.3,0.1,0.6135,11442.0,18802.236,16.432648138437337
002885.SZ,20260605,42.37,43.48,41.2,41.82,43.49,-1.67,-3.84,184409.3,778722.536,42.227942733907675
002886.SZ,20260605,28.0,29.22,27.02,28.42,28.18,0.24,0.8517,172603.0,485166.782,28.108826729546994
002887.SZ,20260605,12.78,12.91,12.17,12.47,12.75,-0.28,-2.1961,55105.15,68443.252,12.420481933176843
002888.SZ,20260605,18.84,20.67,18.5,20.02,18.79,1.23,6.546,91720.0,182387.007,19.88519483209769
002889.SZ,20260605,11.4,11.7,11.22,11.57,11.33,0.24,2.1183,23371.58,26898.389,11.509016078502178
002890.SZ,20260605,14.99,15.34,14.52,14.97,14.81,0.16,1.0804,19634.0,29279.04,14.912417235407966
002891.SZ,20260605,28.68,29.25,28.07,28.44,28.63,-0.19,-0.6636,67902.53,193758.591,28.534811736764446
002892.SZ,20260605,9.88,10.88,9.42,10.88,9.89,0.99,10.0101,320898.74,329565.603,10.270080929579219
002893.SZ,20260605,11.78,12.02,10.81,10.9,11.86,-0.96,-8.0944,245899.8,277267.184,11.275616490944687
002895.SZ,20260605,32.01,32.77,31.42,31.75,32.21,-0.46,-1.4281,112682.06,361567.925,32.08744364453401
002896.SZ,20260605,78.0,86.77,74.41,86.77,78.88,7.89,10.0025,287153.43,2351434.358,81.88773360638598
002897.SZ,20260605,93.01,98.27,90.88,91.45,96.15,-4.7,-4.8882,222018.82,2102940.647,94.7190263870423
002899.SZ,20260605,26.21,26.8,25.01,25.53,26.61,-1.08,-4.0586,65941.44,169007.209,25.62989358436819
002900.SZ,20260605,10.02,10.2,9.89,10.01,10.01,0.0,0.0,35162.0,35283.368,10.03451680791764
002901.SZ,20260605,39.91,40.8,39.84,40.49,39.92,0.57,1.4279,13807.64,55719.732,40.35427632817773
002902.SZ,20260605,32.55,36.0,32.22,34.08,32.82,1.26,3.8391,355404.5,1220106.402,34.330077475102314
002903.SZ,20260605,45.02,47.91,45.02,47.91,43.55,4.36,10.0115,50718.46,239599.323,47.241048525527
002905.SZ,20260605,7.82,7.99,7.73,7.87,7.82,0.05,0.6394,48754.67,38339.106,7.863678699907107
002906.SZ,20260605,28.89,29.08,27.75,28.34,28.87,-0.53,-1.8358,91310.0,259081.547,28.373841528857735
002907.SZ,20260605,12.0,12.2,11.98,12.04,12.01,0.03,0.2498,15008.22,18140.048,12.086741798827576
002908.SZ,20260605,7.33,7.56,7.23,7.42,7.27,0.15,2.0633,52208.68,38696.834,7.411954104183442
002909.SZ,20260605,5.66,5.88,5.58,5.81,5.67,0.14,2.4691,82322.35,47376.512,5.75499994837368
002910.SZ,20260605,9.34,9.7,9.11,9.54,9.35,0.19,2.0321,52454.0,49491.423,9.435204750829298
002911.SZ,20260605,10.98,11.16,10.98,11.04,11.04,0.0,0.0,36831.9,40760.99,11.066762779004069
002912.SZ,20260605,20.42,21.08,20.35,20.64,20.59,0.05,0.2428,24763.77,51257.385,20.698538631234257
002913.SZ,20260605,53.04,53.71,51.16,52.0,54.05,-2.05,-3.7928,77596.99,405119.65,52.20816554868946
002915.SZ,20260605,19.43,20.6,18.81,20.29,19.59,0.7,3.5733,158727.37,315414.122,19.871438807308405
002916.SZ,20260605,382.01,392.86,370.49,373.0,393.38,-20.38,-5.1807,131900.86,5024719.337,380.9466698700828
002917.SZ,20260605,12.88,13.66,12.81,13.42,12.84,0.58,4.5171,123686.61,165090.854,13.34751223273077
002918.SZ,20260605,12.35,12.79,11.83,12.3,12.42,-0.12,-0.9662,170016.0,208547.649,12.266354284302654
002919.SZ,20260605,21.6,22.02,21.08,21.17,21.59,-0.42,-1.9453,44815.54,96159.429,21.456715460753124
002920.SZ,20260605,97.69,97.69,93.67,94.42,97.93,-3.51,-3.5842,140562.83,1333552.204,94.87232179374874
002921.SZ,20260605,25.48,26.12,24.74,25.55,25.59,-0.04,-0.1563,39338.0,100042.801,25.431593116070978
002922.SZ,20260605,38.9,38.9,36.36,37.52,38.6,-1.08,-2.7979,243528.91,917283.699,37.66631645499502
002923.SZ,20260605,10.23,10.49,10.04,10.19,10.17,0.02,0.1967,70958.8,72384.424,10.200908696313917
002925.SZ,20260605,22.61,22.97,22.2,22.51,22.6,-0.09,-0.3982,226464.17,511568.813,22.589392971082354
002926.SZ,20260605,7.98,8.03,7.86,7.87,7.95,-0.08,-1.0063,135172.12,107438.787,7.948294885069496
002927.SZ,20260605,21.11,22.18,19.96,21.28,21.3,-0.02,-0.0939,177776.77,373555.454,21.01261340275223
002928.SZ,20260605,7.45,7.66,7.21,7.25,7.37,-0.12,-1.6282,419784.75,309668.395,7.376837653106741
002929.SZ,20260605,67.0,69.0,64.77,66.93,67.22,-0.29,-0.4314,223418.99,1499800.703,67.12950868679516
002930.SZ,20260605,9.82,10.14,9.64,9.91,9.79,0.12,1.2257,163253.67,161815.649,9.911914935817368
002931.SZ,20260605,58.78,61.53,55.72,59.64,57.86,1.78,3.0764,252073.05,1488372.295,59.045276557728
002932.SZ,20260605,15.4,15.79,15.31,15.78,15.5,0.28,1.8065,19577.43,30538.04,15.598594912611103
002933.SZ,20260605,29.03,29.74,28.59,29.27,29.36,-0.09,-0.3065,22144.0,64508.752,29.131481213872835
002935.SZ,20260605,18.8,19.45,18.57,19.1,18.84,0.26,1.38,67408.0,128862.713,19.116827824590555
002936.SZ,20260605,1.76,1.79,1.76,1.77,1.76,0.01,0.5682,529033.77,93943.406,1.7757544286823126
002937.SZ,20260605,34.66,35.06,33.86,34.66,34.76,-0.1,-0.2877,87632.53,301733.75,34.431705897342006
002938.SZ,20260605,107.0,112.94,105.1,106.15,111.0,-4.85,-4.3694,459265.45,4981622.016,108.46933981208471
002939.SZ,20260605,8.13,8.15,8.05,8.07,8.1,-0.03,-0.3704,173828.96,140736.175,8.096244434759317
002940.SZ,20260605,35.72,36.2,31.69,31.75,35.21,-3.46,-9.8268,286688.81,939482.417,32.77011115292571
002941.SZ,20260605,11.7,12.03,11.66,11.73,11.68,0.05,0.4281,85474.0,101096.252,11.827719774434332
002942.SZ,20260605,16.34,16.87,16.16,16.6,16.28,0.32,1.9656,13869.9,22961.362,16.554814382223377
002943.SZ,20260605,76.06,77.27,73.0,73.6,77.92,-4.32,-5.5441,100262.64,744213.128,74.22636467581543
002945.SZ,20260605,13.99,14.18,13.9,13.91,14.08,-0.17,-1.2074,73639.3,103175.092,14.010873541709385
002946.SZ,20260605,16.95,17.35,16.7,16.87,16.96,-0.09,-0.5307,42967.21,72797.648,16.94260530297406
002947.SZ,20260605,87.44,90.93,86.33,88.13,88.02,0.11,0.125,112483.35,1001271.282,89.01506596309586
002948.SZ,20260605,5.43,5.56,5.4,5.44,5.39,0.05,0.9276,342063.53,187394.589,5.47835628662313
002949.SZ,20260605,11.85,12.13,11.62,11.92,11.82,0.1,0.846,27816.8,33122.257,11.907285165799085
002950.SZ,20260605,9.45,9.54,9.22,9.37,9.37,0.0,0.0,83612.5,78270.157,9.361059291373898
002951.SZ,20260605,23.25,24.28,22.31,22.31,24.79,-2.48,-10.004,157036.75,360313.545,22.944536549565626
002952.SZ,20260605,24.0,25.05,22.93,24.25,23.99,0.26,1.0838,83397.0,200858.259,24.084590452893984
002953.SZ,20260605,10.05,10.33,9.91,10.15,10.08,0.07,0.6944,55158.8,55895.257,10.133515776267794
002955.SZ,20260605,25.2,27.87,25.2,27.25,25.34,1.91,7.5375,131517.62,355775.56,27.051550963285376
002956.SZ,20260605,20.9,21.8,20.74,21.44,20.84,0.6,2.8791,37530.35,80386.184,21.418980638336706
002957.SZ,20260605,64.62,65.29,59.05,60.2,64.65,-4.45,-6.8832,380819.92,2346812.708,61.62526130460823
002958.SZ,20260605,2.88,2.93,2.87,2.92,2.9,0.02,0.6897,371228.2,107842.561,2.9050207123273504
002959.SZ,20260605,35.79,36.37,35.74,35.81,35.87,-0.06,-0.1673,6325.0,22740.314,35.95306561264822
002960.SZ,20260605,8.05,8.84,7.97,8.84,8.04,0.8,9.9502,354331.56,304917.637,8.605432634902744
002961.SZ,20260605,19.93,20.42,19.65,19.74,19.85,-0.11,-0.5542,85791.31,171072.276,19.940513322386618
002962.SZ,20260605,19.8,22.39,19.7,21.65,20.4,1.25,6.1275,558259.9,1204300.763,21.5724031584572
002963.SZ,20260605,16.07,17.18,16.06,16.13,16.23,-0.1,-0.6161,30108.0,49299.322,16.374160356051547
002965.SZ,20260605,36.67,38.46,36.07,37.82,36.67,1.15,3.1361,179733.12,673103.494,37.450164666367556
002966.SZ,20260605,8.08,8.15,8.02,8.05,8.08,-0.03,-0.3713,366595.47,295638.471,8.06443328391374
002967.SZ,20260605,19.73,19.73,18.66,19.04,19.76,-0.72,-3.6437,155011.09,296188.249,19.107552175783038
002968.SZ,20260605,9.63,10.0,9.48,9.9,9.64,0.26,2.6971,38684.0,37670.383,9.737975131837453
002969.SZ,20260605,20.0,20.01,16.79,16.79,18.65,-1.86,-9.9732,1114960.3,2056006.648,18.44017807629563
002970.SZ,20260605,63.8,65.8,61.92,62.52,63.73,-1.21,-1.8986,48661.0,308167.57,63.329477404903315
002971.SZ,20260605,38.61,40.69,38.5,39.3,37.39,1.91,5.1083,277236.7,1091610.964,39.374691878816904
002972.SZ,20260605,12.79,13.29,12.54,12.73,12.77,-0.04,-0.3132,92105.56,117800.501,12.789727460535499
002973.SZ,20260605,12.67,13.64,12.51,13.33,12.64,0.69,5.4589,95850.0,125758.757,13.120371100678144
002975.SZ,20260605,140.01,143.08,131.77,132.32,143.6,-11.28,-7.8552,171586.96,2330177.345,135.80154022193764
002976.SZ,20260605,32.41,32.7,31.05,31.59,32.74,-1.15,-3.5125,39020.0,123820.472,31.73256586365966
002977.SZ,20260605,26.33,26.66,25.6,25.99,26.16,-0.17,-0.6498,15676.2,41003.705,26.156661053061327
002978.SZ,20260605,26.84,27.13,26.59,26.82,26.97,-0.15,-0.5562,25652.9,68886.715,26.853383048310327
002979.SZ,20260605,53.0,57.27,51.05,55.69,53.16,2.53,4.7592,225776.5,1228909.648,54.43036135293089
002980.SZ,20260605,129.68,132.56,124.28,125.09,127.2,-2.11,-1.6588,126320.77,1612306.682,127.63591308064383
002981.SZ,20260605,28.8,29.56,27.9,27.99,28.95,-0.96,-3.3161,105881.35,302857.362,28.60346623838854
002982.SZ,20260605,12.36,12.66,12.01,12.25,12.58,-0.33,-2.6232,72456.44,88962.163,12.278020145621287
002983.SZ,20260605,22.31,24.84,21.62,24.84,22.58,2.26,10.0089,76441.64,181192.689,23.70340157537175
002984.SZ,20260605,14.45,14.78,14.33,14.61,14.44,0.17,1.1773,117615.85,171338.652,14.567649853314837
002985.SZ,20260605,29.28,29.58,28.68,29.16,29.04,0.12,0.4132,42745.39,124776.227,29.19056932221229
002986.SZ,20260605,11.35,11.94,11.22,11.71,11.34,0.37,3.2628,71157.56,82642.225,11.61397678616299
002987.SZ,20260605,11.2,12.28,11.18,12.27,11.16,1.11,9.9462,396616.73,478697.375,12.06952049148305
002988.SZ,20260605,27.18,27.64,26.09,26.57,27.18,-0.61,-2.2443,40264.33,107392.454,26.671859186530607
002989.SZ,20260605,29.92,30.4,28.03,29.1,29.9,-0.8,-2.6756,70516.69,204406.645,28.986988044957865
002990.SZ,20260605,47.12,47.59,45.71,46.77,47.26,-0.49,-1.0368,63447.0,295809.579,46.62309943732565
002991.SZ,20260605,43.89,44.65,43.26,44.26,43.56,0.7,1.607,6593.0,29131.69,44.18578795692401
002992.SZ,20260605,41.44,42.58,40.46,41.95,41.45,0.5,1.2063,17661.4,73732.155,41.747627594641415
002993.SZ,20260605,64.02,68.18,62.75,65.37,62.73,2.64,4.2085,129761.52,861579.606,66.39715733909406
002995.SZ,20260605,23.78,24.0,22.26,22.49,23.62,-1.13,-4.7841,227702.05,519344.141,22.808057327547118
002996.SZ,20260605,6.51,6.62,6.34,6.51,6.53,-0.02,-0.3063,83952.2,54511.163,6.493119060608299
002997.SZ,20260605,29.79,30.23,28.91,29.71,29.39,0.32,1.0888,45640.54,135303.987,29.645571020851197
002998.SZ,20260605,7.94,8.1,7.77,7.93,7.94,-0.01,-0.1259,62550.0,49703.056,7.946132054356514
002999.SZ,20260605,5.98,6.2,5.98,6.11,6.02,0.09,1.495,58528.0,35673.058,6.095041347731001
003000.SZ,20260605,10.76,10.88,10.56,10.63,10.65,-0.02,-0.1878,52474.09,56084.99,10.68813008477136
003001.SZ,20260605,17.21,17.73,16.51,16.98,17.24,-0.26,-1.5081,79782.54,135718.088,17.01100115388655
003002.SZ,20260605,22.22,23.05,21.88,22.35,21.96,0.39,1.776,30342.62,68495.147,22.573906603978166
003003.SZ,20260605,11.52,11.97,11.27,11.7,11.53,0.17,1.4744,46741.0,54475.153,11.654682826640423
003004.SZ,20260605,61.28,64.35,59.1,62.29,61.4,0.89,1.4495,65544.62,405264.175,61.83027302622244
003005.SZ,20260605,14.59,15.28,14.57,15.07,14.68,0.39,2.6567,34144.32,51125.97,14.9734919307223
003006.SZ,20260605,15.96,16.47,15.83,16.0,15.96,0.04,0.2506,55504.5,89640.285,16.150093235683592
003007.SZ,20260605,40.51,40.79,39.01,40.4,40.18,0.22,0.5475,27603.0,110309.622,39.96291055320074
003008.SZ,20260605,18.91,19.61,18.63,19.33,18.91,0.42,2.221,18990.5,36440.254,19.188675390326743
003009.SZ,20260605,50.79,55.4,50.39,55.4,50.36,5.04,10.0079,64313.12,341843.776,53.153038757877084
003010.SZ,20260605,24.36,24.9,23.9,24.11,24.22,-0.11,-0.4542,61790.32,149937.896,24.265596294047356
003011.SZ,20260605,22.3,24.55,21.47,21.66,22.7,-1.04,-4.5815,96749.4,218763.288,22.611332783459122
003012.SZ,20260605,4.85,4.97,4.84,4.91,4.87,0.04,0.8214,80586.0,39583.864,4.91200258109349
003013.SZ,20260605,15.34,16.09,15.31,15.52,15.43,0.09,0.5833,60138.44,94349.185,15.688665186526286
003015.SZ,20260605,12.29,12.9,12.0,12.56,12.27,0.29,2.3635,84513.0,105765.866,12.514745187130973
003016.SZ,20260605,7.04,7.27,6.99,7.19,7.01,0.18,2.5678,39694.6,28356.099,7.14356587545913
003017.SZ,20260605,27.1,28.27,26.66,27.54,27.08,0.46,1.6987,19237.6,52647.292,27.36687112737556
003018.SZ,20260605,50.68,52.86,50.2,51.09,50.67,0.42,0.8289,135608.04,697908.193,51.4651043551695
003019.SZ,20260605,38.3,39.89,35.5,37.74,39.09,-1.35,-3.4536,149109.53,557543.957,37.39157094787973
003020.SZ,20260605,15.75,16.25,15.75,15.92,15.81,0.11,0.6958,20737.2,33042.166,15.933764442644136
003021.SZ,20260605,97.8,106.51,94.55,105.07,98.58,6.49,6.5835,115546.35,1171962.995,101.42795466927342
003022.SZ,20260605,23.9,25.14,22.31,24.38,24.31,0.07,0.2879,441074.44,1047215.828,23.742382986418345
003023.SZ,20260605,24.74,25.0,23.74,24.43,24.85,-0.42,-1.6901,31260.3,76077.65,24.336826581958583
003025.SZ,20260605,13.92,15.15,13.57,14.86,14.0,0.86,6.1429,129610.54,187723.582,14.483666374663667
003026.SZ,20260605,31.14,32.15,30.0,31.52,31.94,-0.42,-1.315,118435.39,371200.251,31.342004362040772
003027.SZ,20260605,21.21,21.29,20.52,20.89,21.26,-0.37,-1.7404,27086.5,56620.812,20.903701844092076
003028.SZ,20260605,25.87,26.95,24.91,26.4,25.91,0.49,1.8912,21688.04,56273.517,25.94679694430663
003029.SZ,20260605,18.2,18.6,17.88,18.37,18.18,0.19,1.0451,24017.64,43826.971,18.24782576472959
003030.SZ,20260605,20.26,22.46,19.35,21.81,20.42,1.39,6.8071,89586.48,191524.583,21.37873739430325
003031.SZ,20260605,144.0,150.17,141.52,142.59,146.84,-4.25,-2.8943,108013.03,1577829.038,146.07765729745753
003032.SZ,20260605,6.62,6.69,6.5,6.58,6.67,-0.09,-1.3493,57291.0,37807.47,6.5991988270408966
003033.SZ,20260605,66.1,66.1,60.57,60.57,67.3,-6.73,-10.0,41735.66,255882.197,61.310207386201625
003035.SZ,20260605,6.92,7.04,6.71,6.72,7.0,-0.28,-4.0,529168.26,359075.793,6.785663845371225
003036.SZ,20260605,78.0,82.35,77.13,82.35,74.86,7.49,10.0053,164087.86,1339718.627,81.64641960715437
003037.SZ,20260605,6.77,6.9,6.71,6.84,6.76,0.08,1.1834,61135.0,41639.432,6.811062730023718
003038.SZ,20260605,12.08,12.84,11.76,12.53,12.02,0.51,4.2429,82436.99,102440.949,12.42657561854211
003039.SZ,20260605,12.47,12.59,12.25,12.38,12.5,-0.12,-0.96,32305.0,40047.659,12.396737037610277
003040.SZ,20260605,12.7,12.97,12.58,12.77,12.68,0.09,0.7098,68001.46,87153.143,12.816363501607169
003041.SZ,20260605,48.55,49.49,46.48,49.05,48.07,0.98,2.0387,44959.0,217531.082,48.3843239395894
003042.SZ,20260605,14.65,14.87,13.84,14.29,14.64,-0.35,-2.3907,90670.59,129211.374,14.250637830855627
003043.SZ,20260605,67.41,71.46,66.22,68.94,67.57,1.37,2.0275,99917.21,692469.993,69.30437639321595
003816.SZ,20260605,4.5,4.54,4.32,4.33,4.51,-0.18,-3.9911,1471720.23,649351.258,4.412192241184318
300001.SZ,20260605,40.98,41.0,38.52,39.86,40.99,-1.13,-2.7568,495517.01,1968262.432,39.72138982675892
300002.SZ,20260605,7.7,7.94,7.6,7.77,7.68,0.09,1.1719,432574.0,338227.34,7.818947509559059
300003.SZ,20260605,12.26,12.38,12.14,12.16,12.16,0.0,0.0,189243.82,231761.247,12.246700949071943
300004.SZ,20260605,13.59,13.93,13.18,13.49,13.65,-0.16,-1.1722,197389.0,266575.433,13.505080475609077
300005.SZ,20260605,14.66,15.25,14.54,14.86,14.59,0.27,1.8506,284215.78,424826.07,14.947307640694685
300006.SZ,20260605,5.17,5.3,5.03,5.06,5.16,-0.1,-1.938,207719.8,106357.67,5.120247082849108
300007.SZ,20260605,41.14,44.43,38.62,42.82,41.43,1.39,3.3551,274355.18,1136798.864,41.43529799583153
300008.SZ,20260605,6.45,6.6,6.39,6.53,6.47,0.06,0.9274,486632.49,316332.875,6.500447082766709
300009.SZ,20260605,7.98,8.06,7.95,7.99,7.91,0.08,1.0114,86927.2,69628.827,8.010016082422993
300010.SZ,20260605,2.73,2.78,2.67,2.75,2.74,0.01,0.365,331872.83,90696.688,2.7328747580812807
300011.SZ,20260605,6.15,6.37,6.07,6.26,6.18,0.08,1.2945,74829.0,46666.518,6.236421440885218
300012.SZ,20260605,14.17,14.55,13.99,14.34,14.22,0.12,0.8439,224747.11,321722.437,14.31486424897744
300013.SZ,20260605,4.52,4.59,4.28,4.44,4.51,-0.07,-1.5521,231066.0,102291.703,4.426947408965404
300014.SZ,20260605,59.42,60.19,58.0,58.23,59.66,-1.43,-2.3969,598811.28,3526684.951,58.89476482473743
300015.SZ,20260605,8.6,8.69,8.51,8.54,8.5,0.04,0.4706,644199.77,553506.946,8.59216304904921
300016.SZ,20260605,7.99,8.09,7.88,7.94,7.92,0.02,0.2525,113321.49,90368.724,7.9745442810538405
300017.SZ,20260605,15.29,15.56,14.96,15.05,15.48,-0.43,-2.7778,1101680.63,1677537.83,15.227079285218988
300018.SZ,20260605,12.4,12.62,11.91,12.38,12.46,-0.08,-0.6421,178878.18,219784.725,12.286838171094988
300019.SZ,20260605,16.86,17.49,16.56,17.24,17.07,0.17,0.9959,81309.17,138972.304,17.09183650503381
300020.SZ,20260605,3.49,3.68,3.45,3.64,3.48,0.16,4.5977,153892.95,55288.925,3.5926873193346416
300021.SZ,20260605,3.91,4.0,3.89,3.96,3.93,0.03,0.7634,102295.36,40442.121,3.9534658267980087
300022.SZ,20260605,8.38,8.38,8.08,8.11,8.27,-0.16,-1.9347,119682.0,97834.888,8.174569943684096
300024.SZ,20260605,14.91,16.15,14.24,15.57,15.06,0.51,3.3865,730532.11,1114258.962,15.252703430106585
300025.SZ,20260605,4.81,5.03,4.72,4.93,4.81,0.12,2.4948,143443.58,70093.403,4.8864789208412125
300026.SZ,20260605,3.15,3.18,3.14,3.16,3.13,0.03,0.9585,160499.56,50742.353,3.161525987984017
300027.SZ,20260605,1.9,1.93,1.87,1.92,1.91,0.01,0.5236,548122.65,104025.042,1.8978424263255678
300030.SZ,20260605,6.64,6.84,6.56,6.75,6.64,0.11,1.6566,65737.0,44100.663,6.708651596513379
300031.SZ,20260605,23.9,26.0,23.4,25.53,23.77,1.76,7.4043,337751.52,838932.355,24.838744026969884
300032.SZ,20260605,4.38,4.53,4.3,4.46,4.38,0.08,1.8265,304501.99,135095.417,4.436602105621707
300033.SZ,20260605,221.0,221.99,211.0,211.4,221.2,-9.8,-4.4304,183654.35,3964436.157,215.86399434590032
300034.SZ,20260605,17.69,18.14,17.45,17.87,17.76,0.11,0.6194,132440.28,235989.507,17.818559957740952
300035.SZ,20260605,16.21,16.39,15.7,16.16,16.02,0.14,0.8739,176601.72,284258.961,16.096047139291734
300036.SZ,20260605,12.44,12.6,12.22,12.49,12.38,0.11,0.8885,118415.85,147431.468,12.450315392745141
300037.SZ,20260605,79.13,79.8,75.3,75.98,78.3,-2.32,-2.963,355544.75,2739443.69,77.04919535445256
300039.SZ,20260605,5.1,5.17,5.09,5.1,5.07,0.03,0.5917,51719.42,26487.487,5.121381291592211
300040.SZ,20260605,7.72,8.05,7.55,7.69,7.75,-0.06,-0.7742,659639.05,508836.741,7.713866257614676
300041.SZ,20260605,13.75,13.93,13.01,13.62,13.84,-0.22,-1.5896,451991.78,609497.146,13.484695363265233
300042.SZ,20260605,66.43,70.2,65.13,68.33,67.43,0.9,1.3347,339143.77,2324545.539,68.54159635602328
300043.SZ,20260605,4.53,4.68,4.53,4.6,4.54,0.06,1.3216,317289.0,146495.328,4.617094447018334
300044.SZ,20260605,5.9,6.15,5.87,6.03,5.93,0.1,1.6863,182113.0,109494.554,6.012451280249076
300045.SZ,20260605,18.82,19.38,18.7,19.06,18.41,0.65,3.5307,295932.57,565257.563,19.100890550844063
300046.SZ,20260605,30.15,30.77,28.92,29.69,30.78,-1.09,-3.5413,91087.57,270498.415,29.696523356589704
300047.SZ,20260605,10.31,10.69,10.21,10.48,10.4,0.08,0.7692,200518.27,209786.251,10.462201324597505
300048.SZ,20260605,5.88,5.98,5.7,5.8,5.78,0.02,0.346,183936.01,107496.177,5.844215985765919
300049.SZ,20260605,44.03,44.24,42.0,42.26,43.86,-1.6,-3.648,67362.14,286804.67,42.57653780001645
300050.SZ,20260605,7.08,7.48,6.94,7.17,7.08,0.09,1.2712,285834.0,206589.966,7.227620437036881
300051.SZ,20260605,10.89,11.0,10.32,10.57,10.79,-0.22,-2.0389,190905.0,201719.801,10.566501715512953
300052.SZ,20260605,12.11,13.03,12.11,13.03,10.86,2.17,19.9816,211575.0,270417.445,12.781162471936668
300053.SZ,20260605,15.99,16.78,15.58,16.48,15.78,0.7,4.436,383165.3,623323.598,16.26774653132734
300054.SZ,20260605,71.71,72.95,69.21,69.75,73.39,-3.64,-4.9598,369895.4,2627297.358,71.02811654321735
300055.SZ,20260605,8.28,8.79,8.06,8.54,8.23,0.31,3.7667,242907.63,205541.511,8.46171489137661
300056.SZ,20260605,10.05,10.18,9.66,9.91,9.95,-0.04,-0.402,192002.34,190934.639,9.944391250648298
300057.SZ,20260605,8.53,9.13,8.23,8.64,8.51,0.13,1.5276,941624.29,826090.601,8.77303835269585
300058.SZ,20260605,16.16,16.35,15.38,15.49,15.91,-0.42,-2.6398,2771440.67,4359219.804,15.729074957971225
300059.SZ,20260605,18.76,18.95,18.5,18.52,18.74,-0.22,-1.174,2553012.96,4770469.812,18.6856466721579
300061.SZ,20260605,8.68,9.25,8.29,8.98,8.65,0.33,3.815,401473.28,353210.983,8.797870259261089
300062.SZ,20260605,6.6,6.76,6.44,6.63,6.61,0.02,0.3026,182981.15,120959.264,6.610476762223868
300063.SZ,20260605,9.98,10.16,9.6,9.81,9.86,-0.05,-0.5071,350622.0,345374.865,9.850347810462548
300065.SZ,20260605,19.91,20.35,19.41,19.9,19.67,0.23,1.1693,345731.54,690142.506,19.961803484865747
300066.SZ,20260605,5.9,6.25,5.7,6.14,5.82,0.32,5.4983,660934.69,401991.138,6.082161279808146
300067.SZ,20260605,5.52,5.61,5.32,5.5,5.53,-0.03,-0.5425,453343.74,248385.613,5.478968629852483
300068.SZ,20260605,4.45,4.57,4.36,4.47,4.47,0.0,0.0,426629.36,189983.669,4.453131612882901
300069.SZ,20260605,50.44,52.98,44.4,45.33,49.2,-3.87,-7.8659,239015.01,1126070.015,47.11294135878746
300070.SZ,20260605,3.44,3.52,3.43,3.48,3.43,0.05,1.4577,299778.21,104057.437,3.4711474526450736
300071.SZ,20260605,4.1,4.16,3.96,4.08,4.06,0.02,0.4926,374690.0,152345.998,4.065921108116043
300072.SZ,20260605,3.84,3.88,3.76,3.82,3.84,-0.02,-0.5208,294504.83,112594.298,3.823173222659879
300073.SZ,20260605,52.68,53.1,51.03,51.4,52.6,-1.2,-2.2814,149581.82,777228.657,51.960101635345794
300074.SZ,20260605,4.02,4.18,3.94,4.1,4.0,0.1,2.5,201906.0,82175.664,4.069996136816142
300075.SZ,20260605,12.22,12.48,12.06,12.33,12.19,0.14,1.1485,86243.21,105805.153,12.26822992789809
300076.SZ,20260605,4.58,4.73,4.46,4.68,4.65,0.03,0.6452,105131.0,48353.872,4.599392377129487
300077.SZ,20260605,23.81,24.5,23.0,23.52,24.19,-0.67,-2.7697,458695.26,1087072.366,23.69922824142547
300078.SZ,20260605,3.24,3.39,3.23,3.33,3.24,0.09,2.7778,291144.34,96310.376,3.3079941035432805
300079.SZ,20260605,4.98,5.13,4.91,5.03,4.96,0.07,1.4113,261304.45,131244.851,5.022679521913997
300080.SZ,20260605,4.07,4.15,3.96,4.08,4.07,0.01,0.2457,251374.24,102185.688,4.065081927249189
300081.SZ,20260605,4.3,4.33,4.2,4.26,4.3,-0.04,-0.9302,82397.0,35233.707,4.276090998458682
300082.SZ,20260605,9.17,9.44,8.98,9.21,9.2,0.01,0.1087,165708.99,152903.684,9.227241322272256
300083.SZ,20260605,9.61,10.63,9.25,10.35,9.71,0.64,6.5911,1238787.81,1249265.804,10.084582637279906
300084.SZ,20260605,11.74,12.25,11.73,11.93,11.71,0.22,1.8787,239416.36,286822.238,11.980060092802347
300085.SZ,20260605,32.49,32.5,29.6,29.83,33.18,-3.35,-10.0964,797301.16,2431961.149,30.502415787279176
300086.SZ,20260605,6.4,6.54,6.32,6.42,6.38,0.04,0.627,130580.5,83956.561,6.429486868253683
300087.SZ,20260605,7.06,7.19,7.0,7.14,7.09,0.05,0.7052,114764.99,81558.832,7.106595138465136
300088.SZ,20260605,8.23,8.8,8.1,8.36,8.42,-0.06,-0.7126,3952395.68,3346039.284,8.465850979778422
300091.SZ,20260605,2.95,3.01,2.94,2.98,2.94,0.04,1.3605,74899.0,22261.987,2.9722675870171833
300092.SZ,20260605,13.36,13.74,13.16,13.45,13.36,0.09,0.6737,37690.0,50657.155,13.440476253648182
300093.SZ,20260605,23.0,23.38,22.38,22.63,23.1,-0.47,-2.0346,32792.87,74617.257,22.754109963537804
300094.SZ,20260605,2.85,2.93,2.84,2.9,2.9,0.0,0.0,321185.0,92822.399,2.8899979451095166
300095.SZ,20260605,9.2,9.43,8.85,9.22,9.23,-0.01,-0.1083,140992.9,129064.086,9.153942219785536
300096.SZ,20260605,8.79,8.79,8.56,8.6,8.72,-0.12,-1.3761,29570.0,25501.382,8.624072370645926
300097.SZ,20260605,9.1,9.75,8.85,9.53,9.2,0.33,3.587,146838.0,136988.211,9.329207085359377
300098.SZ,20260605,5.16,5.37,5.1,5.26,5.16,0.1,1.938,497078.23,260551.833,5.241666548140723
300099.SZ,20260605,7.22,7.55,7.04,7.38,7.24,0.14,1.9337,199439.22,145463.763,7.293638783785857
300100.SZ,20260605,30.3,32.88,29.22,31.87,30.76,1.11,3.6086,243311.32,756294.907,31.08342460186398
300101.SZ,20260605,16.75,17.26,16.49,16.97,16.75,0.22,1.3134,133556.41,225833.499,16.90922202835491
300102.SZ,20260605,25.51,26.11,24.64,24.75,24.59,0.16,0.6507,643042.23,1624076.349,25.256138294369876
300103.SZ,20260605,8.32,8.58,8.1,8.45,8.43,0.02,0.2372,122416.5,102522.648,8.374904363382388
300105.SZ,20260605,5.9,6.08,5.77,5.98,5.94,0.04,0.6734,68337.0,40566.298,5.936212886137817
300106.SZ,20260605,13.4,13.92,10.82,13.79,13.53,0.26,1.9217,231857.8,307388.58,13.257633773804463
300107.SZ,20260605,6.07,6.24,5.94,6.13,6.08,0.05,0.8224,83687.0,51047.133,6.099768542306451
300109.SZ,20260605,16.88,16.95,16.51,16.55,16.8,-0.25,-1.4881,51349.48,85574.286,16.66507353141648
300110.SZ,20260605,2.76,2.83,2.76,2.8,2.75,0.05,1.8182,167607.02,46842.542,2.7947840132233126
300111.SZ,20260605,3.27,3.33,3.2,3.25,3.27,-0.02,-0.6116,259774.0,84626.216,3.2576861425700803
300112.SZ,20260605,6.83,7.26,6.68,7.1,6.84,0.26,3.8012,94902.5,66438.676,7.000729801638524
300113.SZ,20260605,21.04,21.33,20.65,20.81,21.04,-0.23,-1.0932,219983.53,462385.855,21.019112430826073
300115.SZ,20260605,32.78,35.0,31.26,33.66,33.23,0.43,1.294,822529.66,2722202.042,33.09548791225352
300118.SZ,20260605,14.39,14.58,13.72,13.98,13.98,0.0,0.0,637952.69,902548.712,14.147580630156135
300119.SZ,20260605,15.9,16.02,15.71,15.81,15.82,-0.01,-0.0632,22587.12,35797.428,15.84860221223423
300120.SZ,20260605,8.08,8.29,7.79,7.98,8.16,-0.18,-2.2059,364682.88,293077.391,8.036499848854984
300121.SZ,20260605,12.3,13.85,12.26,13.21,12.42,0.79,6.3607,385667.83,510896.39,13.24705744837468
300122.SZ,20260605,12.58,12.75,12.44,12.44,12.46,-0.02,-0.1605,169059.39,212269.349,12.555904111566944
300123.SZ,20260605,4.74,4.84,4.51,4.54,4.74,-0.2,-4.2194,422550.0,198022.969,4.686379576381493
300124.SZ,20260605,74.48,77.63,72.14,75.08,74.15,0.93,1.2542,531795.28,3978154.954,74.80613506009304
300125.SZ,20260605,9.75,9.87,9.23,9.62,9.59,0.03,0.3128,81822.51,77686.657,9.494533594728395
300126.SZ,20260605,6.66,7.05,6.51,6.94,6.68,0.26,3.8922,62315.0,42425.758,6.808273770360267
300127.SZ,20260605,27.61,29.96,27.22,28.97,27.67,1.3,4.6982,104820.01,302465.688,28.85572020075175
300128.SZ,20260605,7.45,7.76,7.1,7.43,7.52,-0.09,-1.1968,641003.0,474676.981,7.405222456057149
300129.SZ,20260605,10.13,10.48,9.96,9.96,10.03,-0.07,-0.6979,225589.68,228753.994,10.14026856193067
300130.SZ,20260605,24.78,25.25,24.26,24.28,25.03,-0.75,-2.9964,221517.41,545637.427,24.63180781140408
300131.SZ,20260605,16.91,17.44,16.46,16.84,17.13,-0.29,-1.6929,748260.98,1271127.488,16.98775590302731
300132.SZ,20260605,6.52,6.78,6.41,6.51,6.58,-0.07,-1.0638,163963.79,107274.786,6.5425900438139415
300133.SZ,20260605,7.55,7.64,7.39,7.42,7.54,-0.12,-1.5915,663586.86,497270.866,7.493681625944191
300134.SZ,20260605,10.02,11.06,9.91,10.69,10.03,0.66,6.5803,260407.76,276495.767,10.617800598568952
300135.SZ,20260605,3.45,3.55,3.43,3.48,3.48,0.0,0.0,161217.0,56379.349,3.497109423944125
300136.SZ,20260605,100.0,108.98,97.0,106.33,98.0,8.33,8.5,1290148.65,13319804.522,103.24240173409476
300137.SZ,20260605,18.98,19.4,18.01,18.71,18.9,-0.19,-1.0053,277591.08,518111.722,18.66456667123454
300138.SZ,20260605,9.88,10.12,9.76,9.98,9.86,0.12,1.217,52473.03,52162.434,9.940808449597823
300139.SZ,20260605,42.82,42.99,41.9,42.24,42.96,-0.72,-1.676,129456.6,548864.389,42.39755941373402
300140.SZ,20260605,5.88,5.94,5.75,5.84,5.94,-0.1,-1.6835,160770.2,94023.693,5.848328421560711
300141.SZ,20260605,11.0,11.21,10.69,11.02,10.9,0.12,1.1009,68549.0,75342.516,10.991045237713168
300142.SZ,20260605,11.99,12.23,11.8,11.83,11.92,-0.09,-0.755,483308.19,577481.323,11.948511011162463
300143.SZ,20260605,7.56,7.71,7.5,7.51,7.58,-0.07,-0.9235,55434.57,42086.38,7.592081980612458
300144.SZ,20260605,6.51,6.65,6.49,6.58,6.46,0.12,1.8576,243812.98,160663.174,6.589607083265214
300145.SZ,20260605,4.4,4.52,4.32,4.44,4.42,0.02,0.4525,564162.9,249818.107,4.428120087301026
300146.SZ,20260605,9.56,9.72,9.56,9.63,9.55,0.08,0.8377,105355.0,101606.896,9.644240520146173
300147.SZ,20260605,9.67,9.86,9.58,9.67,9.67,0.0,0.0,63302.58,61515.39,9.717675014193734
300148.SZ,20260605,3.57,3.67,3.56,3.61,3.57,0.04,1.1204,233799.17,84579.259,3.6176030479492294
300149.SZ,20260605,8.23,8.38,8.08,8.12,8.16,-0.04,-0.4902,87948.39,72205.384,8.209972234852735
300150.SZ,20260605,4.22,4.36,4.15,4.29,4.19,0.1,2.3866,105610.0,45073.31,4.267901713852854
300151.SZ,20260605,24.74,25.5,23.8,24.29,25.25,-0.96,-3.802,255716.75,626024.675,24.48117594956138
300152.SZ,20260605,1.78,1.94,1.77,1.88,1.83,0.05,2.7322,330335.12,61037.94,1.8477581190882764
300153.SZ,20260605,26.02,26.36,25.13,25.79,26.02,-0.23,-0.8839,87818.13,226460.672,25.78746233835769
300154.SZ,20260605,9.7,9.89,9.54,9.67,9.71,-0.04,-0.4119,109035.07,105928.477,9.715083137929842
300155.SZ,20260605,4.57,4.79,4.56,4.72,4.62,0.1,2.1645,119304.03,55857.363,4.681934298447421
300157.SZ,20260605,4.44,4.51,4.34,4.42,4.44,-0.02,-0.4505,251797.0,111545.081,4.429960682613375
300158.SZ,20260605,5.3,5.45,5.19,5.21,5.27,-0.06,-1.1385,148972.91,79156.201,5.313462763129216
300159.SZ,20260605,4.18,4.27,4.13,4.21,4.13,0.08,1.937,352427.0,148690.479,4.219043347984121
300160.SZ,20260605,4.69,5.11,4.66,5.03,4.74,0.29,6.1181,220966.01,109817.156,4.969866451405807
300161.SZ,20260605,30.61,32.5,30.18,31.88,31.09,0.79,2.541,86989.7,272515.015,31.327273803680207
300162.SZ,20260605,8.68,10.52,8.31,10.52,8.77,1.75,19.9544,879685.27,845266.236,9.608734678483362
300163.SZ,20260605,6.25,6.57,6.2,6.41,6.27,0.14,2.2329,384438.0,246522.657,6.412546548468153
300164.SZ,20260605,9.59,9.67,9.29,9.51,9.66,-0.15,-1.5528,720366.0,681609.165,9.461984116407493
300165.SZ,20260605,5.9,6.12,5.75,6.03,5.91,0.12,2.0305,174528.0,104079.32,5.963474055738907
300166.SZ,20260605,16.72,17.08,16.5,16.56,17.08,-0.52,-3.0445,757785.36,1270465.259,16.76550281995419
300167.SZ,20260605,5.01,5.11,4.97,4.97,5.04,-0.07,-1.3889,53817.0,27029.016,5.022393667428507
300168.SZ,20260605,5.05,5.18,4.99,5.07,5.04,0.03,0.5952,180159.54,91494.919,5.078549767611529
300169.SZ,20260605,5.5,5.67,5.35,5.55,5.49,0.06,1.0929,107789.0,59548.958,5.524585811168116
300170.SZ,20260605,18.39,18.59,17.68,18.06,18.36,-0.3,-1.634,528388.29,957714.49,18.125202774648923
300171.SZ,20260605,11.17,11.47,11.04,11.33,11.17,0.16,1.4324,81436.72,91878.118,11.282148642528824
300172.SZ,20260605,4.62,4.75,4.61,4.74,4.66,0.08,1.7167,120271.6,56493.237,4.697138559726485
300173.SZ,20260605,3.86,3.96,3.82,3.9,3.84,0.06,1.5625,90181.0,35140.708,3.896686441711669
300174.SZ,20260605,26.84,27.49,25.51,25.93,28.26,-2.33,-8.2449,637510.39,1674921.052,26.272843208092652
300175.SZ,20260605,5.67,5.86,5.5,5.53,5.79,-0.26,-4.4905,146100.15,82275.053,5.631414683694712
300176.SZ,20260605,5.76,5.84,5.54,5.76,5.69,0.07,1.2302,128591.0,73333.122,5.702819170859548
300177.SZ,20260605,7.09,7.3,6.96,7.2,7.1,0.1,1.4085,113305.44,81026.596,7.151165557452494
300179.SZ,20260605,51.5,54.21,46.91,47.5,51.38,-3.88,-7.5516,843985.92,4210725.308,49.89094258823655
300180.SZ,20260605,4.78,4.92,4.76,4.84,4.8,0.04,0.8333,293215.75,142257.852,4.85164429264117
300181.SZ,20260605,13.55,13.71,13.45,13.49,13.51,-0.02,-0.148,69090.81,93774.485,13.572642294973818
300182.SZ,20260605,6.0,6.22,5.92,6.22,6.02,0.2,3.3223,2805928.47,1720750.535,6.132553104605691
300183.SZ,20260605,11.51,12.04,11.34,11.75,11.55,0.2,1.7316,82919.0,97270.708,11.730810550054873
300184.SZ,20260605,17.61,17.81,16.88,17.0,18.14,-1.14,-6.2845,1683564.67,2917647.751,17.330179249960146
300185.SZ,20260605,2.7,2.73,2.66,2.69,2.7,-0.01,-0.3704,759022.45,204584.42,2.6953671791921305
300187.SZ,20260605,5.45,5.54,5.21,5.47,5.48,-0.01,-0.1825,184921.0,99572.6,5.3846020733177955
300188.SZ,20260605,10.6,10.81,10.45,10.65,10.59,0.06,0.5666,90163.32,95942.111,10.640924823974983
300189.SZ,20260605,5.16,5.29,5.02,5.06,5.23,-0.17,-3.2505,778137.04,396899.238,5.100634176211429
300190.SZ,20260605,3.96,4.06,3.88,3.99,3.98,0.01,0.2513,224271.4,89314.471,3.9824280313941056
300191.SZ,20260605,31.16,31.39,30.6,31.24,31.3,-0.06,-0.1917,77171.71,239687.913,31.059038733235273
300192.SZ,20260605,16.6,17.45,16.14,16.96,16.6,0.36,2.1687,99960.54,167987.862,16.80541761779198
300193.SZ,20260605,7.54,7.81,7.47,7.67,7.55,0.12,1.5894,63817.42,48850.146,7.65467265834313
300194.SZ,20260605,3.72,3.78,3.72,3.73,3.72,0.01,0.2688,66315.0,24893.025,3.753754806604841
300195.SZ,20260605,5.71,5.95,5.61,5.87,5.71,0.16,2.8021,128557.0,74696.1,5.810348716911565
300196.SZ,20260605,24.12,25.0,23.16,24.07,24.62,-0.55,-2.234,374302.95,904016.96,24.152012694529926
300197.SZ,20260605,2.7,2.78,2.49,2.52,2.79,-0.27,-9.6774,4310707.77,1108156.406,2.5707064016543155
300198.SZ,20260605,2.45,2.49,2.37,2.42,2.54,-0.12,-4.7244,273474.5,66121.185,2.4178190288308414
300199.SZ,20260605,23.4,23.49,21.36,21.47,22.86,-1.39,-6.0805,573552.46,1265970.171,22.07243904071129
300200.SZ,20260605,9.24,9.63,8.91,9.48,9.3,0.18,1.9355,179659.73,168232.323,9.363941657933028
300201.SZ,20260605,18.74,18.88,17.88,18.52,18.62,-0.1,-0.5371,490583.97,904949.993,18.44638325626498
300203.SZ,20260605,12.49,13.37,12.33,12.9,12.49,0.41,3.2826,170579.55,221027.321,12.957433701753816
300204.SZ,20260605,25.59,26.49,23.95,24.82,24.53,0.29,1.1822,419562.3,1059047.827,25.241729940940836
300205.SZ,20260605,5.71,5.9,5.7,5.89,5.81,0.08,1.3769,26505.11,15345.337,5.789576802359997
300206.SZ,20260605,13.0,13.18,12.98,13.0,12.96,0.04,0.3086,61316.5,80139.424,13.069797525951417
300207.SZ,20260605,21.23,21.43,20.52,20.77,21.23,-0.46,-2.1667,539448.16,1129471.707,20.937539336495277
300209.SZ,20260605,25.56,26.43,24.61,25.51,25.91,-0.4,-1.5438,483870.25,1236328.817,25.550833451736285
300210.SZ,20260605,10.6,10.81,10.26,10.5,10.64,-0.14,-1.3158,190195.0,200560.165,10.54497568285181
300211.SZ,20260605,7.94,8.06,7.79,7.97,7.94,0.03,0.3778,51030.0,40479.416,7.9324742308446
300212.SZ,20260605,10.59,10.98,10.05,10.8,10.43,0.37,3.5475,421516.25,445730.282,10.574450735885035
300213.SZ,20260605,7.22,7.48,7.1,7.37,7.22,0.15,2.0776,114508.33,83867.795,7.324165412245555
300214.SZ,20260605,7.41,7.95,7.2,7.62,7.48,0.14,1.8717,148707.0,112063.393,7.5358519101320045
300215.SZ,20260605,7.3,7.36,7.05,7.18,7.37,-0.19,-2.578,224824.0,161669.434,7.190933085435719
300217.SZ,20260605,5.2,5.32,5.01,5.2,5.19,0.01,0.1927,631918.6,326561.062,5.167771007215169
300218.SZ,20260605,13.01,13.68,12.86,13.46,12.9,0.56,4.3411,56735.0,75754.486,13.352337357891955
300219.SZ,20260605,8.54,9.26,8.45,8.87,8.63,0.24,2.781,779182.62,687944.196,8.829049549385482
300220.SZ,20260605,12.01,12.43,11.73,12.2,12.01,0.19,1.582,41897.2,50816.149,12.128769702987313
300221.SZ,20260605,14.33,15.0,13.62,14.78,14.57,0.21,1.4413,564831.0,816792.778,14.46083479837332
300222.SZ,20260605,15.07,15.3,14.36,14.79,15.07,-0.28,-1.858,611279.28,902224.812,14.759617109874883
300223.SZ,20260605,145.0,146.84,138.6,139.36,150.41,-11.05,-7.3466,363045.39,5192949.484,143.03857388190497
300224.SZ,20260605,12.1,12.88,11.98,12.53,12.09,0.44,3.6394,326097.14,407779.068,12.504834234363418
300225.SZ,20260605,7.52,7.97,7.09,7.68,7.68,0.0,0.0,331158.0,248600.964,7.507019730762959
300226.SZ,20260605,20.79,21.41,20.78,21.14,20.96,0.18,0.8588,49339.94,104246.796,21.128277821172865
300227.SZ,20260605,10.82,11.27,10.55,10.81,10.85,-0.04,-0.3687,248412.2,271967.119,10.948219089078554
300228.SZ,20260605,7.85,8.05,7.68,7.97,7.87,0.1,1.2706,224249.0,176869.498,7.887192272875241
300229.SZ,20260605,15.85,16.28,15.61,15.97,15.96,0.01,0.0627,177614.38,283758.309,15.976088704079029
300230.SZ,20260605,4.72,4.84,4.64,4.77,4.71,0.06,1.2739,117387.64,55633.703,4.739315229439828
300231.SZ,20260605,9.0,9.14,8.8,8.93,8.94,-0.01,-0.1119,96059.92,86164.207,8.969839554311518
300232.SZ,20260605,5.78,6.08,5.72,5.93,5.79,0.14,2.418,318265.94,188214.922,5.9137626225413875
300233.SZ,20260605,12.58,12.89,12.5,12.66,12.52,0.14,1.1182,60139.0,76156.55,12.663421407073614
300234.SZ,20260605,8.68,8.92,8.26,8.83,8.51,0.32,3.7603,278258.81,240527.586,8.644024101159637
300235.SZ,20260605,13.74,14.12,13.6,13.88,13.82,0.06,0.4342,110704.56,153811.475,13.893869864077868
300236.SZ,20260605,92.01,97.66,89.56,93.45,93.9,-0.45,-0.4792,145740.82,1375775.243,94.39875822024331
300237.SZ,20260605,2.24,2.25,2.21,2.24,2.24,0.0,0.0,176390.0,39284.59,2.22714382901525
300238.SZ,20260605,11.36,11.56,11.26,11.45,11.3,0.15,1.3274,41371.0,47243.27,11.419416982910732
300239.SZ,20260605,4.98,5.01,4.84,4.97,4.92,0.05,1.0163,131496.22,64949.895,4.939297494635207
300240.SZ,20260605,5.76,5.91,5.68,5.83,5.76,0.07,1.2153,81430.0,47291.347,5.807607392852757
300241.SZ,20260605,8.02,8.6,7.85,7.92,8.18,-0.26,-3.1785,1257783.42,1029693.531,8.186572621540837
300242.SZ,20260605,4.87,4.91,4.24,4.71,4.94,-0.23,-4.6559,543123.25,250969.71,4.62086110288963
300243.SZ,20260605,17.86,18.58,17.17,17.82,18.08,-0.26,-1.4381,308678.09,549819.361,17.812063078399895
300244.SZ,20260605,17.2,17.33,16.78,16.82,16.93,-0.11,-0.6497,173658.69,295206.363,16.999227795626005
300245.SZ,20260605,6.41,6.61,6.25,6.45,6.4,0.05,0.7813,102907.03,66184.064,6.431442438869337
300246.SZ,20260605,17.01,17.01,16.08,16.56,16.8,-0.24,-1.4286,91890.0,151122.028,16.445971052345193
300247.SZ,20260605,4.13,4.29,4.08,4.17,4.13,0.04,0.9685,193057.0,80757.398,4.183085720797485
300248.SZ,20260605,8.34,8.73,8.27,8.54,8.4,0.14,1.6667,81174.7,69241.606,8.529949109759569
300249.SZ,20260605,15.61,16.39,15.46,15.88,15.79,0.09,0.57,312551.84,499399.834,15.978144105630603
300250.SZ,20260605,15.97,16.64,15.74,16.3,16.42,-0.12,-0.7308,64780.03,104802.629,16.178231007302713
300251.SZ,20260605,12.11,12.23,11.95,12.04,12.07,-0.03,-0.2486,356253.51,430647.895,12.088242863908906
300252.SZ,20260605,16.4,17.88,16.4,17.08,16.63,0.45,2.706,993241.64,1710558.159,17.22197388945554
300253.SZ,20260605,7.5,7.63,7.42,7.5,7.46,0.04,0.5362,441523.97,332312.948,7.526498459415465
300254.SZ,20260605,10.08,10.49,9.59,9.69,9.69,0.0,0.0,215096.31,213360.212,9.919287411299617
300255.SZ,20260605,39.95,40.25,37.53,37.53,39.71,-2.18,-5.4898,181515.01,699421.206,38.532417016091394
300256.SZ,20260605,2.97,3.1,2.95,3.04,2.99,0.05,1.6722,390744.9,118611.669,3.035526989603703
300257.SZ,20260605,28.74,29.3,28.03,28.67,28.73,-0.06,-0.2088,65212.0,186291.399,28.56704272219837
300258.SZ,20260605,12.36,13.42,11.82,13.02,12.45,0.57,4.5783,334576.11,420649.829,12.572619993698895
300259.SZ,20260605,5.31,6.22,5.07,6.12,5.35,0.77,14.3925,1109893.4,638834.474,5.755818297504969
300260.SZ,20260605,63.0,68.5,60.72,64.29,60.7,3.59,5.9143,465623.01,3031264.822,65.10126769723
300261.SZ,20260605,4.91,5.01,4.85,4.98,4.91,0.07,1.4257,99434.42,49180.566,4.946030358501614
300263.SZ,20260605,11.63,12.21,11.2,11.84,11.75,0.09,0.766,565870.97,668298.912,11.810093597839098
300264.SZ,20260605,7.51,8.03,7.46,7.79,7.56,0.23,3.0423,222636.03,172756.547,7.759595201190032
300265.SZ,20260605,23.19,24.85,22.7,24.06,23.7,0.36,1.519,804246.35,1948332.491,24.2255683348765
300266.SZ,20260605,2.19,2.2,2.1,2.13,2.21,-0.08,-3.6199,308866.0,66009.479,2.137155886371436
300267.SZ,20260605,3.49,3.56,3.44,3.49,3.49,0.0,0.0,425226.16,149077.554,3.505841550294084
300268.SZ,20260605,12.2,12.54,12.12,12.38,12.29,0.09,0.7323,16874.4,20843.107,12.351909993836816
300269.SZ,20260605,5.21,5.5,5.12,5.35,5.25,0.1,1.9048,288735.0,154050.544,5.335360936498866
300270.SZ,20260605,12.44,12.83,12.25,12.38,12.51,-0.13,-1.0392,95061.0,119063.835,12.52499289929624
300271.SZ,20260605,5.53,5.6,5.44,5.52,5.5,0.02,0.3636,87040.66,48059.813,5.521535912066843
300272.SZ,20260605,5.88,6.0,5.83,5.92,5.86,0.06,1.0239,115708.94,68386.613,5.910227247782237
300274.SZ,20260605,165.99,166.25,152.85,153.75,164.35,-10.6,-6.4497,840043.65,13241538.824,157.6291758648494
300275.SZ,20260605,9.27,9.55,9.07,9.43,9.26,0.17,1.8359,89346.0,83531.825,9.349251785194637
300276.SZ,20260605,7.55,9.09,7.09,8.55,7.67,0.88,11.4733,1619789.41,1312961.539,8.105754556081461
300277.SZ,20260605,15.49,16.06,15.01,15.07,15.52,-0.45,-2.8995,285413.07,440396.619,15.430148976709441
300278.SZ,20260605,4.44,4.83,4.25,4.66,4.41,0.25,5.6689,521080.01,236988.078,4.548017069394008
300279.SZ,20260605,7.57,7.74,7.22,7.73,7.56,0.17,2.2487,329396.8,247549.219,7.515228411447835
300281.SZ,20260605,7.8,8.04,7.63,7.72,7.94,-0.22,-2.7708,213210.26,165748.207,7.773932033101971
300283.SZ,20260605,17.51,18.35,16.58,17.51,17.54,-0.03,-0.171,708802.85,1243592.44,17.544969521496704
300284.SZ,20260605,5.8,5.93,5.76,5.84,5.8,0.04,0.6897,85021.9,49641.299,5.838648512912555
300285.SZ,20260605,62.11,67.6,60.4,65.18,64.0,1.18,1.8438,1406308.64,9014988.854,64.10391430148648
300286.SZ,20260605,32.18,33.85,31.25,32.75,33.05,-0.3,-0.9077,136953.11,446936.162,32.63424700614685
300287.SZ,20260605,3.85,3.94,3.73,3.86,3.85,0.01,0.2597,302387.05,116274.418,3.8452181731988855
300288.SZ,20260605,9.81,10.1,9.66,9.98,9.81,0.17,1.7329,54989.55,54461.099,9.90389974095078
300289.SZ,20260605,5.7,5.77,5.62,5.73,5.7,0.03,0.5263,59617.71,33986.311,5.700707222736332
300290.SZ,20260605,10.28,10.5,10.0,10.28,10.22,0.06,0.5871,196755.35,201600.881,10.246271880281782
300291.SZ,20260605,6.0,6.31,5.75,6.08,6.07,0.01,0.1647,617303.02,374891.172,6.073049375329478
300292.SZ,20260605,5.82,6.49,5.79,6.15,5.84,0.31,5.3082,2165107.6,1349572.962,6.233283565214034
300293.SZ,20260605,17.46,18.3,16.95,18.01,17.58,0.43,2.446,102543.33,182458.342,17.79329206492514
300294.SZ,20260605,16.38,17.24,16.31,16.59,16.31,0.28,1.7167,108599.92,183211.256,16.870293827104106
300295.SZ,20260605,11.7,11.94,11.63,11.69,11.81,-0.12,-1.0161,17834.6,20987.893,11.768076099267716
300296.SZ,20260605,6.71,7.07,6.66,6.88,6.56,0.32,4.878,1992150.06,1370250.807,6.878250963684934
300298.SZ,20260605,14.92,15.13,14.84,14.96,14.84,0.12,0.8086,37300.51,55857.768,14.97506816930921
300299.SZ,20260605,5.25,5.75,5.22,5.45,5.2,0.25,4.8077,300886.71,164991.244,5.4835005507554655
300300.SZ,20260605,9.27,9.43,9.06,9.24,9.16,0.08,0.8734,374923.99,347426.971,9.266597504203453
300301.SZ,20260605,3.34,3.34,3.21,3.27,3.33,-0.06,-1.8018,100444.0,32650.365,3.250603819043447
300302.SZ,20260605,54.12,57.98,52.63,53.01,55.18,-2.17,-3.9326,753139.19,4158486.27,55.215374863177686
300303.SZ,20260605,8.9,9.25,8.55,8.89,8.99,-0.1,-1.1123,1054637.69,939845.23,8.911546011597594
300304.SZ,20260605,15.25,15.26,14.73,14.88,15.4,-0.52,-3.3766,437187.26,652839.95,14.932730427689041
300305.SZ,20260605,7.64,8.16,7.5,7.55,7.69,-0.14,-1.8205,549028.66,425825.59,7.755981081206215
300306.SZ,20260605,10.65,10.95,10.35,10.8,10.59,0.21,1.983,31859.0,33979.774,10.665675005492952
300307.SZ,20260605,6.75,7.79,6.75,7.65,6.78,0.87,12.8319,666687.93,496803.445,7.451813999392489
300308.SZ,20260605,1273.2,1301.51,1160.0,1179.99,1280.0,-100.01,-7.8133,474740.88,58324832.702,1228.5614144288566
300310.SZ,20260605,4.86,5.07,4.78,4.98,4.88,0.1,2.0492,346830.88,171641.311,4.94884743250082
300311.SZ,20260605,5.1,5.25,5.1,5.21,5.16,0.05,0.969,77491.0,40289.427,5.199239524589952
300313.SZ,20260605,8.66,8.96,8.62,8.67,8.63,0.04,0.4635,22800.0,20007.125,8.775054824561403
300314.SZ,20260605,9.92,10.16,9.81,10.06,9.91,0.15,1.5136,25707.0,25708.458,10.00056716069553
300315.SZ,20260605,4.29,4.43,4.28,4.38,4.25,0.13,3.0588,635188.21,277148.866,4.363255829323406
300316.SZ,20260605,48.48,50.22,46.23,48.89,49.01,-0.12,-0.2448,379021.94,1827283.919,48.210505149121445
300317.SZ,20260605,5.51,5.75,5.15,5.4,5.56,-0.16,-2.8777,977510.57,528660.954,5.408237723710752
300318.SZ,20260605,4.75,4.91,4.75,4.83,4.77,0.06,1.2579,60211.0,29043.31,4.82358871302586
300319.SZ,20260605,19.45,23.36,19.44,22.28,19.47,2.81,14.4325,2692559.89,5888923.639,21.871096204289074
300320.SZ,20260605,8.85,9.08,8.76,8.81,8.84,-0.03,-0.3394,114935.72,102514.986,8.919332127557908
300321.SZ,20260605,44.0,47.3,43.02,44.52,44.5,0.02,0.0449,57391.58,258589.625,45.05706673348251
300322.SZ,20260605,31.59,36.88,30.55,33.75,31.6,2.15,6.8038,956643.28,3245770.692,33.9287460630048
300323.SZ,20260605,17.51,18.88,17.06,17.66,18.02,-0.36,-1.9978,1762211.66,3156449.297,17.911862511453364
300324.SZ,20260605,4.19,4.29,4.11,4.2,4.18,0.02,0.4785,404675.15,170125.514,4.204002000122814
300326.SZ,20260605,6.24,6.32,6.05,6.26,6.23,0.03,0.4815,86396.94,53390.88,6.179718865043137
300327.SZ,20260605,27.1,28.09,25.61,27.47,27.68,-0.21,-0.7587,288075.2,774138.148,26.872780024104816
300328.SZ,20260605,19.61,23.52,19.23,22.12,19.6,2.52,12.8571,1305927.29,2882502.754,22.07245974620838
300329.SZ,20260605,12.47,12.73,12.32,12.46,12.6,-0.14,-1.1111,26804.15,33570.882,12.524509077885327
300331.SZ,20260605,57.38,62.69,56.9,59.06,58.38,0.68,1.1648,209616.52,1265536.834,60.37390726646927
300332.SZ,20260605,4.83,4.87,4.69,4.79,4.83,-0.04,-0.8282,211364.0,101057.173,4.7811913570901385
300333.SZ,20260605,10.29,11.23,10.2,10.95,10.39,0.56,5.3898,271751.1,293680.796,10.80697726706534
300334.SZ,20260605,7.49,9.01,7.49,9.01,7.51,1.5,19.9734,350622.61,300351.533,8.566234020104979
300335.SZ,20260605,5.78,5.94,5.61,5.65,5.82,-0.17,-2.921,192521.61,110155.095,5.721700280815229
300337.SZ,20260605,12.39,12.65,11.91,12.43,12.3,0.13,1.0569,312509.21,387043.577,12.385029452411978
300338.SZ,20260605,3.24,3.34,3.18,3.33,3.26,0.07,2.1472,84889.0,27667.406,3.2592451318780995
300339.SZ,20260605,41.2,42.63,40.88,41.46,41.1,0.36,0.8759,313419.72,1304624.63,41.62548004318299
300340.SZ,20260605,9.37,9.81,9.23,9.63,9.5,0.13,1.3684,85159.2,81508.863,9.571351421807627
300341.SZ,20260605,13.82,15.05,13.34,14.86,13.79,1.07,7.7592,126550.0,182470.822,14.418871750296326
300342.SZ,20260605,49.75,51.9,48.09,50.5,49.04,1.46,2.9772,462847.82,2329180.518,50.32281491571031
300343.SZ,20260605,6.45,6.57,6.39,6.51,6.56,-0.05,-0.7622,140765.8,91328.756,6.487993248360042
300345.SZ,20260605,5.9,6.27,5.85,6.15,5.87,0.28,4.77,260447.47,157449.157,6.045332557847462
300346.SZ,20260605,51.69,60.61,50.65,57.03,52.59,4.44,8.4427,1143686.63,6534303.698,57.13368965413192
300347.SZ,20260605,39.86,40.69,38.73,38.92,39.58,-0.66,-1.6675,185586.43,732292.715,39.45831141856654
300348.SZ,20260605,9.93,10.1,9.87,9.94,9.93,0.01,0.1007,140113.49,139935.004,9.98726132651467
300349.SZ,20260605,12.03,12.36,11.79,12.04,12.11,-0.07,-0.578,107993.65,130514.516,12.085387983460139
300350.SZ,20260605,4.42,4.61,4.39,4.54,4.42,0.12,2.7149,154674.0,69692.396,4.505760244126355
300351.SZ,20260605,17.24,17.5,16.7,17.1,17.3,-0.2,-1.1561,138156.33,236546.497,17.121654650206764
300352.SZ,20260605,3.11,3.15,3.06,3.1,3.09,0.01,0.3236,226267.85,70356.653,3.109441001008318
300353.SZ,20260605,18.45,21.94,17.85,21.94,18.28,3.66,20.0219,711508.47,1493510.497,20.990762021427514
300354.SZ,20260605,31.85,33.8,30.86,33.09,31.84,1.25,3.9259,35806.87,116340.541,32.491122792916556
300355.SZ,20260605,3.1,3.14,3.06,3.12,3.09,0.03,0.9709,200857.0,62238.555,3.0986500346017314
300357.SZ,20260605,22.26,22.74,22.15,22.24,22.0,0.24,1.0909,53270.41,119505.687,22.43378397125158
300358.SZ,20260605,8.1,8.46,7.98,8.24,8.06,0.18,2.2333,197457.37,162496.831,8.229463959739766
300359.SZ,20260605,3.99,4.13,3.94,4.08,4.0,0.08,2.0,100337.0,40588.29,4.045196687164257
300360.SZ,20260605,13.44,13.75,13.15,13.55,13.35,0.2,1.4981,69175.86,92973.736,13.440199514686192
300363.SZ,20260605,14.08,14.19,13.84,13.88,13.98,-0.1,-0.7153,87679.0,122541.964,13.976204564376875
300364.SZ,20260605,24.13,24.52,23.3,23.82,23.9,-0.08,-0.3347,350907.26,837178.38,23.857539453586682
300365.SZ,20260605,5.16,5.24,5.01,5.13,5.21,-0.08,-1.5355,158713.46,81309.264,5.123022584221905
300366.SZ,20260605,5.25,5.41,5.24,5.35,5.25,0.1,1.9048,57942.0,30920.884,5.336523419971696
300368.SZ,20260605,9.6,9.72,9.32,9.38,9.52,-0.14,-1.4706,159550.0,151326.843,9.484603133813852
300369.SZ,20260605,6.23,6.39,6.17,6.25,6.23,0.02,0.321,174204.0,109413.473,6.280766974351909
300370.SZ,20260605,2.5,2.54,2.44,2.46,2.51,-0.05,-1.992,279863.0,69305.151,2.4763956292900455
300371.SZ,20260605,11.1,11.57,10.83,11.36,11.12,0.24,2.1583,32111.0,36058.025,11.22918158886363
300373.SZ,20260605,104.19,108.66,101.31,102.87,105.5,-2.63,-2.4929,226643.35,2379389.434,104.98386270764175
300374.SZ,20260605,11.98,12.37,11.86,12.1,12.0,0.1,0.8333,44369.6,53625.147,12.086010917384876
300375.SZ,20260605,4.43,4.56,4.35,4.45,4.45,0.0,0.0,172742.0,76686.345,4.439357249539776
300376.SZ,20260605,4.98,5.03,4.82,4.95,4.99,-0.04,-0.8016,268120.02,132633.45,4.9467939768168
300377.SZ,20260605,13.33,14.05,13.27,13.33,13.33,0.0,0.0,290425.12,396151.706,13.64040775811679
300378.SZ,20260605,36.45,36.98,35.0,35.88,36.02,-0.14,-0.3887,122865.77,442280.316,35.99703285951816
300380.SZ,20260605,30.78,31.24,30.3,30.66,30.78,-0.12,-0.3899,21077.0,64811.282,30.749766095744175
300381.SZ,20260605,6.25,6.26,6.0,6.15,6.18,-0.03,-0.4854,85522.0,52392.544,6.126206590117162
300382.SZ,20260605,16.9,17.08,15.77,16.12,16.45,-0.33,-2.0061,360002.21,587226.4,16.31174430845855
300383.SZ,20260605,13.3,13.43,12.96,13.03,13.44,-0.41,-3.0506,633905.64,834986.892,13.172100693093691
300384.SZ,20260605,12.28,12.71,12.22,12.51,12.32,0.19,1.5422,32819.86,40910.867,12.46527773122737
300385.SZ,20260605,14.59,15.33,14.31,15.06,14.39,0.67,4.656,111446.2,165635.068,14.86233429224146
300386.SZ,20260605,10.62,10.87,10.51,10.65,10.68,-0.03,-0.2809,53296.0,56973.55,10.690023641549084
300387.SZ,20260605,7.6,7.77,7.46,7.65,7.52,0.13,1.7287,61795.34,47150.668,7.630133275421739
300388.SZ,20260605,7.35,7.48,7.21,7.38,7.36,0.02,0.2717,50832.8,37398.165,7.357093254748902
300389.SZ,20260605,13.6,14.18,13.36,13.85,13.72,0.13,0.9475,66373.73,91688.381,13.813956364965476
300390.SZ,20260605,79.57,83.6,77.31,80.5,78.73,1.77,2.2482,474211.96,3822287.782,80.60293928478734
300393.SZ,20260605,9.28,9.59,8.9,8.96,9.27,-0.31,-3.3441,427197.35,394733.239,9.240067594052258
300394.SZ,20260605,483.0,501.87,449.0,457.0,480.45,-23.45,-4.8808,471206.47,22474176.09,476.9496499061229
300395.SZ,20260605,120.01,125.0,117.11,119.23,122.08,-2.85,-2.3345,369619.21,4484614.652,121.33067034042953
300396.SZ,20260605,7.6,7.71,7.53,7.59,7.56,0.03,0.3968,23054.61,17560.854,7.617068343381215
300397.SZ,20260605,12.91,13.79,12.45,13.33,12.91,0.42,3.2533,266882.94,352828.975,13.220364516368111
300398.SZ,20260605,40.99,42.79,39.78,41.23,41.34,-0.11,-0.2661,686731.9,2849855.66,41.498809943152494
300399.SZ,20260605,19.0,19.64,18.6,19.13,18.97,0.16,0.8434,52823.3,101465.857,19.20854187451371
300400.SZ,20260605,28.01,31.2,27.39,29.75,28.11,1.64,5.8342,198772.0,593292.994,29.847915903648396
300401.SZ,20260605,11.37,11.57,11.26,11.32,11.37,-0.05,-0.4398,73581.82,83810.916,11.390166212251884
300402.SZ,20260605,16.01,17.36,15.91,17.19,16.2,0.99,6.1111,89219.98,150011.938,16.81371571704006
300403.SZ,20260605,10.46,11.44,10.07,11.11,10.47,0.64,6.1127,253944.95,275623.444,10.85366903338696
300404.SZ,20260605,9.13,9.28,8.92,9.09,9.07,0.02,0.2205,101411.95,92326.748,9.104129049880218
300405.SZ,20260605,6.08,6.46,5.9,6.29,6.12,0.17,2.7778,102053.3,63326.243,6.205212668282163
300406.SZ,20260605,11.72,12.05,11.68,11.95,11.69,0.26,2.2241,42596.16,50783.021,11.921971604952182
300407.SZ,20260605,11.78,12.46,11.61,12.16,11.79,0.37,3.1383,76411.01,92582.394,12.116368308703159
300408.SZ,20260605,136.0,142.9,130.0,134.83,139.03,-4.2,-3.0209,782508.63,10579077.306,135.1943850894015
300409.SZ,20260605,21.79,22.11,21.0,21.47,21.42,0.05,0.2334,203511.75,437602.372,21.50256051554763
300410.SZ,20260605,11.8,12.4,11.27,12.01,12.15,-0.14,-1.1523,653090.51,778656.347,11.92264066124617
300411.SZ,20260605,9.48,9.5,8.75,8.82,9.46,-0.64,-6.7653,174961.0,157158.383,8.982480838586884
300412.SZ,20260605,4.43,4.55,4.33,4.5,4.4,0.1,2.2727,99443.8,44297.485,4.454524565634056
300413.SZ,20260605,16.65,16.9,16.58,16.66,16.52,0.14,0.8475,127915.18,213932.905,16.724590857785607
300414.SZ,20260605,11.92,12.82,11.68,12.42,11.93,0.49,4.1073,104851.3,129008.081,12.30390858291695
300415.SZ,20260605,21.25,22.09,20.82,21.66,21.25,0.41,1.9294,89684.4,192795.213,21.49707340407027
300416.SZ,20260605,18.05,18.6,16.7,17.95,18.07,-0.12,-0.6641,334125.65,589676.867,17.648356748426824
300417.SZ,20260605,12.05,12.98,11.9,12.65,12.4,0.25,2.0161,44662.43,55307.649,12.383484060316468
300418.SZ,20260605,40.51,41.57,39.62,40.5,40.48,0.02,0.0494,480561.91,1946160.374,40.497599445615656
300419.SZ,20260605,7.19,7.28,7.12,7.12,7.19,-0.07,-0.9736,56463.0,40557.085,7.182949010856667
300420.SZ,20260605,6.49,6.69,6.0,6.07,5.66,0.41,7.2438,2839593.57,1793569.642,6.316289982301939
300421.SZ,20260605,21.7,23.14,20.63,22.26,21.72,0.54,2.4862,167194.72,365005.888,21.831185099625152
300422.SZ,20260605,5.21,5.32,4.97,5.24,5.21,0.03,0.5758,172485.6,88819.774,5.149402268943031
300423.SZ,20260605,6.29,6.45,6.14,6.33,6.31,0.02,0.317,91173.53,57404.889,6.296223147222665
300424.SZ,20260605,18.66,20.34,18.32,19.93,18.8,1.13,6.0106,238950.78,465894.374,19.497503795551538
300425.SZ,20260605,4.23,4.36,4.2,4.3,4.23,0.07,1.6548,59740.87,25580.506,4.281910524570533
300426.SZ,20260605,6.03,6.18,5.93,6.08,6.01,0.07,1.1647,56554.5,34289.39,6.063070135886623
300427.SZ,20260605,7.5,7.83,7.31,7.61,7.32,0.29,3.9617,541743.5,409967.146,7.567550805870305
300428.SZ,20260605,19.92,20.29,19.12,19.71,19.81,-0.1,-0.5048,83574.64,164155.611,19.641796961374887
300429.SZ,20260605,13.5,14.27,12.84,13.88,13.69,0.19,1.3879,362166.14,496867.309,13.719319785112987
300430.SZ,20260605,5.42,5.6,5.3,5.4,5.46,-0.06,-1.0989,142091.22,77094.59,5.425711032673236
300432.SZ,20260605,23.0,23.41,22.31,22.84,22.83,0.01,0.0438,371526.23,845192.592,22.74920379107553
300433.SZ,20260605,43.11,47.79,41.99,45.61,43.64,1.97,4.5142,2301436.29,10299055.682,44.750557409520994
300434.SZ,20260605,9.43,9.63,9.35,9.44,9.34,0.1,1.0707,87018.0,82451.961,9.475276494518376
300435.SZ,20260605,18.2,18.5,17.75,18.08,18.2,-0.12,-0.6593,97809.0,177115.753,18.108328783649764
300436.SZ,20260605,97.61,97.64,87.8,88.81,95.54,-6.73,-7.0442,106368.5,971031.81,91.28941462933106
300437.SZ,20260605,12.0,12.34,11.75,12.14,11.99,0.15,1.251,84403.0,102019.687,12.08721099960902
300438.SZ,20260605,77.24,78.61,74.99,75.65,77.23,-1.58,-2.0458,200539.48,1525783.732,76.08395773241259
300439.SZ,20260605,8.81,9.0,8.79,8.91,8.81,0.1,1.1351,26316.0,23404.869,8.893779069767442
300440.SZ,20260605,18.15,18.9,17.97,18.85,17.96,0.89,4.9555,166065.07,306605.82,18.46299284973053
300441.SZ,20260605,6.11,6.35,6.11,6.26,6.14,0.12,1.9544,62162.64,38853.738,6.250335893070178
300442.SZ,20260605,81.0,81.0,77.94,78.17,81.78,-3.61,-4.4143,334808.99,2659304.021,79.42749748147445
300443.SZ,20260605,23.65,23.76,22.88,23.17,23.55,-0.38,-1.6136,76888.34,178656.315,23.235813778786223
300444.SZ,20260605,13.69,13.86,13.22,13.5,13.67,-0.17,-1.2436,337487.91,457835.56,13.565984037768938
300445.SZ,20260605,23.22,25.85,22.7,24.54,23.04,1.5,6.5104,122400.4,300057.359,24.5144100019281
300446.SZ,20260605,15.95,16.43,15.67,16.09,15.76,0.33,2.0939,105916.1,170217.223,16.070948892566854
300447.SZ,20260605,16.13,16.76,16.04,16.53,16.2,0.33,2.037,76988.0,126917.205,16.485323037356473
300448.SZ,20260605,7.55,7.55,7.04,7.35,7.47,-0.12,-1.6064,289667.23,210382.122,7.262889972055175
300449.SZ,20260605,7.94,8.3,7.9,8.01,7.93,0.08,1.0088,301119.6,242848.714,8.064859079249574
300450.SZ,20260605,47.01,48.55,45.11,46.98,46.88,0.1,0.2133,620742.01,2910320.989,46.88455013702069
300451.SZ,20260605,3.7,3.78,3.65,3.71,3.66,0.05,1.3661,261371.3,96961.678,3.7097293390666843
300452.SZ,20260605,12.21,12.62,12.21,12.5,12.25,0.25,2.0408,24773.22,30809.348,12.436553665611497
300453.SZ,20260605,8.88,9.03,8.8,8.92,8.89,0.03,0.3375,60503.3,54093.406,8.940571175456546
300454.SZ,20260605,110.11,111.26,107.0,107.9,111.52,-3.62,-3.2461,103091.4,1123128.465,108.94492314586863
300455.SZ,20260605,22.15,23.18,22.03,22.67,22.18,0.49,2.2092,127846.24,290589.468,22.72960612685989
300456.SZ,20260605,44.38,45.27,42.82,43.05,44.92,-1.87,-4.163,413027.83,1806614.875,43.74075410366415
300457.SZ,20260605,24.75,25.5,23.81,24.83,24.68,0.15,0.6078,189603.21,468687.492,24.719385921788984
300458.SZ,20260605,32.65,33.29,31.31,32.48,33.0,-0.52,-1.5758,335010.9,1082456.176,32.311073341195765
300459.SZ,20260605,3.73,3.87,3.73,3.79,3.73,0.06,1.6086,731723.8,278881.623,3.8112963251981147
300460.SZ,20260605,9.4,9.46,9.14,9.21,9.47,-0.26,-2.7455,61562.0,57195.74,9.290754036581006
300461.SZ,20260605,46.93,49.78,45.71,48.55,47.4,1.15,2.4262,68123.0,326543.616,47.93441510209473
300462.SZ,20260605,12.17,12.2,11.95,12.04,12.18,-0.14,-1.1494,18559.0,22390.408,12.06444743790075
300463.SZ,20260605,9.07,9.17,8.96,9.09,9.01,0.08,0.8879,56005.35,50798.268,9.07025275263881
300464.SZ,20260605,9.11,9.11,8.48,8.9,8.99,-0.09,-1.0011,159242.0,139438.983,8.756419977141709
300465.SZ,20260605,13.64,14.71,13.64,14.29,13.48,0.81,6.0089,290927.0,416599.388,14.319722404589468
300466.SZ,20260605,7.91,8.35,7.77,8.2,7.95,0.25,3.1447,98775.8,79879.419,8.086942246987622
300467.SZ,20260605,32.99,33.86,32.99,33.45,32.97,0.48,1.4559,44094.0,147702.336,33.49715063273915
300468.SZ,20260605,23.49,23.68,23.1,23.24,23.63,-0.39,-1.6504,179055.37,418897.65,23.39486662701041
300469.SZ,20260605,53.33,57.8,52.0,56.09,52.43,3.66,6.9807,132543.9,733371.885,55.330489369937055
300470.SZ,20260605,30.88,31.4,30.55,31.15,30.9,0.25,0.8091,24335.0,75357.067,30.96653667557017
300471.SZ,20260605,9.64,9.81,9.4,9.69,9.66,0.03,0.3106,64883.0,62675.723,9.659806574911764
300472.SZ,20260605,8.28,8.33,8.03,8.15,8.27,-0.12,-1.451,32686.8,26618.062,8.143367353182324
300473.SZ,20260605,34.5,35.47,33.19,34.49,34.57,-0.08,-0.2314,61040.0,209091.559,34.25484256225426
300474.SZ,20260605,57.38,57.85,55.8,56.37,58.13,-1.76,-3.0277,96779.41,549690.427,56.79828250657862
300475.SZ,20260605,179.42,179.71,170.95,171.9,184.96,-13.06,-7.061,311709.1,5477667.29,175.73010508836606
300476.SZ,20260605,359.84,360.0,336.5,338.9,366.72,-27.82,-7.5862,553281.28,19274961.849,348.37545649475067
300477.SZ,20260605,2.42,2.51,2.42,2.45,2.38,0.07,2.9412,317664.9,78459.168,2.4698721199603733
300478.SZ,20260605,42.88,43.99,39.83,40.4,42.34,-1.94,-4.582,98021.76,404965.416,41.31382827649698
300479.SZ,20260605,14.36,14.93,14.22,14.65,14.47,0.18,1.244,35102.35,51210.722,14.58897253317798
300480.SZ,20260605,35.0,35.93,33.88,34.36,35.25,-0.89,-2.5248,180364.37,626593.109,34.74040404986861
300481.SZ,20260605,13.7,14.23,13.08,13.96,13.81,0.15,1.0862,119714.75,163974.52,13.69710248737102
300482.SZ,20260605,16.35,18.8,16.35,18.49,16.07,2.42,15.0591,265638.31,483016.589,18.183242808614462
300483.SZ,20260605,18.79,19.15,17.89,18.97,18.99,-0.02,-0.1053,292543.8,543772.141,18.58771715551654
300484.SZ,20260605,14.48,15.57,14.07,15.15,14.48,0.67,4.6271,64448.1,96090.851,14.909803547350505
300485.SZ,20260605,8.88,9.11,8.82,8.93,8.84,0.09,1.0181,67548.0,60569.274,8.966849351572215
300486.SZ,20260605,27.79,28.88,26.9,28.15,27.79,0.36,1.2954,367811.45,1025782.909,27.888824804121786
300487.SZ,20260605,54.99,54.99,52.4,53.76,54.77,-1.01,-1.8441,54539.47,291744.338,53.49233096691258
300488.SZ,20260605,31.8,35.04,30.62,34.55,31.84,2.71,8.5113,112043.91,372871.178,33.27902230473749
300489.SZ,20260605,127.51,129.0,124.2,125.35,129.53,-4.18,-3.2271,85282.72,1078851.871,126.50298571621545
300490.SZ,20260605,15.01,15.18,14.45,14.76,15.06,-0.3,-1.992,156882.2,232400.609,14.813701554414713
300491.SZ,20260605,31.82,32.89,29.51,32.18,31.85,0.33,1.0361,161810.94,505219.664,31.222837219782544
300492.SZ,20260605,39.89,40.95,36.7,39.86,39.7,0.16,0.403,66490.4,255528.049,38.430818433939336
300493.SZ,20260605,14.8,15.49,13.8,15.12,14.95,0.17,1.1371,284028.06,413269.766,14.550314711863328
300494.SZ,20260605,8.95,9.49,8.95,9.41,8.93,0.48,5.3751,172442.2,158934.993,9.216711048687618
300496.SZ,20260605,61.86,65.55,59.93,63.17,61.21,1.96,3.2021,234522.16,1473606.979,62.8344451117114
300497.SZ,20260605,16.08,16.3,15.36,15.85,15.79,0.06,0.38,266028.17,420391.631,15.802523131290947
300498.SZ,20260605,12.92,13.03,12.75,12.89,12.82,0.07,0.546,354868.97,457313.645,12.886831018220615
300499.SZ,20260605,37.55,37.93,35.98,36.73,38.25,-1.52,-3.9739,253918.28,938688.748,36.968143766569305
300500.SZ,20260605,10.5,10.85,10.2,10.67,10.51,0.16,1.5224,39906.5,42223.888,10.580704396526881
300501.SZ,20260605,12.64,13.09,12.02,12.79,12.6,0.19,1.5079,78943.77,99289.784,12.577279245721353
300502.SZ,20260605,790.0,818.38,730.0,748.0,775.94,-27.94,-3.6008,441764.57,34165078.019,773.3775032932134
300503.SZ,20260605,75.01,83.97,70.0,81.77,75.09,6.68,8.896,406443.47,3155931.099,77.64747946374929
300504.SZ,20260605,19.87,20.69,19.33,19.56,19.83,-0.27,-1.3616,221813.06,441489.962,19.903695571396923
300505.SZ,20260605,19.43,19.76,19.02,19.48,19.49,-0.01,-0.0513,114270.59,222391.494,19.46183125509372
300506.SZ,20260605,4.56,4.79,4.54,4.62,4.6,0.02,0.4348,63576.0,29506.672,4.641165219579715
300507.SZ,20260605,7.33,7.56,7.1,7.39,7.35,0.04,0.5442,153596.86,112547.136,7.327437292663406
300508.SZ,20260605,43.63,46.66,43.01,44.85,43.72,1.13,2.5846,48999.4,220955.169,45.09344379727098
300509.SZ,20260605,9.71,9.9,9.47,9.76,9.67,0.09,0.9307,49624.81,48170.35,9.706908701514424
300510.SZ,20260605,3.59,3.7,3.51,3.63,3.59,0.04,1.1142,164779.0,59391.955,3.604340055468233
300511.SZ,20260605,5.99,6.16,5.89,5.92,6.03,-0.11,-1.8242,167360.9,100416.217,5.999980700390593
300512.SZ,20260605,7.64,7.98,7.47,7.82,7.64,0.18,2.356,42687.78,33114.15,7.7572902596480775
300513.SZ,20260605,7.79,8.09,7.61,7.94,7.71,0.23,2.9831,78958.4,62177.77,7.87475050152992
300514.SZ,20260605,10.52,11.05,10.28,10.84,10.53,0.31,2.944,37528.34,40296.753,10.7376859727875
300515.SZ,20260605,15.16,15.8,14.88,15.55,15.26,0.29,1.9004,27862.0,42877.083,15.389090158639005
300516.SZ,20260605,41.8,44.58,40.85,40.98,42.22,-1.24,-2.937,225024.08,958905.603,42.61346621214939
300517.SZ,20260605,11.14,11.36,10.81,11.1,11.11,-0.01,-0.09,47459.4,52691.359,11.102407320783659
300518.SZ,20260605,29.0,29.29,27.85,28.49,28.89,-0.4,-1.3846,78618.31,224540.036,28.560781324350522
300519.SZ,20260605,13.29,13.65,13.16,13.51,13.25,0.26,1.9623,20755.16,27833.685,13.410489247011345
300520.SZ,20260605,33.01,33.03,30.92,32.22,33.46,-1.24,-3.7059,167874.13,537240.875,32.002600698511436
300521.SZ,20260605,23.8,24.6,22.79,24.16,23.54,0.62,2.6338,59110.6,140963.487,23.847412646801082
300522.SZ,20260605,11.47,11.91,11.01,11.61,11.56,0.05,0.4325,66588.3,76961.738,11.557846949088653
300523.SZ,20260605,21.08,21.26,20.39,20.75,21.11,-0.36,-1.7054,37229.87,77707.421,20.872332081739742
300525.SZ,20260605,8.59,8.97,8.59,8.75,8.58,0.17,1.9814,129478.3,113703.149,8.781637463574977
300527.SZ,20260605,7.66,7.72,7.59,7.67,7.7,-0.03,-0.3896,65937.86,50461.701,7.6529176106109595
300528.SZ,20260605,16.05,16.55,15.65,16.34,16.06,0.28,1.7435,148276.0,239578.264,16.157588820847607
300529.SZ,20260605,17.25,17.5,17.08,17.22,17.25,-0.03,-0.1739,52372.0,90284.347,17.239048919269838
300530.SZ,20260605,19.46,20.03,18.93,19.6,19.46,0.14,0.7194,26433.0,51525.284,19.49278704649491
300531.SZ,20260605,15.66,15.95,15.22,15.82,15.69,0.13,0.8286,106462.0,166704.864,15.658625988615656
300532.SZ,20260605,6.79,7.05,6.78,6.92,6.77,0.15,2.2157,79999.8,55342.978,6.917889544723862
300533.SZ,20260605,15.51,17.48,15.51,16.3,15.5,0.8,5.1613,136939.55,228312.954,16.672535728356053
300534.SZ,20260605,7.64,7.81,7.57,7.72,7.63,0.09,1.1796,42996.0,33093.243,7.696819006419203
300535.SZ,20260605,15.38,15.97,14.9,15.88,15.34,0.54,3.5202,32419.72,50098.244,15.453015633694553
300536.SZ,20260605,9.87,10.09,9.51,9.86,9.84,0.02,0.2033,174650.0,172552.098,9.879879645004294
300537.SZ,20260605,25.01,29.0,23.98,26.94,25.34,1.6,6.3141,292117.26,784635.321,26.86028620835345
300538.SZ,20260605,17.18,18.09,16.4,17.66,17.44,0.22,1.2615,135356.0,235965.831,17.432979033068353
300539.SZ,20260605,23.43,24.32,21.81,23.76,23.43,0.33,1.4085,121440.0,279097.186,22.98231110013175
300540.SZ,20260605,26.7,27.09,26.28,26.62,26.98,-0.36,-1.3343,96007.43,255655.736,26.628744879432773
300541.SZ,20260605,10.56,10.87,10.4,10.69,10.56,0.13,1.2311,84557.6,90100.521,10.655520142482755
300542.SZ,20260605,12.59,12.85,12.35,12.64,12.59,0.05,0.3971,49317.59,62268.726,12.626068305446394
300543.SZ,20260605,8.51,8.96,8.3,8.77,8.56,0.21,2.4533,82521.94,71696.754,8.688205100364824
300545.SZ,20260605,34.0,37.36,32.9,36.12,34.18,1.94,5.6758,197486.24,705312.267,35.71450177997212
300546.SZ,20260605,16.8,17.14,16.51,16.88,16.8,0.08,0.4762,32529.8,54781.373,16.840365756936716
300547.SZ,20260605,34.9,34.91,33.9,34.12,35.17,-1.05,-2.9855,85500.0,293910.919,34.37554608187134
300548.SZ,20260605,228.51,237.98,217.0,219.0,230.0,-11.0,-4.7826,193495.14,4395560.429,227.16645126073962
300549.SZ,20260605,14.96,15.86,14.58,15.61,15.0,0.61,4.0667,33769.0,51840.264,15.351435932364003
300550.SZ,20260605,13.51,14.4,13.4,14.14,13.5,0.64,4.7407,149691.22,207560.953,13.865940367110376
300551.SZ,20260605,11.24,11.44,10.97,11.16,11.28,-0.12,-1.0638,89102.0,99657.158,11.18461516015353
300552.SZ,20260605,26.72,27.89,25.73,26.94,26.62,0.32,1.2021,70231.91,188686.974,26.86627403412494
300553.SZ,20260605,68.61,70.97,63.98,67.31,70.03,-2.72,-3.884,88441.83,594472.764,67.21624416862473
300554.SZ,20260605,28.83,30.3,28.57,29.59,29.21,0.38,1.3009,93185.0,275676.79,29.5838160648173
300555.SZ,20260605,13.01,13.08,12.69,12.8,12.72,0.08,0.6289,11645.5,14982.739,12.865689751406123
300556.SZ,20260605,18.04,18.8,17.63,18.48,17.99,0.49,2.7237,66602.01,121801.668,18.287986804001864
300557.SZ,20260605,29.0,31.5,28.66,29.87,28.88,0.99,3.428,131308.88,397255.938,30.25354705637578
300558.SZ,20260605,49.31,52.48,48.71,48.88,48.08,0.8,1.6639,194260.76,980174.546,50.45664116623449
300559.SZ,20260605,11.63,11.66,11.21,11.31,11.62,-0.31,-2.6678,71649.48,81547.581,11.38146166587671
300560.SZ,20260605,17.82,18.69,17.24,18.2,17.99,0.21,1.1673,201345.68,363147.896,18.03604110105566
300561.SZ,20260605,15.69,15.99,14.56,14.68,16.49,-1.81,-10.9763,325194.46,495312.498,15.231271098529785
300562.SZ,20260605,11.85,12.23,11.8,12.06,11.84,0.22,1.8581,51556.0,61992.902,12.024381643261696
300563.SZ,20260605,29.99,32.32,29.9,31.39,30.35,1.04,3.4267,103538.02,327095.255,31.591801253298062
300564.SZ,20260605,13.5,13.83,13.3,13.48,13.45,0.03,0.223,46406.0,63072.855,13.591530190061631
300565.SZ,20260605,12.85,13.3,12.4,12.83,13.0,-0.17,-1.3077,178229.6,229192.274,12.859383289868799
300566.SZ,20260605,26.5,27.99,26.0,26.96,26.96,0.0,0.0,317470.0,859235.842,27.06510353734211
300567.SZ,20260605,196.5,198.34,187.6,189.23,203.8,-14.57,-7.1492,96286.04,1859360.839,193.10803923393254
300568.SZ,20260605,15.45,15.89,15.07,15.5,15.58,-0.08,-0.5135,579604.29,898339.577,15.49918785107681
300569.SZ,20260605,5.16,5.25,5.05,5.16,5.17,-0.01,-0.1934,202899.5,104648.351,5.157644597448491
300570.SZ,20260605,172.0,180.5,167.0,168.38,171.67,-3.29,-1.9165,264736.8,4604539.692,173.9289623505308
300571.SZ,20260605,45.81,48.6,44.6,45.12,45.88,-0.76,-1.6565,190540.0,878112.421,46.085463472236796
300572.SZ,20260605,27.61,27.61,26.5,26.92,27.61,-0.69,-2.4991,43465.0,117597.53,27.055683883584493
300573.SZ,20260605,37.28,37.81,36.7,36.95,36.69,0.26,0.7086,68096.1,253231.722,37.187404565019136
300575.SZ,20260605,5.76,5.87,5.6,5.74,5.74,0.0,0.0,116903.9,66980.773,5.72955846639847
300576.SZ,20260605,40.8,44.26,38.88,41.77,41.4,0.37,0.8937,350016.41,1468037.33,41.94195723566218
300577.SZ,20260605,16.18,16.59,16.15,16.34,16.22,0.12,0.7398,20654.28,33794.297,16.361885768954426
300578.SZ,20260605,18.52,18.79,18.08,18.4,18.47,-0.07,-0.379,56921.0,104861.199,18.422234149083817
300579.SZ,20260605,22.51,22.82,22.17,22.52,22.4,0.12,0.5357,27017.62,60797.645,22.50296103061632
300580.SZ,20260605,22.59,24.1,21.78,23.45,22.73,0.72,3.1676,175341.99,404416.554,23.064444175636424
300581.SZ,20260605,10.58,10.89,10.42,10.72,10.58,0.14,1.3233,79948.4,85394.415,10.681191243351961
300582.SZ,20260605,14.3,15.13,13.78,14.8,14.35,0.45,3.1359,122231.05,177578.361,14.528089303004432
300583.SZ,20260605,12.29,12.72,12.12,12.6,12.29,0.31,2.5224,25308.4,31508.543,12.449836022822463
300584.SZ,20260605,32.84,33.43,32.1,32.2,32.21,-0.01,-0.031,25995.0,84784.792,32.61580765531833
300585.SZ,20260605,18.46,19.37,18.02,19.05,18.24,0.81,4.4408,104794.0,196969.251,18.79585195717312
300586.SZ,20260605,11.6,12.47,10.9,12.03,11.75,0.28,2.383,607835.68,716599.092,11.78935550476405
300587.SZ,20260605,4.79,4.84,4.59,4.73,4.78,-0.05,-1.046,262051.73,123484.571,4.712221170987881
300588.SZ,20260605,18.64,19.4,17.7,19.1,18.57,0.53,2.8541,55264.07,103438.345,18.71710588814758
300589.SZ,20260605,13.4,13.58,13.12,13.35,13.44,-0.09,-0.6696,101778.99,136088.221,13.370954162543761
300590.SZ,20260605,14.25,14.84,14.03,14.48,14.35,0.13,0.9059,163489.3,236615.202,14.472824949400358
300591.SZ,20260605,7.45,7.66,7.22,7.47,7.45,0.02,0.2685,130762.2,97315.679,7.442187344660766
300592.SZ,20260605,11.32,11.53,11.18,11.4,11.32,0.08,0.7067,60524.2,68803.194,11.367881607687504
300593.SZ,20260605,36.02,36.31,33.61,33.83,35.93,-2.1,-5.8447,314075.15,1080855.287,34.41390657618089
300594.SZ,20260605,16.21,16.75,15.92,16.48,16.49,-0.01,-0.0606,25702.0,41845.078,16.280864524161544
300595.SZ,20260605,11.5,11.64,11.46,11.55,11.45,0.1,0.8734,61346.43,70943.289,11.56437122746996
300596.SZ,20260605,42.46,42.83,40.52,41.05,42.4,-1.35,-3.184,71015.29,293821.135,41.37434839736626
300597.SZ,20260605,8.22,8.55,8.09,8.32,8.22,0.1,1.2165,60591.0,50585.909,8.348749649287848
300598.SZ,20260605,32.32,33.2,31.98,32.95,32.31,0.64,1.9808,48485.34,158141.492,32.61635207673082
300599.SZ,20260605,13.09,13.34,12.63,12.92,13.22,-0.3,-2.2693,160348.0,206837.443,12.899284244268717
300600.SZ,20260605,10.81,12.13,10.71,11.77,10.79,0.98,9.0825,155957.6,180316.637,11.561901247518556
300601.SZ,20260605,11.96,12.08,11.85,11.92,11.82,0.1,0.846,95115.62,113820.997,11.966593604709722
300602.SZ,20260605,42.1,42.29,40.3,40.79,42.26,-1.47,-3.4785,302235.4,1243847.338,41.15491891419734
300603.SZ,20260605,8.88,9.11,8.72,8.95,9.02,-0.07,-0.7761,173809.5,155350.328,8.937965301091138
300604.SZ,20260605,218.36,218.51,205.6,206.73,223.35,-16.62,-7.4412,305962.87,6466971.413,211.36458201611194
300605.SZ,20260605,10.46,11.05,10.3,10.8,10.56,0.24,2.2727,72119.81,77077.882,10.687477130070086
300606.SZ,20260605,33.57,36.82,32.66,35.09,34.16,0.93,2.7225,114953.1,400991.4,34.88304360647951
300607.SZ,20260605,30.85,33.82,29.11,32.59,31.13,1.46,4.69,355547.84,1132486.247,31.851866882386343
300608.SZ,20260605,11.66,11.84,11.31,11.57,11.64,-0.07,-0.6014,192491.91,223193.457,11.59495258787759
300609.SZ,20260605,36.55,38.1,34.8,35.9,36.52,-0.62,-1.6977,43418.0,155156.581,35.73554309272652
300610.SZ,20260605,10.55,10.92,10.42,10.81,10.6,0.21,1.9811,40202.0,43086.836,10.71758519476643
300611.SZ,20260605,26.02,27.45,25.43,26.8,26.01,0.79,3.0373,62438.27,165273.998,26.469983553355977
300612.SZ,20260605,12.45,13.38,12.39,13.1,12.42,0.68,5.475,144343.2,186665.422,12.932055129718613
300613.SZ,20260605,58.79,61.36,57.28,59.89,59.38,0.51,0.8589,110603.05,658980.681,59.580697006095214
300614.SZ,20260605,11.32,11.78,10.95,11.68,11.22,0.46,4.0998,36723.78,41786.015,11.378462402290833
300615.SZ,20260605,11.43,11.78,11.15,11.55,11.42,0.13,1.1384,58437.74,67149.43,11.490764358785947
300616.SZ,20260605,13.53,14.71,13.38,14.18,13.53,0.65,4.8041,102271.0,143869.829,14.06750975349806
300617.SZ,20260605,60.1,66.99,59.12,63.03,60.8,2.23,3.6678,161048.47,1026431.082,63.734295768224314
300618.SZ,20260605,36.91,37.45,36.01,36.12,37.05,-0.93,-2.5101,72028.27,263151.277,36.53444362886961
300619.SZ,20260605,40.5,40.65,38.56,39.5,40.5,-1.0,-2.4691,57468.73,228351.717,39.73495098986875
300620.SZ,20260605,324.0,359.73,318.0,320.3,319.26,1.04,0.3258,232548.51,7805721.672,335.659930566745
300621.SZ,20260605,7.26,7.66,7.08,7.53,7.26,0.27,3.719,78114.0,57888.088,7.410718693192003
300622.SZ,20260605,15.91,16.4,15.57,16.26,15.9,0.36,2.2642,75773.6,121866.491,16.08297494114045
300623.SZ,20260605,31.85,34.16,30.88,33.27,32.43,0.84,2.5902,461962.37,1510844.451,32.70492466734899
300624.SZ,20260605,56.4,57.98,54.97,56.73,56.32,0.41,0.728,77668.51,438817.899,56.4988177319225
300625.SZ,20260605,10.35,10.95,10.15,10.77,10.3,0.47,4.5631,40328.0,42849.935,10.625355832176155
300626.SZ,20260605,33.58,40.3,33.01,40.3,33.58,6.72,20.0119,129345.36,484361.487,37.44714823941114
300627.SZ,20260605,29.0,30.2,28.69,29.95,29.0,0.95,3.2759,147729.62,437661.055,29.625816068571762
300628.SZ,20260605,38.52,40.88,38.34,39.4,38.77,0.63,1.625,197048.81,788340.856,40.0073898441711
300629.SZ,20260605,21.94,22.49,21.38,22.06,22.06,0.0,0.0,77554.51,170630.074,22.001309014781988
300631.SZ,20260605,23.62,24.75,23.18,24.23,23.73,0.5,2.107,31089.58,74949.336,24.107542141128953
300632.SZ,20260605,27.32,28.88,27.3,27.58,28.73,-1.15,-4.0028,332471.45,931245.693,28.009794314669723
300633.SZ,20260605,19.46,20.52,19.27,20.05,19.32,0.73,3.7785,66418.75,132540.395,19.955267902512468
300634.SZ,20260605,24.3,24.63,23.4,23.85,24.38,-0.53,-2.1739,184941.69,441770.661,23.887024120954017
300635.SZ,20260605,14.09,14.43,13.55,13.85,14.0,-0.15,-1.0714,54524.0,75868.962,13.914782847920183
300636.SZ,20260605,6.56,6.72,6.49,6.62,6.52,0.1,1.5337,36996.84,24436.53,6.605031672975313
300637.SZ,20260605,9.75,10.38,9.37,10.12,9.84,0.28,2.8455,98870.7,98604.827,9.97310902016472
300638.SZ,20260605,22.41,23.18,21.73,22.73,22.36,0.37,1.6547,155406.8,351597.671,22.62434275720239
300639.SZ,20260605,5.42,5.51,5.38,5.43,5.38,0.05,0.9294,97845.5,53233.646,5.440581937851
300640.SZ,20260605,6.48,6.69,6.23,6.55,6.41,0.14,2.1841,135068.64,87707.588,6.493556757512327
300641.SZ,20260605,15.13,15.19,14.62,14.83,15.13,-0.3,-1.9828,71360.02,105999.157,14.854137793122817
300642.SZ,20260605,13.15,13.58,13.12,13.41,13.07,0.34,2.6014,37693.69,50530.262,13.405496251494613
300643.SZ,20260605,17.78,18.06,17.27,17.69,17.9,-0.21,-1.1732,41926.0,74061.476,17.664808472069836
300644.SZ,20260605,24.46,25.64,23.6,25.14,24.36,0.78,3.202,40126.0,99214.559,24.725753626077854
300645.SZ,20260605,13.55,14.2,13.31,13.95,13.53,0.42,3.1042,41726.74,57642.257,13.814224883132496
300647.SZ,20260605,6.65,6.74,6.51,6.6,6.68,-0.08,-1.1976,199651.0,132635.901,6.643387761644069
300648.SZ,20260605,48.15,48.41,46.02,47.2,48.49,-1.29,-2.6603,31755.86,150015.428,47.24023471573436
300649.SZ,20260605,27.13,28.12,26.9,27.9,27.42,0.48,1.7505,84252.0,232025.729,27.539492118881448
300650.SZ,20260605,13.44,14.09,13.11,13.66,13.58,0.08,0.5891,84804.0,115165.527,13.580199872647515
300651.SZ,20260605,24.34,24.77,22.03,23.23,24.13,-0.9,-3.7298,131083.19,302804.027,23.1001417496782
300652.SZ,20260605,41.69,44.08,40.4,43.02,42.19,0.83,1.9673,35607.9,149570.372,42.0048281420696
300653.SZ,20260605,15.15,15.39,14.96,15.15,15.07,0.08,0.5309,17261.6,26174.791,15.163594915882655
300654.SZ,20260605,9.69,10.45,9.35,10.29,9.79,0.5,5.1073,281489.89,280246.577,9.955830989169806
300655.SZ,20260605,14.1,15.14,13.3,14.48,14.11,0.37,2.6223,728588.14,1046375.261,14.3616839686685
300656.SZ,20260605,31.0,31.84,30.2,30.78,31.17,-0.39,-1.2512,42649.0,131897.988,30.92639639850876
300657.SZ,20260605,43.3,45.0,42.12,43.06,45.17,-2.11,-4.6712,765356.87,3326984.241,43.46971160002784
300658.SZ,20260605,12.22,12.83,12.01,12.37,12.08,0.29,2.4007,209103.8,258880.246,12.380465873886559
300659.SZ,20260605,10.82,11.12,10.61,10.98,10.77,0.21,1.9499,48225.56,52468.594,10.879830944420345
300660.SZ,20260605,32.25,35.0,30.92,33.84,32.43,1.41,4.3478,164717.13,543243.747,32.980403859635
300661.SZ,20260605,112.16,112.5,106.5,107.74,113.25,-5.51,-4.8653,166598.66,1825157.73,109.5541662820097
300662.SZ,20260605,20.86,20.88,20.3,20.44,20.77,-0.33,-1.5888,48607.0,99736.72,20.519003435719135
300663.SZ,20260605,7.61,7.88,7.45,7.67,7.55,0.12,1.5894,231025.32,177075.341,7.664759040264504
300664.SZ,20260605,4.88,5.34,4.87,5.15,4.92,0.23,4.6748,215122.0,110338.163,5.129097116984781
300665.SZ,20260605,9.93,10.43,9.72,10.32,10.08,0.24,2.381,205933.36,208556.234,10.127365182600819
300666.SZ,20260605,205.55,215.96,198.2,201.19,210.53,-9.34,-4.4364,150399.55,3099130.637,206.05983442104716
300667.SZ,20260605,19.5,19.96,19.26,19.7,19.5,0.2,1.0256,142126.12,279022.41,19.63202893317569
300668.SZ,20260605,58.4,60.85,55.67,57.85,58.39,-0.54,-0.9248,59672.0,343818.468,57.61805671001475
300669.SZ,20260605,28.4,28.4,27.18,27.4,28.28,-0.88,-3.1117,17280.45,47638.65,27.567945279202796
300670.SZ,20260605,6.68,6.91,6.47,6.8,6.69,0.11,1.6442,101548.5,68179.395,6.713973618517261
300671.SZ,20260605,43.49,44.44,42.14,43.07,44.28,-1.21,-2.7326,78825.93,340796.091,43.23400827621064
300672.SZ,20260605,310.0,315.29,297.0,299.0,317.56,-18.56,-5.8446,95927.08,2931304.075,305.5762851324152
300673.SZ,20260605,13.86,14.4,13.6,14.12,13.86,0.26,1.8759,54619.1,76760.001,14.05369202348629
300674.SZ,20260605,16.28,16.61,16.14,16.33,16.24,0.09,0.5542,70510.2,115450.376,16.37357091598095
300675.SZ,20260605,13.92,14.4,13.57,14.19,13.84,0.35,2.5289,37366.82,52371.306,14.015457028454655
300676.SZ,20260605,35.14,35.99,34.86,34.92,34.61,0.31,0.8957,59552.01,210939.933,35.4211273473389
300677.SZ,20260605,46.61,46.85,44.86,46.53,46.68,-0.15,-0.3213,120405.79,552805.989,45.9119107976452
300678.SZ,20260605,23.46,24.17,23.01,23.76,23.34,0.42,1.7995,65695.61,155276.284,23.63571690711145
300679.SZ,20260605,57.0,62.5,56.48,59.13,58.01,1.12,1.9307,286866.27,1723072.152,60.06534515194136
300680.SZ,20260605,34.08,36.49,32.88,35.56,34.01,1.55,4.5575,120907.94,419305.18,34.67970589855389
300681.SZ,20260605,32.54,33.5,32.06,32.47,32.35,0.12,0.3709,152699.92,498600.719,32.6523235244655
300682.SZ,20260605,13.26,13.4,12.8,12.85,13.4,-0.55,-4.1045,248520.26,321979.084,12.95584850909137
300683.SZ,20260605,26.42,27.55,25.47,25.87,26.19,-0.32,-1.2218,47878.0,124914.117,26.090086678641548
300684.SZ,20260605,55.18,59.25,53.53,56.7,56.12,0.58,1.0335,203460.48,1162241.608,57.12370323711022
300685.SZ,20260605,21.41,21.52,19.38,19.9,20.41,-0.51,-2.4988,276741.52,557697.272,20.152280438439448
300686.SZ,20260605,19.72,19.72,17.4,17.74,19.7,-1.96,-9.9492,324140.8,587758.257,18.132807008559244
300687.SZ,20260605,25.73,26.73,24.37,26.11,25.44,0.67,2.6336,300687.06,765658.062,25.463618620635025
300688.SZ,20260605,23.89,26.85,23.88,26.08,23.88,2.2,9.2127,129584.61,332659.078,25.67118718804648
300689.SZ,20260605,50.7,52.9,50.42,51.43,51.1,0.33,0.6458,17845.5,92122.836,51.6224459947886
300690.SZ,20260605,24.58,25.07,23.56,24.59,24.26,0.33,1.3603,47573.27,115891.747,24.36068552781846
300691.SZ,20260605,15.49,16.59,15.23,16.04,15.55,0.49,3.1511,93482.99,148949.826,15.933361352691007
300692.SZ,20260605,7.82,8.06,7.73,7.88,7.84,0.04,0.5102,85031.55,67208.202,7.903913547383295
300693.SZ,20260605,49.41,49.8,47.31,47.73,49.69,-1.96,-3.9445,139239.7,673099.315,48.34104892498331
300694.SZ,20260605,10.19,10.58,10.1,10.47,10.22,0.25,2.4462,45515.0,47142.512,10.357577062506866
300695.SZ,20260605,60.0,63.5,60.0,62.69,60.21,2.48,4.1189,13302.0,82342.295,61.9021913997895
300696.SZ,20260605,30.21,31.1,29.92,30.23,30.33,-0.1,-0.3297,66745.77,202538.298,30.34473914976185
300697.SZ,20260605,16.38,16.98,15.86,16.58,16.54,0.04,0.2418,137763.74,226919.665,16.471653934482326
300698.SZ,20260605,35.0,35.71,34.61,34.9,35.45,-0.55,-1.5515,35530.65,124656.405,35.08418928446285
300699.SZ,20260605,29.32,29.78,28.53,29.31,29.2,0.11,0.3767,179735.51,526875.29,29.313922997186257
300700.SZ,20260605,19.95,21.1,19.75,20.61,20.01,0.6,2.9985,171774.44,353700.289,20.59097319717648
300701.SZ,20260605,10.47,10.87,10.1,10.64,10.47,0.17,1.6237,68425.82,72174.846,10.547896393495906
300702.SZ,20260605,18.26,19.79,18.01,19.18,18.09,1.09,6.0254,58445.25,110989.193,18.99028458257942
300703.SZ,20260605,16.13,16.4,15.61,15.92,16.3,-0.38,-2.3313,59547.0,94703.164,15.903935378776431
300705.SZ,20260605,11.22,11.45,11.2,11.29,11.28,0.01,0.0887,33638.0,38033.582,11.30673107794756
300706.SZ,20260605,51.85,53.65,50.11,51.52,52.74,-1.22,-2.3132,159541.8,832706.518,52.19362687396031
300707.SZ,20260605,12.36,12.93,12.13,12.76,12.41,0.35,2.8203,58366.0,73271.891,12.553865435356201
300708.SZ,20260605,8.75,9.09,8.38,8.81,8.83,-0.02,-0.2265,400643.5,349330.859,8.719244390586644
300709.SZ,20260605,48.05,52.5,47.75,51.03,48.48,2.55,5.2599,194140.56,995820.426,51.29378559534391
300710.SZ,20260605,38.8,39.96,38.01,39.2,38.87,0.33,0.849,70656.8,275565.525,39.000566824424546
300711.SZ,20260605,18.42,19.47,18.15,18.98,18.47,0.51,2.7612,54609.4,103808.165,19.00921178405183
300712.SZ,20260605,22.01,22.68,21.39,22.28,22.09,0.19,0.8601,29719.5,65572.976,22.063956661451236
300713.SZ,20260605,14.67,15.11,14.1,14.7,14.63,0.07,0.4785,43832.0,64126.794,14.63013186712904
300715.SZ,20260605,26.65,27.22,25.31,25.5,27.05,-1.55,-5.7301,266145.2,696307.504,26.16269254527228
300716.SZ,20260605,16.44,17.33,15.6,16.79,17.05,-0.26,-1.5249,113025.12,187581.21,16.596417681308367
300717.SZ,20260605,17.55,18.44,17.25,18.18,17.6,0.58,3.2955,24739.0,44283.325,17.90020817332956
300718.SZ,20260605,73.0,79.99,70.15,76.5,73.8,2.7,3.6585,185998.79,1385565.165,74.49323541298307
300719.SZ,20260605,12.3,12.78,12.11,12.6,12.32,0.28,2.2727,56111.5,70204.76,12.511652691515998
300720.SZ,20260605,76.1,79.5,74.11,78.53,76.63,1.9,2.4794,123452.59,953136.665,77.20669651402211
300721.SZ,20260605,31.0,31.15,28.8,30.54,31.58,-1.04,-3.2932,205116.99,621554.445,30.30243594155706
300722.SZ,20260605,22.92,23.78,22.81,23.58,22.91,0.67,2.9245,30830.14,72136.642,23.39809095904203
300723.SZ,20260605,39.86,40.5,37.37,37.58,38.97,-1.39,-3.5668,140826.35,542317.284,38.5096456735547
300724.SZ,20260605,76.38,76.38,73.01,74.51,76.38,-1.87,-2.4483,127695.73,952912.172,74.62365202031422
300725.SZ,20260605,34.3,34.44,33.11,33.24,33.58,-0.34,-1.0125,52013.25,174283.195,33.507461079628754
300726.SZ,20260605,79.98,80.0,73.67,75.01,79.92,-4.91,-6.1436,358823.47,2728332.145,76.03549859768093
300727.SZ,20260605,31.77,33.17,30.65,32.45,31.9,0.55,1.7241,60177.4,192767.101,32.03313885279191
300729.SZ,20260605,10.78,10.9,10.47,10.88,10.67,0.21,1.9681,42221.6,44977.504,10.652723724349622
300730.SZ,20260605,14.53,14.76,14.02,14.1,14.53,-0.43,-2.9594,98576.0,140139.41,14.216382283720176
300731.SZ,20260605,61.09,61.1,58.07,58.42,61.7,-3.28,-5.316,67565.6,401478.93,59.42061196822051
300732.SZ,20260605,6.65,6.81,6.57,6.72,6.67,0.05,0.7496,68834.64,46111.478,6.698876902675747
300733.SZ,20260605,12.21,13.05,11.96,12.67,12.21,0.46,3.7674,89120.7,112330.249,12.604282618965065
300735.SZ,20260605,21.25,22.33,20.46,21.63,21.5,0.13,0.6047,265075.86,571957.709,21.577133013922886
300736.SZ,20260605,29.9,31.0,29.55,30.32,30.1,0.22,0.7309,49795.2,150465.526,30.216873513912994
300737.SZ,20260605,8.47,8.98,8.07,8.89,8.49,0.4,4.7114,1043564.34,895529.036,8.581445356785572
300738.SZ,20260605,20.79,21.1,20.17,20.49,20.9,-0.41,-1.9617,489548.48,1008593.45,20.60252439145557
300739.SZ,20260605,29.3,30.49,28.29,29.46,30.22,-0.76,-2.5149,244240.14,719412.197,29.455117287436863
300740.SZ,20260605,23.56,24.74,22.99,23.05,23.48,-0.43,-1.8313,171501.83,407232.89,23.7451046440729
300741.SZ,20260605,14.09,14.4,13.95,14.23,14.02,0.21,1.4979,15133.51,21515.044,14.216823459990447
300743.SZ,20260605,16.99,17.62,16.7,17.35,17.12,0.23,1.3435,28548.4,49102.382,17.199696655504336
300745.SZ,20260605,48.21,48.93,43.63,45.03,48.44,-3.41,-7.0396,102383.06,463915.451,45.31173916856949
300746.SZ,20260605,10.57,10.99,10.35,10.8,10.58,0.22,2.0794,45450.0,48775.404,10.731662046204622
300747.SZ,20260605,46.2,48.98,44.62,46.33,47.0,-0.67,-1.4255,669016.45,3144497.947,47.00180312457191
300748.SZ,20260605,30.87,32.24,30.34,31.12,30.81,0.31,1.0062,415813.54,1301954.548,31.3110185878026
300749.SZ,20260605,23.06,23.17,21.91,22.08,22.96,-0.88,-3.8328,53862.0,120412.252,22.355696409342393
300750.SZ,20260605,407.89,412.65,402.7,403.0,408.2,-5.2,-1.2739,287389.3,11711423.57,407.51077266968537
300751.SZ,20260605,226.9,235.89,218.0,229.51,226.92,2.59,1.1414,117201.36,2655941.618,226.61354936495616
300752.SZ,20260605,13.95,15.64,13.53,15.38,14.27,1.11,7.7786,323402.87,483978.862,14.965199968695392
300753.SZ,20260605,21.76,22.16,21.27,21.73,21.75,-0.02,-0.092,28883.28,62800.568,21.74287961755036
300755.SZ,20260605,14.81,15.65,14.77,14.92,14.8,0.12,0.8108,95000.52,143490.338,15.104163429842277
300756.SZ,20260605,34.88,34.97,33.59,33.71,34.88,-1.17,-3.3544,36639.6,125686.325,34.30341079051082
300757.SZ,20260605,677.0,704.01,641.8,648.98,685.64,-36.66,-5.3468,86603.34,5818447.134,671.8502004657096
300758.SZ,20260605,11.47,12.0,11.0,11.81,11.54,0.27,2.3397,189113.5,219279.379,11.595120337786566
300759.SZ,20260605,23.42,23.8,23.0,23.07,22.98,0.09,0.3916,279418.41,652861.174,23.365002112781333
300760.SZ,20260605,143.64,145.47,142.93,144.39,142.59,1.8,1.2624,77959.79,1124932.248,144.29646975703758
300761.SZ,20260605,17.89,18.43,17.5,18.11,17.83,0.28,1.5704,105772.0,191530.941,18.10790577846689
300762.SZ,20260605,36.45,38.31,35.5,36.94,34.87,2.07,5.9363,535864.64,1970445.196,36.7713233700212
300763.SZ,20260605,105.47,106.9,96.45,97.35,105.9,-8.55,-8.0737,198200.8,1979757.758,99.88646655311179
300765.SZ,20260605,25.54,26.29,24.75,24.9,25.32,-0.42,-1.6588,92975.48,235518.286,25.331225609160608
300766.SZ,20260605,24.2,24.73,23.5,24.26,24.05,0.21,0.8732,181751.84,440377.803,24.229620068770696
300767.SZ,20260605,19.3,19.65,18.63,19.03,19.36,-0.33,-1.7045,100973.09,193107.214,19.124621619482976
300768.SZ,20260605,15.38,15.75,15.18,15.44,15.38,0.06,0.3901,59319.5,91556.868,15.434531309265925
300769.SZ,20260605,62.2,64.39,59.77,63.08,61.82,1.26,2.0382,226075.24,1412246.887,62.468003439916735
300770.SZ,20260605,33.79,34.16,33.59,33.76,33.64,0.12,0.3567,13480.2,45650.52,33.86486847376151
300771.SZ,20260605,11.69,11.97,11.35,11.87,11.68,0.19,1.6267,52434.4,61404.953,11.710814465312849
300772.SZ,20260605,13.65,13.97,13.12,13.42,13.58,-0.16,-1.1782,205195.23,276986.693,13.498690637204385
300773.SZ,20260605,23.74,23.8,23.18,23.27,23.75,-0.48,-2.0211,217196.0,510199.582,23.49028444354408
300774.SZ,20260605,13.33,13.51,12.86,13.16,13.37,-0.21,-1.5707,105737.0,139156.672,13.160641213577083
300775.SZ,20260605,24.11,24.45,23.41,23.96,23.85,0.11,0.4612,158397.0,379283.254,23.9451033794832
300776.SZ,20260605,159.35,184.88,156.6,170.16,164.3,5.86,3.5666,278012.08,4782532.377,172.02606365162262
300777.SZ,20260605,31.71,32.15,31.0,31.46,31.73,-0.27,-0.8509,111671.0,353038.877,31.614195001388005
300778.SZ,20260605,11.1,11.37,10.75,11.2,11.1,0.1,0.9009,46072.0,51016.554,11.07322321583608
300779.SZ,20260605,82.18,83.23,79.83,80.35,82.47,-2.12,-2.5706,71765.48,582683.764,81.19276342887973
300780.SZ,20260605,26.48,26.66,24.8,25.72,26.06,-0.34,-1.3047,60408.0,155536.246,25.747623824658987
300781.SZ,20260605,29.98,30.46,29.0,29.7,29.68,0.02,0.0674,38920.69,115373.759,29.64329743383275
300782.SZ,20260605,104.05,108.56,102.75,104.77,104.85,-0.08,-0.0763,221235.72,2341081.851,105.81843885788425
300783.SZ,20260605,17.61,18.5,17.37,18.12,17.74,0.38,2.1421,96382.0,171758.762,17.820626465522608
300784.SZ,20260605,43.13,45.28,42.73,44.41,43.44,0.97,2.233,10339.0,45604.912,44.109596672792335
300785.SZ,20260605,41.88,42.1,40.14,41.36,41.38,-0.02,-0.0483,76446.5,315591.043,41.28260195038361
300786.SZ,20260605,17.43,18.17,16.7,17.74,17.6,0.14,0.7955,103964.88,182043.969,17.510140828325873
300787.SZ,20260605,9.38,9.7,9.14,9.48,9.4,0.08,0.8511,51933.45,49092.319,9.452928507541865
300788.SZ,20260605,25.8,26.5,25.53,26.11,25.69,0.42,1.6349,30464.0,79406.993,26.065845916491597
300789.SZ,20260605,20.53,21.34,20.15,20.81,20.72,0.09,0.4344,20898.0,43382.234,20.759036271413528
300790.SZ,20260605,23.33,24.27,22.26,23.12,23.61,-0.49,-2.0754,261554.01,605761.618,23.160096761659283
300791.SZ,20260605,17.09,17.45,16.75,16.93,17.09,-0.16,-0.9362,23458.33,39994.749,17.04927375478135
300792.SZ,20260605,33.36,33.56,31.8,32.52,32.9,-0.38,-1.155,66936.91,217411.083,32.479999898411805
300793.SZ,20260605,12.99,13.59,12.7,13.3,13.02,0.28,2.1505,85830.7,113382.81,13.210053046287634
300795.SZ,20260605,9.45,9.72,9.33,9.61,9.5,0.11,1.1579,56386.3,53687.189,9.521317944252415
300796.SZ,20260605,7.45,7.54,7.25,7.41,7.44,-0.03,-0.4032,67842.74,50140.705,7.390725227194538
300797.SZ,20260605,13.75,14.28,13.5,13.99,13.67,0.32,2.3409,32918.5,45879.268,13.937229217613197
300798.SZ,20260605,7.55,7.74,7.31,7.59,7.51,0.08,1.0652,162902.31,123060.2,7.554232963301748
300800.SZ,20260605,10.45,11.04,10.31,10.84,10.45,0.39,3.7321,45752.03,49022.667,10.714861613790688
300801.SZ,20260605,25.35,25.94,24.46,25.57,25.47,0.1,0.3926,51636.0,130592.59,25.29099659152529
300802.SZ,20260605,23.72,24.68,23.33,24.35,23.94,0.41,1.7126,254115.49,613417.275,24.139310633916885
300803.SZ,20260605,87.87,87.98,83.88,83.98,87.51,-3.53,-4.0338,182599.66,1561884.22,85.53598730687669
300804.SZ,20260605,38.07,39.5,37.12,39.41,38.08,1.33,3.4926,13206.46,50864.243,38.514668578862164
300805.SZ,20260605,8.24,8.55,8.1,8.42,8.2,0.22,2.6829,83762.92,69850.427,8.3390630364844
300806.SZ,20260605,83.28,84.43,81.0,83.08,83.36,-0.28,-0.3359,195623.47,1617812.897,82.7003476116644
300807.SZ,20260605,41.99,42.26,41.15,41.63,41.9,-0.27,-0.6444,21290.0,88799.406,41.70944387036167
300808.SZ,20260605,23.78,26.09,23.25,24.48,23.8,0.68,2.8571,38225.0,94783.502,24.7962071942446
300809.SZ,20260605,37.21,39.49,36.02,37.79,37.75,0.04,0.106,150900.0,569953.408,37.770272233267065
300810.SZ,20260605,26.27,27.02,25.71,26.53,26.27,0.26,0.9897,27294.5,71934.17,26.35482240011724
300811.SZ,20260605,86.07,101.99,84.07,93.0,88.49,4.51,5.0966,378700.03,3511402.913,92.72254118913061
300812.SZ,20260605,26.0,28.74,24.33,27.8,26.47,1.33,5.0246,195528.23,520805.268,26.635809468535566
300813.SZ,20260605,20.88,21.2,20.37,20.8,20.9,-0.1,-0.4785,18637.7,38720.781,20.77551468260569
300814.SZ,20260605,154.51,166.6,147.0,157.79,154.64,3.15,2.037,114985.42,1821318.27,158.3955835444181
300815.SZ,20260605,19.45,20.05,19.15,19.7,19.5,0.2,1.0256,50740.9,99212.836,19.552833315924627
300816.SZ,20260605,88.79,88.98,85.5,86.99,88.79,-1.8,-2.0273,19330.05,168612.932,87.22839930574416
300817.SZ,20260605,18.36,19.64,17.95,19.3,18.42,0.88,4.7774,51212.0,96932.026,18.927600171834726
300818.SZ,20260605,23.31,23.85,22.51,23.25,23.54,-0.29,-1.2319,50900.62,118097.568,23.20159715146888
300819.SZ,20260605,64.48,65.48,62.5,63.92,65.0,-1.08,-1.6615,35880.0,229829.234,64.05497045707915
300820.SZ,20260605,67.0,69.96,65.11,66.07,67.61,-1.54,-2.2778,63446.81,422704.043,66.62337208127565
300821.SZ,20260605,16.63,17.16,16.49,16.75,16.82,-0.07,-0.4162,718694.78,1208151.453,16.810355196958575
300822.SZ,20260605,13.97,14.29,13.38,14.0,13.91,0.09,0.647,35247.57,49033.42,13.911149052260907
300823.SZ,20260605,16.19,17.04,15.82,16.76,16.26,0.5,3.075,38697.0,63696.475,16.460313460991806
300824.SZ,20260605,8.2,8.43,8.08,8.28,8.18,0.1,1.2225,37725.0,31101.129,8.244169383697814
300825.SZ,20260605,14.32,14.62,12.98,13.99,14.18,-0.19,-1.3399,448406.89,616552.54,13.749845369235965
300826.SZ,20260605,19.19,19.4,18.28,18.33,19.19,-0.86,-4.4815,84329.03,158681.552,18.81695449360677
300827.SZ,20260605,31.1,31.19,29.76,29.92,30.96,-1.04,-3.3592,171629.78,517450.792,30.149242864495896
300828.SZ,20260605,19.51,19.9,18.91,19.73,19.63,0.1,0.5094,44996.47,87679.947,19.485961232069982
300829.SZ,20260605,17.22,17.54,16.74,17.31,17.39,-0.08,-0.46,48840.6,83569.955,17.110755191377667
300830.SZ,20260605,8.95,9.25,8.76,9.06,8.97,0.09,1.0033,117573.79,106071.205,9.021670986365244
300831.SZ,20260605,20.36,21.87,19.96,20.92,20.47,0.45,2.1983,208555.52,437649.864,20.98481325260535
300832.SZ,20260605,43.95,44.81,43.37,44.48,43.49,0.99,2.2764,42492.56,187803.39,44.19676997573223
300833.SZ,20260605,33.71,35.04,33.26,34.33,33.56,0.77,2.2944,10750.0,36913.883,34.33849581395349
300834.SZ,20260605,48.42,49.99,47.6,48.67,48.41,0.26,0.5371,38888.8,189840.176,48.81615683692991
300835.SZ,20260605,183.77,218.0,181.11,211.0,187.49,23.51,12.5393,100340.9,2046210.836,203.92590020619707
300836.SZ,20260605,68.6,71.3,66.1,69.61,68.9,0.71,1.0305,22247.45,153467.465,68.98204738071104
300837.SZ,20260605,28.18,28.69,27.33,28.1,27.94,0.16,0.5727,21120.0,59216.696,28.038208333333333
300838.SZ,20260605,16.48,16.75,15.59,16.19,16.22,-0.03,-0.185,47439.32,76929.443,16.216388219729964
300839.SZ,20260605,15.5,15.69,14.9,15.32,15.56,-0.24,-1.5424,61360.17,93900.965,15.303243944728315
300840.SZ,20260605,21.9,23.3,21.51,22.43,21.96,0.47,2.1403,94753.0,213197.397,22.500332126687283
300841.SZ,20260605,45.52,46.49,45.51,45.96,45.51,0.45,0.9888,17556.69,80655.028,45.93976882886239
300842.SZ,20260605,82.07,86.16,78.19,82.03,82.8,-0.77,-0.93,87592.39,712467.996,81.33902910972061
300843.SZ,20260605,89.49,93.09,87.86,89.12,90.37,-1.25,-1.3832,60560.88,548339.959,90.54359167171944
300844.SZ,20260605,25.58,26.45,25.05,25.94,25.56,0.38,1.4867,20134.2,51980.814,25.817173764043268
300845.SZ,20260605,14.01,14.75,13.54,14.48,14.15,0.33,2.3322,79623.61,113372.297,14.238527617624975
300846.SZ,20260605,23.89,23.89,22.91,22.98,24.01,-1.03,-4.2899,312417.1,727278.245,23.279079314160462
300847.SZ,20260605,14.8,15.04,14.65,14.94,15.12,-0.18,-1.1905,50270.5,74534.341,14.826655991088213
300848.SZ,20260605,14.05,14.5,13.71,14.3,14.04,0.26,1.8519,58515.25,82995.942,14.183643067405505
300849.SZ,20260605,26.3,26.34,23.66,24.53,26.0,-1.47,-5.6538,81745.0,199868.823,24.4502811181112
300850.SZ,20260605,31.33,31.52,30.02,30.38,31.08,-0.7,-2.2523,118761.74,361836.749,30.46745096526878
300851.SZ,20260605,25.79,26.68,25.02,26.08,25.64,0.44,1.7161,23352.0,60377.42,25.855352860568686
300852.SZ,20260605,50.06,52.72,48.08,50.75,51.49,-0.74,-1.4372,108766.53,551869.486,50.73890708842141
300853.SZ,20260605,37.45,39.4,36.76,38.83,37.62,1.21,3.2164,75038.0,287520.797,38.31669247581226
300854.SZ,20260605,29.58,30.42,28.6,29.55,29.55,0.0,0.0,63555.28,187765.71,29.543683860727228
300855.SZ,20260605,33.45,34.69,32.35,33.78,33.54,0.24,0.7156,97468.1,325940.035,33.440688286731756
300856.SZ,20260605,11.59,11.8,11.33,11.61,11.59,0.02,0.1726,55161.2,63975.71,11.597954721797205
300857.SZ,20260605,238.0,239.91,226.71,228.47,244.34,-15.87,-6.495,222129.13,5200040.744,234.09990144021182
300858.SZ,20260605,15.4,16.08,15.4,15.58,15.37,0.21,1.3663,69947.5,109527.229,15.658490868151114
300859.SZ,20260605,29.4,30.1,29.23,29.8,29.27,0.53,1.8107,43859.28,130336.121,29.71688568530993
300860.SZ,20260605,26.05,26.66,25.66,26.17,26.13,0.04,0.1531,22494.4,58586.999,26.045148570310836
300861.SZ,20260605,18.4,19.18,17.65,18.45,18.48,-0.03,-0.1623,189691.28,348861.251,18.391000946379823
300862.SZ,20260605,22.5,23.33,21.89,22.67,22.68,-0.01,-0.0441,55822.14,126656.865,22.68936035057058
300863.SZ,20260605,72.75,72.75,67.7,68.1,72.75,-4.65,-6.3918,160857.73,1115794.108,69.36527750329437
300864.SZ,20260605,21.55,22.91,21.55,22.48,21.77,0.71,3.2614,24089.99,53965.34,22.401561810527937
300865.SZ,20260605,25.51,26.58,25.03,26.16,25.51,0.65,2.548,22359.56,57862.699,25.878281594092194
300866.SZ,20260605,116.44,118.44,111.8,112.19,115.45,-3.26,-2.8237,57730.92,658708.181,114.09972004603425
300867.SZ,20260605,21.8,22.38,20.93,21.85,21.96,-0.11,-0.5009,115151.24,249227.069,21.64345507699266
300868.SZ,20260605,128.52,129.9,120.42,121.43,128.95,-7.52,-5.8317,53469.44,658671.527,123.1865392642975
300869.SZ,20260605,11.18,11.37,11.11,11.23,11.19,0.04,0.3575,30165.04,33888.143,11.234244343783397
300870.SZ,20260605,275.61,278.49,265.35,267.42,275.0,-7.58,-2.7564,35154.49,952662.435,270.99310358363897
300871.SZ,20260605,20.4,20.47,19.91,20.4,20.2,0.2,0.9901,44346.0,89721.427,20.23213525458891
300872.SZ,20260605,19.16,19.5,18.85,19.09,19.01,0.08,0.4208,156287.75,299670.712,19.174293058796994
300873.SZ,20260605,20.89,22.66,20.56,22.36,20.89,1.47,7.0369,56195.02,122238.5,21.752550314956736
300875.SZ,20260605,32.95,33.23,32.08,32.95,32.79,0.16,0.488,25309.0,82879.44,32.747022798214076
300876.SZ,20260605,17.88,18.61,17.42,17.77,18.01,-0.24,-1.3326,41735.13,75072.882,17.987935343678096
300877.SZ,20260605,29.18,29.48,27.8,28.36,29.27,-0.91,-3.109,31073.4,88342.674,28.430321110660564
300878.SZ,20260605,28.92,29.7,28.44,28.79,28.86,-0.07,-0.2426,21408.0,62092.243,29.00422412182362
300879.SZ,20260605,18.74,19.25,18.21,18.85,18.74,0.11,0.587,37664.24,70439.792,18.70203460895534
300880.SZ,20260605,21.33,21.83,20.55,21.44,21.4,0.04,0.1869,55055.4,117005.089,21.25224573792943
300881.SZ,20260605,49.45,51.47,48.46,50.22,49.45,0.77,1.5571,18962.0,94659.244,49.920495728298704
300882.SZ,20260605,16.0,16.33,15.45,16.06,15.96,0.1,0.6266,38495.89,61244.498,15.9093601940363
300883.SZ,20260605,6.53,6.64,6.36,6.55,6.55,0.0,0.0,283890.0,184440.844,6.496912325196379
300884.SZ,20260605,10.69,11.08,10.52,10.88,10.78,0.1,0.9276,46841.9,50784.381,10.841656935350617
300885.SZ,20260605,26.01,27.67,24.79,27.25,26.23,1.02,3.8887,145903.13,384993.037,26.38689361907452
300886.SZ,20260605,23.9,24.39,23.03,23.81,23.47,0.34,1.4487,23361.84,55742.643,23.86055336394736
300887.SZ,20260605,8.32,8.6,8.2,8.38,8.32,0.06,0.7212,102827.0,86317.753,8.394463808143776
300888.SZ,20260605,28.24,28.64,28.1,28.31,28.05,0.26,0.9269,23568.8,66915.354,28.391498082210383
300889.SZ,20260605,24.07,25.09,23.75,24.52,24.11,0.41,1.7005,73068.17,179093.131,24.5104169161483
300890.SZ,20260605,34.39,35.03,33.03,34.57,34.2,0.37,1.0819,75945.0,260146.29,34.254564487458026
300891.SZ,20260605,6.83,7.07,6.71,6.98,6.89,0.09,1.3062,63733.0,44004.172,6.90445640406069
300892.SZ,20260605,22.38,23.12,22.04,22.69,22.27,0.42,1.8859,22707.19,51452.637,22.659182840325023
300893.SZ,20260605,20.89,20.97,20.11,20.79,20.89,-0.1,-0.4787,26535.14,54497.885,20.53800545239256
300894.SZ,20260605,8.73,9.06,8.6,8.91,8.72,0.19,2.1789,42640.02,37774.95,8.859036651483747
300895.SZ,20260605,58.02,58.67,56.56,57.05,58.16,-1.11,-1.9085,51216.52,294052.336,57.41357202715062
300896.SZ,20260605,99.03,102.0,98.6,98.88,97.7,1.18,1.2078,30525.86,306006.358,100.24495886438581
300897.SZ,20260605,22.24,22.24,19.75,19.98,22.38,-2.4,-10.7239,187649.42,380947.154,20.301003541604334
300898.SZ,20260605,20.55,21.15,20.27,20.76,20.55,0.21,1.0219,33303.0,68944.536,20.702199801819653
300899.SZ,20260605,31.44,32.65,30.0,31.84,31.44,0.4,1.2723,14290.61,44865.366,31.39499713448201
300900.SZ,20260605,35.5,36.84,34.65,35.71,34.96,0.75,2.1453,244711.18,876777.38,35.829069190872275
300901.SZ,20260605,14.89,15.0,14.23,14.72,14.77,-0.05,-0.3385,27241.0,39921.13,14.65479607943908
300902.SZ,20260605,14.9,15.37,14.56,15.06,14.93,0.13,0.8707,27971.6,42020.405,15.022524632126872
300903.SZ,20260605,73.0,78.97,71.44,72.1,73.75,-1.65,-2.2373,281715.47,2128549.835,75.55672519510554
300904.SZ,20260605,48.92,50.24,47.03,49.14,49.21,-0.07,-0.1422,13509.0,65295.676,48.334944111333186
300905.SZ,20260605,60.69,64.63,60.35,61.78,61.29,0.49,0.7995,100620.75,626711.961,62.28456466484299
300906.SZ,20260605,29.57,30.02,28.6,29.48,29.56,-0.08,-0.2706,16720.99,49137.843,29.386922066217366
300907.SZ,20260605,49.0,54.69,48.47,53.01,48.68,4.33,8.8948,95376.46,495267.664,51.927662653866584
300908.SZ,20260605,23.03,23.96,23.03,23.94,23.28,0.66,2.8351,12822.6,30322.82,23.647949713786595
300909.SZ,20260605,45.0,46.99,43.9,46.06,45.52,0.54,1.1863,43308.34,198297.108,45.78727977105565
300910.SZ,20260605,32.02,34.56,31.7,33.52,32.16,1.36,4.2289,79011.1,264285.619,33.4491760018529
300911.SZ,20260605,23.58,25.01,23.54,24.08,23.77,0.31,1.3042,90285.11,218338.522,24.183226004819623
300912.SZ,20260605,26.29,27.87,25.53,27.38,26.45,0.93,3.5161,65694.95,176662.732,26.89137171121981
300913.SZ,20260605,62.02,66.44,60.7,61.0,63.62,-2.62,-4.1182,309309.87,1967740.779,63.617135107909746
300915.SZ,20260605,22.17,22.67,21.71,22.44,22.21,0.23,1.0356,11985.4,26664.828,22.24775810569526
300916.SZ,20260605,28.21,28.96,26.66,27.93,28.21,-0.28,-0.9926,70419.61,195787.125,27.802926627966272
300917.SZ,20260605,28.33,29.5,28.1,28.39,28.13,0.26,0.9243,95244.65,273241.323,28.68836443831753
300918.SZ,20260605,13.36,13.78,12.9,13.45,13.37,0.08,0.5984,147176.93,196804.081,13.371938183518301
300919.SZ,20260605,49.25,49.84,47.8,48.58,49.35,-0.77,-1.5603,142259.77,695343.469,48.87843337578854
300920.SZ,20260605,47.42,49.69,45.01,49.22,47.56,1.66,3.4903,35616.62,170314.376,47.818792462619975
300921.SZ,20260605,18.23,18.62,17.49,18.29,18.28,0.01,0.0547,83876.7,152344.341,18.162891601600922
300922.SZ,20260605,24.74,26.0,24.23,24.43,24.41,0.02,0.0819,95893.02,238347.149,24.855526398063176
300923.SZ,20260605,22.3,23.7,22.04,23.16,22.38,0.78,3.4853,19123.19,43759.706,22.883057690688634
300925.SZ,20260605,17.08,19.33,16.91,18.04,17.08,0.96,5.6206,340719.04,625310.251,18.35266532213756
300926.SZ,20260605,19.93,20.4,19.54,19.96,19.9,0.06,0.3015,37970.39,75538.704,19.894108014165774
300927.SZ,20260605,23.65,23.98,22.9,23.7,23.55,0.15,0.6369,33549.67,78992.927,23.54506825253423
300928.SZ,20260605,32.1,33.04,31.38,32.16,32.06,0.1,0.3119,14675.24,47280.427,32.21782199132689
300929.SZ,20260605,11.59,12.15,11.3,11.91,11.61,0.3,2.584,35352.2,41418.828,11.716053880663722
300930.SZ,20260605,36.14,39.88,35.68,39.86,36.98,2.88,7.788,109442.07,417225.801,38.12298150062402
300931.SZ,20260605,15.0,15.3,14.77,15.0,15.05,-0.05,-0.3322,40190.39,60496.312,15.052432185903147
300932.SZ,20260605,9.63,9.77,9.34,9.54,9.65,-0.11,-1.1399,94690.01,90311.35,9.53757951868418
300933.SZ,20260605,7.0,7.19,6.71,7.04,7.01,0.03,0.428,166007.16,115326.964,6.947107823542069
300935.SZ,20260605,34.37,37.21,33.31,35.9,34.21,1.69,4.9401,26089.75,92259.476,35.362345748809396
300936.SZ,20260605,110.0,111.01,106.5,107.1,112.9,-5.8,-5.1373,32972.89,358565.096,108.74542571184996
300937.SZ,20260605,22.16,22.75,21.76,22.35,22.16,0.19,0.8574,25346.03,56260.0,22.196770066160262
300938.SZ,20260605,51.8,54.1,51.1,53.32,52.55,0.77,1.4653,110638.83,584869.226,52.86292579196653
300939.SZ,20260605,62.72,64.5,61.0,62.19,63.81,-1.62,-2.5388,72813.25,457386.143,62.81633397767577
300940.SZ,20260605,17.05,17.88,16.68,17.3,17.05,0.25,1.4663,71631.46,124046.508,17.317322305031894
300941.SZ,20260605,15.63,16.15,15.53,15.84,15.5,0.34,2.1935,39454.5,62528.007,15.848130631486903
300942.SZ,20260605,6.46,6.55,6.31,6.46,6.43,0.03,0.4666,58497.0,37742.065,6.451965912781853
300943.SZ,20260605,38.87,41.5,38.01,38.41,39.18,-0.77,-1.9653,116066.47,459153.211,39.55950508359563
300945.SZ,20260605,12.37,12.57,12.22,12.36,12.35,0.01,0.081,56456.0,69896.912,12.380776533937933
300946.SZ,20260605,46.88,49.13,45.0,48.6,47.15,1.45,3.0753,27310.2,129286.721,47.340085755505264
300947.SZ,20260605,14.34,14.89,14.02,14.8,14.27,0.53,3.7141,44462.55,64608.255,14.53093783419979
300948.SZ,20260605,29.75,32.2,29.74,30.69,29.73,0.96,3.2291,142506.61,440987.081,30.945026409652158
300949.SZ,20260605,23.71,24.43,23.03,24.15,23.7,0.45,1.8987,15279.25,36452.296,23.857385670108155
300950.SZ,20260605,17.96,18.5,17.5,18.16,17.96,0.2,1.1136,22063.13,39759.823,18.020934926277455
300951.SZ,20260605,41.88,43.88,41.58,42.77,42.15,0.62,1.4709,45805.41,196687.857,42.93987478771612
300952.SZ,20260605,22.7,23.93,21.18,22.74,22.45,0.29,1.2918,113678.05,255448.259,22.4712034557243
300953.SZ,20260605,144.51,151.25,139.13,145.44,145.56,-0.12,-0.0824,100216.63,1452440.303,144.93006829305676
300955.SZ,20260605,40.18,42.99,38.73,41.39,40.18,1.21,3.0114,33408.0,136640.558,40.900550167624516
300956.SZ,20260605,15.34,15.5,14.8,14.85,15.74,-0.89,-5.6544,285042.05,430560.097,15.105143153439993
300957.SZ,20260605,34.39,35.37,34.21,34.43,34.19,0.24,0.702,60371.59,209268.744,34.66344749243809
300958.SZ,20260605,12.32,12.71,12.06,12.48,12.33,0.15,1.2165,30103.94,37309.508,12.393563101706954
300959.SZ,20260605,196.48,198.23,185.8,187.7,197.4,-9.7,-4.9139,45652.48,868604.807,190.26453918823248
300960.SZ,20260605,17.82,18.49,17.31,18.2,17.83,0.37,2.0752,17609.4,31621.581,17.957216600224875
300961.SZ,20260605,11.62,11.96,11.33,11.81,11.57,0.24,2.0743,46451.34,54133.142,11.653730979558395
300962.SZ,20260605,13.14,13.49,13.05,13.31,13.15,0.16,1.2167,24798.49,32939.697,13.282944647032943
300963.SZ,20260605,14.28,14.8,14.05,14.53,14.4,0.13,0.9028,98700.88,143028.016,14.491057830487428
300964.SZ,20260605,106.4,115.32,103.16,113.83,109.75,4.08,3.7175,93261.21,1025700.236,109.98144201646107
300965.SZ,20260605,49.48,50.71,48.69,50.01,49.27,0.74,1.5019,16435.46,81868.652,49.81220604716874
300966.SZ,20260605,26.19,26.99,25.55,26.47,25.81,0.66,2.5571,27217.98,71748.085,26.36054732937566
300967.SZ,20260605,18.5,18.93,17.47,17.75,19.07,-1.32,-6.9219,174702.27,314869.888,18.023228204189905
300968.SZ,20260605,11.13,11.75,10.8,11.4,11.21,0.19,1.6949,108216.0,122241.733,11.296086807865748
300969.SZ,20260605,107.0,112.3,102.7,107.69,107.8,-0.11,-0.102,46703.69,500977.156,107.26714655737052
300970.SZ,20260605,28.3,28.42,27.34,27.65,27.92,-0.27,-0.967,38836.2,107761.203,27.747617686591376
300971.SZ,20260605,21.02,21.83,20.62,21.51,21.02,0.49,2.3311,34968.41,74550.156,21.31928675052712
300972.SZ,20260605,188.99,192.8,183.5,185.0,190.0,-5.0,-2.6316,21318.37,396705.921,186.0864226486359
300973.SZ,20260605,26.08,26.47,25.76,26.18,25.87,0.31,1.1983,23549.01,61583.579,26.151239054210773
300975.SZ,20260605,42.14,45.25,41.9,44.8,43.51,1.29,2.9648,1072827.7,4748148.422,44.25825714604499
300976.SZ,20260605,61.56,68.79,60.85,66.87,61.3,5.57,9.0865,101801.63,670893.761,65.90206473118359
300977.SZ,20260605,18.19,18.52,17.51,17.94,18.06,-0.12,-0.6645,22544.0,40645.036,18.029203335699076
300978.SZ,20260605,9.5,9.76,9.32,9.57,9.47,0.1,1.056,35522.0,33915.977,9.547879342379371
300979.SZ,20260605,33.53,34.3,33.53,33.85,33.72,0.13,0.3855,13997.0,47392.238,33.858854040151456
300980.SZ,20260605,27.39,28.49,26.33,27.75,27.5,0.25,0.9091,59036.73,161771.36,27.401815784851223
300981.SZ,20260605,11.7,11.85,11.45,11.63,11.69,-0.06,-0.5133,47028.86,54713.372,11.633999208145806
300982.SZ,20260605,21.09,21.43,20.38,20.58,21.14,-0.56,-2.649,63068.31,131151.32,20.795121987571893
300983.SZ,20260605,35.8,37.34,35.16,35.26,35.26,0.0,0.0,19617.31,70564.264,35.970407767425804
300984.SZ,20260605,58.4,61.57,56.32,60.49,58.48,2.01,3.4371,40279.4,238649.35,59.248486819565336
300985.SZ,20260605,24.48,26.8,24.45,25.72,24.46,1.26,5.1513,77525.08,199153.256,25.68888106919722
300986.SZ,20260605,18.85,19.42,18.23,18.97,18.87,0.1,0.5299,149962.89,281987.497,18.803818531371324
300987.SZ,20260605,13.72,15.38,13.72,14.23,13.73,0.5,3.6417,89647.26,128338.49,14.315941167638588
300988.SZ,20260605,17.11,17.98,16.68,17.55,17.2,0.35,2.0349,62942.75,109373.875,17.37672329219807
300989.SZ,20260605,13.6,14.18,13.33,13.92,13.78,0.14,1.016,50958.29,70224.242,13.780729690890334
300990.SZ,20260605,81.51,82.49,80.36,81.53,81.95,-0.42,-0.5125,45645.04,372283.367,81.56053034458948
300991.SZ,20260605,40.3,40.3,38.4,38.6,40.0,-1.4,-3.5,30796.78,120197.169,39.0291351888087
300992.SZ,20260605,26.36,27.08,25.64,26.56,26.56,0.0,0.0,16454.0,43375.251,26.36152364166768
300993.SZ,20260605,10.5,10.79,10.34,10.64,10.51,0.13,1.2369,33209.8,35141.152,10.581560864564075
300994.SZ,20260605,12.56,12.67,12.16,12.47,12.55,-0.08,-0.6375,40051.17,49746.957,12.420849877793835
300995.SZ,20260605,32.75,33.75,31.31,32.98,32.4,0.58,1.7901,17479.0,56751.959,32.4686532410321
300996.SZ,20260605,11.44,11.81,11.35,11.53,11.44,0.09,0.7867,74072.5,85714.099,11.571649262546831
300997.SZ,20260605,17.25,19.0,17.25,17.57,17.76,-0.19,-1.0698,122698.53,221391.103,18.043500847157663
300998.SZ,20260605,26.36,27.58,25.94,26.2,26.66,-0.46,-1.7254,28199.22,74702.795,26.49108556903347
300999.SZ,20260605,25.5,26.05,25.5,25.71,25.62,0.09,0.3513,92212.39,237182.188,25.721292767707244
301000.SZ,20260605,30.41,33.0,29.2,32.31,31.0,1.31,4.2258,110906.48,347953.436,31.37358935203786
301001.SZ,20260605,25.38,26.36,24.89,25.96,25.17,0.79,3.1387,19043.89,48915.707,25.68577480756295
301002.SZ,20260605,49.25,49.25,46.28,47.99,48.39,-0.4,-0.8266,44588.78,213120.857,47.796969775804584
301003.SZ,20260605,48.0,48.9,47.2,48.61,47.91,0.7,1.4611,18624.0,89808.851,48.22210642182131
301004.SZ,20260605,35.74,38.49,35.72,38.04,35.74,2.3,6.4354,17779.45,66587.251,37.4518058770097
301005.SZ,20260605,103.99,106.66,99.58,104.16,101.41,2.75,2.7118,127861.16,1328452.784,103.89807068854998
301006.SZ,20260605,14.61,15.28,14.24,14.97,14.62,0.35,2.394,23653.82,35012.478,14.80203958599499
301007.SZ,20260605,34.1,35.55,32.53,34.58,34.05,0.53,1.5565,51056.19,173887.731,34.05810950640853
301008.SZ,20260605,24.73,25.7,23.9,25.23,24.74,0.49,1.9806,49234.61,121931.127,24.76532808932578
301009.SZ,20260605,9.09,9.41,9.09,9.3,9.08,0.22,2.4229,39954.0,37066.229,9.277226059968964
301010.SZ,20260605,18.98,19.76,18.66,19.43,18.99,0.44,2.317,21744.41,41911.487,19.274602989917867
301011.SZ,20260605,16.09,16.62,15.94,16.45,16.13,0.32,1.9839,33216.75,53975.296,16.249421150473783
301012.SZ,20260605,31.69,31.76,30.35,30.6,31.79,-1.19,-3.7433,99030.24,306356.382,30.935639659158657
301013.SZ,20260605,57.0,59.36,54.7,56.23,59.36,-3.13,-5.2729,572833.76,3254973.466,56.82230506107042
301015.SZ,20260605,20.77,21.39,20.71,21.08,20.73,0.35,1.6884,45402.0,95777.21,21.09537245055284
301016.SZ,20260605,15.23,15.64,15.05,15.47,15.39,0.08,0.5198,38889.65,59924.121,15.408758114305476
301017.SZ,20260605,14.06,14.55,13.82,14.05,14.13,-0.08,-0.5662,82884.03,116700.995,14.080033873835527
301018.SZ,20260605,101.61,102.99,96.43,97.47,102.99,-5.52,-5.3597,127465.18,1269037.918,99.55957525027621
301019.SZ,20260605,20.35,21.14,20.06,20.79,20.49,0.3,1.4641,14944.09,30886.619,20.668116292126186
301020.SZ,20260605,24.2,24.88,23.5,24.4,24.18,0.22,0.9098,52345.0,126856.914,24.234771993504634
301021.SZ,20260605,99.0,101.0,94.08,94.81,97.4,-2.59,-2.6591,91773.98,895198.016,97.54377177496279
301022.SZ,20260605,25.98,27.44,25.31,26.81,26.1,0.71,2.7203,26989.41,71275.767,26.40879033665427
301023.SZ,20260605,31.67,33.54,29.88,32.5,31.14,1.36,4.3674,47519.84,151622.099,31.90711479668282
301024.SZ,20260605,45.57,47.15,43.61,45.88,45.46,0.42,0.9239,11662.89,53070.182,45.50345754782906
301025.SZ,20260605,8.98,9.24,8.84,9.11,8.91,0.2,2.2447,76882.83,69744.891,9.071582172508478
301026.SZ,20260605,22.83,23.58,22.0,22.88,23.09,-0.21,-0.9095,91761.44,209236.435,22.802217903293585
301027.SZ,20260605,19.33,19.98,19.0,19.53,19.46,0.07,0.3597,47159.94,91771.605,19.45965262042318
301028.SZ,20260605,18.18,18.66,17.5,18.33,18.27,0.06,0.3284,85242.03,154867.186,18.167937342646578
301029.SZ,20260605,28.55,29.71,26.4,29.0,28.62,0.38,1.3277,277332.32,777083.303,28.019933017543718
301030.SZ,20260605,12.73,13.55,12.5,13.48,12.74,0.74,5.8085,97952.08,128161.999,13.08415288373662
301031.SZ,20260605,112.47,119.66,109.3,114.93,113.95,0.98,0.86,57166.75,658737.682,115.23091342432446
301032.SZ,20260605,10.86,11.3,10.71,11.14,10.9,0.24,2.2018,40796.92,44960.722,11.020616752441118
301033.SZ,20260605,47.85,48.98,47.23,48.71,48.02,0.69,1.4369,12502.0,60256.203,48.197250839865625
301035.SZ,20260605,50.8,51.82,50.05,50.82,51.12,-0.3,-0.5869,11169.55,57004.519,51.03564512446787
301036.SZ,20260605,23.32,24.28,22.62,23.9,23.22,0.68,2.9285,16098.0,37989.494,23.598890545409365
301037.SZ,20260605,14.21,14.9,13.81,14.58,14.27,0.31,2.1724,27277.84,39425.506,14.45330935293997
301038.SZ,20260605,19.27,20.08,19.22,19.64,19.49,0.15,0.7696,50348.14,98875.668,19.638395380643658
301039.SZ,20260605,7.85,7.99,7.82,7.88,7.86,0.02,0.2545,131018.0,103461.701,7.896754720725396
301040.SZ,20260605,31.0,31.6,29.92,30.67,31.26,-0.59,-1.8874,42860.0,131810.817,30.753807046196926
301041.SZ,20260605,31.88,33.8,31.29,32.75,32.36,0.39,1.2052,81440.09,265631.967,32.61685577705035
301042.SZ,20260605,105.0,107.27,103.3,104.33,105.0,-0.67,-0.6381,10175.5,106676.428,104.83654660704633
301043.SZ,20260605,45.13,46.01,43.6,44.65,45.12,-0.47,-1.0417,8977.0,39977.121,44.53282945304667
301045.SZ,20260605,52.27,54.88,51.5,52.52,52.47,0.05,0.0953,28195.0,150280.908,53.30055258024473
301046.SZ,20260605,25.73,28.2,24.81,27.41,25.94,1.47,5.6669,57825.0,154840.819,26.77748707306528
301047.SZ,20260605,61.29,61.97,60.69,61.16,60.77,0.39,0.6418,7265.84,44571.279,61.34360101516136
301048.SZ,20260605,9.35,9.58,9.32,9.48,9.39,0.09,0.9585,35237.0,33280.778,9.444838663904418
301049.SZ,20260605,20.49,21.58,20.0,21.01,20.5,0.51,2.4878,17305.0,35848.747,20.715831840508528
301050.SZ,20260605,35.6,36.99,34.95,36.39,35.29,1.1,3.117,64886.23,234984.862,36.214904456615834
301051.SZ,20260605,16.16,17.25,15.77,16.64,16.33,0.31,1.8983,92738.78,153486.134,16.55037234692973
301052.SZ,20260605,26.41,27.04,25.77,26.68,26.41,0.27,1.0223,33375.68,88253.854,26.442563567244175
301053.SZ,20260605,42.1,43.24,38.18,42.15,42.1,0.05,0.1188,51272.5,209250.878,40.81152235603881
301055.SZ,20260605,34.11,36.0,33.5,34.6,34.45,0.15,0.4354,38943.07,134226.738,34.467425911721904
301056.SZ,20260605,12.78,13.22,12.55,13.02,12.87,0.15,1.1655,25215.33,32476.057,12.879489183762416
301057.SZ,20260605,31.02,31.3,29.74,30.48,31.0,-0.52,-1.6774,25171.0,76918.877,30.5585304517103
301058.SZ,20260605,8.57,8.8,8.54,8.72,8.57,0.15,1.7503,44693.98,38796.817,8.680546462856967
301059.SZ,20260605,14.02,14.18,13.73,14.09,14.06,0.03,0.2134,42126.91,58850.381,13.969783447207497
301060.SZ,20260605,8.77,8.93,8.69,8.84,8.74,0.1,1.1442,77588.0,68459.52,8.823467546527814
301061.SZ,20260605,40.18,42.09,40.18,41.4,40.3,1.1,2.7295,22993.67,95080.971,41.350933104632716
301062.SZ,20260605,6.54,6.66,6.33,6.55,6.54,0.01,0.1529,75462.0,49081.719,6.504163552516498
301063.SZ,20260605,19.48,20.0,18.99,19.78,19.48,0.3,1.54,21889.42,42822.981,19.563323742703098
301065.SZ,20260605,19.87,20.45,19.61,20.25,19.86,0.39,1.9637,14575.55,29278.943,20.087710583820165
301066.SZ,20260605,14.0,14.6,13.7,14.23,13.92,0.31,2.227,53445.62,75946.723,14.21009298797544
301067.SZ,20260605,35.28,37.3,35.0,36.05,35.46,0.59,1.6638,51091.26,184548.668,36.121377315807045
301068.SZ,20260605,28.65,29.28,27.8,28.67,28.43,0.24,0.8442,13757.0,39272.798,28.547501635531006
301069.SZ,20260605,18.39,19.47,17.86,18.9,18.2,0.7,3.8462,148330.83,278719.459,18.79039300191336
301070.SZ,20260605,101.98,102.25,96.88,97.02,102.92,-5.9,-5.7326,31765.0,314228.776,98.92295797261136
301071.SZ,20260605,77.7,79.99,73.21,73.82,77.67,-3.85,-4.9569,249462.0,1889608.807,75.74736060001123
301072.SZ,20260605,26.43,28.8,25.52,28.37,26.61,1.76,6.6141,95302.97,261233.691,27.41086568445873
301073.SZ,20260605,21.07,21.82,21.03,21.49,21.19,0.3,1.4158,34215.84,73435.028,21.462289980313216
301075.SZ,20260605,72.77,74.85,71.6,72.67,72.74,-0.07,-0.0962,10070.0,73461.025,72.95037239324726
301076.SZ,20260605,27.72,31.19,26.29,29.53,27.59,1.94,7.0315,105588.76,307383.4,29.111375112275212
301077.SZ,20260605,26.76,26.94,26.03,26.59,26.71,-0.12,-0.4493,19003.44,50325.179,26.482141654353107
301078.SZ,20260605,8.22,8.41,8.08,8.16,8.27,-0.11,-1.3301,267481.12,219438.659,8.203893381334728
301079.SZ,20260605,35.2,36.78,34.7,36.18,35.06,1.12,3.1945,63775.66,228705.178,35.86088768034702
301080.SZ,20260605,37.85,38.99,37.61,38.1,37.39,0.71,1.8989,26747.84,102522.923,38.32942136636079
301081.SZ,20260605,18.63,18.8,17.12,18.19,18.83,-0.64,-3.3988,115763.22,209131.666,18.06546725289777
301082.SZ,20260605,10.14,10.48,10.02,10.29,10.14,0.15,1.4793,60891.46,62549.951,10.272368407655195
301083.SZ,20260605,14.67,15.21,14.25,14.92,14.67,0.25,1.7042,25765.0,37965.465,14.735286241024646
301085.SZ,20260605,66.17,67.36,63.01,66.0,66.33,-0.33,-0.4975,35609.13,231732.547,65.07672245853803
301086.SZ,20260605,153.02,158.0,147.0,149.55,152.98,-3.43,-2.2421,32115.73,489497.082,152.41661391473897
301087.SZ,20260605,46.29,47.36,46.02,46.77,46.37,0.4,0.8626,16856.8,78818.233,46.75752989891319
301088.SZ,20260605,13.77,13.98,13.41,13.63,13.71,-0.08,-0.5835,15476.0,21101.976,13.63529077280951
301089.SZ,20260605,22.31,22.85,21.9,22.56,22.3,0.26,1.1659,20383.0,45771.93,22.45593386645734
301090.SZ,20260605,6.94,7.15,6.91,7.02,6.93,0.09,1.2987,85771.71,60457.261,7.048624890421328
301091.SZ,20260605,17.89,18.23,17.4,17.82,17.83,-0.01,-0.0561,58276.6,103769.963,17.806454563238077
301092.SZ,20260605,47.7,48.35,44.0,47.07,47.3,-0.23,-0.4863,42663.63,196841.826,46.13808670288957
301093.SZ,20260605,125.88,128.49,122.07,123.0,124.6,-1.6,-1.2841,29059.2,361245.329,124.31358364992843
301095.SZ,20260605,99.0,104.8,95.7,98.61,99.9,-1.29,-1.2913,109363.48,1090911.609,99.75099631065142
301096.SZ,20260605,58.57,59.55,57.23,58.73,58.74,-0.01,-0.017,30366.0,177379.082,58.41371336363038
301097.SZ,20260605,50.31,52.77,49.66,50.75,50.9,-0.15,-0.2947,7589.89,38603.193,50.861333958726675
301098.SZ,20260605,8.9,8.9,8.43,8.5,8.97,-0.47,-5.2397,135955.96,117389.244,8.634358067127032
301099.SZ,20260605,77.02,82.88,74.23,79.84,79.3,0.54,0.681,181350.78,1430105.818,78.85854243361953
301100.SZ,20260605,15.8,16.28,15.47,16.06,15.89,0.17,1.0699,17774.91,28279.195,15.909613607044985
301101.SZ,20260605,30.57,30.97,29.62,30.59,30.33,0.26,0.8572,25507.25,77450.097,30.36395416989287
301102.SZ,20260605,9.5,9.76,9.33,9.64,9.49,0.15,1.5806,28373.31,27276.404,9.613402172675658
301103.SZ,20260605,16.49,16.81,16.25,16.61,16.47,0.14,0.85,17403.21,28795.378,16.54601536153388
301105.SZ,20260605,50.63,54.58,50.54,53.24,50.96,2.28,4.4741,10095.0,53228.009,52.72710153541357
301106.SZ,20260605,23.47,24.31,21.52,23.38,23.8,-0.42,-1.7647,73729.8,168667.423,22.876424864844335
301107.SZ,20260605,24.48,26.56,24.48,25.51,24.74,0.77,3.1124,120798.0,308017.358,25.498547823639463
301108.SZ,20260605,22.23,22.77,21.92,22.48,22.23,0.25,1.1246,13659.2,30566.546,22.37799139041818
301109.SZ,20260605,13.85,14.16,13.83,13.95,13.9,0.05,0.3597,49991.42,69988.798,14.00016202780397
301110.SZ,20260605,41.03,41.84,39.56,41.19,41.01,0.18,0.4389,37688.42,153414.936,40.706120341473586
301111.SZ,20260605,28.85,30.08,28.1,28.88,28.84,0.04,0.1387,87618.89,255798.825,29.194483632467843
301112.SZ,20260605,30.55,33.25,30.13,32.26,30.64,1.62,5.2872,29453.8,94036.376,31.926738145841966
301113.SZ,20260605,17.55,18.87,17.07,18.58,17.53,1.05,5.9897,21941.27,39307.051,17.914665377163672
301115.SZ,20260605,35.0,35.0,33.41,34.09,34.1,-0.01,-0.0293,98425.53,336343.237,34.17235721260531
301116.SZ,20260605,9.74,9.95,9.48,9.87,9.85,0.02,0.203,50743.53,49427.633,9.740676890236056
301117.SZ,20260605,26.01,27.05,25.67,26.57,26.15,0.42,1.6061,53653.07,141623.919,26.39623771761802
301118.SZ,20260605,28.59,29.51,27.6,28.92,28.68,0.24,0.8368,35872.12,103054.643,28.72833916701884
301119.SZ,20260605,33.68,34.8,32.77,34.09,33.78,0.31,0.9177,14078.35,47510.835,33.747445545820355
301120.SZ,20260605,21.86,22.5,21.6,21.88,22.11,-0.23,-1.0403,177676.26,392358.35,22.082767275718208
301121.SZ,20260605,36.9,38.9,36.66,38.39,37.04,1.35,3.6447,17705.2,67279.665,37.99994634344712
301122.SZ,20260605,27.4,28.26,27.0,27.35,27.4,-0.05,-0.1825,21501.71,59153.689,27.511155624366623
301123.SZ,20260605,109.92,120.15,108.0,109.6,106.79,2.81,2.6313,272286.75,3068012.179,112.67577944942234
301125.SZ,20260605,16.37,16.52,15.63,16.1,16.38,-0.28,-1.7094,39505.83,63534.869,16.082403280730972
301126.SZ,20260605,9.84,10.25,9.82,10.06,9.84,0.22,2.2358,42579.0,42764.225,10.043501491345499
301127.SZ,20260605,13.8,13.88,13.39,13.49,13.81,-0.32,-2.3172,127030.01,172553.93,13.583713801171864
301128.SZ,20260605,137.18,158.0,135.58,145.98,139.22,6.76,4.8556,138584.12,2051409.14,148.02627746959752
301129.SZ,20260605,25.74,26.49,24.84,25.91,25.61,0.3,1.1714,27920.05,71595.412,25.64300995162974
301130.SZ,20260605,27.3,27.85,26.6,27.55,27.03,0.52,1.9238,10853.72,29622.062,27.29208234596065
301131.SZ,20260605,36.11,37.99,35.57,37.18,36.16,1.02,2.8208,12483.86,46068.475,36.902428415570185
301132.SZ,20260605,38.8,41.08,37.51,39.81,39.86,-0.05,-0.1254,77126.97,304905.891,39.532979319685445
301133.SZ,20260605,40.9,41.4,39.93,40.6,41.16,-0.56,-1.3605,12724.0,51716.457,40.64481059415279
301135.SZ,20260605,17.77,18.48,17.22,18.2,17.68,0.52,2.9412,20865.3,37440.8,17.94405064868466
301136.SZ,20260605,13.23,13.43,12.94,13.22,13.24,-0.02,-0.1511,54244.64,71581.147,13.195985262322692
301137.SZ,20260605,38.4,39.27,37.0,38.69,38.9,-0.21,-0.5398,48729.78,186118.784,38.194053820887355
301138.SZ,20260605,28.7,28.95,27.33,28.55,28.01,0.54,1.9279,13322.0,37596.961,28.2217092028224
301139.SZ,20260605,5.61,6.06,5.39,5.41,5.9,-0.49,-8.3051,230094.1,131139.733,5.699395725487964
301141.SZ,20260605,47.5,50.64,47.18,49.1,48.2,0.9,1.8672,33024.84,162400.2,49.175166329344826
301148.SZ,20260605,55.97,58.97,53.64,58.1,54.53,3.57,6.5469,29823.4,168402.195,56.46646425290208
301149.SZ,20260605,11.32,11.7,11.05,11.46,11.36,0.1,0.8803,81528.87,93056.19,11.413894243842703
301150.SZ,20260605,58.69,59.66,56.71,57.65,58.81,-1.16,-1.9725,89288.89,519762.128,58.2112878769128
301151.SZ,20260605,15.18,18.22,15.17,18.22,15.18,3.04,20.0264,96355.69,165980.369,17.22579839343167
301152.SZ,20260605,25.27,25.81,24.33,25.3,25.21,0.09,0.357,43113.9,108524.507,25.171582018792083
301153.SZ,20260605,18.03,18.47,17.85,18.16,18.03,0.13,0.721,31188.93,56572.434,18.13862610868664
301155.SZ,20260605,56.38,56.5,50.72,51.13,56.2,-5.07,-9.0214,87297.36,455641.245,52.19416085434886
301156.SZ,20260605,12.79,13.1,12.48,12.99,12.82,0.17,1.3261,28341.46,36263.961,12.795375044193209
301157.SZ,20260605,69.18,71.24,68.7,70.08,69.18,0.9,1.301,14538.58,101740.902,69.97994439622026
301158.SZ,20260605,15.33,15.55,14.94,15.36,15.33,0.03,0.1957,49130.8,75077.961,15.281241298737246
301159.SZ,20260605,33.37,34.49,32.97,33.97,33.59,0.38,1.1313,17732.79,59907.902,33.78368660543546
301160.SZ,20260605,43.04,45.5,40.61,44.35,42.97,1.38,3.2115,83989.07,365467.699,43.51372136874477
301161.SZ,20260605,29.71,31.32,28.74,30.83,29.7,1.13,3.8047,34775.99,105327.008,30.287278090429638
301162.SZ,20260605,42.64,42.86,41.15,41.55,42.64,-1.09,-2.5563,32497.11,135409.289,41.66810187121254
301163.SZ,20260605,25.31,26.39,24.7,25.89,25.4,0.49,1.9291,14927.3,38251.435,25.625153242716365
301165.SZ,20260605,63.9,67.09,63.31,63.76,64.75,-0.99,-1.529,114470.56,747100.699,65.26575033790348
301166.SZ,20260605,27.06,27.95,26.77,27.52,27.06,0.46,1.6999,9691.0,26577.379,27.424805489629556
301167.SZ,20260605,14.41,14.92,14.05,14.9,14.38,0.52,3.6161,37387.2,54456.398,14.565519215132454
301168.SZ,20260605,42.26,42.76,41.7,42.48,42.3,0.18,0.4255,21126.0,89471.404,42.35132254094481
301169.SZ,20260605,78.55,79.64,75.0,78.56,78.4,0.16,0.2041,13070.74,102017.974,78.05064900686573
301170.SZ,20260605,24.95,25.55,24.18,25.41,24.78,0.63,2.5424,12505.0,31240.239,24.98219832067173
301171.SZ,20260605,43.9,44.4,39.4,39.83,43.08,-3.25,-7.5441,854434.7,3482918.301,40.76283771012577
301172.SZ,20260605,31.4,32.05,30.72,31.09,31.71,-0.62,-1.9552,39807.6,124659.825,31.315584210050346
301173.SZ,20260605,34.68,35.47,34.03,35.25,34.69,0.56,1.6143,8230.53,28671.361,34.835376336639314
301175.SZ,20260605,5.57,5.68,5.52,5.6,5.58,0.02,0.3584,148113.15,82993.929,5.603413944001597
301176.SZ,20260605,41.29,43.57,40.08,41.54,41.7,-0.16,-0.3837,79715.19,332198.94,41.673229405838455
301177.SZ,20260605,23.95,24.38,23.76,23.88,23.81,0.07,0.294,12613.05,30334.045,24.049730239712048
301178.SZ,20260605,51.09,51.8,49.31,51.42,51.32,0.1,0.1949,16143.12,81990.184,50.789552453305184
301179.SZ,20260605,22.0,22.25,21.2,21.62,21.94,-0.32,-1.4585,65591.01,142170.318,21.675275011011422
301180.SZ,20260605,14.64,15.17,14.16,14.8,14.63,0.17,1.162,51605.01,76125.735,14.751617139498665
301181.SZ,20260605,30.69,31.05,29.71,30.58,30.68,-0.1,-0.3259,18897.16,57524.096,30.440603773265398
301182.SZ,20260605,85.06,86.5,83.55,85.4,85.11,0.29,0.3407,29014.43,247353.416,85.25186122905052
301183.SZ,20260605,220.43,227.19,211.0,213.5,225.9,-12.4,-5.4892,74847.52,1638553.08,218.91882055677996
301185.SZ,20260605,16.0,16.87,15.63,16.6,16.0,0.6,3.75,36804.99,60241.976,16.367882724597944
301186.SZ,20260605,61.91,63.27,60.3,61.75,62.09,-0.34,-0.5476,12072.86,74528.927,61.73261927993863
301187.SZ,20260605,16.96,17.78,16.4,17.35,16.88,0.47,2.7844,28244.4,48400.702,17.136388806276642
301188.SZ,20260605,54.94,57.5,52.36,54.69,54.54,0.15,0.275,352886.74,1930255.776,54.699016914038765
301189.SZ,20260605,99.76,104.48,97.6,102.0,100.62,1.38,1.3715,59200.57,599432.999,101.25459923781138
301190.SZ,20260605,21.11,21.68,20.25,21.15,20.69,0.46,2.2233,28358.88,59861.044,21.10839497187477
301191.SZ,20260605,138.5,140.81,133.67,135.88,141.25,-5.37,-3.8018,45327.68,620159.303,136.81690812324828
301192.SZ,20260605,22.03,22.89,21.54,22.61,22.02,0.59,2.6794,18535.21,41331.213,22.298756259033485
301193.SZ,20260605,21.22,24.25,20.37,24.25,20.21,4.04,19.9901,173550.46,391956.46,22.58458202876558
301195.SZ,20260605,27.3,28.08,26.82,27.61,27.03,0.58,2.1458,15194.31,41615.794,27.389064722254584
301196.SZ,20260605,136.01,153.0,132.6,150.0,135.97,14.03,10.3185,98622.71,1418168.378,143.79734424251777
301197.SZ,20260605,30.66,31.25,29.8,30.46,30.83,-0.37,-1.2001,19717.0,60081.767,30.472063194197897
301198.SZ,20260605,17.93,18.0,17.07,17.4,17.92,-0.52,-2.9018,33004.61,57513.528,17.4259074717138
301199.SZ,20260605,19.18,20.48,18.55,20.12,19.18,0.94,4.9009,37915.68,74749.48,19.714661585919067
301200.SZ,20260605,291.0,294.5,276.12,277.2,298.8,-21.6,-7.2289,52395.8,1494079.448,285.15252138530184
301201.SZ,20260605,35.88,36.32,34.77,35.18,35.66,-0.48,-1.346,55386.45,195811.635,35.353707450107386
301202.SZ,20260605,38.01,39.09,36.71,38.16,38.0,0.16,0.4211,22785.74,86511.875,37.96755119649394
301203.SZ,20260605,43.94,45.66,43.53,43.8,44.25,-0.45,-1.0169,7426.0,32938.237,44.35528817667654
301205.SZ,20260605,331.0,374.9,328.02,337.74,331.95,5.79,1.7442,150891.69,5290740.418,350.63166288348947
301206.SZ,20260605,24.07,24.36,23.82,24.01,24.07,-0.06,-0.2493,13450.0,32410.667,24.09715018587361
301207.SZ,20260605,17.2,17.42,16.89,17.14,16.89,0.25,1.4802,42461.51,72869.031,17.16119633993233
301208.SZ,20260605,31.66,31.7,30.43,30.86,31.98,-1.12,-3.5022,28708.4,88481.493,30.820767789218486
301209.SZ,20260605,90.0,91.8,87.0,88.12,91.7,-3.58,-3.904,16713.05,147767.088,88.4141960922752
301210.SZ,20260605,26.42,28.5,25.32,27.45,26.42,1.03,3.8986,53107.35,143118.922,26.948985780687607
301211.SZ,20260605,9.65,9.91,9.65,9.8,9.68,0.12,1.2397,25397.31,24875.305,9.794464453125153
301212.SZ,20260605,26.79,27.94,25.77,27.17,27.0,0.17,0.6296,17363.64,46801.235,26.953585192966454
301213.SZ,20260605,45.66,47.3,44.73,46.89,45.61,1.28,2.8064,17132.78,79375.71,46.3297316605945
301215.SZ,20260605,5.6,5.69,5.54,5.61,5.6,0.01,0.1786,91566.33,51316.803,5.6043310898230825
301216.SZ,20260605,24.4,24.83,23.6,24.74,24.42,0.32,1.3104,94799.38,230801.4,24.34629846735284
301217.SZ,20260605,107.01,116.66,107.0,111.26,109.75,1.51,1.3759,310968.24,3485365.469,112.08107519275924
301218.SZ,20260605,43.35,43.99,42.1,42.37,43.68,-1.31,-2.9991,95587.56,410760.203,42.972140203181254
301219.SZ,20260605,57.6,58.32,56.16,56.58,57.81,-1.23,-2.1277,76884.88,439674.133,57.18603358683787
301220.SZ,20260605,36.4,36.79,35.52,35.8,36.6,-0.8,-2.1858,16231.6,58369.651,35.96050358559846
301221.SZ,20260605,30.37,31.65,29.3,30.85,30.4,0.45,1.4803,29662.17,90258.789,30.428923103063603
301222.SZ,20260605,33.0,34.14,30.5,33.93,33.19,0.74,2.2296,64819.84,212823.946,32.83314892477365
301223.SZ,20260605,16.79,17.1,16.51,16.97,16.79,0.18,1.0721,12653.0,21306.846,16.83936299691773
301225.SZ,20260605,93.93,99.09,92.0,95.0,94.98,0.02,0.0211,29829.05,282805.001,94.80858458449062
301226.SZ,20260605,34.54,36.2,33.49,35.64,34.54,1.1,3.1847,48792.62,169874.827,34.815680527096106
301227.SZ,20260605,22.49,22.89,22.11,22.69,22.57,0.12,0.5317,13472.89,30340.295,22.51951511516831
301228.SZ,20260605,75.0,77.99,73.87,75.13,75.77,-0.64,-0.8447,51085.0,390327.43,76.40744445531956
301229.SZ,20260605,14.37,14.89,14.01,14.61,14.37,0.24,1.6701,30634.87,44306.921,14.462904853195068
301230.SZ,20260605,35.0,35.09,33.11,33.18,34.04,-0.86,-2.5264,52440.5,176765.656,33.70785099303019
301231.SZ,20260605,33.35,35.34,32.05,33.81,32.71,1.1,3.3629,133449.86,446410.887,33.451581515334674
301232.SZ,20260605,128.0,135.0,123.55,129.99,126.54,3.45,2.7264,72745.63,944692.99,129.8625072049001
301233.SZ,20260605,55.35,55.81,52.63,55.04,55.89,-0.85,-1.5208,11687.8,63580.291,54.39885264977156
301234.SZ,20260605,40.82,41.7,39.52,40.89,40.83,0.06,0.147,14005.5,56924.07,40.644082681803575
301235.SZ,20260605,71.33,73.36,67.56,69.4,72.68,-3.28,-4.5129,57888.83,402980.456,69.6128175331925
301236.SZ,20260605,41.24,43.86,41.24,41.8,41.58,0.22,0.5291,551867.71,2342815.158,42.45247756930732
301237.SZ,20260605,64.0,66.88,62.08,64.52,64.0,0.52,0.8125,23741.19,152771.922,64.34888984082095
301238.SZ,20260605,23.63,23.9,22.82,23.02,23.74,-0.72,-3.0329,225044.98,523100.933,23.244283565001098
301239.SZ,20260605,33.92,34.18,33.13,33.44,33.68,-0.24,-0.7126,22825.0,76701.36,33.604100766703176
301246.SZ,20260605,29.61,30.05,28.6,28.8,29.59,-0.79,-2.6698,132829.82,386958.533,29.131902234001366
301248.SZ,20260605,73.81,73.82,71.0,71.82,73.86,-2.04,-2.762,42611.82,308018.87,72.28484256246271
301251.SZ,20260605,47.5,49.76,45.91,47.64,48.1,-0.46,-0.9563,73372.4,349848.852,47.681260528482106
301252.SZ,20260605,34.49,36.06,34.18,35.32,34.58,0.74,2.14,37519.16,132061.801,35.198496181684234
301255.SZ,20260605,24.12,25.67,23.02,25.24,24.11,1.13,4.6869,48898.13,119902.198,24.520814599658518
301256.SZ,20260605,11.68,11.92,11.19,11.71,11.64,0.07,0.6014,83868.4,98035.792,11.689240762909511
301257.SZ,20260605,41.11,44.13,41.11,41.56,41.22,0.34,0.8248,28180.76,119456.547,42.38939865354944
301258.SZ,20260605,25.6,25.95,24.75,25.62,25.38,0.24,0.9456,9477.0,24165.224,25.498811860293344
301259.SZ,20260605,23.33,24.1,22.8,23.4,23.34,0.06,0.2571,36006.54,84167.871,23.375717577973333
301260.SZ,20260605,15.23,16.54,14.9,16.11,15.24,0.87,5.7087,71779.58,113532.345,15.81680263384099
301261.SZ,20260605,82.39,92.99,77.58,88.61,82.42,6.19,7.5103,62874.62,537274.156,85.45167445942417
301262.SZ,20260605,20.22,20.61,20.05,20.43,20.11,0.32,1.5912,27818.18,56649.149,20.364074500919898
301263.SZ,20260605,19.16,20.0,18.7,19.63,18.81,0.82,4.3594,126473.61,246119.953,19.460182483918977
301265.SZ,20260605,26.67,27.12,26.06,26.55,27.06,-0.51,-1.8847,61935.15,164148.301,26.503253968061756
301266.SZ,20260605,26.0,26.53,25.28,25.88,26.18,-0.3,-1.1459,63041.64,163330.788,25.90839768762361
301267.SZ,20260605,16.71,16.88,16.53,16.68,16.7,-0.02,-0.1198,38267.78,63959.177,16.71358437829422
301268.SZ,20260605,16.51,17.64,16.09,17.37,16.54,0.83,5.0181,83398.0,142551.51,17.092917096333245
301269.SZ,20260605,102.99,103.81,98.1,98.73,103.63,-4.9,-4.7284,208230.71,2086933.789,100.22219052127326
301270.SZ,20260605,31.15,31.65,30.4,30.74,31.33,-0.59,-1.8832,31650.04,97940.561,30.944845883291144
301272.SZ,20260605,37.8,39.2,37.02,38.43,37.99,0.44,1.1582,11559.0,44300.212,38.325298036162295
301273.SZ,20260605,47.8,48.94,45.9,47.88,48.0,-0.12,-0.25,22174.61,105631.044,47.636032381178296
301275.SZ,20260605,42.6,43.67,41.81,42.96,42.72,0.24,0.5618,56036.02,239006.369,42.6522741979177
301276.SZ,20260605,24.18,24.35,23.47,23.92,24.42,-0.5,-2.0475,18143.8,43120.804,23.76613719287029
301277.SZ,20260605,9.39,9.57,9.31,9.44,9.36,0.08,0.8547,21688.34,20443.778,9.42616078501167
301278.SZ,20260605,33.82,35.37,33.21,34.74,34.17,0.57,1.6681,22161.53,76345.173,34.4494143680513
301279.SZ,20260605,21.09,22.68,20.3,22.21,21.09,1.12,5.3106,34495.59,74785.42,21.67970456513427
301280.SZ,20260605,42.19,43.58,41.52,41.85,42.69,-0.84,-1.9677,29826.5,125812.894,42.18158147955677
301281.SZ,20260605,46.1,46.89,42.92,43.5,46.32,-2.82,-6.0881,63795.14,282739.551,44.3199201381171
301282.SZ,20260605,30.67,32.01,30.0,31.3,31.22,0.08,0.2562,245412.19,761168.57,31.015923455147032
301283.SZ,20260605,26.51,27.03,26.02,26.65,26.5,0.15,0.566,9680.35,25718.532,26.567770793411395
301285.SZ,20260605,113.21,116.87,110.63,111.67,113.2,-1.53,-1.3516,33515.47,381813.471,113.92156249039623
301286.SZ,20260605,61.25,63.2,59.9,62.03,61.53,0.5,0.8126,51105.91,316192.319,61.87001053302837
301287.SZ,20260605,35.11,37.5,34.88,36.61,35.26,1.35,3.8287,12741.01,46151.435,36.222744507696014
301288.SZ,20260605,18.15,19.13,18.06,19.05,18.2,0.85,4.6703,34506.0,64066.201,18.56668434475164
301289.SZ,20260605,47.7,53.65,46.51,51.5,47.49,4.01,8.4439,32531.95,165618.107,50.909369711929344
301290.SZ,20260605,32.17,32.8,31.7,31.8,32.1,-0.3,-0.9346,29385.38,94672.334,32.21749523062149
301291.SZ,20260605,52.18,52.5,49.28,49.99,52.5,-2.51,-4.781,104577.32,526449.584,50.34070331884581
301292.SZ,20260605,67.0,67.79,64.97,65.33,67.0,-1.67,-2.4925,104190.75,688456.991,66.07659422741462
301293.SZ,20260605,55.55,56.4,53.96,55.43,57.63,-2.2,-3.8175,85908.68,473034.884,55.06252499747407
301295.SZ,20260605,45.12,48.28,45.12,47.32,45.12,2.2,4.8759,20125.2,94934.593,47.171999781368626
301296.SZ,20260605,6.65,6.81,6.56,6.73,6.66,0.07,1.0511,26497.0,17725.093,6.689471638298675
301297.SZ,20260605,42.64,44.03,41.65,42.25,43.01,-0.76,-1.767,111185.97,474796.167,42.70288481541331
301298.SZ,20260605,13.98,14.07,13.26,13.68,13.92,-0.24,-1.7241,65126.64,88665.831,13.614372091052143
301299.SZ,20260605,51.49,52.07,49.84,51.3,51.18,0.12,0.2345,8577.44,43873.468,51.149839579175136
301300.SZ,20260605,34.35,36.48,33.83,35.7,34.35,1.35,3.9301,11465.0,40510.719,35.33425119930222
301301.SZ,20260605,8.68,8.69,8.51,8.57,8.51,0.06,0.7051,74923.59,64396.649,8.594976428652178
301302.SZ,20260605,25.29,26.05,24.01,25.1,24.71,0.39,1.5783,80967.0,202404.768,24.998427507503056
301303.SZ,20260605,15.96,17.77,15.96,16.88,14.84,2.04,13.7466,360697.59,612915.942,16.992515586256065
301305.SZ,20260605,31.5,32.18,29.93,30.7,31.85,-1.15,-3.6107,138880.97,426862.621,30.735861147859204
301306.SZ,20260605,134.06,139.88,130.34,134.9,133.5,1.4,1.0487,58980.21,800008.023,135.6400770699189
301307.SZ,20260605,59.01,62.33,58.15,59.53,60.02,-0.49,-0.8164,72550.12,438608.353,60.45591006603435
301308.SZ,20260605,540.01,545.1,520.0,520.01,568.48,-48.47,-8.5262,213781.86,11373175.595,531.9990945443174
301309.SZ,20260605,31.75,32.29,30.84,31.78,31.75,0.03,0.0945,10271.03,32433.554,31.57770350198568
301310.SZ,20260605,33.39,33.9,32.23,33.33,33.42,-0.09,-0.2693,57778.05,191092.631,33.07356876876253
301311.SZ,20260605,14.63,15.26,14.5,15.0,14.74,0.26,1.7639,32315.4,48137.68,14.89620428650117
301312.SZ,20260605,88.14,89.93,85.88,86.52,92.84,-6.32,-6.8074,71337.66,626932.678,87.88242815926397
301313.SZ,20260605,48.38,51.01,44.36,49.17,44.36,4.81,10.8431,191577.43,904934.966,47.23599048175978
301314.SZ,20260605,47.31,52.65,45.82,51.9,47.71,4.19,8.7822,32109.08,160180.247,49.88627733961857
301315.SZ,20260605,41.3,42.13,40.07,41.47,41.12,0.35,0.8512,14467.0,59407.468,41.06412386811364
301316.SZ,20260605,41.0,41.88,39.23,41.11,40.94,0.17,0.4152,186788.7,758748.175,40.620667899075265
301317.SZ,20260605,66.78,67.39,63.2,63.98,67.3,-3.32,-4.9331,30051.37,194132.081,64.60007680182302
301318.SZ,20260605,21.52,22.36,21.21,21.82,21.59,0.23,1.0653,12235.75,26647.799,21.778639642032566
301319.SZ,20260605,125.12,132.79,118.31,119.77,137.57,-17.8,-12.9389,177361.51,2206375.657,124.39991388210441
301320.SZ,20260605,15.27,16.58,15.27,15.92,15.3,0.62,4.0523,76790.22,123923.557,16.13793488285357
301321.SZ,20260605,29.88,31.75,27.47,31.11,30.24,0.87,2.877,73006.27,224082.508,30.693597686883606
301322.SZ,20260605,47.0,48.89,45.8,47.94,48.19,-0.25,-0.5188,60099.84,285452.694,47.49641496549742
301323.SZ,20260605,81.18,85.78,79.0,83.24,81.18,2.06,2.5376,29140.3,241666.642,82.93210502294073
301325.SZ,20260605,43.5,44.84,40.68,43.5,43.75,-0.25,-0.5714,48030.78,205505.179,42.78614234455489
301326.SZ,20260605,146.12,155.99,145.0,147.97,146.41,1.56,1.0655,27320.8,410487.412,150.24721530848294
301327.SZ,20260605,54.62,54.85,53.13,53.38,54.8,-1.42,-2.5912,20194.92,108273.059,53.61400738403519
301328.SZ,20260605,56.1,58.4,55.1,57.7,56.1,1.6,2.852,38195.12,218431.168,57.188239754188494
301329.SZ,20260605,31.61,31.65,29.13,29.61,32.69,-3.08,-9.4218,190623.41,571650.375,29.988466526750308
301330.SZ,20260605,26.44,27.05,25.81,26.52,26.21,0.31,1.1828,28259.13,74849.809,26.486947404254835
301331.SZ,20260605,23.91,24.45,23.52,23.91,23.91,0.0,0.0,19377.36,46494.003,23.993982152367504
301332.SZ,20260605,8.24,8.43,8.16,8.35,8.19,0.16,1.9536,22365.45,18547.38,8.29287137079737
301333.SZ,20260605,46.59,48.5,46.12,46.49,46.38,0.11,0.2372,14315.0,67132.382,46.896529514495285
301335.SZ,20260605,21.45,21.76,21.01,21.5,21.37,0.13,0.6083,12226.91,26164.104,21.398786774418067
301336.SZ,20260605,40.8,41.4,39.86,40.87,40.89,-0.02,-0.0489,10978.62,44639.005,40.6599417777462
301337.SZ,20260605,24.29,24.78,23.43,24.42,24.2,0.22,0.9091,17098.0,41253.338,24.127581003626158
301338.SZ,20260605,246.18,269.95,237.0,258.03,254.18,3.85,1.5147,60870.19,1549145.209,254.4998149340424
301339.SZ,20260605,11.36,11.58,11.17,11.41,11.25,0.16,1.4222,38218.4,43506.367,11.383618100182112
301345.SZ,20260605,202.02,207.79,202.02,206.33,203.78,2.55,1.2513,11737.36,240907.845,205.24874844087594
301348.SZ,20260605,24.27,25.15,23.37,24.48,24.63,-0.15,-0.609,128217.05,311204.636,24.2717045821909
301349.SZ,20260605,57.86,58.92,56.72,57.26,58.54,-1.28,-2.1865,58556.9,337181.804,57.58190819527673
301353.SZ,20260605,19.3,20.03,18.94,19.77,19.24,0.53,2.7547,14408.48,28151.995,19.538490527800295
301355.SZ,20260605,10.55,10.99,10.36,10.78,10.55,0.23,2.1801,37140.0,39653.687,10.676813947226709
301356.SZ,20260605,21.83,22.95,21.01,22.45,21.89,0.56,2.5582,29411.14,64962.739,22.0878004048806
301357.SZ,20260605,91.2,91.88,89.71,91.03,90.39,0.64,0.708,11304.96,102687.276,90.83382515285325
301358.SZ,20260605,74.35,75.09,71.11,72.32,74.35,-2.03,-2.7303,293148.48,2140319.882,73.0114610179797
301359.SZ,20260605,19.66,20.6,19.25,20.16,19.62,0.54,2.7523,22194.0,44241.508,19.933994773362173
301360.SZ,20260605,80.0,84.45,78.08,80.09,80.3,-0.21,-0.2615,46953.11,381082.459,81.16234664753836
301361.SZ,20260605,35.2,36.11,34.5,35.52,35.19,0.33,0.9378,26313.98,93277.164,35.44775970795752
301362.SZ,20260605,193.0,205.0,193.0,194.85,195.73,-0.88,-0.4496,48457.07,958826.456,197.87132321454848
301363.SZ,20260605,27.6,27.88,25.7,26.08,27.48,-1.4,-5.0946,153524.58,405453.86,26.409703254032678
301365.SZ,20260605,30.34,30.99,29.35,30.96,30.19,0.77,2.5505,25906.14,78591.564,30.33704133460253
301366.SZ,20260605,50.3,51.7,48.06,48.41,50.3,-1.89,-3.7575,204163.32,1009791.934,49.4600075077149
301367.SZ,20260605,44.76,45.14,44.3,44.33,44.75,-0.42,-0.9385,7549.0,33684.605,44.62128096436614
301368.SZ,20260605,43.95,51.4,41.33,48.63,43.95,4.68,10.6485,97789.93,453885.66,46.41435575217203
301369.SZ,20260605,186.68,192.5,182.55,183.04,190.17,-7.13,-3.7493,20458.43,380548.614,186.01066357486866
301370.SZ,20260605,9.15,9.49,9.04,9.39,9.15,0.24,2.623,48648.62,45311.782,9.314094007188693
301371.SZ,20260605,28.05,28.15,27.5,27.77,27.96,-0.19,-0.6795,23512.4,65341.087,27.790054184175155
301372.SZ,20260605,35.2,36.03,34.16,35.35,35.22,0.13,0.3691,14514.74,51160.423,35.24721972284726
301373.SZ,20260605,143.0,147.51,130.01,132.62,140.7,-8.08,-5.7427,87212.15,1173450.454,134.5512585115721
301376.SZ,20260605,18.05,18.37,17.37,17.53,18.06,-0.53,-2.9347,33254.73,59064.799,17.761322674999917
301377.SZ,20260605,408.5,425.8,390.32,395.91,408.52,-12.61,-3.0868,56730.12,2309719.103,407.1415859864213
301378.SZ,20260605,27.98,28.86,27.4,28.57,28.03,0.54,1.9265,22821.3,64471.966,28.250785888621593
301379.SZ,20260605,26.0,26.57,25.11,25.57,26.89,-1.32,-4.9089,264878.34,681438.051,25.726454303511566
301380.SZ,20260605,30.95,31.77,30.51,31.23,30.99,0.24,0.7744,16894.0,52745.14,31.22122647093643
301381.SZ,20260605,17.56,17.8,17.28,17.41,17.45,-0.04,-0.2292,36026.65,62971.589,17.479168615455503
301382.SZ,20260605,40.0,40.58,38.73,39.49,40.19,-0.7,-1.7417,80455.67,318552.138,39.59349763664885
301383.SZ,20260605,28.82,29.89,28.75,28.81,28.93,-0.12,-0.4148,26431.82,77191.055,29.20383651220385
301386.SZ,20260605,22.3,22.55,21.51,22.3,22.05,0.25,1.1338,17573.0,38826.417,22.094358959767824
301387.SZ,20260605,91.88,100.85,88.0,97.06,92.8,4.26,4.5905,50951.12,494309.186,97.01635332059432
301388.SZ,20260605,26.7,28.07,26.41,27.55,26.93,0.62,2.3023,17976.77,49068.779,27.2956593425849
301389.SZ,20260605,80.6,85.88,79.11,82.0,82.17,-0.17,-0.2069,105232.81,871849.281,82.84956763959833
301390.SZ,20260605,31.47,32.71,30.58,32.35,31.49,0.86,2.731,10040.0,31933.387,31.806162350597607
301391.SZ,20260605,63.93,66.06,63.6,63.92,65.1,-1.18,-1.8126,11847.0,76307.528,64.41084493964718
301392.SZ,20260605,171.59,178.84,161.0,168.2,169.73,-1.53,-0.9014,68262.74,1158676.167,169.73771738432998
301393.SZ,20260605,54.62,55.0,53.2,53.98,54.08,-0.1,-0.1849,9873.0,53297.343,53.98292616226072
301395.SZ,20260605,11.8,11.98,11.41,11.75,11.78,-0.03,-0.2547,27361.58,32027.493,11.705279081105695
301396.SZ,20260605,169.92,177.3,162.95,164.4,169.28,-4.88,-2.8828,123469.04,2076938.467,168.21532482960913
301397.SZ,20260605,30.82,31.52,30.23,30.85,31.18,-0.33,-1.0584,25024.8,77420.04,30.93732617243694
301398.SZ,20260605,38.34,40.65,37.03,39.68,38.34,1.34,3.495,20227.12,79126.943,39.119233484549454
301399.SZ,20260605,17.94,18.63,17.52,18.27,18.01,0.26,1.4436,22346.77,40428.887,18.09160205255614
301408.SZ,20260605,16.98,17.08,16.12,16.27,16.42,-0.15,-0.9135,131369.01,216175.488,16.45559238057743
301413.SZ,20260605,87.5,95.0,83.26,90.25,88.1,2.15,2.4404,78017.69,694514.591,89.02014286759837
301418.SZ,20260605,41.66,47.5,40.03,47.45,43.87,3.58,8.1605,109177.09,480530.236,44.01383440426925
301419.SZ,20260605,46.03,49.67,45.8,47.08,47.76,-0.68,-1.4238,131383.98,623493.214,47.4558019935155
301421.SZ,20260605,93.0,98.4,90.87,95.81,95.17,0.64,0.6725,69556.84,659513.547,94.8164906571374
301428.SZ,20260605,36.43,36.6,35.53,35.57,36.35,-0.78,-2.1458,67346.95,242800.272,36.052155591307404
301429.SZ,20260605,19.08,19.8,18.73,19.55,19.08,0.47,2.4633,12304.0,23743.8,19.29762678803641
301439.SZ,20260605,21.09,21.77,19.95,20.15,21.17,-1.02,-4.8181,326434.79,672826.577,20.611362440872192
301446.SZ,20260605,43.68,46.88,43.31,46.26,43.93,2.33,5.3039,22000.4,100198.532,45.54395920074181
301448.SZ,20260605,33.59,33.79,32.32,33.15,33.31,-0.16,-0.4803,9181.4,30352.531,33.058717624763105
301449.SZ,20260605,61.95,62.74,60.67,62.12,62.06,0.06,0.0967,7442.09,46034.96,61.85756958058825
301456.SZ,20260605,26.61,27.0,25.99,26.74,26.53,0.21,0.7916,25207.81,66971.646,26.5678160855703
301458.SZ,20260605,55.39,65.82,55.19,63.52,57.1,6.42,11.2434,312053.59,1882065.41,60.31224989271874
301459.SZ,20260605,33.74,34.96,33.22,34.11,33.58,0.53,1.5783,14522.08,49571.338,34.135150061148266
301468.SZ,20260605,51.97,54.0,51.93,52.37,51.97,0.4,0.7697,182387.67,961960.248,52.74261401551979
301469.SZ,20260605,30.93,32.24,30.32,31.83,31.11,0.72,2.3144,13420.0,42191.828,31.439514157973175
301479.SZ,20260605,67.21,69.75,65.79,67.8,68.43,-0.63,-0.9206,30881.36,209344.47,67.7899127499566
301486.SZ,20260605,235.6,238.75,222.43,225.68,220.01,5.67,2.5772,102179.52,2374723.748,232.40701737491037
301487.SZ,20260605,23.25,24.1,21.8,23.44,23.15,0.29,1.2527,221344.61,506514.015,22.88350346547856
301488.SZ,20260605,143.01,151.45,135.23,150.02,138.05,11.97,8.6708,36500.37,529179.584,144.97923829265292
301489.SZ,20260605,150.0,155.39,146.47,152.21,150.26,1.95,1.2978,79231.14,1205480.456,152.14730672813747
301491.SZ,20260605,42.99,43.83,42.14,42.87,43.45,-0.58,-1.3349,7824.81,33623.128,42.969897032643594
301498.SZ,20260605,41.89,42.78,41.13,41.9,41.66,0.24,0.5761,47914.59,200820.73,41.91222965697922
301499.SZ,20260605,32.91,35.87,32.47,34.19,32.45,1.74,5.3621,56033.0,194592.842,34.72825692002927
301500.SZ,20260605,25.91,26.28,25.54,25.68,26.08,-0.4,-1.5337,93561.4,241892.886,25.85391903071138
301501.SZ,20260605,28.8,29.07,27.79,28.5,28.8,-0.3,-1.0417,11234.93,31999.49,28.48214452604511
301502.SZ,20260605,79.97,83.97,77.7,81.68,80.96,0.72,0.8893,11106.85,89874.805,80.91835668979053
301503.SZ,20260605,31.04,31.83,30.1,31.3,31.03,0.27,0.8701,10706.0,33212.302,31.022138987483658
301505.SZ,20260605,19.15,19.73,19.06,19.48,19.21,0.27,1.4055,23649.95,45827.536,19.377434624597512
301507.SZ,20260605,12.44,12.8,12.44,12.62,12.43,0.19,1.5286,26875.0,33956.01,12.63479441860465
301508.SZ,20260605,25.12,25.76,24.76,25.43,25.1,0.33,1.3147,13943.87,35135.858,25.198067681353884
301509.SZ,20260605,28.0,28.35,27.2,27.44,27.6,-0.16,-0.5797,20235.98,56043.451,27.694952752473565
301510.SZ,20260605,33.71,36.04,32.7,35.0,33.8,1.2,3.5503,169348.0,583701.935,34.46760132980608
301511.SZ,20260605,117.73,125.0,115.1,119.5,122.31,-2.81,-2.2974,340889.94,4103096.798,120.3642676577666
301512.SZ,20260605,52.66,56.99,50.51,55.5,53.18,2.32,4.3625,21850.89,118429.56,54.198963978126294
301513.SZ,20260605,66.0,69.42,63.0,68.61,66.28,2.33,3.5154,31176.08,207945.046,66.70019001747494
301515.SZ,20260605,20.08,20.87,19.5,20.55,19.84,0.71,3.5786,21636.0,43926.563,20.3025342022555
301516.SZ,20260605,16.78,17.22,16.16,16.92,16.77,0.15,0.8945,67655.61,112949.217,16.694730414817045
301517.SZ,20260605,54.99,56.88,53.4,55.65,54.1,1.55,2.8651,59641.63,330716.858,55.450673967160185
301518.SZ,20260605,29.79,31.5,29.73,30.88,29.88,1.0,3.3467,26474.0,81740.861,30.875901261615173
301519.SZ,20260605,12.6,13.62,12.57,13.3,12.55,0.75,5.9761,56268.0,74179.584,13.183262955854127
301520.SZ,20260605,35.6,36.65,35.52,36.18,35.41,0.77,2.1745,4954.0,17875.519,36.083001614856684
301522.SZ,20260605,27.01,27.99,26.46,27.53,27.3,0.23,0.8425,90163.42,246955.398,27.38975495827465
301525.SZ,20260605,70.0,74.72,67.17,72.9,69.98,2.92,4.1726,34258.93,243967.554,71.21283531038476
301526.SZ,20260605,23.0,23.7,21.46,21.75,22.69,-0.94,-4.1428,1844223.31,4167756.116,22.59897753922219
301528.SZ,20260605,80.0,92.0,78.43,91.75,80.75,11.0,13.6223,47547.84,404370.101,85.04489394260602
301529.SZ,20260605,112.18,120.66,108.88,116.0,113.79,2.21,1.9422,37398.2,428929.73,114.69261354824565
301531.SZ,20260605,77.75,82.66,74.75,80.2,77.75,2.45,3.1511,117839.73,941543.026,79.90030408250257
301533.SZ,20260605,27.03,27.77,26.65,27.37,27.03,0.34,1.2579,8472.0,23077.524,27.23975920679887
301535.SZ,20260605,15.96,16.28,15.58,15.94,15.96,-0.02,-0.1253,25841.0,41051.799,15.886304322588135
301536.SZ,20260605,78.29,79.98,75.9,78.35,78.89,-0.54,-0.6845,70359.69,549888.424,78.15390090547584
301538.SZ,20260605,90.6,94.0,86.31,90.9,91.23,-0.33,-0.3617,17602.22,158210.636,89.88106954690942
301539.SZ,20260605,15.21,15.82,14.9,15.64,15.2,0.44,2.8947,19762.35,30364.223,15.36468233787986
301548.SZ,20260605,77.23,80.77,76.85,79.18,77.47,1.71,2.2073,17256.79,135765.475,78.67365541331847
301550.SZ,20260605,113.32,122.0,108.67,116.68,113.3,3.38,2.9832,118779.43,1369167.405,115.26974030772837
301551.SZ,20260605,23.56,23.72,22.97,23.39,23.23,0.16,0.6888,43804.71,102309.047,23.355718369097755
301552.SZ,20260605,25.57,26.37,25.1,26.12,25.57,0.55,2.151,10101.32,26051.474,25.790168017645215
301555.SZ,20260605,38.0,39.48,36.15,38.65,37.95,0.7,1.8445,32923.97,125350.573,38.07273940536333
301556.SZ,20260605,67.58,68.75,65.81,67.59,67.56,0.03,0.0444,14589.95,97946.433,67.13280922827013
301557.SZ,20260605,82.0,83.27,78.23,82.01,82.85,-0.84,-1.0139,13979.01,113281.782,81.0370562722253
301558.SZ,20260605,6.72,6.9,6.67,6.81,6.72,0.09,1.3393,76520.0,51926.183,6.785962232096184
301559.SZ,20260605,13.78,14.18,13.73,13.95,13.78,0.17,1.2337,18495.27,25785.401,13.941619127485028
301560.SZ,20260605,31.75,31.86,30.5,31.2,31.76,-0.56,-1.7632,19369.0,60350.794,31.158445970365015
301563.SZ,20260605,221.51,232.99,216.28,218.01,224.25,-6.24,-2.7826,58240.14,1298356.086,222.9314843679977
301565.SZ,20260605,25.25,26.2,24.4,25.8,26.29,-0.49,-1.8638,172630.53,437662.154,25.35253491951858
301566.SZ,20260605,37.44,38.75,35.93,37.28,38.6,-1.32,-3.4197,380502.78,1413997.917,37.16130318417121
301567.SZ,20260605,41.66,43.5,39.89,42.34,41.62,0.72,1.7299,14977.0,62807.961,41.93627629031181
301568.SZ,20260605,84.73,90.24,82.8,87.35,83.9,3.45,4.112,80027.9,692016.17,86.47186418736467
301571.SZ,20260605,58.18,59.02,56.8,57.9,57.55,0.35,0.6082,30490.01,176894.407,58.017169230183924
301575.SZ,20260605,43.0,43.0,41.51,41.99,42.73,-0.74,-1.7318,6304.48,26555.488,42.121615105448825
301577.SZ,20260605,97.65,109.46,96.5,104.89,100.75,4.14,4.1092,52850.46,547759.454,103.64327084381102
301578.SZ,20260605,23.23,24.25,22.9,23.83,23.3,0.53,2.2747,17402.83,41120.478,23.628615575742565
301580.SZ,20260605,55.69,56.1,54.4,55.47,55.69,-0.22,-0.395,23328.0,128838.92,55.22930384087792
301581.SZ,20260605,48.32,49.95,46.09,49.06,48.79,0.27,0.5534,19174.63,91704.213,47.825805765222064
301584.SZ,20260605,22.55,22.69,22.1,22.26,22.45,-0.19,-0.8463,18593.07,41447.87,22.292106682758686
301585.SZ,20260605,25.79,27.48,25.11,26.44,25.78,0.66,2.5601,20443.93,54029.524,26.428149577894267
301586.SZ,20260605,35.88,37.05,35.28,36.6,35.83,0.77,2.149,10300.65,37326.438,36.23697339488285
301587.SZ,20260605,24.75,25.55,24.31,25.0,24.77,0.23,0.9285,45121.45,113049.054,25.054392977176047
301588.SZ,20260605,35.0,36.5,33.19,35.0,34.48,0.52,1.5081,59522.0,208741.009,35.069555626491045
301589.SZ,20260605,151.98,153.25,149.0,150.49,152.19,-1.7,-1.117,7560.22,114230.186,151.09373272206363
301590.SZ,20260605,174.0,174.0,167.01,169.35,173.99,-4.64,-2.6668,5362.34,91166.641,170.0127947873503
301591.SZ,20260605,48.55,50.0,47.5,47.7,51.21,-3.51,-6.8541,97030.95,470649.998,48.50514170993894
301592.SZ,20260605,102.62,103.8,100.37,101.72,103.2,-1.48,-1.4341,6191.5,62922.218,101.62677541791166
301595.SZ,20260605,43.7,44.7,42.14,43.6,43.7,-0.1,-0.2288,12674.99,54986.141,43.38160503479688
301596.SZ,20260605,75.35,83.8,72.11,80.75,75.5,5.25,6.9536,36384.12,283140.321,77.8197524084683
301598.SZ,20260605,54.3,56.12,52.68,54.8,54.3,0.5,0.9208,7722.99,41900.871,54.25472647251907
301599.SZ,20260605,51.7,52.87,49.38,51.45,51.68,-0.23,-0.445,76207.64,390669.656,51.26384388756823
301600.SZ,20260605,101.0,102.21,98.51,99.3,100.71,-1.41,-1.4001,9186.59,91956.151,100.09824211159963
301601.SZ,20260605,17.98,18.59,17.75,18.35,17.99,0.36,2.0011,23705.0,43260.013,18.249319974688884
301602.SZ,20260605,15.64,15.81,15.27,15.7,15.5,0.2,1.2903,17770.64,27647.378,15.557896620493128
301603.SZ,20260605,129.66,142.51,128.5,138.65,130.73,7.92,6.0583,44057.21,609455.727,138.33280114650927
301606.SZ,20260605,66.61,67.29,65.07,65.38,66.82,-1.44,-2.155,30990.72,204587.425,66.01570566931004
301607.SZ,20260605,42.21,43.33,41.08,42.56,42.44,0.12,0.2828,118223.36,499901.86,42.284524818107016
301608.SZ,20260605,53.77,55.13,52.28,54.0,54.03,-0.03,-0.0555,18214.48,97904.168,53.75073458039977
301609.SZ,20260605,48.54,49.56,46.58,46.58,49.21,-2.63,-5.3444,33071.15,156873.47,47.435142110268316
301611.SZ,20260605,107.49,112.88,106.2,108.01,107.99,0.02,0.0185,187212.48,2059877.574,110.02885993497868
301613.SZ,20260605,42.2,42.66,41.38,41.5,42.2,-0.7,-1.6588,10000.0,41816.694,41.816694000000005
301616.SZ,20260605,38.01,39.13,37.43,38.36,38.0,0.36,0.9474,10843.0,41266.679,38.05835931015401
301617.SZ,20260605,52.0,54.58,52.0,52.3,52.33,-0.03,-0.0573,29322.23,155585.84,53.06071195812869
301618.SZ,20260605,39.96,41.56,39.29,40.92,39.96,0.96,2.4024,31232.48,127053.921,40.68006158972967
301622.SZ,20260605,54.6,57.58,53.22,55.84,54.7,1.14,2.0841,22662.48,126600.803,55.863613779251
301626.SZ,20260605,316.18,320.93,308.0,315.02,316.66,-1.64,-0.5179,15492.94,488209.328,315.1172908434422
301628.SZ,20260605,118.73,119.89,114.0,115.56,120.9,-5.34,-4.4169,36818.39,429712.758,116.71144718712577
301629.SZ,20260605,352.21,376.61,340.22,352.65,360.34,-7.69,-2.1341,18982.94,682605.948,359.5891616367117
301630.SZ,20260605,243.67,245.45,228.0,239.01,246.13,-7.12,-2.8928,13686.78,325669.289,237.94441716751493
301631.SZ,20260605,82.49,83.98,80.0,81.6,83.16,-1.56,-1.8759,22419.19,183403.334,81.80640513774138
301632.SZ,20260605,17.31,17.79,17.19,17.29,17.52,-0.23,-1.3128,38103.99,66407.45,17.427951770930026
301633.SZ,20260605,50.92,52.18,49.72,51.27,50.79,0.48,0.9451,4987.0,25398.587,50.92959093643473
301636.SZ,20260605,49.5,50.0,47.87,49.33,49.5,-0.17,-0.3434,13903.0,68174.963,49.036152628929
301638.SZ,20260605,25.9,26.16,25.3,25.42,26.03,-0.61,-2.3434,178853.28,459820.191,25.709351877695504
301656.SZ,20260605,17.67,18.16,17.37,17.74,17.66,0.08,0.453,68208.22,121059.126,17.74846580074953
301658.SZ,20260605,32.8,32.84,31.13,32.1,32.62,-0.52,-1.5941,58265.25,186564.496,32.01985677569392
301662.SZ,20260605,96.0,97.77,91.76,95.2,95.49,-0.29,-0.3037,22370.44,211230.479,94.42392684274427
301665.SZ,20260605,22.34,22.8,22.26,22.64,22.34,0.3,1.3429,17278.69,38981.225,22.560289582138463
301666.SZ,20260605,815.0,856.74,790.0,807.0,857.9,-50.9,-5.9331,55034.52,4511732.741,819.8005072089301
301667.SZ,20260605,85.81,86.0,82.56,83.73,86.3,-2.57,-2.978,25243.31,211945.297,83.9609769875662
301668.SZ,20260605,36.63,37.51,35.58,36.65,36.67,-0.02,-0.0545,13131.51,48086.607,36.61925170829554
301678.SZ,20260605,51.89,54.4,51.32,53.15,52.5,0.65,1.2381,25224.89,133297.794,52.84375630577577
301680.SZ,20260605,127.01,130.56,121.31,130.03,125.1,4.93,3.9408,38656.28,486999.761,125.98205543834015
301682.SZ,20260605,187.0,190.74,173.85,175.2,187.55,-12.35,-6.5849,69516.96,1250495.567,179.88352295612464
301683.SZ,20260605,142.0,146.0,135.3,140.95,141.8,-0.85,-0.5994,29984.61,422833.145,141.0167232456917
301687.SZ,20260605,53.6,54.43,51.35,53.27,53.6,-0.33,-0.6157,20863.93,110582.947,53.001973741284594
301696.SZ,20260605,128.0,137.55,120.65,131.12,129.88,1.24,0.9547,82959.36,1067835.441,128.71789765494816
302132.SZ,20260605,58.87,59.44,58.29,58.31,58.77,-0.46,-0.7827,53120.53,312438.34,58.816871744314305
600000.SH,20260605,9.18,9.35,9.18,9.34,9.19,0.15,1.6322,745725.22,692089.681,9.28076002310878
600004.SH,20260605,8.04,8.13,8.03,8.09,8.03,0.06,0.7472,58310.8,47156.408,8.087079580455079
600006.SH,20260605,6.0,6.09,5.9,5.97,5.93,0.04,0.6745,142597.03,85526.391,5.9977680460806235
600007.SH,20260605,21.06,21.32,20.95,21.28,21.03,0.25,1.1888,27801.0,58800.84,21.15062048127765
600008.SH,20260605,3.19,3.22,3.14,3.14,3.19,-0.05,-1.5674,1050382.44,333118.669,3.1714036365649827
600009.SH,20260605,23.46,23.94,23.46,23.64,23.39,0.25,1.0688,145962.36,346070.252,23.709554435814823
600010.SH,20260605,2.4,2.45,2.4,2.42,2.42,0.0,0.0,5647125.26,1372791.634,2.4309565855105544
600011.SH,20260605,8.61,8.9,8.28,8.39,8.75,-0.36,-4.1143,3446444.46,2927478.469,8.494198885189636
600012.SH,20260605,16.49,16.66,15.78,15.88,16.45,-0.57,-3.465,77883.0,126317.026,16.218818740931912
600015.SH,20260605,6.72,6.86,6.72,6.83,6.72,0.11,1.6369,826267.2,563464.008,6.819392177252105
600016.SH,20260605,3.5,3.59,3.5,3.57,3.5,0.07,2.0,2310819.86,822020.504,3.557267782872526
600017.SH,20260605,2.75,2.82,2.75,2.8,2.76,0.04,1.4493,363955.48,101651.83,2.7929742945483333
600018.SH,20260605,5.0,5.09,5.0,5.04,5.0,0.04,0.8,462384.0,233903.537,5.058642535208831
600019.SH,20260605,5.72,5.81,5.71,5.74,5.72,0.02,0.3497,1072927.06,617443.247,5.754755099568464
600020.SH,20260605,3.98,4.07,3.97,4.01,3.96,0.05,1.2626,165350.04,66587.784,4.027080005544601
600021.SH,20260605,19.61,20.39,19.31,19.4,19.8,-0.4,-2.0202,1057444.02,2085717.767,19.72414357215808
600022.SH,20260605,1.31,1.34,1.31,1.32,1.31,0.01,0.7634,709807.13,94106.557,1.3258046168118938
600023.SH,20260605,6.22,6.34,5.97,5.99,6.24,-0.25,-4.0064,962073.08,585182.535,6.082516465381196
600025.SH,20260605,10.01,10.12,9.67,9.73,9.98,-0.25,-2.505,363690.0,359572.136,9.886775440622507
600026.SH,20260605,17.99,18.0,17.29,17.59,17.7,-0.11,-0.6215,590649.73,1040106.182,17.6095260722459
600027.SH,20260605,5.45,5.6,5.18,5.2,5.44,-0.24,-4.4118,2526843.83,1351481.034,5.3484945050996675
600028.SH,20260605,4.82,4.96,4.81,4.89,4.82,0.07,1.4523,3796463.9,1859033.861,4.896751055633638
600029.SH,20260605,5.26,5.3,5.18,5.22,5.21,0.01,0.1919,893564.45,467676.926,5.233835410529145
600030.SH,20260605,25.66,26.04,25.59,25.67,25.59,0.08,0.3126,1580961.79,4072685.493,25.76080914011211
600031.SH,20260605,18.3,18.92,18.2,18.65,18.14,0.51,2.8115,1364928.0,2538960.689,18.601425782165798
600032.SH,20260605,10.93,11.22,10.23,10.29,10.87,-0.58,-5.3358,660217.81,697715.708,10.567962533455436
600033.SH,20260605,3.53,3.59,3.53,3.54,3.52,0.02,0.5682,213572.4,75960.088,3.556643461421045
600035.SH,20260605,3.83,3.87,3.82,3.83,3.81,0.02,0.5249,114667.2,44110.157,3.846798125357557
600036.SH,20260605,38.18,38.7,38.11,38.58,38.1,0.48,1.2598,778709.0,3000501.535,38.53174337268479
600037.SH,20260605,6.9,6.92,6.75,6.84,6.84,0.0,0.0,146430.01,100047.372,6.832436329137722
600038.SH,20260605,26.76,27.34,26.56,26.96,26.67,0.29,1.0874,69077.46,186649.72,27.02035077722892
600039.SH,20260605,8.37,8.44,8.26,8.4,8.32,0.08,0.9615,165772.23,138289.72,8.342152361707386
600048.SH,20260605,5.4,5.51,5.35,5.36,5.38,-0.02,-0.3717,1101334.13,597604.047,5.426182942319241
600050.SH,20260605,4.31,4.37,4.29,4.34,4.3,0.04,0.9302,1315818.18,571437.163,4.3428276921968045
600051.SH,20260605,6.45,6.64,6.38,6.55,6.44,0.11,1.7081,57956.01,37774.492,6.51778685247656
600052.SH,20260605,3.94,4.03,3.84,3.9,3.95,-0.05,-1.2658,159071.0,62208.065,3.9107106260726345
600053.SH,20260605,8.99,9.07,8.58,8.74,9.02,-0.28,-3.1042,64919.0,56781.353,8.74649224418121
600054.SH,20260605,10.78,10.99,10.78,10.88,10.79,0.09,0.8341,44695.0,48663.213,10.887842711712722
600055.SH,20260605,12.32,12.53,12.12,12.31,12.25,0.06,0.4898,49120.48,60481.008,12.312788474379728
600056.SH,20260605,9.48,9.58,9.48,9.51,9.49,0.02,0.2107,81010.95,77205.719,9.530281893990875
600057.SH,20260605,6.05,6.1,5.95,5.98,6.02,-0.04,-0.6645,153377.92,92408.531,6.024891392450752
600058.SH,20260605,9.7,9.91,9.58,9.73,9.72,0.01,0.1029,92028.01,89854.516,9.763822557936438
600059.SH,20260605,8.05,8.15,8.01,8.03,8.0,0.03,0.375,56528.1,45623.795,8.070993895071654
600060.SH,20260605,25.13,26.35,24.7,25.45,25.02,0.43,1.7186,158497.19,406774.116,25.66443707929459
600061.SH,20260605,6.33,6.4,6.3,6.33,6.3,0.03,0.4762,252228.82,160105.848,6.347642906151644
600062.SH,20260605,16.72,16.94,16.7,16.87,16.65,0.22,1.3213,43397.98,73196.406,16.866316358503322
600063.SH,20260605,7.38,8.22,7.37,8.22,7.47,0.75,10.0402,3071824.9,2463355.169,8.019191357554268
600064.SH,20260605,7.38,7.43,7.27,7.32,7.35,-0.03,-0.4082,160813.35,118192.235,7.349653184887947
600066.SH,20260605,30.01,31.19,29.54,30.57,29.99,0.58,1.934,285358.79,869280.022,30.462703531929055
600067.SH,20260605,3.02,3.06,2.96,3.01,2.99,0.02,0.6689,234556.0,70789.087,3.0180036750285644
600071.SH,20260605,18.09,18.66,17.86,18.18,18.14,0.04,0.2205,58720.0,107573.785,18.319786273841963
600072.SH,20260605,10.54,10.59,10.19,10.35,10.56,-0.21,-1.9886,261379.0,271413.85,10.383919519165655
600073.SH,20260605,5.09,5.19,5.07,5.11,5.1,0.01,0.1961,71083.1,36540.696,5.140560273820359
600075.SH,20260605,4.83,4.99,4.75,4.91,4.77,0.14,2.935,202293.41,98847.417,4.886338956864685
600076.SH,20260605,3.55,3.72,3.45,3.59,3.55,0.04,1.1268,349585.55,125773.23,3.5977811439860714
600078.SH,20260605,13.91,14.31,13.68,13.94,13.99,-0.05,-0.3574,474953.06,663427.142,13.96826755890361
600079.SH,20260605,17.61,17.62,17.38,17.42,17.34,0.08,0.4614,68125.5,119227.686,17.501183257370588
600080.SH,20260605,5.53,5.57,5.33,5.4,5.5,-0.1,-1.8182,55306.0,29957.893,5.41675279354862
600081.SH,20260605,10.58,10.72,10.17,10.59,10.58,0.01,0.0945,52869.62,55162.049,10.43360043064429
600082.SH,20260605,3.25,3.31,3.18,3.2,3.25,-0.05,-1.5385,129354.11,41896.353,3.2388884280522667
600084.SH,20260605,4.82,4.82,4.72,4.74,4.83,-0.09,-1.8634,31934.0,15200.443,4.759955846433269
600085.SH,20260605,24.84,25.38,24.84,25.03,24.85,0.18,0.7243,50355.77,126639.709,25.14899662938329
600088.SH,20260605,14.03,14.28,13.65,14.24,14.07,0.17,1.2082,99825.87,139272.228,13.951516575813464
600089.SH,20260605,25.62,25.85,25.21,25.71,25.65,0.06,0.2339,1162300.86,2963684.883,25.498431473241787
600094.SH,20260605,4.09,4.19,4.08,4.12,4.09,0.03,0.7335,185775.15,76708.015,4.129078350898922
600095.SH,20260605,7.98,7.98,7.81,7.83,7.96,-0.13,-1.6332,207100.0,163280.004,7.884114147754707
600096.SH,20260605,30.05,30.49,29.6,29.77,30.22,-0.45,-1.4891,351043.32,1053291.892,30.004612877977568
600097.SH,20260605,8.74,9.02,8.71,8.94,8.75,0.19,2.1714,30578.79,27151.935,8.879335971109386
600098.SH,20260605,8.03,8.24,7.68,7.71,8.11,-0.4,-4.9322,532242.69,418312.73,7.859435890044822
600099.SH,20260605,9.31,9.63,9.15,9.52,9.3,0.22,2.3656,39653.0,37333.703,9.415101757748468
600100.SH,20260605,7.7,7.78,7.57,7.59,7.72,-0.13,-1.6839,308737.76,236917.209,7.673736085926127
600101.SH,20260605,10.5,10.77,9.95,9.95,10.49,-0.54,-5.1478,541112.16,552643.616,10.213106576647622
600103.SH,20260605,3.91,3.99,3.83,3.85,3.96,-0.11,-2.7778,2117919.58,829047.292,3.9144417938664127
600104.SH,20260605,11.78,11.91,11.75,11.77,11.82,-0.05,-0.423,336947.57,398630.729,11.830645610532226
600105.SH,20260605,54.1,59.72,54.1,55.42,54.29,1.13,2.0814,2102307.28,12066453.196,57.39623941177619
600106.SH,20260605,5.22,5.35,5.22,5.25,5.21,0.04,0.7678,158682.57,83916.976,5.288354984419524
600107.SH,20260605,6.52,6.52,6.3,6.38,6.5,-0.12,-1.8462,38490.01,24675.293,6.410830498615096
600108.SH,20260605,3.4,3.46,3.36,3.38,3.41,-0.03,-0.8798,522274.76,178022.75,3.408603356593376
600109.SH,20260605,8.05,8.11,7.9,7.9,8.03,-0.13,-1.6189,427225.92,341198.184,7.986364310480038
600110.SH,20260605,11.42,11.95,10.87,11.29,11.54,-0.25,-2.1664,1840851.96,2105342.285,11.436782157105128
600111.SH,20260605,49.36,50.85,49.08,49.66,49.66,0.0,0.0,1026533.76,5145339.798,50.12343479088307
600113.SH,20260605,35.57,37.75,35.41,36.58,35.78,0.8,2.2359,64630.29,236549.287,36.60037530390162
600114.SH,20260605,39.2,42.16,37.76,40.39,39.61,0.78,1.9692,487207.94,1952156.315,40.06823688054016
600115.SH,20260605,4.01,4.07,3.92,3.96,3.97,-0.01,-0.2519,2389433.27,952621.157,3.9868079555115594
600116.SH,20260605,6.9,7.06,6.75,6.76,6.89,-0.13,-1.8868,413277.56,283306.895,6.855124072064305
600117.SH,20260605,2.28,2.38,2.28,2.34,2.29,0.05,2.1834,199880.0,46912.347,2.3470255653392034
600118.SH,20260605,82.46,85.0,80.5,84.95,80.28,4.67,5.8171,765744.68,6376131.101,83.26706365103313
600119.SH,20260605,5.35,5.45,5.31,5.35,5.4,-0.05,-0.9259,39620.0,21263.191,5.366782180716809
600120.SH,20260605,4.7,4.73,4.68,4.71,4.69,0.02,0.4264,200917.15,94457.681,4.701324949114597
600121.SH,20260605,5.64,5.83,5.22,5.22,5.7,-0.48,-8.4211,2332002.48,1265562.133,5.426933049402246
600123.SH,20260605,7.32,7.5,7.26,7.35,7.35,0.0,0.0,473322.9,348605.067,7.365058124168511
600125.SH,20260605,5.56,5.65,5.56,5.6,5.57,0.03,0.5386,95878.28,53765.861,5.607720643298983
600126.SH,20260605,7.38,7.44,7.19,7.24,7.38,-0.14,-1.897,535037.49,390998.966,7.307879789881641
600127.SH,20260605,6.03,6.12,6.02,6.05,6.06,-0.01,-0.165,96274.62,58367.42,6.062596767455432
600128.SH,20260605,8.87,9.14,8.82,9.02,8.88,0.14,1.5766,44147.1,39675.717,8.987162690188029
600129.SH,20260605,13.8,14.13,13.74,13.76,13.79,-0.03,-0.2175,55299.86,76673.201,13.86499007411592
600130.SH,20260605,4.76,4.92,4.66,4.78,4.84,-0.06,-1.2397,462826.01,221616.762,4.788338537844924
600131.SH,20260605,16.5,16.51,16.01,16.16,16.4,-0.24,-1.4634,106092.97,171694.07,16.183359745702283
600132.SH,20260605,51.05,52.0,50.52,50.61,50.63,-0.02,-0.0395,41917.99,214504.187,51.1723455728674
600133.SH,20260605,8.17,8.18,7.9,8.06,8.21,-0.15,-1.827,233185.74,187896.531,8.057805378665092
600135.SH,20260605,8.99,9.23,8.78,9.11,8.97,0.14,1.5608,111659.87,101022.233,9.04731780540314
600136.SH,20260605,1.58,1.61,1.58,1.6,1.59,0.01,0.6289,109454.0,17443.743,1.5937053922195623
600137.SH,20260605,19.45,19.92,19.05,19.72,19.45,0.27,1.3882,18853.0,36892.418,19.56846019201188
600138.SH,20260605,7.56,7.71,7.56,7.65,7.54,0.11,1.4589,69117.62,52790.706,7.637807262460717
600141.SH,20260605,29.55,30.33,28.76,29.28,29.56,-0.28,-0.9472,264309.96,776695.304,29.385775095270716
600143.SH,20260605,16.28,17.44,15.89,16.89,16.32,0.57,3.4926,1000263.86,1668427.496,16.67987380849689
600148.SH,20260605,16.27,16.97,16.0,16.7,16.22,0.48,2.9593,21581.0,35797.782,16.587638200268756
600149.SH,20260605,5.38,5.48,5.2,5.37,5.39,-0.02,-0.3711,181008.0,96495.486,5.331006695836649
600150.SH,20260605,36.8,37.18,35.85,35.95,36.89,-0.94,-2.5481,891305.83,3248445.897,36.44591774969092
600151.SH,20260605,12.71,12.85,12.11,12.47,12.6,-0.13,-1.0317,468045.5,585880.559,12.517598374517007
600152.SH,20260605,12.1,12.22,11.43,11.53,11.93,-0.4,-3.3529,455363.23,530593.115,11.652085193615655
600153.SH,20260605,9.7,9.86,9.48,9.51,9.7,-0.19,-1.9588,210493.0,202613.821,9.625679761322228
600155.SH,20260605,5.51,5.56,5.46,5.51,5.51,0.0,0.0,208537.71,114779.891,5.504035265372388
600156.SH,20260605,9.66,9.91,9.37,9.56,9.66,-0.1,-1.0352,226711.33,217973.148,9.614567917712801
600157.SH,20260605,1.83,1.86,1.79,1.8,1.84,-0.04,-2.1739,9694717.21,1767056.784,1.8227006994874477
600158.SH,20260605,9.72,9.83,9.11,9.36,9.65,-0.29,-3.0052,805331.74,754278.927,9.366064809515642
600159.SH,20260605,2.66,2.78,2.63,2.72,2.66,0.06,2.2556,263636.0,71333.832,2.7057697734755495
600160.SH,20260605,37.9,40.2,37.89,39.27,38.24,1.03,2.6935,853206.3,3353428.159,39.303837289996565
600161.SH,20260605,12.95,13.1,12.83,12.97,12.88,0.09,0.6988,94361.18,122492.756,12.981265812911625
600162.SH,20260605,3.38,3.5,3.24,3.44,3.42,0.02,0.5848,3941838.66,1335152.979,3.3871324885732386
600163.SH,20260605,6.95,7.16,6.54,6.54,7.03,-0.49,-6.9701,864611.01,586031.63,6.777980192502985
600165.SH,20260605,2.92,2.93,2.87,2.89,2.91,-0.02,-0.6873,40163.0,11614.032,2.8917242237880636
600166.SH,20260605,3.07,3.08,2.99,3.02,3.05,-0.03,-0.9836,1644664.98,497909.255,3.027420544942837
600167.SH,20260605,6.68,6.76,6.31,6.4,6.7,-0.3,-4.4776,198303.9,127840.984,6.446720614168456
600168.SH,20260605,4.54,4.62,4.54,4.59,4.54,0.05,1.1013,47379.04,21725.682,4.585504898368561
600169.SH,20260605,2.25,2.31,2.24,2.29,2.25,0.04,1.7778,153782.33,35134.736,2.2847056615672297
600170.SH,20260605,2.48,2.51,2.48,2.49,2.48,0.01,0.4032,839974.56,209083.15,2.489160505051486
600171.SH,20260605,27.67,28.0,26.82,27.49,28.65,-1.16,-4.0489,250347.49,686817.752,27.434577115192965
600172.SH,20260605,14.27,14.65,13.26,13.43,14.48,-1.05,-7.2514,2298350.74,3159820.721,13.74820938339463
600173.SH,20260605,7.06,7.12,6.89,6.93,7.06,-0.13,-1.8414,110624.45,77200.1,6.978574808733513
600176.SH,20260605,38.0,39.39,36.83,36.96,38.39,-1.43,-3.7249,1448798.29,5522948.282,38.12089177714311
600177.SH,20260605,7.19,7.34,7.16,7.33,7.13,0.2,2.805,274426.04,200160.198,7.293775692714876
600178.SH,20260605,8.77,9.06,8.7,8.92,8.77,0.15,1.7104,46243.01,41119.72,8.892094178125516
600179.SH,20260605,4.58,4.77,4.56,4.59,4.59,0.0,0.0,634389.81,294271.919,4.638660873194038
600180.SH,20260605,1.55,1.57,1.55,1.55,1.63,-0.08,-4.908,532481.66,82623.619,1.5516706997946184
600182.SH,20260605,13.71,13.97,13.69,13.78,13.71,0.07,0.5106,10963.0,15164.078,13.832051445772143
600183.SH,20260605,140.0,145.16,136.38,137.36,143.16,-5.8,-4.0514,726278.28,10128513.37,139.45774848175273
600184.SH,20260605,26.35,28.35,25.73,26.6,27.15,-0.55,-2.0258,479281.43,1309371.434,27.31946935644888
600185.SH,20260605,5.2,5.39,5.17,5.19,5.19,0.0,0.0,209834.6,110350.282,5.258917356813414
600186.SH,20260605,9.51,10.3,9.17,10.13,9.47,0.66,6.9694,3332112.62,3307324.979,9.92560983427985
600187.SH,20260605,1.48,1.64,1.48,1.61,1.56,0.05,3.2051,1224295.5,187040.357,1.5277386627656475
600188.SH,20260605,26.34,27.4,24.7,25.05,27.27,-2.22,-8.1408,929007.93,2418541.48,26.033593491500117
600189.SH,20260605,7.74,7.87,7.63,7.7,7.67,0.03,0.3911,69819.0,53968.586,7.729785015540182
600191.SH,20260605,10.88,11.25,10.81,10.86,10.75,0.11,1.0233,66191.0,72855.149,11.006805910169057
600192.SH,20260605,7.13,7.28,7.0,7.17,7.14,0.03,0.4202,54123.0,38699.974,7.150374886831846
600195.SH,20260605,6.58,6.65,6.52,6.58,6.58,0.0,0.0,44042.79,29006.823,6.586054834400818
600196.SH,20260605,22.09,22.28,21.99,22.02,21.82,0.2,0.9166,163752.03,362446.324,22.133852264304753
600197.SH,20260605,11.34,11.45,11.15,11.25,11.25,0.0,0.0,59150.11,66705.031,11.27724546919693
600198.SH,20260605,8.94,9.2,8.71,8.97,9.25,-0.28,-3.027,693087.55,624827.992,9.015138015392138
600199.SH,20260605,7.45,7.62,7.32,7.35,7.46,-0.11,-1.4745,159192.4,118639.87,7.45260891851621
600201.SH,20260605,11.4,11.51,11.15,11.29,11.4,-0.11,-0.9649,231440.48,261993.749,11.320135051569197
600202.SH,20260605,5.24,5.39,5.18,5.32,5.25,0.07,1.3333,106203.0,56163.886,5.2883521181134245
600203.SH,20260605,12.3,13.19,11.75,12.91,12.45,0.46,3.6948,525808.03,664586.87,12.639344248888705
600206.SH,20260605,28.8,30.36,28.51,29.22,29.45,-0.23,-0.781,652189.56,1926755.853,29.542880953200168
600207.SH,20260605,6.45,7.19,6.23,7.19,6.54,0.65,9.9388,798850.38,549680.8,6.880898022480756
600208.SH,20260605,2.88,2.92,2.84,2.85,2.88,-0.03,-1.0417,1433189.18,413030.332,2.8818968058355003
600210.SH,20260605,6.52,6.6,6.48,6.54,6.5,0.04,0.6154,132555.74,86817.582,6.549515094555694
600211.SH,20260605,37.9,38.01,37.51,37.62,37.62,0.0,0.0,20090.92,75786.255,37.721644902274264
600212.SH,20260605,6.18,6.25,6.05,6.13,6.19,-0.06,-0.9693,94989.24,58561.291,6.165044693483177
600215.SH,20260605,6.36,6.78,6.17,6.64,6.35,0.29,4.5669,166017.35,107903.82,6.499550799961571
600216.SH,20260605,12.16,12.39,12.12,12.17,12.08,0.09,0.745,94283.0,115408.936,12.240694080587168
600217.SH,20260605,3.36,3.41,3.34,3.38,3.37,0.01,0.2967,91418.0,30843.15,3.373859633770155
600218.SH,20260605,8.35,8.5,8.18,8.35,8.34,0.01,0.1199,47577.0,39712.141,8.346919940307293
600219.SH,20260605,4.93,5.01,4.87,4.89,4.99,-0.1,-2.004,1864922.71,919113.716,4.928427923964741
600221.SH,20260605,1.49,1.51,1.48,1.49,1.48,0.01,0.6757,4247453.58,635094.911,1.495236849651456
600222.SH,20260605,8.63,9.05,8.56,8.7,8.7,0.0,0.0,438600.92,383891.985,8.752648877252696
600223.SH,20260605,5.75,5.87,5.75,5.78,5.76,0.02,0.3472,57215.1,33196.715,5.802089832928719
600226.SH,20260605,6.88,7.15,6.5,6.94,6.71,0.23,3.4277,2852551.25,1970616.264,6.908258927863259
600227.SH,20260605,2.96,3.02,2.92,2.94,2.97,-0.03,-1.0101,579952.64,171454.874,2.9563599193203087
600228.SH,20260605,6.07,6.33,6.07,6.33,6.03,0.3,4.9751,114772.01,72039.556,6.276753016698061
600229.SH,20260605,5.34,5.57,5.34,5.51,5.35,0.16,2.9907,61997.0,33874.519,5.46389647886188
600230.SH,20260605,14.81,15.05,14.6,14.81,14.67,0.14,0.9543,93275.86,138639.067,14.863338381441888
600231.SH,20260605,1.97,2.0,1.96,1.97,1.97,0.0,0.0,89872.92,17810.853,1.9817819427698578
600232.SH,20260605,7.3,7.54,7.09,7.38,7.23,0.15,2.0747,69872.01,51039.718,7.304744489245408
600233.SH,20260605,17.46,17.58,17.09,17.28,17.37,-0.09,-0.5181,229784.81,397498.26,17.298717874345133
600234.SH,20260605,25.39,25.39,23.45,23.72,24.71,-0.99,-4.0065,33512.0,80106.268,23.90375626641203
600235.SH,20260605,5.78,5.93,5.7,5.84,5.8,0.04,0.6897,65376.0,38148.718,5.835278695545766
600236.SH,20260605,11.3,11.73,10.74,10.77,11.48,-0.71,-6.1847,297824.77,330126.03,11.084572649884024
600237.SH,20260605,11.85,12.6,11.45,12.07,12.22,-0.15,-1.2275,1266092.86,1522537.287,12.025478818354603
600238.SH,20260605,5.16,5.22,5.1,5.13,5.14,-0.01,-0.1946,32682.52,16872.187,5.162449835569596
600239.SH,20260605,1.48,1.52,1.48,1.52,1.49,0.03,2.0134,178747.95,26875.367,1.5035342782952195
600241.SH,20260605,7.54,7.78,7.41,7.68,7.55,0.13,1.7219,45373.31,34588.755,7.623150041290794
600243.SH,20260605,3.79,3.99,3.72,3.99,3.8,0.19,5.0,126567.0,49562.233,3.9158890548089156
600246.SH,20260605,18.3,18.77,17.2,17.39,18.87,-1.48,-7.8431,3084360.32,5547907.067,17.987220983960786
600248.SH,20260605,3.12,3.17,3.11,3.14,3.13,0.01,0.3195,125226.7,39414.365,3.1474410010005855
600249.SH,20260605,5.25,5.33,5.24,5.28,5.26,0.02,0.3802,72745.91,38423.13,5.281826840849196
600250.SH,20260605,9.09,9.22,8.97,9.15,9.02,0.13,1.4412,74127.3,67616.801,9.121713727601033
600251.SH,20260605,9.93,10.16,9.76,9.9,9.77,0.13,1.3306,101329.16,100712.871,9.939179501734742
600252.SH,20260605,2.24,2.3,2.24,2.26,2.24,0.02,0.8929,382597.0,86709.496,2.2663401960809937
600255.SH,20260605,4.5,4.77,4.46,4.49,4.83,-0.34,-7.0393,5878020.16,2694713.11,4.584389023259151
600256.SH,20260605,6.64,6.94,6.6,6.74,6.7,0.04,0.597,1554689.29,1057027.681,6.798964190458918
600257.SH,20260605,5.28,5.35,5.17,5.26,5.29,-0.03,-0.5671,108506.1,57093.146,5.261745284366501
600258.SH,20260605,13.02,13.35,12.98,13.06,12.94,0.12,0.9274,138239.78,181498.725,13.12926894125555
600259.SH,20260605,92.49,97.9,92.4,93.92,93.78,0.14,0.1493,166142.03,1590189.367,95.71264820828301
600261.SH,20260605,3.39,3.46,3.37,3.42,3.39,0.03,0.885,157289.15,53758.398,3.417807140543388
600262.SH,20260605,21.85,22.47,21.62,22.08,21.86,0.22,1.0064,27314.19,60352.727,22.09574107817219
600265.SH,20260605,28.06,28.28,26.41,26.41,27.8,-1.39,-5.0,48875.24,131576.437,26.92087793328483
600266.SH,20260605,4.58,4.7,4.58,4.61,4.6,0.01,0.2174,339361.55,157088.046,4.628928822372481
600267.SH,20260605,9.75,9.85,9.69,9.75,9.68,0.07,0.7231,92486.0,90343.853,9.768381484765262
600268.SH,20260605,12.73,12.91,12.5,12.57,12.77,-0.2,-1.5662,154477.39,195764.735,12.672711197412124
600269.SH,20260605,4.34,4.4,4.33,4.33,4.33,0.0,0.0,105217.01,45941.731,4.366378687248384
600271.SH,20260605,7.22,7.39,7.18,7.3,7.22,0.08,1.108,133490.53,97529.449,7.306094971680762
600272.SH,20260605,10.89,11.21,10.89,11.12,10.87,0.25,2.2999,24650.45,27282.434,11.067722495938208
600273.SH,20260605,7.12,7.3,7.05,7.23,7.12,0.11,1.5449,160514.08,115734.036,7.210210842562845
600276.SH,20260605,47.48,48.72,47.0,47.08,46.63,0.45,0.965,930263.96,4447209.359,47.805886825928425
600278.SH,20260605,6.45,6.52,6.4,6.43,6.45,-0.02,-0.3101,38967.3,25184.987,6.4631080418710045
600279.SH,20260605,5.71,5.95,5.51,5.83,5.64,0.19,3.3688,448820.51,259256.781,5.7764022637913754
600280.SH,20260605,3.49,3.94,3.33,3.4,3.59,-0.19,-5.2925,1965060.37,715352.715,3.6403599905686357
600281.SH,20260605,4.97,5.1,4.87,5.0,4.97,0.03,0.6036,117022.0,58592.673,5.006979285946232
600282.SH,20260605,5.04,5.11,4.94,4.96,5.07,-0.11,-2.1696,308435.15,155387.311,5.037924860379888
600283.SH,20260605,8.46,8.52,8.42,8.45,8.44,0.01,0.1185,22785.8,19303.251,8.47161433875484
600284.SH,20260605,5.66,5.8,5.62,5.71,5.67,0.04,0.7055,122185.69,69908.736,5.721515833809999
600285.SH,20260605,21.5,21.93,21.43,21.76,21.38,0.38,1.7774,52813.24,114801.975,21.737347490894333
600287.SH,20260605,4.95,5.1,4.92,5.03,4.96,0.07,1.4113,43139.55,21645.197,5.017483260720152
600288.SH,20260605,13.19,13.75,13.19,13.51,13.32,0.19,1.4264,122418.07,165519.899,13.520871469383565
600289.SH,20260605,6.1,6.12,6.0,6.02,6.06,-0.04,-0.6601,23605.0,14285.742,6.051998305443762
600292.SH,20260605,13.88,14.01,13.61,13.68,13.98,-0.3,-2.1459,137587.8,189858.223,13.799059436955893
600293.SH,20260605,3.71,3.96,3.71,3.96,3.6,0.36,10.0,2104227.03,814235.874,3.8695248297423497
600295.SH,20260605,13.47,13.51,13.26,13.31,13.42,-0.11,-0.8197,67587.84,90396.703,13.374699206247751
600298.SH,20260605,34.71,35.55,34.68,35.15,34.66,0.49,1.4137,74979.12,264279.056,35.24702023710068
600299.SH,20260605,10.47,10.81,10.37,10.46,10.49,-0.03,-0.286,143002.02,150724.903,10.540054119515235
600300.SH,20260605,3.14,3.19,3.14,3.16,3.15,0.01,0.3175,170780.05,54049.737,3.1648741758771006
600301.SH,20260605,61.89,63.4,58.88,60.05,64.07,-4.02,-6.2744,193915.83,1179786.508,60.840133990092504
600302.SH,20260605,9.99,10.48,9.73,9.97,10.02,-0.05,-0.499,68234.0,68693.863,10.067394993698155
600303.SH,20260605,3.13,3.47,3.07,3.47,3.15,0.32,10.1587,796495.2,262269.161,3.292790226482219
600305.SH,20260605,6.89,7.03,6.84,6.94,6.87,0.07,1.0189,73132.19,50735.319,6.9374811556990155
600307.SH,20260605,1.59,1.62,1.58,1.6,1.59,0.01,0.6289,424358.98,67899.446,1.6000473467063192
600308.SH,20260605,3.39,3.46,3.38,3.44,3.4,0.04,1.1765,62247.47,21352.32,3.430230979668732
600309.SH,20260605,72.18,74.68,71.51,72.46,72.17,0.29,0.4018,370629.2,2714362.441,73.23660523779563
600310.SH,20260605,6.19,6.46,5.66,5.66,6.29,-0.63,-10.0159,2357521.89,1385000.31,5.874814210102626
600312.SH,20260605,19.62,19.68,19.05,19.25,19.61,-0.36,-1.8358,196542.69,381829.336,19.427297753989222
600313.SH,20260605,6.2,6.34,6.12,6.15,6.26,-0.11,-1.7572,296754.28,183525.217,6.1844168515446505
600315.SH,20260605,17.74,18.25,17.74,17.95,17.63,0.32,1.8151,47518.37,85636.303,18.021725703133335
600316.SH,20260605,28.05,28.86,27.71,28.24,27.86,0.38,1.364,110486.0,313592.866,28.383040928262403
600318.SH,20260605,6.59,6.64,6.5,6.56,6.52,0.04,0.6135,107060.91,70358.418,6.571812064739596
600319.SH,20260605,7.6,7.6,7.15,7.32,7.32,0.0,0.0,34619.0,25300.221,7.308189433548052
600320.SH,20260605,4.64,4.66,4.54,4.56,4.59,-0.03,-0.6536,403765.8,185931.444,4.604932958660688
600322.SH,20260605,2.68,2.79,2.63,2.63,2.7,-0.07,-2.5926,344940.4,92186.657,2.6725387052371947
600323.SH,20260605,30.67,30.87,29.81,29.91,30.45,-0.54,-1.7734,69183.61,208978.278,30.20632748132108
600325.SH,20260605,2.72,2.8,2.7,2.73,2.71,0.02,0.738,455420.0,125365.522,2.752745202230908
600326.SH,20260605,7.57,7.69,7.53,7.57,7.56,0.01,0.1323,178722.49,135793.546,7.598011084111463
600327.SH,20260605,3.58,3.81,3.58,3.64,3.57,0.07,1.9608,189309.44,69471.314,3.6697226509148195
600328.SH,20260605,6.64,6.85,6.62,6.73,6.67,0.06,0.8996,244699.56,164952.731,6.74103096057876
600329.SH,20260605,39.88,40.2,39.1,39.2,39.63,-0.43,-1.085,30178.2,119458.436,39.584347641675116
600330.SH,20260605,29.47,32.16,29.15,29.42,29.77,-0.35,-1.1757,1879501.67,5743916.336,30.560847205844727
600331.SH,20260605,14.41,14.61,13.8,13.91,14.33,-0.42,-2.9309,467574.84,662919.539,14.177827425444875
600332.SH,20260605,21.31,21.58,21.31,21.48,21.33,0.15,0.7032,59184.0,127199.888,21.49227629088943
600333.SH,20260605,5.71,5.78,5.56,5.64,5.68,-0.04,-0.7042,146621.0,82754.089,5.644081611774576
600335.SH,20260605,5.4,5.49,5.38,5.43,5.41,0.02,0.3697,73302.0,39784.673,5.4275017052740715
600336.SH,20260605,7.73,7.84,7.49,7.7,7.77,-0.07,-0.9009,145612.0,111461.381,7.654683748592149
600337.SH,20260605,3.25,3.28,3.16,3.24,3.25,-0.01,-0.3077,226583.3,72929.571,3.2186648795387836
600338.SH,20260605,17.2,17.7,16.61,17.0,17.2,-0.2,-1.1628,525483.18,898538.899,17.099289438721897
600339.SH,20260605,3.47,3.53,3.46,3.48,3.5,-0.02,-0.5714,625234.08,217911.769,3.4852829679405835
600340.SH,20260605,1.23,1.27,1.21,1.24,1.25,-0.01,-0.8,826132.3,102296.508,1.2382581821337817
600343.SH,20260605,25.22,26.41,24.68,25.86,25.02,0.84,3.3573,393938.08,1015827.125,25.78646687316951
600345.SH,20260605,53.99,57.22,53.45,55.99,54.24,1.75,3.2264,214628.56,1199271.258,55.876592472129516
600346.SH,20260605,16.79,17.58,16.52,16.96,16.73,0.23,1.3748,562979.94,964081.911,17.124622788513566
600348.SH,20260605,9.78,9.95,9.73,9.77,9.88,-0.11,-1.1134,487626.1,478830.791,9.819630060819142
600350.SH,20260605,11.39,11.55,11.12,11.26,11.4,-0.14,-1.2281,96153.6,108618.563,11.296359470680244
600351.SH,20260605,6.2,6.29,6.19,6.22,6.17,0.05,0.8104,82613.02,51614.373,6.247728626795146
600352.SH,20260605,11.02,11.13,10.85,10.93,11.04,-0.11,-0.9964,336669.84,370099.127,10.992939759617313
600353.SH,20260605,25.71,27.4,25.5,26.3,26.44,-0.14,-0.5295,888751.53,2352948.452,26.474761196754283
600354.SH,20260605,5.39,5.47,5.33,5.42,5.4,0.02,0.3704,125921.83,68185.89,5.4149379817621766
600356.SH,20260605,8.75,8.93,8.66,8.8,8.71,0.09,1.0333,38442.0,33882.334,8.813884293220957
600358.SH,20260605,5.98,6.04,5.89,5.92,6.13,-0.21,-3.4258,105741.05,63008.385,5.958744026090152
600359.SH,20260605,6.53,6.63,6.44,6.54,6.54,0.0,0.0,74326.45,48602.44,6.5390503649777445
600360.SH,20260605,13.39,13.59,12.88,13.0,13.71,-0.71,-5.1787,1010345.73,1330980.592,13.17351627744297
600361.SH,20260605,4.26,4.46,4.11,4.29,4.31,-0.02,-0.464,916772.0,392896.972,4.285656324582339
600362.SH,20260605,45.5,47.28,44.04,44.36,46.05,-1.69,-3.6699,642375.31,2911001.905,45.31621716594306
600363.SH,20260605,36.24,37.63,35.93,36.28,35.91,0.37,1.0304,241137.96,885800.061,36.73416085132345
600365.SH,20260605,2.67,2.72,2.65,2.68,2.67,0.01,0.3745,42872.0,11523.246,2.6878256204515765
600366.SH,20260605,12.45,13.07,12.22,12.73,12.48,0.25,2.0032,337275.95,429700.514,12.740324769673023
600367.SH,20260605,48.65,51.68,46.12,49.5,46.98,2.52,5.364,712724.68,3554763.288,49.87568675186048
600368.SH,20260605,3.96,3.99,3.92,3.94,3.97,-0.03,-0.7557,176418.27,69838.508,3.9586890858866264
600369.SH,20260605,3.9,3.96,3.89,3.92,3.91,0.01,0.2558,291042.88,114303.037,3.9273607036873743
600370.SH,20260605,1.37,1.42,1.34,1.37,1.4,-0.03,-2.1429,702803.67,96546.642,1.3737355981649895
600371.SH,20260605,7.24,7.4,7.13,7.34,7.23,0.11,1.5214,51320.04,37424.935,7.292460216320952
600372.SH,20260605,11.03,11.39,10.99,11.17,11.04,0.13,1.1775,399235.2,449001.678,11.246545344699063
600373.SH,20260605,7.34,7.54,7.33,7.52,7.32,0.2,2.7322,80943.54,60165.076,7.432968214634547
600375.SH,20260605,4.13,4.22,4.09,4.17,4.14,0.03,0.7246,186614.0,77524.801,4.154286441531719
600376.SH,20260605,3.85,4.05,3.71,3.89,3.92,-0.03,-0.7653,1110884.32,427494.275,3.8482339457271304
600377.SH,20260605,12.75,12.93,12.6,12.68,12.75,-0.07,-0.549,84786.15,108048.989,12.74370743334849
600378.SH,20260605,44.66,47.92,43.26,46.6,43.56,3.04,6.9789,743601.92,3407491.488,45.824135150162064
600379.SH,20260605,12.63,12.92,12.2,12.69,12.7,-0.01,-0.0787,190799.02,241086.136,12.63560661894385
600380.SH,20260605,9.85,9.95,9.83,9.91,9.8,0.11,1.1224,100046.5,98980.131,9.893412663111652
600381.SH,20260605,5.35,5.55,5.3,5.41,5.4,0.01,0.1852,65849.55,35696.57,5.420928464962934
600382.SH,20260605,8.93,9.68,8.88,9.68,8.8,0.88,10.0,757801.37,720800.214,9.511730151662302
600383.SH,20260605,2.61,2.69,2.61,2.63,2.61,0.02,0.7663,500800.36,131985.104,2.6354834089975494
600386.SH,20260605,3.57,3.67,3.53,3.63,3.57,0.06,1.6807,88606.65,31959.261,3.606869348970986
600388.SH,20260605,16.77,16.99,16.42,16.77,16.7,0.07,0.4192,123338.74,205841.178,16.689093629463056
600389.SH,20260605,24.61,24.96,24.1,24.3,24.63,-0.33,-1.3398,61711.41,150994.415,24.467827748547638
600390.SH,20260605,4.68,4.73,4.66,4.67,4.69,-0.02,-0.4264,280286.0,131647.024,4.696881899202957
600391.SH,20260605,34.19,34.49,33.42,33.79,34.17,-0.38,-1.1121,100325.99,339820.876,33.8716693451019
600392.SH,20260605,23.07,24.5,23.01,23.8,23.17,0.63,2.719,950561.98,2273366.632,23.916027358889316
600395.SH,20260605,6.05,6.25,5.98,6.11,6.15,-0.04,-0.6504,650890.42,398960.004,6.129449623793818
600396.SH,20260605,22.45,23.04,19.8,20.01,21.97,-1.96,-8.9213,2901793.89,6239288.326,21.501486881964592
600397.SH,20260605,13.93,14.08,13.46,13.62,13.92,-0.3,-2.1552,337026.0,463818.937,13.762111439473513
600398.SH,20260605,5.74,5.83,5.71,5.77,5.74,0.03,0.5226,198060.0,114557.031,5.783955922447744
600399.SH,20260605,4.52,4.68,4.44,4.59,4.53,0.06,1.3245,489238.64,223797.245,4.5743983958421595
600400.SH,20260605,2.8,2.84,2.7,2.8,2.8,0.0,0.0,445504.03,123971.441,2.7827232225037335
600403.SH,20260605,7.4,8.14,7.35,8.14,7.4,0.74,10.0,2130824.08,1682166.892,7.894442848609069
600405.SH,20260605,4.47,4.66,4.47,4.57,4.51,0.06,1.3304,114608.73,52299.955,4.563348271985912
600406.SH,20260605,23.56,23.82,23.42,23.45,23.8,-0.35,-1.4706,678171.3,1599840.451,23.59050657260193
600408.SH,20260605,3.67,3.82,3.5,3.59,3.47,0.12,3.4582,2828068.03,1050255.604,3.7136857842843343
600409.SH,20260605,6.14,6.72,6.1,6.38,6.17,0.21,3.4036,552994.18,356096.598,6.439427590359088
600410.SH,20260605,18.03,18.29,17.57,17.9,18.06,-0.16,-0.8859,541852.62,973583.413,17.967679347937818
600415.SH,20260605,11.99,12.17,11.7,11.81,12.02,-0.21,-1.7471,744942.48,886051.408,11.89422581995861
600416.SH,20260605,10.62,10.99,10.26,10.71,10.62,0.09,0.8475,287480.75,305387.552,10.62288699330303
600418.SH,20260605,34.01,34.12,32.8,33.1,34.25,-1.15,-3.3577,648646.04,2159729.321,33.295960937339565
600419.SH,20260605,8.33,8.49,8.18,8.3,8.25,0.05,0.6061,67548.8,56233.245,8.324832565493391
600420.SH,20260605,8.9,9.01,8.88,8.96,8.87,0.09,1.0147,34755.0,31149.09,8.962477341389729
600421.SH,20260605,0.33,0.36,0.32,0.36,0.33,0.03,9.0909,195542.78,6786.388,0.3470538774175145
600422.SH,20260605,8.69,8.85,8.64,8.68,8.67,0.01,0.1153,63423.0,55365.98,8.72963751320499
600423.SH,20260605,2.65,2.69,2.59,2.66,2.64,0.02,0.7576,74518.0,19673.159,2.6400546176762663
600425.SH,20260605,3.62,3.7,3.62,3.65,3.61,0.04,1.108,153039.78,56058.611,3.6630091208965405
600426.SH,20260605,28.4,28.8,27.28,27.55,28.35,-0.8,-2.8219,544889.61,1520277.534,27.900651913696795
600428.SH,20260605,7.62,8.12,7.57,7.92,7.61,0.31,4.0736,522164.83,411383.073,7.878414044086423
600429.SH,20260605,4.57,4.65,4.55,4.56,4.55,0.01,0.2198,112469.1,51648.001,4.592194745045528
600433.SH,20260605,3.73,3.76,3.61,3.74,3.71,0.03,0.8086,490034.03,181207.915,3.697863901411092
600435.SH,20260605,11.73,11.97,11.6,11.85,11.71,0.14,1.1956,193929.53,229419.242,11.830031352110222
600436.SH,20260605,121.55,124.8,121.23,121.49,121.33,0.16,0.1319,30729.25,376862.756,122.63975072609972
600438.SH,20260605,13.82,13.92,13.5,13.6,13.89,-0.29,-2.0878,459166.77,629211.798,13.70333915932113
600439.SH,20260605,2.83,2.84,2.63,2.64,2.88,-0.24,-8.3333,1345790.96,367239.441,2.7288000284977394
600444.SH,20260605,14.58,14.96,14.39,14.76,14.58,0.18,1.2346,27087.0,39926.213,14.739990770480304
600446.SH,20260605,12.52,12.8,12.2,12.47,12.44,0.03,0.2412,206882.6,258894.653,12.514085428160705
600448.SH,20260605,2.95,3.14,2.88,3.07,2.96,0.11,3.7162,322924.41,97501.553,3.0193305300147486
600449.SH,20260605,13.12,13.26,12.72,12.86,13.17,-0.31,-2.3538,72225.0,93514.379,12.94764679820007
600452.SH,20260605,11.36,11.84,11.15,11.64,11.59,0.05,0.4314,563571.74,647755.455,11.493753306366994
600455.SH,20260605,24.99,25.65,24.12,25.3,24.98,0.32,1.281,23222.0,57842.758,24.908603048833005
600456.SH,20260605,31.07,31.55,30.32,31.19,30.97,0.22,0.7104,67119.33,208124.365,31.00811122518654
600458.SH,20260605,14.4,14.69,13.52,14.14,13.79,0.35,2.5381,777061.73,1105951.967,14.23248532648751
600459.SH,20260605,24.0,26.0,24.0,24.75,24.24,0.51,2.104,763767.84,1911531.404,25.027649815682214
600460.SH,20260605,34.7,35.44,33.68,33.95,35.32,-1.37,-3.8788,939262.94,3240596.776,34.501486623117486
600461.SH,20260605,9.65,9.75,9.63,9.64,9.69,-0.05,-0.516,69213.0,66942.864,9.672007281869012
600463.SH,20260605,9.23,9.5,9.07,9.34,9.2,0.14,1.5217,58498.0,54473.526,9.312032206229272
600467.SH,20260605,2.28,2.32,2.26,2.28,2.31,-0.03,-1.2987,296995.0,67994.118,2.2894027845586624
600468.SH,20260605,6.29,6.4,6.16,6.27,6.33,-0.06,-0.9479,194514.3,122190.5,6.281826066258368
600469.SH,20260605,5.83,5.97,5.81,5.88,5.84,0.04,0.6849,50987.0,30032.845,5.890294584894189
600470.SH,20260605,5.46,5.53,5.25,5.49,5.48,0.01,0.1825,208128.34,113077.612,5.433071344344552
600475.SH,20260605,15.7,15.8,15.13,15.18,15.64,-0.46,-2.9412,114870.4,176674.621,15.380343500153216
600476.SH,20260605,11.01,11.29,10.91,11.08,11.1,-0.02,-0.1802,22339.0,24745.483,11.077256367787278
600477.SH,20260605,2.67,2.73,2.67,2.68,2.68,0.0,0.0,327655.89,88423.157,2.6986591634290473
600478.SH,20260605,5.65,5.79,5.53,5.68,5.67,0.01,0.1764,332914.27,188615.747,5.665595139553496
600479.SH,20260605,10.05,10.11,10.04,10.07,10.0,0.07,0.7,28485.4,28694.406,10.073373026181834
600480.SH,20260605,10.48,10.84,10.1,10.51,10.43,0.08,0.767,301157.69,313154.811,10.398366749326573
600481.SH,20260605,4.93,5.05,4.71,4.99,4.97,0.02,0.4024,1186403.56,580080.65,4.88940415856473
600482.SH,20260605,40.3,41.04,37.46,37.59,39.81,-2.22,-5.5765,671603.09,2621474.46,39.03309110742775
600483.SH,20260605,11.85,12.07,11.46,11.58,11.92,-0.34,-2.8523,526194.19,613411.332,11.657508647140329
600486.SH,20260605,58.74,60.66,58.22,58.92,58.8,0.12,0.2041,73218.34,434246.311,59.308407019334226
600487.SH,20260605,96.0,102.96,95.0,96.12,97.87,-1.75,-1.7881,2509906.48,24741726.78,98.57628950382248
600488.SH,20260605,5.67,5.81,5.15,5.17,5.46,-0.29,-5.3114,1114981.45,601818.23,5.39756271281464
600489.SH,20260605,22.36,22.84,22.09,22.2,22.55,-0.35,-1.5521,517596.92,1160393.136,22.41885705193145
600490.SH,20260605,7.2,7.23,7.01,7.05,7.2,-0.15,-2.0833,351357.05,250042.401,7.1164759893105884
600491.SH,20260605,1.42,1.43,1.37,1.39,1.44,-0.05,-3.4722,611218.0,84930.466,1.3895282207003066
600493.SH,20260605,6.36,6.39,6.08,6.32,6.24,0.08,1.2821,64580.0,40380.251,6.252748683803034
600495.SH,20260605,3.94,4.01,3.92,3.97,3.94,0.03,0.7614,84729.07,33620.423,3.967991505158737
600496.SH,20260605,4.15,4.19,4.1,4.14,4.14,0.0,0.0,280516.21,116153.82,4.140716859107714
600497.SH,20260605,9.28,9.37,8.9,8.94,9.38,-0.44,-4.6908,1799222.94,1638693.081,9.107782279610108
600498.SH,20260605,52.0,58.03,52.0,56.48,52.75,3.73,7.0711,2074326.1,11832816.146,57.04414626996208
600499.SH,20260605,15.36,15.58,15.04,15.16,15.31,-0.15,-0.9798,228295.0,348712.067,15.274625681683784
600500.SH,20260605,5.7,5.98,5.51,5.7,5.7,0.0,0.0,1035944.58,596254.033,5.755655703126513
600501.SH,20260605,18.07,18.58,17.89,18.3,18.13,0.17,0.9377,64981.2,118940.052,18.303763550072944
600502.SH,20260605,5.05,5.17,4.96,4.98,5.01,-0.03,-0.5988,291082.6,146636.648,5.037630143471303
600503.SH,20260605,2.81,2.99,2.73,2.77,2.77,0.0,0.0,932967.22,262962.877,2.8185650188224187
600505.SH,20260605,14.26,14.66,13.53,13.56,14.2,-0.64,-4.507,340506.29,474936.593,13.947953589932215
600506.SH,20260605,17.35,17.52,16.96,17.18,17.33,-0.15,-0.8656,57647.3,98904.426,17.156818445963644
600507.SH,20260605,4.49,4.64,4.49,4.54,4.51,0.03,0.6652,180656.5,82497.6,4.566544796340016
600508.SH,20260605,14.48,14.62,14.07,14.1,14.7,-0.6,-4.0816,149046.09,212548.049,14.260558529244209
600509.SH,20260605,9.09,9.21,8.62,8.67,9.17,-0.5,-5.4526,742800.35,652830.659,8.788776943898855
600510.SH,20260605,8.18,8.35,7.94,8.09,8.13,-0.04,-0.492,114768.0,93034.014,8.106267774989544
600511.SH,20260605,26.76,27.07,26.65,26.68,26.69,-0.01,-0.0375,33629.0,90398.989,26.88125992446995
600512.SH,20260605,2.15,2.19,2.14,2.17,2.16,0.01,0.463,221926.0,48059.324,2.165556266503249
600513.SH,20260605,17.25,17.28,16.55,16.68,17.0,-0.32,-1.8824,95810.19,160702.995,16.773058794685618
600515.SH,20260605,3.06,3.12,3.06,3.08,3.05,0.03,0.9836,953034.82,294677.012,3.091985789144619
600516.SH,20260605,5.44,5.83,5.43,5.83,5.3,0.53,10.0,1299309.08,751947.918,5.787290565228713
600517.SH,20260605,5.16,5.18,5.06,5.08,5.14,-0.06,-1.1673,252716.0,129288.625,5.11596515456085
600518.SH,20260605,1.5,1.54,1.5,1.51,1.51,0.0,0.0,1198024.34,182198.226,1.5208224066632903
600519.SH,20260605,1278.0,1283.0,1267.74,1272.86,1268.0,4.86,0.3833,31303.97,3984001.862,1272.6826220444243
600520.SH,20260605,28.58,30.91,27.62,29.68,28.92,0.76,2.6279,160078.02,468464.044,29.26473253479772
600521.SH,20260605,15.17,15.22,14.91,15.0,15.04,-0.04,-0.266,119883.73,180306.224,15.04009126175837
600522.SH,20260605,45.08,49.37,44.95,46.07,46.06,0.01,0.0217,4065648.04,19200932.659,47.22723774928633
600523.SH,20260605,11.55,11.8,11.45,11.65,11.55,0.1,0.8658,35152.0,40944.124,11.647736686390534
600525.SH,20260605,5.17,5.21,5.0,5.02,5.15,-0.13,-2.5243,145286.78,73764.931,5.077194979474388
600526.SH,20260605,4.65,4.69,4.6,4.63,4.65,-0.02,-0.4301,75290.0,34980.406,4.646089254881127
600527.SH,20260605,2.4,2.46,2.34,2.41,2.41,0.0,0.0,724974.6,174520.782,2.4072675373730337
600528.SH,20260605,7.22,7.34,7.2,7.25,7.21,0.04,0.5548,98029.16,71315.287,7.274905446501836
600529.SH,20260605,19.31,20.3,19.04,19.7,19.2,0.5,2.6042,258535.83,509695.301,19.71468716734543
600530.SH,20260605,6.56,6.72,6.35,6.45,6.56,-0.11,-1.6768,168733.0,109205.123,6.472066697089485
600531.SH,20260605,12.77,12.82,12.43,12.5,12.83,-0.33,-2.5721,369230.25,466034.11,12.621774895204279
600533.SH,20260605,2.2,2.28,2.19,2.25,2.2,0.05,2.2727,227220.36,50813.318,2.2363012715937955
600535.SH,20260605,14.2,14.27,14.07,14.19,14.06,0.13,0.9246,68188.14,96638.597,14.172346833334945
600536.SH,20260605,36.36,36.98,36.2,36.5,36.27,0.23,0.6341,95745.15,350476.499,36.60514386368396
600537.SH,20260605,2.63,2.77,2.6,2.68,2.73,-0.05,-1.8315,500146.0,133219.233,2.663606886789058
600538.SH,20260605,6.12,6.44,6.1,6.21,6.13,0.08,1.3051,185744.0,116799.615,6.288203925833406
600539.SH,20260605,14.5,14.9,13.92,14.0,14.75,-0.75,-5.0847,124054.0,176209.941,14.20429337224112
600540.SH,20260605,4.85,4.92,4.63,4.69,4.77,-0.08,-1.6771,302361.01,143151.296,4.734449590573863
600543.SH,20260605,4.43,4.52,4.39,4.48,4.42,0.06,1.3575,21330.0,9494.699,4.451335677449602
600545.SH,20260605,7.08,7.36,6.76,6.83,7.13,-0.3,-4.2076,1570899.32,1097622.626,6.987224528176636
600546.SH,20260605,14.34,14.55,13.99,14.11,14.46,-0.35,-2.4205,484715.61,686092.482,14.154536553918698
600547.SH,20260605,28.64,28.82,27.95,28.05,28.71,-0.66,-2.2989,410620.91,1164041.424,28.34832312850313
600548.SH,20260605,8.71,8.87,8.71,8.77,8.77,0.0,0.0,21496.01,18895.613,8.790288523312002
600549.SH,20260605,63.0,65.9,61.52,61.73,63.73,-2.0,-3.1382,1167967.24,7452071.364,63.80377042082105
600550.SH,20260605,13.23,13.25,12.82,12.83,13.33,-0.5,-3.7509,357516.73,463452.956,12.963112411550643
600551.SH,20260605,7.23,7.44,7.19,7.27,7.24,0.03,0.4144,27089.2,19727.339,7.282363081966245
600552.SH,20260605,19.94,21.71,19.7,21.71,19.74,1.97,9.9797,1407315.53,2979782.665,21.173522223548545
600556.SH,20260605,5.02,5.15,4.95,5.08,4.99,0.09,1.8036,516719.72,262344.003,5.07710452776991
600557.SH,20260605,12.3,12.45,12.25,12.32,12.19,0.13,1.0664,28093.51,34740.737,12.366107688216958
600558.SH,20260605,5.6,5.74,5.58,5.64,5.62,0.02,0.3559,199658.85,113020.017,5.660656514850206
600559.SH,20260605,12.33,12.55,12.21,12.24,12.28,-0.04,-0.3257,105532.88,130131.435,12.330890145327217
600560.SH,20260605,12.4,13.09,12.13,12.81,12.4,0.41,3.3065,39993.0,50581.324,12.647544320256046
600561.SH,20260605,5.75,5.98,5.61,5.88,5.75,0.13,2.2609,58437.43,33907.034,5.8022801481858455
600562.SH,20260605,22.01,22.4,21.68,22.15,22.12,0.03,0.1356,75116.87,166163.11,22.120611521752704
600563.SH,20260605,168.88,174.68,162.22,169.36,171.74,-2.38,-1.3858,144055.92,2443099.603,169.59383571324247
600566.SH,20260605,27.7,28.15,27.2,27.99,27.51,0.48,1.7448,39544.59,109472.041,27.68319029227513
600567.SH,20260605,1.33,1.35,1.33,1.35,1.34,0.01,0.7463,406354.59,54467.092,1.3403833336790902
600568.SH,20260605,2.68,2.77,2.67,2.74,2.7,0.04,1.4815,125333.6,34097.639,2.7205505147861384
600569.SH,20260605,1.88,1.93,1.87,1.9,1.88,0.02,1.0638,161298.62,30690.984,1.902743123282766
600570.SH,20260605,23.6,23.74,23.15,23.15,23.56,-0.41,-1.7402,247055.81,579385.617,23.451608646645465
600571.SH,20260605,11.19,11.43,11.12,11.27,11.19,0.08,0.7149,78964.0,89300.828,11.309055772250645
600572.SH,20260605,4.16,4.2,4.15,4.16,4.15,0.01,0.241,260990.34,108778.433,4.167910314228489
600573.SH,20260605,12.55,13.3,12.26,12.59,12.3,0.29,2.3577,256186.8,325707.653,12.71367818326315
600575.SH,20260605,4.13,4.22,4.02,4.08,4.19,-0.11,-2.6253,1120649.06,459604.985,4.101239196149417
600576.SH,20260605,5.83,5.95,5.77,5.78,5.85,-0.07,-1.1966,107740.2,62820.483,5.830737552000089
600577.SH,20260605,11.58,12.5,11.31,12.12,12.09,0.03,0.2481,1090332.73,1296499.588,11.890861865625183
600578.SH,20260605,9.53,9.85,8.46,8.46,9.36,-0.9,-9.6154,3307407.54,2998977.849,9.06745785854984
600579.SH,20260605,6.44,6.69,6.37,6.61,6.45,0.16,2.4806,51402.0,33699.544,6.556076417260029
600580.SH,20260605,38.82,40.98,37.2,40.0,38.84,1.16,2.9866,871277.75,3402376.506,39.05042342697263
600581.SH,20260605,2.55,2.63,2.55,2.59,2.57,0.02,0.7782,84687.19,22005.355,2.598427814171187
600582.SH,20260605,5.42,5.47,5.41,5.45,5.41,0.04,0.7394,154454.68,84010.525,5.4391699235011846
600583.SH,20260605,5.7,5.85,5.66,5.69,5.74,-0.05,-0.8711,409381.18,235307.372,5.747879567888294
600584.SH,20260605,79.66,80.42,75.08,75.65,80.08,-4.43,-5.532,2053711.94,15961191.02,77.71874287296592
600585.SH,20260605,19.35,19.75,19.3,19.35,19.23,0.12,0.624,229951.06,448601.25,19.508553254766472
600586.SH,20260605,4.75,5.24,4.65,5.24,4.76,0.48,10.084,817847.37,414330.228,5.066106992555347
600587.SH,20260605,12.8,13.13,12.73,12.97,12.78,0.19,1.4867,44904.18,58112.193,12.941377172459223
600588.SH,20260605,10.65,11.22,10.55,10.71,10.63,0.08,0.7526,647364.43,702760.774,10.855721158482556
600589.SH,20260605,10.61,11.05,10.12,10.57,10.66,-0.09,-0.8443,1314273.71,1396621.111,10.626562034783456
600590.SH,20260605,13.45,13.85,13.05,13.19,13.45,-0.26,-1.9331,408696.81,552118.434,13.509242560518151
600592.SH,20260605,20.49,20.88,19.7,20.71,20.44,0.27,1.3209,164448.78,334560.215,20.344341563373106
600593.SH,20260605,38.47,39.88,36.88,37.1,38.38,-1.28,-3.3351,67913.28,257240.494,37.87778973420221
600594.SH,20260605,3.43,3.51,3.4,3.45,3.43,0.02,0.5831,156147.97,54007.235,3.45872155750728
600595.SH,20260605,7.09,7.24,6.9,6.95,7.15,-0.2,-2.7972,741615.97,522395.525,7.044016662694036
600596.SH,20260605,14.32,15.11,14.27,14.41,14.32,0.09,0.6285,920401.55,1348647.835,14.65282011965321
600597.SH,20260605,6.85,6.94,6.83,6.88,6.86,0.02,0.2915,47307.0,32580.082,6.886947386221912
600598.SH,20260605,14.26,14.47,14.24,14.33,14.34,-0.01,-0.0697,160882.45,231159.598,14.368229598691467
600599.SH,20260605,0.49,0.51,0.48,0.5,0.48,0.02,4.1667,64414.2,3192.336,0.4955950706521233
600600.SH,20260605,59.9,59.99,59.5,59.7,59.43,0.27,0.4543,46160.84,275573.691,59.698586724158396
600601.SH,20260605,12.5,12.92,12.2,12.42,12.62,-0.2,-1.5848,2097238.4,2631007.626,12.545105153519982
600602.SH,20260605,18.35,18.5,17.81,17.97,18.35,-0.38,-2.0708,259800.82,470295.132,18.10214194089149
600603.SH,20260605,4.78,5.17,4.77,4.95,4.77,0.18,3.7736,324489.44,162023.719,4.993189269888106
600604.SH,20260605,4.23,4.28,4.18,4.24,4.23,0.01,0.2364,107210.0,45451.672,4.239499300438392
600605.SH,20260605,28.79,30.28,27.81,29.92,28.79,1.13,3.925,52315.62,153801.236,29.39872183489367
600606.SH,20260605,1.39,1.45,1.39,1.41,1.4,0.01,0.7143,1580239.82,224719.179,1.4220574380918967
600609.SH,20260605,3.5,3.66,3.5,3.57,3.5,0.07,2.0,257262.3,92350.261,3.5897316085567144
600610.SH,20260605,7.37,7.62,7.27,7.51,7.44,0.07,0.9409,157646.14,117703.607,7.466317094728739
600611.SH,20260605,4.35,4.4,4.21,4.29,4.36,-0.07,-1.6055,591708.1,254486.424,4.30087781458459
600612.SH,20260605,35.44,36.36,35.31,35.66,35.45,0.21,0.5924,12034.79,43246.716,35.93474917302254
600613.SH,20260605,4.97,5.09,4.97,5.04,4.94,0.1,2.0243,58294.0,29330.964,5.031557964799122
600615.SH,20260605,9.87,10.12,9.65,10.0,9.89,0.11,1.1122,27093.6,26893.684,9.926212832550862
600616.SH,20260605,4.36,4.44,4.34,4.41,4.37,0.04,0.9153,66350.5,29155.183,4.394116547727599
600617.SH,20260605,3.53,3.6,3.38,3.48,3.55,-0.07,-1.9718,462529.79,159661.187,3.451911432558755
600618.SH,20260605,10.26,10.43,10.11,10.27,10.22,0.05,0.4892,81660.0,83927.981,10.27773463139848
600619.SH,20260605,14.93,15.19,14.51,14.96,15.04,-0.08,-0.5319,185478.51,275472.06,14.851966408399548
600620.SH,20260605,4.64,4.79,4.61,4.71,4.65,0.06,1.2903,71645.0,33694.78,4.703019052271617
600621.SH,20260605,12.79,12.8,12.45,12.48,12.7,-0.22,-1.7323,99413.72,125591.975,12.633263799000783
600622.SH,20260605,2.46,2.61,2.46,2.51,2.52,-0.01,-0.3968,446527.76,112902.03,2.528443696311289
600623.SH,20260605,8.54,8.66,8.31,8.45,8.47,-0.02,-0.2361,233812.16,199306.192,8.524201307579556
600624.SH,20260605,4.0,4.15,4.0,4.02,4.01,0.01,0.2494,39196.85,15879.362,4.051183194567931
600626.SH,20260605,3.52,3.6,3.48,3.54,3.51,0.03,0.8547,127113.69,45067.105,3.545417098661836
600628.SH,20260605,6.17,6.33,6.17,6.26,6.16,0.1,1.6234,66609.0,41800.552,6.275511117116306
600629.SH,20260605,15.99,16.53,15.77,16.06,16.09,-0.03,-0.1865,185300.73,298842.331,16.127423297253067
600630.SH,20260605,8.24,8.5,8.24,8.4,8.32,0.08,0.9615,138632.3,115967.869,8.365140663467317
600633.SH,20260605,11.71,11.87,11.66,11.76,11.7,0.06,0.5128,147159.94,173045.957,11.759039654405948
600635.SH,20260605,5.02,5.09,4.91,5.01,5.01,0.0,0.0,414203.03,206763.918,4.991849480193324
600636.SH,20260605,1.94,1.95,1.87,1.91,1.9,0.01,0.5263,189347.87,36108.321,1.9069832156020559
600637.SH,20260605,9.2,9.38,9.12,9.15,9.1,0.05,0.5495,463767.53,428203.261,9.233144480813479
600638.SH,20260605,5.38,5.49,5.35,5.36,5.37,-0.01,-0.1862,72646.01,39310.823,5.411284528909434
600639.SH,20260605,9.73,9.81,9.65,9.67,9.68,-0.01,-0.1033,27933.69,27135.585,9.71428586771028
600640.SH,20260605,11.13,11.34,10.88,11.13,11.15,-0.02,-0.1794,77326.87,86401.764,11.173575757042798
600641.SH,20260605,26.46,26.61,25.57,25.7,26.72,-1.02,-3.8174,413808.99,1077003.701,26.0265902149685
600642.SH,20260605,10.1,10.24,9.66,9.7,10.12,-0.42,-4.1502,468976.21,462901.607,9.870470977621657
600643.SH,20260605,4.16,4.22,4.14,4.16,4.16,0.0,0.0,100628.62,42107.37,4.184432818416869
600644.SH,20260605,11.53,11.9,11.22,11.23,11.69,-0.46,-3.935,276596.39,314507.181,11.370617707628071
600645.SH,20260605,19.88,20.72,19.72,19.83,19.45,0.38,1.9537,168558.93,339549.053,20.144234007655367
600648.SH,20260605,9.23,9.31,9.05,9.15,9.18,-0.03,-0.3268,23067.85,21130.969,9.16035477948747
600649.SH,20260605,3.74,3.83,3.74,3.75,3.74,0.01,0.2674,172718.48,65292.842,3.7803043426505374
600650.SH,20260605,10.69,10.84,10.56,10.75,10.74,0.01,0.0931,32716.0,35038.835,10.70999969433916
600651.SH,20260605,6.38,6.42,6.23,6.29,6.38,-0.09,-1.4107,182985.0,115764.579,6.32645184031478
600653.SH,20260605,1.69,1.72,1.69,1.71,1.68,0.03,1.7857,212479.4,36277.638,1.7073484770758953
600654.SH,20260605,3.18,3.23,3.11,3.18,3.18,0.0,0.0,639901.75,203091.258,3.1737881323187507
600655.SH,20260605,4.55,4.64,4.54,4.57,4.54,0.03,0.6608,110443.37,50712.623,4.5917308571804725
600657.SH,20260605,2.76,2.86,2.74,2.76,2.76,0.0,0.0,247637.69,69173.004,2.7933148625316284
600658.SH,20260605,4.47,4.6,4.42,4.52,4.48,0.04,0.8929,124175.72,56131.531,4.520330625020737
600660.SH,20260605,53.42,53.97,53.2,53.6,53.5,0.1,0.1869,83960.22,449442.977,53.53046680916272
600661.SH,20260605,8.01,8.27,7.97,8.2,8.09,0.11,1.3597,46359.48,37708.544,8.133944556755166
600662.SH,20260605,4.36,4.42,4.35,4.38,4.35,0.03,0.6897,107545.34,47110.907,4.3805623749016
600663.SH,20260605,7.05,7.18,7.0,7.02,7.06,-0.04,-0.5666,86150.22,60805.035,7.058024343988906
600664.SH,20260605,3.2,3.27,3.17,3.18,3.17,0.01,0.3155,424455.56,136227.539,3.2094652971444173
600665.SH,20260605,3.45,3.63,3.45,3.51,3.48,0.03,0.8621,229936.0,81479.795,3.5435858238814277
600666.SH,20260605,4.59,4.69,4.52,4.63,4.65,-0.02,-0.4301,1432384.28,661282.942,4.616658750262185
600667.SH,20260605,16.3,17.18,15.97,16.15,16.36,-0.21,-1.2836,4285251.78,7110380.715,16.592678983730565
600668.SH,20260605,7.66,7.86,7.63,7.74,7.66,0.08,1.0444,51215.4,39639.323,7.739727308582964
600671.SH,20260605,16.65,17.2,16.65,16.94,16.65,0.29,1.7417,17523.0,29685.698,16.94099069793985
600673.SH,20260605,33.12,34.68,31.59,33.17,33.33,-0.16,-0.48,764741.44,2531679.787,33.10504249645475
600674.SH,20260605,15.51,15.71,15.06,15.15,15.57,-0.42,-2.6975,436515.12,669439.191,15.335990904507499
600675.SH,20260605,2.4,2.46,2.39,2.4,2.4,0.0,0.0,262721.71,63535.7,2.4183650448986493
600676.SH,20260605,6.37,6.41,6.28,6.34,6.35,-0.01,-0.1575,83098.37,52678.691,6.339317004653642
600678.SH,20260605,6.39,6.63,6.26,6.4,6.45,-0.05,-0.7752,218405.02,140510.764,6.43349516416793
600679.SH,20260605,10.73,11.1,10.42,10.57,10.83,-0.26,-2.4007,105922.53,112876.194,10.656485829785222
600681.SH,20260605,3.72,3.75,3.66,3.67,3.72,-0.05,-1.3441,167424.0,61589.58,3.6786589736238535
600682.SH,20260605,5.9,6.08,5.8,5.86,5.85,0.01,0.1709,187116.66,110590.625,5.910250054698497
600683.SH,20260605,15.23,15.84,14.68,15.48,15.06,0.42,2.7888,350270.13,537485.538,15.344886473762404
600684.SH,20260605,3.5,3.6,3.48,3.56,3.5,0.06,1.7143,201070.03,71411.262,3.5515617121059764
600685.SH,20260605,27.56,27.75,26.99,27.15,27.64,-0.49,-1.7728,112358.06,307887.564,27.40235671566419
600686.SH,20260605,12.65,12.83,12.4,12.65,12.65,0.0,0.0,218319.02,276275.915,12.654688308879363
600688.SH,20260605,3.68,3.72,3.41,3.49,3.38,0.11,3.2544,7379587.07,2681665.833,3.6338968665356504
600689.SH,20260605,11.2,11.41,11.0,11.3,11.19,0.11,0.983,31663.0,35622.603,11.250545747402331
600690.SH,20260605,20.36,20.69,20.29,20.31,20.36,-0.05,-0.2456,339540.85,692757.104,20.402761670650236
600691.SH,20260605,2.64,2.71,2.64,2.66,2.65,0.01,0.3774,298513.9,79938.607,2.67788558589734
600692.SH,20260605,6.5,6.66,6.44,6.62,6.51,0.11,1.6897,48014.0,31570.387,6.575246178198025
600693.SH,20260605,9.84,10.81,9.8,10.35,9.83,0.52,5.2899,1172835.0,1237272.916,10.549420131561558
600694.SH,20260605,14.4,14.83,14.4,14.64,14.4,0.24,1.6667,45313.11,66496.118,14.6748077984495
600696.SH,20260605,0.72,0.76,0.68,0.68,0.69,-0.01,-1.4493,52696.54,3853.443,0.7312516153811996
600697.SH,20260605,10.98,11.45,10.94,11.31,10.93,0.38,3.4767,50985.0,57212.142,11.221367461017946
600698.SH,20260605,6.33,6.44,6.27,6.36,6.33,0.03,0.4739,82372.51,52369.43,6.357634361269312
600699.SH,20260605,26.5,27.24,25.16,26.4,26.53,-0.13,-0.49,565593.02,1472205.992,26.02942292321783
600702.SH,20260605,40.6,42.86,40.6,40.83,40.28,0.55,1.3654,84418.82,350531.378,41.52289477630699
600703.SH,20260605,17.06,17.6,16.68,16.91,17.06,-0.15,-0.8792,4611965.8,7893417.359,17.115082160843432
600704.SH,20260605,4.78,4.88,4.78,4.84,4.79,0.05,1.0438,418393.61,202594.67,4.842202776471659
600706.SH,20260605,7.95,8.17,7.87,8.09,7.95,0.14,1.761,57704.4,46461.807,8.051692245305384
600707.SH,20260605,10.85,12.05,10.4,11.71,10.95,0.76,6.9406,3947578.02,4633707.964,11.738103567614857
600708.SH,20260605,3.08,3.15,3.04,3.08,3.12,-0.04,-1.2821,294385.22,90997.687,3.091109227562444
600710.SH,20260605,11.33,11.68,11.31,11.48,11.35,0.13,1.1454,95576.36,109912.22,11.499937850740496
600711.SH,20260605,12.1,12.35,11.86,11.9,12.18,-0.28,-2.2989,772795.88,933780.3,12.083142834560661
600712.SH,20260605,5.65,5.84,5.6,5.7,5.66,0.04,0.7067,72083.0,41436.064,5.7483822815365615
600713.SH,20260605,4.97,5.06,4.97,5.02,4.97,0.05,1.006,67739.4,34041.176,5.025314071279049
600714.SH,20260605,29.5,32.9,28.5,32.9,29.91,2.99,9.9967,219025.02,687557.875,31.391750358018463
600715.SH,20260605,1.86,1.89,1.86,1.87,1.86,0.01,0.5376,124622.0,23347.437,1.8734603039591726
600716.SH,20260605,3.6,3.66,3.55,3.61,3.6,0.01,0.2778,66801.01,24073.589,3.603776200389785
600717.SH,20260605,4.41,4.49,4.4,4.43,4.41,0.02,0.4535,183589.2,81655.677,4.447738592466223
600718.SH,20260605,8.06,8.33,8.0,8.19,8.02,0.17,2.1197,121956.55,99618.698,8.168376196276462
600719.SH,20260605,9.0,9.08,8.43,8.53,8.97,-0.44,-4.9052,333525.0,286707.996,8.596297009219697
600720.SH,20260605,5.9,5.96,5.87,5.9,5.87,0.03,0.5111,68798.9,40666.41,5.910909912803839
600721.SH,20260605,7.11,7.24,6.97,7.08,7.1,-0.02,-0.2817,63520.01,44998.926,7.084212675659213
600722.SH,20260605,10.23,10.36,9.98,10.16,10.15,0.01,0.0985,208040.91,211093.716,10.146740657883104
600724.SH,20260605,6.53,6.61,6.38,6.55,6.49,0.06,0.9245,76102.0,49517.217,6.506690625739139
600725.SH,20260605,4.02,4.07,3.95,4.0,4.04,-0.04,-0.9901,169353.77,67753.526,4.0007096387638725
600726.SH,20260605,10.18,10.6,9.35,9.35,10.39,-1.04,-10.0096,4284526.27,4166781.235,9.725185405386721
600727.SH,20260605,8.3,8.38,7.69,8.28,8.29,-0.01,-0.1206,461320.39,372647.135,8.07783794251973
600728.SH,20260605,4.68,4.81,4.66,4.73,4.68,0.05,1.0684,258459.66,122328.722,4.732990904654134
600729.SH,20260605,19.33,20.22,19.31,19.65,19.32,0.33,1.7081,32548.55,64364.821,19.775019470913453
600730.SH,20260605,14.4,14.48,13.63,13.63,14.35,-0.72,-5.0174,243933.63,335889.233,13.769697642756352
600731.SH,20260605,5.5,5.61,5.48,5.58,5.51,0.07,1.2704,61361.9,34061.885,5.550982775957069
600732.SH,20260605,11.6,11.62,11.18,11.21,11.51,-0.3,-2.6064,305487.97,347271.026,11.367748000027628
600733.SH,20260605,5.88,6.02,5.76,5.91,5.9,0.01,0.1695,956695.51,566080.8,5.917042508122568
600734.SH,20260605,2.09,2.18,2.06,2.13,2.09,0.04,1.9139,633427.81,134099.666,2.1170473396171223
600735.SH,20260605,6.32,6.52,6.23,6.4,6.31,0.09,1.4263,88655.0,56796.213,6.406430883762901
600736.SH,20260605,7.08,7.34,7.04,7.24,7.09,0.15,2.1157,625166.46,452082.968,7.231401505448645
600737.SH,20260605,14.45,15.1,14.37,14.47,14.7,-0.23,-1.5646,384215.04,562921.523,14.651209983867371
600738.SH,20260605,4.17,4.32,4.16,4.24,4.16,0.08,1.9231,99375.0,42164.275,4.242945911949686
600739.SH,20260605,10.35,10.48,10.28,10.29,10.31,-0.02,-0.194,98782.5,102383.271,10.364515070989293
600740.SH,20260605,4.1,4.19,4.08,4.11,4.15,-0.04,-0.9639,524775.2,216739.052,4.130131378159639
600741.SH,20260605,16.83,17.15,16.83,16.93,16.83,0.1,0.5942,161581.22,274189.18,16.969124258376066
600742.SH,20260605,7.96,8.02,7.88,7.9,7.94,-0.04,-0.5038,43282.61,34383.862,7.944036184509206
600743.SH,20260605,2.41,2.59,2.41,2.49,2.57,-0.08,-3.1128,1056556.05,260942.204,2.469743124370922
600744.SH,20260605,8.75,9.05,8.04,8.08,8.79,-0.71,-8.0774,2080643.23,1743444.967,8.379355681271699
600745.SH,20260605,19.54,21.6,19.54,21.39,20.57,0.82,3.9864,1137153.33,2344960.905,20.621325577967568
600746.SH,20260605,6.18,6.37,6.17,6.29,6.21,0.08,1.2882,104816.55,65841.14,6.281559543793418
600748.SH,20260605,4.3,4.4,4.22,4.25,4.29,-0.04,-0.9324,205708.63,88444.006,4.299479608609516
600749.SH,20260605,14.8,15.17,14.76,14.99,14.82,0.17,1.1471,67167.15,100423.262,14.951246554305193
600750.SH,20260605,25.77,26.5,25.6,25.92,25.51,0.41,1.6072,38593.4,100846.302,26.130452875362103
600751.SH,20260605,3.23,3.33,3.21,3.27,3.23,0.04,1.2384,405996.0,133135.463,3.279230903752746
600753.SH,20260605,12.48,12.5,11.92,11.97,12.37,-0.4,-3.2336,21901.62,26586.397,12.139009351819638
600754.SH,20260605,20.0,20.58,20.0,20.11,19.85,0.26,1.3098,127702.1,258915.025,20.27492304355214
600755.SH,20260605,5.76,5.84,5.73,5.73,5.76,-0.03,-0.5208,162893.81,94039.382,5.773048220801024
600756.SH,20260605,13.74,13.96,13.43,13.75,13.7,0.05,0.365,61018.16,83882.21,13.74708939109275
600757.SH,20260605,7.93,8.06,7.9,8.01,7.9,0.11,1.3924,61662.0,49369.874,8.006531413188027
600758.SH,20260605,5.04,5.18,4.75,4.8,5.12,-0.32,-6.25,1515747.01,738713.522,4.873593793201676
600759.SH,20260605,2.79,2.97,2.73,2.88,2.84,0.04,1.4085,3025376.22,868141.17,2.869531280972388
600760.SH,20260605,41.24,41.37,40.41,40.5,41.25,-0.75,-1.8182,196690.04,805331.429,40.94418959902596
600761.SH,20260605,17.05,17.32,16.9,17.01,16.97,0.04,0.2357,120890.04,207111.819,17.132248363885065
600763.SH,20260605,35.0,35.69,34.94,35.0,34.74,0.26,0.7484,57220.68,201644.205,35.23974286918645
600764.SH,20260605,20.66,20.74,20.25,20.3,20.71,-0.41,-1.9797,55619.0,114055.79,20.50662363580791
600765.SH,20260605,13.79,14.04,13.72,13.8,13.82,-0.02,-0.1447,157736.66,218789.392,13.870548038737475
600768.SH,20260605,15.96,16.28,15.56,16.06,15.89,0.17,1.0699,43153.0,69067.553,16.00527263457929
600769.SH,20260605,15.79,16.68,15.1,16.02,15.57,0.45,2.8902,294089.0,468753.662,15.939176983838227
600770.SH,20260605,6.09,6.14,5.9,6.02,6.1,-0.08,-1.3115,328938.37,198094.139,6.022226564812126
600771.SH,20260605,14.74,14.91,14.56,14.57,14.8,-0.23,-1.5541,62032.0,90991.355,14.668454184936806
600773.SH,20260605,15.25,15.73,14.49,15.3,15.11,0.19,1.2574,381438.59,578886.939,15.176412512430899
600774.SH,20260605,7.06,7.36,7.06,7.28,7.1,0.18,2.5352,46860.6,33855.538,7.224734211683162
600775.SH,20260605,10.66,11.03,10.55,10.85,10.66,0.19,1.7824,172371.8,187048.865,10.851477155776061
600776.SH,20260605,14.53,15.94,14.38,15.94,14.49,1.45,10.0069,287798.38,449772.787,15.628051380970247
600777.SH,20260605,5.65,5.79,5.62,5.7,5.7,0.0,0.0,151578.66,86753.248,5.723315406007679
600778.SH,20260605,5.81,5.97,5.77,5.94,5.77,0.17,2.9463,87981.1,51798.333,5.88743866580436
600779.SH,20260605,31.47,32.5,31.25,31.46,30.92,0.54,1.7464,91148.22,289729.17,31.78659660056993
600780.SH,20260605,7.5,7.65,7.03,7.08,7.55,-0.47,-6.2252,439152.73,318399.318,7.250309431071965
600782.SH,20260605,2.67,2.7,2.64,2.67,2.64,0.03,1.1364,327295.05,87580.51,2.675888620985866
600783.SH,20260605,24.01,24.76,23.4,23.59,24.14,-0.55,-2.2784,432351.94,1042946.562,24.122629402333665
600784.SH,20260605,7.42,7.62,7.24,7.58,7.42,0.16,2.1563,151711.94,113411.526,7.475451569599597
600785.SH,20260605,15.2,15.75,15.2,15.33,15.28,0.05,0.3272,57124.0,88104.171,15.423319620474757
600787.SH,20260605,4.65,4.73,4.64,4.68,4.64,0.04,0.8621,158783.61,74454.392,4.689047692013049
600789.SH,20260605,7.38,7.43,7.31,7.33,7.33,0.0,0.0,88627.24,65212.021,7.358011035884679
600790.SH,20260605,3.91,4.04,3.89,4.0,3.94,0.06,1.5228,185907.98,74068.464,3.9841465654137065
600791.SH,20260605,15.4,15.4,14.51,14.74,15.45,-0.71,-4.5955,145511.4,216006.577,14.844649766272608
600792.SH,20260605,4.54,4.73,4.48,4.54,4.58,-0.04,-0.8734,548593.34,250655.679,4.569061647740748
600793.SH,20260605,13.67,13.7,13.17,13.5,13.51,-0.01,-0.074,33737.0,45442.495,13.469631265376293
600794.SH,20260605,3.17,3.28,3.16,3.24,3.17,0.07,2.2082,113536.2,36705.298,3.232915845342719
600795.SH,20260605,5.17,5.23,5.05,5.07,5.16,-0.09,-1.7442,2719602.56,1392956.5,5.121912004671741
600796.SH,20260605,5.24,5.36,5.17,5.29,5.25,0.04,0.7619,54930.0,28911.952,5.263417440378664
600797.SH,20260605,7.56,7.93,7.54,7.67,7.59,0.08,1.054,347179.91,267781.049,7.713034115366871
600798.SH,20260605,3.55,3.84,3.55,3.7,3.53,0.17,4.8159,748494.74,277451.258,3.7067896829842786
600800.SH,20260605,3.76,4.0,3.68,3.84,3.76,0.08,2.1277,292037.6,112228.525,3.8429477916542254
600801.SH,20260605,19.0,20.06,18.95,19.71,18.95,0.76,4.0106,194209.67,383684.646,19.75620709308656
600802.SH,20260605,4.95,5.03,4.84,4.99,4.92,0.07,1.4228,60777.2,30153.833,4.961372521274425
600803.SH,20260605,19.2,19.41,19.1,19.21,19.22,-0.01,-0.052,74496.95,143146.093,19.215027326622096
600805.SH,20260605,4.58,4.66,4.56,4.62,4.57,0.05,1.0941,101345.01,46703.264,4.608343716182969
600807.SH,20260605,2.79,2.79,2.66,2.71,2.84,-0.13,-4.5775,342972.0,93324.301,2.7210472283451717
600808.SH,20260605,2.86,2.9,2.83,2.84,2.85,-0.01,-0.3509,542854.14,155458.062,2.8637169829818374
600809.SH,20260605,123.22,124.4,121.01,122.03,122.1,-0.07,-0.0573,81293.55,993677.537,122.23325675899255
600810.SH,20260605,5.77,5.9,5.66,5.82,5.74,0.08,1.3937,133166.8,77124.418,5.791565014703366
600812.SH,20260605,4.36,4.47,4.36,4.43,4.37,0.06,1.373,121281.43,53640.752,4.422833075104738
600814.SH,20260605,6.95,7.18,6.93,7.01,6.92,0.09,1.3006,65216.0,46096.759,7.068320504170755
600815.SH,20260605,3.32,3.35,3.23,3.28,3.31,-0.03,-0.9063,350338.36,114971.679,3.2817325228102345
600816.SH,20260605,2.9,2.91,2.79,2.81,2.9,-0.09,-3.1034,811249.23,230497.852,2.8412705180626183
600817.SH,20260605,9.86,9.94,9.72,9.81,9.87,-0.06,-0.6079,24543.0,24110.163,9.823641364136414
600818.SH,20260605,5.71,5.96,5.54,5.83,5.68,0.15,2.6408,105611.05,61467.899,5.820214740787066
600819.SH,20260605,6.39,7.04,6.38,7.04,6.4,0.64,10.0,240639.2,165475.16,6.876483964374881
600820.SH,20260605,5.59,5.63,5.5,5.51,5.58,-0.07,-1.2545,205540.04,114482.319,5.569830530343383
600821.SH,20260605,8.5,8.8,8.01,8.05,8.62,-0.57,-6.6125,2427156.91,2024192.374,8.339767262924918
600822.SH,20260605,8.63,8.92,8.62,8.8,8.64,0.16,1.8519,24882.09,21881.861,8.794221466122822
600824.SH,20260605,3.7,3.82,3.7,3.74,3.69,0.05,1.355,75037.08,28233.924,3.7626629394427393
600825.SH,20260605,4.89,5.09,4.88,4.95,4.89,0.06,1.227,83290.69,41231.511,4.950314494933347
600826.SH,20260605,8.68,9.01,8.68,8.83,8.74,0.09,1.0297,55779.6,49412.682,8.858557967428952
600827.SH,20260605,8.07,8.33,8.07,8.16,8.07,0.09,1.1152,114325.23,93691.318,8.195156747115226
600828.SH,20260605,4.92,5.45,4.84,5.13,4.95,0.18,3.6364,1039803.38,547692.684,5.26727162591066
600829.SH,20260605,8.52,8.75,8.52,8.61,8.53,0.08,0.9379,49035.0,42267.737,8.619911695727541
600830.SH,20260605,7.81,7.96,7.72,7.89,7.8,0.09,1.1538,73515.01,57720.996,7.851593300470203
600831.SH,20260605,3.59,3.66,3.52,3.59,3.57,0.02,0.5602,167865.0,60412.818,3.5988930390492357
600833.SH,20260605,10.19,10.38,10.11,10.32,10.11,0.21,2.0772,21728.0,22319.285,10.27213043078056
600834.SH,20260605,7.28,7.45,7.26,7.38,7.28,0.1,1.3736,15316.01,11275.302,7.361775031486659
600835.SH,20260605,21.78,22.5,21.18,21.99,21.85,0.14,0.6407,95310.38,207622.139,21.783790915533018
600838.SH,20260605,7.91,8.19,7.9,8.0,7.91,0.09,1.1378,94539.0,76142.782,8.054113328890724
600839.SH,20260605,7.02,7.28,6.95,7.12,7.02,0.1,1.4245,890003.88,635538.842,7.1408547342512705
600841.SH,20260605,7.38,7.72,7.37,7.41,7.41,0.0,0.0,255374.0,192253.794,7.528322930290475
600843.SH,20260605,7.39,7.7,7.3,7.53,7.44,0.09,1.2097,102898.91,77302.785,7.512497945799426
600844.SH,20260605,2.97,3.02,2.89,2.97,2.98,-0.01,-0.3356,260478.0,76792.654,2.9481435668271407
600845.SH,20260605,19.31,19.49,18.99,19.32,19.31,0.01,0.0518,141587.64,272979.813,19.279918289477813
600846.SH,20260605,11.84,11.84,11.33,11.39,11.72,-0.33,-2.8157,52499.0,60375.493,11.500312958342064
600847.SH,20260605,14.98,15.39,14.55,15.0,14.93,0.07,0.4689,36072.0,54041.336,14.981519183854514
600848.SH,20260605,8.62,8.65,8.41,8.55,8.64,-0.09,-1.0417,126406.47,107780.664,8.526514821591016
600850.SH,20260605,20.55,21.18,19.91,20.9,20.88,0.02,0.0958,238598.3,490624.468,20.562781377738233
600851.SH,20260605,7.44,7.57,7.34,7.45,7.39,0.06,0.8119,65046.46,48346.792,7.432655366641013
600853.SH,20260605,3.49,3.64,3.49,3.63,3.52,0.11,3.125,112093.9,40155.245,3.5822863688389828
600854.SH,20260605,4.75,4.84,4.69,4.78,4.73,0.05,1.0571,93669.0,44565.748,4.7577905176739375
600855.SH,20260605,15.13,15.64,14.96,15.35,15.09,0.26,1.723,142810.0,219335.387,15.358545409985293
600857.SH,20260605,15.9,16.88,15.0,15.39,15.75,-0.36,-2.2857,177095.25,284032.688,16.03841367851481
600858.SH,20260605,4.95,5.13,4.95,5.07,4.98,0.09,1.8072,103928.01,52674.462,5.068360492998952
600859.SH,20260605,10.5,11.2,10.5,10.65,10.45,0.2,1.9139,224054.76,241805.221,10.792237620838762
600860.SH,20260605,8.99,9.24,8.81,9.09,8.97,0.12,1.3378,81391.24,73571.514,9.039242306665926
600861.SH,20260605,14.11,14.35,14.06,14.25,14.11,0.14,0.9922,15404.24,21934.056,14.23897316582967
600862.SH,20260605,17.71,18.06,17.53,17.84,17.68,0.16,0.905,147924.32,264134.874,17.856081677441548
600863.SH,20260605,6.8,7.08,6.19,6.23,6.88,-0.65,-9.4477,4402007.18,2867241.385,6.513486388725064
600864.SH,20260605,5.37,5.43,5.31,5.31,5.38,-0.07,-1.3011,216896.01,116344.125,5.36405095695398
600865.SH,20260605,10.0,10.92,9.91,10.18,10.0,0.18,1.8,260769.0,271661.253,10.417697387342821
600866.SH,20260605,4.83,4.87,4.78,4.82,4.79,0.03,0.6263,219176.0,105779.256,4.826224404131839
600867.SH,20260605,8.04,8.07,7.9,7.9,7.98,-0.08,-1.0025,213019.54,169560.199,7.959842510222302
600868.SH,20260605,3.71,3.76,3.53,3.54,3.78,-0.24,-6.3492,2786629.64,1005865.611,3.609613550941775
600869.SH,20260605,26.51,29.15,26.15,28.51,26.5,2.01,7.5849,1752853.5,4948480.562,28.230999122288317
600871.SH,20260605,2.3,2.34,2.29,2.31,2.32,-0.01,-0.431,1089541.0,252725.939,2.319563366591987
600872.SH,20260605,18.4,18.6,17.8,17.97,18.34,-0.37,-2.0174,182309.19,330746.229,18.14204917481121
600873.SH,20260605,9.25,9.27,9.14,9.17,9.24,-0.07,-0.7576,150772.57,138567.634,9.190506867396369
600874.SH,20260605,5.65,5.76,5.63,5.69,5.65,0.04,0.708,75396.54,43095.205,5.715806720043122
600875.SH,20260605,34.35,34.52,32.72,32.88,33.83,-0.95,-2.8082,568040.95,1904025.145,33.51915288853735
600876.SH,20260605,8.41,9.28,8.28,8.91,8.46,0.45,5.3191,118150.0,104602.998,8.85340651713923
600877.SH,20260605,13.83,14.27,13.4,14.02,13.89,0.13,0.9359,228155.4,317216.57,13.903531102047113
600879.SH,20260605,20.04,21.68,20.0,21.54,19.71,1.83,9.2846,2560123.9,5362474.994,20.94615418417835
600880.SH,20260605,4.19,4.34,4.15,4.24,4.18,0.06,1.4354,202583.97,86058.963,4.248063802876407
600881.SH,20260605,1.5,1.65,1.5,1.65,1.5,0.15,10.0,1614867.29,257858.371,1.5967774726553539
600882.SH,20260605,18.16,18.57,17.86,18.06,18.16,-0.1,-0.5507,82719.83,149550.397,18.079147043701614
600883.SH,20260605,8.13,8.38,7.95,8.25,8.12,0.13,1.601,52744.15,43113.324,8.174048496373532
600884.SH,20260605,13.58,14.08,13.41,13.69,13.58,0.11,0.81,715076.89,983154.669,13.74893641157946
600885.SH,20260605,34.87,34.89,33.3,33.32,34.9,-1.58,-4.5272,177243.0,598390.285,33.761010872079574
600886.SH,20260605,14.07,14.27,13.7,13.74,14.03,-0.29,-2.067,379753.1,528474.968,13.916277918468605
600887.SH,20260605,25.72,26.25,25.59,25.67,25.66,0.01,0.039,616359.07,1592799.01,25.842063295994006
600888.SH,20260605,10.87,11.7,10.58,11.05,10.85,0.2,1.8433,799620.13,894850.18,11.19094112850811
600889.SH,20260605,15.62,16.19,15.38,15.88,15.72,0.16,1.0178,37704.1,59666.988,15.825066239480588
600892.SH,20260605,3.7,3.73,3.64,3.67,3.68,-0.01,-0.2717,49158.0,18108.36,3.683705602343464
600893.SH,20260605,42.24,43.32,42.0,42.37,42.75,-0.38,-0.8889,298978.28,1277137.451,42.71673015845833
600894.SH,20260605,8.91,9.04,8.81,8.86,8.9,-0.04,-0.4494,53268.72,47497.636,8.916609222072541
600895.SH,20260605,32.51,33.08,31.34,32.18,32.81,-0.63,-1.9201,329492.67,1061991.793,32.231120437368155
600897.SH,20260605,14.69,15.32,14.6,15.14,14.56,0.58,3.9835,34993.57,52718.753,15.065268562195854
600900.SH,20260605,27.72,28.1,27.51,27.61,27.72,-0.11,-0.3968,1094135.63,3042122.314,27.803886744827054
600901.SH,20260605,6.54,6.64,6.42,6.45,6.53,-0.08,-1.2251,262061.66,170482.048,6.505417389174747
600903.SH,20260605,8.65,8.91,8.33,8.66,8.79,-0.13,-1.479,448816.08,386292.056,8.60691212311288
600905.SH,20260605,4.31,4.34,4.18,4.21,4.3,-0.09,-2.093,2436827.33,1034088.967,4.2435873657080165
600906.SH,20260605,6.68,7.09,6.67,6.87,6.66,0.21,3.1532,1029170.3,713892.43,6.936582118625071
600908.SH,20260605,5.42,5.51,5.39,5.43,5.39,0.04,0.7421,95238.2,51877.566,5.447138438147718
600909.SH,20260605,7.39,7.52,7.24,7.28,7.53,-0.25,-3.3201,1658631.72,1222243.846,7.3689887348832315
600916.SH,20260605,7.81,7.85,7.73,7.76,7.81,-0.05,-0.6402,213605.0,166451.584,7.792494744973198
600917.SH,20260605,5.13,5.18,5.11,5.14,5.14,0.0,0.0,36751.0,18908.665,5.14507496394656
600918.SH,20260605,5.33,5.39,5.29,5.3,5.33,-0.03,-0.5629,335093.25,178713.01,5.333232167463833
600919.SH,20260605,11.27,11.47,11.25,11.38,11.24,0.14,1.2456,856667.28,976369.021,11.39729558715024
600925.SH,20260605,4.85,4.91,4.81,4.83,4.87,-0.04,-0.8214,252449.21,122355.437,4.846734794693951
600926.SH,20260605,15.76,16.01,15.72,15.85,15.68,0.17,1.0842,352786.04,560623.611,15.891320727997062
600927.SH,20260605,13.2,13.22,12.87,12.89,13.13,-0.24,-1.8279,63909.04,83120.914,13.006127771595379
600928.SH,20260605,3.47,3.54,3.46,3.52,3.47,0.05,1.4409,211154.59,74132.36,3.510809781591771
600929.SH,20260605,5.17,5.34,5.11,5.21,5.17,0.04,0.7737,161617.79,84392.304,5.221721197895356
600930.SH,20260605,6.12,6.19,6.05,6.06,6.15,-0.09,-1.4634,1450182.12,882640.054,6.0864083333202315
600933.SH,20260605,15.37,15.75,14.93,15.39,15.45,-0.06,-0.3883,217087.76,330628.516,15.230177694034893
600935.SH,20260605,2.36,2.4,2.35,2.37,2.37,0.0,0.0,152399.0,36217.123,2.376467234036969
600936.SH,20260605,6.15,6.23,5.7,5.98,6.17,-0.19,-3.0794,1476680.9,876538.861,5.935871866426932
600938.SH,20260605,34.95,35.74,34.81,35.18,35.45,-0.27,-0.7616,379178.48,1338864.196,35.30960396275654
600939.SH,20260605,2.95,3.05,2.91,2.92,2.95,-0.03,-1.0169,227886.0,67588.968,2.9659113767410017
600941.SH,20260605,98.11,98.48,97.0,97.33,97.96,-0.63,-0.6431,76090.22,743118.455,97.66280804550176
600955.SH,20260605,15.57,15.84,15.3,15.6,15.5,0.1,0.6452,42904.02,66849.139,15.581089837269328
600956.SH,20260605,9.34,9.5,8.67,8.72,9.41,-0.69,-7.3326,392349.23,351877.024,8.968464752689842
600958.SH,20260605,8.99,9.07,8.96,8.98,8.97,0.01,0.1115,337640.95,304231.057,9.010490492933394
600959.SH,20260605,3.38,3.45,3.38,3.4,3.37,0.03,0.8902,381287.2,130023.075,3.4101085743240267
600960.SH,20260605,4.35,4.44,4.25,4.36,4.35,0.01,0.2299,162543.0,70690.915,4.3490593258399315
600961.SH,20260605,25.14,25.25,24.3,24.42,25.14,-0.72,-2.864,294048.21,728052.618,24.75963441505051
600962.SH,20260605,24.4,24.48,23.5,24.2,24.19,0.01,0.0413,41850.76,100471.647,24.007126035465063
600963.SH,20260605,3.85,3.87,3.77,3.8,3.83,-0.03,-0.7833,237047.11,90529.843,3.819065459182354
600965.SH,20260605,3.05,3.09,2.98,3.01,3.06,-0.05,-1.634,74852.8,22585.921,3.0173782410277235
600966.SH,20260605,5.79,6.07,5.78,5.95,5.79,0.16,2.7634,161309.8,95544.263,5.923029041013008
600967.SH,20260605,11.92,12.2,11.82,12.04,12.02,0.02,0.1664,154772.0,186115.232,12.0251228904453
600968.SH,20260605,3.99,4.04,3.95,3.96,4.01,-0.05,-1.2469,362886.86,144829.508,3.9910375371541424
600969.SH,20260605,10.8,10.84,10.33,10.43,10.85,-0.42,-3.871,130142.2,136500.89,10.488595551635058
600970.SH,20260605,9.0,9.19,8.97,9.05,9.0,0.05,0.5556,263465.43,239795.95,9.101609649508855
600971.SH,20260605,8.38,8.62,8.27,8.38,8.48,-0.1,-1.1792,292214.92,245555.331,8.403244125933064
600973.SH,20260605,6.93,7.62,6.88,7.62,6.93,0.69,9.9567,932844.39,698116.129,7.4837361566809655
600975.SH,20260605,4.82,4.88,4.75,4.82,4.83,-0.01,-0.207,81110.02,39072.8,4.817259322584312
600976.SH,20260605,28.0,28.39,27.65,28.07,27.62,0.45,1.6293,15919.91,44740.617,28.103561515109064
600977.SH,20260605,14.5,14.74,14.21,14.29,14.44,-0.15,-1.0388,326654.0,469000.631,14.357718901345153
600979.SH,20260605,5.19,5.46,5.12,5.18,5.16,0.02,0.3876,974201.49,509453.355,5.229445450755778
600980.SH,20260605,21.01,21.86,20.52,21.2,20.84,0.36,1.7274,41305.01,87774.193,21.250253419621494
600981.SH,20260605,2.68,2.7,2.55,2.58,2.7,-0.12,-4.4444,614539.19,160483.6,2.6114461471529586
600982.SH,20260605,6.7,6.95,6.29,6.36,6.73,-0.37,-5.4978,819190.0,535812.751,6.540762838901842
600983.SH,20260605,8.58,8.69,8.55,8.61,8.57,0.04,0.4667,21179.32,18239.896,8.612125412902776
600984.SH,20260605,4.29,4.62,4.18,4.38,4.25,0.13,3.0588,655746.54,286883.169,4.374909381908442
600985.SH,20260605,16.57,17.3,16.33,17.09,16.58,0.51,3.076,528918.04,890971.619,16.84517357358429
600986.SH,20260605,8.28,8.34,7.95,8.21,8.14,0.07,0.86,735730.15,600656.376,8.164085378314319
600987.SH,20260605,6.51,6.59,6.49,6.51,6.52,-0.01,-0.1534,30838.0,20179.536,6.543723976911603
600988.SH,20260605,32.02,32.18,31.15,31.36,32.23,-0.87,-2.6993,322846.8,1022861.12,31.682554078281093
600989.SH,20260605,23.21,23.98,23.21,23.43,23.58,-0.15,-0.6361,643151.33,1519494.678,23.62577214914568
600990.SH,20260605,18.64,19.25,18.31,18.97,18.46,0.51,2.7627,46502.63,87850.714,18.891558176387015
600992.SH,20260605,12.1,12.42,11.85,12.28,12.21,0.07,0.5733,91444.0,110941.033,12.13212818774332
600993.SH,20260605,23.36,24.02,23.33,24.0,23.32,0.68,2.916,44347.51,105590.967,23.80989755681886
600995.SH,20260605,15.66,16.48,15.13,15.13,15.65,-0.52,-3.3227,542201.6,850542.249,15.686826615782763
600996.SH,20260605,8.54,9.38,8.38,9.38,8.53,0.85,9.9648,566988.15,509900.769,8.993146840899584
600997.SH,20260605,5.84,5.94,5.76,5.87,5.86,0.01,0.1706,182906.0,107128.941,5.857049030649623
600998.SH,20260605,4.97,5.02,4.93,4.97,4.95,0.02,0.404,299604.29,149121.934,4.977296353132995
600999.SH,20260605,17.13,17.34,16.86,16.89,17.13,-0.24,-1.4011,565135.24,964341.995,17.063915444381067
601000.SH,20260605,4.3,4.41,4.28,4.31,4.29,0.02,0.4662,397849.82,173187.114,4.353077600990243
601001.SH,20260605,22.02,22.63,21.35,22.0,22.69,-0.69,-3.041,478820.68,1054417.478,22.021134884984498
601002.SH,20260605,5.05,5.25,4.97,5.11,5.04,0.07,1.3889,195002.0,99497.517,5.102384437082696
601003.SH,20260605,3.75,3.79,3.7,3.77,3.74,0.03,0.8021,184694.29,69133.874,3.743151669713232
601005.SH,20260605,1.29,1.31,1.28,1.29,1.29,0.0,0.0,620375.0,80380.992,1.2956839331049768
601006.SH,20260605,5.13,5.17,5.13,5.17,5.13,0.04,0.7797,772120.67,398139.112,5.156436389664325
601007.SH,20260605,6.59,6.76,6.59,6.73,6.59,0.14,2.1244,62071.63,41598.115,6.701630841658258
601008.SH,20260605,4.63,4.75,4.63,4.7,4.64,0.06,1.2931,138913.39,65252.683,4.69736452331917
601009.SH,20260605,11.03,11.24,11.03,11.16,11.01,0.15,1.3624,407062.29,454719.035,11.170748216446185
601010.SH,20260605,1.72,1.76,1.68,1.7,1.72,-0.02,-1.1628,455162.93,77786.194,1.7089747181300552
601011.SH,20260605,3.16,3.42,3.12,3.29,3.19,0.1,3.1348,1327314.85,437608.307,3.2969442555396706
601012.SH,20260605,13.34,13.43,13.03,13.13,13.34,-0.21,-1.5742,1259114.45,1666002.901,13.23154460660824
601015.SH,20260605,4.1,4.27,4.01,4.05,4.25,-0.2,-4.7059,1227286.4,503971.949,4.10639235471036
601016.SH,20260605,4.85,4.98,4.61,4.63,4.97,-0.34,-6.841,4727239.26,2241276.839,4.741196109883383
601018.SH,20260605,3.39,3.44,3.39,3.4,3.39,0.01,0.295,566326.0,193429.674,3.4155181644494514
601019.SH,20260605,6.95,7.05,6.92,6.98,6.94,0.04,0.5764,53389.68,37338.417,6.993564486619887
601020.SH,20260605,24.81,24.9,24.08,24.1,24.94,-0.84,-3.3681,219101.06,535825.353,24.455625773786764
601021.SH,20260605,46.0,46.53,45.7,45.9,45.65,0.25,0.5476,57263.95,263370.713,45.99241110681327
601022.SH,20260605,8.03,8.22,8.02,8.11,8.03,0.08,0.9963,49655.0,40410.162,8.13818588258987
601026.SH,20260605,16.06,16.06,15.38,15.39,16.07,-0.68,-4.2315,67065.24,104946.765,15.648458873777233
601033.SH,20260605,14.8,14.87,14.42,14.47,14.9,-0.43,-2.8859,50106.77,72917.057,14.55233634097748
601038.SH,20260605,12.55,12.76,12.48,12.56,12.63,-0.07,-0.5542,41209.44,51897.055,12.59348707480616
601058.SH,20260605,12.3,12.6,12.17,12.42,12.17,0.25,2.0542,328864.41,407622.707,12.394856196205604
601059.SH,20260605,16.34,16.36,16.12,16.18,16.35,-0.17,-1.0398,71190.17,115459.132,16.218409367473065
601061.SH,20260605,12.4,12.52,12.07,12.11,12.44,-0.33,-2.6527,142372.2,174814.272,12.278680247969758
601065.SH,20260605,7.72,7.82,7.68,7.78,7.72,0.06,0.7772,26554.0,20604.035,7.759296151238985
601066.SH,20260605,25.07,25.16,24.46,24.54,25.07,-0.53,-2.1141,400597.14,990671.148,24.729860727413083
601068.SH,20260605,5.32,5.4,5.21,5.25,5.34,-0.09,-1.6854,168888.0,89326.697,5.289108580834636
601069.SH,20260605,26.27,26.57,25.91,26.06,26.48,-0.42,-1.5861,109704.72,287798.079,26.233883008862335
601077.SH,20260605,6.57,6.64,6.53,6.63,6.57,0.06,0.9132,611245.35,402428.233,6.583743058331651
601083.SH,20260605,11.09,11.31,11.08,11.13,11.08,0.05,0.4513,52893.0,59206.886,11.1937091864708
601086.SH,20260605,7.3,7.92,7.27,7.37,7.28,0.09,1.2363,197658.0,150110.531,7.594457649070616
601088.SH,20260605,48.75,49.8,48.52,48.52,49.02,-0.5,-1.02,358227.15,1756851.081,49.04293493667356
601089.SH,20260605,17.14,17.33,16.99,17.1,16.99,0.11,0.6474,25581.0,43885.735,17.15559790469489
601096.SH,20260605,4.85,4.89,4.75,4.81,4.85,-0.04,-0.8247,205389.4,99012.94,4.820742453115886
601098.SH,20260605,11.14,11.29,11.11,11.17,11.13,0.04,0.3594,68363.0,76627.596,11.208928221406318
601099.SH,20260605,3.24,3.27,3.22,3.24,3.25,-0.01,-0.3077,897838.0,291522.237,3.246935828066979
601100.SH,20260605,114.3,120.5,111.45,117.2,114.2,3.0,2.627,124373.98,1445299.622,116.20594773922971
601101.SH,20260605,13.5,13.83,12.89,13.53,13.74,-0.21,-1.5284,726653.23,967308.928,13.311836899149267
601106.SH,20260605,3.67,3.74,3.62,3.7,3.68,0.02,0.5435,611940.0,225859.77,3.6908809687224235
601107.SH,20260605,6.09,6.12,5.94,5.96,6.05,-0.09,-1.4876,108929.06,65444.861,6.008025865641363
601108.SH,20260605,7.66,7.78,7.62,7.64,7.68,-0.04,-0.5208,373089.64,287712.216,7.711610968345301
601111.SH,20260605,6.56,6.58,6.42,6.47,6.5,-0.03,-0.4615,783033.61,507988.424,6.487440864766967
601112.SH,20260605,16.98,17.27,16.63,17.0,16.97,0.03,0.1768,65827.24,112184.061,17.042194234484082
601113.SH,20260605,3.95,4.05,3.89,4.0,3.95,0.05,1.2658,113714.0,45286.656,3.9825048806655294
601116.SH,20260605,12.15,13.16,12.07,12.19,12.07,0.12,0.9942,268751.99,336786.684,12.531504752764809
601117.SH,20260605,7.52,7.63,7.43,7.46,7.53,-0.07,-0.9296,790236.52,595359.78,7.533944141179402
601118.SH,20260605,6.7,6.97,6.55,6.6,6.75,-0.15,-2.2222,812755.0,544553.338,6.700092131085014
601121.SH,20260605,6.3,6.41,6.27,6.33,6.32,0.01,0.1582,100012.0,63384.709,6.33771037475503
601126.SH,20260605,73.96,74.57,71.19,72.05,74.58,-2.53,-3.3923,292030.73,2123657.909,72.72035751169064
601127.SH,20260605,76.3,76.81,74.35,75.01,76.37,-1.36,-1.7808,286046.72,2150970.714,75.19648237882261
601128.SH,20260605,6.98,7.08,6.98,7.06,6.98,0.08,1.1461,314619.28,221521.214,7.040929405216362
601133.SH,20260605,28.01,28.77,27.39,27.6,28.3,-0.7,-2.4735,207951.08,580799.46,27.929619793270607
601136.SH,20260605,13.99,14.1,13.9,13.94,13.98,-0.04,-0.2861,76967.0,107926.91,14.022491457377837
601137.SH,20260605,23.01,25.51,22.31,24.78,23.3,1.48,6.3519,797279.41,1926399.564,24.162163726265046
601138.SH,20260605,77.5,78.21,73.1,74.06,78.55,-4.49,-5.7161,2616486.09,19787640.639,75.62677560040076
601139.SH,20260605,6.51,6.56,6.4,6.43,6.5,-0.07,-1.0769,245393.8,158611.387,6.4635450039895055
601155.SH,20260605,11.84,12.13,11.7,11.77,11.83,-0.06,-0.5072,165459.35,197290.917,11.923830052517431
601156.SH,20260605,16.6,16.76,16.45,16.56,16.61,-0.05,-0.301,56932.0,94548.397,16.607250228342583
601158.SH,20260605,4.24,4.27,4.24,4.25,4.24,0.01,0.2358,74036.0,31513.807,4.256551812631693
601162.SH,20260605,3.22,3.25,3.2,3.2,3.22,-0.02,-0.6211,812865.12,261800.138,3.220708227706954
601163.SH,20260605,13.75,13.94,13.74,13.79,13.95,-0.16,-1.147,29327.0,40542.65,13.824342755822281
601166.SH,20260605,18.32,18.66,18.32,18.6,18.29,0.31,1.6949,1171999.98,2178524.449,18.588092885462338
601168.SH,20260605,31.26,31.98,30.33,30.53,31.25,-0.72,-2.304,424208.81,1316925.056,31.044264639388327
601169.SH,20260605,5.08,5.15,5.07,5.14,5.07,0.07,1.3807,968826.78,496750.958,5.127345447655771
601177.SH,20260605,14.21,15.64,13.82,14.83,14.5,0.33,2.2759,228583.03,334121.466,14.617072229727642
601179.SH,20260605,15.5,15.53,15.0,15.03,15.61,-0.58,-3.7156,1587171.05,2403520.855,15.143426759201537
601186.SH,20260605,6.31,6.41,6.31,6.36,6.31,0.05,0.7924,403604.01,257239.029,6.373549881231359
601187.SH,20260605,7.23,7.37,7.16,7.34,7.16,0.18,2.514,134266.0,98006.107,7.299398730877512
601188.SH,20260605,3.1,3.26,3.08,3.19,3.09,0.1,3.2362,228582.76,72527.443,3.1729183338236004
601198.SH,20260605,12.79,12.88,12.5,12.54,12.8,-0.26,-2.0313,223920.37,283428.109,12.65754022289263
601199.SH,20260605,5.52,5.6,5.4,5.5,5.53,-0.03,-0.5425,112375.0,61767.753,5.496574238042269
601200.SH,20260605,7.49,7.57,7.44,7.48,7.48,0.0,0.0,62159.62,46628.609,7.501430832427868
601208.SH,20260605,59.16,60.0,56.07,56.76,59.6,-2.84,-4.7651,813662.35,4714126.78,57.93713792951094
601211.SH,20260605,16.24,16.48,16.22,16.25,16.2,0.05,0.3086,1120907.72,1832982.42,16.352661216393443
601212.SH,20260605,6.17,6.21,6.0,6.04,6.19,-0.15,-2.4233,937315.03,572200.916,6.104680899014284
601216.SH,20260605,5.01,5.18,5.0,5.09,5.03,0.06,1.1928,638331.09,325519.17,5.099534945101922
601218.SH,20260605,5.07,5.14,4.93,5.08,5.07,0.01,0.1972,294657.09,148776.49,5.04914000202744
601222.SH,20260605,6.39,6.48,6.18,6.2,6.45,-0.25,-3.876,476770.15,300031.337,6.292997516727924
601225.SH,20260605,27.34,28.08,27.01,27.14,27.41,-0.27,-0.985,519826.05,1429834.764,27.506023678497836
601226.SH,20260605,7.45,7.51,7.3,7.43,7.46,-0.03,-0.4021,112272.16,83191.743,7.409828313626459
601228.SH,20260605,3.06,3.1,3.05,3.06,3.06,0.0,0.0,206216.0,63548.404,3.081642743531055
601229.SH,20260605,9.23,9.41,9.22,9.32,9.23,0.09,0.9751,419368.13,391201.214,9.328348675422712
601231.SH,20260605,45.25,45.87,42.42,42.66,45.76,-3.1,-6.7745,768625.14,3389371.042,44.09654154689762
601233.SH,20260605,20.52,21.94,20.39,21.01,20.49,0.52,2.5378,633822.21,1349353.129,21.289142407931717
601236.SH,20260605,6.86,6.92,6.8,6.82,6.93,-0.11,-1.5873,106350.02,72906.746,6.855357996171509
601238.SH,20260605,6.15,6.18,6.04,6.1,6.07,0.03,0.4942,200095.28,121743.016,6.084252262222277
601279.SH,20260605,3.51,3.59,3.44,3.55,3.52,0.03,0.8523,106788.57,37710.994,3.531369883499704
601288.SH,20260605,6.31,6.4,6.31,6.36,6.3,0.06,0.9524,2581887.53,1643816.671,6.366724545123778
601298.SH,20260605,9.39,9.54,9.32,9.38,9.34,0.04,0.4283,96516.0,90894.684,9.41757677483526
601311.SH,20260605,8.37,8.51,8.28,8.4,8.36,0.04,0.4785,135615.18,114016.329,8.407342673585656
601318.SH,20260605,53.3,54.58,53.24,53.48,53.23,0.25,0.4697,937165.1,5047248.522,53.85655656618028
601319.SH,20260605,6.58,6.79,6.56,6.57,6.57,0.0,0.0,842390.32,561294.412,6.663115644538746
601326.SH,20260605,3.41,3.48,3.39,3.4,3.4,0.0,0.0,217904.94,74875.301,3.4361451833079144
601328.SH,20260605,6.74,6.84,6.73,6.83,6.72,0.11,1.6369,1863119.47,1268956.047,6.810921507894499
601330.SH,20260605,8.87,9.02,8.33,8.36,8.86,-0.5,-5.6433,314489.0,270032.346,8.586384452238393
601333.SH,20260605,3.09,3.13,3.08,3.08,3.07,0.01,0.3257,535780.23,166434.68,3.106398308127196
601336.SH,20260605,56.24,58.77,56.15,56.35,56.03,0.32,0.5711,319451.85,1836268.52,57.481855872802115
601339.SH,20260605,7.18,7.3,7.12,7.18,7.13,0.05,0.7013,80918.0,58418.208,7.219433006253244
601360.SH,20260605,9.88,9.95,9.66,9.79,9.78,0.01,0.1022,668083.84,656945.617,9.833281059455052
601366.SH,20260605,3.67,3.79,3.67,3.75,3.67,0.08,2.1798,112329.71,42158.14,3.753071204403536
601368.SH,20260605,4.43,4.5,4.4,4.48,4.41,0.07,1.5873,49435.58,22078.212,4.466057038270816
601369.SH,20260605,9.1,9.18,8.78,8.83,9.11,-0.28,-3.0735,162462.2,145232.732,8.93947835250292
601375.SH,20260605,3.97,4.04,3.95,3.96,3.97,-0.01,-0.2519,290658.04,116082.37,3.9937780492843067
601377.SH,20260605,5.81,5.88,5.8,5.84,5.85,-0.01,-0.1709,768086.75,447968.515,5.832264584696976
601388.SH,20260605,3.35,3.39,3.3,3.32,3.36,-0.04,-1.1905,361761.22,120800.414,3.3392306118383837
601390.SH,20260605,4.65,4.72,4.65,4.69,4.66,0.03,0.6438,841559.28,394947.025,4.693038676966404
601398.SH,20260605,7.24,7.35,7.24,7.34,7.23,0.11,1.5214,2789481.41,2039845.283,7.312632648087804
601399.SH,20260605,3.81,3.85,3.74,3.76,3.82,-0.06,-1.5707,842211.02,319409.581,3.7925124869536853
601456.SH,20260605,8.65,8.79,8.6,8.72,8.61,0.11,1.2776,236858.31,206884.283,8.734516555488383
601500.SH,20260605,4.12,4.19,4.11,4.15,4.11,0.04,0.9732,131872.85,54695.654,4.147605363803088
601512.SH,20260605,8.48,8.95,8.4,8.69,8.44,0.25,2.9621,111656.0,97075.683,8.69417523464928
601515.SH,20260605,3.9,3.95,3.86,3.91,3.91,0.0,0.0,166632.64,65114.033,3.9076397637341636
601518.SH,20260605,3.16,3.23,3.12,3.19,3.15,0.04,1.2698,318729.24,101428.104,3.1822654237810126
601519.SH,20260605,9.48,9.5,9.16,9.17,9.47,-0.3,-3.1679,335665.5,311488.879,9.279740664441237
601528.SH,20260605,4.72,4.77,4.7,4.73,4.69,0.04,0.8529,99314.5,46977.824,4.73020797567324
601555.SH,20260605,7.55,7.66,7.49,7.51,7.55,-0.04,-0.5298,338045.98,256116.03,7.576366682425864
601566.SH,20260605,11.0,11.39,10.81,11.19,11.08,0.11,0.9928,178138.12,199024.877,11.172503504583972
601567.SH,20260605,15.37,15.63,15.07,15.34,15.41,-0.07,-0.4543,182958.09,280856.24,15.350851115684472
601568.SH,20260605,3.74,3.8,3.74,3.76,3.74,0.02,0.5348,140347.8,52948.63,3.7726726033468285
601577.SH,20260605,9.47,9.61,9.42,9.56,9.43,0.13,1.3786,142018.0,135761.726,9.559473165373403
601579.SH,20260605,15.73,16.53,15.73,15.81,15.68,0.13,0.8291,71122.68,114015.496,16.03082111079054
601588.SH,20260605,2.02,2.15,2.0,2.02,2.0,0.02,1.0,961585.21,197596.499,2.054903683470756
601595.SH,20260605,19.5,19.75,19.25,19.33,19.36,-0.03,-0.155,42494.2,82726.365,19.46768382508672
601598.SH,20260605,5.95,6.09,5.95,6.04,5.95,0.09,1.5126,155500.34,93978.33,6.043609293716013
601599.SH,20260605,3.14,3.22,3.12,3.18,3.14,0.04,1.2739,164804.0,52314.113,3.174323014004514
601600.SH,20260605,10.7,11.08,10.51,10.68,10.9,-0.22,-2.0183,2686670.59,2897244.901,10.783774206572902
601601.SH,20260605,31.12,31.95,30.95,31.05,31.02,0.03,0.0967,497120.66,1558621.744,31.352986697434787
601606.SH,20260605,32.04,32.26,31.41,31.98,32.08,-0.1,-0.3117,108759.97,346713.397,31.878769091238258
601607.SH,20260605,16.11,16.29,16.11,16.26,16.1,0.16,0.9938,64541.04,104670.897,16.21772704623291
601608.SH,20260605,5.34,5.47,5.23,5.38,5.33,0.05,0.9381,481389.03,258192.282,5.363484955193099
601609.SH,20260605,12.9,13.06,12.58,12.64,13.09,-0.45,-3.4377,752443.0,962511.687,12.791821932026746
601611.SH,20260605,11.25,11.43,11.07,11.1,11.27,-0.17,-1.5084,301898.38,339759.063,11.254086987813583
601615.SH,20260605,14.67,14.71,13.81,14.08,14.61,-0.53,-3.6277,961489.06,1359037.676,14.134718038289481
601616.SH,20260605,4.03,4.07,3.92,4.0,4.03,-0.03,-0.7444,182050.0,72652.142,3.9907795660532823
601618.SH,20260605,2.73,2.8,2.73,2.75,2.74,0.01,0.365,920695.54,255116.319,2.77090860025237
601619.SH,20260605,5.25,5.33,5.01,5.05,5.25,-0.2,-3.8095,487210.35,247826.208,5.086636767876545
601628.SH,20260605,32.7,34.19,32.66,32.82,32.49,0.33,1.0157,614129.58,2046627.811,33.32566737788465
601633.SH,20260605,16.66,16.87,16.48,16.74,16.66,0.08,0.4802,215952.07,360420.471,16.68983636044795
601636.SH,20260605,6.49,7.22,6.49,7.03,6.56,0.47,7.1646,2316250.22,1625277.444,7.016847445782433
601658.SH,20260605,4.94,4.98,4.92,4.96,4.93,0.03,0.6085,1112697.89,550999.194,4.951920902806782
601665.SH,20260605,5.99,6.09,5.98,6.01,6.0,0.01,0.1667,402882.99,243177.711,6.035938896303366
601666.SH,20260605,9.22,9.82,9.11,9.67,9.22,0.45,4.8807,1349899.14,1288649.629,9.54626601954869
601668.SH,20260605,4.7,4.75,4.7,4.72,4.71,0.01,0.2123,1374070.62,649847.82,4.729362600009597
601669.SH,20260605,5.2,5.29,5.2,5.22,5.18,0.04,0.7722,1401361.62,736398.335,5.254877288561676
601677.SH,20260605,18.93,18.99,17.98,18.11,19.1,-0.99,-5.1832,584656.37,1079223.231,18.45910326778788
601678.SH,20260605,5.33,5.48,5.12,5.37,5.33,0.04,0.7505,1019049.65,541697.671,5.315714214709754
601686.SH,20260605,5.3,5.33,5.24,5.26,5.33,-0.07,-1.3133,162671.32,85882.043,5.279482763157021
601688.SH,20260605,19.03,19.41,18.75,18.85,19.11,-0.26,-1.3605,1009035.7,1919176.979,19.01991157498194
601689.SH,20260605,67.02,70.37,64.41,68.0,67.6,0.4,0.5917,759516.83,5090190.508,67.01879809562614
601696.SH,20260605,10.99,11.04,10.82,10.83,11.0,-0.17,-1.5455,283544.89,309582.903,10.918303024258345
601698.SH,20260605,30.51,32.03,30.43,32.0,30.09,1.91,6.3476,774958.38,2431816.207,31.37995884372526
601699.SH,20260605,19.0,19.45,18.68,18.8,19.3,-0.5,-2.5907,525890.59,997322.182,18.96444243278816
601700.SH,20260605,5.1,5.28,5.0,5.21,5.15,0.06,1.165,174949.0,90345.713,5.164117142710162
601702.SH,20260605,21.1,21.18,20.48,20.5,21.4,-0.9,-4.2056,181067.29,375463.767,20.73614549596451
601717.SH,20260605,18.4,18.4,18.01,18.08,18.43,-0.35,-1.8991,155210.08,281854.827,18.159569726399212
601718.SH,20260605,2.0,2.05,2.0,2.03,2.02,0.01,0.495,231910.0,47012.935,2.027206028200595
601727.SH,20260605,7.99,7.99,7.8,7.84,7.96,-0.12,-1.5075,1371374.9,1079125.574,7.868931931013176
601728.SH,20260605,6.02,6.19,6.02,6.11,6.01,0.1,1.6639,1482556.16,908393.083,6.127208584125406
601766.SH,20260605,5.64,5.78,5.62,5.66,5.64,0.02,0.3546,2647544.84,1507486.177,5.693902343878716
601777.SH,20260605,10.44,10.48,10.02,10.05,10.48,-0.43,-4.1031,441140.06,449202.267,10.18275844184271
601778.SH,20260605,5.66,5.69,5.3,5.33,5.6,-0.27,-4.8214,2318918.1,1253855.675,5.407071836646581
601788.SH,20260605,13.87,14.05,13.8,13.83,13.94,-0.11,-0.7891,276361.74,384291.668,13.905386034984437
601789.SH,20260605,4.79,4.84,4.71,4.76,4.79,-0.03,-0.6263,333469.92,159344.708,4.778383249679612
601798.SH,20260605,8.44,8.5,8.0,8.17,8.69,-0.52,-5.9839,243928.83,199212.924,8.166846206739892
601799.SH,20260605,127.88,129.49,123.5,125.7,127.95,-2.25,-1.7585,28374.81,356561.221,125.66118363435737
601800.SH,20260605,6.25,6.39,6.25,6.28,6.28,0.0,0.0,473918.44,299934.628,6.328823752880348
601801.SH,20260605,5.56,5.66,5.55,5.6,5.55,0.05,0.9009,60590.0,34037.257,5.617636078560818
601808.SH,20260605,12.88,13.15,12.88,12.95,12.95,0.0,0.0,171690.63,223547.201,13.020349508881177
601811.SH,20260605,12.85,13.18,12.85,13.01,12.81,0.2,1.5613,37935.0,49548.26,13.061357585343352
601816.SH,20260605,4.95,5.02,4.93,4.95,4.95,0.0,0.0,1373251.41,682940.431,4.973163879729786
601818.SH,20260605,3.09,3.13,3.08,3.13,3.09,0.04,1.2945,1890802.89,588062.25,3.110119267905287
601825.SH,20260605,8.65,8.77,8.6,8.66,8.59,0.07,0.8149,124296.09,107611.615,8.65768303733448
601827.SH,20260605,8.16,8.24,7.97,8.0,8.16,-0.16,-1.9608,117662.0,94742.659,8.052103397868471
601828.SH,20260605,2.39,2.45,2.37,2.44,2.39,0.05,2.0921,350834.07,85377.72,2.4335641062454396
601838.SH,20260605,18.9,19.32,18.89,19.04,18.83,0.21,1.1152,269265.27,514597.146,19.111159266844922
601857.SH,20260605,10.6,10.8,10.55,10.61,10.65,-0.04,-0.3756,1371556.07,1463799.172,10.672543427262147
601858.SH,20260605,23.6,23.67,22.75,22.87,23.5,-0.63,-2.6809,66962.0,154727.078,23.106699023326662
601860.SH,20260605,2.6,2.64,2.59,2.61,2.59,0.02,0.7722,314981.5,82420.787,2.61668659905423
601865.SH,20260605,11.12,11.37,10.98,11.13,11.22,-0.09,-0.8021,168178.0,188052.244,11.181738634066287
601866.SH,20260605,2.48,2.53,2.48,2.5,2.48,0.02,0.8065,700618.1,175689.277,2.5076325747222343
601868.SH,20260605,2.85,2.99,2.85,2.89,2.8,0.09,3.2143,9182705.55,2679424.055,2.917902616402635
601869.SH,20260605,455.95,487.1,436.01,441.67,455.89,-14.22,-3.1192,203174.67,9412681.118,463.280246400794
601872.SH,20260605,15.04,15.23,14.67,14.8,14.96,-0.16,-1.0695,854314.01,1274467.161,14.918017802376903
601877.SH,20260605,27.53,27.62,26.96,27.09,27.49,-0.4,-1.4551,198875.17,542742.55,27.290614006766155
601878.SH,20260605,9.11,9.18,9.05,9.1,9.11,-0.01,-0.1098,212964.71,194011.273,9.110019824411284
601880.SH,20260605,1.58,1.61,1.57,1.6,1.58,0.02,1.2658,1246319.87,198631.75,1.5937461544282367
601881.SH,20260605,12.1,12.24,12.01,12.1,12.06,0.04,0.3317,292326.68,353814.11,12.103380710922451
601882.SH,20260605,19.76,21.15,18.94,20.51,19.76,0.75,3.7955,71999.03,144956.998,20.13318762766665
601886.SH,20260605,8.42,8.56,8.36,8.48,8.43,0.05,0.5931,50847.01,43039.792,8.46456694307099
601888.SH,20260605,56.46,60.26,56.46,57.2,55.59,1.61,2.8962,690050.44,4011514.181,58.13363702804103
601890.SH,20260605,9.06,9.08,8.87,9.0,9.0,0.0,0.0,198821.6,178903.36,8.998185307833756
601898.SH,20260605,17.1,17.54,16.8,16.84,17.2,-0.36,-2.093,474777.97,807718.408,17.01255026639084
601899.SH,20260605,30.3,30.85,29.53,29.63,30.34,-0.71,-2.3401,2716212.54,8155837.777,30.02650807657342
601900.SH,20260605,11.79,11.95,11.75,11.79,11.74,0.05,0.4259,34973.94,41436.92,11.847941638831653
601901.SH,20260605,6.52,6.58,6.45,6.52,6.53,-0.01,-0.1531,600655.0,391102.181,6.511261556134553
601908.SH,20260605,3.73,3.76,3.65,3.66,3.77,-0.11,-2.9178,491409.54,180994.94,3.6831792073063947
601916.SH,20260605,3.06,3.1,3.05,3.09,3.06,0.03,0.9804,1559001.25,480798.968,3.084019130837772
601918.SH,20260605,11.23,11.26,10.5,10.66,11.22,-0.56,-4.9911,1040938.58,1122476.181,10.783308473397156
601919.SH,20260605,14.64,15.2,14.62,15.0,14.47,0.53,3.6628,1584074.8,2374130.915,14.987492478259234
601921.SH,20260605,7.28,7.42,7.26,7.35,7.29,0.06,0.823,58178.0,42810.75,7.358580563099454
601928.SH,20260605,8.82,8.99,8.82,8.99,8.81,0.18,2.0431,50183.01,44886.162,8.94449376392528
601929.SH,20260605,2.57,2.62,2.52,2.59,2.58,0.01,0.3876,775428.01,199506.226,2.5728529718703355
601933.SH,20260605,3.44,3.61,3.43,3.46,3.41,0.05,1.4663,1274810.01,447612.072,3.5112061286685377
601939.SH,20260605,10.07,10.34,10.05,10.22,10.03,0.19,1.8943,1262759.26,1288803.742,10.206250572258721
601949.SH,20260605,5.05,5.34,5.05,5.21,5.06,0.15,2.9644,128182.49,66729.168,5.2057943327516885
601952.SH,20260605,8.7,8.78,8.61,8.69,8.72,-0.03,-0.344,77343.76,67198.615,8.68830465444142
601956.SH,20260605,5.11,5.3,5.06,5.23,5.12,0.11,2.1484,83765.0,43565.301,5.200895481406316
601958.SH,20260605,23.07,23.38,21.81,21.96,23.09,-1.13,-4.8939,715670.14,1610131.735,22.498238294530495
601963.SH,20260605,11.9,12.05,11.85,12.01,11.89,0.12,1.0093,97808.28,116999.537,11.962130097779042
601965.SH,20260605,15.82,15.82,15.34,15.4,15.72,-0.32,-2.0356,71004.01,110129.836,15.510368498905907
601966.SH,20260605,12.02,12.18,12.01,12.11,12.09,0.02,0.1654,61601.49,74462.292,12.087742033512502
601968.SH,20260605,4.44,4.5,4.39,4.42,4.44,-0.02,-0.4505,85152.0,37861.76,4.446373543780534
601969.SH,20260605,9.39,9.46,9.19,9.23,9.41,-0.18,-1.9129,175964.0,163659.299,9.30072622809211
601975.SH,20260605,4.4,4.45,4.24,4.28,4.39,-0.11,-2.5057,2316047.2,1003979.59,4.3348839781849
601985.SH,20260605,9.28,9.32,8.97,8.99,9.25,-0.26,-2.8108,1481453.47,1349630.597,9.110178782732879
601988.SH,20260605,5.91,6.05,5.9,6.05,5.9,0.15,2.5424,3643592.24,2187970.116,6.004980721992096
601990.SH,20260605,6.51,6.58,6.5,6.52,6.53,-0.01,-0.1531,152997.2,100086.912,6.541747953557319
601991.SH,20260605,8.72,9.0,7.93,7.93,8.81,-0.88,-9.9886,8005704.59,6689678.536,8.356139626181236
601992.SH,20260605,1.57,1.61,1.56,1.6,1.57,0.03,1.9108,703208.0,111760.604,1.5892965381508746
601995.SH,20260605,33.04,33.28,32.28,32.3,33.03,-0.73,-2.2101,175415.62,573838.949,32.71310439743051
601996.SH,20260605,2.67,2.7,2.59,2.61,2.67,-0.06,-2.2472,299404.02,78808.068,2.6321646583101987
601997.SH,20260605,5.89,5.97,5.88,5.95,5.87,0.08,1.3629,425830.85,253174.139,5.9454156268856515
601998.SH,20260605,7.32,7.49,7.32,7.37,7.33,0.04,0.5457,690555.23,511125.654,7.4016621957956925
601999.SH,20260605,5.91,6.0,5.82,5.92,5.89,0.03,0.5093,46983.0,27793.845,5.915723772428326
603000.SH,20260605,17.8,18.29,17.41,17.45,16.73,0.72,4.3036,312069.33,551971.748,17.68747181916275
603001.SH,20260605,10.83,10.99,10.25,10.6,10.77,-0.17,-1.5785,195957.0,205913.391,10.508090601509515
603002.SH,20260605,17.25,17.6,16.68,16.75,17.57,-0.82,-4.667,601084.1,1029899.151,17.134027517946326
603004.SH,20260605,18.86,19.18,18.21,18.99,18.55,0.44,2.372,29017.73,54499.273,18.781370217449815
603005.SH,20260605,44.58,48.5,44.0,45.8,44.58,1.22,2.7367,1359896.99,6213414.333,45.690330802188186
603006.SH,20260605,13.17,14.35,12.7,13.97,13.18,0.79,5.9939,94160.0,129721.729,13.77673417587086
603007.SH,20260605,6.06,6.15,5.91,5.92,6.04,-0.12,-1.9868,410131.93,245540.918,5.986876418034558
603008.SH,20260605,8.96,9.26,8.88,8.97,8.97,0.0,0.0,109132.03,98794.164,9.05271935287926
603009.SH,20260605,49.85,52.4,47.7,50.3,50.45,-0.15,-0.2973,134980.05,669931.665,49.63190227000213
603010.SH,20260605,14.13,14.5,13.52,13.99,13.87,0.12,0.8652,138124.16,193901.336,14.038191146284618
603011.SH,20260605,31.94,34.1,31.4,32.7,32.26,0.44,1.3639,724396.64,2385539.937,32.93140532788777
603012.SH,20260605,8.78,9.05,8.57,8.9,8.78,0.12,1.3667,173527.18,153327.113,8.835913371035018
603013.SH,20260605,19.1,19.1,18.07,18.45,18.5,-0.05,-0.2703,45731.34,84270.507,18.42729887206454
603014.SH,20260605,32.1,32.24,30.97,31.2,32.2,-1.0,-3.1056,17541.67,55026.682,31.369123920356504
603015.SH,20260605,12.35,13.47,12.15,12.89,12.53,0.36,2.8731,195128.8,249319.185,12.777159752942673
603016.SH,20260605,41.55,41.62,39.5,40.55,41.64,-1.09,-2.6177,36001.0,145555.916,40.43107580344991
603017.SH,20260605,11.6,11.88,11.23,11.7,11.51,0.19,1.6507,87887.54,102001.593,11.60592195435212
603018.SH,20260605,6.94,7.05,6.92,6.97,6.94,0.03,0.4323,32822.0,22895.628,6.975695570044483
603019.SH,20260605,83.67,84.82,82.14,82.37,84.4,-2.03,-2.4052,386422.32,3215809.088,83.22006575603604
603020.SH,20260605,9.7,10.67,9.7,10.67,9.7,0.97,10.0,114500.0,118097.061,10.314153799126638
603021.SH,20260605,7.4,7.74,7.4,7.62,7.42,0.2,2.6954,52450.0,39640.216,7.557715157292659
603022.SH,20260605,9.56,9.94,9.36,9.73,9.57,0.16,1.6719,42683.0,41188.017,9.649747440432959
603023.SH,20260605,4.25,4.32,4.11,4.21,4.24,-0.03,-0.7075,97397.86,41082.365,4.217994625343924
603025.SH,20260605,15.02,15.66,14.47,15.25,15.12,0.13,0.8598,113903.79,171124.192,15.023573140103592
603026.SH,20260605,84.0,85.66,82.08,83.78,84.0,-0.22,-0.2619,92510.29,775568.873,83.8359573837678
603027.SH,20260605,7.64,7.82,7.62,7.75,7.65,0.1,1.3072,103038.52,79844.097,7.748956118546733
603028.SH,20260605,7.75,8.12,7.56,7.9,7.73,0.17,2.1992,45040.3,35302.38,7.837954010075421
603029.SH,20260605,16.15,16.74,15.88,16.38,16.17,0.21,1.2987,30059.4,49157.265,16.35337531687259
603030.SH,20260605,2.48,2.54,2.45,2.49,2.49,0.0,0.0,270438.0,67614.938,2.5002010812090014
603031.SH,20260605,60.06,61.36,57.07,57.52,60.95,-3.43,-5.6276,203483.45,1200003.607,58.973032303118515
603032.SH,20260605,23.97,26.44,23.33,25.25,24.16,1.09,4.5116,236174.53,588921.542,24.935861712099097
603033.SH,20260605,10.1,10.37,9.82,10.0,10.07,-0.07,-0.6951,101691.59,102374.252,10.067130625059555
603035.SH,20260605,12.13,12.31,11.99,12.18,12.1,0.08,0.6612,32107.29,38975.997,12.13929827151404
603036.SH,20260605,13.52,13.68,13.09,13.4,13.52,-0.12,-0.8876,60489.0,80504.576,13.308961298748534
603037.SH,20260605,12.85,13.18,12.54,13.0,12.9,0.1,0.7752,60259.37,77256.327,12.82063304013965
603038.SH,20260605,15.4,16.17,15.36,15.96,15.44,0.52,3.3679,57365.6,91083.396,15.87770301365278
603039.SH,20260605,37.2,41.21,37.01,39.94,37.46,2.48,6.6204,220208.62,875324.324,39.74977564456832
603040.SH,20260605,87.87,93.15,87.02,90.55,89.29,1.26,1.4111,33837.74,306949.915,90.71229786622865
603041.SH,20260605,11.99,12.37,11.69,12.22,12.0,0.22,1.8333,36310.55,43862.637,12.079860260998526
603042.SH,20260605,20.06,21.0,20.06,20.35,20.52,-0.17,-0.8285,179443.64,370556.279,20.650287689215396
603043.SH,20260605,14.53,14.83,14.42,14.52,14.48,0.04,0.2762,40132.6,58574.905,14.59534268898601
603045.SH,20260605,75.66,85.26,73.2,83.41,77.51,5.9,7.6119,228468.08,1855241.284,81.20352234762949
603048.SH,20260605,19.09,20.79,18.72,20.79,18.9,1.89,10.0,38648.0,76757.34,19.860624094390396
603049.SH,20260605,46.27,47.13,45.73,46.6,45.97,0.63,1.3705,20253.58,94841.644,46.827101184086956
603050.SH,20260605,20.49,21.0,19.8,19.95,20.51,-0.56,-2.7304,94694.48,190700.034,20.13845305449695
603051.SH,20260605,20.95,21.96,20.01,21.36,20.92,0.44,2.1033,62866.19,132310.2,21.046320764786287
603052.SH,20260605,92.6,94.57,88.46,88.7,94.02,-5.32,-5.6584,68127.93,623861.832,91.57211029309126
603053.SH,20260605,9.32,9.44,9.26,9.29,9.32,-0.03,-0.3219,24763.0,23113.504,9.333886847312522
603055.SH,20260605,8.08,8.3,8.0,8.12,8.08,0.04,0.495,49285.37,40265.16,8.16979967889051
603057.SH,20260605,24.84,25.5,24.58,24.92,24.89,0.03,0.1205,32388.35,81193.721,25.06880436947236
603058.SH,20260605,9.45,10.24,9.25,10.18,9.44,0.74,7.839,118056.0,116162.356,9.839597817984686
603059.SH,20260605,26.43,26.7,25.86,26.5,26.25,0.25,0.9524,10497.0,27680.82,26.370220062875106
603060.SH,20260605,7.13,7.29,7.07,7.22,7.21,0.01,0.1387,224964.82,161266.943,7.168540530025983
603061.SH,20260605,310.02,313.95,295.06,296.13,317.6,-21.47,-6.7601,28074.3,854601.273,304.40697470640407
603062.SH,20260605,42.98,43.66,42.1,42.6,42.99,-0.39,-0.9072,6250.37,26889.125,43.0200532128498
603063.SH,20260605,55.0,55.95,53.2,54.43,56.0,-1.57,-2.8036,241937.33,1317723.974,54.46550865052532
603065.SH,20260605,8.79,9.55,8.5,9.55,8.68,0.87,10.023,347261.72,317329.481,9.138049566764803
603066.SH,20260605,10.61,11.04,10.42,10.83,10.62,0.21,1.9774,47027.08,50483.472,10.734979080138507
603067.SH,20260605,37.5,38.19,35.76,36.28,38.45,-2.17,-5.6437,408814.68,1501811.082,36.73574251296455
603068.SH,20260605,33.25,34.16,31.77,33.4,33.3,0.1,0.3003,40932.0,135212.365,33.03341273331378
603069.SH,20260605,15.2,15.6,15.03,15.2,15.1,0.1,0.6623,42687.67,65241.599,15.28347623564369
603070.SH,20260605,15.25,16.73,14.51,16.73,15.21,1.52,9.9934,91240.64,142175.847,15.582513121345926
603071.SH,20260605,14.29,14.47,13.94,14.02,14.24,-0.22,-1.5449,53632.0,75600.821,14.096215132756562
603072.SH,20260605,35.45,37.65,35.2,36.85,35.71,1.14,3.1924,48852.69,179508.451,36.74484475675751
603073.SH,20260605,17.04,18.0,16.84,17.76,17.24,0.52,3.0162,17742.18,31142.005,17.55252454884349
603075.SH,20260605,24.08,24.75,23.52,24.5,24.19,0.31,1.2815,44664.25,107570.48,24.08424634914949
603076.SH,20260605,24.06,24.76,23.31,24.36,24.0,0.36,1.5,32246.09,77411.67,24.006529163690857
603077.SH,20260605,2.39,2.44,2.36,2.39,2.4,-0.01,-0.4167,1597991.65,383583.234,2.4004082499429833
603078.SH,20260605,37.0,41.56,36.0,41.56,37.78,3.78,10.0053,586326.73,2337235.521,39.86233956961164
603079.SH,20260605,13.32,13.55,13.15,13.4,13.32,0.08,0.6006,18675.0,24988.441,13.380691298527443
603080.SH,20260605,20.18,20.73,20.06,20.45,20.19,0.26,1.2878,25100.0,51164.195,20.384141434262947
603081.SH,20260605,10.13,10.36,9.92,10.21,10.13,0.08,0.7897,34889.0,35331.864,10.126935137149244
603082.SH,20260605,36.86,39.0,35.56,37.59,37.23,0.36,0.967,79608.49,294393.031,36.980104885797985
603083.SH,20260605,206.85,214.3,190.0,192.02,204.17,-12.15,-5.9509,340016.81,6894959.373,202.78289691030272
603085.SH,20260605,12.37,12.61,11.97,12.5,12.38,0.12,0.9693,108072.33,132737.808,12.28231204046401
603086.SH,20260605,5.98,6.09,5.88,6.04,5.99,0.05,0.8347,62186.99,37314.251,6.000330776582047
603087.SH,20260605,54.44,55.2,54.36,54.58,53.71,0.87,1.6198,59228.44,323997.349,54.70300230767516
603088.SH,20260605,10.24,10.84,9.98,10.5,10.24,0.26,2.5391,165296.64,172749.327,10.450867422350507
603089.SH,20260605,10.15,10.44,9.92,10.21,10.16,0.05,0.4921,29494.31,30125.289,10.213932450021716
603090.SH,20260605,62.8,65.69,60.8,63.5,62.36,1.14,1.8281,73641.01,467978.601,63.548639677809966
603091.SH,20260605,69.01,69.01,67.0,67.86,67.5,0.36,0.5333,5327.0,36087.941,67.74533696264314
603092.SH,20260605,60.45,61.68,58.88,60.64,60.65,-0.01,-0.0165,17309.06,104237.516,60.221361529742225
603093.SH,20260605,19.24,19.53,18.74,18.84,19.24,-0.4,-2.079,117988.0,225313.817,19.09633327118012
603095.SH,20260605,19.35,19.35,18.41,18.78,19.14,-0.36,-1.8809,60769.8,113926.872,18.747284341893508
603096.SH,20260605,15.19,15.59,15.0,15.46,15.11,0.35,2.3163,19612.42,29949.121,15.27048727286077
603097.SH,20260605,26.96,26.96,25.2,26.01,26.36,-0.35,-1.3278,24922.0,64598.18,25.92014284567852
603098.SH,20260605,12.6,12.61,12.1,12.23,12.58,-0.35,-2.7822,66014.0,80844.265,12.246533311115824
603099.SH,20260605,38.23,38.94,37.31,37.39,38.04,-0.65,-1.7087,83359.91,317761.405,38.11921162102983
603100.SH,20260605,18.65,19.05,18.32,18.62,18.6,0.02,0.1075,40399.61,75324.173,18.64477726393893
603101.SH,20260605,7.14,7.37,7.09,7.24,7.14,0.1,1.4006,89876.04,65297.538,7.26528872433632
603102.SH,20260605,34.83,35.57,34.56,35.46,34.79,0.67,1.9258,5331.1,18749.263,35.16959539307084
603103.SH,20260605,21.91,23.99,21.8,23.3,21.91,1.39,6.3441,250673.37,579173.397,23.10470382234858
603105.SH,20260605,8.61,8.72,8.34,8.49,8.64,-0.15,-1.7361,100866.47,85556.637,8.48216825670612
603106.SH,20260605,7.44,7.61,7.38,7.49,7.44,0.05,0.672,51736.76,38775.611,7.49478919824125
603107.SH,20260605,13.09,13.39,13.08,13.28,13.09,0.19,1.4515,20829.19,27607.148,13.254067008846722
603108.SH,20260605,11.98,11.98,11.52,11.68,11.92,-0.24,-2.0134,189841.02,222528.99,11.721860217565203
603109.SH,20260605,21.5,22.0,20.69,21.45,21.86,-0.41,-1.8756,49071.0,104734.52,21.34346559067474
603110.SH,20260605,20.81,21.39,19.77,20.67,20.62,0.05,0.2425,103586.8,213029.263,20.565290461719062
603111.SH,20260605,6.21,6.38,6.19,6.31,6.21,0.1,1.6103,55520.36,34983.449,6.301012637526125
603112.SH,20260605,20.51,21.43,20.31,21.1,20.51,0.59,2.8766,219069.61,458115.203,20.911855505654117
603113.SH,20260605,5.0,5.13,5.0,5.07,5.05,0.02,0.396,78289.36,39726.124,5.0742685851564
603115.SH,20260605,108.37,108.4,101.12,103.69,107.55,-3.86,-3.589,93978.06,979847.676,104.2634500009896
603116.SH,20260605,7.34,7.57,7.27,7.33,7.26,0.07,0.9642,122957.8,91136.447,7.412010218139882
603117.SH,20260605,4.21,4.25,4.09,4.16,4.19,-0.03,-0.716,101113.36,42108.198,4.16445443015641
603118.SH,20260605,12.99,13.71,12.91,13.41,13.25,0.16,1.2075,509376.65,682572.41,13.40015114552267
603119.SH,20260605,74.6,76.73,71.32,73.7,73.3,0.4,0.5457,313225.59,2315935.62,73.9382634733005
603120.SH,20260605,55.0,55.0,51.8,52.18,55.86,-3.68,-6.5879,44274.0,233866.245,52.82247933324299
603121.SH,20260605,16.1,16.58,15.37,15.95,16.2,-0.25,-1.5432,88748.0,141383.262,15.930867399828728
603122.SH,20260605,12.35,12.58,12.2,12.44,12.35,0.09,0.7287,107761.0,134145.448,12.448422713226492
603123.SH,20260605,9.66,9.75,9.5,9.55,9.66,-0.11,-1.1387,125494.47,120826.244,9.628013409674546
603124.SH,20260605,154.0,168.0,150.22,168.0,152.73,15.27,9.998,40573.16,664079.724,163.674637124641
603125.SH,20260605,24.04,24.86,23.52,24.3,24.25,0.05,0.2062,51828.01,125603.284,24.23463374341403
603126.SH,20260605,7.92,8.13,7.66,7.68,7.92,-0.24,-3.0303,152130.27,118634.506,7.798218329593447
603127.SH,20260605,34.07,34.35,32.36,32.6,33.42,-0.82,-2.4536,216343.59,718070.103,33.191189209719596
603128.SH,20260605,5.36,5.42,5.31,5.37,5.32,0.05,0.9398,79124.8,42470.066,5.367478464400541
603129.SH,20260605,228.02,233.88,225.28,228.7,227.37,1.33,0.5849,13561.12,310278.115,228.79977096287033
603130.SH,20260605,44.65,46.16,43.19,45.03,44.02,1.01,2.2944,20767.0,93482.371,45.014865411470126
603131.SH,20260605,18.98,19.78,18.62,19.35,18.72,0.63,3.3654,148740.0,286231.1,19.243720586257897
603132.SH,20260605,17.01,17.16,16.52,16.84,17.12,-0.28,-1.6355,50575.97,85483.709,16.902040435408356
603135.SH,20260605,13.55,14.03,12.58,14.03,12.75,1.28,10.0392,353778.06,464075.561,13.11770325723421
603136.SH,20260605,9.06,9.33,9.06,9.22,9.07,0.15,1.6538,33334.65,30771.504,9.231086572080402
603137.SH,20260605,11.82,12.23,11.72,12.15,11.82,0.33,2.7919,21474.2,25803.3,12.015954028555196
603138.SH,20260605,17.8,18.1,17.46,17.63,18.01,-0.38,-2.1099,112562.12,199289.892,17.704880824916945
603139.SH,20260605,38.49,39.35,37.44,38.07,38.48,-0.41,-1.0655,34984.87,134529.882,38.45373214192306
603150.SH,20260605,66.64,70.29,65.12,67.59,66.65,0.94,1.4104,23359.0,158874.441,68.01423048931889
603151.SH,20260605,12.54,12.96,12.36,12.73,12.41,0.32,2.5786,25266.0,32104.438,12.706577218396262
603153.SH,20260605,14.07,14.31,14.06,14.19,14.07,0.12,0.8529,9492.0,13464.938,14.185564686051412
603155.SH,20260605,19.55,20.23,19.27,19.84,19.7,0.14,0.7107,76958.65,152342.979,19.79543287206831
603156.SH,20260605,40.75,41.25,39.6,40.49,41.38,-0.89,-2.1508,75240.08,305523.162,40.60643768587168
603158.SH,20260605,15.95,17.1,15.61,16.3,15.74,0.56,3.5578,574122.12,942201.424,16.411167435945508
603159.SH,20260605,25.63,27.08,24.89,27.08,24.62,2.46,9.9919,52952.33,139812.137,26.403396602189172
603160.SH,20260605,55.27,56.7,53.41,55.32,55.6,-0.28,-0.5036,73424.14,403787.705,54.99386237278367
603161.SH,20260605,14.69,15.28,14.56,14.89,14.82,0.07,0.4723,68671.39,102558.035,14.93460886695318
603162.SH,20260605,10.93,11.05,10.72,10.84,10.96,-0.12,-1.0949,121838.81,132525.62,10.877126918754376
603163.SH,20260605,100.29,104.61,98.01,101.02,100.1,0.92,0.9191,28522.52,288323.785,101.08636438856033
603165.SH,20260605,16.59,17.05,16.01,16.69,16.59,0.1,0.6028,97455.1,161839.932,16.60661494370228
603166.SH,20260605,12.23,13.45,11.75,13.45,12.23,1.22,9.9755,154852.6,197998.235,12.786238978228326
603167.SH,20260605,9.05,9.16,9.02,9.12,9.01,0.11,1.2209,37197.0,33878.96,9.107981826491384
603168.SH,20260605,5.53,5.69,5.46,5.61,5.53,0.08,1.4467,62431.88,34837.012,5.5800036776083
603169.SH,20260605,7.71,7.87,7.56,7.71,7.71,0.0,0.0,151036.0,116937.461,7.742356855319262
603170.SH,20260605,12.03,12.33,12.03,12.17,11.96,0.21,1.7559,15165.0,18412.883,12.141696669963732
603171.SH,20260605,48.91,49.11,46.66,47.41,48.58,-1.17,-2.4084,60133.2,286719.104,47.6806662542489
603172.SH,20260605,19.11,19.35,18.45,19.1,19.0,0.1,0.5263,20611.59,39156.015,18.997086105438736
603173.SH,20260605,35.12,35.47,34.41,34.56,35.15,-0.59,-1.6785,13655.0,47564.94,34.833350421091176
603175.SH,20260605,83.98,86.1,81.51,82.0,83.98,-1.98,-2.3577,31155.52,259758.667,83.37484561323322
603176.SH,20260605,4.92,5.08,4.86,5.01,4.93,0.08,1.6227,40010.0,19903.988,4.974753311672082
603177.SH,20260605,9.8,10.09,9.57,9.93,9.89,0.04,0.4044,35267.0,34634.232,9.820577877335754
603178.SH,20260605,17.05,17.71,16.45,17.37,17.03,0.34,1.9965,92634.0,158653.399,17.126907938769783
603179.SH,20260605,53.15,54.48,50.54,52.21,53.11,-0.9,-1.6946,297854.55,1556849.727,52.2687911599806
603180.SH,20260605,16.08,16.41,15.88,16.18,16.09,0.09,0.5594,13170.0,21295.002,16.169325740318907
603181.SH,20260605,13.09,13.69,12.76,13.5,13.06,0.44,3.3691,75256.37,100074.282,13.297782234248078
603182.SH,20260605,12.65,12.95,12.46,12.82,12.7,0.12,0.9449,20039.0,25484.982,12.717691501571935
603183.SH,20260605,3.92,4.05,3.88,3.99,3.91,0.08,2.046,102604.16,40781.806,3.974673736425501
603185.SH,20260605,17.6,17.83,17.21,17.48,17.76,-0.28,-1.5766,106809.27,187180.245,17.524719062306108
603186.SH,20260605,120.6,129.5,118.12,123.66,123.57,0.09,0.0728,149493.7,1872084.179,125.22829918585197
603187.SH,20260605,12.75,13.05,12.74,12.83,12.75,0.08,0.6275,36960.48,47621.181,12.884351339592989
603188.SH,20260605,4.4,4.51,4.31,4.44,4.41,0.03,0.6803,106852.0,47259.813,4.4229226406618505
603189.SH,20260605,12.62,12.73,12.2,12.46,12.6,-0.14,-1.1111,44974.0,56092.134,12.472124783208077
603190.SH,20260605,25.7,26.55,25.3,26.28,25.66,0.62,2.4162,20712.2,53762.149,25.956754473209024
603191.SH,20260605,18.35,18.77,17.33,17.9,18.43,-0.53,-2.8757,173464.75,311524.546,17.958953966151622
603192.SH,20260605,19.49,20.08,19.1,19.87,19.5,0.37,1.8974,10697.2,21088.985,19.714490707848782
603193.SH,20260605,22.44,23.88,22.42,22.51,22.48,0.03,0.1335,40673.92,93172.868,22.90727522697591
603194.SH,20260605,35.55,36.09,34.82,35.38,35.55,-0.17,-0.4782,18630.47,66045.105,35.45004769069165
603195.SH,20260605,38.9,40.32,38.8,40.02,38.78,1.24,3.1975,64719.55,257234.16,39.74597474797028
603196.SH,20260605,24.75,24.75,23.61,23.7,24.39,-0.69,-2.829,23896.63,57346.721,23.997827727173245
603197.SH,20260605,30.1,30.85,29.25,30.35,30.1,0.25,0.8306,35355.89,105899.495,29.95243366805361
603198.SH,20260605,35.26,36.35,35.01,35.13,35.01,0.12,0.3428,58816.55,208816.494,35.50301641289739
603199.SH,20260605,32.32,33.1,32.32,32.83,32.23,0.6,1.8616,14260.0,46820.404,32.833382889200564
603200.SH,20260605,47.49,48.58,46.25,48.04,47.51,0.53,1.1156,48150.0,229638.178,47.69224880581517
603201.SH,20260605,17.87,18.18,17.41,18.13,17.95,0.18,1.0028,36252.77,65214.93,17.988950913268148
603202.SH,20260605,64.49,65.35,63.9,64.56,64.5,0.06,0.093,6760.0,43624.894,64.53386686390533
603203.SH,20260605,67.2,69.77,64.5,66.52,68.09,-1.57,-2.3058,111860.58,748176.385,66.88472248221849
603205.SH,20260605,22.95,23.44,22.74,23.24,22.95,0.29,1.2636,6373.37,14727.126,23.107282332580724
603206.SH,20260605,15.03,15.73,14.57,15.45,15.13,0.32,2.115,99426.0,151115.063,15.198747108402229
603207.SH,20260605,22.52,22.97,22.45,22.77,22.49,0.28,1.245,8629.0,19600.724,22.714942635299572
603208.SH,20260605,12.19,12.72,11.89,12.53,12.18,0.35,2.8736,35130.38,43499.77,12.382379581433504
603209.SH,20260605,13.15,13.45,13.11,13.28,13.15,0.13,0.9886,21914.53,29067.209,13.263897970889634
603210.SH,20260605,15.67,16.09,14.66,15.12,14.99,0.13,0.8672,178106.8,271920.399,15.26726655018225
603211.SH,20260605,28.0,28.15,26.28,27.52,27.6,-0.08,-0.2899,62254.28,169349.15,27.20281240101082
603212.SH,20260605,15.82,15.99,15.46,15.87,15.82,0.05,0.3161,304541.54,480008.837,15.761686796487599
603213.SH,20260605,13.83,14.3,13.81,14.2,13.88,0.32,2.3055,50374.12,71387.098,14.171383639059103
603214.SH,20260605,13.83,14.28,13.73,14.12,13.85,0.27,1.9495,35914.94,50440.089,14.044319439208305
603215.SH,20260605,15.65,15.92,15.3,15.65,15.58,0.07,0.4493,17172.0,26859.037,15.641181574656418
603216.SH,20260605,23.26,23.96,22.88,23.57,23.26,0.31,1.3328,30518.98,71449.719,23.411568473127215
603217.SH,20260605,24.53,24.8,23.7,24.42,24.53,-0.11,-0.4484,23359.72,56647.925,24.25025856474307
603218.SH,20260605,11.1,11.34,11.03,11.14,11.19,-0.05,-0.4468,79467.79,88877.535,11.18409546811356
603219.SH,20260605,16.29,16.43,15.42,15.83,16.3,-0.47,-2.8834,60941.0,96366.737,15.813120395136277
603220.SH,20260605,22.9,23.44,22.08,22.77,22.87,-0.1,-0.4373,280845.57,640702.743,22.81334695790288
603221.SH,20260605,12.69,12.85,12.3,12.5,12.6,-0.1,-0.7937,23303.0,29168.197,12.516927863365233
603222.SH,20260605,8.7,8.84,8.54,8.63,8.62,0.01,0.116,97533.2,84756.09,8.689973260387232
603223.SH,20260605,9.6,9.69,9.38,9.49,9.63,-0.14,-1.4538,83045.8,78877.63,9.498087802152547
603225.SH,20260605,19.48,21.12,19.23,20.33,19.51,0.82,4.203,281244.74,569731.383,20.257494700167552
603226.SH,20260605,52.2,52.36,50.5,51.3,51.48,-0.18,-0.3497,35603.96,182986.159,51.39488950105551
603227.SH,20260605,8.3,8.45,8.1,8.38,8.31,0.07,0.8424,100497.0,83047.986,8.263727872473806
603228.SH,20260605,73.0,74.76,70.91,71.33,75.3,-3.97,-5.2722,336382.28,2441202.977,72.57228225577161
603229.SH,20260605,9.33,9.5,9.21,9.24,9.35,-0.11,-1.1765,76364.72,71124.734,9.31382109434828
603230.SH,20260605,9.7,9.97,9.69,9.9,9.7,0.2,2.0619,18177.0,17883.64,9.838609231446332
603231.SH,20260605,15.62,15.9,15.51,15.73,15.74,-0.01,-0.0635,13381.52,20980.894,15.679006570255098
603232.SH,20260605,20.0,20.0,18.53,18.68,20.59,-1.91,-9.2763,215762.25,408490.208,18.932422515986925
603233.SH,20260605,16.19,16.39,15.88,15.93,16.08,-0.15,-0.9328,62868.22,101216.222,16.09974355882829
603235.SH,20260605,23.45,23.55,23.26,23.35,23.34,0.01,0.0428,2776.0,6494.36,23.394668587896255
603236.SH,20260605,57.28,59.03,55.58,57.33,56.27,1.06,1.8838,198077.93,1143453.847,57.72747357567802
603237.SH,20260605,15.86,16.11,15.81,15.92,15.86,0.06,0.3783,19233.53,30680.83,15.951741567980502
603238.SH,20260605,12.6,13.04,12.49,12.84,12.63,0.21,1.6627,22205.1,28348.199,12.766526158405052
603239.SH,20260605,18.8,19.35,18.03,18.9,18.63,0.27,1.4493,50243.0,93738.171,18.65696136775272
603248.SH,20260605,26.33,26.49,25.24,25.71,26.23,-0.52,-1.9825,49785.72,127842.746,25.6785973970046
603255.SH,20260605,29.89,30.39,29.37,29.72,29.89,-0.17,-0.5688,11303.0,33624.323,29.748140316730066
603256.SH,20260605,192.0,210.49,190.1,196.06,195.01,1.05,0.5384,173624.61,3505438.702,201.89757097222568
603257.SH,20260605,63.91,65.0,62.4,63.88,64.28,-0.4,-0.6223,20895.43,132457.504,63.39065719154857
603258.SH,20260605,13.87,14.21,13.78,14.0,13.76,0.24,1.7442,31031.0,43478.422,14.011286133221617
603259.SH,20260605,98.38,100.24,96.03,96.56,96.75,-0.19,-0.1964,424531.91,4164376.641,98.09337161486872
603260.SH,20260605,38.31,38.75,37.28,37.34,38.47,-1.13,-2.9374,106423.0,404217.136,37.98212190973756
603261.SH,20260605,33.0,34.18,33.0,33.83,33.0,0.83,2.5152,3241.0,10915.063,33.6780715828448
603262.SH,20260605,27.3,28.3,27.02,28.16,27.26,0.9,3.3015,31598.7,88674.131,28.062588334330204
603266.SH,20260605,18.76,19.1,18.03,18.71,18.77,-0.06,-0.3197,39470.43,73329.859,18.57842921903815
603267.SH,20260605,79.5,79.5,73.12,74.8,81.11,-6.31,-7.7796,259587.64,1972165.269,75.97300352975203
603268.SH,20260605,138.89,143.99,138.0,142.09,138.89,3.2,2.304,87382.8,1241393.972,142.0638812214761
603269.SH,20260605,21.62,22.4,21.24,21.97,21.61,0.36,1.6659,213846.39,468573.195,21.911671971642825
603270.SH,20260605,26.79,29.77,25.95,29.77,27.06,2.71,10.0148,75950.64,212883.106,28.02913918829387
603271.SH,20260605,44.35,45.75,43.45,44.81,44.62,0.19,0.4258,18234.0,81144.439,44.5017215092684
603272.SH,20260605,41.5,43.6,39.44,43.6,41.52,2.08,5.0096,57885.0,241129.016,41.65656318562667
603273.SH,20260605,14.46,15.05,14.11,14.81,14.47,0.34,2.3497,21238.78,31163.85,14.673088567234087
603275.SH,20260605,41.34,42.85,40.14,41.72,41.3,0.42,1.0169,24269.79,100380.808,41.36039413608441
603276.SH,20260605,15.72,16.68,15.6,16.4,15.62,0.78,4.9936,35538.31,57508.667,16.182161447744704
603277.SH,20260605,11.29,11.5,11.15,11.44,11.18,0.26,2.3256,13258.55,15031.064,11.336883746714385
603278.SH,20260605,12.25,13.2,11.91,12.85,12.41,0.44,3.5455,469554.26,591976.486,12.60720083766251
603279.SH,20260605,14.01,14.32,13.8,14.02,13.98,0.04,0.2861,87003.37,122315.661,14.058726805639827
603280.SH,20260605,28.42,29.0,27.94,28.75,28.3,0.45,1.5901,10886.0,31110.223,28.57819492926695
603281.SH,20260605,33.77,34.72,32.88,33.83,33.76,0.07,0.2073,29739.68,100825.411,33.902654971405205
603282.SH,20260605,15.44,15.92,15.07,15.69,15.4,0.29,1.8831,14599.0,22666.08,15.525775738064251
603283.SH,20260605,48.06,49.99,46.58,49.05,49.3,-0.25,-0.5071,216424.59,1046995.88,48.376937204778805
603284.SH,20260605,40.53,41.26,40.01,40.69,40.73,-0.04,-0.0982,8848.89,35947.062,40.623244271315386
603285.SH,20260605,43.18,43.92,41.66,42.8,43.48,-0.68,-1.5639,32557.75,139522.255,42.85377675054327
603286.SH,20260605,59.99,62.01,57.66,60.96,59.64,1.32,2.2133,76953.0,461684.166,59.99560329032007
603288.SH,20260605,33.84,34.35,33.84,34.03,33.8,0.23,0.6805,138275.62,470834.661,34.05044656462217
603289.SH,20260605,9.82,10.02,9.33,9.75,9.68,0.07,0.7231,110415.9,107192.281,9.70804757285862
603290.SH,20260605,118.95,118.95,112.47,113.18,121.33,-8.15,-6.7172,115265.78,1325992.402,115.03781972411934
603291.SH,20260605,10.5,10.54,10.12,10.2,10.48,-0.28,-2.6718,36516.0,37378.255,10.236130737211084
603293.SH,20260605,43.08,44.23,42.45,43.63,43.26,0.37,0.8553,24614.98,106995.607,43.46767984373743
603296.SH,20260605,113.0,113.02,106.84,107.54,114.45,-6.91,-6.0376,277794.06,3030906.577,109.10624140055407
603297.SH,20260605,124.0,126.73,120.05,123.83,123.74,0.09,0.0727,14904.0,185198.268,124.26078099838969
603298.SH,20260605,24.78,25.18,24.34,24.78,24.66,0.12,0.4866,65237.0,162162.583,24.857455585020773
603299.SH,20260605,10.14,10.23,10.03,10.04,10.16,-0.12,-1.1811,46172.0,46715.925,10.117804080395045
603300.SH,20260605,5.22,5.36,5.14,5.26,5.22,0.04,0.7663,495311.18,260138.661,5.252024818014405
603301.SH,20260605,83.05,83.05,80.0,80.16,83.07,-2.91,-3.5031,22338.34,180578.746,80.83803272758854
603303.SH,20260605,27.59,28.5,26.55,27.45,27.76,-0.31,-1.1167,68043.84,185062.85,27.19759055338441
603305.SH,20260605,14.62,15.29,14.08,14.91,14.67,0.24,1.636,433785.61,637569.505,14.697802100904179
603306.SH,20260605,101.99,104.11,98.2,98.95,103.63,-4.68,-4.5161,140374.38,1414087.78,100.7368851780503
603307.SH,20260605,37.51,39.26,36.9,39.1,37.45,1.65,4.4059,7369.0,28187.025,38.250814221739724
603308.SH,20260605,66.7,67.5,64.01,64.34,66.6,-2.26,-3.3934,161004.09,1054849.343,65.51692835877648
603309.SH,20260605,11.54,11.65,11.51,11.57,11.49,0.08,0.6963,38639.36,44763.344,11.584908238645774
603310.SH,20260605,16.04,16.24,15.85,16.02,15.98,0.04,0.2503,24866.16,39943.33,16.06332863618669
603311.SH,20260605,38.14,41.19,37.14,40.92,38.53,2.39,6.203,197259.0,784858.808,39.78823820459396
603312.SH,20260605,36.59,38.37,35.43,36.85,36.6,0.25,0.6831,17725.22,65053.282,36.700972963946285
603313.SH,20260605,5.49,5.5,5.34,5.43,5.4,0.03,0.5556,83544.3,45340.061,5.427068154260674
603315.SH,20260605,16.1,16.83,15.91,16.6,16.26,0.34,2.091,149192.0,246186.935,16.50134960319588
603316.SH,20260605,19.72,20.59,19.17,19.8,20.35,-0.55,-2.7027,251393.8,498927.334,19.846445457286535
603317.SH,20260605,13.62,13.84,13.48,13.69,13.62,0.07,0.514,102953.83,140866.247,13.682467859622125
603318.SH,20260605,9.09,9.29,8.71,8.88,9.27,-0.39,-4.2071,440562.54,391971.619,8.897070981114283
603319.SH,20260605,43.72,44.49,42.2,43.16,43.94,-0.78,-1.7751,342320.39,1483267.59,43.32980544921674
603320.SH,20260605,21.38,21.95,20.7,21.51,21.14,0.37,1.7502,21824.3,46742.462,21.417622558340934
603321.SH,20260605,6.42,6.68,6.35,6.59,6.43,0.16,2.4883,45464.0,29693.021,6.5311061499208165
603322.SH,20260605,30.83,31.46,29.5,30.53,30.82,-0.29,-0.9409,61489.57,187881.615,30.555038033279462
603323.SH,20260605,4.71,4.77,4.7,4.72,4.7,0.02,0.4255,240967.49,114086.365,4.734512734477169
603324.SH,20260605,31.45,31.48,29.71,30.18,31.39,-1.21,-3.8547,82255.2,250469.413,30.45028314319338
603325.SH,20260605,57.6,59.23,56.69,58.5,56.99,1.51,2.6496,7969.56,46325.613,58.12819402827759
603326.SH,20260605,7.17,7.37,7.1,7.3,7.16,0.14,1.9553,26706.0,19377.832,7.255984422976109
603327.SH,20260605,10.17,10.98,9.65,10.66,10.27,0.39,3.7975,500611.43,524702.323,10.481229383835682
603328.SH,20260605,12.94,13.54,12.52,13.31,13.07,0.24,1.8363,833070.64,1095825.126,13.154048088887155
603329.SH,20260605,9.98,10.28,9.87,10.18,9.96,0.22,2.2088,36918.6,37256.963,10.091651091861555
603330.SH,20260605,10.15,10.35,8.54,8.61,9.41,-0.8,-8.5016,1465455.89,1393483.223,9.508871829639308
603331.SH,20260605,12.37,13.0,12.02,12.74,12.43,0.31,2.494,95519.4,120233.532,12.587341629030336
603332.SH,20260605,11.79,12.12,11.59,11.96,11.8,0.16,1.3559,44932.0,53504.158,11.907806908216862
603333.SH,20260605,8.61,9.08,8.3,8.79,8.61,0.18,2.0906,273148.84,238007.507,8.71347310133186
603334.SH,20260605,42.76,43.19,40.9,41.66,42.76,-1.1,-2.5725,13274.02,55270.515,41.63811339744854
603335.SH,20260605,6.92,7.23,6.76,6.9,6.92,-0.02,-0.289,156688.71,108449.999,6.9213665107077595
603336.SH,20260605,9.1,9.25,8.94,9.01,9.19,-0.18,-1.9587,138279.46,125224.679,9.055913220951254
603337.SH,20260605,39.3,41.41,38.4,39.72,39.34,0.38,0.9659,42164.03,167467.256,39.718038337416985
603338.SH,20260605,52.18,53.43,51.41,52.4,51.78,0.62,1.1974,55655.09,293200.127,52.68163738482859
603339.SH,20260605,13.63,13.65,13.0,13.29,13.61,-0.32,-2.3512,66723.96,88134.729,13.208857657728947
603341.SH,20260605,38.25,39.28,37.65,38.7,38.48,0.22,0.5717,135663.55,525755.55,38.754370647089814
603344.SH,20260605,30.9,32.12,29.55,31.08,30.62,0.46,1.5023,73569.16,226138.166,30.738174256713002
603345.SH,20260605,86.82,88.05,86.04,86.68,86.88,-0.2,-0.2302,52385.4,455184.751,86.89152912834493
603348.SH,20260605,15.75,16.11,15.43,15.9,15.7,0.2,1.2739,22389.82,35352.37,15.789483792187703
603350.SH,20260605,29.77,31.14,29.24,30.67,29.78,0.89,2.9886,10162.99,30803.368,30.309355809658378
603351.SH,20260605,25.5,25.99,25.33,25.47,25.35,0.12,0.4734,9078.0,23304.536,25.671443049129763
603352.SH,20260605,31.0,31.02,30.3,30.35,31.72,-1.37,-4.319,29169.97,89151.556,30.562786317572485
603353.SH,20260605,44.33,44.65,42.5,43.5,44.69,-1.19,-2.6628,64211.2,277780.831,43.26049520955846
603355.SH,20260605,25.33,26.4,24.7,25.58,25.33,0.25,0.987,26767.09,68476.279,25.582265012745125
603356.SH,20260605,17.97,18.65,17.7,17.75,17.98,-0.23,-1.2792,52181.59,94180.383,18.048584376213913
603357.SH,20260605,6.86,6.97,6.84,6.91,6.86,0.05,0.7289,25455.2,17581.286,6.906756183412426
603358.SH,20260605,37.8,38.85,35.5,38.46,38.09,0.37,0.9714,127206.43,471545.806,37.06933729686463
603359.SH,20260605,2.77,2.94,2.77,2.86,2.8,0.06,2.1429,149526.8,42862.978,2.8665749551251016
603360.SH,20260605,18.2,20.22,17.61,20.22,18.38,1.84,10.0109,262577.89,500803.47,19.072568143494486
603363.SH,20260605,3.04,3.07,2.96,2.97,3.03,-0.06,-1.9802,313734.3,93999.886,2.9961622302693716
603365.SH,20260605,18.05,18.56,18.05,18.41,18.06,0.35,1.938,12237.0,22534.661,18.41518427719212
603366.SH,20260605,7.14,7.3,7.0,7.17,7.13,0.04,0.561,111706.41,79833.452,7.1467207656212395
603367.SH,20260605,13.41,13.6,13.37,13.46,13.31,0.15,1.127,39529.0,53324.09,13.489865668243567
603368.SH,20260605,15.93,16.46,15.93,16.34,15.85,0.49,3.0915,48211.25,78333.363,16.247942751951047
603369.SH,20260605,27.01,27.49,25.85,25.93,26.76,-0.83,-3.1016,177893.23,468210.042,26.319722341316755
603370.SH,20260605,43.64,43.65,42.58,42.6,43.65,-1.05,-2.4055,11559.0,49603.981,42.91373042650748
603373.SH,20260605,49.21,50.56,48.01,49.86,49.7,0.16,0.3219,28338.0,139614.912,49.267736608088086
603375.SH,20260605,47.5,48.81,45.79,47.19,48.16,-0.97,-2.0141,28265.0,133194.145,47.12334866442596
603376.SH,20260605,28.68,28.88,27.7,27.84,29.1,-1.26,-4.3299,18691.74,52421.957,28.045520106742337
603377.SH,20260605,3.67,3.7,3.58,3.62,3.71,-0.09,-2.4259,65479.1,23691.73,3.618212528883262
603378.SH,20260605,5.73,5.85,5.6,5.62,5.73,-0.11,-1.9197,144947.75,83031.865,5.728399716449548
603379.SH,20260605,58.18,61.7,57.77,60.24,58.8,1.44,2.449,121932.32,734604.321,60.24689114420197
603380.SH,20260605,35.15,36.26,33.65,35.54,35.15,0.39,1.1095,36039.0,126330.867,35.05393240655956
603381.SH,20260605,18.36,18.71,17.92,18.45,18.46,-0.01,-0.0542,43196.38,79275.313,18.352304753314975
603382.SH,20260605,20.88,21.52,20.63,21.34,21.05,0.29,1.3777,14505.42,30579.717,21.081579850841962
603383.SH,20260605,29.96,30.49,29.13,30.01,30.15,-0.14,-0.4643,48324.17,144099.323,29.819306363668538
603385.SH,20260605,5.57,5.8,5.5,5.74,5.54,0.2,3.6101,41768.0,23678.846,5.669135701972802
603386.SH,20260605,16.89,18.25,16.81,17.72,17.24,0.48,2.7842,273625.72,486753.415,17.789022720524958
603387.SH,20260605,8.46,8.59,8.4,8.49,8.41,0.08,0.9512,67504.54,57317.873,8.490965644681085
603389.SH,20260605,63.1,63.1,60.0,60.21,62.51,-2.3,-3.6794,9166.0,56170.051,61.28087606371373
603390.SH,20260605,12.2,12.48,11.81,12.22,12.21,0.01,0.0819,77507.0,93965.857,12.123531681009458
603391.SH,20260605,55.63,56.86,53.26,56.02,54.99,1.03,1.8731,10188.89,56568.384,55.519672898618005
603392.SH,20260605,33.82,34.13,33.3,33.59,33.55,0.04,0.1192,21269.68,71569.435,33.64857158170692
603393.SH,20260605,27.14,27.33,26.67,26.75,27.21,-0.46,-1.6906,64852.35,174632.144,26.92765088697634
603395.SH,20260605,23.06,23.26,22.76,22.93,23.07,-0.14,-0.6068,21073.9,48520.11,23.023792463663582
603396.SH,20260605,29.87,31.34,29.09,30.59,29.85,0.74,2.4791,46788.08,141736.424,30.29327640715327
603398.SH,20260605,13.74,14.04,13.43,13.88,13.96,-0.08,-0.5731,65563.04,90021.821,13.730574573723244
603399.SH,20260605,16.37,17.96,16.1,17.28,16.33,0.95,5.8175,950296.48,1640240.622,17.260304089519515
603400.SH,20260605,68.77,69.8,67.5,68.18,69.61,-1.43,-2.0543,9410.79,64479.468,68.5165304931892
603402.SH,20260605,92.76,96.6,92.76,95.07,91.68,3.39,3.6976,10765.53,102079.33,94.82053368482555
603406.SH,20260605,29.5,29.74,29.03,29.3,29.83,-0.53,-1.7767,11686.0,34260.3,29.317388327913747
603407.SH,20260605,57.08,57.39,55.1,56.26,57.31,-1.05,-1.8321,32996.83,186495.311,56.519159870811826
603408.SH,20260605,10.1,10.26,10.06,10.17,10.1,0.07,0.6931,22706.0,23065.711,10.15842112217035
603409.SH,20260605,40.81,41.02,39.18,40.5,40.99,-0.49,-1.1954,20237.77,80878.051,39.96391450243777
603416.SH,20260605,57.18,60.95,55.96,59.42,57.96,1.46,2.519,46792.16,274921.78,58.75381260450469
603418.SH,20260605,50.89,51.41,50.15,50.36,50.9,-0.54,-1.0609,8908.26,45008.383,50.524325738135175
603421.SH,20260605,6.98,7.19,6.98,7.08,7.04,0.04,0.5682,80181.6,56775.444,7.080856954712802
603429.SH,20260605,9.45,9.45,9.15,9.17,9.32,-0.15,-1.6094,26171.6,24229.632,9.257986519738955
603435.SH,20260605,85.0,89.15,81.2,83.11,84.85,-1.74,-2.0507,140796.86,1202154.034,85.38216221583352
603439.SH,20260605,15.85,17.23,15.77,17.0,15.83,1.17,7.391,295159.04,491426.156,16.64953768652995
603444.SH,20260605,329.78,345.0,328.3,334.97,328.3,6.67,2.0317,16402.6,553538.496,337.4699718337337
603456.SH,20260605,12.45,12.55,12.32,12.35,12.34,0.01,0.081,89836.67,111508.414,12.412349433700069
603458.SH,20260605,14.39,14.62,13.76,13.83,14.39,-0.56,-3.8916,203649.82,291144.124,14.296311383923639
603459.SH,20260605,104.49,106.25,98.45,98.48,106.99,-8.51,-7.954,191709.03,1956615.853,102.06174706533125
603466.SH,20260605,11.01,11.73,11.01,11.56,11.0,0.56,5.0909,702642.21,804642.862,11.451672708361771
603477.SH,20260605,14.88,15.06,14.41,14.52,14.95,-0.43,-2.8763,106879.15,156305.373,14.624496265174265
603486.SH,20260605,56.72,59.78,55.41,58.92,56.72,2.2,3.8787,91088.63,525706.658,57.713751760236164
603488.SH,20260605,11.62,12.39,11.5,12.09,11.63,0.46,3.9553,185190.4,223411.831,12.063899154599806
603489.SH,20260605,33.15,34.39,32.37,33.82,33.15,0.67,2.0211,33082.64,110228.741,33.31920941013172
603496.SH,20260605,22.55,23.14,22.01,22.72,22.63,0.09,0.3977,119629.58,270334.287,22.597612312941333
603499.SH,20260605,17.86,18.29,17.55,17.98,17.87,0.11,0.6156,32791.4,58852.353,17.947496294760214
603500.SH,20260605,12.23,12.23,12.23,12.23,11.12,1.11,9.982,53812.43,65812.602,12.230000020441373
603501.SH,20260605,97.5,97.83,95.35,95.39,98.86,-3.47,-3.51,244431.01,2354622.502,96.33076024191857
603505.SH,20260605,17.99,18.88,17.63,18.33,18.07,0.26,1.4388,232781.36,428198.477,18.394878223926522
603506.SH,20260605,10.85,11.2,10.74,11.07,10.81,0.26,2.4052,33082.2,36376.28,10.995725798163363
603507.SH,20260605,37.22,37.37,36.1,36.49,37.12,-0.63,-1.6972,51463.01,188465.162,36.62148055467413
603508.SH,20260605,22.24,22.52,22.0,22.31,22.06,0.25,1.1333,27638.57,61589.379,22.28385151619639
603511.SH,20260605,12.88,13.16,12.83,13.05,12.89,0.16,1.2413,15523.0,20181.151,13.000805900921215
603515.SH,20260605,18.51,18.96,18.38,18.81,18.37,0.44,2.3952,14566.48,27304.35,18.74464524030514
603516.SH,20260605,133.0,139.03,130.0,135.02,126.39,8.63,6.8281,180413.28,2456821.216,136.177404235431
603517.SH,20260605,12.67,12.97,12.33,12.39,12.65,-0.26,-2.0553,117101.4,146709.04,12.528376261940508
603518.SH,20260605,8.45,8.65,8.4,8.53,8.43,0.1,1.1862,60896.48,51962.599,8.53293967073302
603519.SH,20260605,12.49,12.64,12.37,12.55,12.42,0.13,1.0467,23357.7,29250.18,12.522714137093978
603520.SH,20260605,9.74,10.0,9.58,9.82,9.73,0.09,0.925,230662.15,226989.472,9.840776737752597
603527.SH,20260605,13.35,13.99,12.69,13.48,13.6,-0.12,-0.8824,244809.69,328879.024,13.434068888367939
603528.SH,20260605,6.72,7.08,6.61,6.9,6.65,0.25,3.7594,153303.25,105448.811,6.878445890742695
603529.SH,20260605,20.74,22.02,20.74,21.56,20.73,0.83,4.0039,95467.89,204723.369,21.444212184850848
603530.SH,20260605,55.72,55.87,53.44,53.76,55.05,-1.29,-2.3433,28306.32,153206.213,54.1243838831752
603533.SH,20260605,24.41,24.63,23.05,23.77,24.11,-0.34,-1.4102,261582.22,618713.039,23.652717642659354
603535.SH,20260605,6.82,6.98,6.73,6.89,6.83,0.06,0.8785,35057.88,24063.782,6.864015165777281
603536.SH,20260605,8.93,9.32,8.89,9.2,8.93,0.27,3.0235,56455.0,51533.202,9.128190948543086
603538.SH,20260605,44.02,44.6,39.44,39.66,42.22,-2.56,-6.0635,282001.45,1149508.087,40.76248852621148
603551.SH,20260605,10.72,10.87,10.63,10.76,10.71,0.05,0.4669,18378.0,19734.336,10.738021547502449
603556.SH,20260605,24.79,24.94,24.16,24.44,24.76,-0.32,-1.2924,40999.31,100485.232,24.509005639363203
603557.SH,20260605,4.92,4.98,4.8,4.8,4.9,-0.1,-2.0408,33717.0,16365.029,4.853643266008245
603558.SH,20260605,11.93,12.05,11.68,11.76,11.83,-0.07,-0.5917,32139.0,38063.691,11.843458415009799
603559.SH,20260605,8.51,8.51,8.51,8.51,8.96,-0.45,-5.0223,19009.0,16176.659,8.51
603565.SH,20260605,9.85,10.02,9.75,9.79,9.85,-0.06,-0.6091,154055.06,152118.71,9.87430792601035
603566.SH,20260605,10.34,10.51,10.29,10.43,10.35,0.08,0.7729,20330.05,21178.849,10.417509548673022
603567.SH,20260605,6.71,7.09,6.71,7.0,6.67,0.33,4.9475,186181.05,129024.134,6.930035790430874
603568.SH,20260605,14.45,15.3,14.18,14.99,14.46,0.53,3.6653,150392.76,222270.695,14.779348088298931
603569.SH,20260605,5.88,6.06,5.85,6.0,5.86,0.14,2.3891,52978.83,31597.9,5.9642502486370494
603577.SH,20260605,9.93,10.07,9.62,9.83,9.83,0.0,0.0,51300.29,50521.444,9.848179025888548
603578.SH,20260605,14.09,15.51,13.4,15.51,14.1,1.41,10.0,90764.52,134591.831,14.828683168268835
603579.SH,20260605,18.74,19.18,18.42,18.84,18.66,0.18,0.9646,25871.41,48679.027,18.81576110463249
603580.SH,20260605,24.1,24.1,22.3,22.48,23.05,-0.57,-2.4729,8372.0,19023.751,22.723066172957477
603583.SH,20260605,24.65,26.95,23.8,26.11,24.5,1.61,6.5714,120827.35,312449.367,25.8591591225
603585.SH,20260605,15.45,15.69,15.11,15.55,15.46,0.09,0.5821,34383.48,53035.562,15.424721988582888
603586.SH,20260605,17.29,17.75,17.18,17.6,17.3,0.3,1.7341,30799.0,54142.178,17.57919997402513
603587.SH,20260605,12.26,12.53,12.15,12.42,12.21,0.21,1.7199,20412.43,25366.721,12.427095157215483
603588.SH,20260605,13.71,14.37,13.45,13.56,13.77,-0.21,-1.5251,710281.16,984366.052,13.858822497840151
603589.SH,20260605,20.68,21.1,20.28,20.3,20.47,-0.17,-0.8305,70311.88,144658.013,20.573765486003218
603590.SH,20260605,31.25,31.92,30.33,30.44,31.11,-0.67,-2.1536,36827.0,113460.172,30.808964075270865
603595.SH,20260605,24.58,24.91,23.64,23.64,24.88,-1.24,-4.9839,34489.0,83266.923,24.14303778016179
603596.SH,20260605,31.35,31.86,29.94,30.82,31.51,-0.69,-2.1898,235173.15,722468.966,30.720724963712907
603598.SH,20260605,22.1,22.26,20.42,21.04,21.21,-0.17,-0.8015,242373.37,513442.553,21.183950736832188
603599.SH,20260605,11.09,11.36,11.02,11.16,11.12,0.04,0.3597,123924.34,139245.168,11.236304990609593
603600.SH,20260605,10.22,10.33,10.02,10.26,10.18,0.08,0.7859,50501.0,51475.087,10.192884695352566
603601.SH,20260605,15.88,16.6,14.85,16.49,15.57,0.92,5.9088,2786850.19,4397354.159,15.778939875487172
603602.SH,20260605,13.31,13.46,12.94,13.24,13.32,-0.08,-0.6006,51896.99,68618.381,13.222034842483158
603605.SH,20260605,67.73,67.95,65.15,65.78,66.48,-0.7,-1.0529,71307.01,473526.652,66.4067462651989
603606.SH,20260605,41.05,41.23,40.16,40.21,41.15,-0.94,-2.2843,129750.12,525874.837,40.52981507839839
603607.SH,20260605,21.57,22.6,20.85,21.98,21.58,0.4,1.8536,43130.8,94064.831,21.809201545067562
603608.SH,20260605,19.3,21.0,19.01,20.69,19.65,1.04,5.2926,396913.84,797758.562,20.099036153539018
603609.SH,20260605,6.11,6.28,6.11,6.19,6.17,0.02,0.3241,18686.5,11565.377,6.189161694271266
603610.SH,20260605,19.0,19.97,18.56,18.82,19.32,-0.5,-2.588,197434.66,377624.072,19.126533912535923
603611.SH,20260605,17.95,18.74,17.94,18.41,17.94,0.47,2.6198,35961.89,66291.94,18.433942153763333
603612.SH,20260605,20.56,20.86,20.13,20.34,20.55,-0.21,-1.0219,104952.64,214568.08,20.444276580369962
603613.SH,20260605,23.19,23.48,22.92,22.95,23.15,-0.2,-0.8639,69111.3,160112.33,23.167315619876916
603615.SH,20260605,19.17,19.54,18.81,19.18,19.18,0.0,0.0,38567.0,73993.792,19.185778515311018
603616.SH,20260605,5.81,6.09,5.79,6.03,5.85,0.18,3.0769,245219.0,146315.031,5.966708574784172
603617.SH,20260605,7.22,7.45,7.21,7.29,7.26,0.03,0.4132,77065.33,56508.148,7.332499322328212
603618.SH,20260605,42.5,46.44,41.3,41.71,43.58,-1.87,-4.291,935275.74,4063861.21,43.45094217882739
603619.SH,20260605,25.46,25.9,25.13,25.39,25.7,-0.31,-1.2062,116978.03,298558.034,25.52257325584984
603626.SH,20260605,22.94,23.92,22.09,23.03,23.08,-0.05,-0.2166,326985.66,750560.883,22.953938805756806
603628.SH,20260605,10.46,10.74,10.28,10.56,10.52,0.04,0.3802,40649.83,42776.416,10.52314757527891
603629.SH,20260605,200.43,202.58,180.38,180.38,200.42,-20.04,-9.999,337418.38,6293126.603,186.50811502918128
603630.SH,20260605,13.55,13.97,13.51,13.59,13.55,0.04,0.2952,39909.9,54722.78,13.71158033470392
603633.SH,20260605,8.5,8.87,8.05,8.72,8.62,0.1,1.1601,420453.86,358696.783,8.531180638940977
603636.SH,20260605,8.91,9.13,8.76,8.97,8.96,0.01,0.1116,141510.66,126804.788,8.960794049013693
603637.SH,20260605,17.0,18.68,17.0,17.96,16.98,0.98,5.7715,229021.46,415028.833,18.121831596043446
603638.SH,20260605,21.88,23.99,21.3,23.16,21.88,1.28,5.8501,191045.53,436723.035,22.85963115703361
603639.SH,20260605,10.89,11.03,10.81,10.97,10.9,0.07,0.6422,10130.0,11076.46,10.934313919052318
603648.SH,20260605,8.86,9.04,8.85,8.94,8.87,0.07,0.7892,22057.0,19742.68,8.950754862401958
603650.SH,20260605,53.0,56.75,51.26,54.82,53.65,1.17,2.1808,218531.59,1194202.401,54.64667149495412
603655.SH,20260605,36.72,37.06,35.94,36.4,36.67,-0.27,-0.7363,10670.0,38866.611,36.42606466729147
603656.SH,20260605,19.56,19.87,19.07,19.21,19.66,-0.45,-2.2889,65221.52,125866.218,19.29826505116716
603657.SH,20260605,25.83,26.39,24.87,25.68,25.83,-0.15,-0.5807,21678.0,55625.201,25.659747670449306
603658.SH,20260605,30.79,31.17,30.44,31.1,30.58,0.52,1.7005,20907.3,64591.175,30.894077666652322
603659.SH,20260605,28.27,28.44,27.51,27.61,28.4,-0.79,-2.7817,473287.45,1320064.641,27.891393295976897
603660.SH,20260605,11.91,12.03,11.6,11.64,11.91,-0.27,-2.267,167351.68,197388.456,11.794829666484377
603661.SH,20260605,35.72,36.44,34.3,34.68,36.41,-1.73,-4.7514,76439.78,268207.312,35.08739978058544
603662.SH,20260605,62.71,67.27,60.1,66.24,62.93,3.31,5.2598,149212.3,963472.224,64.57056315062499
603663.SH,20260605,65.0,67.33,63.28,65.27,66.9,-1.63,-2.4365,227766.07,1485379.026,65.21511417394171
603665.SH,20260605,26.91,27.66,25.6,26.74,26.97,-0.23,-0.8528,33791.48,89599.536,26.515422230692465
603666.SH,20260605,28.06,30.49,26.77,28.82,28.05,0.77,2.7451,95995.87,276486.908,28.801958667596846
603667.SH,20260605,71.2,78.08,67.3,74.34,71.84,2.5,3.48,484290.94,3479828.571,71.85409190186378
603668.SH,20260605,11.04,11.27,10.75,11.06,11.07,-0.01,-0.0903,70740.18,77645.844,10.97620107836876
603669.SH,20260605,4.11,4.17,4.01,4.07,4.07,0.0,0.0,103629.2,42188.53,4.071104476344505
603676.SH,20260605,8.88,9.12,8.67,8.98,8.88,0.1,1.1261,19740.0,17739.344,8.98649645390071
603677.SH,20260605,15.9,16.47,15.29,15.96,15.94,0.02,0.1255,43410.24,68968.529,15.887617529873134
603678.SH,20260605,63.82,64.94,61.1,62.98,64.47,-1.49,-2.3112,455990.64,2883133.832,63.22791695899723
603679.SH,20260605,16.32,16.7,15.55,16.5,16.32,0.18,1.1029,55432.45,90136.085,16.260527001783252
603680.SH,20260605,11.75,11.94,11.64,11.69,11.74,-0.05,-0.4259,39999.08,47078.747,11.769957459021558
603681.SH,20260605,25.08,25.48,23.94,23.94,26.6,-2.66,-10.0,142556.0,345268.545,24.219853601391733
603682.SH,20260605,8.56,8.75,8.38,8.61,8.56,0.05,0.5841,96204.0,82778.852,8.604512494282982
603683.SH,20260605,31.31,34.45,30.76,33.86,31.32,2.54,8.1098,325134.09,1072398.484,32.98326804181007
603685.SH,20260605,33.72,33.99,32.68,33.41,33.7,-0.29,-0.8605,31009.26,103135.334,33.25952763787333
603686.SH,20260605,15.15,15.4,14.68,15.1,15.06,0.04,0.2656,119510.9,179749.689,15.04044308929144
603687.SH,20260605,18.8,19.56,18.44,18.7,18.5,0.2,1.0811,575907.0,1093055.729,18.979726396796707
603688.SH,20260605,65.67,71.91,63.3,69.49,66.38,3.11,4.6851,381441.01,2614229.079,68.53560604298946
603689.SH,20260605,7.95,8.02,7.87,7.91,7.93,-0.02,-0.2522,36485.4,28988.806,7.945316756839722
603690.SH,20260605,26.21,27.1,25.33,26.04,26.57,-0.53,-1.9947,196337.59,514531.42,26.206465099220175
603693.SH,20260605,16.31,16.83,14.93,15.31,16.59,-1.28,-7.7155,275976.19,433385.24,15.703718498324076
603696.SH,20260605,12.84,13.24,12.81,13.08,12.83,0.25,1.9486,49099.41,63952.169,13.025038182739873
603697.SH,20260605,10.52,11.0,10.46,10.68,10.47,0.21,2.0057,68866.6,73573.739,10.683515521312216
603698.SH,20260605,33.47,34.08,32.2,33.17,33.07,0.1,0.3024,211730.84,704350.336,33.2663081108071
603699.SH,20260605,56.78,58.91,56.02,57.81,56.78,1.03,1.814,63065.0,366055.65,58.04418457147388
603700.SH,20260605,11.11,11.92,10.96,11.7,11.12,0.58,5.2158,65578.0,75477.179,11.509527432980573
603701.SH,20260605,24.22,24.22,22.51,22.95,24.2,-1.25,-5.1653,121016.86,279779.448,23.119047048485637
603703.SH,20260605,12.5,13.7,12.41,13.02,12.61,0.41,3.2514,204561.0,266323.956,13.019292827078475
603706.SH,20260605,22.09,22.85,22.01,22.39,21.99,0.4,1.819,21335.0,47908.722,22.45545910475744
603707.SH,20260605,8.0,8.1,7.96,8.04,7.93,0.11,1.3871,60544.34,48737.215,8.049838349877131
603708.SH,20260605,9.59,10.14,9.5,9.73,9.46,0.27,2.8541,50870.82,49724.511,9.774662763446706
603709.SH,20260605,15.71,16.44,15.41,16.05,15.72,0.33,2.0992,21539.26,34210.158,15.882698848521262
603711.SH,20260605,13.58,13.8,13.31,13.41,13.63,-0.22,-1.6141,39786.98,53606.161,13.47329226797309
603712.SH,20260605,14.0,14.48,13.94,14.26,13.95,0.31,2.2222,105366.0,150406.2,14.274642674107398
603713.SH,20260605,53.0,53.59,51.82,52.51,53.07,-0.56,-1.0552,31539.0,166120.307,52.671393195725926
603716.SH,20260605,16.36,16.6,15.81,16.24,16.2,0.04,0.2469,87821.47,142045.241,16.174318307356963
603717.SH,20260605,6.57,6.96,6.38,6.76,6.58,0.18,2.7356,139657.0,93695.72,6.708988450274601
603718.SH,20260605,3.39,3.45,3.34,3.37,3.4,-0.03,-0.8824,106607.0,36136.58,3.389700488710873
603719.SH,20260605,9.72,9.85,9.49,9.64,9.69,-0.05,-0.516,49341.0,47575.798,9.6422443809408
603721.SH,20260605,20.44,20.96,19.67,20.32,20.6,-0.28,-1.3592,56863.3,114793.754,20.187670078943714
603722.SH,20260605,34.45,35.63,33.6,35.33,34.45,0.88,2.5544,17422.0,60616.48,34.79306623808977
603725.SH,20260605,11.56,12.84,11.12,12.84,11.67,1.17,10.0257,280841.79,343706.479,12.238437840750125
603726.SH,20260605,25.89,26.3,24.9,25.72,25.86,-0.14,-0.5414,47871.0,122304.994,25.548869670572998
603727.SH,20260605,14.5,14.68,14.26,14.45,14.51,-0.06,-0.4135,34430.0,49901.748,14.493682253848387
603728.SH,20260605,63.0,67.88,59.88,65.82,63.52,2.3,3.6209,191315.75,1225108.26,64.03593326738651
603729.SH,20260605,12.74,13.01,12.56,12.97,12.74,0.23,1.8053,12784.4,16381.693,12.813814492662933
603730.SH,20260605,12.45,12.54,12.08,12.48,12.43,0.05,0.4023,242695.29,299990.52,12.3607887075188
603733.SH,20260605,26.03,26.79,25.79,26.19,26.0,0.19,0.7308,156311.47,413223.847,26.435926103183597
603737.SH,20260605,29.6,30.2,29.27,29.33,29.96,-0.63,-2.1028,67125.45,198939.587,29.63698373716675
603738.SH,20260605,44.6,46.15,43.98,44.49,45.35,-0.86,-1.8964,351381.0,1580518.686,44.98019773408352
603739.SH,20260605,12.62,12.81,12.42,12.67,12.62,0.05,0.3962,20417.2,25766.843,12.62016486099955
603755.SH,20260605,24.03,25.05,24.03,24.95,24.47,0.48,1.9616,10805.0,26648.122,24.662769088385005
603757.SH,20260605,56.22,57.0,53.88,54.38,57.73,-3.35,-5.8029,116092.41,640401.307,55.163064234776414
603758.SH,20260605,10.6,11.0,10.36,10.8,10.63,0.17,1.5992,43399.0,46338.637,10.677351321459021
603759.SH,20260605,7.92,8.0,7.8,7.88,7.94,-0.06,-0.7557,28842.54,22746.706,7.886512768986364
603766.SH,20260605,12.6,12.71,12.28,12.62,12.58,0.04,0.318,184166.5,230794.737,12.531852264119696
603767.SH,20260605,16.9,18.07,16.09,17.63,16.89,0.74,4.3813,167417.0,286687.713,17.124169767705787
603768.SH,20260605,11.15,11.34,10.9,11.2,11.16,0.04,0.3584,40555.0,45263.059,11.160907163111824
603773.SH,20260605,122.3,134.64,122.3,132.4,122.4,10.0,8.1699,357752.66,4746754.702,132.68258304494506
603776.SH,20260605,20.15,21.21,20.1,20.34,20.39,-0.05,-0.2452,46311.88,94991.165,20.51118741022822
603777.SH,20260605,17.15,17.31,16.77,17.04,17.12,-0.08,-0.4673,58517.0,99245.838,16.96017191585351
603778.SH,20260605,18.08,18.46,17.2,17.23,18.08,-0.85,-4.7013,462954.14,814715.668,17.598193808138316
603779.SH,20260605,8.95,9.04,8.55,8.66,8.86,-0.2,-2.2573,283420.22,247550.119,8.734384547439841
603786.SH,20260605,48.05,48.7,46.5,47.38,48.05,-0.67,-1.3944,39037.0,184615.605,47.2924674027205
603787.SH,20260605,10.03,10.27,9.86,10.19,10.0,0.19,1.9,35147.19,35447.089,10.085326593676477
603788.SH,20260605,14.93,15.45,14.64,15.24,14.92,0.32,2.1448,27869.0,42067.229,15.094631669597042
603789.SH,20260605,5.76,5.94,5.69,5.71,5.8,-0.09,-1.5517,41805.0,24378.691,5.831525176414304
603790.SH,20260605,24.69,27.21,24.0,27.21,24.74,2.47,9.9838,57436.0,149785.991,26.078764363813637
603797.SH,20260605,4.21,4.32,4.16,4.27,4.22,0.05,1.1848,54408.0,23070.321,4.240244265549184
603798.SH,20260605,15.42,16.12,15.38,16.03,15.43,0.6,3.8885,74597.8,117064.543,15.692760778467997
603799.SH,20260605,51.25,51.67,49.62,49.96,51.3,-1.34,-2.6121,596856.36,3019297.687,50.58667192555341
603800.SH,20260605,76.0,80.49,72.6,76.55,77.0,-0.45,-0.5844,141042.21,1095484.726,77.67070056545484
603801.SH,20260605,6.95,7.07,6.93,7.01,6.95,0.06,0.8633,33030.92,23157.396,7.010823797823374
603803.SH,20260605,12.8,14.0,12.79,13.1,12.96,0.14,1.0802,292231.8,389844.863,13.340261497893112
603806.SH,20260605,17.75,17.89,16.85,17.24,17.79,-0.55,-3.0916,491595.2,854323.275,17.37859269171058
603808.SH,20260605,9.06,9.2,8.93,9.09,9.07,0.02,0.2205,55898.2,50767.841,9.08219602777907
603809.SH,20260605,10.0,10.41,9.68,10.22,9.99,0.23,2.3023,199251.8,200469.995,10.061138469012576
603810.SH,20260605,12.67,13.18,12.47,12.92,12.79,0.13,1.0164,28713.08,36805.381,12.818332620533916
603811.SH,20260605,10.7,10.82,10.65,10.76,10.66,0.1,0.9381,28841.1,30983.572,10.742853774647985
603813.SH,20260605,33.78,36.5,33.49,35.25,35.25,0.0,0.0,9603.0,32944.451,34.30641570342601
603815.SH,20260605,5.98,6.09,5.88,5.92,6.01,-0.09,-1.4975,104024.11,61901.601,5.950697487342117
603816.SH,20260605,28.51,28.86,27.49,27.67,28.58,-0.91,-3.184,65541.85,183409.829,27.983620999407247
603817.SH,20260605,6.04,6.2,6.01,6.13,6.1,0.03,0.4918,69608.0,42463.165,6.100328266865878
603818.SH,20260605,3.09,3.15,3.0,3.11,3.12,-0.01,-0.3205,181265.0,55991.269,3.0889178274901385
603819.SH,20260605,12.5,12.8,12.03,12.42,12.56,-0.14,-1.1146,60108.93,74452.438,12.386252425388374
603822.SH,20260605,81.99,82.2,77.85,78.5,81.83,-3.33,-4.0694,8585.0,68415.324,79.69169947582992
603823.SH,20260605,26.67,29.62,26.51,29.62,26.93,2.69,9.9889,203670.11,592463.986,29.08939294037795
603825.SH,20260605,8.06,8.25,8.0,8.14,8.06,0.08,0.9926,13409.0,10869.657,8.106239838914162
603826.SH,20260605,29.39,30.1,28.45,29.75,29.39,0.36,1.2249,72350.8,212687.139,29.39665338876695
603828.SH,20260605,5.36,5.47,5.19,5.24,5.42,-0.18,-3.321,34179.4,18034.261,5.276353885673827
603829.SH,20260605,20.42,21.05,19.56,20.53,20.41,0.12,0.5879,72878.29,147106.287,20.18520014671036
603833.SH,20260605,36.1,36.71,36.0,36.2,35.95,0.25,0.6954,38730.0,140916.236,36.38425923057062
603836.SH,20260605,12.31,12.71,12.21,12.58,12.32,0.26,2.1104,14660.0,18298.413,12.48186425648022
603838.SH,20260605,8.8,8.89,8.51,8.62,8.88,-0.26,-2.9279,10825.88,9447.494,8.726767708491135
603839.SH,20260605,6.62,6.89,6.57,6.78,6.62,0.16,2.4169,48451.0,32637.806,6.736250232193351
603843.SH,20260605,7.62,8.03,7.62,8.03,7.65,0.38,4.9673,182616.85,143928.564,7.881450369995978
603848.SH,20260605,14.27,14.74,14.27,14.62,14.28,0.34,2.381,14316.98,20851.353,14.564072171645137
603855.SH,20260605,17.86,18.41,17.8,18.15,17.83,0.32,1.7947,26115.0,47499.724,18.18867470802221
603856.SH,20260605,12.04,12.29,12.01,12.1,12.05,0.05,0.4149,50574.0,61598.18,12.179811760983906
603858.SH,20260605,14.89,15.14,14.89,15.05,14.84,0.21,1.4151,46120.72,69391.113,15.045539835457902
603859.SH,20260605,44.2,45.34,44.0,45.34,41.22,4.12,9.9951,242373.78,1092319.568,45.06756333131413
603860.SH,20260605,27.2,27.98,26.8,27.5,27.19,0.31,1.1401,13701.35,37568.821,27.419795129677006
603861.SH,20260605,17.0,18.8,16.71,17.99,17.35,0.64,3.6888,485546.86,864256.808,17.799658059780267
603863.SH,20260605,15.88,16.11,15.38,15.85,15.88,-0.03,-0.1889,45123.0,71200.227,15.779143009108436
603866.SH,20260605,4.59,4.7,4.57,4.59,4.6,-0.01,-0.2174,82179.5,37989.988,4.622805930919512
603867.SH,20260605,37.01,38.05,36.26,37.33,37.13,0.2,0.5386,79578.95,297663.522,37.40480642179873
603868.SH,20260605,34.26,34.64,33.5,33.71,34.03,-0.32,-0.9403,22650.0,77168.292,34.06988609271523
603869.SH,20260605,9.56,9.78,9.53,9.74,9.77,-0.03,-0.3071,12848.8,12407.427,9.656486987111638
603871.SH,20260605,12.45,12.74,12.2,12.25,12.41,-0.16,-1.2893,145142.23,180954.514,12.467392432925964
603876.SH,20260605,25.13,25.77,24.66,25.06,25.25,-0.19,-0.7525,301484.22,759970.856,25.207649541325914
603877.SH,20260605,13.06,13.63,12.67,12.78,12.55,0.23,1.8327,50952.98,66120.898,12.976846103996271
603878.SH,20260605,6.57,6.57,6.36,6.46,6.53,-0.07,-1.072,99659.4,64493.588,6.471400389727412
603879.SH,20260605,4.9,5.05,4.78,4.99,4.92,0.07,1.4228,89551.92,44213.487,4.937190291397437
603880.SH,20260605,7.9,8.08,7.7,7.95,7.91,0.04,0.5057,49395.36,39016.768,7.898873092533387
603881.SH,20260605,36.99,37.0,35.97,36.23,37.4,-1.17,-3.1283,269808.49,983972.944,36.46930991682286
603882.SH,20260605,24.17,24.4,23.98,24.02,24.04,-0.02,-0.0832,32772.91,79325.21,24.204506099702463
603883.SH,20260605,11.9,12.03,11.8,11.87,11.76,0.11,0.9354,61605.34,73324.791,11.90234336828593
603885.SH,20260605,11.09,11.3,10.83,10.9,10.94,-0.04,-0.3656,203997.55,224877.803,11.023554106409613
603886.SH,20260605,12.05,12.6,11.43,12.19,12.1,0.09,0.7438,278927.99,333292.975,11.949068825971894
603887.SH,20260605,11.88,11.95,11.56,11.67,11.9,-0.23,-1.9328,115463.77,135313.142,11.719099592885282
603888.SH,20260605,19.25,19.25,19.25,19.25,17.5,1.75,10.0,100272.46,193024.486,19.25000004986414
603889.SH,20260605,5.99,6.03,5.85,5.88,5.93,-0.05,-0.8432,100553.71,59497.22,5.91695920518497
603890.SH,20260605,28.36,32.3,27.68,31.24,29.36,1.88,6.4033,1420949.09,4265483.206,30.018550530899034
603893.SH,20260605,171.01,178.9,167.0,173.23,173.31,-0.08,-0.0462,121775.0,2114005.754,173.59932284951756
603895.SH,20260605,33.5,34.0,32.01,33.08,32.94,0.14,0.425,30675.0,101097.227,32.95753121434393
603896.SH,20260605,15.78,16.0,15.52,16.0,15.8,0.2,1.2658,29944.9,47304.993,15.797345457824203
603897.SH,20260605,42.97,43.5,41.08,42.16,42.85,-0.69,-1.6103,56945.61,240824.036,42.2901846165139
603898.SH,20260605,12.4,12.96,12.25,12.52,12.48,0.04,0.3205,32682.0,41161.81,12.594642310752096
603899.SH,20260605,21.84,22.18,21.76,22.17,21.98,0.19,0.8644,48306.0,105959.529,21.93506583033163
603900.SH,20260605,6.45,6.63,6.44,6.53,6.46,0.07,1.0836,45102.6,29453.646,6.5303654334783365
603901.SH,20260605,11.02,11.41,10.73,11.22,11.03,0.19,1.7226,98600.44,109140.568,11.068973728717639
603903.SH,20260605,12.26,12.78,12.17,12.36,12.32,0.04,0.3247,151044.72,187719.93,12.42810274996703
603906.SH,20260605,24.0,24.48,23.09,23.99,23.76,0.23,0.968,252906.34,604172.272,23.88917067084993
603908.SH,20260605,19.58,20.5,19.41,20.25,19.54,0.71,3.6336,16219.8,32493.523,20.03324516948421
603909.SH,20260605,9.86,10.15,9.77,10.02,9.86,0.16,1.6227,20176.8,20104.902,9.964366004520041
603912.SH,20260605,8.87,9.05,8.6,8.97,8.9,0.07,0.7865,151400.75,133985.056,8.849695658707107
603915.SH,20260605,16.0,16.99,15.28,16.43,15.97,0.46,2.8804,176077.38,283388.079,16.094519296004975
603916.SH,20260605,13.96,14.06,13.0,13.38,13.68,-0.3,-2.193,139091.67,186409.139,13.401890925603235
603917.SH,20260605,12.0,12.43,11.8,12.18,12.02,0.16,1.3311,51719.0,62847.639,12.151750613894315
603918.SH,20260605,11.0,11.24,10.84,11.07,11.01,0.06,0.545,67049.5,74065.506,11.0463919939746
603919.SH,20260605,20.3,20.63,19.01,19.06,19.87,-0.81,-4.0765,133979.13,265221.734,19.795749830589287
603920.SH,20260605,63.58,65.0,60.8,61.25,62.69,-1.44,-2.297,492399.99,3078961.448,62.52968136737777
603922.SH,20260605,15.17,15.68,14.74,15.3,15.17,0.13,0.857,20750.4,31677.106,15.265780900609142
603926.SH,20260605,20.74,21.8,20.33,21.27,20.88,0.39,1.8678,71091.8,150046.224,21.10598184319429
603927.SH,20260605,14.76,15.02,14.62,14.8,14.68,0.12,0.8174,66385.84,98486.305,14.835438551353722
603928.SH,20260605,14.62,15.22,14.3,14.94,14.74,0.2,1.3569,49869.3,74098.63,14.85856629228804
603929.SH,20260605,159.0,171.35,153.0,170.09,156.0,14.09,9.0321,125325.48,2052484.173,163.7722969822258
603931.SH,20260605,59.4,60.58,57.3,57.78,59.96,-2.18,-3.6358,88806.6,521127.181,58.68113192037528
603933.SH,20260605,23.15,24.52,23.0,23.9,23.18,0.72,3.1061,83097.0,198103.931,23.840082193099633
603936.SH,20260605,21.3,22.55,20.62,21.44,21.67,-0.23,-1.0614,535417.67,1159175.717,21.649933910474036
603937.SH,20260605,14.46,14.67,14.03,14.37,14.54,-0.17,-1.1692,68200.0,97879.693,14.351861143695015
603938.SH,20260605,46.8,52.82,46.8,52.82,48.02,4.8,9.9958,473840.47,2448427.505,51.67197949554626
603939.SH,20260605,19.78,20.34,19.7,19.9,19.7,0.2,1.0152,116640.92,233552.851,20.02323464183924
603948.SH,20260605,24.16,24.55,23.38,24.19,24.33,-0.14,-0.5754,14310.0,34335.168,23.993828092243184
603949.SH,20260605,15.21,15.84,14.88,15.56,15.21,0.35,2.3011,34368.53,53016.273,15.425819201461337
603950.SH,20260605,69.0,70.04,64.62,64.62,70.05,-5.43,-7.7516,71049.22,473280.24,66.61300996689337
603955.SH,20260605,23.01,24.55,22.63,23.06,23.0,0.06,0.2609,29040.0,67993.692,23.413805785123966
603956.SH,20260605,5.15,5.3,5.01,5.22,5.19,0.03,0.578,152867.56,78867.51,5.15920513155309
603958.SH,20260605,20.49,20.8,19.95,20.02,20.5,-0.48,-2.3415,47492.0,96615.378,20.34350585361745
603959.SH,20260605,4.11,4.14,3.92,4.05,4.1,-0.05,-1.2195,98447.91,39727.97,4.035430513456304
603960.SH,20260605,21.14,22.3,20.61,21.66,21.35,0.31,1.452,103698.0,223102.496,21.514638276533784
603966.SH,20260605,9.01,9.2,8.85,9.05,9.02,0.03,0.3326,84890.7,76717.538,9.037213499240789
603967.SH,20260605,12.12,12.7,12.09,12.5,12.13,0.37,3.0503,33055.3,41334.34,12.504602892728245
603968.SH,20260605,11.04,11.14,10.52,10.83,11.05,-0.22,-1.991,79021.22,85352.045,10.80115505683157
603969.SH,20260605,8.25,8.48,8.08,8.12,8.24,-0.12,-1.4563,118903.1,97783.642,8.223809303542128
603970.SH,20260605,11.16,11.43,11.16,11.33,11.15,0.18,1.6143,16783.01,18973.053,11.30491669849449
603976.SH,20260605,21.36,22.66,20.74,22.36,21.35,1.01,4.7307,53351.49,116899.485,21.911194045377176
603977.SH,20260605,15.0,15.12,14.47,14.75,15.07,-0.32,-2.1234,163406.44,241682.961,14.790295963855524
603978.SH,20260605,27.89,27.89,26.4,26.75,27.89,-1.14,-4.0875,85452.86,230739.748,27.00199244355309
603979.SH,20260605,72.0,74.82,70.05,71.55,72.0,-0.45,-0.625,54589.46,395767.548,72.49889410886277
603980.SH,20260605,5.7,5.83,5.63,5.76,5.73,0.03,0.5236,145067.2,83254.733,5.739045973176569
603982.SH,20260605,6.59,6.83,6.49,6.71,6.6,0.11,1.6667,70328.45,46929.037,6.672838232607146
603983.SH,20260605,22.75,23.66,22.75,22.96,22.74,0.22,0.9675,20617.0,47916.063,23.241045253916674
603985.SH,20260605,24.0,24.35,23.29,23.4,24.03,-0.63,-2.6217,196094.23,466247.231,23.77669302151318
603986.SH,20260605,507.0,519.8,484.9,488.0,529.31,-41.31,-7.8045,547135.42,27565110.091,503.80781582373146
603987.SH,20260605,7.22,7.33,7.18,7.25,7.2,0.05,0.6944,26825.0,19462.243,7.255263000931967
603988.SH,20260605,20.49,21.05,19.69,20.21,20.41,-0.2,-0.9799,63649.32,129022.955,20.270908628717482
603989.SH,20260605,34.2,37.29,34.02,35.5,34.25,1.25,3.6496,412821.18,1471397.07,35.642480116935864
603990.SH,20260605,22.78,23.23,22.03,22.66,22.96,-0.3,-1.3066,293584.72,659755.884,22.472419000552893
603991.SH,20260605,109.0,110.2,105.67,106.58,110.45,-3.87,-3.5038,21227.0,228161.157,107.48629434211146
603992.SH,20260605,30.27,32.78,29.7,32.78,29.8,2.98,10.0,69511.31,220651.171,31.743204235397087
603993.SH,20260605,18.6,19.13,18.07,18.19,18.74,-0.55,-2.9349,2197914.04,4067590.874,18.506596709305335
603995.SH,20260605,18.59,19.46,17.89,18.9,18.4,0.5,2.7174,99067.98,185746.431,18.749391175635157
603997.SH,20260605,15.07,15.35,14.65,14.68,15.15,-0.47,-3.1023,271339.8,404114.983,14.89331764083264
603998.SH,20260605,9.64,9.79,9.64,9.68,9.55,0.13,1.3613,38297.0,37135.284,9.696656134945297
603999.SH,20260605,5.65,5.73,5.56,5.68,5.65,0.03,0.531,81257.8,45979.279,5.658444973897891
605001.SH,20260605,6.21,6.39,6.15,6.31,6.21,0.1,1.6103,45141.4,28362.941,6.283132778336515
605003.SH,20260605,23.86,24.28,23.27,23.86,23.87,-0.01,-0.0419,10133.5,24134.261,23.81631321853259
605005.SH,20260605,16.32,16.42,16.13,16.25,16.25,0.0,0.0,15947.05,25922.693,16.25547859949019
605006.SH,20260605,17.9,19.71,17.54,18.39,18.43,-0.04,-0.217,758910.75,1414373.542,18.63688901494675
605007.SH,20260605,13.3,13.55,13.18,13.33,13.41,-0.08,-0.5966,39861.4,53405.134,13.397706553206861
605008.SH,20260605,10.91,10.99,10.7,10.85,10.91,-0.06,-0.55,12767.0,13853.858,10.851302576956215
605009.SH,20260605,24.3,24.8,24.16,24.46,24.25,0.21,0.866,10268.81,25121.406,24.463794733761752
605011.SH,20260605,21.6,22.04,20.61,20.76,21.8,-1.04,-4.7706,86558.96,181529.309,20.97175254878293
605016.SH,20260605,23.5,23.97,23.38,23.86,23.46,0.4,1.705,36287.9,86204.855,23.75581254357513
605018.SH,20260605,16.5,17.75,16.37,17.62,16.71,0.91,5.4458,308998.15,534361.484,17.293355445655582
605020.SH,20260605,33.55,35.4,32.58,34.46,34.09,0.37,1.0854,290012.27,992331.639,34.21688465112182
605028.SH,20260605,22.28,22.5,21.66,21.93,22.28,-0.35,-1.5709,14249.0,31367.094,22.013540599340303
605033.SH,20260605,19.34,19.68,19.05,19.48,19.35,0.13,0.6718,13117.0,25459.134,19.409265838225203
605050.SH,20260605,10.65,10.9,10.61,10.73,10.65,0.08,0.7512,23840.0,25665.247,10.765623741610737
605055.SH,20260605,11.71,11.88,11.33,11.56,11.7,-0.14,-1.1966,71840.24,83301.521,11.595384564416822
605056.SH,20260605,19.28,19.85,18.55,19.35,19.29,0.06,0.311,76085.52,145593.146,19.135460466065027
605058.SH,20260605,37.71,38.56,34.95,37.2,38.1,-0.9,-2.3622,62599.0,229227.451,36.618388632406266
605060.SH,20260605,52.17,52.43,49.58,49.8,52.44,-2.64,-5.0343,76660.0,390204.195,50.90062548917297
605066.SH,20260605,6.88,6.95,6.66,6.82,6.88,-0.06,-0.8721,145282.0,98893.369,6.806993915282003
605068.SH,20260605,22.34,22.86,21.75,22.31,22.35,-0.04,-0.179,24957.0,55764.561,22.344256521216494
605069.SH,20260605,11.18,11.31,10.65,11.08,11.07,0.01,0.0903,64005.0,70322.315,10.98700335911257
605077.SH,20260605,14.0,14.19,13.4,13.61,14.12,-0.51,-3.6119,147971.22,202432.047,13.680501316404637
605080.SH,20260605,21.9,22.15,21.26,21.83,21.9,-0.07,-0.3196,22348.0,48576.991,21.73661669948094
605086.SH,20260605,29.7,29.73,28.62,29.01,29.66,-0.65,-2.1915,19009.4,55153.886,29.01400675455301
605088.SH,20260605,33.68,33.99,33.0,33.15,33.69,-0.54,-1.6028,34289.0,114494.346,33.3909842806731
605089.SH,20260605,21.57,21.99,21.37,21.81,21.52,0.29,1.3476,10500.38,22819.657,21.73222016727014
605090.SH,20260605,36.77,37.99,36.74,37.56,36.82,0.74,2.0098,164181.95,615337.161,37.47897750026723
605098.SH,20260605,57.01,57.6,54.33,54.35,54.31,0.04,0.0737,17510.94,97109.424,55.45643123670118
605099.SH,20260605,39.9,40.8,38.54,38.89,39.68,-0.79,-1.9909,35828.0,140703.725,39.27200094897846
605100.SH,20260605,34.15,34.94,33.68,34.19,34.75,-0.56,-1.6115,33481.31,114993.791,34.34566658234102
605108.SH,20260605,13.04,13.26,12.99,13.12,12.96,0.16,1.2346,24446.2,32107.407,13.133905064999876
605111.SH,20260605,62.6,63.68,59.88,60.08,63.78,-3.7,-5.8012,274956.47,1693334.646,61.585553742379666
605116.SH,20260605,18.99,19.14,18.76,18.93,18.9,0.03,0.1587,27720.0,52433.215,18.915301226551225
605117.SH,20260605,112.28,112.6,103.6,104.91,112.28,-7.37,-6.5639,247859.3,2660161.323,107.32545936343725
605118.SH,20260605,35.05,35.7,34.05,34.64,35.05,-0.41,-1.1698,25503.0,89059.862,34.92132768693879
605122.SH,20260605,12.73,13.13,12.55,12.91,12.85,0.06,0.4669,28121.2,36071.5,12.827155313429015
605123.SH,20260605,101.99,105.5,99.4,103.98,99.37,4.61,4.6392,54287.97,558391.63,102.8573420593918
605128.SH,20260605,22.21,23.14,22.01,22.52,22.21,0.31,1.3958,59307.41,134356.173,22.65419666783628
605133.SH,20260605,36.5,36.71,35.3,35.77,36.1,-0.33,-0.9141,92803.0,334663.661,36.06172871566652
605136.SH,20260605,8.91,9.15,8.81,8.96,8.97,-0.01,-0.1115,93712.96,84073.856,8.971422522562513
605138.SH,20260605,6.64,6.82,6.56,6.74,6.65,0.09,1.3534,41833.0,27988.939,6.690636339731791
605151.SH,20260605,20.52,21.3,20.34,20.87,20.82,0.05,0.2402,19523.0,40633.75,20.813271525892535
605155.SH,20260605,13.79,14.48,13.79,14.12,13.77,0.35,2.5418,40326.52,56827.651,14.091880727620437
605158.SH,20260605,6.6,6.78,6.48,6.67,6.58,0.09,1.3678,46110.0,30645.481,6.646168076339189
605162.SH,20260605,13.16,13.5,12.0,12.3,12.71,-0.41,-3.2258,735843.79,936096.725,12.721405517331334
605166.SH,20260605,10.27,10.65,10.01,10.4,10.35,0.05,0.4831,108008.0,111338.003,10.308310773276052
605167.SH,20260605,14.91,14.91,14.4,14.62,14.81,-0.19,-1.2829,50446.36,73710.324,14.611623911021528
605168.SH,20260605,48.35,49.0,46.55,47.2,47.88,-0.68,-1.4202,44047.33,208845.611,47.41390931073461
605169.SH,20260605,11.07,11.2,10.78,11.12,11.05,0.07,0.6335,24631.68,27104.799,11.004039919323407
605177.SH,20260605,23.53,24.2,22.51,22.71,23.47,-0.76,-3.2382,52053.76,119695.295,22.994553131224333
605178.SH,20260605,64.5,67.41,62.4,65.9,65.56,0.34,0.5186,42444.4,274009.549,64.55729118564521
605179.SH,20260605,14.3,14.65,14.29,14.5,14.3,0.2,1.3986,29164.0,42273.244,14.495008915100808
605180.SH,20260605,13.18,13.97,13.06,13.75,13.25,0.5,3.7736,30783.54,41767.304,13.568063971849892
605183.SH,20260605,15.21,15.39,15.04,15.24,15.17,0.07,0.4614,16158.0,24576.427,15.210067458843916
605186.SH,20260605,28.27,28.89,27.45,28.89,28.28,0.61,2.157,71635.83,201983.176,28.19583105270086
605188.SH,20260605,13.5,14.39,13.5,13.58,13.61,-0.03,-0.2204,91813.0,126828.424,13.813776262620763
605189.SH,20260605,13.81,14.23,13.48,14.01,13.81,0.2,1.4482,77924.99,108268.128,13.893890522154702
605196.SH,20260605,39.67,40.38,38.89,39.15,39.67,-0.52,-1.3108,128678.27,508436.19,39.512202798498926
605198.SH,20260605,54.88,54.88,53.25,54.12,54.55,-0.43,-0.7883,20344.0,109836.587,53.98967115611483
605199.SH,20260605,6.5,6.65,6.5,6.57,6.57,0.0,0.0,12201.0,8027.712,6.579552495697074
605208.SH,20260605,14.37,14.9,14.12,14.68,14.39,0.29,2.0153,163531.55,238742.37,14.599162669221935
605218.SH,20260605,16.36,17.5,15.63,16.88,16.47,0.41,2.4894,86582.0,144373.334,16.674751564990412
605222.SH,20260605,28.1,29.21,27.82,28.05,27.99,0.06,0.2144,79548.0,225309.966,28.323775079197464
605228.SH,20260605,12.53,12.74,12.34,12.49,12.54,-0.05,-0.3987,45506.18,56968.569,12.518864250965473
605255.SH,20260605,81.0,81.22,76.5,78.33,80.84,-2.51,-3.1049,14345.0,112609.662,78.50098431509237
605258.SH,20260605,34.44,35.48,32.51,33.89,35.01,-1.12,-3.1991,47941.88,162278.754,33.84905931932582
605259.SH,20260605,18.91,19.43,18.76,19.22,18.95,0.27,1.4248,12843.0,24563.305,19.125831192089077
605266.SH,20260605,17.94,18.34,17.83,18.2,17.74,0.46,2.593,17539.62,31811.86,18.13714322203104
605268.SH,20260605,10.23,10.47,10.17,10.37,10.24,0.13,1.2695,33334.0,34475.048,10.342307553848924
605277.SH,20260605,22.75,23.55,22.41,22.68,23.13,-0.45,-1.9455,202470.27,465157.746,22.974125830918286
605286.SH,20260605,32.6,32.75,30.66,32.01,32.02,-0.01,-0.0312,32558.0,102645.661,31.527016708643036
605287.SH,20260605,44.96,44.96,42.4,44.1,43.95,0.15,0.3413,41834.96,181801.956,43.45694510046143
605288.SH,20260605,98.58,104.09,96.39,99.65,99.08,0.57,0.5753,18601.0,186206.58,100.10568249018868
605289.SH,20260605,113.0,114.88,108.0,109.25,113.66,-4.41,-3.88,43773.8,482478.933,110.22093878073186
605296.SH,20260605,25.57,25.81,25.25,25.4,25.57,-0.17,-0.6648,16850.3,43011.199,25.525479665050476
605298.SH,20260605,54.33,55.87,53.1,54.0,54.31,-0.31,-0.5708,18296.0,99773.208,54.53279842588544
605299.SH,20260605,16.63,16.93,15.78,16.36,16.43,-0.07,-0.426,204407.0,332851.047,16.283740136101017
605300.SH,20260605,9.35,9.67,9.28,9.57,9.38,0.19,2.0256,48197.82,45893.8,9.521965931239215
605303.SH,20260605,29.02,29.38,28.16,28.65,29.02,-0.37,-1.275,75543.15,217214.43,28.75368977862321
605305.SH,20260605,39.1,39.37,38.31,38.72,39.04,-0.32,-0.8197,32441.98,125865.382,38.79707157208037
605318.SH,20260605,93.04,99.88,91.3,98.28,91.48,6.8,7.4333,38244.0,373540.149,97.67287652965169
605319.SH,20260605,27.86,28.4,27.3,27.68,27.3,0.38,1.3919,83319.4,231816.351,27.822614061071015
605333.SH,20260605,19.89,20.3,19.33,19.8,19.9,-0.1,-0.5025,25432.0,50177.097,19.72990602390689
605336.SH,20260605,16.34,16.78,16.14,16.58,16.24,0.34,2.0936,14277.9,23565.524,16.504894977552723
605337.SH,20260605,9.42,9.59,9.34,9.48,9.42,0.06,0.6369,25596.68,24218.518,9.461585643138093
605338.SH,20260605,20.15,20.73,20.0,20.42,20.23,0.19,0.9392,22110.0,45116.137,20.405308457711442
605339.SH,20260605,13.59,13.6,13.26,13.49,13.45,0.04,0.2974,12345.0,16632.663,13.473198055893075
605358.SH,20260605,64.89,68.37,63.13,66.77,63.9,2.87,4.4914,1023488.56,6770548.495,66.15167730844006
605365.SH,20260605,17.3,17.3,16.84,16.95,17.18,-0.23,-1.3388,50041.0,85463.753,17.078746028256827
605366.SH,20260605,11.19,11.55,10.81,10.84,11.2,-0.36,-3.2143,303365.63,337633.36,11.129585114833212
605368.SH,20260605,7.04,7.14,7.01,7.08,7.06,0.02,0.2833,26853.6,19013.57,7.080454762117556
605369.SH,20260605,17.3,17.37,16.78,17.36,17.0,0.36,2.1176,17659.28,30294.612,17.155066344720737
605376.SH,20260605,183.55,187.55,175.08,178.41,188.0,-9.59,-5.1011,160278.37,2882664.517,179.85362073497504
605377.SH,20260605,8.49,8.56,8.36,8.39,8.48,-0.09,-1.0613,30121.63,25400.001,8.4324789196335
605378.SH,20260605,16.17,16.46,15.77,16.23,16.13,0.1,0.62,22639.32,36555.865,16.147068463187054
605388.SH,20260605,5.63,5.75,5.58,5.68,5.67,0.01,0.1764,81823.6,46402.063,5.670987710147195
605389.SH,20260605,82.75,85.3,81.2,84.96,82.9,2.06,2.4849,16576.37,138185.895,83.36318204769802
605398.SH,20260605,25.39,26.2,24.45,24.45,25.39,-0.94,-3.7022,88490.89,221213.147,24.998409101773078
605399.SH,20260605,12.8,13.27,12.26,12.98,12.91,0.07,0.5422,62581.78,80177.211,12.811590050650526
605488.SH,20260605,34.0,36.0,32.83,34.98,34.51,0.47,1.3619,111010.2,379860.391,34.21851244300073
605499.SH,20260605,139.8,142.96,134.28,134.39,139.43,-5.04,-3.6147,82079.42,1134578.209,138.22931606972855
605500.SH,20260605,7.22,7.38,7.2,7.27,7.23,0.04,0.5533,99889.67,72849.172,7.292963526658963
605507.SH,20260605,15.84,16.05,15.7,15.9,15.85,0.05,0.3155,40898.68,64894.02,15.867020647121128
605555.SH,20260605,16.57,16.6,15.95,16.25,16.57,-0.32,-1.9312,109249.28,177183.448,16.21827146137714
605566.SH,20260605,39.66,43.07,39.11,43.01,40.06,2.95,7.364,111563.86,464061.562,41.59604750140413
605567.SH,20260605,9.16,9.42,8.95,9.3,9.06,0.24,2.649,50697.0,46696.146,9.21083022664063
605577.SH,20260605,10.03,10.25,9.95,10.14,10.04,0.1,0.996,32618.0,32938.264,10.098186277515484
605580.SH,20260605,28.42,28.49,25.66,26.16,28.51,-2.35,-8.2427,227269.75,605943.919,26.66188170665036
605588.SH,20260605,52.26,54.2,50.62,52.71,53.0,-0.29,-0.5472,22367.0,117769.292,52.653146152814415
605589.SH,20260605,53.45,54.2,50.05,52.7,54.4,-1.7,-3.125,518331.2,2729698.514,52.66321058813361
605598.SH,20260605,41.97,42.54,39.41,41.45,42.23,-0.78,-1.847,90381.1,370086.244,40.947304690914365
605599.SH,20260605,15.56,15.78,15.49,15.53,15.57,-0.04,-0.2569,42603.76,66583.728,15.6286036725397
688001.SH,20260605,73.69,73.88,68.97,69.4,75.19,-5.79,-7.7005,133082.63,945887.248,71.07518449252167
688002.SH,20260605,122.93,125.36,118.81,120.8,121.98,-1.18,-0.9674,95729.09,1169788.146,122.1977714402174
688003.SH,20260605,105.63,110.01,102.88,105.0,107.4,-2.4,-2.2346,72228.84,764560.171,105.8524781790764
688004.SH,20260605,20.66,20.79,19.7,20.41,20.26,0.15,0.7404,16812.0,34037.116,20.245726861765405
688005.SH,20260605,32.8,33.48,31.82,32.46,32.36,0.1,0.309,277080.41,907275.875,32.744136440392886
688006.SH,20260605,33.31,33.35,30.2,31.66,33.87,-2.21,-6.5249,281011.96,891538.778,31.72600831651436
688007.SH,20260605,13.65,14.18,13.18,13.79,13.66,0.13,0.9517,69030.19,94957.94,13.75600154077513
688008.SH,20260605,249.98,254.56,237.61,239.39,259.67,-20.28,-7.8099,692407.58,17072494.074,246.56711692844266
688009.SH,20260605,4.96,5.11,4.94,5.02,4.94,0.08,1.6194,463901.94,234190.692,5.0482800740173674
688010.SH,20260605,35.33,38.2,34.73,36.65,36.38,0.27,0.7422,60921.7,222340.11,36.496044923237534
688011.SH,20260605,57.58,59.38,57.05,58.2,57.59,0.61,1.0592,15812.18,92007.74,58.18789060079003
688012.SH,20260605,281.74,287.65,274.54,276.0,289.39,-13.39,-4.627,219733.17,6168092.56,280.70830453135494
688013.SH,20260605,28.2,28.7,27.61,28.37,28.02,0.35,1.2491,9316.74,26250.885,28.176041190373454
688015.SH,20260605,17.25,17.85,16.93,17.56,17.24,0.32,1.8561,14868.31,25918.646,17.432139900230762
688016.SH,20260605,99.26,99.29,98.11,98.6,98.31,0.29,0.295,10982.0,108437.308,98.74094700418867
688017.SH,20260605,322.78,393.0,314.9,393.0,327.5,65.5,20.0,223937.59,7928886.998,354.0668182594981
688018.SH,20260605,118.5,123.69,117.07,120.25,120.07,0.18,0.1499,59395.34,719727.602,121.17576934486779
688019.SH,20260605,278.6,288.28,271.5,273.0,282.59,-9.59,-3.3936,56425.56,1568891.218,278.0461936044587
688020.SH,20260605,142.43,145.77,137.28,137.68,146.44,-8.76,-5.982,29203.02,413262.483,141.51361160592296
688021.SH,20260605,22.96,23.8,22.1,23.31,22.97,0.34,1.4802,20707.66,47495.888,22.93638585914584
688022.SH,20260605,8.68,9.1,8.68,8.94,8.69,0.25,2.8769,32039.59,28508.18,8.897798005530033
688023.SH,20260605,39.52,40.34,38.61,40.0,39.45,0.55,1.3942,19638.61,77711.167,39.57060453871226
688025.SH,20260605,392.0,404.66,370.0,374.0,401.78,-27.78,-6.9142,42685.81,1647217.512,385.89346483058426
688026.SH,20260605,13.19,13.65,12.95,13.41,13.15,0.26,1.9772,14310.41,19002.975,13.279126873373997
688027.SH,20260605,550.05,555.65,539.0,542.2,558.5,-16.3,-2.9185,21083.82,1151772.714,546.2827485721278
688028.SH,20260605,131.0,131.55,113.8,117.32,125.5,-8.18,-6.5179,88654.25,1076107.507,121.38250642242193
688029.SH,20260605,73.48,75.06,72.4,73.4,72.98,0.42,0.5755,14380.7,106416.744,73.99969681587127
688030.SH,20260605,17.15,17.28,16.26,16.4,17.11,-0.71,-4.1496,58613.43,97121.689,16.569869567435312
688031.SH,20260605,148.63,150.0,133.79,134.44,152.32,-17.88,-11.7384,189667.43,2689541.704,141.80303407917742
688032.SH,20260605,92.4,93.59,89.82,92.5,92.45,0.05,0.0541,13581.08,124725.98,91.83804233536655
688033.SH,20260605,7.35,7.38,7.13,7.23,7.31,-0.08,-1.0944,68877.52,49880.235,7.241874417081219
688035.SH,20260605,76.15,79.99,74.51,77.55,77.4,0.15,0.1938,65159.24,506427.343,77.72149322183623
688036.SH,20260605,59.74,61.65,58.22,60.6,59.72,0.88,1.4735,123100.93,745412.923,60.55298875483719
688037.SH,20260605,257.28,258.0,243.7,247.19,258.63,-11.44,-4.4233,62347.07,1561049.652,250.3805955917415
688038.SH,20260605,18.52,18.54,17.71,18.03,18.47,-0.44,-2.3822,23395.5,42228.735,18.049939090850803
688039.SH,20260605,42.0,43.1,40.91,42.1,41.89,0.21,0.5013,26704.86,111807.888,41.86799256764499
688041.SH,20260605,280.0,283.62,272.92,274.06,285.79,-11.73,-4.1044,332207.27,9207397.358,277.15821384643385
688045.SH,20260605,66.0,71.37,64.64,68.45,66.11,2.34,3.5396,29790.15,204125.154,68.52102255275653
688046.SH,20260605,17.39,17.8,17.34,17.63,17.34,0.29,1.6724,40237.0,70682.233,17.566476874518475
688047.SH,20260605,138.15,140.88,135.58,136.08,140.21,-4.13,-2.9456,72872.81,1005544.127,137.9861881269571
688048.SH,20260605,380.0,412.0,368.53,368.61,389.9,-21.29,-5.4604,152665.32,5911275.201,387.2048478986584
688049.SH,20260605,42.6,43.72,41.6,42.41,43.24,-0.83,-1.9195,57645.7,245433.211,42.57615242767457
688050.SH,20260605,41.41,42.31,41.1,41.43,41.18,0.25,0.6071,18067.37,75140.109,41.58884718694531
688051.SH,20260605,30.74,31.38,29.88,30.75,30.38,0.37,1.2179,20002.31,61378.972,30.685941773725133
688052.SH,20260605,242.15,247.77,230.0,234.49,246.0,-11.51,-4.6789,41212.71,984464.27,238.87394689647925
688053.SH,20260605,37.57,39.4,37.0,38.62,37.44,1.18,3.1517,10804.78,41478.377,38.388913980664114
688055.SH,20260605,5.18,5.5,5.06,5.2,5.24,-0.04,-0.7634,579647.24,307029.644,5.296836123984649
688056.SH,20260605,40.67,48.16,40.67,48.16,40.13,8.03,20.01,66277.0,305622.0,46.11282948835946
688057.SH,20260605,14.2,14.62,13.63,13.99,14.3,-0.31,-2.1678,53160.06,74806.883,14.072008759960015
688058.SH,20260605,24.0,24.82,23.37,24.3,23.92,0.38,1.5886,12079.56,29124.301,24.110398888701244
688059.SH,20260605,156.1,169.6,153.75,165.48,156.1,9.38,6.009,61059.24,1000028.216,163.77999726167573
688060.SH,20260605,38.0,38.98,37.02,38.0,38.15,-0.15,-0.3932,3343.41,12686.59,37.945062077340204
688061.SH,20260605,36.51,37.12,35.35,36.25,36.29,-0.04,-0.1102,11429.86,41557.119,36.35837971768683
688062.SH,20260605,27.27,27.47,26.4,26.6,26.93,-0.33,-1.2254,82862.28,221728.798,26.758713132199595
688063.SH,20260605,59.55,60.4,57.0,58.82,59.36,-0.54,-0.9097,98161.73,576946.448,58.77508964033132
688065.SH,20260605,43.96,45.7,43.41,44.71,44.2,0.51,1.1538,88240.22,395643.458,44.83708880145584
688066.SH,20260605,13.8,13.89,13.07,13.28,13.5,-0.22,-1.6296,81746.99,110237.644,13.485223614961235
688067.SH,20260605,23.19,23.95,22.51,23.55,23.2,0.35,1.5086,11841.83,27427.946,23.161915008068856
688068.SH,20260605,86.49,86.49,81.0,81.5,83.85,-2.35,-2.8026,19192.03,159059.175,82.87772320072447
688069.SH,20260605,50.0,52.77,49.0,50.58,50.96,-0.38,-0.7457,38769.34,195834.925,50.51283436860159
688070.SH,20260605,40.85,42.0,39.06,40.62,39.7,0.92,2.3174,21104.91,85450.762,40.488569721453445
688071.SH,20260605,34.14,35.16,32.25,33.97,34.15,-0.18,-0.5271,30497.52,102938.872,33.753194358098625
688072.SH,20260605,601.98,616.44,579.0,582.3,623.02,-40.72,-6.5359,88280.6,5258470.959,595.6541934468048
688073.SH,20260605,48.45,49.9,47.66,47.89,48.25,-0.36,-0.7461,9772.77,47346.291,48.447155719412194
688075.SH,20260605,32.66,33.1,32.15,32.9,32.3,0.6,1.8576,2814.01,9218.521,32.759375410890506
688076.SH,20260605,29.29,29.29,28.68,28.92,28.7,0.22,0.7666,16307.51,47364.773,29.044760972092
688077.SH,20260605,26.98,29.19,26.41,28.2,27.06,1.14,4.2129,40815.62,114435.709,28.037234029521052
688078.SH,20260605,22.61,23.69,22.02,23.32,22.62,0.7,3.0946,8924.92,20417.041,22.87644146950337
688079.SH,20260605,31.98,33.7,30.62,31.1,31.85,-0.75,-2.3548,493455.88,1589894.322,32.219584089260415
688080.SH,20260605,40.28,41.87,39.71,40.8,39.94,0.86,2.1532,16948.56,69330.625,40.906498841199486
688081.SH,20260605,51.54,52.36,50.56,51.43,51.55,-0.12,-0.2328,11699.8,60126.782,51.3912904494094
688082.SH,20260605,259.68,266.0,248.6,251.0,270.5,-19.5,-7.2089,78613.03,2026627.302,257.7978869406255
688083.SH,20260605,53.82,56.8,53.55,55.59,53.3,2.29,4.2964,39123.53,216595.335,55.36191008326703
688084.SH,20260605,50.3,52.15,48.66,50.72,50.36,0.36,0.7149,20118.77,101283.267,50.34267353322296
688085.SH,20260605,14.0,14.5,13.71,14.15,14.0,0.15,1.0714,44300.24,62623.555,14.136166079461422
688087.SH,20260605,37.83,37.83,36.22,37.0,37.02,-0.02,-0.054,18809.53,69007.322,36.68742493831584
688088.SH,20260605,37.2,38.3,36.23,37.41,37.06,0.35,0.9444,70010.85,260504.48,37.209158294750026
688089.SH,20260605,12.59,12.86,12.2,12.66,12.45,0.21,1.6867,25483.86,31956.415,12.539864447536598
688090.SH,20260605,106.79,111.66,106.0,109.99,108.64,1.35,1.2426,75261.05,822286.757,109.2579437836703
688091.SH,20260605,43.12,43.99,41.88,42.58,42.8,-0.22,-0.514,39995.51,170078.962,42.524513876682654
688092.SH,20260605,26.73,27.45,26.16,27.25,26.66,0.59,2.2131,10544.18,28417.644,26.95102321849589
688093.SH,20260605,28.6,30.76,27.27,29.4,28.6,0.8,2.7972,59905.18,173446.597,28.953522383206263
688095.SH,20260605,71.68,73.2,70.01,71.17,71.68,-0.51,-0.7115,25328.12,181583.644,71.69250777396823
688096.SH,20260605,12.55,13.2,12.38,12.88,12.67,0.21,1.6575,93071.31,119195.823,12.806935133931177
688097.SH,20260605,71.5,72.19,67.89,69.02,71.84,-2.82,-3.9254,149053.28,1036669.553,69.5502677297675
688098.SH,20260605,7.54,7.64,7.37,7.53,7.48,0.05,0.6684,18937.13,14254.559,7.527306936161921
688099.SH,20260605,97.97,98.87,95.0,95.88,99.07,-3.19,-3.2199,134250.13,1298765.297,96.74220032412632
688100.SH,20260605,34.19,34.66,32.92,33.71,34.0,-0.29,-0.8529,32818.79,110703.686,33.73179998409448
688101.SH,20260605,17.23,18.04,16.76,17.68,17.23,0.45,2.6117,56281.2,98449.974,17.492515084966207
688102.SH,20260605,36.99,38.39,35.88,37.59,36.19,1.4,3.8685,254372.24,952533.395,37.44643656870734
688103.SH,20260605,61.95,63.86,59.81,62.0,61.95,0.05,0.0807,22613.64,140156.095,61.97856470696447
688105.SH,20260605,13.46,13.59,13.22,13.4,13.3,0.1,0.7519,25245.08,33831.361,13.401170049768112
688106.SH,20260605,27.55,28.2,26.9,27.03,28.24,-1.21,-4.2847,325303.55,893112.767,27.454750094181264
688107.SH,20260605,43.5,44.39,41.98,42.27,44.46,-2.19,-4.9258,112662.75,486482.634,43.1804331067722
688108.SH,20260605,20.48,20.65,19.43,19.5,20.08,-0.58,-2.8884,173111.6,342948.151,19.810812851362936
688109.SH,20260605,86.1,90.21,85.15,86.76,87.2,-0.44,-0.5046,19734.91,172292.111,87.30321597615597
688110.SH,20260605,128.55,131.12,125.3,126.0,132.01,-6.01,-4.5527,165030.32,2115521.604,128.18987468484576
688111.SH,20260605,237.73,241.66,233.8,234.25,237.66,-3.41,-1.4348,67348.5,1602585.893,237.9542072948915
688112.SH,20260605,70.89,76.1,68.51,71.16,71.75,-0.59,-0.8223,51651.49,374658.519,72.5358588880979
688113.SH,20260605,38.8,41.29,38.18,40.22,38.82,1.4,3.6064,12030.29,47929.925,39.84103874470192
688114.SH,20260605,49.7,54.18,49.4,49.6,47.86,1.74,3.6356,83688.0,433210.489,51.76494706529012
688115.SH,20260605,56.33,59.9,53.81,56.2,55.62,0.58,1.0428,30091.35,172709.891,57.39519529698734
688116.SH,20260605,38.6,40.1,36.89,39.28,38.24,1.04,2.7197,142203.21,549556.533,38.645859893036175
688117.SH,20260605,23.39,23.78,22.87,23.04,22.96,0.08,0.3484,17174.07,39790.517,23.16895005086156
688118.SH,20260605,23.01,23.36,22.17,23.08,22.5,0.58,2.5778,31236.61,71350.618,22.84198509377298
688119.SH,20260605,4.47,4.58,4.36,4.52,4.43,0.09,2.0316,117588.72,52697.151,4.4814801113576195
688120.SH,20260605,251.0,257.96,245.0,248.0,255.08,-7.08,-2.7756,81615.04,2053265.501,251.57930462326556
688122.SH,20260605,63.5,63.68,60.68,60.69,63.01,-2.32,-3.682,173166.1,1067693.47,61.65718752111411
688123.SH,20260605,132.0,134.86,128.6,129.58,137.6,-8.02,-5.8285,94410.64,1245804.797,131.95597413596604
688125.SH,20260605,180.1,194.44,168.0,188.17,180.6,7.57,4.1916,6488.6,122975.498,189.52547236692044
688126.SH,20260605,28.36,29.65,27.71,28.49,28.85,-0.36,-1.2478,1757199.13,5031675.997,28.634637424387982
688127.SH,20260605,84.0,87.34,82.98,83.76,85.55,-1.79,-2.0923,111163.57,945595.471,85.06343139213683
688128.SH,20260605,27.53,27.96,27.01,27.29,27.88,-0.59,-2.1162,71880.59,197780.674,27.5151712026849
688129.SH,20260605,25.84,26.15,24.88,25.53,26.11,-0.58,-2.2214,12340.76,31485.777,25.513645026724447
688130.SH,20260605,24.81,24.94,23.41,24.35,24.46,-0.11,-0.4497,20930.65,50749.777,24.246632092171048
688131.SH,20260605,77.02,77.86,73.9,75.0,76.36,-1.36,-1.781,49709.47,375061.376,75.45068897334853
688132.SH,20260605,14.17,14.45,13.64,14.23,14.04,0.19,1.3533,17294.79,24337.419,14.072110155717416
688133.SH,20260605,20.08,20.81,19.23,20.37,20.09,0.28,1.3937,59971.39,120866.521,20.15403028010523
688135.SH,20260605,35.7,36.53,34.63,35.51,36.26,-0.75,-2.0684,100808.39,358502.788,35.56279273977096
688136.SH,20260605,19.77,20.1,19.37,19.65,19.65,0.0,0.0,29409.28,57948.158,19.704038317157035
688137.SH,20260605,39.19,40.15,38.37,39.3,39.14,0.16,0.4088,7981.36,31332.823,39.25749872202231
688138.SH,20260605,31.0,33.19,30.21,31.95,31.44,0.51,1.6221,90931.15,290258.358,31.920673828495516
688139.SH,20260605,29.56,30.42,29.2,29.82,29.36,0.46,1.5668,30184.33,90168.849,29.872734958834602
688141.SH,20260605,96.16,98.0,91.62,92.39,97.6,-5.21,-5.3381,138912.5,1310056.672,94.30804801583731
688143.SH,20260605,176.0,186.96,171.01,176.8,180.5,-3.7,-2.0499,71169.36,1266532.726,177.96039278700835
688146.SH,20260605,229.0,243.03,219.14,231.11,219.19,11.92,5.4382,254625.85,5885463.711,231.14164217812134
688147.SH,20260605,87.08,89.29,83.21,84.5,89.81,-5.31,-5.9125,103308.64,891871.258,86.33075200680216
688148.SH,20260605,8.0,8.41,7.75,8.17,8.0,0.17,2.125,197729.65,160282.479,8.106142857178982
688150.SH,20260605,51.84,54.28,49.58,49.83,52.02,-2.19,-4.2099,174710.63,902654.542,51.665690977131725
688151.SH,20260605,16.99,17.1,16.62,16.84,16.76,0.08,0.4773,10396.57,17530.008,16.86133792202621
688152.SH,20260605,31.37,32.0,30.51,31.26,31.29,-0.03,-0.0959,14770.19,46114.848,31.221567224253715
688153.SH,20260605,28.62,29.95,28.06,29.21,29.27,-0.06,-0.205,68686.88,198857.516,28.951310060960694
688155.SH,20260605,80.99,83.11,77.61,80.53,80.48,0.05,0.0621,30543.19,246076.029,80.56657768883997
688156.SH,20260605,25.37,25.37,24.11,24.72,24.32,0.4,1.6447,33226.92,81837.838,24.62998014862648
688157.SH,20260605,27.8,28.65,26.9,28.04,27.81,0.23,0.827,21219.81,59294.69,27.94308243099255
688158.SH,20260605,38.48,38.49,36.8,37.28,38.7,-1.42,-3.6693,254871.78,956896.335,37.54422459010566
688159.SH,20260605,45.08,46.8,43.7,45.37,45.08,0.29,0.6433,44191.18,199808.453,45.21455480482757
688160.SH,20260605,109.0,126.0,104.51,122.0,109.56,12.44,11.3545,59894.72,689169.968,115.06355952578124
688161.SH,20260605,23.93,24.3,23.78,24.11,23.89,0.22,0.9209,8320.89,20024.458,24.06528388189244
688162.SH,20260605,27.45,28.91,26.6,28.18,27.45,0.73,2.6594,23763.32,65974.04,27.76297251394165
688163.SH,20260605,36.49,37.12,35.55,36.52,36.5,0.02,0.0548,13475.95,48971.822,36.34016303117776
688165.SH,20260605,18.92,21.07,17.72,20.42,19.03,1.39,7.3043,277147.0,542949.028,19.590651459333856
688166.SH,20260605,48.3,48.8,45.86,47.3,47.68,-0.38,-0.797,94832.09,446841.639,47.119244023832024
688167.SH,20260605,443.99,472.5,440.52,445.85,455.5,-9.65,-2.1186,47105.13,2150616.161,456.55667673563363
688168.SH,20260605,57.32,58.76,55.2,55.73,57.32,-1.59,-2.7739,19059.72,107759.006,56.53755983823476
688169.SH,20260605,104.21,110.98,102.68,108.68,104.2,4.48,4.2994,87359.01,934361.214,106.95647924581564
688170.SH,20260605,73.0,83.22,72.01,80.15,75.1,5.05,6.7244,113615.36,891180.427,78.43837549782002
688171.SH,20260605,50.35,51.42,48.5,49.67,50.51,-0.84,-1.663,15799.13,79039.723,50.02789583983422
688172.SH,20260605,68.55,72.74,67.76,68.49,70.72,-2.23,-3.1533,188803.78,1322467.852,70.04456436200589
688173.SH,20260605,15.75,16.24,15.25,15.69,15.95,-0.26,-1.6301,119666.45,188210.746,15.727945969818611
688175.SH,20260605,34.54,36.8,33.63,35.63,34.76,0.87,2.5029,24189.41,85380.825,35.29677863164087
688176.SH,20260605,10.35,10.53,10.2,10.4,10.26,0.14,1.3645,73899.84,76551.001,10.358750573749552
688177.SH,20260605,17.61,17.69,17.2,17.43,17.47,-0.04,-0.229,31914.91,55519.916,17.396231416601204
688178.SH,20260605,37.7,41.6,37.7,39.04,37.7,1.34,3.5544,41039.03,164506.894,40.08547326776486
688179.SH,20260605,21.7,23.15,21.0,22.05,21.33,0.72,3.3755,149956.75,334516.097,22.307505130646
688180.SH,20260605,31.48,31.6,30.06,30.12,31.0,-0.88,-2.8387,143310.73,439605.234,30.67496997607925
688181.SH,20260605,38.91,41.49,37.19,40.2,39.52,0.68,1.7206,107969.94,427428.905,39.5877690586843
688182.SH,20260605,34.82,36.66,34.23,35.15,34.95,0.2,0.5722,109257.71,390383.971,35.73056501001165
688183.SH,20260605,124.38,125.38,116.45,117.85,128.01,-10.16,-7.9369,286470.63,3475651.433,121.32662371008155
688184.SH,20260605,12.38,12.4,11.98,12.14,12.35,-0.21,-1.7004,11849.0,14439.175,12.18598615916955
688185.SH,20260605,52.98,53.6,51.97,52.16,52.43,-0.27,-0.515,14718.23,77573.422,52.70567316858074
688186.SH,20260605,19.1,19.42,18.28,18.8,19.1,-0.3,-1.5707,71396.08,134276.907,18.807322054656222
688187.SH,20260605,57.54,57.63,53.59,55.4,58.15,-2.75,-4.7291,184057.6,1023820.42,55.625001086616365
688188.SH,20260605,153.01,161.5,149.59,157.13,153.91,3.22,2.0921,39854.82,623030.962,156.32512253223075
688189.SH,20260605,7.63,7.91,7.5,7.74,7.56,0.18,2.381,85357.5,65958.871,7.72736678089213
688190.SH,20260605,107.01,109.35,101.0,104.8,108.29,-3.49,-3.2228,30129.22,317065.762,105.23530380142597
688191.SH,20260605,51.27,52.13,49.01,51.1,51.27,-0.17,-0.3316,51062.48,257746.983,50.47678510718633
688192.SH,20260605,41.2,41.8,39.38,39.49,40.61,-1.12,-2.7579,59664.67,238530.785,39.978564366483546
688193.SH,20260605,47.78,48.73,47.02,48.35,47.79,0.56,1.1718,5691.02,27310.088,47.98803729384187
688195.SH,20260605,231.0,252.0,231.0,241.8,236.69,5.11,2.1589,120842.11,2926354.831,242.1635000415004
688196.SH,20260605,41.7,41.78,39.97,41.0,41.57,-0.57,-1.3712,12417.35,50738.829,40.861237703696844
688197.SH,20260605,33.58,33.82,32.94,33.17,33.39,-0.22,-0.6589,10600.78,35297.892,33.297447923643354
688198.SH,20260605,81.0,81.47,79.76,80.19,80.0,0.19,0.2375,3484.82,28054.227,80.50409203344792
688199.SH,20260605,26.4,28.25,25.55,27.48,26.61,0.87,3.2694,85039.65,231785.39,27.2561552170076
688200.SH,20260605,433.0,443.0,420.0,427.92,441.0,-13.08,-2.966,33516.59,1444853.991,431.0862146178953
688201.SH,20260605,8.07,8.11,7.95,7.95,8.01,-0.06,-0.7491,30676.35,24590.498,8.01610947847446
688202.SH,20260605,56.18,56.92,53.96,54.75,55.86,-1.11,-1.9871,35798.23,196863.817,54.99261192522646
688203.SH,20260605,11.28,11.87,10.98,11.56,11.19,0.37,3.3065,40730.58,46738.546,11.475050441216403
688205.SH,20260605,229.5,242.9,225.0,226.7,233.95,-7.25,-3.099,97804.83,2292848.755,234.43103525664324
688206.SH,20260605,38.61,40.45,37.87,38.77,39.0,-0.23,-0.5897,106017.36,413897.526,39.04054260547518
688207.SH,20260605,14.48,14.85,13.95,14.53,14.4,0.13,0.9028,104914.5,151532.028,14.443382754528686
688208.SH,20260605,30.03,30.2,28.71,29.1,29.75,-0.65,-2.1849,137408.62,402229.321,29.272495495551883
688209.SH,20260605,21.42,21.87,20.6,21.22,21.64,-0.42,-1.9409,98381.94,208652.034,21.20836751135422
688210.SH,20260605,46.45,47.98,44.83,45.2,46.61,-1.41,-3.0251,54200.18,251609.03,46.422176088714096
688211.SH,20260605,32.33,33.44,31.5,33.03,32.3,0.73,2.2601,13065.62,42572.346,32.58348704462551
688212.SH,20260605,29.1,30.48,28.66,29.8,29.02,0.78,2.6878,30286.39,90243.592,29.796747648035968
688213.SH,20260605,99.0,99.07,94.75,95.35,99.68,-4.33,-4.3439,103078.28,996971.619,96.71985397893718
688215.SH,20260605,67.85,68.46,65.6,67.44,67.99,-0.55,-0.8089,7583.27,50826.364,67.02433646698587
688216.SH,20260605,32.6,32.75,30.94,31.55,32.5,-0.95,-2.9231,35471.36,112619.612,31.749448569211893
688217.SH,20260605,23.89,24.73,23.2,24.13,23.68,0.45,1.9003,9038.96,21566.836,23.85986440917982
688218.SH,20260605,40.0,45.0,40.0,43.72,41.93,1.79,4.269,61172.23,263943.98,43.147679919466725
688219.SH,20260605,10.89,11.41,10.5,11.18,10.87,0.31,2.8519,88086.46,96631.533,10.970077921169723
688220.SH,20260605,101.5,104.56,99.7,100.2,103.75,-3.55,-3.4217,90407.84,919951.714,101.7557452981954
688221.SH,20260605,19.3,19.39,18.6,18.8,19.01,-0.21,-1.1047,89749.26,169499.664,18.885912151253393
688222.SH,20260605,26.97,27.91,26.8,26.91,26.47,0.44,1.6623,134870.05,368069.892,27.29070627615249
688223.SH,20260605,5.59,5.6,5.26,5.38,5.55,-0.17,-3.0631,1329062.43,719956.926,5.41702864928625
688225.SH,20260605,14.03,14.29,13.68,14.01,14.05,-0.04,-0.2847,42194.84,58918.79,13.963505964236386
688226.SH,20260605,48.03,50.27,47.17,47.5,48.03,-0.53,-1.1035,84559.47,412357.211,48.76534952264956
688227.SH,20260605,85.49,85.55,82.59,84.22,84.99,-0.77,-0.906,42205.48,354312.855,83.94949068225262
688228.SH,20260605,87.0,88.8,85.51,86.5,87.46,-0.96,-1.0976,14669.14,127681.107,87.04062201328776
688229.SH,20260605,94.0,96.0,91.0,92.0,94.94,-2.94,-3.0967,19176.5,177817.793,92.72692775011082
688230.SH,20260605,64.18,64.65,62.2,63.34,64.18,-0.84,-1.3088,12329.09,78326.969,63.53021106991675
688231.SH,20260605,44.75,44.77,43.33,43.68,44.58,-0.9,-2.0188,47627.09,208897.71,43.86111139689618
688232.SH,20260605,19.27,19.64,18.96,19.26,19.14,0.12,0.627,22060.55,42540.201,19.283381873978666
688233.SH,20260605,86.73,92.25,84.7,87.3,89.0,-1.7,-1.9101,78149.69,691731.777,88.51369429616419
688234.SH,20260605,137.62,138.97,129.94,130.93,139.1,-8.17,-5.8735,164646.18,2206274.069,134.0009266537493
688235.SH,20260605,226.99,228.88,219.69,220.18,223.98,-3.8,-1.6966,32870.48,734520.364,223.45897108895272
688236.SH,20260605,15.51,15.79,15.34,15.59,15.38,0.21,1.3654,11552.65,17984.689,15.567587523208958
688237.SH,20260605,46.78,47.67,46.08,47.24,47.26,-0.02,-0.0423,10427.92,49012.8,47.00151132728291
688238.SH,20260605,5.89,5.99,5.75,5.8,5.88,-0.08,-1.3605,78178.56,45521.889,5.822809859889976
688239.SH,20260605,58.0,58.27,56.19,57.0,57.2,-0.2,-0.3497,51290.52,293082.62,57.141674523869135
688244.SH,20260605,16.29,16.68,15.77,16.55,16.04,0.51,3.1796,18146.81,29599.696,16.311239275663326
688246.SH,20260605,20.21,23.77,20.14,22.94,20.4,2.54,12.451,95157.56,212184.232,22.2982001640227
688247.SH,20260605,8.0,8.17,7.95,8.06,7.96,0.1,1.2563,14385.19,11584.556,8.053112958535827
688248.SH,20260605,51.0,52.0,49.9,50.41,51.52,-1.11,-2.1545,46585.1,235858.275,50.629552152941606
688249.SH,20260605,41.6,41.66,39.98,40.44,42.23,-1.79,-4.2387,378821.58,1546223.695,40.816674039530696
688251.SH,20260605,24.85,25.33,23.89,24.85,24.56,0.29,1.1808,23362.32,57561.828,24.638746494355015
688252.SH,20260605,20.57,21.0,19.7,20.45,20.91,-0.46,-2.1999,76612.32,155831.185,20.34022530579938
688253.SH,20260605,57.39,57.95,55.83,57.6,57.0,0.6,1.0526,16503.28,93974.9,56.94316523745583
688255.SH,20260605,30.24,32.68,28.92,31.7,30.38,1.32,4.345,45858.51,141786.607,30.918276018998434
688256.SH,20260605,1342.0,1407.77,1287.34,1299.2,1358.9,-59.7,-4.3933,116354.51,15620599.199,1342.5005355615351
688257.SH,20260605,111.0,111.52,103.5,104.43,110.65,-6.22,-5.6213,140074.57,1508040.666,107.65984618050227
688258.SH,20260605,132.33,133.17,126.4,126.4,134.79,-8.39,-6.2245,50013.39,642256.687,128.41694734150195
688259.SH,20260605,35.72,37.56,34.79,36.88,36.1,0.78,2.1607,32929.9,119910.966,36.41400854542528
688260.SH,20260605,95.49,96.0,88.83,88.84,97.68,-8.84,-9.05,67122.17,618935.476,92.21028998317547
688261.SH,20260605,87.0,87.0,80.2,80.6,88.98,-8.38,-9.4178,87615.27,726384.958,82.90620550504494
688262.SH,20260605,36.39,37.03,34.8,35.77,36.8,-1.03,-2.7989,133272.86,478436.992,35.899056417037954
688265.SH,20260605,33.25,33.85,32.53,33.32,33.16,0.16,0.4825,5022.77,16628.944,33.107118183791016
688266.SH,20260605,90.72,92.45,88.96,90.67,89.94,0.73,0.8117,33330.75,301938.77,90.5886516205006
688267.SH,20260605,31.71,31.71,30.33,30.64,31.5,-0.86,-2.7302,24856.54,76628.096,30.828142613573736
688268.SH,20260605,195.18,208.0,194.06,196.7,203.6,-6.9,-3.389,139114.71,2763108.536,198.62087452865336
688269.SH,20260605,34.92,35.19,33.54,34.49,34.27,0.22,0.642,16047.8,55309.501,34.465472525829085
688270.SH,20260605,109.95,116.58,106.58,114.0,106.7,7.3,6.8416,100472.74,1134984.218,112.9643939241629
688271.SH,20260605,112.0,113.3,110.29,112.98,111.58,1.4,1.2547,60630.53,678332.976,111.87977014220394
688272.SH,20260605,33.96,35.4,32.67,34.64,34.3,0.34,0.9913,14845.1,50576.763,34.06966810597436
688273.SH,20260605,42.69,44.87,41.56,42.54,42.74,-0.2,-0.4679,40774.33,176952.754,43.3980776630787
688275.SH,20260605,128.74,129.65,122.3,123.5,128.03,-4.53,-3.5382,42909.73,537358.552,125.23000074808208
688276.SH,20260605,14.78,15.04,14.71,14.92,14.7,0.22,1.4966,21295.28,31692.567,14.882437328835309
688277.SH,20260605,16.83,17.19,16.46,16.66,16.74,-0.08,-0.4779,76352.32,128161.767,16.785575998214593
688278.SH,20260605,54.09,55.09,53.05,54.99,54.1,0.89,1.6451,26190.26,142147.496,54.27494648774011
688279.SH,20260605,206.63,222.88,204.13,212.0,210.75,1.25,0.5931,17957.04,382114.833,212.7938864088959
688280.SH,20260605,5.63,5.76,5.44,5.67,5.59,0.08,1.4311,162423.13,91268.291,5.619168341356308
688281.SH,20260605,50.0,51.36,48.91,49.87,50.43,-0.56,-1.1105,43316.84,216921.735,50.0779223507532
688282.SH,20260605,72.66,76.25,71.61,75.0,72.61,2.39,3.2916,14778.83,109734.615,74.25121948083847
688283.SH,20260605,37.0,38.19,35.67,37.42,36.61,0.81,2.2125,19868.04,74066.981,37.27946037958449
688285.SH,20260605,7.75,7.96,7.58,7.9,7.75,0.15,1.9355,33479.17,26065.857,7.785693910571857
688286.SH,20260605,60.5,67.44,57.0,64.0,60.7,3.3,5.4366,35060.6,218403.119,62.29303520190756
688287.SH,20260605,0.34,0.36,0.34,0.35,0.35,0.0,0.0,135749.22,4743.312,0.34941725632014686
688288.SH,20260605,20.58,21.22,20.21,20.96,20.56,0.4,1.9455,16191.46,33579.794,20.739200788563853
688289.SH,20260605,15.45,15.59,15.33,15.4,15.19,0.21,1.3825,32155.35,49686.605,15.452049192436096
688290.SH,20260605,58.34,61.65,56.36,59.8,58.35,1.45,2.485,16812.3,100046.923,59.508171398321466
688291.SH,20260605,48.0,50.48,47.41,49.16,48.41,0.75,1.5493,25185.97,124007.011,49.23654359947224
688292.SH,20260605,21.56,22.32,20.71,21.74,21.65,0.09,0.4157,37656.6,80920.296,21.48900750466054
688293.SH,20260605,38.6,39.16,37.21,37.45,38.44,-0.99,-2.5754,18482.02,69896.562,37.81868107490415
688295.SH,20260605,49.01,52.4,47.98,50.22,49.0,1.22,2.4898,143893.93,730266.321,50.75032150418019
688296.SH,20260605,14.26,14.65,13.6,14.38,14.19,0.19,1.339,20565.44,29098.391,14.149170161202484
688297.SH,20260605,44.0,44.78,43.4,44.04,44.18,-0.14,-0.3169,68338.99,301786.428,44.16021190831178
688298.SH,20260605,20.27,20.38,19.84,20.26,19.96,0.3,1.503,12486.98,25108.467,20.10771779885929
688299.SH,20260605,15.85,16.61,15.15,16.04,15.97,0.07,0.4383,124510.7,197789.501,15.885341661399382
688300.SH,20260605,161.73,163.69,153.6,157.21,168.8,-11.59,-6.8661,112520.06,1788219.577,158.92451328234273
688301.SH,20260605,182.0,183.0,170.91,173.25,185.73,-12.48,-6.7194,106661.19,1878181.799,176.08858470452094
688302.SH,20260605,38.25,39.12,37.51,37.71,37.94,-0.23,-0.6062,8893.51,33874.099,38.0885600848259
688303.SH,20260605,22.19,22.38,20.31,20.41,22.46,-2.05,-9.1273,536620.08,1149163.296,21.414839638501793
688305.SH,20260605,61.12,64.67,58.01,63.0,61.12,1.88,3.0759,56219.3,345667.59,61.485573459648194
688306.SH,20260605,8.9,9.6,8.29,9.25,8.9,0.35,3.9326,271648.98,243262.428,8.955028213247848
688307.SH,20260605,68.61,71.58,67.12,67.63,69.5,-1.87,-2.6906,56920.83,393110.322,69.06264754045223
688308.SH,20260605,155.0,163.78,148.23,151.83,159.75,-7.92,-4.9577,106328.38,1660122.359,156.13163287167544
688309.SH,20260605,64.36,65.72,62.5,63.44,65.57,-2.13,-3.2484,12228.28,77816.921,63.63684917257373
688310.SH,20260605,17.48,19.3,17.22,18.86,17.49,1.37,7.833,83389.76,152866.237,18.331535790485546
688311.SH,20260605,28.39,29.48,28.21,28.84,28.4,0.44,1.5493,56036.89,162108.918,28.928964116316948
688312.SH,20260605,83.2,85.5,80.72,81.3,84.49,-3.19,-3.7756,56474.82,465492.382,82.42476593993571
688313.SH,20260605,162.0,174.59,154.0,156.79,165.45,-8.66,-5.2342,342067.43,5620760.448,164.31732328330702
688314.SH,20260605,42.49,44.5,39.88,41.29,42.97,-1.68,-3.9097,35911.84,150326.028,41.85973985181489
688315.SH,20260605,13.36,13.68,13.28,13.49,13.32,0.17,1.2763,22043.13,29662.537,13.456590329957677
688316.SH,20260605,60.19,62.49,59.01,60.95,61.26,-0.31,-0.506,24991.81,151032.975,60.43298784681862
688317.SH,20260605,18.12,18.58,18.06,18.18,18.0,0.18,1.0,32206.61,58993.659,18.317251955421575
688318.SH,20260605,84.0,85.24,81.22,82.7,84.06,-1.36,-1.6179,46276.44,386809.767,83.5867596988878
688319.SH,20260605,31.45,36.39,30.71,34.29,30.8,3.49,11.3312,178075.78,605983.929,34.029553541756215
688320.SH,20260605,37.26,39.83,35.62,38.55,37.05,1.5,4.0486,73237.55,276877.414,37.805389994613414
688321.SH,20260605,25.87,26.05,25.42,25.55,25.76,-0.21,-0.8152,71223.2,183214.643,25.724011698435344
688322.SH,20260605,117.0,133.28,110.2,126.06,114.55,11.51,10.048,358170.18,4341085.772,121.20176425630966
688323.SH,20260605,30.19,30.76,28.82,29.71,30.61,-0.9,-2.9402,113736.33,338508.232,29.762542188586533
688325.SH,20260605,117.81,127.98,115.1,124.74,118.55,6.19,5.2214,29845.0,370907.574,124.27796079745352
688326.SH,20260605,79.88,81.5,76.78,78.93,79.12,-0.19,-0.2401,19675.9,154937.419,78.74476847310669
688327.SH,20260605,12.84,13.07,12.28,12.58,12.5,0.08,0.64,323329.45,410151.531,12.68525125069801
688328.SH,20260605,70.11,72.44,68.2,69.12,72.65,-3.53,-4.8589,60133.73,423250.553,70.38488266069642
688329.SH,20260605,22.41,23.15,21.53,22.83,22.3,0.53,2.3767,15716.32,35104.689,22.336455989697335
688330.SH,20260605,36.06,36.69,35.4,35.71,36.21,-0.5,-1.3808,14469.94,52140.785,36.03386399667172
688331.SH,20260605,108.99,110.0,101.15,101.5,105.73,-4.23,-4.0008,105234.6,1094262.804,103.98317701592441
688332.SH,20260605,89.0,90.13,86.45,87.6,89.3,-1.7,-1.9037,35580.62,314145.796,88.29126530116675
688333.SH,20260605,100.02,101.5,96.0,98.4,97.95,0.45,0.4594,142638.43,1410673.548,98.89856106800951
688334.SH,20260605,18.69,18.94,18.39,18.62,18.53,0.09,0.4857,14505.71,27101.283,18.68318269150562
688335.SH,20260605,29.93,29.93,28.72,28.9,29.93,-1.03,-3.4414,26965.09,78761.224,29.20858932790508
688336.SH,20260605,57.74,58.99,55.0,55.19,56.92,-1.73,-3.0394,69851.64,394494.865,56.476106359134874
688337.SH,20260605,65.33,70.18,64.8,65.98,66.38,-0.4,-0.6026,73589.2,494900.191,67.25174223935034
688338.SH,20260605,24.57,24.87,23.92,24.55,24.58,-0.03,-0.1221,8203.91,20078.785,24.474652939878666
688339.SH,20260605,21.19,21.66,20.57,21.14,21.19,-0.05,-0.236,36556.44,77057.682,21.079099058879912
688343.SH,20260605,63.9,65.99,62.26,63.76,64.39,-0.63,-0.9784,97222.73,622043.755,63.98130920619078
688345.SH,20260605,50.79,50.99,47.08,49.59,50.6,-1.01,-1.996,22317.92,109443.105,49.038219063425274
688347.SH,20260605,234.01,247.5,224.0,227.0,244.0,-17.0,-6.9672,312402.08,7313810.249,234.11528658836073
688348.SH,20260605,38.89,39.45,37.25,38.68,38.67,0.01,0.0259,26450.2,101497.243,38.37295861657
688349.SH,20260605,18.81,18.97,18.25,18.55,18.68,-0.13,-0.6959,70300.48,130938.153,18.625499143106847
688350.SH,20260605,34.24,34.48,32.63,33.24,33.67,-0.43,-1.2771,26613.89,89003.856,33.44263315133564
688351.SH,20260605,23.5,23.99,23.18,23.4,23.36,0.04,0.1712,51862.73,122265.953,23.57491651519308
688352.SH,20260605,21.06,21.2,19.44,19.66,21.51,-1.85,-8.6007,532593.52,1070878.411,20.10686143909524
688353.SH,20260605,81.9,84.8,79.56,82.73,81.62,1.11,1.36,46490.49,383049.882,82.39316944175033
688355.SH,20260605,18.68,19.27,18.21,18.73,18.7,0.03,0.1604,16553.52,31046.185,18.75503518284933
688356.SH,20260605,73.01,73.15,71.15,71.89,72.16,-0.27,-0.3742,7481.92,54014.799,72.19376710790813
688357.SH,20260605,28.88,29.25,28.08,28.72,28.79,-0.07,-0.2431,9966.6,28575.477,28.671238938053097
688358.SH,20260605,30.99,31.88,30.88,31.59,30.99,0.6,1.9361,15099.28,47707.655,31.59598007322203
688359.SH,20260605,136.22,141.32,133.8,135.1,138.05,-2.95,-2.1369,44186.99,602830.682,136.42718863629318
688360.SH,20260605,22.0,23.2,21.33,22.49,21.76,0.73,3.3548,132100.15,294690.977,22.308148552442976
688361.SH,20260605,207.0,211.2,198.0,199.98,211.08,-11.1,-5.2587,87718.04,1789026.079,203.951898492032
688362.SH,20260605,60.04,61.4,57.42,57.6,63.19,-5.59,-8.8463,334650.03,1991183.886,59.500484311924296
688363.SH,20260605,34.87,35.66,34.71,34.83,34.6,0.23,0.6647,30761.8,107872.746,35.0671111573445
688365.SH,20260605,19.51,19.97,18.86,19.24,19.53,-0.29,-1.4849,157290.29,305024.264,19.39244081754824
688366.SH,20260605,32.34,33.08,32.34,32.88,32.21,0.67,2.0801,5163.82,16935.983,32.797392240628064
688367.SH,20260605,33.23,39.88,33.23,37.39,33.23,4.16,12.5188,92930.03,346975.594,37.337294951911666
688368.SH,20260605,212.33,227.0,205.05,213.34,214.47,-1.13,-0.5269,35026.19,764998.068,218.407445400142
688369.SH,20260605,20.64,22.62,20.51,21.97,20.51,1.46,7.1185,67403.36,146425.905,21.723828752750602
688370.SH,20260605,21.98,22.24,21.51,21.9,21.91,-0.01,-0.0456,6216.9,13595.279,21.86826070871335
688371.SH,20260605,38.81,40.5,37.88,38.38,39.59,-1.21,-3.0563,125813.03,491216.278,39.04335488939421
688372.SH,20260605,150.0,153.27,144.4,145.77,152.8,-7.03,-4.6008,58962.52,876338.134,148.62630260714775
688373.SH,20260605,4.58,4.65,4.48,4.59,4.55,0.04,0.8791,107536.13,49028.84,4.559289980028107
688375.SH,20260605,91.02,98.29,89.79,93.9,90.23,3.67,4.0674,103950.66,980196.059,94.29435647642833
688376.SH,20260605,70.0,70.8,68.69,69.34,70.3,-0.96,-1.3656,14242.95,99344.67,69.75006582203827
688377.SH,20260605,28.5,29.73,27.6,29.02,28.8,0.22,0.7639,50137.41,144630.168,28.846756942570426
688378.SH,20260605,50.54,55.55,50.02,51.75,51.48,0.27,0.5245,259857.4,1359836.384,52.33010043200618
688379.SH,20260605,74.0,77.92,72.27,74.79,76.6,-1.81,-2.3629,58449.93,439299.632,75.15828196885779
688380.SH,20260605,44.6,44.99,43.4,43.52,45.4,-1.88,-4.141,78938.08,348473.088,44.14511830031842
688381.SH,20260605,41.3,41.35,38.11,38.33,40.87,-2.54,-6.2148,149076.64,589034.546,39.51219627702904
688382.SH,20260605,18.0,18.39,17.22,17.59,17.7,-0.11,-0.6215,147046.18,260089.567,17.687611266066213
688383.SH,20260605,140.59,145.0,136.01,139.7,141.32,-1.62,-1.1463,19944.73,278917.771,139.84534811952832
688385.SH,20260605,56.64,57.48,54.91,55.63,57.31,-1.68,-2.9314,167997.47,943091.022,56.137215756880146
688386.SH,20260605,76.1,78.79,74.5,75.91,77.0,-1.09,-1.4156,16426.01,125468.118,76.38380714488791
688387.SH,20260605,16.3,18.17,15.97,16.98,15.93,1.05,6.5913,1125624.07,1917693.747,17.036715881528725
688388.SH,20260605,46.02,47.31,44.48,45.04,46.57,-1.53,-3.2854,310393.12,1421028.414,45.781569320866396
688389.SH,20260605,11.15,11.33,11.04,11.23,11.13,0.1,0.8985,15685.93,17567.76,11.199692973256925
688390.SH,20260605,133.08,135.0,115.01,116.83,134.33,-17.5,-13.0276,209380.91,2549302.16,121.75427836281733
688391.SH,20260605,30.24,31.69,28.67,30.66,30.25,0.41,1.3554,27770.48,83645.553,30.12031228844442
688392.SH,20260605,163.0,166.0,157.11,161.01,166.0,-4.99,-3.006,28347.76,459088.746,161.94886156789812
688393.SH,20260605,20.1,20.96,19.81,20.6,20.09,0.51,2.5386,17209.59,35165.062,20.433410673932386
688395.SH,20260605,25.66,26.34,24.9,25.83,25.65,0.18,0.7018,17547.66,44851.765,25.559969249461183
688396.SH,20260605,71.01,71.1,65.99,66.58,72.59,-6.01,-8.2794,461088.25,3168370.175,68.71504912562833
688398.SH,20260605,28.32,28.84,27.72,28.06,28.49,-0.43,-1.5093,16165.63,45696.416,28.267636955689323
688399.SH,20260605,49.38,50.38,47.38,48.28,49.38,-1.1,-2.2276,13335.09,64506.128,48.37322282789242
688400.SH,20260605,55.36,59.23,53.6,57.4,55.02,2.38,4.3257,293715.21,1664682.142,56.67674282172857
688401.SH,20260605,71.14,77.68,69.63,73.02,72.7,0.32,0.4402,79778.05,588325.057,73.74522904483126
688403.SH,20260605,19.8,23.5,19.02,22.5,20.18,2.32,11.4965,1363363.71,2987203.392,21.91053913265742
688408.SH,20260605,31.91,32.81,30.62,31.8,31.98,-0.18,-0.5629,64913.75,206245.965,31.772307870058345
688409.SH,20260605,143.86,153.08,140.32,145.3,146.99,-1.69,-1.1497,69507.46,1023515.513,147.25261331661378
688410.SH,20260605,14.8,15.05,14.38,14.75,14.7,0.05,0.3401,69184.67,101895.153,14.727995811788944
688411.SH,20260605,278.06,278.46,258.97,260.01,274.9,-14.89,-5.4165,71709.77,1904458.892,265.57871988712276
688416.SH,20260605,114.68,119.0,112.0,113.2,119.0,-5.8,-4.8739,37186.1,427752.533,115.03022177641647
688418.SH,20260605,45.63,47.8,44.53,46.56,45.14,1.42,3.1458,61746.86,286933.378,46.46930677932449
688419.SH,20260605,47.1,48.27,45.68,46.8,48.42,-1.62,-3.3457,28705.67,135013.967,47.03390201308662
688420.SH,20260605,23.47,24.33,23.11,23.86,23.66,0.2,0.8453,12514.8,29615.365,23.664273500175796
688425.SH,20260605,4.29,4.4,4.27,4.34,4.29,0.05,1.1655,179785.93,78148.125,4.346731971739946
688426.SH,20260605,17.26,17.73,16.93,17.47,17.19,0.28,1.6289,10317.4,17933.745,17.38203907961308
688428.SH,20260605,22.06,22.33,21.38,21.44,21.8,-0.36,-1.6514,69926.37,152238.488,21.771255679366742
688429.SH,20260605,11.6,11.82,11.21,11.56,11.61,-0.05,-0.4307,26026.48,29988.897,11.522455975606382
688432.SH,20260605,20.2,20.78,19.5,19.89,20.52,-0.63,-3.0702,254446.04,511054.972,20.085003956045064
688433.SH,20260605,98.87,98.87,93.6,97.0,97.58,-0.58,-0.5944,39105.63,373839.483,95.59735593059108
688435.SH,20260605,39.91,39.91,38.0,38.05,39.62,-1.57,-3.9626,25075.36,96644.598,38.541659222439876
688439.SH,20260605,48.6,49.1,46.74,47.67,49.19,-1.52,-3.0901,37095.82,177750.474,47.91657766292806
688443.SH,20260605,23.15,23.35,22.48,22.51,22.99,-0.48,-2.0879,40153.97,91442.643,22.773001772925564
688448.SH,20260605,57.13,59.01,56.12,57.51,56.75,0.76,1.3392,28628.59,165186.453,57.699821402311464
688449.SH,20260605,70.0,73.73,69.72,70.38,72.8,-2.42,-3.3242,134034.39,955281.316,71.27135923847602
688450.SH,20260605,44.11,44.28,41.5,42.66,44.1,-1.44,-3.2653,15443.41,65996.386,42.73433522777677
688455.SH,20260605,19.13,20.17,18.75,19.98,19.09,0.89,4.6621,30664.35,60160.2,19.61893860460111
688456.SH,20260605,91.0,91.6,87.02,88.9,93.44,-4.54,-4.8587,64140.38,574414.262,89.55579340191
688458.SH,20260605,36.31,39.71,35.8,38.0,36.98,1.02,2.7582,41804.54,157641.155,37.709099298784295
688459.SH,20260605,8.32,8.49,8.31,8.49,8.32,0.17,2.0433,11935.19,10015.527,8.391594101141246
688466.SH,20260605,15.38,16.0,14.97,15.74,15.39,0.35,2.2742,13485.82,20914.593,15.508580864938136
688468.SH,20260605,6.2,6.35,6.1,6.25,6.19,0.06,0.9693,32518.02,20351.586,6.258556332765648
688469.SH,20260605,7.7,7.7,7.28,7.34,7.81,-0.47,-6.0179,2626277.88,1963412.214,7.476026162166816
688472.SH,20260605,11.88,11.92,11.34,11.45,11.92,-0.47,-3.943,688383.47,795043.4,11.54942607788069
688475.SH,20260605,27.36,28.53,26.96,27.81,27.28,0.53,1.9428,41135.91,114029.087,27.72008374191795
688478.SH,20260605,58.0,62.05,56.06,57.91,59.57,-1.66,-2.7866,74209.46,433998.299,58.48288061926336
688479.SH,20260605,32.31,33.13,32.0,32.62,32.59,0.03,0.0921,25681.54,83752.502,32.61194694710675
688480.SH,20260605,91.0,92.8,89.35,90.53,92.02,-1.49,-1.6192,14297.64,130152.724,91.03091419283183
688484.SH,20260605,42.2,43.27,40.65,41.75,43.01,-1.26,-2.9296,99193.0,416043.471,41.94282570342666
688485.SH,20260605,51.85,54.39,50.1,52.2,52.6,-0.4,-0.7605,50969.05,264741.158,51.94155237345016
688486.SH,20260605,73.5,76.85,72.15,74.48,73.86,0.62,0.8394,38731.35,290435.929,74.98729814478453
688488.SH,20260605,14.04,14.24,13.6,13.76,14.02,-0.26,-1.8545,41438.48,57430.278,13.859166166326562
688489.SH,20260605,24.22,24.83,23.11,24.1,24.23,-0.13,-0.5365,19944.01,47930.085,24.032320982590765
688496.SH,20260605,1.27,1.28,1.13,1.18,1.32,-0.14,-10.6061,212045.25,25748.844,1.2143089269861032
688498.SH,20260605,1374.0,1448.68,1300.0,1320.72,1373.9,-53.18,-3.8707,71918.11,9919549.536,1379.2839572675089
688499.SH,20260605,50.5,52.88,48.32,51.0,50.39,0.61,1.2106,80336.37,407990.444,50.785272473725165
688500.SH,20260605,49.81,49.99,47.7,48.2,49.81,-1.61,-3.2323,19440.31,94590.089,48.65667728549596
688501.SH,20260605,21.49,22.29,21.3,22.07,21.45,0.62,2.8904,16825.85,36834.229,21.891452140605082
688502.SH,20260605,455.0,485.0,438.1,453.9,462.2,-8.3,-1.7958,20895.54,955670.846,457.3563765281969
688503.SH,20260605,89.0,91.32,86.06,87.66,90.38,-2.72,-3.0095,108239.08,959413.954,88.63840620227002
688505.SH,20260605,6.75,6.98,6.75,6.92,6.84,0.08,1.1696,37646.01,25931.109,6.888142727476298
688506.SH,20260605,217.0,221.01,210.13,212.29,212.9,-0.61,-0.2865,16759.93,358453.12,213.8750698839434
688507.SH,20260605,185.0,197.77,172.53,191.45,169.06,22.39,13.2438,121514.87,2242195.806,184.52028183875768
688508.SH,20260605,85.74,85.74,81.5,83.2,87.1,-3.9,-4.4776,77711.41,650229.595,83.67234554102157
688509.SH,20260605,5.02,5.1,4.88,5.03,4.99,0.04,0.8016,192967.33,96469.575,4.999269824586369
688510.SH,20260605,26.02,28.64,26.02,27.54,26.02,1.52,5.8417,118015.26,327269.797,27.731142311595978
688511.SH,20260605,24.84,25.11,23.9,24.76,24.85,-0.09,-0.3622,29739.29,73135.547,24.592230345781626
688512.SH,20260605,13.5,13.64,12.58,13.2,13.39,-0.19,-1.419,184936.64,243334.221,13.157707472137483
688513.SH,20260605,47.7,49.31,46.3,47.0,46.86,0.14,0.2988,18416.94,87534.723,47.52946092021802
688515.SH,20260605,221.3,233.88,212.98,214.0,226.97,-12.97,-5.7144,71989.29,1611002.781,223.78367407151813
688516.SH,20260605,59.2,59.8,56.15,58.34,58.58,-0.24,-0.4097,135077.74,781516.447,57.85679024538019
688517.SH,20260605,19.95,20.49,19.25,20.02,19.89,0.13,0.6536,23689.95,47128.629,19.893933503447666
688518.SH,20260605,26.03,28.27,24.66,26.82,26.1,0.72,2.7586,282878.37,752658.591,26.607145360742855
688519.SH,20260605,243.01,257.9,235.83,236.1,247.0,-10.9,-4.413,65197.72,1600215.794,245.44045313241014
688520.SH,20260605,35.77,35.87,35.05,35.4,35.3,0.1,0.2833,17459.66,61846.627,35.422583830383864
688521.SH,20260605,236.1,238.23,224.99,225.2,243.1,-17.9,-7.3632,227500.68,5269870.142,231.6419512240579
688522.SH,20260605,20.23,21.88,19.76,21.33,20.24,1.09,5.3854,88360.68,184544.559,20.885371072291434
688523.SH,20260605,58.24,60.98,57.37,60.09,57.6,2.49,4.3229,99828.45,593793.791,59.48141947510955
688525.SH,20260605,327.0,333.0,309.11,311.0,341.31,-30.31,-8.8805,481863.55,15507983.993,321.83351475744536
688526.SH,20260605,12.57,12.69,12.45,12.54,12.51,0.03,0.2398,9196.18,11533.147,12.541236687407162
688528.SH,20260605,10.68,11.54,10.57,11.24,10.67,0.57,5.3421,40036.27,44277.266,11.059288490161547
688529.SH,20260605,17.31,18.89,16.65,18.16,17.32,0.84,4.8499,30001.11,53290.832,17.762953437389484
688530.SH,20260605,48.01,49.95,47.02,48.55,48.63,-0.08,-0.1645,50746.2,246360.563,48.547588390854884
688531.SH,20260605,202.96,215.0,190.0,195.17,198.98,-3.81,-1.9148,78218.53,1575543.103,201.4283703618567
688533.SH,20260605,24.78,25.71,24.16,24.99,24.71,0.28,1.1331,13048.74,32536.564,24.934640432716108
688535.SH,20260605,115.27,119.45,113.52,114.8,118.74,-3.94,-3.3182,67209.58,782410.634,116.41355800765308
688536.SH,20260605,300.0,308.9,291.0,293.0,305.98,-12.98,-4.2421,42243.45,1260557.608,298.4030916035504
688538.SH,20260605,2.39,2.5,2.36,2.43,2.41,0.02,0.8299,1605610.17,391543.16,2.4385941700904894
688539.SH,20260605,31.15,32.23,30.66,31.8,31.12,0.68,2.1851,49141.54,155666.78,31.677228674559245
688543.SH,20260605,41.1,41.89,40.31,41.02,40.79,0.23,0.5639,56282.03,231686.778,41.165320085291874
688545.SH,20260605,87.0,90.75,84.91,86.16,89.86,-3.7,-4.1175,167466.04,1467068.808,87.60395886831742
688548.SH,20260605,29.5,30.17,27.85,28.11,30.12,-2.01,-6.6733,314219.37,916026.072,29.1524380562535
688549.SH,20260605,15.5,16.8,15.34,15.99,16.03,-0.04,-0.2495,1063775.66,1707003.028,16.046644910074367
688550.SH,20260605,40.97,45.85,40.83,43.35,41.45,1.9,4.5838,105662.71,458713.829,43.41302896736228
688551.SH,20260605,57.0,57.11,53.2,54.08,56.23,-2.15,-3.8236,59505.31,324377.351,54.512336966230414
688552.SH,20260605,29.3,29.96,28.93,29.52,29.53,-0.01,-0.0339,37779.31,111376.317,29.480770559335255
688553.SH,20260605,16.44,17.64,16.41,17.12,16.25,0.87,5.3538,109345.11,185574.569,16.971455696555612
688556.SH,20260605,10.78,11.22,10.56,10.99,10.9,0.09,0.8257,405251.99,443404.857,10.941460324476138
688557.SH,20260605,30.4,31.64,29.7,31.05,30.48,0.57,1.8701,12641.21,38825.98,30.713816161585804
688558.SH,20260605,32.0,34.18,31.55,33.25,32.29,0.96,2.9731,26212.53,86596.808,33.036417316451335
688559.SH,20260605,62.02,73.7,60.18,68.46,61.48,6.98,11.3533,295838.72,2017593.908,68.19911565328569
688560.SH,20260605,14.15,14.44,13.7,14.12,14.1,0.02,0.1418,39639.98,55698.828,14.051174596959937
688561.SH,20260605,25.7,26.25,25.32,25.8,25.77,0.03,0.1164,50483.74,130175.071,25.785544216811193
688562.SH,20260605,16.43,16.9,16.25,16.68,16.42,0.26,1.5834,31421.45,52318.395,16.650534905295583
688563.SH,20260605,50.56,51.1,49.92,50.22,50.4,-0.18,-0.3571,31134.33,157474.96,50.57920308546868
688565.SH,20260605,10.59,10.98,10.23,10.77,10.59,0.18,1.6997,40357.71,42826.76,10.611791402435868
688566.SH,20260605,24.0,24.48,23.81,24.04,23.92,0.12,0.5017,8773.08,21165.319,24.125300350618026
688567.SH,20260605,12.19,12.29,11.53,12.01,12.07,-0.06,-0.4971,181389.84,216148.595,11.916245970557116
688568.SH,20260605,44.86,46.99,43.91,45.9,44.85,1.05,2.3411,157115.9,718370.464,45.72232753018632
688569.SH,20260605,18.13,18.57,17.95,18.26,18.14,0.12,0.6615,6968.11,12732.433,18.27243398855644
688570.SH,20260605,15.79,16.13,15.48,15.95,15.7,0.25,1.5924,12289.18,19400.8,15.786895464139999
688571.SH,20260605,8.8,9.39,8.2,9.06,8.85,0.21,2.3729,166907.3,146960.509,8.804917999392478
688573.SH,20260605,19.7,20.38,18.88,19.87,19.73,0.14,0.7096,29736.6,58437.393,19.651672686184703
688575.SH,20260605,9.78,9.97,9.66,9.87,9.75,0.12,1.2308,93403.95,91905.705,9.839595113482888
688576.SH,20260605,68.73,70.25,67.5,69.22,68.74,0.48,0.6983,3250.99,22371.132,68.8132907206728
688577.SH,20260605,66.0,70.0,63.3,69.2,66.47,2.73,4.1071,27012.36,180601.473,66.85882795875665
688578.SH,20260605,84.5,85.8,83.39,84.29,83.26,1.03,1.2371,41587.93,350300.208,84.23121997175622
688579.SH,20260605,8.66,8.96,8.52,8.87,8.66,0.21,2.4249,30137.01,26310.916,8.730433443795519
688580.SH,20260605,50.46,51.79,50.46,50.7,50.47,0.23,0.4557,13183.75,67274.618,51.02843879776239
688581.SH,20260605,53.89,55.39,53.89,55.02,53.59,1.43,2.6684,5778.75,31694.678,54.846944408392815
688582.SH,20260605,45.56,48.47,44.2,47.55,45.94,1.61,3.5046,85455.05,399051.704,46.69726411721718
688583.SH,20260605,114.17,119.0,109.85,113.21,114.17,-0.96,-0.8409,19445.64,222518.739,114.43117274617859
688584.SH,20260605,26.07,26.96,24.83,25.63,26.55,-0.92,-3.4652,165725.19,429663.087,25.92623891395146
688585.SH,20260605,177.96,191.0,169.65,173.89,178.04,-4.15,-2.3309,83421.31,1491048.584,178.73713371319633
688586.SH,20260605,13.03,13.2,12.66,12.85,13.05,-0.2,-1.5326,77626.11,100303.155,12.92131668068901
688588.SH,20260605,9.98,10.31,9.76,10.11,9.98,0.13,1.3026,40372.16,40603.231,10.057235233388553
688589.SH,20260605,20.09,20.43,18.97,19.98,20.1,-0.12,-0.597,44753.64,88344.823,19.74025420055218
688590.SH,20260605,14.21,14.99,13.71,14.5,14.21,0.29,2.0408,170497.18,244929.347,14.365595196354569
688591.SH,20260605,30.83,31.99,29.78,31.0,31.14,-0.14,-0.4496,57132.85,176146.991,30.83112272536728
688592.SH,20260605,38.0,41.0,37.15,40.03,38.06,1.97,5.176,19051.21,75113.986,39.42740959760562
688593.SH,20260605,36.48,37.99,35.0,35.55,36.36,-0.81,-2.2277,176425.41,643598.707,36.479932624217795
688595.SH,20260605,38.37,42.48,37.61,39.92,38.17,1.75,4.5848,142083.08,575723.793,40.52022190115811
688596.SH,20260605,39.05,42.63,37.84,40.9,39.84,1.06,2.6606,257763.87,1051067.312,40.77636295575481
688597.SH,20260605,9.3,9.98,9.15,9.71,9.35,0.36,3.8503,202424.35,194128.282,9.59016452319101
688598.SH,20260605,33.2,35.28,32.79,34.28,34.0,0.28,0.8235,171420.01,590810.411,34.46566191426543
688599.SH,20260605,14.51,14.52,13.93,14.14,14.42,-0.28,-1.9417,406636.18,577376.32,14.198842808330532
688600.SH,20260605,26.0,27.5,26.0,26.64,26.49,0.15,0.5663,35341.84,94904.478,26.853292867603955
688601.SH,20260605,55.3,56.99,53.29,54.09,55.37,-1.28,-2.3117,53916.23,296211.633,54.93923314000255
688602.SH,20260605,7.15,7.31,6.95,7.13,7.23,-0.1,-1.3831,92680.92,66128.258,7.135045487248077
688603.SH,20260605,166.12,187.88,161.77,176.5,171.68,4.82,2.8075,104518.08,1841552.925,176.19467607900947
688605.SH,20260605,71.69,77.8,70.4,74.2,72.33,1.87,2.5854,83119.66,622599.962,74.90405543044811
688606.SH,20260605,48.78,50.2,47.66,49.65,48.78,0.87,1.7835,5952.39,29322.039,49.260950643355024
688607.SH,20260605,59.0,60.93,58.32,58.6,59.75,-1.15,-1.9247,15548.69,92421.032,59.439754731749105
688608.SH,20260605,158.66,162.91,154.04,162.28,159.67,2.61,1.6346,44526.45,707291.609,158.84751849743245
688609.SH,20260605,11.8,12.79,11.06,11.9,11.37,0.53,4.6614,606068.25,728222.008,12.015511586360116
688610.SH,20260605,183.85,213.91,180.95,200.7,188.3,12.4,6.5852,23885.32,474453.186,198.63798600981693
688611.SH,20260605,76.19,80.13,74.57,76.95,76.96,-0.01,-0.013,14710.98,113999.423,77.49274555468092
688612.SH,20260605,37.85,38.2,36.6,37.06,38.15,-1.09,-2.8571,68704.76,257242.336,37.44170505799016
688613.SH,20260605,16.23,16.38,15.74,16.16,16.11,0.05,0.3104,24194.64,38986.748,16.11379545221586
688615.SH,20260605,127.3,128.9,123.51,124.91,127.4,-2.49,-1.9545,40514.44,510067.109,125.89760811207064
688616.SH,20260605,11.82,12.14,11.48,11.96,11.77,0.19,1.6143,19881.34,23563.251,11.851943078283455
688617.SH,20260605,198.89,202.68,198.1,201.53,199.02,2.51,1.2612,9646.39,193773.391,200.87658802930423
688618.SH,20260605,33.71,35.56,33.37,34.21,33.72,0.49,1.4531,29192.46,100473.65,34.41767154943434
688619.SH,20260605,16.42,17.87,15.87,17.3,16.43,0.87,5.2952,83659.1,142134.161,16.98968325023817
688620.SH,20260605,11.86,12.79,11.25,12.15,11.72,0.43,3.6689,177442.37,214170.306,12.069851524187827
688621.SH,20260605,53.58,53.7,50.4,50.51,52.67,-2.16,-4.101,19445.65,100141.972,51.49839269965262
688622.SH,20260605,135.78,135.88,125.02,130.39,137.0,-6.61,-4.8248,19377.39,250460.899,129.25419728869574
688623.SH,20260605,95.91,97.92,93.33,96.61,95.74,0.87,0.9087,6407.51,61168.56,95.46385413366502
688625.SH,20260605,75.0,77.0,72.18,75.1,77.88,-2.78,-3.5696,53951.14,405394.142,75.14097792928935
688626.SH,20260605,50.99,51.28,49.36,50.14,50.49,-0.35,-0.6932,13914.51,69764.939,50.138265019752765
688627.SH,20260605,379.07,403.01,379.07,385.56,388.01,-2.45,-0.6314,63065.69,2476923.149,392.75288179674243
688628.SH,20260605,84.08,86.45,81.44,83.38,84.5,-1.12,-1.3254,37858.9,316143.834,83.50581606966921
688629.SH,20260605,139.35,144.8,134.21,134.96,139.38,-4.42,-3.1712,207615.61,2895158.871,139.4480343265133
688630.SH,20260605,395.0,408.5,373.01,379.0,408.0,-29.0,-7.1078,82314.69,3216911.368,390.8064730608837
688631.SH,20260605,46.76,48.49,45.71,47.38,46.87,0.51,1.0881,18482.4,86843.538,46.987154265679784
688633.SH,20260605,28.99,30.87,27.76,29.8,28.51,1.29,4.5247,120351.33,355382.702,29.528772303554934
688635.SH,20260605,633.0,649.43,595.0,598.0,649.99,-51.99,-7.9986,47466.35,2930788.602,617.4455381549245
688636.SH,20260605,35.28,37.27,34.66,36.62,35.1,1.52,4.3305,54541.66,197738.037,36.2544955544074
688638.SH,20260605,34.57,35.98,33.34,35.11,34.7,0.41,1.1816,8170.11,28418.192,34.78312042310324
688639.SH,20260605,22.01,22.3,21.42,21.87,22.08,-0.21,-0.9511,52356.05,114637.148,21.89568311589587
688646.SH,20260605,67.71,67.8,64.08,64.63,68.0,-3.37,-4.9559,11714.07,76981.009,65.71670563689649
688648.SH,20260605,38.45,39.88,37.31,39.0,38.71,0.29,0.7492,20690.88,80165.539,38.7443835158292
688651.SH,20260605,34.0,34.8,32.7,34.11,33.83,0.28,0.8277,11350.44,38468.597,33.89172314024831
688652.SH,20260605,130.3,133.25,127.5,128.27,133.07,-4.8,-3.6071,55418.65,721003.432,130.1012262117536
688653.SH,20260605,14.0,14.23,13.45,13.88,14.03,-0.15,-1.0691,110419.04,153250.327,13.878976578677012
688655.SH,20260605,56.2,58.49,54.01,54.68,56.7,-2.02,-3.5626,124417.28,694998.527,55.86028942281972
688656.SH,20260605,105.03,105.5,102.52,103.42,104.07,-0.65,-0.6246,3597.91,37257.902,103.55429124130399
688657.SH,20260605,36.17,36.78,35.83,36.4,36.15,0.25,0.6916,10565.72,38376.394,36.32160799264035
688658.SH,20260605,16.13,16.27,13.3,13.73,16.3,-2.57,-15.7669,384138.06,546207.012,14.219028752318891
688659.SH,20260605,9.88,10.29,9.48,10.0,9.98,0.02,0.2004,50994.71,50286.713,9.861162657852159
688660.SH,20260605,10.3,10.3,9.86,9.86,10.11,-0.25,-2.4728,171936.82,172134.082,10.011472935232836
688661.SH,20260605,123.51,126.69,119.68,120.18,124.0,-3.82,-3.0806,50193.84,618535.696,123.22940344871006
688662.SH,20260605,93.68,94.66,87.7,88.76,92.82,-4.06,-4.3741,52056.71,471944.85,90.65975356491026
688663.SH,20260605,93.01,93.88,87.67,88.37,93.0,-4.63,-4.9785,39879.06,360588.18,90.42043117365354
688665.SH,20260605,50.2,51.87,48.01,50.58,50.19,0.39,0.777,9862.52,49342.206,50.030018697047
688667.SH,20260605,111.5,112.5,107.0,109.65,109.69,-0.04,-0.0365,18784.67,206622.237,109.99513805672392
688668.SH,20260605,386.84,428.0,380.52,395.97,362.4,33.57,9.2632,95311.95,3864556.913,405.4640486318872
688669.SH,20260605,43.5,44.99,42.5,44.5,44.27,0.23,0.5195,42790.39,187559.437,43.832140113703105
688670.SH,20260605,15.46,16.39,15.39,15.85,15.48,0.37,2.3902,16063.45,25280.99,15.738206923170303
688671.SH,20260605,24.46,26.21,23.96,25.65,25.23,0.42,1.6647,29398.7,74199.902,25.23917792283332
688676.SH,20260605,95.09,95.09,88.0,89.92,94.69,-4.77,-5.0375,208112.43,1895557.272,91.08332798766513
688677.SH,20260605,143.0,143.0,128.49,132.58,145.0,-12.42,-8.5655,58401.37,781403.706,133.79886567729488
688678.SH,20260605,22.0,23.05,21.47,22.36,22.2,0.16,0.7207,170739.77,380526.639,22.286936371063405
688679.SH,20260605,55.01,56.79,53.78,55.53,55.85,-0.32,-0.573,21516.81,118810.143,55.217359357637115
688680.SH,20260605,44.0,44.88,42.79,43.66,44.22,-0.56,-1.2664,27338.7,120201.953,43.96769158738345
688681.SH,20260605,16.29,16.85,15.98,16.51,16.3,0.21,1.2883,18852.12,30974.851,16.430433818583797
688682.SH,20260605,40.69,44.6,39.81,42.92,39.29,3.63,9.239,41066.01,172509.841,42.007938195115614
688683.SH,20260605,37.6,38.29,36.08,37.68,38.1,-0.42,-1.1024,18431.21,68935.213,37.40134966722207
688685.SH,20260605,49.66,50.99,48.22,49.38,49.16,0.22,0.4475,36519.13,180953.636,49.550368806704874
688686.SH,20260605,134.9,143.0,129.14,137.96,136.62,1.34,0.9808,37673.44,511314.65,135.72284612183014
688687.SH,20260605,16.32,16.82,16.15,16.62,16.33,0.29,1.7759,23865.13,39422.211,16.518749740730513
688689.SH,20260605,39.6,41.44,39.11,40.42,40.13,0.29,0.7227,23849.74,96424.66,40.43006758144952
688690.SH,20260605,41.45,44.5,41.07,42.03,41.65,0.38,0.9124,221586.2,949734.962,42.860745028345626
688691.SH,20260605,96.5,101.0,94.36,95.1,98.85,-3.75,-3.7936,64483.12,628128.269,97.40972040434768
688692.SH,20260605,273.0,276.02,262.3,265.0,275.9,-10.9,-3.9507,24021.98,646981.332,269.3288946206766
688693.SH,20260605,104.4,104.4,97.96,100.4,104.0,-3.6,-3.4615,27496.74,276338.514,100.49864602131017
688695.SH,20260605,20.47,21.27,20.0,20.9,20.47,0.43,2.1006,15243.67,31518.024,20.676139013767685
688696.SH,20260605,73.3,73.37,71.77,72.0,72.7,-0.7,-0.9629,9953.37,72199.486,72.53772943234301
688697.SH,20260605,20.37,21.6,19.3,20.91,20.57,0.34,1.6529,122077.12,250217.421,20.49666808981077
688698.SH,20260605,64.38,69.88,60.69,66.51,64.38,2.13,3.3085,101843.13,664334.798,65.23118427330346
688699.SH,20260605,57.2,59.2,55.51,57.15,58.3,-1.15,-1.9726,33190.1,189688.222,57.15204895435687
688700.SH,20260605,91.41,93.46,87.1,87.8,92.0,-4.2,-4.5652,154288.32,1390598.619,90.12986977886595
688701.SH,20260605,9.13,9.56,8.9,9.26,9.21,0.05,0.5429,30260.6,27856.706,9.205602664851325
688702.SH,20260605,267.0,278.8,262.01,263.02,274.94,-11.92,-4.3355,55855.48,1502820.679,269.0551901084728
688707.SH,20260605,14.85,15.57,14.33,15.17,14.92,0.25,1.6756,226545.01,340474.631,15.029005979871284
688708.SH,20260605,47.07,48.38,46.03,47.68,46.75,0.93,1.9893,17915.29,85254.414,47.58751546863043
688709.SH,20260605,33.5,33.94,32.0,33.18,33.78,-0.6,-1.7762,77770.23,257452.002,33.10418421033344
688710.SH,20260605,58.64,59.2,56.33,56.96,57.92,-0.96,-1.6575,14520.61,83709.884,57.649013367895705
688711.SH,20260605,33.1,35.2,32.13,33.53,34.47,-0.94,-2.727,140848.81,471608.179,33.48329169412223
688712.SH,20260605,39.3,39.58,38.5,38.71,39.3,-0.59,-1.5013,19565.53,76189.543,38.940699791929994
688716.SH,20260605,31.6,34.2,30.05,33.52,31.6,1.92,6.0759,55130.62,180437.007,32.729000145472696
688717.SH,20260605,103.13,103.85,97.5,97.69,103.15,-5.46,-5.2933,56776.14,565560.129,99.61228942298648
688718.SH,20260605,14.55,15.06,14.07,14.81,14.7,0.11,0.7483,27228.34,39867.51,14.64191720832045
688719.SH,20260605,83.5,87.83,78.5,78.78,81.7,-2.92,-3.5741,66081.31,543332.924,82.22187544405521
688720.SH,20260605,93.79,96.66,90.73,92.5,95.84,-3.34,-3.485,37258.83,347790.996,93.34458328401615
688721.SH,20260605,41.5,44.38,40.65,42.7,42.3,0.4,0.9456,29050.52,123223.772,42.417062414029076
688722.SH,20260605,15.98,16.95,15.52,16.58,15.98,0.6,3.7547,58044.21,94842.316,16.339668676686273
688726.SH,20260605,59.02,63.18,58.01,61.6,60.27,1.33,2.2067,189209.97,1149715.945,60.764025542628644
688727.SH,20260605,49.6,53.11,47.9,51.35,50.3,1.05,2.0875,70045.32,358075.672,51.120570510635105
688728.SH,20260605,13.73,14.2,13.23,13.8,13.88,-0.08,-0.5764,289280.09,397472.802,13.740067697019867
688729.SH,20260605,24.5,24.68,23.4,23.9,24.87,-0.97,-3.9003,128845.42,310169.216,24.072971782776605
688733.SH,20260605,36.56,37.59,34.26,36.25,37.55,-1.3,-3.4621,120343.0,431168.407,35.82829138379466
688737.SH,20260605,24.98,25.52,24.32,25.0,24.99,0.01,0.04,17745.7,44200.742,24.907860495782078
688739.SH,20260605,20.51,21.08,20.51,20.92,20.51,0.41,1.999,18836.12,39158.805,20.78920977356271
688750.SH,20260605,16.51,16.95,16.27,16.66,16.53,0.13,0.7864,26903.66,44801.817,16.652684801993484
688755.SH,20260605,35.24,35.56,34.74,35.07,35.18,-0.11,-0.3127,3971.43,13932.018,35.08060824438552
688757.SH,20260605,39.45,43.66,37.15,42.18,37.88,4.3,11.3516,178217.82,735886.63,41.29141687402527
688758.SH,20260605,17.6,17.65,17.2,17.4,17.39,0.01,0.0575,19398.72,33792.268,17.419844195905707
688759.SH,20260605,31.57,31.77,29.56,31.18,31.18,0.0,0.0,42282.42,129210.98,30.559031389404865
688765.SH,20260605,47.92,48.88,47.42,47.87,47.93,-0.06,-0.1252,12968.04,62353.378,48.08234552021739
688766.SH,20260605,404.0,421.0,393.0,396.0,427.35,-31.35,-7.3359,63409.89,2580958.603,407.0277685389456
688767.SH,20260605,37.33,37.71,37.1,37.25,37.78,-0.53,-1.4029,12838.06,47983.331,37.37584261173417
688768.SH,20260605,53.1,54.4,51.01,53.05,53.3,-0.25,-0.469,15134.1,80001.137,52.86150943894913
688772.SH,20260605,15.2,16.07,14.38,15.4,15.21,0.19,1.2492,565948.54,863915.808,15.264918043608697
688775.SH,20260605,168.0,168.0,161.59,163.0,168.88,-5.88,-3.4818,14963.88,245487.712,164.05351553206788
688776.SH,20260605,64.83,66.24,62.61,64.65,64.55,0.1,0.1549,20470.11,132612.817,64.78363672691549
688777.SH,20260605,90.4,102.0,88.33,100.0,88.42,11.58,13.0966,454340.29,4361211.754,95.98998481952812
688778.SH,20260605,59.09,60.1,57.53,58.81,59.31,-0.5,-0.843,62804.75,369726.051,58.869122319569776
688779.SH,20260605,8.37,8.53,8.21,8.36,8.41,-0.05,-0.5945,278165.5,233024.306,8.377182145161783
688781.SH,20260605,48.46,50.59,47.8,49.26,48.88,0.38,0.7774,33995.6,167838.06,49.3705244208074
688783.SH,20260605,37.15,39.5,36.0,36.7,38.55,-1.85,-4.799,282837.47,1058413.738,37.42127017329069
688785.SH,20260605,330.97,361.76,326.21,347.28,337.12,10.16,3.0138,12036.58,418604.672,347.77708618228763
688786.SH,20260605,40.54,44.6,38.38,42.49,40.99,1.5,3.6594,95409.09,399819.004,41.90575594002627
688787.SH,20260605,130.0,131.82,125.6,125.7,130.1,-4.4,-3.382,22560.99,287833.088,127.57999006249281
688788.SH,20260605,44.43,44.48,43.41,43.59,44.3,-0.71,-1.6027,13541.39,59315.615,43.80319524066584
688789.SH,20260605,50.55,52.06,49.71,51.57,50.55,1.02,2.0178,18361.54,93538.322,50.942525518012104
688790.SH,20260605,124.28,127.23,120.1,124.6,124.57,0.03,0.0241,5882.74,72926.104,123.9662198227357
688793.SH,20260605,18.0,18.55,17.2,18.18,17.8,0.38,2.1348,18718.66,33703.788,18.005449108002388
688795.SH,20260605,646.0,678.5,624.16,633.97,655.99,-22.02,-3.3568,30178.0,1969868.285,652.7497796407979
688796.SH,20260605,96.77,98.98,93.6,93.8,95.85,-2.05,-2.1388,13728.75,131115.182,95.50409323499954
688798.SH,20260605,70.02,71.4,67.58,69.49,70.99,-1.5,-2.113,51065.53,354823.524,69.48395992365104
688799.SH,20260605,50.13,51.0,48.1,48.59,49.71,-1.12,-2.2531,39511.79,193716.361,49.02748293610591
688800.SH,20260605,134.0,138.6,125.28,126.11,135.0,-8.89,-6.5852,163689.76,2162591.484,132.11525779010245
688802.SH,20260605,720.0,774.7,700.66,710.0,724.3,-14.3,-1.9743,29539.04,2189623.761,741.2643609948054
688805.SH,20260605,54.43,54.96,51.61,52.06,54.26,-2.2,-4.0546,14383.54,76964.29,53.508586898635514
688807.SH,20260605,420.99,455.0,420.99,432.0,433.65,-1.65,-0.3805,16231.38,715444.478,440.77858937440936
688808.SH,20260605,2080.0,2323.03,2033.24,2145.0,2119.99,25.01,1.1797,18095.25,3964372.311,2190.8358884237578
688809.SH,20260605,503.98,523.08,488.21,491.92,512.0,-20.08,-3.9219,21036.98,1062045.728,504.84704933883097
688811.SH,20260605,28.09,28.22,26.8,26.95,27.6,-0.65,-2.3551,136595.97,376124.296,27.535533881416853
688813.SH,20260605,178.3,186.8,175.01,183.68,179.2,4.48,2.5,35776.42,644475.302,180.13968474207314
688816.SH,20260605,62.5,63.87,61.33,62.95,61.32,1.63,2.6582,8916.54,55916.263,62.71071850740309
688818.SH,20260605,71.94,74.8,70.91,73.2,68.67,4.53,6.5968,218319.3,1596970.939,73.14840872978249
688819.SH,20260605,24.14,24.68,23.9,24.23,24.13,0.1,0.4144,28922.71,70175.182,24.263003708850242
688820.SH,20260605,188.5,188.51,173.0,173.3,191.43,-18.13,-9.4708,356052.52,6380653.911,179.2054136002183
688981.SH,20260605,131.0,134.75,126.7,127.4,134.88,-7.48,-5.5457,934574.33,12150117.807,130.00697127001126
689009.SH,20260605,36.2,37.62,35.74,36.36,36.23,0.13,0.3588,123091.85,449518.098,36.51891640267004
920000.BJ,20260605,13.4,14.09,13.32,13.88,13.41,0.47,3.5048,8553.9,11843.702,13.845967336536551
920001.BJ,20260605,17.11,19.48,16.6,17.8,17.36,0.44,2.5346,115786.92,206764.915,17.8573637678591
920002.BJ,20260605,57.88,71.5,56.0,65.8,58.22,7.58,13.0196,35402.04,226214.699,63.898775042342194
920003.BJ,20260605,28.07,29.29,27.86,28.48,28.01,0.47,1.678,4370.97,12582.133,28.785676863487964
920005.BJ,20260605,31.41,33.22,31.4,32.83,31.92,0.91,2.8509,11115.0,36093.855,32.47310391363023
920006.BJ,20260605,16.05,17.15,15.91,16.94,16.06,0.88,5.4795,15942.1,26591.114,16.679806299044667
920007.BJ,20260605,41.49,43.78,41.47,42.8,41.63,1.17,2.8105,3048.25,13057.076,42.83466251127696
920008.BJ,20260605,22.28,23.8,22.28,23.29,22.32,0.97,4.3459,13370.05,31154.22,23.30149849850973
920009.BJ,20260605,35.7,37.39,35.59,36.43,35.56,0.87,2.4466,2690.45,9829.12,36.533368023936525
920010.BJ,20260605,10.58,11.04,10.47,10.79,10.58,0.21,1.9849,64072.95,69271.274,10.811313354543532
920011.BJ,20260605,26.66,28.36,25.63,26.6,25.96,0.64,2.4653,47335.13,127186.206,26.869305312988473
920012.BJ,20260605,72.0,78.87,69.12,75.82,73.27,2.55,3.4803,42007.84,311738.687,74.2096444378002
920014.BJ,20260605,9.56,10.03,9.5,9.84,9.56,0.28,2.9289,27703.18,27173.034,9.808633521494643
920015.BJ,20260605,44.15,48.25,42.5,45.55,44.75,0.8,1.7877,33252.07,151399.266,45.530779286823346
920016.BJ,20260605,14.17,15.15,14.13,14.7,14.17,0.53,3.7403,8329.3,12253.896,14.71179570912322
920017.BJ,20260605,16.06,16.68,15.97,16.47,15.94,0.53,3.325,16077.69,26369.21,16.401118568650098
920018.BJ,20260605,17.96,18.76,17.91,18.35,18.0,0.35,1.9444,18252.6,33565.755,18.389574635942274
920019.BJ,20260605,18.45,19.38,18.12,19.25,18.55,0.7,3.7736,56901.32,108079.878,18.99426551088797
920020.BJ,20260605,15.36,15.89,15.33,15.46,15.35,0.11,0.7166,19416.66,30282.866,15.596331191873372
920021.BJ,20260605,8.47,8.93,8.35,8.76,8.34,0.42,5.036,199247.68,173038.559,8.684595926035376
920022.BJ,20260605,22.92,23.88,22.76,23.45,22.89,0.56,2.4465,5996.61,14059.139,23.445144840168027
920023.BJ,20260605,2.34,2.47,2.32,2.35,2.33,0.02,0.8584,73988.26,17680.723,2.3896660091749693
920026.BJ,20260605,34.81,36.96,33.93,36.46,34.91,1.55,4.44,23570.88,84995.182,36.059401261217225
920027.BJ,20260605,11.94,12.63,11.85,12.48,11.98,0.5,4.1736,22526.98,27742.231,12.315113255305416
920028.BJ,20260605,19.26,20.67,19.14,19.72,19.7,0.02,0.1015,89873.54,179855.916,20.01210990465047
920029.BJ,20260605,40.75,42.99,40.2,41.76,40.75,1.01,2.4785,11575.85,48312.034,41.735193527905075
920030.BJ,20260605,4.92,5.18,4.87,5.05,4.86,0.19,3.9095,18945.86,9587.525,5.060485509763083
920033.BJ,20260605,15.21,15.92,15.2,15.66,15.26,0.4,2.6212,8324.18,13003.782,15.621697272283875
920035.BJ,20260605,26.29,28.39,26.29,27.5,26.47,1.03,3.8912,9579.2,26515.975,27.680782320026722
920036.BJ,20260605,42.88,44.57,41.48,43.65,42.04,1.61,3.8297,22441.62,97917.077,43.63191115436408
920037.BJ,20260605,43.63,47.12,43.13,45.89,43.28,2.61,6.0305,22401.18,102009.663,45.53762926774393
920039.BJ,20260605,7.94,8.54,7.94,8.41,7.97,0.44,5.5207,21712.29,18163.142,8.365373712307637
920045.BJ,20260605,530.0,553.0,505.0,510.01,533.01,-23.0,-4.3151,13647.14,721272.638,528.5155996054851
920046.BJ,20260605,30.12,31.0,29.03,29.05,31.13,-2.08,-6.6817,105480.71,315302.777,29.891984705070715
920047.BJ,20260605,18.99,19.49,17.62,18.06,18.76,-0.7,-3.7313,116210.1,213679.068,18.38730609473703
920050.BJ,20260605,28.14,29.65,28.02,28.91,28.18,0.73,2.5905,3687.25,10639.19,28.853996881144486
920055.BJ,20260605,30.73,32.56,30.53,31.47,30.73,0.74,2.4081,9785.49,31031.919,31.71217690682838
920056.BJ,20260605,18.81,20.38,18.81,19.73,18.79,0.94,5.0027,10263.88,20195.517,19.67629882656461
920057.BJ,20260605,5.38,5.75,5.38,5.6,5.44,0.16,2.9412,57478.14,31831.853,5.538079868276879
920058.BJ,20260605,23.45,24.8,23.11,24.18,23.4,0.78,3.3333,7357.34,17828.683,24.232512022007953
920060.BJ,20260605,29.4,31.61,28.7,30.45,29.38,1.07,3.6419,51428.7,155813.963,30.2970837295129
920061.BJ,20260605,21.66,24.0,21.66,23.1,22.34,0.76,3.402,17058.8,39077.539,22.907554458695802
920062.BJ,20260605,10.99,11.55,10.86,11.28,10.86,0.42,3.8674,92318.83,103845.04,11.24852210540363
920066.BJ,20260605,24.93,26.2,24.59,25.03,24.84,0.19,0.7649,15142.27,38605.667,25.495296940287027
920068.BJ,20260605,17.59,18.76,17.31,18.48,17.54,0.94,5.3592,21839.63,39914.159,18.276023449115208
920069.BJ,20260605,36.98,38.9,36.98,38.0,36.38,1.62,4.453,14646.9,55866.107,38.14193242256041
920075.BJ,20260605,17.95,19.42,17.95,18.6,18.05,0.55,3.0471,11921.53,22637.674,18.988899914692155
920076.BJ,20260605,13.68,14.36,13.54,14.34,13.68,0.66,4.8246,16115.51,22785.253,14.138710472085588
920077.BJ,20260605,17.24,18.28,16.98,17.86,17.32,0.54,3.1178,152895.55,272710.894,17.836417999084993
920078.BJ,20260605,36.8,39.1,35.13,35.35,35.56,-0.21,-0.5906,82350.14,304155.048,36.93436926761752
920080.BJ,20260605,21.9,23.38,21.8,22.89,21.89,1.0,4.5683,7897.99,17991.48,22.779821195012907
920082.BJ,20260605,8.95,9.7,8.95,9.42,8.95,0.47,5.2514,20496.15,19229.6,9.382054678561582
920086.BJ,20260605,26.05,27.32,25.85,26.53,26.03,0.5,1.9209,15871.44,42410.194,26.72107508833477
920087.BJ,20260605,11.46,12.05,11.34,11.74,11.64,0.1,0.8591,57802.12,67877.541,11.743088488795912
920088.BJ,20260605,37.0,39.8,36.9,38.37,38.38,-0.01,-0.0261,49620.16,190707.272,38.43342544643144
920089.BJ,20260605,15.8,16.63,15.72,16.41,15.87,0.54,3.4026,15414.16,25217.206,16.35976660421327
920090.BJ,20260605,4.12,4.27,4.08,4.17,4.12,0.05,1.2136,30599.19,12816.901,4.1886406143430595
920091.BJ,20260605,39.0,43.34,39.0,41.5,39.38,2.12,5.3834,16636.65,68890.42,41.408829301572126
920092.BJ,20260605,30.2,32.3,29.5,31.03,28.68,2.35,8.1939,29153.32,90236.929,30.952539539236014
920096.BJ,20260605,65.0,74.5,63.8,66.71,63.6,3.11,4.8899,68371.72,474707.371,69.4303684330305
920098.BJ,20260605,23.5,24.7,23.2,24.18,23.88,0.3,1.2563,20038.49,48364.314,24.135707830280623
920099.BJ,20260605,28.5,29.4,28.03,29.06,28.1,0.96,3.4164,9393.72,27055.714,28.801916599600585
920100.BJ,20260605,46.78,53.05,44.44,49.36,47.0,2.36,5.0213,75104.99,365509.462,48.666468366482704
920101.BJ,20260605,29.16,30.28,28.83,30.0,28.86,1.14,3.9501,4163.45,12407.121,29.80009607416926
920106.BJ,20260605,44.21,47.0,44.18,45.79,44.22,1.57,3.5504,8730.01,40162.984,46.0056563509091
920108.BJ,20260605,9.76,10.4,9.76,10.14,9.76,0.38,3.8934,9065.81,9179.344,10.12523315622101
920110.BJ,20260605,26.32,27.99,26.07,27.44,26.32,1.12,4.2553,2479.23,6783.209,27.360144076991645
920111.BJ,20260605,31.23,35.35,30.63,34.08,31.79,2.29,7.2035,84385.94,283800.552,33.6312603734698
920112.BJ,20260605,27.55,28.65,27.4,28.27,27.38,0.89,3.2505,2750.3,7752.417,28.187532269206997
920116.BJ,20260605,56.0,66.94,55.45,63.29,55.15,8.14,14.7597,82926.98,513533.279,61.92595931987395
920118.BJ,20260605,19.47,20.63,19.36,20.13,19.48,0.65,3.3368,8013.45,16180.017,20.191075005147596
920119.BJ,20260605,53.58,55.89,52.56,54.12,53.2,0.92,1.7293,7780.73,42473.157,54.587624811553674
920121.BJ,20260605,32.63,34.0,32.6,33.3,32.7,0.6,1.8349,3612.84,12053.18,33.362064193266235
920122.BJ,20260605,21.68,23.6,21.5,22.7,21.64,1.06,4.8983,10514.85,23868.084,22.69940512703462
920123.BJ,20260605,10.68,11.35,10.62,11.08,10.68,0.4,3.7453,13446.85,14863.964,11.053863172415843
920124.BJ,20260605,14.83,15.92,14.8,15.52,14.87,0.65,4.3712,29416.35,45445.048,15.448907835268484
920125.BJ,20260605,190.9,198.79,181.54,183.01,191.1,-8.09,-4.2334,18535.64,347841.73,187.66103031780938
920128.BJ,20260605,33.96,37.82,32.11,32.11,35.58,-3.47,-9.7527,99822.75,340706.575,34.131154972188206
920130.BJ,20260605,16.06,17.38,16.06,16.82,16.16,0.66,4.0842,12514.19,21043.098,16.81538956976041
920132.BJ,20260605,11.57,12.18,11.57,12.06,11.57,0.49,4.2351,9405.47,11238.745,11.9491583089415
920139.BJ,20260605,17.7,18.79,16.6,18.16,17.81,0.35,1.9652,101806.56,181554.708,17.833301508272157
920145.BJ,20260605,12.26,12.88,12.25,12.68,12.33,0.35,2.8386,12442.28,15749.973,12.65842996621198
920146.BJ,20260605,5.72,6.25,5.71,6.09,5.72,0.37,6.4685,36243.65,21902.184,6.043040367071198
920149.BJ,20260605,8.59,9.12,8.54,9.02,8.6,0.42,4.8837,16387.93,14665.304,8.948844667996507
920152.BJ,20260605,21.4,24.0,21.0,22.5,22.12,0.38,1.7179,90382.58,206420.641,22.83854267050133
920156.BJ,20260605,58.88,62.86,58.5,60.0,59.6,0.4,0.6711,37044.63,226255.143,61.076367343930826
920158.BJ,20260605,9.42,9.87,9.33,9.68,9.45,0.23,2.4339,26075.44,25207.571,9.667169949960577
920159.BJ,20260605,34.15,35.78,34.0,35.19,34.15,1.04,3.0454,11414.14,39996.305,35.04101491658592
920160.BJ,20260605,20.45,21.82,20.45,21.3,20.45,0.85,4.1565,11052.23,23394.632,21.167340889576135
920161.BJ,20260605,57.29,68.88,54.92,56.81,57.21,-0.4,-0.6992,218262.77,1327624.02,60.82686570870516
920163.BJ,20260605,10.55,10.99,10.35,10.75,10.3,0.45,4.3689,9030.63,9734.67,10.779613382455047
920166.BJ,20260605,21.92,23.11,21.92,22.38,22.05,0.33,1.4966,4479.0,10108.621,22.568923866934583
920167.BJ,20260605,18.49,19.37,17.63,18.73,18.35,0.38,2.0708,46050.7,85642.978,18.59754097114702
920168.BJ,20260605,18.96,20.14,18.96,19.71,19.06,0.65,3.4103,11106.77,21854.516,19.676752107048223
920169.BJ,20260605,23.21,25.1,22.6,24.8,23.05,1.75,7.5922,33183.06,80312.766,24.202941500874246
920171.BJ,20260605,19.13,20.85,19.13,20.28,19.51,0.77,3.9467,51381.16,103738.945,20.190074533155734
920174.BJ,20260605,36.12,37.77,35.9,36.98,35.83,1.15,3.2096,16718.01,61918.258,37.0368590520044
920175.BJ,20260605,9.9,12.88,9.9,11.98,9.94,2.04,20.5231,155434.77,184028.787,11.83961522894781
920177.BJ,20260605,31.01,33.58,31.01,32.17,31.5,0.67,2.127,18475.71,59829.99,32.38305320878061
920178.BJ,20260605,136.5,165.99,136.22,158.0,140.5,17.5,12.4555,44753.42,689443.138,154.05373220638782
920179.BJ,20260605,67.0,73.98,65.6,68.03,69.2,-1.17,-1.6908,65238.12,451848.438,69.26141311245634
920180.BJ,20260605,13.87,14.3,13.77,14.19,13.77,0.42,3.0501,14453.9,20368.102,14.091769003521541
920181.BJ,20260605,105.02,112.08,101.2,104.78,107.36,-2.58,-2.4031,16904.63,180258.463,106.63259887971519
920183.BJ,20260605,37.19,39.5,37.07,38.08,37.5,0.58,1.5467,10359.0,39927.257,38.543543778356984
920184.BJ,20260605,12.46,13.2,12.34,12.82,12.45,0.37,2.9719,21453.17,27571.609,12.851997630187055
920185.BJ,20260605,26.38,28.25,26.02,27.58,26.02,1.56,5.9954,120537.1,330085.269,27.38453712591393
920186.BJ,20260605,90.01,98.66,88.54,93.85,91.45,2.4,2.6244,139276.3,1315905.021,94.48161826527559
920187.BJ,20260605,21.36,22.33,21.13,21.97,21.49,0.48,2.2336,12329.49,27118.115,21.994514777172455
920188.BJ,20260605,25.6,27.13,25.3,26.34,25.54,0.8,3.1323,17532.07,46319.999,26.420154037714887
920190.BJ,20260605,31.92,36.97,31.56,35.41,31.92,3.49,10.9336,202967.6,702486.614,34.61077600562848
920191.BJ,20260605,11.04,11.68,11.02,11.29,11.1,0.19,1.7117,51639.52,59103.535,11.445407509597302
920195.BJ,20260605,14.01,14.81,13.88,14.45,14.01,0.44,3.1406,11732.74,16977.319,14.470037689405883
920198.BJ,20260605,8.07,8.61,8.07,8.46,8.07,0.39,4.8327,34440.74,29004.54,8.421578630424317
920199.BJ,20260605,24.8,26.29,24.36,25.44,24.95,0.49,1.9639,11958.32,30403.056,25.42418667505135
920200.BJ,20260605,48.0,49.56,46.21,47.25,47.15,0.1,0.2121,36306.02,175374.235,48.30445061177183
920204.BJ,20260605,14.64,15.49,14.56,15.06,14.66,0.4,2.7285,12119.59,18285.01,15.087152288154961
920207.BJ,20260605,24.34,25.75,24.01,25.11,24.25,0.86,3.5464,24618.02,61774.632,25.09325770309716
920208.BJ,20260605,20.09,21.14,20.0,20.6,20.06,0.54,2.6919,17465.42,36057.343,20.644990501230435
920211.BJ,20260605,278.87,280.0,226.68,226.88,25.19,201.69,800.6749,54564.27,1382833.647,253.432080553813
920212.BJ,20260605,10.88,11.65,10.72,11.38,10.9,0.48,4.4037,11574.2,13104.773,11.322400684280554
920218.BJ,20260605,29.66,33.17,29.51,30.48,31.34,-0.86,-2.7441,92079.08,286694.902,31.135726160600214
920220.BJ,20260605,72.0,79.67,70.81,76.3,73.68,2.62,3.5559,36802.41,280427.6,76.19816202254144
920221.BJ,20260605,14.7,17.56,14.43,17.08,14.6,2.48,16.9863,52951.77,86476.378,16.331159090621522
920223.BJ,20260605,16.3,17.14,15.01,16.2,16.25,-0.05,-0.3077,50670.01,82239.699,16.23044854342835
920225.BJ,20260605,24.0,24.86,22.28,23.4,23.74,-0.34,-1.4322,45380.44,107366.753,23.659257821211078
920227.BJ,20260605,64.25,67.79,63.21,66.05,64.44,1.61,2.4984,10020.07,66298.314,66.16551980175787
920230.BJ,20260605,10.35,10.89,10.35,10.85,10.35,0.5,4.8309,15995.16,17142.536,10.717326991414904
920237.BJ,20260605,16.05,17.09,15.95,16.54,16.1,0.44,2.7329,20420.28,33855.775,16.579486177466716
920239.BJ,20260605,26.67,28.12,26.27,27.42,26.38,1.04,3.9424,21779.87,59674.735,27.399031766488964
920242.BJ,20260605,23.0,24.5,22.91,23.8,22.92,0.88,3.8394,4950.76,11873.84,23.983873183107242
920245.BJ,20260605,20.8,22.4,20.8,21.92,20.81,1.11,5.334,5295.7,11525.901,21.764641123930737
920247.BJ,20260605,16.5,18.88,16.39,18.08,16.38,1.7,10.3785,61032.35,108406.948,17.762211024153586
920249.BJ,20260605,9.09,9.81,8.9,9.48,9.18,0.3,3.268,108573.66,102844.408,9.472316582124982
920252.BJ,20260605,19.2,21.83,19.2,20.5,19.35,1.15,5.9432,46737.83,97075.009,20.770114701516952
920260.BJ,20260605,8.17,8.71,8.17,8.52,8.21,0.31,3.7759,14534.49,12352.424,8.498697924729386
920261.BJ,20260605,13.92,14.45,13.79,14.18,13.85,0.33,2.3827,20803.79,29572.948,14.215173292943257
920262.BJ,20260605,13.93,14.56,13.86,14.26,13.93,0.33,2.369,13339.86,19089.497,14.310117947264814
920263.BJ,20260605,7.76,8.63,7.66,8.37,7.72,0.65,8.4197,23032.75,19009.703,8.253336227762643
920266.BJ,20260605,6.96,7.31,6.96,7.26,6.99,0.27,3.8627,12772.65,9210.469,7.2110869709887915
920267.BJ,20260605,15.8,17.0,15.69,16.48,15.83,0.65,4.1061,7472.35,12344.138,16.51975349120424
920270.BJ,20260605,15.15,16.54,15.15,16.07,15.17,0.9,5.9328,31106.42,49589.229,15.941798831238055
920271.BJ,20260605,10.85,11.49,10.8,11.17,10.9,0.27,2.4771,11648.11,13027.03,11.1838143698849
920273.BJ,20260605,23.99,24.92,22.84,22.84,23.61,-0.77,-3.2613,64572.24,153663.495,23.797144872161784
920274.BJ,20260605,18.9,19.97,18.9,19.37,18.88,0.49,2.5953,15998.04,31273.461,19.548307792704605
920275.BJ,20260605,6.1,6.33,6.02,6.25,6.09,0.16,2.6273,14762.56,9202.672,6.233791429128823
920278.BJ,20260605,6.35,6.73,6.35,6.59,6.35,0.24,3.7795,17453.25,11501.722,6.5900173320155275
920284.BJ,20260605,26.23,27.88,26.1,27.19,26.21,0.98,3.739,34826.09,94375.908,27.09919718234232
920299.BJ,20260605,23.01,23.7,22.12,22.69,23.42,-0.73,-3.117,43529.73,99336.42,22.820362083569087
920300.BJ,20260605,10.07,10.9,10.07,10.75,10.07,0.68,6.7527,26632.63,28326.163,10.635886504637355
920304.BJ,20260605,9.45,10.05,9.45,9.74,9.46,0.28,2.9598,13724.41,13453.618,9.802693157665793
920339.BJ,20260605,11.03,12.2,10.8,11.54,11.85,-0.31,-2.616,74554.56,84521.09,11.336810250104087
920344.BJ,20260605,18.52,19.49,18.5,19.2,18.65,0.55,2.9491,5397.05,10347.362,19.172255213496257
920346.BJ,20260605,17.65,18.83,17.48,18.45,17.65,0.8,4.5326,9284.89,17057.503,18.37124941706364
920351.BJ,20260605,13.33,14.34,13.21,14.08,13.34,0.74,5.5472,14908.88,20752.042,13.919249467431491
920357.BJ,20260605,18.7,19.87,18.29,19.25,18.73,0.52,2.7763,39011.25,75338.201,19.311916690698197
920363.BJ,20260605,12.99,14.29,12.85,13.66,13.29,0.37,2.784,61649.6,83899.191,13.609040610158056
920367.BJ,20260605,15.9,16.88,15.9,16.17,15.59,0.58,3.7203,14008.01,23001.074,16.419944017744136
920368.BJ,20260605,35.8,36.68,34.08,35.91,35.38,0.53,1.498,117189.84,417090.745,35.591032891588554
920370.BJ,20260605,2.87,3.02,2.83,2.97,2.89,0.08,2.7682,62694.11,18374.176,2.9307659044844883
920371.BJ,20260605,9.1,9.6,9.02,9.16,9.3,-0.14,-1.5054,66270.72,61142.868,9.22622660505273
920374.BJ,20260605,17.62,18.99,17.62,18.6,17.69,0.91,5.1441,11730.14,21742.792,18.535833331912496
920375.BJ,20260605,9.15,9.55,9.04,9.23,9.07,0.16,1.7641,51274.56,47761.888,9.314928884811494
920378.BJ,20260605,7.61,8.18,7.6,8.13,7.62,0.51,6.6929,18058.83,14499.818,8.029212302236633
920392.BJ,20260605,15.75,16.65,15.72,16.3,15.78,0.52,3.2953,6509.71,10630.455,16.330151419955726
920394.BJ,20260605,45.71,52.9,45.5,49.96,45.3,4.66,10.287,51263.75,253508.08,49.45172368388968
920395.BJ,20260605,7.89,8.37,7.81,8.2,7.9,0.3,3.7975,10930.44,8917.449,8.158362334910581
920396.BJ,20260605,23.78,25.78,23.78,25.14,24.0,1.14,4.75,29841.17,74691.579,25.029708620674057
920402.BJ,20260605,11.2,11.74,10.88,11.14,11.4,-0.26,-2.2807,196837.82,221515.609,11.253711761286525
920403.BJ,20260605,20.1,20.97,20.1,20.7,20.28,0.42,2.071,17489.81,36029.567,20.60031927162159
920405.BJ,20260605,12.38,14.13,12.3,13.49,12.38,1.11,8.9661,35614.32,46899.813,13.168807659390943
920407.BJ,20260605,14.44,15.89,14.44,15.62,14.45,1.17,8.0969,13507.27,20806.371,15.403831418191832
920414.BJ,20260605,9.87,10.63,9.8,10.28,9.81,0.47,4.791,38498.94,39491.377,10.257782941556313
920415.BJ,20260605,10.29,10.98,10.2,10.79,10.28,0.51,4.9611,30127.33,32147.587,10.67057286523565
920418.BJ,20260605,21.27,23.89,20.71,23.15,21.12,2.03,9.6117,71258.26,161444.947,22.65631338738835
920419.BJ,20260605,10.68,11.4,10.67,11.2,10.68,0.52,4.8689,11332.12,12625.705,11.141520739279144
920422.BJ,20260605,9.77,10.26,9.77,10.17,9.77,0.4,4.0942,9416.2,9511.6,10.101314755421507
920425.BJ,20260605,23.4,26.97,23.12,25.73,23.29,2.44,10.4766,46154.19,116977.273,25.344886997258538
920427.BJ,20260605,14.14,14.89,13.5,14.14,14.18,-0.04,-0.2821,65467.82,93113.143,14.222734619848348
920429.BJ,20260605,11.0,11.54,11.0,11.24,11.01,0.23,2.089,16488.66,18635.445,11.301976631211996
920433.BJ,20260605,4.57,4.87,4.53,4.81,4.57,0.24,5.2516,24403.65,11601.99,4.754202752457112
920436.BJ,20260605,12.07,12.85,12.01,12.68,12.19,0.49,4.0197,12024.47,15180.09,12.624331883234772
920438.BJ,20260605,81.3,104.8,80.01,93.15,82.93,10.22,12.3236,171371.99,1597669.155,93.22813809888069
920445.BJ,20260605,7.51,7.93,7.51,7.79,7.51,0.28,3.7284,19344.63,14975.302,7.741322527233655
920454.BJ,20260605,12.5,13.45,12.42,13.1,12.57,0.53,4.2164,13395.14,17553.265,13.104204211378157
920455.BJ,20260605,6.56,7.08,6.56,6.99,6.56,0.43,6.5549,16330.08,11274.738,6.9042760353899055
920469.BJ,20260605,6.92,7.24,6.61,7.01,6.79,0.22,3.2401,60668.36,42381.747,6.985807264280756
920471.BJ,20260605,11.67,12.44,11.65,12.15,11.77,0.38,3.2285,25082.67,30396.038,12.118342265795468
920475.BJ,20260605,12.6,13.58,12.5,13.21,12.63,0.58,4.5922,13487.23,17838.628,13.226309627699685
920476.BJ,20260605,19.82,21.5,19.75,21.06,20.01,1.05,5.2474,27056.06,56410.62,20.84953241528885
920478.BJ,20260605,9.25,9.86,9.25,9.63,9.25,0.38,4.1081,15976.67,15377.196,9.624781634721128
920489.BJ,20260605,15.5,16.29,14.75,15.75,15.54,0.21,1.3514,52744.06,82756.133,15.690133258607698
920491.BJ,20260605,27.12,29.45,26.53,28.6,27.32,1.28,4.6852,90926.95,256683.006,28.229584958034994
920493.BJ,20260605,139.89,145.88,137.05,141.39,137.99,3.4,2.4639,20702.92,294359.725,142.18270900916391
920496.BJ,20260605,7.55,8.02,7.5,7.81,7.59,0.22,2.8986,31126.78,24248.338,7.7901851717395765
920504.BJ,20260605,17.6,18.96,17.52,18.63,17.7,0.93,5.2542,4734.16,8734.315,18.449555993037837
920505.BJ,20260605,33.27,35.56,32.99,34.5,33.41,1.09,3.2625,15068.19,52010.963,34.517060775049956
920508.BJ,20260605,15.86,17.19,15.86,16.71,15.86,0.85,5.3594,10539.12,17580.122,16.68082534405149
920509.BJ,20260605,31.0,36.69,30.71,35.42,30.5,4.92,16.1311,91964.16,315198.986,34.27411134946483
920510.BJ,20260605,15.0,19.65,14.72,19.65,15.12,4.53,29.9603,110061.46,199587.804,18.13421373839671
920519.BJ,20260605,10.44,10.94,10.29,10.85,10.46,0.39,3.7285,8718.41,9329.747,10.7012023981437
920522.BJ,20260605,30.9,32.31,30.0,31.11,30.51,0.6,1.9666,53907.74,168804.742,31.3136373366793
920523.BJ,20260605,17.93,19.39,17.92,18.68,18.01,0.67,3.7202,18411.64,34604.566,18.79493950566055
920526.BJ,20260605,27.8,31.89,27.07,29.48,28.43,1.05,3.6933,76766.2,227818.175,29.676885790881926
920527.BJ,20260605,14.37,15.26,14.3,15.04,14.45,0.59,4.083,6639.44,9888.054,14.892903618377456
920533.BJ,20260605,21.77,24.78,21.35,23.68,21.94,1.74,7.9307,54005.71,125599.082,23.256630085966833
920541.BJ,20260605,10.14,10.72,10.13,10.61,10.14,0.47,4.6351,15803.42,16603.648,10.506363812389976
920547.BJ,20260605,19.75,20.79,19.72,20.44,19.77,0.67,3.389,3358.46,6850.593,20.39801873477725
920553.BJ,20260605,7.21,7.72,7.18,7.59,7.21,0.38,5.2705,14527.4,10928.202,7.522476148519349
920556.BJ,20260605,8.01,8.45,7.93,8.25,8.04,0.21,2.6119,36804.07,30406.981,8.261852833124163
920564.BJ,20260605,18.2,19.95,18.2,19.21,18.04,1.17,6.4856,24825.3,47809.69,19.25845407709071
920566.BJ,20260605,9.6,10.08,9.6,9.93,9.65,0.28,2.9016,12672.78,12578.501,9.92560511584672
920570.BJ,20260605,25.65,27.68,25.65,27.2,25.83,1.37,5.3039,10040.89,27100.256,26.989894322116864
920571.BJ,20260605,9.38,9.93,9.38,9.72,9.43,0.29,3.0753,151348.83,147188.309,9.72510385445332
920575.BJ,20260605,4.4,4.78,4.32,4.46,4.23,0.23,5.4374,106334.37,48126.931,4.525999542763079
920576.BJ,20260605,58.39,70.51,57.7,69.9,56.84,13.06,22.9768,71838.25,466507.344,64.93857297470359
920578.BJ,20260605,16.18,18.63,16.18,17.5,16.19,1.31,8.0914,22938.68,40172.931,17.513183408984297
920579.BJ,20260605,16.07,17.35,15.85,16.92,16.07,0.85,5.2894,27116.5,45316.462,16.711766636549704
920580.BJ,20260605,13.39,14.35,13.1,13.93,13.5,0.43,3.1852,63870.06,88397.332,13.840183021591024
920592.BJ,20260605,26.48,28.08,26.31,27.43,26.48,0.95,3.5876,19781.18,54176.586,27.38794450078307
920593.BJ,20260605,28.29,32.75,27.13,31.7,28.0,3.7,13.2143,100337.81,305075.534,30.404842800535512
920599.BJ,20260605,16.48,17.26,16.2,16.83,16.47,0.36,2.1858,46754.87,78970.368,16.89029784490899
920608.BJ,20260605,14.08,14.95,13.9,14.72,14.0,0.72,5.1429,5185.73,7534.129,14.52857938997981
920627.BJ,20260605,17.31,18.46,17.11,17.85,17.25,0.6,3.4783,18274.7,32743.456,17.917369915785212
920634.BJ,20260605,16.6,17.38,16.5,16.98,16.53,0.45,2.7223,7966.26,13575.607,17.041380773411866
920639.BJ,20260605,7.06,7.53,7.06,7.4,7.02,0.38,5.4131,47280.34,34887.584,7.378877563063211
920640.BJ,20260605,32.44,36.87,32.32,35.4,32.34,3.06,9.462,124261.19,434515.314,34.96790220663427
920641.BJ,20260605,15.65,17.44,15.35,16.95,15.8,1.15,7.2785,40829.07,67847.568,16.617465937872208
920642.BJ,20260605,10.64,11.7,10.63,11.49,10.64,0.85,7.9887,41281.03,46705.245,11.313972786047248
920651.BJ,20260605,21.95,23.58,21.91,22.99,21.95,1.04,4.738,7926.89,18200.973,22.961051559943435
920656.BJ,20260605,13.95,14.61,13.87,14.47,13.95,0.52,3.7276,5376.66,7741.085,14.397572098663483
920662.BJ,20260605,19.91,21.58,19.91,20.76,20.21,0.55,2.7214,15144.46,31635.858,20.88939321705759
920663.BJ,20260605,14.02,15.27,14.02,14.7,14.12,0.58,4.1076,16601.58,24513.074,14.765506656595335
920665.BJ,20260605,13.79,14.13,13.01,13.35,13.3,0.05,0.3759,82499.73,112038.344,13.580449778441698
920670.BJ,20260605,13.89,14.6,13.89,14.23,13.91,0.32,2.3005,23506.79,33673.999,14.325222201755324
920675.BJ,20260605,7.96,8.5,7.9,8.34,7.96,0.38,4.7739,25641.98,21221.299,8.27599857733295
920679.BJ,20260605,15.61,16.74,15.55,16.63,15.7,0.93,5.9236,4659.91,7654.96,16.42727005457187
920682.BJ,20260605,6.68,7.55,6.61,7.18,6.35,0.83,13.0709,211122.18,152262.32,7.21204754517029
920685.BJ,20260605,11.01,11.87,11.01,11.58,11.07,0.51,4.607,6768.86,7835.59,11.575937454756044
920689.BJ,20260605,23.65,25.28,23.65,24.6,23.96,0.64,2.6711,10434.66,25783.886,24.709847757377815
920690.BJ,20260605,18.29,19.79,18.2,19.16,18.41,0.75,4.0739,17948.01,34314.246,19.118691152946763
920693.BJ,20260605,26.88,28.79,26.5,27.83,26.81,1.02,3.8046,11381.99,31650.138,27.807209459857198
920694.BJ,20260605,15.26,16.29,15.23,15.91,15.15,0.76,5.0165,11127.73,17698.818,15.905146871823812
920699.BJ,20260605,63.42,69.8,61.38,66.52,63.54,2.98,4.69,17878.4,119582.889,66.88679579828172
920701.BJ,20260605,13.0,13.8,12.87,13.37,13.0,0.37,2.8462,9620.9,12938.302,13.44812023823135
920703.BJ,20260605,10.0,10.66,9.99,10.57,10.0,0.57,5.7,13512.58,14164.853,10.482715365977482
920706.BJ,20260605,18.88,20.5,18.69,19.87,18.27,1.6,8.7575,36735.81,72455.635,19.723434708530995
920717.BJ,20260605,7.55,8.05,7.5,7.82,7.59,0.23,3.0303,14343.55,11183.664,7.796998650961583
920718.BJ,20260605,10.67,11.23,10.54,10.98,10.58,0.4,3.7807,15326.93,16826.013,10.978071277157264
920719.BJ,20260605,10.03,11.36,10.03,10.82,10.07,0.75,7.4479,70093.03,76434.932,10.90478354267179
920720.BJ,20260605,10.22,11.99,10.16,11.25,10.23,1.02,9.9707,56613.59,63682.757,11.248669621551999
920725.BJ,20260605,90.5,94.58,81.0,83.35,90.7,-7.35,-8.1036,112023.01,977023.819,87.21635126569086
920726.BJ,20260605,18.13,18.89,17.74,17.88,17.81,0.07,0.393,33606.57,61244.023,18.22382438910011
920729.BJ,20260605,7.05,7.36,7.04,7.29,7.05,0.24,3.4043,10055.43,7265.63,7.225578617721967
920735.BJ,20260605,24.53,25.56,24.53,25.11,24.46,0.65,2.6574,20201.8,50799.389,25.145971646090945
920748.BJ,20260605,26.01,27.51,25.8,26.79,26.25,0.54,2.0571,10935.45,29215.524,26.71634363469267
920751.BJ,20260605,22.64,23.9,22.34,23.38,22.68,0.7,3.0864,13673.14,31964.91,23.377885401597585
920753.BJ,20260605,15.56,16.69,15.29,16.34,15.56,0.78,5.0129,7116.96,11565.157,16.250136294148064
920765.BJ,20260605,13.05,13.77,13.05,13.53,13.22,0.31,2.3449,11605.67,15699.214,13.527193173681484
920768.BJ,20260605,7.66,8.12,7.66,7.9,7.68,0.22,2.8646,21242.09,16852.537,7.9335587976512665
920770.BJ,20260605,12.54,14.19,12.45,13.55,13.32,0.23,1.7267,111798.78,148621.67,13.293675476601802
920779.BJ,20260605,27.11,28.83,27.09,28.27,27.21,1.06,3.8956,8038.61,22680.742,28.21475603369239
920781.BJ,20260605,6.17,6.6,6.07,6.47,6.17,0.3,4.8622,35037.83,22512.735,6.425265206207119
920786.BJ,20260605,7.8,8.22,7.76,7.92,8.02,-0.1,-1.2469,109033.93,87231.88,8.000434360203288
920790.BJ,20260605,18.29,20.18,18.29,19.41,18.29,1.12,6.1236,18756.25,36191.727,19.295822459180272
920792.BJ,20260605,10.1,10.69,10.07,10.37,10.09,0.28,2.775,14214.88,14840.165,10.439880603986808
920799.BJ,20260605,29.2,30.77,28.84,29.98,28.91,1.07,3.7011,33260.07,99935.949,30.04682461582312
920802.BJ,20260605,11.76,12.39,11.63,12.2,11.83,0.37,3.1276,7780.98,9467.637,12.167666540718523
920806.BJ,20260605,10.26,10.95,10.24,10.84,10.27,0.57,5.5501,35937.99,38436.185,10.695140434954764
920807.BJ,20260605,13.4,13.9,12.97,13.15,13.3,-0.15,-1.1278,104025.69,139983.605,13.456637970870467
920808.BJ,20260605,73.01,78.55,71.77,76.29,73.4,2.89,3.9373,33236.26,253125.92,76.1595678936198
920809.BJ,20260605,7.81,8.43,7.75,8.19,7.86,0.33,4.1985,226152.94,184497.525,8.158086514373856
920810.BJ,20260605,9.0,9.7,8.96,9.56,9.01,0.55,6.1043,12078.56,11341.642,9.389895815395214
920819.BJ,20260605,2.94,3.09,2.9,3.04,2.93,0.11,3.7543,72774.01,21875.742,3.005982767749091
920821.BJ,20260605,22.46,24.18,21.64,23.24,22.59,0.65,2.8774,37895.9,88134.194,23.25692066951834
920826.BJ,20260605,10.17,10.55,10.01,10.32,10.18,0.14,1.3752,51584.44,53172.027,10.307764705791127
920832.BJ,20260605,6.95,7.22,6.81,7.08,6.95,0.13,1.8705,21664.38,15376.003,7.097365814299787
920833.BJ,20260605,13.76,14.65,13.75,14.29,13.83,0.46,3.3261,11845.99,16958.776,14.316047877805065
920834.BJ,20260605,10.11,10.6,10.06,10.36,10.11,0.25,2.4728,12295.44,12759.164,10.377151204023605
920837.BJ,20260605,10.88,11.56,10.85,11.39,10.89,0.5,4.5914,14856.35,16822.99,11.323770643529535
920839.BJ,20260605,26.44,28.77,26.09,28.05,26.5,1.55,5.8491,16393.15,45693.712,27.873661864864285
920855.BJ,20260605,13.33,14.06,13.23,13.86,13.34,0.52,3.8981,4869.32,6716.955,13.794441523662442
920856.BJ,20260605,9.84,10.6,9.84,10.43,9.9,0.53,5.3535,10404.2,10710.324,10.294231175871282
920857.BJ,20260605,18.5,19.54,17.97,18.85,18.8,0.05,0.266,36127.55,67606.854,18.713379124795345
920866.BJ,20260605,6.49,6.86,6.45,6.7,6.5,0.2,3.0769,16809.31,11267.779,6.703296566010145
920870.BJ,20260605,13.45,14.48,13.4,14.05,13.42,0.63,4.6945,16552.56,23265.16,14.05532437278584
920871.BJ,20260605,12.28,12.9,12.08,12.87,12.31,0.56,4.5491,7215.65,9152.445,12.684158738298006
920873.BJ,20260605,8.05,8.47,8.05,8.38,8.12,0.26,3.202,33087.35,27507.161,8.313497756695535
920876.BJ,20260605,22.5,24.35,22.3,23.46,23.04,0.42,1.8229,54735.8,129130.169,23.591537713891093
920879.BJ,20260605,16.37,17.67,16.15,17.09,16.32,0.77,4.7181,26363.98,45383.582,17.214237759245762
920885.BJ,20260605,14.23,16.77,14.23,15.85,14.21,1.64,11.5412,69444.96,108615.429,15.640505660885973
920892.BJ,20260605,12.1,12.86,12.07,12.6,12.1,0.5,4.1322,14950.83,18791.109,12.568605890107774
920895.BJ,20260605,13.29,14.59,13.22,14.32,13.38,0.94,7.0254,9732.95,13681.351,14.0567361385808
920896.BJ,20260605,14.4,15.5,14.39,15.06,14.4,0.66,4.5833,11222.22,16913.587,15.071516152775477
920906.BJ,20260605,20.1,21.89,19.94,21.05,20.11,0.94,4.6743,11613.66,24413.975,21.021775219870392
920914.BJ,20260605,21.07,22.49,20.9,21.89,21.06,0.83,3.9411,22262.03,48668.957,21.861868392055893
920924.BJ,20260605,16.98,18.15,16.8,17.79,16.8,0.99,5.8929,21851.55,38729.809,17.724055730600348
920925.BJ,20260605,12.47,13.0,12.36,12.79,12.47,0.32,2.5662,17083.31,21822.519,12.77417491106817
920926.BJ,20260605,11.6,12.2,11.53,11.99,11.58,0.41,3.5406,8941.2,10695.868,11.96245246723035
920931.BJ,20260605,10.24,10.86,10.14,10.62,10.3,0.32,3.1068,6472.37,6853.562,10.588952732924726
920932.BJ,20260605,17.2,18.45,16.74,17.78,17.26,0.52,3.0127,70213.11,123790.049,17.630617558458813
920942.BJ,20260605,21.26,22.6,21.13,21.96,21.26,0.7,3.2926,14253.78,31241.643,21.918145923397162
920943.BJ,20260605,14.33,15.72,14.33,15.33,14.34,0.99,6.9038,17455.68,26577.631,15.225778084841153
920946.BJ,20260605,9.0,9.43,8.99,9.26,9.01,0.25,2.7747,28766.18,26658.249,9.267219005095567
920950.BJ,20260605,13.47,14.49,13.47,14.25,13.47,0.78,5.7906,6150.68,8734.616,14.201057444054966
920953.BJ,20260605,25.39,27.5,25.37,26.67,25.6,1.07,4.1797,20298.65,54495.684,26.8469499203149
920957.BJ,20260605,9.84,10.47,9.84,10.21,9.84,0.37,3.7602,10839.35,11112.458,10.25195975773455
920961.BJ,20260605,18.57,21.95,18.55,21.95,16.89,5.06,29.9586,105522.87,219630.146,20.813511421742035
920964.BJ,20260605,4.93,5.38,4.93,5.2,4.85,0.35,7.2165,62339.27,32419.591,5.200508603966649
920970.BJ,20260605,6.0,6.34,5.94,6.26,6.03,0.23,3.8143,20491.19,12734.155,6.214453626168125
920971.BJ,20260605,39.65,47.78,38.4,43.19,41.11,2.08,5.0596,138247.58,591729.814,42.80218243241582
920974.BJ,20260605,7.27,7.64,7.17,7.57,7.28,0.29,3.9835,32594.3,24344.776,7.469028633840887
920976.BJ,20260605,21.43,22.66,20.68,21.9,21.15,0.75,3.5461,12890.26,28350.276,21.993564132918966
920978.BJ,20260605,22.18,24.79,22.02,23.92,22.21,1.71,7.6992,49078.91,116387.158,23.71429153581446
920981.BJ,20260605,39.98,43.5,39.35,42.37,41.82,0.55,1.3152,76207.66,319409.29,41.9130163555737
920982.BJ,20260605,153.9,159.83,153.9,155.43,152.95,2.48,1.6214,7494.45,117404.468,156.655215526156
920985.BJ,20260605,5.59,5.86,5.42,5.76,5.6,0.16,2.8571,61032.7,34505.131,5.653548179910114
920992.BJ,20260605,12.67,13.42,12.66,13.32,12.69,0.63,4.9645,13678.97,18062.96,13.204912358167318
